Id;Magasin;Nom affiché;N° bon livraison;Type réception;Fournisseur;Commande fournisseur;Statut commande;Validée;Date réception;Date création;Date validation;Quantité totale;Valorisation HT;Valorisation TTC
004261cf-a3fe-4f04-948c-238d02517af2;100;Réception (B.L. : 1100212220);1100212220;;FOURNISSEUR CENTRALE;;Pas de commande associée;O;16/03/2026 00:00;;16/03/2026 12:14;216.000
004536c3-966b-498d-97a4-ae04ccdfc0b9;100;Réception (B.L. : 1800335958);1800335958;;FOURNISSEUR CENTRALE;;Pas de commande associée;O;02/04/2026 00:00;;02/04/2026 17:23;2.000
00743cf8-07c1-452c-9bb1-bbf1850f01fa;100;Réception (B.L. : 1800330909);1800330909;;FOURNISSEUR CENTRALE;;Pas de commande associée;O;13/03/2026 00:00;;13/03/2026 12:30;24.572
00869cca-8418-45ac-94bc-906d839c5bb4;100;Réception (B.L. : 1100211591);1100211591;;FOURNISSEUR CENTRALE;;Pas de commande associée;O;12/03/2026 00:00;;12/03/2026 12:08;987.000
00b0141f-aa2e-4c4e-9aa0-db0f5b1c45f5;100;Réception (B.L. : 1800331539);1800331539;;FOURNISSEUR CENTRALE;;Pas de commande associée;O;16/03/2026 00:00;;17/03/2026 12:36;111.494
00b1d37a-5570-409f-b0e1-25814defe197;100;Réception (B.L. : 1100213143);1100213143;;FOURNISSEUR CENTRALE;;Pas de commande associée;O;21/03/2026 00:00;;21/03/2026 12:03;48.000
00ed4682-73d4-4dc0-a4ce-ad2b375edd26;100;Réception (B.L. : 1800327908);1800327908;;FOURNISSEUR CENTRALE;;Pas de commande associée;O;02/03/2026 00:00;;03/03/2026 12:37;300.000
019478da-c248-447f-925f-9d211c7c4278;100;Réception (B.L. : 1200105963);1200105963;;FOURNISSEUR CENTRALE;;Pas de commande associée;O;06/03/2026 00:00;;06/03/2026 17:05;30.000
01b44b87-6ed8-429b-8a39-351ecb4e1a14;100;Réception (B.L. : 1700231176);1700231176;;FOURNISSEUR CENTRALE;;Pas de commande associée;O;09/03/2026 00:00;;09/03/2026 12:32;7500.000
0206a58d-86ff-431d-b120-9f0d0da925e4;100;Réception (B.L. : 1100213472);1100213472;;FOURNISSEUR CENTRALE;;Pas de commande associée;O;23/03/2026 00:00;;23/03/2026 17:12;138.000
022004fd-ed4e-4577-b53e-3b45039c9e0b;100;Réception (B.L. : 1700230650);1700230650;;FOURNISSEUR CENTRALE;;Pas de commande associée;O;06/03/2026 00:00;;06/03/2026 12:19;48.000
025ec913-02a5-4fcc-9869-4d142343be7f;100;Réception (B.L. : 1700233469);1700233469;;FOURNISSEUR CENTRALE;;Pas de commande associée;O;19/03/2026 00:00;;19/03/2026 12:42;7.000
02895a0e-037d-477e-94f8-df7ffa074e6f;100;Réception (B.L. : 1200106785);1200106785;;FOURNISSEUR CENTRALE;;Pas de commande associée;O;19/03/2026 00:00;;19/03/2026 12:16;1.000
028ffa15-64f7-415b-81bd-977f7f33360e;100;Réception (B.L. : 1200107638);1200107638;;FOURNISSEUR CENTRALE;;Pas de commande associée;O;31/03/2026 00:00;;31/03/2026 12:11;20.000
029cde79-fb80-46c7-8d7a-86ccbb4afb04;100;Réception (B.L. : 1700234716);1700234716;;FOURNISSEUR CENTRALE;;Pas de commande associée;O;25/03/2026 00:00;;25/03/2026 12:45;1.000
02dbdae4-941d-42c7-b031-73d956ddef9e;100;Réception (B.L. : 1700236216);1700236216;;FOURNISSEUR CENTRALE;;Pas de commande associée;O;02/04/2026 00:00;;02/04/2026 12:35;244.000
02e51959-dcb2-4c72-9953-1cc9a9288cbd;100;Réception (B.L. : 1800327716);1800327716;;FOURNISSEUR CENTRALE;;Pas de commande associée;O;01/03/2026 00:00;;02/03/2026 12:27;154.000
035bff2d-a6f1-49cb-a359-ec0bf9e2df85;100;Réception (B.L. : 1700231783);1700231783;;FOURNISSEUR CENTRALE;;Pas de commande associée;O;11/03/2026 00:00;;11/03/2026 12:17;1040.000
0365327a-d29e-4edf-94a4-10b3e3ce28a3;100;Réception (B.L. : 1100212222);1100212222;;FOURNISSEUR CENTRALE;;Pas de commande associée;O;16/03/2026 00:00;;16/03/2026 12:16;6.000
03a20a81-7aad-43d8-a3a6-f3e73d124ecb;100;Réception (B.L. : 1200106097);1200106097;;FOURNISSEUR CENTRALE;;Pas de commande associée;O;10/03/2026 00:00;;10/03/2026 12:03;36.000
041efb9c-b8dd-4b86-8a21-cdcc9d3fe1a3;100;Réception (B.L. : 1700234335);1700234335;;FOURNISSEUR CENTRALE;;Pas de commande associée;O;24/03/2026 00:00;;24/03/2026 12:38;4308.000
042cf0ea-ebd1-4447-b417-8f8ea2451b1b;100;Réception (B.L. : 1700233763);1700233763;;FOURNISSEUR CENTRALE;;Pas de commande associée;O;20/03/2026 00:00;;20/03/2026 12:13;2936.000
0453aad2-4441-4fae-b52e-85d91258f6eb;100;Réception (B.L. : 1800335255);1800335255;;FOURNISSEUR CENTRALE;;Pas de commande associée;O;31/03/2026 00:00;;31/03/2026 17:19;137.000
045a4649-bb09-40f4-b13c-2ec88053d67a;100;Réception (B.L. : 1700236101);1700236101;;FOURNISSEUR CENTRALE;;Pas de commande associée;O;01/04/2026 00:00;;02/04/2026 12:27;24.000
047fa5b7-1a04-4fca-9202-6d790cfd2b3d;100;Réception (B.L. : 1800336851);1800336851;;FOURNISSEUR CENTRALE;;Pas de commande associée;O;06/04/2026 00:00;;07/04/2026 12:30;12.000
04da11b7-b5c7-40db-92a1-b913da4cca77;100;Réception (B.L. : 1700235040);1700235040;;FOURNISSEUR CENTRALE;;Pas de commande associée;O;27/03/2026 00:00;;27/03/2026 12:26;48.000
04dc9ec7-b91d-4812-b68a-f63d635803b9;100;Réception (B.L. : 1100212322);1100212322;;FOURNISSEUR CENTRALE;;Pas de commande associée;O;17/03/2026 00:00;;17/03/2026 12:11;15.000
0546b5a1-646e-4af9-8434-f9646a3b0da4;100;Réception (B.L. : 1200106563);1200106563;;FOURNISSEUR CENTRALE;;Pas de commande associée;O;17/03/2026 00:00;;17/03/2026 12:03;0.000
05799b48-e888-4256-8d1b-7f6dab5261c5;100;Réception (B.L. : 1200107250);1200107250;;FOURNISSEUR CENTRALE;;Pas de commande associée;O;26/03/2026 00:00;;26/03/2026 17:10;0.000
058a8969-f566-4691-aa43-4dbaa1a007f1;100;Réception (B.L. : 1700236017);1700236017;;FOURNISSEUR CENTRALE;;Pas de commande associée;O;01/04/2026 00:00;;01/04/2026 12:40;462.000
058d2b41-475e-4662-a640-bd6764cac227;100;Réception (B.L. : 1200105933);1200105933;;FOURNISSEUR CENTRALE;;Pas de commande associée;O;06/03/2026 00:00;;06/03/2026 17:02;0.000
05baef83-d32f-4344-ac5c-b5bcaecbfc68;100;Réception (B.L. : 1100213286);1100213286;;FOURNISSEUR CENTRALE;;Pas de commande associée;O;23/03/2026 00:00;;23/03/2026 12:13;3732.000
05c84b10-5e5c-4816-b654-1823ff464852;100;Réception (B.L. : 1200107642);1200107642;;FOURNISSEUR CENTRALE;;Pas de commande associée;O;31/03/2026 00:00;;31/03/2026 12:15;32.000
05f06b3a-3675-48d6-8927-9185d4f38df4;100;Réception (B.L. : 1100213291);1100213291;;FOURNISSEUR CENTRALE;;Pas de commande associée;O;23/03/2026 00:00;;23/03/2026 12:18;6.000
060013f6-cc72-4917-b02b-e71be7b204f6;100;Réception (B.L. : 1100215116);1100215116;;FOURNISSEUR CENTRALE;;Pas de commande associée;O;02/04/2026 00:00;;02/04/2026 12:14;236.000
06043861-339e-43e0-b700-baa8b816f83e;100;Réception (B.L. : 1800335045);1800335045;;FOURNISSEUR CENTRALE;;Pas de commande associée;O;30/03/2026 00:00;;31/03/2026 12:43;6.000
0625ca5c-0120-47f8-8e4e-d993943cfc7e;100;Réception (B.L. : 1800331709);1800331709;;FOURNISSEUR CENTRALE;;Pas de commande associée;O;17/03/2026 00:00;;17/03/2026 17:11;142.000
06279e68-a4e2-4905-9b15-0ae7950c4c89;100;Réception (B.L. : 1700233550);1700233550;;FOURNISSEUR CENTRALE;;Pas de commande associée;O;19/03/2026 00:00;;19/03/2026 23:38;0.000
062f7167-dad5-4fd2-9e98-9c4aa4d171f5;100;Réception (B.L. : 1200105874);1200105874;;FOURNISSEUR CENTRALE;;Pas de commande associée;O;06/03/2026 00:00;;06/03/2026 12:12;50.000
0636cb2c-797c-48ee-84f1-2df5e72e1dd0;100;Réception (B.L. : 1100213082);1100213082;;FOURNISSEUR CENTRALE;;Pas de commande associée;O;20/03/2026 00:00;;20/03/2026 12:06;0.000
064c840a-b457-4532-8b3f-f6926ba74bd4;100;Réception (B.L. : 1700230419);1700230419;;FOURNISSEUR CENTRALE;;Pas de commande associée;O;04/03/2026 00:00;;04/03/2026 23:28;24.000
064d8726-eeca-4b2b-af0e-fc262b342458;100;Réception (B.L. : 1700231890);1700231890;;FOURNISSEUR CENTRALE;;Pas de commande associée;O;11/03/2026 00:00;;11/03/2026 12:27;20.000
064ef7b9-2a89-4cf3-8c9c-743e17142f70;100;Réception (B.L. : 1700235452);1700235452;;FOURNISSEUR CENTRALE;;Pas de commande associée;O;30/03/2026 00:00;;30/03/2026 12:23;570.000
067e5bb1-f8c0-42e0-a13d-59b52770b870;100;Réception (B.L. : 1800329914);1800329914;;FOURNISSEUR CENTRALE;;Pas de commande associée;O;10/03/2026 00:00;;10/03/2026 12:42;16.000
06a900ba-278e-4966-9206-28a04e7339a5;100;Réception (B.L. : 1700236215);1700236215;;FOURNISSEUR CENTRALE;;Pas de commande associée;O;02/04/2026 00:00;;02/04/2026 12:34;542.000
06b99398-e394-496c-98e2-379acde6da4b;100;Réception (B.L. : 1100213161);1100213161;;FOURNISSEUR CENTRALE;;Pas de commande associée;O;21/03/2026 00:00;;21/03/2026 17:01;480.000
06e667c8-b63e-4c29-9def-ea3fcd4096fd;100;Réception (B.L. : 1700234334);1700234334;;FOURNISSEUR CENTRALE;;Pas de commande associée;O;24/03/2026 00:00;;24/03/2026 12:37;1236.000
06e9a742-2064-4dfa-9258-09498c8ecc20;100;Réception (B.L. : 1100215469);1100215469;;FOURNISSEUR CENTRALE;;Pas de commande associée;O;03/04/2026 00:00;;03/04/2026 12:18;132.000
06fe3a19-25b9-450a-a7d1-a495f11a890d;100;Réception (B.L. : 1700234555);1700234555;;FOURNISSEUR CENTRALE;;Pas de commande associée;O;25/03/2026 00:00;;25/03/2026 12:38;104.000
075025d6-1d93-4f42-a18a-087ea7f95b47;100;Réception (B.L. : 1800329398);1800329398;;FOURNISSEUR CENTRALE;;Pas de commande associée;O;09/03/2026 00:00;;09/03/2026 12:46;330.000
07ec0475-a189-4f4a-9ea8-3654f58040ea;100;Réception (B.L. : 1800332413);1800332413;;FOURNISSEUR CENTRALE;;Pas de commande associée;O;19/03/2026 00:00;;19/03/2026 17:27;170.000
0808b2eb-832f-4012-a9fc-4edb020d255a;100;Réception (B.L. : 1700232885);1700232885;;FOURNISSEUR CENTRALE;;Pas de commande associée;O;17/03/2026 00:00;;17/03/2026 12:27;48.000
08656f55-b12c-4d81-abb5-366317c4dd54;100;Réception (B.L. : 1100212662);1100212662;;FOURNISSEUR CENTRALE;;Pas de commande associée;O;19/03/2026 00:00;;19/03/2026 12:18;3596.000
086dbf34-6f1b-4d4f-9212-914bac3c8a70;100;Réception (B.L. : 1100212026);1100212026;;FOURNISSEUR CENTRALE;;Pas de commande associée;O;14/03/2026 00:00;;14/03/2026 12:19;48.000
08ae5138-de8c-4bbe-a33c-b690845738b7;100;Réception (B.L. : 1800331328);1800331328;;FOURNISSEUR CENTRALE;;Pas de commande associée;O;15/03/2026 00:00;;16/03/2026 12:31;32.000
08bd8efd-e2a6-48ff-a9cd-4c28d9608f5a;100;Réception (B.L. : 1700230776);1700230776;;FOURNISSEUR CENTRALE;;Pas de commande associée;O;06/03/2026 00:00;;06/03/2026 12:32;88.000
08c75375-3dac-46e8-9c50-cfbc1dd9ec19;100;Réception (B.L. : 1100211501);1100211501;;FOURNISSEUR CENTRALE;;Pas de commande associée;O;11/03/2026 00:00;;11/03/2026 12:16;14.000
08cb6b91-b676-4ef2-9965-aedc4eee861a;100;Réception (B.L. : 1800335887);1800335887;;FOURNISSEUR CENTRALE;;Pas de commande associée;O;02/04/2026 00:00;;02/04/2026 17:21;4.000
08cc58b2-2793-4172-8ab7-9bafbef42231;100;Réception (B.L. : 1700232764);1700232764;;FOURNISSEUR CENTRALE;;Pas de commande associée;O;16/03/2026 00:00;;16/03/2026 12:27;11.000
0936a2af-a023-436d-9bb9-3679bd724e4c;100;Réception (B.L. : 1800328076);1800328076;;FOURNISSEUR CENTRALE;;Pas de commande associée;O;03/03/2026 00:00;;03/03/2026 17:09;17.000
0937f9e8-06f3-466e-bca0-7c856eddf8f6;100;Réception (B.L. : 1700231163);1700231163;;FOURNISSEUR CENTRALE;;Pas de commande associée;O;09/03/2026 00:00;;09/03/2026 12:19;459.000
0944607a-86a7-4d92-9749-6b31194e22bc;100;Réception (B.L. : 1100212298);1100212298;;FOURNISSEUR CENTRALE;;Pas de commande associée;O;17/03/2026 00:00;;17/03/2026 12:07;18.000
094545ca-818e-4c4d-9194-aad5f1ca4891;100;Réception (B.L. : 1700232881);1700232881;;FOURNISSEUR CENTRALE;;Pas de commande associée;O;17/03/2026 00:00;;17/03/2026 12:23;83.000
09897af3-7932-4ec0-9d45-4688192e7267;100;Réception (B.L. : 1700234560);1700234560;;FOURNISSEUR CENTRALE;;Pas de commande associée;O;25/03/2026 00:00;;25/03/2026 12:43;864.000
09b03e4c-6858-4f54-9919-418b8fce3948;100;Réception (B.L. : 1800336067);1800336067;;FOURNISSEUR CENTRALE;;Pas de commande associée;O;02/04/2026 00:00;;03/04/2026 12:46;1085.974
09d17067-62e1-4442-bdce-4429c9e7d91c;100;Réception (B.L. : 1200107108);1200107108;;FOURNISSEUR CENTRALE;;Pas de commande associée;O;25/03/2026 00:00;;25/03/2026 12:15;7.000
09e46786-0d7a-4407-8441-f2d46c734f01;100;Réception (B.L. : 1200106733);1200106733;;FOURNISSEUR CENTRALE;;Pas de commande associée;O;19/03/2026 00:00;;19/03/2026 12:12;25.000
0a3270db-0c2d-402b-b5a5-46f11eae98f7;100;Réception (B.L. : 1200107224);1200107224;;FOURNISSEUR CENTRALE;;Pas de commande associée;O;26/03/2026 00:00;;26/03/2026 12:15;283.000
0a62e475-37c1-43d0-986f-f7eebdc6ce30;100;Réception (B.L. : 1200108063);1200108063;;FOURNISSEUR CENTRALE;;Pas de commande associée;O;07/04/2026 00:00;;07/04/2026 12:11;146.000
0a7803c2-b2e8-4848-ae1f-42a767530291;100;Réception (B.L. : 1800335795);1800335795;;FOURNISSEUR CENTRALE;;Pas de commande associée;O;02/04/2026 00:00;;02/04/2026 12:56;76.000
0b8fa587-d7e2-4d38-9ce1-fa11b7c3e3a8;100;Réception (B.L. : 1800336483);1800336483;;FOURNISSEUR CENTRALE;;Pas de commande associée;O;04/04/2026 00:00;;04/04/2026 12:18;110.000
0ba02f1c-aa98-464a-bba5-1c28b6bec8a3;100;Réception (B.L. : 1200106981);1200106981;;FOURNISSEUR CENTRALE;;Pas de commande associée;O;24/03/2026 00:00;;24/03/2026 12:11;186.000
0bcdaa93-0e7e-4e7d-99bd-f6468fb649a9;100;Réception (B.L. : 1700236104);1700236104;;FOURNISSEUR CENTRALE;;Pas de commande associée;O;01/04/2026 00:00;;02/04/2026 12:30;120.000
0c17f20e-8515-4110-af8c-6bc9b3b84e66;100;Réception (B.L. : 1800331700);1800331700;;FOURNISSEUR CENTRALE;;Pas de commande associée;O;17/03/2026 00:00;;17/03/2026 17:02;13.000
0c1c95d1-6bd4-4259-a329-a57468b9d90d;100;Réception (B.L. : 1200105797);1200105797;;FOURNISSEUR CENTRALE;;Pas de commande associée;O;05/03/2026 00:00;;05/03/2026 17:10;461.000
0c267a0c-e773-47d6-b22f-36e0fb553936;100;Réception (B.L. : 1800327909);1800327909;;FOURNISSEUR CENTRALE;;Pas de commande associée;O;02/03/2026 00:00;;03/03/2026 12:38;600.000
0c5dadc8-e2af-4308-a423-b7bbe27629a6;100;Réception (B.L. : 1200106308);1200106308;;FOURNISSEUR CENTRALE;;Pas de commande associée;O;12/03/2026 00:00;;12/03/2026 12:06;621.000
0c6f4e97-a26c-4892-830c-015ee7cdea47;100;Réception (B.L. : 1700233548);1700233548;;FOURNISSEUR CENTRALE;;Pas de commande associée;O;19/03/2026 00:00;;19/03/2026 23:36;48.000
0c8243ad-2ff1-44f6-907d-85c53d5079c9;100;Réception (B.L. : 1100214098);1100214098;;FOURNISSEUR CENTRALE;;Pas de commande associée;O;26/03/2026 00:00;;26/03/2026 12:20;42.000
0c8de5ba-6580-469b-82a4-65ca5ed41e24;100;Réception (B.L. : 1100211468);1100211468;;FOURNISSEUR CENTRALE;;Pas de commande associée;O;11/03/2026 00:00;;11/03/2026 12:13;444.000
0c9b60fb-60ab-4884-acfa-a65f74e786aa;100;Réception (B.L. : 1800331540);1800331540;;FOURNISSEUR CENTRALE;;Pas de commande associée;O;16/03/2026 00:00;;17/03/2026 12:37;50.000
0cbe28b3-8aa9-40e3-a675-32bdad6200d5;100;Réception (B.L. : 1700230238);1700230238;;FOURNISSEUR CENTRALE;;Pas de commande associée;O;04/03/2026 00:00;;04/03/2026 12:14;703.000
0cd4f854-558c-4cf7-922f-5501a55b3a0b;100;Réception (B.L. : 1800331218);1800331218;;FOURNISSEUR CENTRALE;;Pas de commande associée;O;14/03/2026 00:00;;14/03/2026 17:08;96.000
0ce49198-3a97-4453-8732-fe550c0cf774;100;Réception (B.L. : 1800329671);1800329671;;FOURNISSEUR CENTRALE;;Pas de commande associée;O;10/03/2026 00:00;;10/03/2026 12:25;915.000
0d4327cd-0c39-4b46-9393-9178f2b51f86;100;Réception (B.L. : 1100211931);1100211931;;FOURNISSEUR CENTRALE;;Pas de commande associée;O;13/03/2026 00:00;;13/03/2026 12:08;15.000
0d4349ca-e6c6-44c3-a6ee-0ca87d61e231;100;Réception (B.L. : 1100212478);1100212478;;FOURNISSEUR CENTRALE;;Pas de commande associée;O;18/03/2026 00:00;;18/03/2026 12:21;12.000
0d52f7c0-70bc-4cad-b335-8dcc6c167f38;100;Réception (B.L. : 1800334200);1800334200;;FOURNISSEUR CENTRALE;;Pas de commande associée;O;26/03/2026 00:00;;26/03/2026 13:01;19.000
0d7cad67-34b8-420e-93ff-c8c10ad5f7b8;100;Réception (B.L. : 1200107548);1200107548;;FOURNISSEUR CENTRALE;;Pas de commande associée;O;30/03/2026 00:00;;30/03/2026 12:12;20.000
0dc72f05-0219-4fc2-8006-3330be4b86df;100;Réception (B.L. : 1800336341);1800336341;;FOURNISSEUR CENTRALE;;Pas de commande associée;O;03/04/2026 00:00;;04/04/2026 00:09;24.868
0dcb6a6d-5522-412b-83b0-8dc1c983dff1;100;Réception (B.L. : 1700232281);1700232281;;FOURNISSEUR CENTRALE;;Pas de commande associée;O;13/03/2026 00:00;;13/03/2026 12:15;72.000
0dee8e3f-62c5-414f-96ef-06f375a1ded6;100;Réception (B.L. : 1800335476);1800335476;;FOURNISSEUR CENTRALE;;Pas de commande associée;O;31/03/2026 00:00;;01/04/2026 12:52;153.500
0e6a8b19-6ec4-4093-9e8f-59a5de4db5aa;100;Réception (B.L. : 1100215939);1100215939;;FOURNISSEUR CENTRALE;;Pas de commande associée;O;06/04/2026 00:00;;06/04/2026 12:21;145.000
0e8ae301-438d-4503-9c63-1c8eb2a7c6a1;100;Réception (B.L. : 1700233960);1700233960;;FOURNISSEUR CENTRALE;;Pas de commande associée;O;23/03/2026 00:00;;23/03/2026 12:33;12.000
0eb561e4-70be-4336-9ff5-7de908c7209c;100;Réception (B.L. : 1700235145);1700235145;;FOURNISSEUR CENTRALE;;Pas de commande associée;O;27/03/2026 00:00;;27/03/2026 12:34;12.000
0ef0d5b9-781a-4443-930e-8f533cebc0fa;100;Réception (B.L. : 1800328165);1800328165;;FOURNISSEUR CENTRALE;;Pas de commande associée;O;03/03/2026 00:00;;03/03/2026 17:16;7.000
0efe2531-1648-41a4-85bd-ef3e9a42b188;100;Réception (B.L. : 1200106499);1200106499;;FOURNISSEUR CENTRALE;;Pas de commande associée;O;14/03/2026 00:00;;14/03/2026 12:15;600.000
0f2e80d8-bf8c-48c5-99d6-baf3f4245c04;100;Réception (B.L. : 1700237025);1700237025;;FOURNISSEUR CENTRALE;;Pas de commande associée;O;07/04/2026 00:00;;07/04/2026 12:24;222.000
0f6eacc9-3f55-4e74-beba-633d25e0ed6f;100;Réception (B.L. : 1100213144);1100213144;;FOURNISSEUR CENTRALE;;Pas de commande associée;O;21/03/2026 00:00;;21/03/2026 12:04;6.000
0f989fae-9b06-4d74-a842-e1d5fd138dab;100;Réception (B.L. : 1700234344);1700234344;;FOURNISSEUR CENTRALE;;Pas de commande associée;O;24/03/2026 00:00;;24/03/2026 12:47;13.000
0fa1d688-c813-4fb2-96d7-9453a1b3db35;100;Réception (B.L. : 1100210398);1100210398;;FOURNISSEUR CENTRALE;;Pas de commande associée;O;04/03/2026 00:00;;04/03/2026 12:06;108.000
0fa9d4e3-1138-4932-8812-288a3879546e;100;Réception (B.L. : 1200105859);1200105859;;FOURNISSEUR CENTRALE;;Pas de commande associée;O;06/03/2026 00:00;;06/03/2026 12:11;1.000
0fc52a95-ae2b-42fa-8222-4c9a505ab62b;100;Réception (B.L. : 1700235251);1700235251;;FOURNISSEUR CENTRALE;;Pas de commande associée;O;27/03/2026 00:00;;27/03/2026 17:15;40.000
100c77cd-af83-4b4d-a1bd-f14cc31b63e1;100;Réception (B.L. : 1200106591);1200106591;;FOURNISSEUR CENTRALE;;Pas de commande associée;O;17/03/2026 00:00;;17/03/2026 17:01;12.000
10190bbd-93bf-458f-9ebd-f7418afb428f;100;Réception (B.L. : 1700236421);1700236421;;FOURNISSEUR CENTRALE;;Pas de commande associée;O;03/04/2026 00:00;;03/04/2026 12:27;48.000
10772814-8af7-4954-a80e-3cae585863d6;100;Réception (B.L. : 1700230768);1700230768;;FOURNISSEUR CENTRALE;;Pas de commande associée;O;06/03/2026 00:00;;06/03/2026 12:24;317.000
108fd5f8-0a39-4903-8c12-c9f92f572e0e;100;Réception (B.L. : 1200107014);1200107014;;FOURNISSEUR CENTRALE;;Pas de commande associée;O;24/03/2026 00:00;;24/03/2026 12:24;24.000
10ad2b35-373d-42ad-a9d8-db6d59603e37;100;Réception (B.L. : 1700232873);1700232873;;FOURNISSEUR CENTRALE;;Pas de commande associée;O;17/03/2026 00:00;;17/03/2026 12:15;1644.000
10dbaf48-3553-45db-afbb-7a4fef89f19b;100;Réception (B.L. : 1800332492);1800332492;;FOURNISSEUR CENTRALE;;Pas de commande associée;O;19/03/2026 00:00;;19/03/2026 17:31;735.250
1107fba9-98c0-4298-8550-8ae91dbbc766;100;Réception (B.L. : 1800333483);1800333483;;FOURNISSEUR CENTRALE;;Pas de commande associée;O;24/03/2026 00:00;;24/03/2026 17:32;19.000
111b09a7-2a66-487d-b55d-0020298def17;100;Réception (B.L. : 1100213145);1100213145;;FOURNISSEUR CENTRALE;;Pas de commande associée;O;21/03/2026 00:00;;21/03/2026 12:05;6.000
1133489c-b2b7-4e62-87ac-22ac793ee0fc;100;Réception (B.L. : 1800327720);1800327720;;FOURNISSEUR CENTRALE;;Pas de commande associée;O;01/03/2026 00:00;;02/03/2026 12:31;168.000
113aa6b4-75be-451a-b0be-f347672808f5;100;Réception (B.L. : 1700235044);1700235044;;FOURNISSEUR CENTRALE;;Pas de commande associée;O;27/03/2026 00:00;;27/03/2026 12:30;706.000
113f878b-d109-4fa9-b319-84cdb3b71d51;100;Réception (B.L. : 1100214786);1100214786;;FOURNISSEUR CENTRALE;;Pas de commande associée;O;31/03/2026 00:00;;31/03/2026 12:19;2759.000
11b2da26-5048-4398-bd0e-b07f047e2bfe;100;Réception (B.L. : 1800332855);1800332855;;FOURNISSEUR CENTRALE;;Pas de commande associée;O;20/03/2026 00:00;;20/03/2026 17:01;132.800
11eb2152-46ef-44cd-aed7-4eafbd1c900b;100;Réception (B.L. : 1100210853);1100210853;;FOURNISSEUR CENTRALE;;Pas de commande associée;O;06/03/2026 00:00;;06/03/2026 12:18;4.000
11ff26f1-b0ab-4733-bd36-63f53421e665;100;Réception (B.L. : 1800334573);1800334573;;FOURNISSEUR CENTRALE;;Pas de commande associée;O;27/03/2026 00:00;;27/03/2026 17:24;197.300
121cff5d-ef1c-4634-9dd7-999e29626689;100;Réception (B.L. : 1800336856);1800336856;;FOURNISSEUR CENTRALE;;Pas de commande associée;O;06/04/2026 00:00;;07/04/2026 12:35;86.000
121ef1e7-08f5-4ed2-baa2-683d9c5d7970;100;Réception (B.L. : 1800334106);1800334106;;FOURNISSEUR CENTRALE;;Pas de commande associée;O;26/03/2026 00:00;;26/03/2026 12:53;134.000
127dfae5-d788-4645-a3c3-afc3beb165ee;100;Réception (B.L. : 1800331217);1800331217;;FOURNISSEUR CENTRALE;;Pas de commande associée;O;14/03/2026 00:00;;14/03/2026 17:07;337.000
12899620-3735-4196-ad32-9cd312a4c589;100;Réception (B.L. : 1700233347);1700233347;;FOURNISSEUR CENTRALE;;Pas de commande associée;O;19/03/2026 00:00;;19/03/2026 12:34;160.000
129832ea-7056-4ee9-9ff9-0d2ff13834dd;100;Réception (B.L. : 1800334570);1800334570;;FOURNISSEUR CENTRALE;;Pas de commande associée;O;27/03/2026 00:00;;27/03/2026 17:21;372.000
12c1949e-e416-4796-ba78-6573d82902a9;100;Réception (B.L. : 1800333731);1800333731;;FOURNISSEUR CENTRALE;;Pas de commande associée;O;24/03/2026 00:00;;25/03/2026 12:55;9.000
12d4d57a-f050-4872-99af-729c937cfabf;100;Réception (B.L. : 1800331701);1800331701;;FOURNISSEUR CENTRALE;;Pas de commande associée;O;17/03/2026 00:00;;17/03/2026 17:03;15.000
12d98a77-7bbf-4a6b-b12a-563c6f7853f5;100;Réception (B.L. : 1800336334);1800336334;;FOURNISSEUR CENTRALE;;Pas de commande associée;O;03/04/2026 00:00;;04/04/2026 00:02;213.386
13002fc3-1295-4d00-a0f3-83f811c15984;100;Réception (B.L. : 1700230021);1700230021;;FOURNISSEUR CENTRALE;;Pas de commande associée;O;03/03/2026 00:00;;03/03/2026 12:18;168.000
1304c156-4bc6-45b4-a8c1-0294dd9dcdf6;100;Réception (B.L. : 1800334578);1800334578;;FOURNISSEUR CENTRALE;;Pas de commande associée;O;27/03/2026 00:00;;27/03/2026 17:29;17.180
130bfaf6-b594-4721-aba7-db0cb0fdebbd;100;Réception (B.L. : 1700231790);1700231790;;FOURNISSEUR CENTRALE;;Pas de commande associée;O;11/03/2026 00:00;;11/03/2026 12:24;12.000
1373528a-48dc-462d-aac4-39334ea85c5e;100;Réception (B.L. : 1800333486);1800333486;;FOURNISSEUR CENTRALE;;Pas de commande associée;O;24/03/2026 00:00;;24/03/2026 17:35;85.240
13bd3b79-0a57-4492-b4d8-bf951768ef3f;100;Réception (B.L. : 1800328673);1800328673;;FOURNISSEUR CENTRALE;;Pas de commande associée;O;05/03/2026 00:00;;05/03/2026 17:25;1.000
14405189-a535-461d-96d6-7901f38f8772;100;Réception (B.L. : 1800328955);1800328955;;FOURNISSEUR CENTRALE;;Pas de commande associée;O;05/03/2026 00:00;;06/03/2026 12:48;15.000
147ea780-67cd-4368-96d1-7aa8b23d439d;100;Réception (B.L. : 1700231175);1700231175;;FOURNISSEUR CENTRALE;;Pas de commande associée;O;09/03/2026 00:00;;09/03/2026 12:31;144.000
1481fdd0-21e4-4394-891e-ef29abad2243;100;Réception (B.L. : 1800335401);1800335401;;FOURNISSEUR CENTRALE;;Pas de commande associée;O;31/03/2026 00:00;;31/03/2026 17:25;374.650
14aa57ef-9919-43a1-883e-1c139282d7a6;100;Réception (B.L. : 1800328072);1800328072;;FOURNISSEUR CENTRALE;;Pas de commande associée;O;03/03/2026 00:00;;03/03/2026 17:05;28.000
14d3790c-e9a3-4711-90d1-91f72fb482ef;100;Réception (B.L. : 1700232879);1700232879;;FOURNISSEUR CENTRALE;;Pas de commande associée;O;17/03/2026 00:00;;17/03/2026 12:21;24.000
14ea7bdf-4fd8-47e2-b58f-88fd2214cd8e;100;Réception (B.L. : 1700230235);1700230235;;FOURNISSEUR CENTRALE;;Pas de commande associée;O;04/03/2026 00:00;;04/03/2026 12:10;948.000
15075f64-a7d5-4bb5-ae67-b10ccf6acbc7;100;Réception (B.L. : 1100213438);1100213438;;FOURNISSEUR CENTRALE;;Pas de commande associée;O;23/03/2026 00:00;;23/03/2026 17:10;264.000
150b89f0-3531-4d72-9aed-9f12614446b6;100;Réception (B.L. : 1700230773);1700230773;;FOURNISSEUR CENTRALE;;Pas de commande associée;O;06/03/2026 00:00;;06/03/2026 12:29;34.000
1571fefc-338a-40ad-862c-dea0710e4ffe;100;Réception (B.L. : 1200107209);1200107209;;FOURNISSEUR CENTRALE;;Pas de commande associée;O;26/03/2026 00:00;;26/03/2026 12:12;10.000
15732e63-eccf-4c6a-bdd5-ef5e8b79bca8;100;Réception (B.L. : 1800329956);1800329956;;FOURNISSEUR CENTRALE;;Pas de commande associée;O;10/03/2026 00:00;;10/03/2026 17:11;6.000
15bc035d-9270-43ae-a4e4-149c78737a39;100;Réception (B.L. : 1200107373);1200107373;;FOURNISSEUR CENTRALE;;Pas de commande associée;O;27/03/2026 00:00;;27/03/2026 17:10;2.000
15e20496-a541-4cf6-8730-c9b5bf90ecea;100;Réception (B.L. : 1200106470);1200106470;;FOURNISSEUR CENTRALE;;Pas de commande associée;O;14/03/2026 00:00;;14/03/2026 12:13;14.000
15eedf25-fbc9-4a23-ac5e-fc9cec8e11d5;100;Réception (B.L. : 1100213288);1100213288;;FOURNISSEUR CENTRALE;;Pas de commande associée;O;23/03/2026 00:00;;23/03/2026 12:15;48.000
160a1b17-ca4f-44cf-bddf-5a27302b94f7;100;Réception (B.L. : 1100211469);1100211469;;FOURNISSEUR CENTRALE;;Pas de commande associée;O;11/03/2026 00:00;;11/03/2026 12:14;36.000
160de7ed-75be-4819-b501-2b018013d7c3;100;Réception (B.L. : 1100212479);1100212479;;FOURNISSEUR CENTRALE;;Pas de commande associée;O;18/03/2026 00:00;;18/03/2026 12:22;1200.000
16266a77-c1c4-492d-a925-7d72703ce8d6;100;Réception (B.L. : 1100212575);1100212575;;FOURNISSEUR CENTRALE;;Pas de commande associée;O;18/03/2026 00:00;;18/03/2026 12:23;10.000
163a2757-d3c2-4d1d-9755-10d8c6e5aba9;100;Réception (B.L. : 1800328841);1800328841;;FOURNISSEUR CENTRALE;;Pas de commande associée;O;05/03/2026 00:00;;06/03/2026 12:39;1812.530
1673d368-69cb-4a5c-bfe8-dc3942f4f4d0;100;Réception (B.L. : 1800336559);1800336559;;FOURNISSEUR CENTRALE;;Pas de commande associée;O;04/04/2026 00:00;;04/04/2026 17:14;338.500
16873783-6e39-46bf-ad2e-3376dcfab8c6;100;Réception (B.L. : 1700232278);1700232278;;FOURNISSEUR CENTRALE;;Pas de commande associée;O;13/03/2026 00:00;;13/03/2026 12:12;1622.000
16a40151-cf9f-434d-b967-9f6172215218;100;Réception (B.L. : 1700232531);1700232531;;FOURNISSEUR CENTRALE;;Pas de commande associée;O;15/03/2026 00:00;;15/03/2026 23:19;24.000
16df7f62-0990-4159-bd90-204112183ce6;100;Réception (B.L. : 1800328227);1800328227;;FOURNISSEUR CENTRALE;;Pas de commande associée;O;03/03/2026 00:00;;03/03/2026 17:18;20.662
16ea9476-0867-4b51-b0d9-1b7d55ff8760;100;Réception (B.L. : 1800331333);1800331333;;FOURNISSEUR CENTRALE;;Pas de commande associée;O;15/03/2026 00:00;;16/03/2026 12:36;786.385
16f17a7a-8884-423e-8d8e-5fecf626db8d;100;Réception (B.L. : 1800334282);1800334282;;FOURNISSEUR CENTRALE;;Pas de commande associée;O;26/03/2026 00:00;;27/03/2026 12:47;795.000
16f73fee-47aa-46c2-8a5a-e54b079b87e2;100;Réception (B.L. : 1200105815);1200105815;;FOURNISSEUR CENTRALE;;Pas de commande associée;O;05/03/2026 00:00;;05/03/2026 17:18;14.000
171aba28-6dee-4226-bdca-587ab06aa213;100;Réception (B.L. : 1800333166);1800333166;;FOURNISSEUR CENTRALE;;Pas de commande associée;O;23/03/2026 00:00;;23/03/2026 12:43;30.000
17ccff64-e56a-49b3-a37f-d9205e1066d7;100;Réception (B.L. : 1100215868);1100215868;;FOURNISSEUR CENTRALE;;Pas de commande associée;O;06/04/2026 00:00;;06/04/2026 12:19;42.000
17ce1625-4afc-4286-ab04-6db31f9e6e21;100;Réception (B.L. : 1800333943);1800333943;;FOURNISSEUR CENTRALE;;Pas de commande associée;O;25/03/2026 00:00;;26/03/2026 12:49;20.700
17fc939d-c8d1-40b6-b795-9c3ce9680abb;100;Réception (B.L. : 1100212772);1100212772;;FOURNISSEUR CENTRALE;;Pas de commande associée;O;19/03/2026 00:00;;19/03/2026 12:24;2.000
17ff025d-a118-4e81-9e99-cff11776fbe2;100;Réception (B.L. : 1800334575);1800334575;;FOURNISSEUR CENTRALE;;Pas de commande associée;O;27/03/2026 00:00;;27/03/2026 17:26;40.000
182e49a6-968b-4fca-841e-d97a665537b3;100;Réception (B.L. : 1100213297);1100213297;;FOURNISSEUR CENTRALE;;Pas de commande associée;O;23/03/2026 00:00;;23/03/2026 12:24;2400.000
1960fa67-de5b-4b38-82dc-5aeec3e6a31d;100;Réception (B.L. : 1800335633);1800335633;;FOURNISSEUR CENTRALE;;Pas de commande associée;O;01/04/2026 00:00;;02/04/2026 12:43;100.000
196a9c35-29ec-4d3e-9ff3-c3dbd4bca2a5;100;Réception (B.L. : 1200106983);1200106983;;FOURNISSEUR CENTRALE;;Pas de commande associée;O;24/03/2026 00:00;;24/03/2026 12:13;64.000
197ca917-0b23-494f-ae9b-98c71675b294;100;Réception (B.L. : 1200106302);1200106302;;FOURNISSEUR CENTRALE;;Pas de commande associée;O;12/03/2026 00:00;;12/03/2026 12:04;72.000
1a38a563-bff1-41eb-b624-33c7ed581275;100;Réception (B.L. : 1700236102);1700236102;;FOURNISSEUR CENTRALE;;Pas de commande associée;O;01/04/2026 00:00;;02/04/2026 12:28;40.000
1a416bed-a01c-4fd2-9fde-2c942c73ef63;100;Réception (B.L. : 1800329393);1800329393;;FOURNISSEUR CENTRALE;;Pas de commande associée;O;09/03/2026 00:00;;09/03/2026 12:41;621.000
1a4afe68-a98e-45d3-a69f-f0a4c889bcc1;100;Réception (B.L. : 1700234330);1700234330;;FOURNISSEUR CENTRALE;;Pas de commande associée;O;24/03/2026 00:00;;24/03/2026 12:33;0.000
1a4ba452-d573-4de7-a9ee-2faea556b567;100;Réception (B.L. : 1800336850);1800336850;;FOURNISSEUR CENTRALE;;Pas de commande associée;O;06/04/2026 00:00;;07/04/2026 12:29;72.000
1a64fb7f-792a-4faf-9576-f91c3df8d84a;100;Réception (B.L. : 1800327722);1800327722;;FOURNISSEUR CENTRALE;;Pas de commande associée;O;01/03/2026 00:00;;02/03/2026 12:33;300.000
1a8371a0-b246-4f60-854a-b63ff001fa51;100;Réception (B.L. : 1700232663);1700232663;;FOURNISSEUR CENTRALE;;Pas de commande associée;O;16/03/2026 00:00;;16/03/2026 12:22;678.000
1aa9a295-87e1-4c4f-a5e6-9d2b13705308;100;Réception (B.L. : 1800333165);1800333165;;FOURNISSEUR CENTRALE;;Pas de commande associée;O;23/03/2026 00:00;;23/03/2026 12:42;698.000
1aad0bf7-3434-43c2-9758-87de9fe61a51;100;Réception (B.L. : 1700230775);1700230775;;FOURNISSEUR CENTRALE;;Pas de commande associée;O;06/03/2026 00:00;;06/03/2026 12:31;48.000
1ace9844-3653-4fae-bd9f-ba0963e55e99;100;Réception (B.L. : 1800331917);1800331917;;FOURNISSEUR CENTRALE;;Pas de commande associée;O;17/03/2026 00:00;;18/03/2026 13:00;605.000
1ae275d6-d4be-4cbb-bd3f-267332d487cd;100;Réception (B.L. : 1700233765);1700233765;;FOURNISSEUR CENTRALE;;Pas de commande associée;O;20/03/2026 00:00;;20/03/2026 12:15;48.000
1aee2d6b-1c40-484b-a7ba-ce32c0103621;100;Réception (B.L. : 1700234795);1700234795;;FOURNISSEUR CENTRALE;;Pas de commande associée;O;26/03/2026 00:00;;26/03/2026 12:31;776.000
1b1ac5e8-683b-413a-9ac4-d0f208c2323e;100;Réception (B.L. : 1700235250);1700235250;;FOURNISSEUR CENTRALE;;Pas de commande associée;O;27/03/2026 00:00;;27/03/2026 17:14;36.000
1b22ec4d-e0a5-4810-887d-2eaf3bcd2567;100;Réception (B.L. : 1700232664);1700232664;;FOURNISSEUR CENTRALE;;Pas de commande associée;O;16/03/2026 00:00;;16/03/2026 12:23;12.000
1b918a73-4685-410d-aa41-c1d2c14528fe;100;Réception (B.L. : 1700236012);1700236012;;FOURNISSEUR CENTRALE;;Pas de commande associée;O;01/04/2026 00:00;;01/04/2026 12:35;120.000
1bafe8cc-1b46-4cf5-bb76-dcf4a326bcae;100;Réception (B.L. : 1800335252);1800335252;;FOURNISSEUR CENTRALE;;Pas de commande associée;O;31/03/2026 00:00;;31/03/2026 17:16;4.000
1be4a6ce-c5c6-43c3-a980-a2846a4c1e5c;100;Réception (B.L. : 1200106987);1200106987;;FOURNISSEUR CENTRALE;;Pas de commande associée;O;24/03/2026 00:00;;24/03/2026 12:17;2.000
1bf18cf2-55c5-474c-a8f6-8acf8ca94f96;100;Réception (B.L. : 1200105663);1200105663;;FOURNISSEUR CENTRALE;;Pas de commande associée;O;03/03/2026 00:00;;03/03/2026 17:01;38.000
1c3403de-2962-4dce-9b2a-e191fcff87cc;100;Réception (B.L. : 1800333174);1800333174;;FOURNISSEUR CENTRALE;;Pas de commande associée;O;23/03/2026 00:00;;23/03/2026 12:51;184.000
1c5aff4a-44a0-49ac-8f3c-99ec18d5c2a7;100;Réception (B.L. : 1700230609);1700230609;;FOURNISSEUR CENTRALE;;Pas de commande associée;O;05/03/2026 00:00;;05/03/2026 12:28;12.000
1c60cf5a-fd89-49b4-bb14-ef73d90d835c;100;Réception (B.L. : 1200105592);1200105592;;FOURNISSEUR CENTRALE;;Pas de commande associée;O;03/03/2026 00:00;;03/03/2026 12:04;0.000
1ca65572-cd1d-4371-9b9f-c093a9ed5bcb;100;Réception (B.L. : 1200106759);1200106759;;FOURNISSEUR CENTRALE;;Pas de commande associée;O;19/03/2026 00:00;;19/03/2026 12:14;50.000
1cf35709-8874-4ca2-8aba-28f9e05e4d84;100;Réception (B.L. : 1700232073);1700232073;;FOURNISSEUR CENTRALE;;Pas de commande associée;O;12/03/2026 00:00;;12/03/2026 12:24;11.000
1d31fc07-7dfa-4d6b-ac01-c00c9ba0a5f2;100;Réception (B.L. : 1800333942);1800333942;;FOURNISSEUR CENTRALE;;Pas de commande associée;O;25/03/2026 00:00;;26/03/2026 12:48;3183.100
1d3ea513-24da-4d04-9a6a-599da5aa97ea;100;Réception (B.L. : 1700234796);1700234796;;FOURNISSEUR CENTRALE;;Pas de commande associée;O;26/03/2026 00:00;;26/03/2026 12:32;1473.000
1d584307-35d2-445b-a08d-4e2b5cfcac3d;100;Réception (B.L. : 1100214617);1100214617;;FOURNISSEUR CENTRALE;;Pas de commande associée;O;30/03/2026 00:00;;30/03/2026 12:16;4945.000
1d5d7f82-5775-4e43-8030-17de68162e74;100;Réception (B.L. : 1800330951);1800330951;;FOURNISSEUR CENTRALE;;Pas de commande associée;O;13/03/2026 00:00;;13/03/2026 17:07;297.200
1d71433b-6161-4a5a-bd8f-743769ebf15f;100;Réception (B.L. : 1700237020);1700237020;;FOURNISSEUR CENTRALE;;Pas de commande associée;O;07/04/2026 00:00;;07/04/2026 12:22;2565.000
1d95800b-2647-41b1-a92c-78834e2e4001;100;Réception (B.L. : 1700235035);1700235035;;FOURNISSEUR CENTRALE;;Pas de commande associée;O;27/03/2026 00:00;;27/03/2026 12:21;2171.000
1da20002-bc8e-4875-b1d8-2f2025ed27dd;100;Réception (B.L. : 1700236713);1700236713;;FOURNISSEUR CENTRALE;;Pas de commande associée;O;04/04/2026 00:00;;04/04/2026 12:13;600.000
1dc94113-dbba-4507-bf8e-8cf7f44cf45b;100;Réception (B.L. : 1200106998);1200106998;;FOURNISSEUR CENTRALE;;Pas de commande associée;O;24/03/2026 00:00;;24/03/2026 12:19;118.000
1e13f6ff-682b-4eda-b5bc-4880bcec131b;100;Réception (B.L. : 1700233955);1700233955;;FOURNISSEUR CENTRALE;;Pas de commande associée;O;23/03/2026 00:00;;23/03/2026 12:28;700.000
1e40cbf4-6d2a-4831-9efa-1b49826c646f;100;Réception (B.L. : 1700236005);1700236005;;FOURNISSEUR CENTRALE;;Pas de commande associée;O;01/04/2026 00:00;;01/04/2026 12:28;2206.000
1e53d2fc-ca49-44d7-8a19-4a5dfadda273;100;Réception (B.L. : 1800331334);1800331334;;FOURNISSEUR CENTRALE;;Pas de commande associée;O;15/03/2026 00:00;;16/03/2026 12:37;34.416
1e75d7a4-f139-48c0-bca6-9dd6ca713196;100;Réception (B.L. : 1800330070);1800330070;;FOURNISSEUR CENTRALE;;Pas de commande associée;O;10/03/2026 00:00;;11/03/2026 12:33;11.482
1eab2390-57e1-4381-b2f2-813e4bc62b59;100;Réception (B.L. : 1800335474);1800335474;;FOURNISSEUR CENTRALE;;Pas de commande associée;O;31/03/2026 00:00;;01/04/2026 12:50;3147.200
1f8ec5d9-887e-4be1-a90b-eabf597b922a;100;Réception (B.L. : 1200106095);1200106095;;FOURNISSEUR CENTRALE;;Pas de commande associée;O;10/03/2026 00:00;;10/03/2026 12:01;250.000
1f90812e-d625-4bd6-baa2-3ca2f95f515d;100;Réception (B.L. : 1700235077);1700235077;;FOURNISSEUR CENTRALE;;Pas de commande associée;O;27/03/2026 00:00;;27/03/2026 12:33;10.000
1f92d7c8-570b-4883-b73f-e2e2fe209dfe;100;Réception (B.L. : 1100210521);1100210521;;FOURNISSEUR CENTRALE;;Pas de commande associée;O;05/03/2026 00:00;;05/03/2026 12:11;2484.000
1fe31490-52b6-4929-8b4f-fc6a4d307367;100;Réception (B.L. : 1100211101);1100211101;;FOURNISSEUR CENTRALE;;Pas de commande associée;O;09/03/2026 00:00;;09/03/2026 12:14;284.000
1fed98d2-f309-4f3b-a8f1-53b0f9c565bb;100;Réception (B.L. : 1100213293);1100213293;;FOURNISSEUR CENTRALE;;Pas de commande associée;O;23/03/2026 00:00;;23/03/2026 12:20;366.000
20b4279f-0de3-4423-950c-60d78cee307c;100;Réception (B.L. : 1700231964);1700231964;;FOURNISSEUR CENTRALE;;Pas de commande associée;O;11/03/2026 00:00;;11/03/2026 17:03;61.000
20d46045-fc6c-485a-96de-2bdeb3fea623;100;Réception (B.L. : 1200107641);1200107641;;FOURNISSEUR CENTRALE;;Pas de commande associée;O;31/03/2026 00:00;;31/03/2026 12:14;20.000
210641d6-f946-47d2-a013-ac431c15eaf9;100;Réception (B.L. : 1700233117);1700233117;;FOURNISSEUR CENTRALE;;Pas de commande associée;O;18/03/2026 00:00;;18/03/2026 12:32;36.000
2133fac8-9c45-4243-b177-15d61a4251e0;100;Réception (B.L. : 1200107073);1200107073;;FOURNISSEUR CENTRALE;;Pas de commande associée;O;25/03/2026 00:00;;25/03/2026 12:11;142.000
2157df72-37a9-4fb0-b6de-15746c8ec3db;100;Réception (B.L. : 1800327723);1800327723;;FOURNISSEUR CENTRALE;;Pas de commande associée;O;01/03/2026 00:00;;02/03/2026 12:34;2404.050
2170d986-de4c-43c6-aeb1-fe2be80d4bce;100;Réception (B.L. : 1700233957);1700233957;;FOURNISSEUR CENTRALE;;Pas de commande associée;O;23/03/2026 00:00;;23/03/2026 12:30;1500.000
21782666-c472-4f4c-80c0-0a0a882c218a;100;Réception (B.L. : 1800328299);1800328299;;FOURNISSEUR CENTRALE;;Pas de commande associée;O;03/03/2026 00:00;;04/03/2026 12:26;457.000
21dc8cc3-cd5e-4de2-9ee2-ecff6592b3a6;100;Réception (B.L. : 1700230561);1700230561;;FOURNISSEUR CENTRALE;;Pas de commande associée;O;05/03/2026 00:00;;05/03/2026 12:25;98.000
21fa5930-3e3e-443a-86b6-349f47e3d5fc;100;Réception (B.L. : 1800336484);1800336484;;FOURNISSEUR CENTRALE;;Pas de commande associée;O;04/04/2026 00:00;;04/04/2026 12:19;107.000
2243a3b1-b0c9-47eb-90ac-e2b36049ab58;100;Réception (B.L. : 1100213670);1100213670;;FOURNISSEUR CENTRALE;;Pas de commande associée;O;24/03/2026 00:00;;24/03/2026 17:12;2.000
224f28cb-dea3-4064-b19e-3180fcf7cade;100;Réception (B.L. : 1800334792);1800334792;;FOURNISSEUR CENTRALE;;Pas de commande associée;O;29/03/2026 00:00;;30/03/2026 12:33;38.000
22844841-6f75-484e-baa8-a04ca4e0da2f;100;Réception (B.L. : 1700232665);1700232665;;FOURNISSEUR CENTRALE;;Pas de commande associée;O;16/03/2026 00:00;;16/03/2026 12:24;0.000
22e61acb-2197-4296-af91-2fef2b7cc983;100;Réception (B.L. : 1200106472);1200106472;;FOURNISSEUR CENTRALE;;Pas de commande associée;O;14/03/2026 00:00;;14/03/2026 12:14;4.000
22f3c715-0635-48ed-8f52-265a0ce0486a;100;Réception (B.L. : 1100210116);1100210116;;FOURNISSEUR CENTRALE;;Pas de commande associée;O;02/03/2026 00:00;;02/03/2026 17:11;6.000
233f3aae-2c99-400b-a59d-15215363731f;100;Réception (B.L. : 1100213294);1100213294;;FOURNISSEUR CENTRALE;;Pas de commande associée;O;23/03/2026 00:00;;23/03/2026 12:21;0.000
234f51a1-f331-410b-82ff-bcba22456c9b;100;Réception (B.L. : 1700233762);1700233762;;FOURNISSEUR CENTRALE;;Pas de commande associée;O;20/03/2026 00:00;;20/03/2026 12:12;162.000
2354b78a-9836-4f18-a78a-c44b721eae64;100;Réception (B.L. : 1200106571);1200106571;;FOURNISSEUR CENTRALE;;Pas de commande associée;O;17/03/2026 00:00;;17/03/2026 12:04;2.000
237a8d15-98de-402b-9313-f48ad76639d6;100;Réception (B.L. : 1100215120);1100215120;;FOURNISSEUR CENTRALE;;Pas de commande associée;O;02/04/2026 00:00;;02/04/2026 12:18;6.000
239e061c-6bfe-4ee1-a30b-46b67cbb2d20;100;Réception (B.L. : 1200108097);1200108097;;FOURNISSEUR CENTRALE;;Pas de commande associée;O;07/04/2026 00:00;;07/04/2026 12:15;2.000
23ca30ac-4360-45dc-bb72-36f84acb17fa;100;Réception (B.L. : 1800331184);1800331184;;FOURNISSEUR CENTRALE;;Pas de commande associée;O;14/03/2026 00:00;;14/03/2026 12:23;775.500
23dbc18d-1468-4e42-b8af-a33712ba3240;100;Réception (B.L. : 1800334574);1800334574;;FOURNISSEUR CENTRALE;;Pas de commande associée;O;27/03/2026 00:00;;27/03/2026 17:25;36.500
2409a676-6ea7-43c3-9ae1-1f2386496d4b;100;Réception (B.L. : 1100210218);1100210218;;FOURNISSEUR CENTRALE;;Pas de commande associée;O;03/03/2026 00:00;;03/03/2026 12:10;7.000
24230dca-6432-434e-8eca-009ba1244129;100;Réception (B.L. : 1700236418);1700236418;;FOURNISSEUR CENTRALE;;Pas de commande associée;O;03/04/2026 00:00;;03/04/2026 12:24;132.000
2472ffa4-6e0c-46dc-9194-7a2b080dbf45;100;Réception (B.L. : 1100210476);1100210476;;FOURNISSEUR CENTRALE;;Pas de commande associée;O;04/03/2026 00:00;;04/03/2026 12:07;5.000
24a22af8-116f-464e-8b1f-f024115b9535;100;Réception (B.L. : 1800334795);1800334795;;FOURNISSEUR CENTRALE;;Pas de commande associée;O;29/03/2026 00:00;;30/03/2026 12:36;121.310
24de4c1e-0208-42af-9143-45b6f52347b1;100;Réception (B.L. : 1700233287);1700233287;;FOURNISSEUR CENTRALE;;Pas de commande associée;O;18/03/2026 00:00;;18/03/2026 17:03;24.000
24e59b9c-44fa-4063-b00a-a01a9791412c;100;Réception (B.L. : 1800331535);1800331535;;FOURNISSEUR CENTRALE;;Pas de commande associée;O;16/03/2026 00:00;;17/03/2026 12:32;24.000
25443a66-d42d-4e4d-8a8c-186ecd9eab17;100;Réception (B.L. : 1200106884);1200106884;;FOURNISSEUR CENTRALE;;Pas de commande associée;O;21/03/2026 00:00;;21/03/2026 12:01;605.000
258f92ba-150c-4b14-b6b0-a9251cf4c77f;100;Réception (B.L. : 1800332536);1800332536;;FOURNISSEUR CENTRALE;;Pas de commande associée;O;19/03/2026 00:00;;20/03/2026 12:27;6.000
25d1b542-19a4-41d7-81c5-6017e9772779;100;Réception (B.L. : 1100213679);1100213679;;FOURNISSEUR CENTRALE;;Pas de commande associée;O;24/03/2026 00:00;;24/03/2026 17:15;78.000
25dbd0aa-d361-415a-b713-5d35f9797816;100;Réception (B.L. : 1100213576);1100213576;;FOURNISSEUR CENTRALE;;Pas de commande associée;O;24/03/2026 00:00;;24/03/2026 12:27;50.000
26927073-c546-4297-81b0-77f6c243b212;100;Réception (B.L. : 1200107803);1200107803;;FOURNISSEUR CENTRALE;;Pas de commande associée;O;02/04/2026 00:00;;02/04/2026 12:11;20.000
26eebe29-c045-4933-b59e-a5179382d959;100;Réception (B.L. : 1700233963);1700233963;;FOURNISSEUR CENTRALE;;Pas de commande associée;O;23/03/2026 00:00;;23/03/2026 12:36;18.000
27541501-3c36-4850-b79f-49a76caacafe;100;Réception (B.L. : 1200105575);1200105575;;FOURNISSEUR CENTRALE;;Pas de commande associée;O;03/03/2026 00:00;;03/03/2026 12:01;10.000
276a68a6-8082-4091-80ba-fc0dfdfc9c08;100;Réception (B.L. : 1800330311);1800330311;;FOURNISSEUR CENTRALE;;Pas de commande associée;O;11/03/2026 00:00;;12/03/2026 12:40;19.000
276be1bf-b2bd-463e-9d0d-4dbb829eceba;100;Réception (B.L. : 1100213626);1100213626;;FOURNISSEUR CENTRALE;;Pas de commande associée;O;24/03/2026 00:00;;24/03/2026 12:31;78.000
27dc2bb4-cfc6-4174-b866-6c871590f40c;100;Réception (B.L. : 1100214791);1100214791;;FOURNISSEUR CENTRALE;;Pas de commande associée;O;31/03/2026 00:00;;31/03/2026 12:24;90.000
27f44851-cd6f-4fe4-93e9-14bd35af59e4;100;Réception (B.L. : 1100215867);1100215867;;FOURNISSEUR CENTRALE;;Pas de commande associée;O;06/04/2026 00:00;;06/04/2026 12:18;12.000
28a72036-5565-4b37-b298-c32856ed0326;100;Réception (B.L. : 1800334207);1800334207;;FOURNISSEUR CENTRALE;;Pas de commande associée;O;26/03/2026 00:00;;26/03/2026 17:17;29.000
29d9655a-716e-489e-a81a-dfb2c86cf9af;100;Réception (B.L. : 1800335040);1800335040;;FOURNISSEUR CENTRALE;;Pas de commande associée;O;30/03/2026 00:00;;31/03/2026 12:38;12.000
2a84e9a8-b293-40c9-a809-4cb5bfbe2acf;100;Réception (B.L. : 1800327852);1800327852;;FOURNISSEUR CENTRALE;;Pas de commande associée;O;02/03/2026 00:00;;02/03/2026 12:36;15.000
2a9703f8-097d-48ff-bd95-4a738b093435;100;Réception (B.L. : 1800328489);1800328489;;FOURNISSEUR CENTRALE;;Pas de commande associée;O;04/03/2026 00:00;;05/03/2026 12:37;3303.820
2a9f257c-06b9-4e8f-a9a9-f7e8fb68a200;100;Réception (B.L. : 1100213292);1100213292;;FOURNISSEUR CENTRALE;;Pas de commande associée;O;23/03/2026 00:00;;23/03/2026 12:19;24.000
2aaec510-0459-492c-b113-b89e38ba2ea4;100;Réception (B.L. : 1200108081);1200108081;;FOURNISSEUR CENTRALE;;Pas de commande associée;O;07/04/2026 00:00;;07/04/2026 12:12;180.000
2adcb081-6b77-479c-a6c5-039f49c1ee34;100;Réception (B.L. : 1700233954);1700233954;;FOURNISSEUR CENTRALE;;Pas de commande associée;O;23/03/2026 00:00;;23/03/2026 12:27;142.000
2b1d9696-a387-43f7-b53e-4d69318b615d;100;Réception (B.L. : 1700230018);1700230018;;FOURNISSEUR CENTRALE;;Pas de commande associée;O;03/03/2026 00:00;;03/03/2026 12:15;180.000
2b3c9666-a061-4569-b8fd-d2bc5a626052;100;Réception (B.L. : 1800333829);1800333829;;FOURNISSEUR CENTRALE;;Pas de commande associée;O;25/03/2026 00:00;;25/03/2026 12:56;9.000
2b490169-f767-4a95-8c39-ca45daf4c681;100;Réception (B.L. : 1800334794);1800334794;;FOURNISSEUR CENTRALE;;Pas de commande associée;O;29/03/2026 00:00;;30/03/2026 12:35;955.000
2be35a9f-142d-4378-aabc-7339148dd5ca;100;Réception (B.L. : 1100211175);1100211175;;FOURNISSEUR CENTRALE;;Pas de commande associée;O;09/03/2026 00:00;;09/03/2026 17:10;0.000
2be49f5e-b60b-41b9-8ed0-4828dcc20348;100;Réception (B.L. : 1800327905);1800327905;;FOURNISSEUR CENTRALE;;Pas de commande associée;O;02/03/2026 00:00;;03/03/2026 12:34;7.000
2c107d8d-4ad4-4f44-a9fd-f3d1118251d1;100;Réception (B.L. : 1800335639);1800335639;;FOURNISSEUR CENTRALE;;Pas de commande associée;O;01/04/2026 00:00;;02/04/2026 12:49;1920.400
2c3a0cc8-d875-4baa-a632-2a0a70c15993;100;Réception (B.L. : 1800328073);1800328073;;FOURNISSEUR CENTRALE;;Pas de commande associée;O;03/03/2026 00:00;;03/03/2026 17:06;6.000
2c49c0c5-52fa-4788-97ea-9a5deb1fbad0;100;Réception (B.L. : 1200106303);1200106303;;FOURNISSEUR CENTRALE;;Pas de commande associée;O;12/03/2026 00:00;;12/03/2026 12:05;30.000
2c657d5f-c9be-4502-8950-fc0b63d7b5bb;100;Réception (B.L. : 1200107089);1200107089;;FOURNISSEUR CENTRALE;;Pas de commande associée;O;25/03/2026 00:00;;25/03/2026 12:13;0.000
2c65fdcd-eeb4-4064-a096-600cecd6346a;100;Réception (B.L. : 1700236758);1700236758;;FOURNISSEUR CENTRALE;;Pas de commande associée;O;04/04/2026 00:00;;04/04/2026 12:14;1.000
2c74858d-14f6-4dcb-a200-2f05d2230fa0;100;Réception (B.L. : 1700235768);1700235768;;FOURNISSEUR CENTRALE;;Pas de commande associée;O;31/03/2026 00:00;;31/03/2026 12:34;6000.000
2c9486e2-ee40-4dee-94ad-997f2b8a1770;100;Réception (B.L. : 1800334280);1800334280;;FOURNISSEUR CENTRALE;;Pas de commande associée;O;26/03/2026 00:00;;27/03/2026 12:45;127.294
2ca09d7f-70b8-4355-bbf2-ceba930ca3e3;100;Réception (B.L. : 1800329386);1800329386;;FOURNISSEUR CENTRALE;;Pas de commande associée;O;09/03/2026 00:00;;09/03/2026 12:34;440.000
2ce43f27-f85d-44d2-80a6-cd76891a5644;100;Réception (B.L. : 1200106026);1200106026;;FOURNISSEUR CENTRALE;;Pas de commande associée;O;09/03/2026 00:00;;09/03/2026 12:11;0.000
2cecc1b3-6e70-4bc4-a98e-c24708ffeff5;100;Réception (B.L. : 1800330582);1800330582;;FOURNISSEUR CENTRALE;;Pas de commande associée;O;12/03/2026 00:00;;12/03/2026 17:15;515.250
2d113254-c7bf-42e0-9e69-6509ea50b344;100;Réception (B.L. : 1800332411);1800332411;;FOURNISSEUR CENTRALE;;Pas de commande associée;O;19/03/2026 00:00;;19/03/2026 17:25;426.000
2d25fe1b-5f1f-4ef0-9c2a-c56244f7d6d6;100;Réception (B.L. : 1100215242);1100215242;;FOURNISSEUR CENTRALE;;Pas de commande associée;O;02/04/2026 00:00;;02/04/2026 12:20;20.000
2d33110a-3dd1-4c94-8ff8-26d445dec793;100;Réception (B.L. : 1100214209);1100214209;;FOURNISSEUR CENTRALE;;Pas de commande associée;O;26/03/2026 00:00;;26/03/2026 17:15;18.000
2d732e32-164a-4d5b-ad9f-7a40f86d1557;100;Réception (B.L. : 1700234559);1700234559;;FOURNISSEUR CENTRALE;;Pas de commande associée;O;25/03/2026 00:00;;25/03/2026 12:42;36.000
2da97546-c19f-46f3-936e-382b2f459182;100;Réception (B.L. : 1800335256);1800335256;;FOURNISSEUR CENTRALE;;Pas de commande associée;O;31/03/2026 00:00;;31/03/2026 17:20;5.000
2df08a4c-e610-45bd-849a-78593677f50b;100;Réception (B.L. : 1800330956);1800330956;;FOURNISSEUR CENTRALE;;Pas de commande associée;O;13/03/2026 00:00;;13/03/2026 17:12;150.000
2df2a914-145f-4488-be90-7e939c19218b;100;Réception (B.L. : 1800329089);1800329089;;FOURNISSEUR CENTRALE;;Pas de commande associée;O;06/03/2026 00:00;;06/03/2026 12:49;390.300
2e03d218-8186-4b2c-91e2-64374176c223;100;Réception (B.L. : 1800332118);1800332118;;FOURNISSEUR CENTRALE;;Pas de commande associée;O;18/03/2026 00:00;;18/03/2026 13:03;0.800
2e4b7939-81fa-42b0-a7cd-84c798cf271f;100;Réception (B.L. : 1700231165);1700231165;;FOURNISSEUR CENTRALE;;Pas de commande associée;O;09/03/2026 00:00;;09/03/2026 12:21;1063.000
2e843ab3-9b54-4360-bb9f-770fa0f616e2;100;Réception (B.L. : 1100214935);1100214935;;FOURNISSEUR CENTRALE;;Pas de commande associée;O;01/04/2026 00:00;;01/04/2026 12:13;15.000
2ed29bd9-4394-4708-ab75-1d2c89116c74;100;Réception (B.L. : 1800331213);1800331213;;FOURNISSEUR CENTRALE;;Pas de commande associée;O;14/03/2026 00:00;;14/03/2026 17:03;12.000
2ed6cd93-ad89-4358-9ccd-4a5973ee0f83;100;Réception (B.L. : 1800334909);1800334909;;FOURNISSEUR CENTRALE;;Pas de commande associée;O;30/03/2026 00:00;;30/03/2026 12:40;3.000
2eff12ab-e856-4320-b14e-3a841bdd997f;100;Réception (B.L. : 1200105807);1200105807;;FOURNISSEUR CENTRALE;;Pas de commande associée;O;05/03/2026 00:00;;05/03/2026 17:12;48.000
2f394f32-a144-4f7a-b35e-072642c6b9f6;100;Réception (B.L. : 1800336023);1800336023;;FOURNISSEUR CENTRALE;;Pas de commande associée;O;02/04/2026 00:00;;02/04/2026 17:26;5.000
2f61dd5d-5f42-4799-b96e-2ec9d2ea9181;100;Réception (B.L. : 1800329100);1800329100;;FOURNISSEUR CENTRALE;;Pas de commande associée;O;06/03/2026 00:00;;06/03/2026 17:07;280.000
2fa58ada-e826-48c8-bfbd-33284a68bef7;100;Réception (B.L. : 1100215691);1100215691;;FOURNISSEUR CENTRALE;;Pas de commande associée;O;04/04/2026 00:00;;04/04/2026 17:11;36.000
2fb4c291-8d3d-4895-beff-11ded1d93fde;100;Réception (B.L. : 1200107549);1200107549;;FOURNISSEUR CENTRALE;;Pas de commande associée;O;30/03/2026 00:00;;30/03/2026 12:13;1.000
2fd0126e-24e6-4957-b56e-6ab3fc95c06b;100;Réception (B.L. : 1700236974);1700236974;;FOURNISSEUR CENTRALE;;Pas de commande associée;O;06/04/2026 00:00;;06/04/2026 12:33;4.000
30179bff-1272-471a-bc0e-be48cd2c07ea;100;Réception (B.L. : 1200105668);1200105668;;FOURNISSEUR CENTRALE;;Pas de commande associée;O;03/03/2026 00:00;;03/03/2026 17:02;0.000
30db2230-2ecf-4b34-9883-e0b928451ed7;100;Réception (B.L. : 1800333476);1800333476;;FOURNISSEUR CENTRALE;;Pas de commande associée;O;24/03/2026 00:00;;24/03/2026 17:25;1.000
30ddfcc9-cfbb-4163-b49c-c0a516dca9a8;100;Réception (B.L. : 1700235146);1700235146;;FOURNISSEUR CENTRALE;;Pas de commande associée;O;27/03/2026 00:00;;27/03/2026 12:35;0.000
30df3366-c292-4d6f-8c02-0bfd5ce65d20;100;Réception (B.L. : 1800332207);1800332207;;FOURNISSEUR CENTRALE;;Pas de commande associée;O;18/03/2026 00:00;;19/03/2026 12:45;197.496
30f32f6c-0f21-4167-8a98-c507b89b4aba;100;Réception (B.L. : 1800334278);1800334278;;FOURNISSEUR CENTRALE;;Pas de commande associée;O;26/03/2026 00:00;;27/03/2026 12:43;181.000
30f37a2e-4c92-40f5-95a0-f15ab3950034;100;Réception (B.L. : 1100213825);1100213825;;FOURNISSEUR CENTRALE;;Pas de commande associée;O;25/03/2026 00:00;;25/03/2026 12:24;180.000
311ca357-4874-492d-a25e-5ea9f052e126;100;Réception (B.L. : 1800336481);1800336481;;FOURNISSEUR CENTRALE;;Pas de commande associée;O;04/04/2026 00:00;;04/04/2026 12:16;72.000
3126a86b-67ad-4de6-b093-6237cb05a897;100;Réception (B.L. : 1100213295);1100213295;;FOURNISSEUR CENTRALE;;Pas de commande associée;O;23/03/2026 00:00;;23/03/2026 12:22;12.000
3142c50e-d2ca-4017-b4dc-3e942dd479f0;100;Réception (B.L. : 1200107616);1200107616;;FOURNISSEUR CENTRALE;;Pas de commande associée;O;30/03/2026 00:00;;30/03/2026 17:11;1.000
317190e5-78c7-47f6-bb13-f82ff41f9828;100;Réception (B.L. : 1100211263);1100211263;;FOURNISSEUR CENTRALE;;Pas de commande associée;O;10/03/2026 00:00;;10/03/2026 12:07;96.000
31811dc6-f237-496d-a86c-cd848e75e450;100;Réception (B.L. : 1100214376);1100214376;;FOURNISSEUR CENTRALE;;Pas de commande associée;O;27/03/2026 00:00;;27/03/2026 12:19;15.000
319f859f-0f98-4ea7-a6d9-3a566a76473e;100;Réception (B.L. : 1100212472);1100212472;;FOURNISSEUR CENTRALE;;Pas de commande associée;O;18/03/2026 00:00;;18/03/2026 12:15;14.000
31d39073-6737-4bc0-a2f2-d9621517c8bd;100;Réception (B.L. : 1700237018);1700237018;;FOURNISSEUR CENTRALE;;Pas de commande associée;O;07/04/2026 00:00;;07/04/2026 12:20;1864.000
31decefa-2d46-4aaa-ab62-2a11b7061bff;100;Réception (B.L. : 1700230029);1700230029;;FOURNISSEUR CENTRALE;;Pas de commande associée;O;03/03/2026 00:00;;03/03/2026 12:26;0.000
3228af77-4a89-4ed1-ba18-630b2cd4f5f0;100;Réception (B.L. : 1100211562);1100211562;;FOURNISSEUR CENTRALE;;Pas de commande associée;O;11/03/2026 00:00;;11/03/2026 17:01;6.000
323f5dac-7172-4cd6-89f6-0b71884dbe4e;100;Réception (B.L. : 1700230234);1700230234;;FOURNISSEUR CENTRALE;;Pas de commande associée;O;04/03/2026 00:00;;04/03/2026 12:09;180.000
32df5a53-740d-4397-9a51-cc201fb180ba;100;Réception (B.L. : 1700234342);1700234342;;FOURNISSEUR CENTRALE;;Pas de commande associée;O;24/03/2026 00:00;;24/03/2026 12:45;108.000
32fa4c07-05d0-4c93-a5a8-4f0c185aaaaf;100;Réception (B.L. : 1100214153);1100214153;;FOURNISSEUR CENTRALE;;Pas de commande associée;O;26/03/2026 00:00;;26/03/2026 12:24;0.000
342e6e46-2630-4060-8164-b262f82db134;100;Réception (B.L. : 1800335778);1800335778;;FOURNISSEUR CENTRALE;;Pas de commande associée;O;02/04/2026 00:00;;02/04/2026 12:53;300.000
34413900-5ead-4afa-a5f0-3db3a6a3a819;100;Réception (B.L. : 1100215248);1100215248;;FOURNISSEUR CENTRALE;;Pas de commande associée;O;02/04/2026 00:00;;02/04/2026 12:26;2.000
348652ad-b780-4e89-b6e0-6b65c5cf9525;100;Réception (B.L. : 1800333477);1800333477;;FOURNISSEUR CENTRALE;;Pas de commande associée;O;24/03/2026 00:00;;24/03/2026 17:26;23.000
34b20304-f76b-4f4b-b254-7c1ba0f43b43;100;Réception (B.L. : 1800329395);1800329395;;FOURNISSEUR CENTRALE;;Pas de commande associée;O;09/03/2026 00:00;;09/03/2026 12:43;145.300
34bcd2a9-dbad-48d5-b831-f99b9eef1cf8;100;Réception (B.L. : 1700231970);1700231970;;FOURNISSEUR CENTRALE;;Pas de commande associée;O;11/03/2026 00:00;;11/03/2026 17:04;24.000
355a9df7-c8be-4be3-a504-470924f7761a;100;Réception (B.L. : 1100215471);1100215471;;FOURNISSEUR CENTRALE;;Pas de commande associée;O;03/04/2026 00:00;;03/04/2026 12:20;1743.000
3599ed02-4e64-43b7-8aaf-dda6fca75654;100;Réception (B.L. : 1800329942);1800329942;;FOURNISSEUR CENTRALE;;Pas de commande associée;O;10/03/2026 00:00;;10/03/2026 17:10;1.000
35a22462-ce96-44cd-abae-6888347db123;100;Réception (B.L. : 1800331110);1800331110;;FOURNISSEUR CENTRALE;;Pas de commande associée;O;13/03/2026 00:00;;13/03/2026 23:26;3.000
35ab1584-e21f-46c5-832c-0ac671673811;100;Réception (B.L. : 1800334387);1800334387;;FOURNISSEUR CENTRALE;;Pas de commande associée;O;26/03/2026 00:00;;27/03/2026 12:48;12.000
35bd69fe-3ae7-4d04-add8-214e88e18ccd;100;Réception (B.L. : 1800333172);1800333172;;FOURNISSEUR CENTRALE;;Pas de commande associée;O;23/03/2026 00:00;;23/03/2026 12:49;145.000
35c1685d-a090-44b2-823d-4de001cc020a;100;Réception (B.L. : 1800333944);1800333944;;FOURNISSEUR CENTRALE;;Pas de commande associée;O;25/03/2026 00:00;;26/03/2026 12:50;12.000
35cce3bc-b3cd-45ac-8544-86300a295fa8;100;Réception (B.L. : 1800331325);1800331325;;FOURNISSEUR CENTRALE;;Pas de commande associée;O;15/03/2026 00:00;;16/03/2026 12:28;214.000
35d8efb5-3cd9-4109-8def-6c3af470d663;100;Réception (B.L. : 1700235455);1700235455;;FOURNISSEUR CENTRALE;;Pas de commande associée;O;30/03/2026 00:00;;30/03/2026 12:26;12.000
36db1995-c59a-4ee8-979a-cd0824903f59;100;Réception (B.L. : 1100215119);1100215119;;FOURNISSEUR CENTRALE;;Pas de commande associée;O;02/04/2026 00:00;;02/04/2026 12:17;6.000
37087381-2e81-4265-a631-ef9ec8c4a2a5;100;Réception (B.L. : 1100212776);1100212776;;FOURNISSEUR CENTRALE;;Pas de commande associée;O;19/03/2026 00:00;;19/03/2026 12:28;20.000
371cf990-05d5-4b00-a07f-09835bf8eead;100;Réception (B.L. : 1800334566);1800334566;;FOURNISSEUR CENTRALE;;Pas de commande associée;O;27/03/2026 00:00;;27/03/2026 17:17;10.000
37612003-660f-431e-abf8-60c8d4420e9e;100;Réception (B.L. : 1100211470);1100211470;;FOURNISSEUR CENTRALE;;Pas de commande associée;O;11/03/2026 00:00;;11/03/2026 12:15;48.000
386094a1-cf05-445f-af89-eee1dfda7b20;100;Réception (B.L. : 1800335209);1800335209;;FOURNISSEUR CENTRALE;;Pas de commande associée;O;31/03/2026 00:00;;31/03/2026 17:11;12.000
3871cc65-8a8c-459f-8ea3-21e23fb30375;100;Réception (B.L. : 1800328581);1800328581;;FOURNISSEUR CENTRALE;;Pas de commande associée;O;05/03/2026 00:00;;05/03/2026 12:40;14.000
38a5b92c-4f59-4ca5-ae8b-82db0a9ac40a;100;Réception (B.L. : 1700233761);1700233761;;FOURNISSEUR CENTRALE;;Pas de commande associée;O;20/03/2026 00:00;;20/03/2026 12:11;357.000
38b93013-8234-4c58-acc8-1b2df8c914d2;100;Réception (B.L. : 1800331704);1800331704;;FOURNISSEUR CENTRALE;;Pas de commande associée;O;17/03/2026 00:00;;17/03/2026 17:06;41.000
38d76541-d21a-469c-8d78-dc5e53f80ab7;100;Réception (B.L. : 1100211314);1100211314;;FOURNISSEUR CENTRALE;;Pas de commande associée;O;10/03/2026 00:00;;10/03/2026 12:08;11.000
392ab6a9-30ed-4494-ac60-8d5be65c91a6;100;Réception (B.L. : 1100214337);1100214337;;FOURNISSEUR CENTRALE;;Pas de commande associée;O;27/03/2026 00:00;;27/03/2026 12:13;5381.000
393ebfa5-b3c1-4a76-9460-b4c75bb64e4c;100;Réception (B.L. : 1100215464);1100215464;;FOURNISSEUR CENTRALE;;Pas de commande associée;O;03/04/2026 00:00;;03/04/2026 12:13;2613.000
396dd5ca-65bb-4e9c-aa89-ab22f26eb805;100;Réception (B.L. : 1200107246);1200107246;;FOURNISSEUR CENTRALE;;Pas de commande associée;O;26/03/2026 00:00;;26/03/2026 12:17;10.000
3970fea9-2f34-49ff-941d-df6296719714;100;Réception (B.L. : 1700229741);1700229741;;FOURNISSEUR CENTRALE;;Pas de commande associée;O;02/03/2026 00:00;;02/03/2026 12:21;60.000
399e786b-1348-4e32-a510-65fc2e4c055d;100;Réception (B.L. : 1700235045);1700235045;;FOURNISSEUR CENTRALE;;Pas de commande associée;O;27/03/2026 00:00;;27/03/2026 12:31;436.000
39af9166-c8e7-4691-945b-6ce238c50f27;100;Réception (B.L. : 1700231555);1700231555;;FOURNISSEUR CENTRALE;;Pas de commande associée;O;10/03/2026 00:00;;10/03/2026 12:16;24.000
39b58209-9c93-4f3e-8599-27d92fabb144;100;Réception (B.L. : 1100211592);1100211592;;FOURNISSEUR CENTRALE;;Pas de commande associée;O;12/03/2026 00:00;;12/03/2026 12:09;66.000
39d7e54d-c45f-4f52-af73-f23af708bafe;100;Réception (B.L. : 1100212296);1100212296;;FOURNISSEUR CENTRALE;;Pas de commande associée;O;17/03/2026 00:00;;17/03/2026 12:05;12.000
39df9b24-52d7-4cd4-b475-2349aadba216;100;Réception (B.L. : 1100215465);1100215465;;FOURNISSEUR CENTRALE;;Pas de commande associée;O;03/04/2026 00:00;;03/04/2026 12:14;66.000
3a0bcb3d-0656-473c-817b-69d7e6294dde;100;Réception (B.L. : 1800336062);1800336062;;FOURNISSEUR CENTRALE;;Pas de commande associée;O;02/04/2026 00:00;;03/04/2026 12:41;164.000
3a5fbebb-2b50-4fd9-a222-5042038e0f6f;100;Réception (B.L. : 1700230420);1700230420;;FOURNISSEUR CENTRALE;;Pas de commande associée;O;04/03/2026 00:00;;04/03/2026 23:29;0.000
3a7f389a-b5c8-4283-a791-37780817aa2b;100;Réception (B.L. : 1700232876);1700232876;;FOURNISSEUR CENTRALE;;Pas de commande associée;O;17/03/2026 00:00;;17/03/2026 12:18;64.000
3a8a28bb-de7e-4adb-9fec-3503e4f05f9f;100;Réception (B.L. : 1100214476);1100214476;;FOURNISSEUR CENTRALE;;Pas de commande associée;O;28/03/2026 00:00;;28/03/2026 12:13;12.000
3a8e12bc-11b4-476b-a9ef-89fa63dd49f8;100;Réception (B.L. : 1200106121);1200106121;;FOURNISSEUR CENTRALE;;Pas de commande associée;O;10/03/2026 00:00;;10/03/2026 17:06;34.000
3a911c87-b659-48bd-9971-2b7ea8a80648;100;Réception (B.L. : 1100213821);1100213821;;FOURNISSEUR CENTRALE;;Pas de commande associée;O;25/03/2026 00:00;;25/03/2026 12:20;420.000
3aa2b862-97e9-4a34-b3c8-24be80098303;100;Réception (B.L. : 1800335622);1800335622;;FOURNISSEUR CENTRALE;;Pas de commande associée;O;01/04/2026 00:00;;01/04/2026 17:16;53.044
3ae1b324-426e-45b3-9818-bd200b050ef5;100;Réception (B.L. : 1100215898);1100215898;;FOURNISSEUR CENTRALE;;Pas de commande associée;O;06/04/2026 00:00;;06/04/2026 12:20;3.000
3aee59bb-3ae0-402d-b420-016e36de2c91;100;Réception (B.L. : 1800336063);1800336063;;FOURNISSEUR CENTRALE;;Pas de commande associée;O;02/04/2026 00:00;;03/04/2026 12:42;490.000
3b2a9838-817e-48c7-af15-3b927e57d267;100;Réception (B.L. : 1800335640);1800335640;;FOURNISSEUR CENTRALE;;Pas de commande associée;O;01/04/2026 00:00;;02/04/2026 12:50;36.000
3b3042d2-92aa-482e-9af3-324022e1b263;100;Réception (B.L. : 1200107751);1200107751;;FOURNISSEUR CENTRALE;;Pas de commande associée;O;01/04/2026 00:00;;01/04/2026 17:12;263.000
3b32d705-14e0-44ee-a0af-b25fee3c54ac;100;Réception (B.L. : 1700232032);1700232032;;FOURNISSEUR CENTRALE;;Pas de commande associée;O;12/03/2026 00:00;;12/03/2026 12:23;12.000
3b5266fb-9380-4b6c-84f8-d98fc06e0ec5;100;Réception (B.L. : 1100210384);1100210384;;FOURNISSEUR CENTRALE;;Pas de commande associée;O;04/03/2026 00:00;;04/03/2026 12:00;15.000
3b5c149c-7061-4ecf-b1fb-a69b27a028cb;100;Réception (B.L. : 1700231162);1700231162;;FOURNISSEUR CENTRALE;;Pas de commande associée;O;09/03/2026 00:00;;09/03/2026 12:18;48.000
3bce1525-73bc-4004-a87d-145f4c4f1c0b;100;Réception (B.L. : 1800336069);1800336069;;FOURNISSEUR CENTRALE;;Pas de commande associée;O;02/04/2026 00:00;;03/04/2026 12:48;16.000
3c1252fb-6803-43b5-8037-e7a51a0faf09;100;Réception (B.L. : 1800332361);1800332361;;FOURNISSEUR CENTRALE;;Pas de commande associée;O;19/03/2026 00:00;;19/03/2026 12:53;8.000
3c46dce3-5c9c-45e2-a81e-765ab1c47e0e;100;Réception (B.L. : 1200106554);1200106554;;FOURNISSEUR CENTRALE;;Pas de commande associée;O;17/03/2026 00:00;;17/03/2026 12:02;484.000
3c7629fb-7b29-4dfd-aea5-fbab4039b309;100;Réception (B.L. : 1700230024);1700230024;;FOURNISSEUR CENTRALE;;Pas de commande associée;O;03/03/2026 00:00;;03/03/2026 12:21;30.000
3c9cf259-c7b7-425a-b9d8-d7f39ad703fd;100;Réception (B.L. : 1200106110);1200106110;;FOURNISSEUR CENTRALE;;Pas de commande associée;O;10/03/2026 00:00;;10/03/2026 17:01;595.000
3cd42a91-9b1d-4918-968e-635c2c5f3d73;100;Réception (B.L. : 1100214342);1100214342;;FOURNISSEUR CENTRALE;;Pas de commande associée;O;27/03/2026 00:00;;27/03/2026 12:18;0.000
3d194717-298a-4022-9b04-5da3b1112479;100;Réception (B.L. : 1700230015);1700230015;;FOURNISSEUR CENTRALE;;Pas de commande associée;O;03/03/2026 00:00;;03/03/2026 12:12;1352.000
3d32fcc6-6bbf-4518-8b0f-d273f6fc4b76;100;Réception (B.L. : 1700230017);1700230017;;FOURNISSEUR CENTRALE;;Pas de commande associée;O;03/03/2026 00:00;;03/03/2026 12:14;2378.000
3dd3c6f4-8964-4051-83a5-1f20999cd579;100;Réception (B.L. : 1700233767);1700233767;;FOURNISSEUR CENTRALE;;Pas de commande associée;O;20/03/2026 00:00;;20/03/2026 12:17;42.000
3deac9ce-9b6e-464a-b4b3-7aba4fe8d634;100;Réception (B.L. : 1700236027);1700236027;;FOURNISSEUR CENTRALE;;Pas de commande associée;O;01/04/2026 00:00;;01/04/2026 17:15;15.000
3e5418bb-d749-42fd-a1d5-d790856a94b9;100;Réception (B.L. : 1800328847);1800328847;;FOURNISSEUR CENTRALE;;Pas de commande associée;O;05/03/2026 00:00;;06/03/2026 12:45;40.000
3e69c575-fd4a-4f79-b180-ce8937fd7aea;100;Réception (B.L. : 1800333479);1800333479;;FOURNISSEUR CENTRALE;;Pas de commande associée;O;24/03/2026 00:00;;24/03/2026 17:28;107.000
3ecd8803-28fb-464a-b4b3-b2911e193e4e;100;Réception (B.L. : 1100213714);1100213714;;FOURNISSEUR CENTRALE;;Pas de commande associée;O;24/03/2026 00:00;;24/03/2026 17:17;48.000
3efc7f54-92f1-4d51-9add-df918ed6cf0d;100;Réception (B.L. : 1700231787);1700231787;;FOURNISSEUR CENTRALE;;Pas de commande associée;O;11/03/2026 00:00;;11/03/2026 12:21;0.000
3f1ed6b3-45e2-4a11-8045-b223eb1a2d88;100;Réception (B.L. : 1200106984);1200106984;;FOURNISSEUR CENTRALE;;Pas de commande associée;O;24/03/2026 00:00;;24/03/2026 12:14;66.000
3f30cf89-5a63-4a03-b520-a9975ea78756;100;Réception (B.L. : 1800328482);1800328482;;FOURNISSEUR CENTRALE;;Pas de commande associée;O;04/03/2026 00:00;;05/03/2026 12:30;90.000
3f310f5c-da19-4d01-a997-f46bc12253e8;100;Réception (B.L. : 1700234793);1700234793;;FOURNISSEUR CENTRALE;;Pas de commande associée;O;26/03/2026 00:00;;26/03/2026 12:29;12.000
3f430f3b-bff9-4f74-9b58-442d6af9fc22;100;Réception (B.L. : 1800334273);1800334273;;FOURNISSEUR CENTRALE;;Pas de commande associée;O;26/03/2026 00:00;;27/03/2026 12:38;3778.008
3f551179-b2e5-48c5-96e0-fb5abbb9ed0d;100;Réception (B.L. : 1800333163);1800333163;;FOURNISSEUR CENTRALE;;Pas de commande associée;O;23/03/2026 00:00;;23/03/2026 12:40;40.000
3fb1a1b0-d5ad-4c69-9d6c-0d964c40da99;100;Réception (B.L. : 1100215306);1100215306;;FOURNISSEUR CENTRALE;;Pas de commande associée;O;02/04/2026 00:00;;02/04/2026 17:14;81.000
3fdbedab-3028-435e-b164-3b4b915fb8b2;100;Réception (B.L. : 1800329678);1800329678;;FOURNISSEUR CENTRALE;;Pas de commande associée;O;10/03/2026 00:00;;10/03/2026 12:32;8.000
3fe12114-a322-427b-836e-c1a10929c3ec;100;Réception (B.L. : 1800330894);1800330894;;FOURNISSEUR CENTRALE;;Pas de commande associée;O;13/03/2026 00:00;;13/03/2026 12:29;2.000
3ff0af42-4a2f-4b2f-9c1c-7b21e371ae6c;100;Réception (B.L. : 1800334107);1800334107;;FOURNISSEUR CENTRALE;;Pas de commande associée;O;26/03/2026 00:00;;26/03/2026 12:54;104.000
4000bdf8-5b98-4957-8643-f92bc68459e8;100;Réception (B.L. : 1700231173);1700231173;;FOURNISSEUR CENTRALE;;Pas de commande associée;O;09/03/2026 00:00;;09/03/2026 12:29;12.000
400fc57c-8e16-4897-adce-9c188f874918;100;Réception (B.L. : 1200105809);1200105809;;FOURNISSEUR CENTRALE;;Pas de commande associée;O;05/03/2026 00:00;;05/03/2026 17:14;40.000
40215230-cabd-4a97-b644-bf6fa9235607;100;Réception (B.L. : 1200106259);1200106259;;FOURNISSEUR CENTRALE;;Pas de commande associée;O;11/03/2026 00:00;;11/03/2026 17:00;10.000
409128ff-e0b1-49ec-a67f-ed4089d06b26;100;Réception (B.L. : 1700232872);1700232872;;FOURNISSEUR CENTRALE;;Pas de commande associée;O;17/03/2026 00:00;;17/03/2026 12:14;822.000
40942bb7-60d1-4b37-870d-7c257c36371e;100;Réception (B.L. : 1200107840);1200107840;;FOURNISSEUR CENTRALE;;Pas de commande associée;O;02/04/2026 00:00;;02/04/2026 17:11;6.000
40993859-df88-4ddf-8ea2-3f47e619b3a6;100;Réception (B.L. : 1800332415);1800332415;;FOURNISSEUR CENTRALE;;Pas de commande associée;O;19/03/2026 00:00;;19/03/2026 17:29;4.000
40bd700e-8d65-42b0-913c-d7c7fd8fe747;100;Réception (B.L. : 1800333036);1800333036;;FOURNISSEUR CENTRALE;;Pas de commande associée;O;21/03/2026 00:00;;21/03/2026 12:10;1.000
41673135-8dc5-46e3-a70e-aac457c134b7;100;Réception (B.L. : 1800329314);1800329314;;FOURNISSEUR CENTRALE;;Pas de commande associée;O;07/03/2026 00:00;;07/03/2026 12:20;150.000
41939dbb-a390-4073-977b-59e600faf732;100;Réception (B.L. : 1800331219);1800331219;;FOURNISSEUR CENTRALE;;Pas de commande associée;O;14/03/2026 00:00;;14/03/2026 17:09;7.000
41a0a3e9-8640-44c1-876f-cbf04ed033fa;100;Réception (B.L. : 1100211892);1100211892;;FOURNISSEUR CENTRALE;;Pas de commande associée;O;13/03/2026 00:00;;13/03/2026 12:03;24.000
41bc0a35-15e4-4d9f-a5b3-b3b2bb3dd997;100;Réception (B.L. : 1100215244);1100215244;;FOURNISSEUR CENTRALE;;Pas de commande associée;O;02/04/2026 00:00;;02/04/2026 12:22;6.000
41d897a8-1929-496a-a504-6c6006d75597;100;Réception (B.L. : 1800335638);1800335638;;FOURNISSEUR CENTRALE;;Pas de commande associée;O;01/04/2026 00:00;;02/04/2026 12:48;22.000
41eaa39c-07c2-48c7-8ffd-da82a2e382e2;100;Réception (B.L. : 1700236013);1700236013;;FOURNISSEUR CENTRALE;;Pas de commande associée;O;01/04/2026 00:00;;01/04/2026 12:36;10.000
41f91f75-a966-40e0-9ca5-fe44c22ecc6c;100;Réception (B.L. : 1800328487);1800328487;;FOURNISSEUR CENTRALE;;Pas de commande associée;O;04/03/2026 00:00;;05/03/2026 12:35;36.728
42ae2230-1234-4bb6-bec8-27a1bc5ce80e;100;Réception (B.L. : 1700236464);1700236464;;FOURNISSEUR CENTRALE;;Pas de commande associée;O;03/04/2026 00:00;;03/04/2026 12:37;96.000
42d35184-131c-42f1-9e59-41c73767ac3f;100;Réception (B.L. : 1100213823);1100213823;;FOURNISSEUR CENTRALE;;Pas de commande associée;O;25/03/2026 00:00;;25/03/2026 12:22;96.000
433beb59-31b4-4c63-b738-0b29dfb1c45e;100;Réception (B.L. : 1700235457);1700235457;;FOURNISSEUR CENTRALE;;Pas de commande associée;O;30/03/2026 00:00;;30/03/2026 12:28;24.000
434091c5-964d-4368-9563-e4f17ff750bc;100;Réception (B.L. : 1200107164);1200107164;;FOURNISSEUR CENTRALE;;Pas de commande associée;O;25/03/2026 00:00;;25/03/2026 17:10;1.000
434c75e8-41f6-440e-b943-8705b071e182;100;Réception (B.L. : 1800329909);1800329909;;FOURNISSEUR CENTRALE;;Pas de commande associée;O;10/03/2026 00:00;;10/03/2026 12:37;53.000
435cf408-407d-4746-9b12-94c385d7b217;100;Réception (B.L. : 1800336333);1800336333;;FOURNISSEUR CENTRALE;;Pas de commande associée;O;03/04/2026 00:00;;04/04/2026 00:01;100.000
43a01809-0c11-4f7f-8880-3c8dd7e6c6d1;100;Réception (B.L. : 1800332537);1800332537;;FOURNISSEUR CENTRALE;;Pas de commande associée;O;19/03/2026 00:00;;20/03/2026 12:28;707.000
43c804aa-313d-408c-82b6-f8ed5a09e2f0;100;Réception (B.L. : 1100215466);1100215466;;FOURNISSEUR CENTRALE;;Pas de commande associée;O;03/04/2026 00:00;;03/04/2026 12:15;10.000
43ca90e7-38f4-4b36-a713-d62c5ec3833d;100;Réception (B.L. : 1800330067);1800330067;;FOURNISSEUR CENTRALE;;Pas de commande associée;O;10/03/2026 00:00;;11/03/2026 12:30;50.000
43d93cdd-0498-42a3-800b-b0db5d2f26fe;100;Réception (B.L. : 1800334276);1800334276;;FOURNISSEUR CENTRALE;;Pas de commande associée;O;26/03/2026 00:00;;27/03/2026 12:41;142.000
445d3281-0e1c-4fe5-b515-4d43709f1577;100;Réception (B.L. : 1800330488);1800330488;;FOURNISSEUR CENTRALE;;Pas de commande associée;O;12/03/2026 00:00;;12/03/2026 12:43;209.000
447c2072-86a6-48ad-bdd2-b91958bec13a;100;Réception (B.L. : 1800336853);1800336853;;FOURNISSEUR CENTRALE;;Pas de commande associée;O;06/04/2026 00:00;;07/04/2026 12:32;208.846
448fd1c3-24ca-4af4-8b05-611d640c6a24;100;Réception (B.L. : 1800334790);1800334790;;FOURNISSEUR CENTRALE;;Pas de commande associée;O;29/03/2026 00:00;;30/03/2026 12:31;223.000
44a251e9-3b4a-4442-a29a-080af67a7c37;100;Réception (B.L. : 1100214115);1100214115;;FOURNISSEUR CENTRALE;;Pas de commande associée;O;26/03/2026 00:00;;26/03/2026 12:21;16.000
44c58e19-59f4-4825-bd74-2eec30a63240;100;Réception (B.L. : 1800333937);1800333937;;FOURNISSEUR CENTRALE;;Pas de commande associée;O;25/03/2026 00:00;;26/03/2026 12:43;54.000
44c6b9c1-ae0a-4156-8851-95061d1999e4;100;Réception (B.L. : 1700232532);1700232532;;FOURNISSEUR CENTRALE;;Pas de commande associée;O;15/03/2026 00:00;;15/03/2026 23:20;372.000
44f6c422-96c8-45a1-b030-e9ef0d4adae8;100;Réception (B.L. : 1800336855);1800336855;;FOURNISSEUR CENTRALE;;Pas de commande associée;O;06/04/2026 00:00;;07/04/2026 12:34;1388.500
44fe1286-108f-4feb-89e8-137dbccf9537;100;Réception (B.L. : 1100215865);1100215865;;FOURNISSEUR CENTRALE;;Pas de commande associée;O;06/04/2026 00:00;;06/04/2026 12:16;25.000
45408a71-7ff0-48d2-b33b-cf832b4b7ca2;100;Réception (B.L. : 1800328079);1800328079;;FOURNISSEUR CENTRALE;;Pas de commande associée;O;03/03/2026 00:00;;03/03/2026 17:12;93.000
45b397b0-976e-4edd-9a2d-bb761db2f0cf;100;Réception (B.L. : 1800331913);1800331913;;FOURNISSEUR CENTRALE;;Pas de commande associée;O;17/03/2026 00:00;;18/03/2026 12:56;27.000
45d49905-fe86-474a-8d5a-7a494d45cfc2;100;Réception (B.L. : 1100214004);1100214004;;FOURNISSEUR CENTRALE;;Pas de commande associée;O;25/03/2026 00:00;;25/03/2026 12:32;102.000
45edbbc5-863c-41b8-8b74-882da0592e26;100;Réception (B.L. : 1700231457);1700231457;;FOURNISSEUR CENTRALE;;Pas de commande associée;O;09/03/2026 00:00;;09/03/2026 17:13;24.000
45ffade9-a593-45ed-9964-a1368ccbf6b6;100;Réception (B.L. : 1800327906);1800327906;;FOURNISSEUR CENTRALE;;Pas de commande associée;O;02/03/2026 00:00;;03/03/2026 12:35;2.000
4611baaa-d972-48f4-aaf2-8c83f511ee6c;100;Réception (B.L. : 1800332874);1800332874;;FOURNISSEUR CENTRALE;;Pas de commande associée;O;20/03/2026 00:00;;20/03/2026 17:06;18.518
4625b490-958e-43a4-a607-298035b9850c;100;Réception (B.L. : 1800331839);1800331839;;FOURNISSEUR CENTRALE;;Pas de commande associée;O;17/03/2026 00:00;;17/03/2026 17:15;8.000
46348d4a-94ae-468f-ad53-e277c9593872;100;Réception (B.L. : 1100213289);1100213289;;FOURNISSEUR CENTRALE;;Pas de commande associée;O;23/03/2026 00:00;;23/03/2026 12:16;72.000
463ca6f3-03a9-42bc-9cc9-a00b1149c543;100;Réception (B.L. : 1700231172);1700231172;;FOURNISSEUR CENTRALE;;Pas de commande associée;O;09/03/2026 00:00;;09/03/2026 12:28;92.000
464975b0-da9b-49cb-a487-a727086d5626;100;Réception (B.L. : 1100212773);1100212773;;FOURNISSEUR CENTRALE;;Pas de commande associée;O;19/03/2026 00:00;;19/03/2026 12:25;6.000
468c06ad-a5ee-4de0-bb87-76c8c1412f37;100;Réception (B.L. : 1800332771);1800332771;;FOURNISSEUR CENTRALE;;Pas de commande associée;O;20/03/2026 00:00;;20/03/2026 12:35;10.000
46b3e3b6-2e4d-4649-9e63-bcd43bfc5ba9;100;Réception (B.L. : 1700236461);1700236461;;FOURNISSEUR CENTRALE;;Pas de commande associée;O;03/04/2026 00:00;;03/04/2026 12:34;558.000
46bf0a6b-9ec4-49a6-ab96-0729d12acd43;100;Réception (B.L. : 1700234790);1700234790;;FOURNISSEUR CENTRALE;;Pas de commande associée;O;26/03/2026 00:00;;26/03/2026 12:26;1307.000
46d13c45-b7a3-489e-aad8-31c1bcec0b62;100;Réception (B.L. : 1700231789);1700231789;;FOURNISSEUR CENTRALE;;Pas de commande associée;O;11/03/2026 00:00;;11/03/2026 12:23;0.000
4732bfbd-8e31-41dc-b556-afe469448df6;100;Réception (B.L. : 1800332880);1800332880;;FOURNISSEUR CENTRALE;;Pas de commande associée;O;20/03/2026 00:00;;20/03/2026 17:12;135.000
4760296c-ba16-4915-bced-903bca6c518c;100;Réception (B.L. : 1700236462);1700236462;;FOURNISSEUR CENTRALE;;Pas de commande associée;O;03/04/2026 00:00;;03/04/2026 12:35;10.000
4767dc1a-cd49-4ba2-a035-8f6c40b025eb;100;Réception (B.L. : 1100212299);1100212299;;FOURNISSEUR CENTRALE;;Pas de commande associée;O;17/03/2026 00:00;;17/03/2026 12:08;6.000
48353aa3-500b-432c-ba98-98f0b6ea72e0;100;Réception (B.L. : 1700236018);1700236018;;FOURNISSEUR CENTRALE;;Pas de commande associée;O;01/04/2026 00:00;;01/04/2026 12:41;5000.000
48f989b0-66a8-45a4-a5c4-2604f894685b;100;Réception (B.L. : 1100213973);1100213973;;FOURNISSEUR CENTRALE;;Pas de commande associée;O;25/03/2026 00:00;;25/03/2026 12:30;138.000
49283423-62f0-4f15-97be-2b9801ad7aee;100;Réception (B.L. : 1800335860);1800335860;;FOURNISSEUR CENTRALE;;Pas de commande associée;O;02/04/2026 00:00;;02/04/2026 17:16;275.000
493698c8-4639-4936-b689-625f7041bc4e;100;Réception (B.L. : 1700235449);1700235449;;FOURNISSEUR CENTRALE;;Pas de commande associée;O;30/03/2026 00:00;;30/03/2026 12:20;140.000
499e3643-fce3-4ebc-9f7d-14a7923b5ab6;100;Réception (B.L. : 1700230415);1700230415;;FOURNISSEUR CENTRALE;;Pas de commande associée;O;04/03/2026 00:00;;04/03/2026 23:24;60.000
4a29b76c-4df4-408e-becf-94425c1cfcc3;100;Réception (B.L. : 1800336338);1800336338;;FOURNISSEUR CENTRALE;;Pas de commande associée;O;03/04/2026 00:00;;04/04/2026 00:06;124.500
4a6ca58e-eb35-424b-8b52-7122a569a5bf;100;Réception (B.L. : 1200107005);1200107005;;FOURNISSEUR CENTRALE;;Pas de commande associée;O;24/03/2026 00:00;;24/03/2026 12:22;1.000
4aa1ecd5-10d3-4774-accc-c1ccc977ba89;100;Réception (B.L. : 1800331702);1800331702;;FOURNISSEUR CENTRALE;;Pas de commande associée;O;17/03/2026 00:00;;17/03/2026 17:04;0.000
4b13d675-89ec-496b-80f0-be7d290b912f;100;Réception (B.L. : 1100211896);1100211896;;FOURNISSEUR CENTRALE;;Pas de commande associée;O;13/03/2026 00:00;;13/03/2026 12:07;1200.000
4b5910be-337c-400c-a462-7793e13ea0af;100;Réception (B.L. : 1800333362);1800333362;;FOURNISSEUR CENTRALE;;Pas de commande associée;O;24/03/2026 00:00;;24/03/2026 12:52;58.000
4bb2e4d0-5117-4e0c-af1d-32b4e6693506;100;Réception (B.L. : 1800335038);1800335038;;FOURNISSEUR CENTRALE;;Pas de commande associée;O;30/03/2026 00:00;;31/03/2026 12:36;380.000
4bd2760f-e84a-4df3-a87e-2e05900f8c1f;100;Réception (B.L. : 1700230020);1700230020;;FOURNISSEUR CENTRALE;;Pas de commande associée;O;03/03/2026 00:00;;03/03/2026 12:17;1432.000
4c0f2cf7-6245-41de-a789-7af497b78af6;100;Réception (B.L. : 1800334779);1800334779;;FOURNISSEUR CENTRALE;;Pas de commande associée;O;28/03/2026 00:00;;28/03/2026 17:12;281.000
4c20807d-3169-4f7d-a79c-9fa71fb435fe;100;Réception (B.L. : 1200107004);1200107004;;FOURNISSEUR CENTRALE;;Pas de commande associée;O;24/03/2026 00:00;;24/03/2026 12:21;24.000
4c3ccd4a-a446-4918-a83d-e7b1a96754fa;100;Réception (B.L. : 1700236014);1700236014;;FOURNISSEUR CENTRALE;;Pas de commande associée;O;01/04/2026 00:00;;01/04/2026 12:37;24.000
4c680bb6-0c58-4cec-bdf3-ab400939c72a;100;Réception (B.L. : 1800335258);1800335258;;FOURNISSEUR CENTRALE;;Pas de commande associée;O;31/03/2026 00:00;;31/03/2026 17:22;1.000
4cf699c6-f55d-45ba-aa4d-f119bb6a94f8;100;Réception (B.L. : 1800336762);1800336762;;FOURNISSEUR CENTRALE;;Pas de commande associée;O;06/04/2026 00:00;;06/04/2026 12:44;75.000
4d3ac4eb-00a4-496c-a870-a3c377b48947;100;Réception (B.L. : 1800336574);1800336574;;FOURNISSEUR CENTRALE;;Pas de commande associée;O;06/04/2026 00:00;;06/04/2026 12:37;420.000
4d7ca226-dd79-4fbc-9bd8-2d42f6f36004;100;Réception (B.L. : 1800334271);1800334271;;FOURNISSEUR CENTRALE;;Pas de commande associée;O;26/03/2026 00:00;;27/03/2026 12:36;3.994
4d85f93a-9a5b-4419-abc6-e28c1f8d5082;100;Réception (B.L. : 1700235458);1700235458;;FOURNISSEUR CENTRALE;;Pas de commande associée;O;30/03/2026 00:00;;30/03/2026 12:29;56.000
4dd2bb87-10ad-4c71-9059-3e78fe8b6fc1;100;Réception (B.L. : 1800327777);1800327777;;FOURNISSEUR CENTRALE;;Pas de commande associée;O;01/03/2026 00:00;;02/03/2026 12:35;11.000
4e12517d-32c6-4c32-b327-1fbff4050027;100;Réception (B.L. : 1800328846);1800328846;;FOURNISSEUR CENTRALE;;Pas de commande associée;O;05/03/2026 00:00;;06/03/2026 12:44;5025.400
4e1ce7e1-6aa1-416d-bce6-f1d9fa767af8;100;Réception (B.L. : 1700236877);1700236877;;FOURNISSEUR CENTRALE;;Pas de commande associée;O;06/04/2026 00:00;;06/04/2026 12:30;36.000
4ed85758-0865-442a-8585-2d1ce8d67ced;100;Réception (B.L. : 1800329910);1800329910;;FOURNISSEUR CENTRALE;;Pas de commande associée;O;10/03/2026 00:00;;10/03/2026 12:38;50.000
4eeec30e-3a5e-48bd-bbd7-2dd97d444176;100;Réception (B.L. : 1700235453);1700235453;;FOURNISSEUR CENTRALE;;Pas de commande associée;O;30/03/2026 00:00;;30/03/2026 12:24;52.000
4ef6b558-a5e8-4980-91d7-b6854890a327;100;Réception (B.L. : 1700234341);1700234341;;FOURNISSEUR CENTRALE;;Pas de commande associée;O;24/03/2026 00:00;;24/03/2026 12:44;0.000
4f0c5f11-48eb-40dd-92a6-9f75a19c8ebb;100;Réception (B.L. : 1700229734);1700229734;;FOURNISSEUR CENTRALE;;Pas de commande associée;O;02/03/2026 00:00;;02/03/2026 12:14;942.000
4f2a56ea-ff5f-4cde-aa8a-a9489b97b998;100;Réception (B.L. : 1700235679);1700235679;;FOURNISSEUR CENTRALE;;Pas de commande associée;O;31/03/2026 00:00;;31/03/2026 12:31;0.000
4f349402-65dc-48f8-a18a-dfd88ac7f953;100;Réception (B.L. : 1700234437);1700234437;;FOURNISSEUR CENTRALE;;Pas de commande associée;O;24/03/2026 00:00;;24/03/2026 17:20;8.000
4f77d4a9-2526-498e-a431-edae0b6af91e;100;Réception (B.L. : 1100210154);1100210154;;FOURNISSEUR CENTRALE;;Pas de commande associée;O;03/03/2026 00:00;;03/03/2026 12:07;102.000
4f8794e2-3c35-4ef0-ad6e-3316aa2150be;100;Réception (B.L. : 1700233122);1700233122;;FOURNISSEUR CENTRALE;;Pas de commande associée;O;18/03/2026 00:00;;18/03/2026 12:37;72.000
5036ac92-ba2d-46a3-9eaa-fb7f85259b9d;100;Réception (B.L. : 1100214619);1100214619;;FOURNISSEUR CENTRALE;;Pas de commande associée;O;30/03/2026 00:00;;30/03/2026 12:18;96.000
50386c32-358d-451b-b4b9-62d0777c33f9;100;Réception (B.L. : 1100215055);1100215055;;FOURNISSEUR CENTRALE;;Pas de commande associée;O;01/04/2026 00:00;;01/04/2026 12:25;13.000
506b9e06-6054-4bf5-8150-5f53af16578e;100;Réception (B.L. : 1700230778);1700230778;;FOURNISSEUR CENTRALE;;Pas de commande associée;O;06/03/2026 00:00;;06/03/2026 12:34;0.000
5099004c-2d66-4f2a-967a-1fb38073a45e;100;Réception (B.L. : 1800331703);1800331703;;FOURNISSEUR CENTRALE;;Pas de commande associée;O;17/03/2026 00:00;;17/03/2026 17:05;126.000
50b9e378-dab5-4236-96d3-ff72b2bd97f4;100;Réception (B.L. : 1700234186);1700234186;;FOURNISSEUR CENTRALE;;Pas de commande associée;O;23/03/2026 00:00;;23/03/2026 12:38;144.000
50efa27a-55f9-490a-8a24-2e5b7c487f14;100;Réception (B.L. : 1200107550);1200107550;;FOURNISSEUR CENTRALE;;Pas de commande associée;O;30/03/2026 00:00;;30/03/2026 12:14;2.000
50fb5ed1-c056-4804-adca-4010f7a7a26b;100;Réception (B.L. : 1700232875);1700232875;;FOURNISSEUR CENTRALE;;Pas de commande associée;O;17/03/2026 00:00;;17/03/2026 12:17;1500.000
5101abd9-a0f0-426b-bb96-0e8e6e8fb49b;100;Réception (B.L. : 1800332877);1800332877;;FOURNISSEUR CENTRALE;;Pas de commande associée;O;20/03/2026 00:00;;20/03/2026 17:09;1754.000
51771e06-9f1e-4937-8b3f-c47c3f78bcd8;100;Réception (B.L. : 1800331907);1800331907;;FOURNISSEUR CENTRALE;;Pas de commande associée;O;17/03/2026 00:00;;18/03/2026 12:50;45.000
52053490-79e3-472c-aebe-8c025e6371aa;100;Réception (B.L. : 1700235039);1700235039;;FOURNISSEUR CENTRALE;;Pas de commande associée;O;27/03/2026 00:00;;27/03/2026 12:25;24.000
524259b8-0078-4e0d-938a-268a3c8dd874;100;Réception (B.L. : 1800336571);1800336571;;FOURNISSEUR CENTRALE;;Pas de commande associée;O;06/04/2026 00:00;;06/04/2026 12:34;15.000
528035df-ded1-41e1-8761-946439e3757d;100;Réception (B.L. : 1200105962);1200105962;;FOURNISSEUR CENTRALE;;Pas de commande associée;O;06/03/2026 00:00;;06/03/2026 17:04;8.000
52c1b01c-c74d-4df7-8fb5-d378c74cd157;100;Réception (B.L. : 1700233116);1700233116;;FOURNISSEUR CENTRALE;;Pas de commande associée;O;18/03/2026 00:00;;18/03/2026 12:31;697.000
52fbe5f1-d12e-4fe6-8248-532f665ff3c8;100;Réception (B.L. : 1800330948);1800330948;;FOURNISSEUR CENTRALE;;Pas de commande associée;O;13/03/2026 00:00;;13/03/2026 17:04;12.000
53551198-2776-416c-bd81-2cc7f9c1793d;100;Réception (B.L. : 1800333171);1800333171;;FOURNISSEUR CENTRALE;;Pas de commande associée;O;23/03/2026 00:00;;23/03/2026 12:48;257.000
5370bb78-67cb-44ea-9b73-ad8d60811e7a;100;Réception (B.L. : 1800330180);1800330180;;FOURNISSEUR CENTRALE;;Pas de commande associée;O;10/03/2026 00:00;;11/03/2026 12:36;7.000
537da442-6002-4c76-bfe8-e8fd27071958;100;Réception (B.L. : 1700232887);1700232887;;FOURNISSEUR CENTRALE;;Pas de commande associée;O;17/03/2026 00:00;;17/03/2026 12:29;15.000
540765d5-ad4e-4144-ae44-8b3e682e035e;100;Réception (B.L. : 1800328484);1800328484;;FOURNISSEUR CENTRALE;;Pas de commande associée;O;04/03/2026 00:00;;05/03/2026 12:32;325.000
543d57d3-c6b5-4df1-be7f-b4a8642a0abf;100;Réception (B.L. : 1800332531);1800332531;;FOURNISSEUR CENTRALE;;Pas de commande associée;O;19/03/2026 00:00;;20/03/2026 12:22;0.000
54b027f2-c77b-40a0-9378-c085e302805b;100;Réception (B.L. : 1800328842);1800328842;;FOURNISSEUR CENTRALE;;Pas de commande associée;O;05/03/2026 00:00;;06/03/2026 12:40;14.000
54ca7301-14e4-4c01-ac3d-aa655d23aab1;100;Réception (B.L. : 1700233544);1700233544;;FOURNISSEUR CENTRALE;;Pas de commande associée;O;19/03/2026 00:00;;19/03/2026 23:32;60.000
54d1acc5-92f8-496d-9d33-c2c56c85f59e;100;Réception (B.L. : 1800332837);1800332837;;FOURNISSEUR CENTRALE;;Pas de commande associée;O;20/03/2026 00:00;;20/03/2026 12:37;40.556
54f52382-d08a-413e-9dea-9e297da5d0e0;100;Réception (B.L. : 1200105930);1200105930;;FOURNISSEUR CENTRALE;;Pas de commande associée;O;06/03/2026 00:00;;06/03/2026 17:01;10.000
54f93f49-0686-40a6-809a-3737820d3aa1;100;Réception (B.L. : 1800329912);1800329912;;FOURNISSEUR CENTRALE;;Pas de commande associée;O;10/03/2026 00:00;;10/03/2026 12:40;305.000
550630bb-5797-4fe1-994f-11b90f29e91b;100;Réception (B.L. : 1800332872);1800332872;;FOURNISSEUR CENTRALE;;Pas de commande associée;O;20/03/2026 00:00;;20/03/2026 17:04;133.000
5522acb2-342e-43f0-8404-2022a76e30bf;100;Réception (B.L. : 1800333363);1800333363;;FOURNISSEUR CENTRALE;;Pas de commande associée;O;24/03/2026 00:00;;24/03/2026 12:53;531.624
55361f23-82ce-46b2-8ddf-a2009d733808;100;Réception (B.L. : 1800332535);1800332535;;FOURNISSEUR CENTRALE;;Pas de commande associée;O;19/03/2026 00:00;;20/03/2026 12:26;50.000
5563cb38-e822-4cbb-a42b-e161cbd99757;100;Réception (B.L. : 1700234556);1700234556;;FOURNISSEUR CENTRALE;;Pas de commande associée;O;25/03/2026 00:00;;25/03/2026 12:39;631.000
55acd17a-8e05-4b04-ada0-ae154d24cf76;100;Réception (B.L. : 1100211102);1100211102;;FOURNISSEUR CENTRALE;;Pas de commande associée;O;09/03/2026 00:00;;09/03/2026 12:15;48.000
55dbf1ea-35c0-463f-98e1-ae40409335bc;100;Réception (B.L. : 1800332381);1800332381;;FOURNISSEUR CENTRALE;;Pas de commande associée;O;19/03/2026 00:00;;19/03/2026 12:54;140.000
560c7152-f210-4ec4-9341-a316b0c3757a;100;Réception (B.L. : 1800335470);1800335470;;FOURNISSEUR CENTRALE;;Pas de commande associée;O;31/03/2026 00:00;;01/04/2026 12:46;140.000
5613f980-744f-470b-ba82-f644a7c063d4;100;Réception (B.L. : 1200107401);1200107401;;FOURNISSEUR CENTRALE;;Pas de commande associée;O;27/03/2026 00:00;;27/03/2026 17:11;1.000
561f974a-864b-4146-a688-1d8f42f4a11e;100;Réception (B.L. : 1100212301);1100212301;;FOURNISSEUR CENTRALE;;Pas de commande associée;O;17/03/2026 00:00;;17/03/2026 12:10;2400.000
5644b6a1-ab2d-4fd0-8e82-6d8b0600f203;100;Réception (B.L. : 1700233768);1700233768;;FOURNISSEUR CENTRALE;;Pas de commande associée;O;20/03/2026 00:00;;20/03/2026 12:18;24.000
5650e9cd-52e2-409f-969c-13938f6435f5;100;Réception (B.L. : 1800328777);1800328777;;FOURNISSEUR CENTRALE;;Pas de commande associée;O;05/03/2026 00:00;;05/03/2026 17:34;5.000
5654c13d-bb9f-4cd5-afff-ada534b54eb6;100;Réception (B.L. : 1700229743);1700229743;;FOURNISSEUR CENTRALE;;Pas de commande associée;O;02/03/2026 00:00;;02/03/2026 12:23;36.000
5671dd3b-8197-41c4-93dc-b9a251b4c85c;100;Réception (B.L. : 1800330626);1800330626;;FOURNISSEUR CENTRALE;;Pas de commande associée;O;12/03/2026 00:00;;13/03/2026 12:22;400.000
567fd723-042e-44dd-aac5-430ff21755aa;100;Réception (B.L. : 1800333939);1800333939;;FOURNISSEUR CENTRALE;;Pas de commande associée;O;25/03/2026 00:00;;26/03/2026 12:45;3.000
5696d608-6641-47a5-a96b-c063f6408075;100;Réception (B.L. : 1700230356);1700230356;;FOURNISSEUR CENTRALE;;Pas de commande associée;O;04/03/2026 00:00;;04/03/2026 12:18;10.000
56feb425-fd90-4194-b80c-67b7fdd3c22e;100;Réception (B.L. : 1200106449);1200106449;;FOURNISSEUR CENTRALE;;Pas de commande associée;O;14/03/2026 00:00;;14/03/2026 12:11;48.000
570320ea-e48e-412c-96e0-2455cb1f4165;100;Réception (B.L. : 1800334572);1800334572;;FOURNISSEUR CENTRALE;;Pas de commande associée;O;27/03/2026 00:00;;27/03/2026 17:23;3764.575
57168510-382c-437c-a568-d6939fe5dc83;100;Réception (B.L. : 1700232661);1700232661;;FOURNISSEUR CENTRALE;;Pas de commande associée;O;16/03/2026 00:00;;16/03/2026 12:20;1432.000
5719770d-59d9-4d75-b87a-25a9ea912b01;100;Réception (B.L. : 1800333170);1800333170;;FOURNISSEUR CENTRALE;;Pas de commande associée;O;23/03/2026 00:00;;23/03/2026 12:47;1773.700
577fdcaf-aa1b-4a07-a88c-b95035fe7042;100;Réception (B.L. : 1700233289);1700233289;;FOURNISSEUR CENTRALE;;Pas de commande associée;O;18/03/2026 00:00;;18/03/2026 17:05;30.000
579a2841-95eb-4115-8790-ff913bbcfa30;100;Réception (B.L. : 1800332214);1800332214;;FOURNISSEUR CENTRALE;;Pas de commande associée;O;18/03/2026 00:00;;19/03/2026 12:52;18.000
57d9eec6-89c9-4f55-8dea-31bdb8dbf685;100;Réception (B.L. : 1800329967);1800329967;;FOURNISSEUR CENTRALE;;Pas de commande associée;O;10/03/2026 00:00;;10/03/2026 17:13;0.000
580d49c0-2a40-45de-93fd-3c0456163135;100;Réception (B.L. : 1800330578);1800330578;;FOURNISSEUR CENTRALE;;Pas de commande associée;O;12/03/2026 00:00;;12/03/2026 17:14;2.000
581a762b-832d-4756-90d4-e0488fbe1a3b;100;Réception (B.L. : 1800333361);1800333361;;FOURNISSEUR CENTRALE;;Pas de commande associée;O;24/03/2026 00:00;;24/03/2026 12:51;44.200
58242e83-7673-4ec3-8ff3-58b2e4f89280;100;Réception (B.L. : 1200106465);1200106465;;FOURNISSEUR CENTRALE;;Pas de commande associée;O;14/03/2026 00:00;;14/03/2026 12:12;204.000
584e70d0-414c-4a20-9b92-36114c8e7a24;100;Réception (B.L. : 1200107804);1200107804;;FOURNISSEUR CENTRALE;;Pas de commande associée;O;02/04/2026 00:00;;02/04/2026 12:12;0.000
58dcd09b-f061-44b8-8f79-8a2f1768351c;100;Réception (B.L. : 1100212590);1100212590;;FOURNISSEUR CENTRALE;;Pas de commande associée;O;18/03/2026 00:00;;18/03/2026 17:01;20.000
592a46df-036c-4b8f-b13c-d72411f8fdd4;100;Réception (B.L. : 1800331707);1800331707;;FOURNISSEUR CENTRALE;;Pas de commande associée;O;17/03/2026 00:00;;17/03/2026 17:09;48.000
5961894d-8177-4beb-97f8-dc842c93a0e9;100;Réception (B.L. : 1100211895);1100211895;;FOURNISSEUR CENTRALE;;Pas de commande associée;O;13/03/2026 00:00;;13/03/2026 12:06;132.000
59972d3b-119a-41e0-9c3d-4670373a9505;100;Réception (B.L. : 1700235043);1700235043;;FOURNISSEUR CENTRALE;;Pas de commande associée;O;27/03/2026 00:00;;27/03/2026 12:29;430.000
59cf8218-9420-4cbd-b75b-2e0f4181f677;100;Réception (B.L. : 1800335885);1800335885;;FOURNISSEUR CENTRALE;;Pas de commande associée;O;02/04/2026 00:00;;02/04/2026 17:19;17.000
59d76b03-6726-4582-81b5-d4d93f44d19b;100;Réception (B.L. : 1800335996);1800335996;;FOURNISSEUR CENTRALE;;Pas de commande associée;O;02/04/2026 00:00;;02/04/2026 17:24;0.000
59e0a740-3dc7-4254-977c-26806a38d2ef;100;Réception (B.L. : 1800329387);1800329387;;FOURNISSEUR CENTRALE;;Pas de commande associée;O;09/03/2026 00:00;;09/03/2026 12:35;37.000
5a35c521-3838-4662-ab2f-28183539fb76;100;Réception (B.L. : 1700233113);1700233113;;FOURNISSEUR CENTRALE;;Pas de commande associée;O;18/03/2026 00:00;;18/03/2026 12:28;140.000
5a3f9f35-9e73-4e79-844e-3c1761afe6c0;100;Réception (B.L. : 1700232003);1700232003;;FOURNISSEUR CENTRALE;;Pas de commande associée;O;12/03/2026 00:00;;12/03/2026 12:13;335.000
5a5d174d-4f88-4b7c-8ace-d8e29d52cbba;100;Réception (B.L. : 1100214661);1100214661;;FOURNISSEUR CENTRALE;;Pas de commande associée;O;30/03/2026 00:00;;30/03/2026 12:19;8.000
5a7bda0a-7f9f-434f-ad6a-1bdac7b1b5cb;100;Réception (B.L. : 1700234340);1700234340;;FOURNISSEUR CENTRALE;;Pas de commande associée;O;24/03/2026 00:00;;24/03/2026 12:43;0.000
5a7c590e-64bf-469a-9762-818939f2181a;100;Réception (B.L. : 1700235617);1700235617;;FOURNISSEUR CENTRALE;;Pas de commande associée;O;30/03/2026 00:00;;30/03/2026 23:38;12.000
5a7d3f36-066b-40fd-9acf-b73a1c10d1bb;100;Réception (B.L. : 1800330723);1800330723;;FOURNISSEUR CENTRALE;;Pas de commande associée;O;12/03/2026 00:00;;13/03/2026 12:26;12.000
5a7ea10c-8826-47c9-a827-2a1b115f64a4;100;Réception (B.L. : 1700234329);1700234329;;FOURNISSEUR CENTRALE;;Pas de commande associée;O;24/03/2026 00:00;;24/03/2026 12:32;1264.000
5aa1e8be-6bd4-4ded-a7bd-8a8005527031;100;Réception (B.L. : 1100212218);1100212218;;FOURNISSEUR CENTRALE;;Pas de commande associée;O;16/03/2026 00:00;;16/03/2026 12:12;1822.000
5aaae71f-ef82-4f8e-9b34-400ba9e1df3c;100;Réception (B.L. : 1100212029);1100212029;;FOURNISSEUR CENTRALE;;Pas de commande associée;O;14/03/2026 00:00;;14/03/2026 12:20;0.000
5abb0889-a57b-4858-8d7f-602974a01f36;100;Réception (B.L. : 1800334277);1800334277;;FOURNISSEUR CENTRALE;;Pas de commande associée;O;26/03/2026 00:00;;27/03/2026 12:42;40.000
5ac38169-f37b-4ef3-9986-3012c63521f8;100;Réception (B.L. : 1800335150);1800335150;;FOURNISSEUR CENTRALE;;Pas de commande associée;O;31/03/2026 00:00;;31/03/2026 12:46;12.000
5af0ced2-086e-4941-a6ef-09e77a47e758;100;Réception (B.L. : 1800327902);1800327902;;FOURNISSEUR CENTRALE;;Pas de commande associée;O;02/03/2026 00:00;;03/03/2026 12:31;1260.000
5b050dc5-dc8d-4dda-a3f2-d7063305765c;100;Réception (B.L. : 1800329992);1800329992;;FOURNISSEUR CENTRALE;;Pas de commande associée;O;10/03/2026 00:00;;10/03/2026 17:15;6.000
5b1df2a3-6807-47f3-98ec-21e0fac18fa5;100;Réception (B.L. : 1700232004);1700232004;;FOURNISSEUR CENTRALE;;Pas de commande associée;O;12/03/2026 00:00;;12/03/2026 12:14;333.000
5bd325c0-2382-4ce5-accf-980f5362eb25;100;Réception (B.L. : 1100211261);1100211261;;FOURNISSEUR CENTRALE;;Pas de commande associée;O;10/03/2026 00:00;;10/03/2026 12:05;7544.000
5c3cc9eb-e12f-464b-adff-07558db8ab06;100;Réception (B.L. : 1100214948);1100214948;;FOURNISSEUR CENTRALE;;Pas de commande associée;O;01/04/2026 00:00;;01/04/2026 12:15;12216.000
5c434519-fd95-49a1-94a7-3c6cbd8e4f4d;100;Réception (B.L. : 1100212761);1100212761;;FOURNISSEUR CENTRALE;;Pas de commande associée;O;19/03/2026 00:00;;19/03/2026 12:21;0.000
5c628d2a-2109-41a9-b68b-f82522a5b4c4;100;Réception (B.L. : 1100215690);1100215690;;FOURNISSEUR CENTRALE;;Pas de commande associée;O;04/04/2026 00:00;;04/04/2026 17:10;168.000
5ca27236-f3df-4122-874d-43e61cda3591;100;Réception (B.L. : 1100215981);1100215981;;FOURNISSEUR CENTRALE;;Pas de commande associée;O;07/04/2026 00:00;;07/04/2026 12:18;180.000
5ca9b6ee-8b12-4777-a33e-64b93a32fb59;100;Réception (B.L. : 1800335793);1800335793;;FOURNISSEUR CENTRALE;;Pas de commande associée;O;02/04/2026 00:00;;02/04/2026 12:54;10.000
5d96f745-5a7b-4883-9329-1ba53eeacdaf;100;Réception (B.L. : 1200107255);1200107255;;FOURNISSEUR CENTRALE;;Pas de commande associée;O;26/03/2026 00:00;;26/03/2026 17:11;2.000
5de97ca2-70c0-45c5-9d7b-c612153540bf;100;Réception (B.L. : 1700229742);1700229742;;FOURNISSEUR CENTRALE;;Pas de commande associée;O;02/03/2026 00:00;;02/03/2026 12:22;0.000
5e4508fe-e3f3-4e72-9f40-eaefeba70606;100;Réception (B.L. : 1700229995);1700229995;;FOURNISSEUR CENTRALE;;Pas de commande associée;O;03/03/2026 00:00;;03/03/2026 12:11;15.000
5e48b541-ef15-457f-8881-23db7cc87c4f;100;Réception (B.L. : 1800331139);1800331139;;FOURNISSEUR CENTRALE;;Pas de commande associée;O;14/03/2026 00:00;;14/03/2026 12:21;11.000
5e5acb3c-e35c-4b7f-a2c8-6ebd9ffd6367;100;Réception (B.L. : 1700237019);1700237019;;FOURNISSEUR CENTRALE;;Pas de commande associée;O;07/04/2026 00:00;;07/04/2026 12:21;726.000
5e8ab520-78fd-4c9f-927b-c3dd300b2f0e;100;Réception (B.L. : 1100210289);1100210289;;FOURNISSEUR CENTRALE;;Pas de commande associée;O;03/03/2026 00:00;;03/03/2026 17:03;120.000
5ec98a27-53f6-4977-b057-6075173d0ec3;100;Réception (B.L. : 1800333475);1800333475;;FOURNISSEUR CENTRALE;;Pas de commande associée;O;24/03/2026 00:00;;24/03/2026 17:24;1.000
5f159464-542e-4529-903d-5efcb83ac473;100;Réception (B.L. : 1100210747);1100210747;;FOURNISSEUR CENTRALE;;Pas de commande associée;O;06/03/2026 00:00;;06/03/2026 12:14;15.000
5f3e3b6f-5b0e-4629-a936-c064d0a141df;100;Réception (B.L. : 1800335182);1800335182;;FOURNISSEUR CENTRALE;;Pas de commande associée;O;31/03/2026 00:00;;31/03/2026 12:47;0.000
5f601e91-427c-4b06-bb46-d5789ad677cb;100;Réception (B.L. : 1800334796);1800334796;;FOURNISSEUR CENTRALE;;Pas de commande associée;O;29/03/2026 00:00;;30/03/2026 12:37;194.500
5f60497f-54b3-4f24-819e-e788d4139f6b;100;Réception (B.L. : 1800329388);1800329388;;FOURNISSEUR CENTRALE;;Pas de commande associée;O;09/03/2026 00:00;;09/03/2026 12:36;282.000
5f72413a-ffc4-4c12-8ffb-85c0d0d3f846;100;Réception (B.L. : 1800334576);1800334576;;FOURNISSEUR CENTRALE;;Pas de commande associée;O;27/03/2026 00:00;;27/03/2026 17:27;342.000
5f862778-701e-411b-b8f0-44ee607eb7bc;100;Réception (B.L. : 1100210955);1100210955;;FOURNISSEUR CENTRALE;;Pas de commande associée;O;07/03/2026 00:00;;07/03/2026 12:12;42.000
5f978e84-2a46-4abd-a17a-511b524374ac;100;Réception (B.L. : 1100212467);1100212467;;FOURNISSEUR CENTRALE;;Pas de commande associée;O;18/03/2026 00:00;;18/03/2026 12:10;4893.000
5f9a0892-ec16-4920-86bb-acf4294e794f;100;Réception (B.L. : 1700232279);1700232279;;FOURNISSEUR CENTRALE;;Pas de commande associée;O;13/03/2026 00:00;;13/03/2026 12:13;3048.000
5fe328fb-5881-4103-88f7-51893de8c9a0;100;Réception (B.L. : 1100212775);1100212775;;FOURNISSEUR CENTRALE;;Pas de commande associée;O;19/03/2026 00:00;;19/03/2026 12:27;3.000
601fe79d-d8eb-4890-8109-e60a32f8e5c9;100;Réception (B.L. : 1700232878);1700232878;;FOURNISSEUR CENTRALE;;Pas de commande associée;O;17/03/2026 00:00;;17/03/2026 12:20;48.000
6044a459-c2e0-45a7-99d8-e3c477cdbebb;100;Réception (B.L. : 1800331910);1800331910;;FOURNISSEUR CENTRALE;;Pas de commande associée;O;17/03/2026 00:00;;18/03/2026 12:53;162.000
60b22e79-edf5-4829-ad52-1e7322ce18c4;100;Réception (B.L. : 1100213858);1100213858;;FOURNISSEUR CENTRALE;;Pas de commande associée;O;25/03/2026 00:00;;25/03/2026 12:26;13.000
60de8e29-fcde-47fe-9868-2640967bd62a;100;Réception (B.L. : 1800336578);1800336578;;FOURNISSEUR CENTRALE;;Pas de commande associée;O;06/04/2026 00:00;;06/04/2026 12:41;79.500
60f399dd-d461-4b69-808c-767aee8c5818;100;Réception (B.L. : 1100214336);1100214336;;FOURNISSEUR CENTRALE;;Pas de commande associée;O;27/03/2026 00:00;;27/03/2026 12:12;468.000
6123bd8d-a073-4319-93b2-dfa9880756cc;100;Réception (B.L. : 1100212469);1100212469;;FOURNISSEUR CENTRALE;;Pas de commande associée;O;18/03/2026 00:00;;18/03/2026 12:12;42.000
61403754-e3cb-4cd3-adcd-2c6bec2516af;100;Réception (B.L. : 1700230771);1700230771;;FOURNISSEUR CENTRALE;;Pas de commande associée;O;06/03/2026 00:00;;06/03/2026 12:27;12.000
6141d1b6-5679-4ac4-93b5-1891eff79b07;100;Réception (B.L. : 1700231166);1700231166;;FOURNISSEUR CENTRALE;;Pas de commande associée;O;09/03/2026 00:00;;09/03/2026 12:22;960.000
61a5e288-2e0c-47f0-b6cd-25f6f142d3be;100;Réception (B.L. : 1800330953);1800330953;;FOURNISSEUR CENTRALE;;Pas de commande associée;O;13/03/2026 00:00;;13/03/2026 17:09;121.000
61ad1fb8-3729-4101-89ef-2ca6d3de5ba6;100;Réception (B.L. : 1700233351);1700233351;;FOURNISSEUR CENTRALE;;Pas de commande associée;O;19/03/2026 00:00;;19/03/2026 12:38;36.000
61c0199e-ecb9-478e-a961-959020652694;100;Réception (B.L. : 1700236870);1700236870;;FOURNISSEUR CENTRALE;;Pas de commande associée;O;06/04/2026 00:00;;06/04/2026 12:23;1346.000
61d8d87c-68f3-442a-ba18-b0ffad442396;100;Réception (B.L. : 1700234801);1700234801;;FOURNISSEUR CENTRALE;;Pas de commande associée;O;26/03/2026 00:00;;26/03/2026 12:37;0.000
622c753e-9161-423d-9479-cd7015edb88d;100;Réception (B.L. : 1700232005);1700232005;;FOURNISSEUR CENTRALE;;Pas de commande associée;O;12/03/2026 00:00;;12/03/2026 12:15;789.000
622fb7a6-0de6-4510-826b-c6f7c76572fd;100;Réception (B.L. : 1200105808);1200105808;;FOURNISSEUR CENTRALE;;Pas de commande associée;O;05/03/2026 00:00;;05/03/2026 17:13;0.000
6237c6b3-f7c8-499f-933f-d1714f0aeb3d;100;Réception (B.L. : 1800329913);1800329913;;FOURNISSEUR CENTRALE;;Pas de commande associée;O;10/03/2026 00:00;;10/03/2026 12:41;142.000
625600ee-144b-4a1e-aa0d-911ddf55f50c;100;Réception (B.L. : 1800330952);1800330952;;FOURNISSEUR CENTRALE;;Pas de commande associée;O;13/03/2026 00:00;;13/03/2026 17:08;270.000
625af71e-a2d8-4ed1-a4be-007bd1c65972;100;Réception (B.L. : 1700231054);1700231054;;FOURNISSEUR CENTRALE;;Pas de commande associée;O;07/03/2026 00:00;;07/03/2026 12:16;12.000
62907612-1c44-4274-8be7-31159784ce0e;100;Réception (B.L. : 1700233551);1700233551;;FOURNISSEUR CENTRALE;;Pas de commande associée;O;19/03/2026 00:00;;19/03/2026 23:39;39.000
62ac73ad-7e61-461e-ade2-9d934e9b99cc;100;Réception (B.L. : 1700231550);1700231550;;FOURNISSEUR CENTRALE;;Pas de commande associée;O;10/03/2026 00:00;;10/03/2026 12:11;4025.000
62d54629-aa0b-4388-a51a-a1116f7e5987;100;Réception (B.L. : 1700236453);1700236453;;FOURNISSEUR CENTRALE;;Pas de commande associée;O;03/04/2026 00:00;;03/04/2026 12:29;15.000
63275445-5ba3-43aa-a58a-a13b8a652d28;100;Réception (B.L. : 1700232886);1700232886;;FOURNISSEUR CENTRALE;;Pas de commande associée;O;17/03/2026 00:00;;17/03/2026 12:28;0.000
634f0d24-649d-4368-923d-d74d4ed43fa5;100;Réception (B.L. : 1100213970);1100213970;;FOURNISSEUR CENTRALE;;Pas de commande associée;O;25/03/2026 00:00;;25/03/2026 12:29;114.000
637e8442-ff46-4e80-a403-32040355a436;100;Réception (B.L. : 1700229804);1700229804;;FOURNISSEUR CENTRALE;;Pas de commande associée;O;02/03/2026 00:00;;02/03/2026 12:26;15.000
63a720d5-d22d-4e2d-9840-d64e50ce4503;100;Réception (B.L. : 1800329941);1800329941;;FOURNISSEUR CENTRALE;;Pas de commande associée;O;10/03/2026 00:00;;10/03/2026 17:09;95.000
63d48d05-b16a-4db9-a7b9-e5027d9aa818;100;Réception (B.L. : 1200105810);1200105810;;FOURNISSEUR CENTRALE;;Pas de commande associée;O;05/03/2026 00:00;;05/03/2026 17:15;7.000
64360f5d-7dbb-4cb3-9663-7e98d10263ed;100;Réception (B.L. : 1800330308);1800330308;;FOURNISSEUR CENTRALE;;Pas de commande associée;O;11/03/2026 00:00;;12/03/2026 12:37;1355.970
64b77bf7-65da-4433-80d2-48fff5aecfa1;100;Réception (B.L. : 1200107365);1200107365;;FOURNISSEUR CENTRALE;;Pas de commande associée;O;27/03/2026 00:00;;27/03/2026 12:11;12.000
64e567f8-9b4b-41d4-8fbb-ca36f61e3f4e;100;Réception (B.L. : 1800329353);1800329353;;FOURNISSEUR CENTRALE;;Pas de commande associée;O;07/03/2026 00:00;;07/03/2026 17:11;4.000
64f67273-ee97-4bf6-9240-b357cd4d71a3;100;Réception (B.L. : 1700236300);1700236300;;FOURNISSEUR CENTRALE;;Pas de commande associée;O;03/04/2026 00:00;;03/04/2026 12:22;18.000
657fa367-d049-4008-b94d-ca94e35eff98;100;Réception (B.L. : 1800334778);1800334778;;FOURNISSEUR CENTRALE;;Pas de commande associée;O;28/03/2026 00:00;;28/03/2026 17:11;72.000
658b0a0b-12ee-4961-b563-a251de74e1d8;100;Réception (B.L. : 1800330889);1800330889;;FOURNISSEUR CENTRALE;;Pas de commande associée;O;13/03/2026 00:00;;13/03/2026 12:28;8.000
65b9b3c6-e469-4b07-a965-11f03cc475a1;100;Réception (B.L. : 1100210030);1100210030;;FOURNISSEUR CENTRALE;;Pas de commande associée;O;02/03/2026 00:00;;02/03/2026 12:13;9.000
65d723a9-4840-445a-8176-2041369183d3;100;Réception (B.L. : 1800332538);1800332538;;FOURNISSEUR CENTRALE;;Pas de commande associée;O;19/03/2026 00:00;;20/03/2026 12:29;170.000
662a647f-14a6-462c-90f3-a964c72893f3;100;Réception (B.L. : 1700229744);1700229744;;FOURNISSEUR CENTRALE;;Pas de commande associée;O;02/03/2026 00:00;;02/03/2026 12:24;0.000
662d182f-2e84-4ed9-a9f6-d4b3d1db2b3e;100;Réception (B.L. : 1700236009);1700236009;;FOURNISSEUR CENTRALE;;Pas de commande associée;O;01/04/2026 00:00;;01/04/2026 12:32;38.000
66791dce-3a51-48a2-9f95-582b25e13182;100;Réception (B.L. : 1800329960);1800329960;;FOURNISSEUR CENTRALE;;Pas de commande associée;O;10/03/2026 00:00;;10/03/2026 17:12;240.950
66824538-7447-4239-be48-dfefbee28423;100;Réception (B.L. : 1700233793);1700233793;;FOURNISSEUR CENTRALE;;Pas de commande associée;O;20/03/2026 00:00;;20/03/2026 12:19;15.000
66a1a0ec-cab5-4869-8456-f53ecad50eea;100;Réception (B.L. : 1100212245);1100212245;;FOURNISSEUR CENTRALE;;Pas de commande associée;O;16/03/2026 00:00;;16/03/2026 12:18;24.000
671d33ff-0c63-4c58-93c2-d7495bbd18c2;100;Réception (B.L. : 1200108087);1200108087;;FOURNISSEUR CENTRALE;;Pas de commande associée;O;07/04/2026 00:00;;07/04/2026 12:14;280.000
675b2d55-1891-49ab-82ba-16946989f212;100;Réception (B.L. : 1700231053);1700231053;;FOURNISSEUR CENTRALE;;Pas de commande associée;O;07/03/2026 00:00;;07/03/2026 12:15;6.000
67c748d6-f758-4b43-b3af-5ffdd7e7e279;100;Réception (B.L. : 1800336541);1800336541;;FOURNISSEUR CENTRALE;;Pas de commande associée;O;04/04/2026 00:00;;04/04/2026 17:12;4.000
67fee94a-298d-4bff-86d3-17964fbd6062;100;Réception (B.L. : 1800328838);1800328838;;FOURNISSEUR CENTRALE;;Pas de commande associée;O;05/03/2026 00:00;;06/03/2026 12:36;50.000
67ffebe4-6d19-422c-ae6b-bdeb41bcbe72;100;Réception (B.L. : 1700234558);1700234558;;FOURNISSEUR CENTRALE;;Pas de commande associée;O;25/03/2026 00:00;;25/03/2026 12:41;0.000
68094eb9-9425-4aac-a78b-08407b0b76be;100;Réception (B.L. : 1800327719);1800327719;;FOURNISSEUR CENTRALE;;Pas de commande associée;O;01/03/2026 00:00;;02/03/2026 12:30;2692.000
689c1d40-8583-460a-9a60-8c7f8926de8d;100;Réception (B.L. : 1800333473);1800333473;;FOURNISSEUR CENTRALE;;Pas de commande associée;O;24/03/2026 00:00;;24/03/2026 17:22;164.000
68e8612e-88c6-4d78-bb5a-67842e01a415;100;Réception (B.L. : 1800332483);1800332483;;FOURNISSEUR CENTRALE;;Pas de commande associée;O;19/03/2026 00:00;;19/03/2026 17:30;2.000
68f0ca58-2050-4fe5-b517-7b7788a4d7bb;100;Réception (B.L. : 1100213826);1100213826;;FOURNISSEUR CENTRALE;;Pas de commande associée;O;25/03/2026 00:00;;25/03/2026 12:25;2400.000
69203cc1-4c7a-4a0e-b80f-ac2afeb66493;100;Réception (B.L. : 1700230242);1700230242;;FOURNISSEUR CENTRALE;;Pas de commande associée;O;04/03/2026 00:00;;04/03/2026 12:17;0.000
6921a9e7-2f5d-48e7-9e44-05ace54dd484;100;Réception (B.L. : 1200106324);1200106324;;FOURNISSEUR CENTRALE;;Pas de commande associée;O;12/03/2026 00:00;;12/03/2026 17:10;3.000
697e507e-dcfb-4fa8-870e-f7def5458ba7;100;Réception (B.L. : 1700232007);1700232007;;FOURNISSEUR CENTRALE;;Pas de commande associée;O;12/03/2026 00:00;;12/03/2026 12:17;2300.000
69aa9488-7705-4434-855e-bd9687951951;100;Réception (B.L. : 1800331331);1800331331;;FOURNISSEUR CENTRALE;;Pas de commande associée;O;15/03/2026 00:00;;16/03/2026 12:34;161.000
69f73ed5-9ab4-4914-bea3-294451897b4e;100;Réception (B.L. : 1800328156);1800328156;;FOURNISSEUR CENTRALE;;Pas de commande associée;O;03/03/2026 00:00;;03/03/2026 17:14;88.700
6a45f017-1a23-4dd9-bcb5-142535d77256;100;Réception (B.L. : 1200106112);1200106112;;FOURNISSEUR CENTRALE;;Pas de commande associée;O;10/03/2026 00:00;;10/03/2026 17:03;58.000
6aeb2935-3c12-4f29-bc53-1a1239c944b6;100;Réception (B.L. : 1200106113);1200106113;;FOURNISSEUR CENTRALE;;Pas de commande associée;O;10/03/2026 00:00;;10/03/2026 17:04;4.000
6b14e477-c5b3-4fe6-82a8-d006288a0a01;100;Réception (B.L. : 1100214953);1100214953;;FOURNISSEUR CENTRALE;;Pas de commande associée;O;01/04/2026 00:00;;01/04/2026 12:20;198.000
6b2101b2-9877-458c-a826-d39047ed65b1;100;Réception (B.L. : 1800335037);1800335037;;FOURNISSEUR CENTRALE;;Pas de commande associée;O;30/03/2026 00:00;;31/03/2026 12:35;72.000
6b25bd90-3022-4398-af89-07002e47c120;100;Réception (B.L. : 1800329130);1800329130;;FOURNISSEUR CENTRALE;;Pas de commande associée;O;06/03/2026 00:00;;06/03/2026 17:13;30.000
6b395d52-5282-4db8-b414-2810f4cd3392;100;Réception (B.L. : 1100213680);1100213680;;FOURNISSEUR CENTRALE;;Pas de commande associée;O;24/03/2026 00:00;;24/03/2026 17:16;24.000
6b4647d5-e867-44a3-b5ef-f71773f446f7;100;Réception (B.L. : 1800334473);1800334473;;FOURNISSEUR CENTRALE;;Pas de commande associée;O;27/03/2026 00:00;;27/03/2026 17:16;428.050
6b98c71d-3ab1-49d6-8e01-1d2e6ebf2f56;100;Réception (B.L. : 1800336072);1800336072;;FOURNISSEUR CENTRALE;;Pas de commande associée;O;02/04/2026 00:00;;03/04/2026 12:51;2330.800
6bce5775-9207-4c5d-8b7b-7b645426dac4;100;Réception (B.L. : 1700233354);1700233354;;FOURNISSEUR CENTRALE;;Pas de commande associée;O;19/03/2026 00:00;;19/03/2026 12:41;119.000
6be3efe6-5eab-4265-881c-03c8152d88f4;100;Réception (B.L. : 1100212814);1100212814;;FOURNISSEUR CENTRALE;;Pas de commande associée;O;19/03/2026 00:00;;19/03/2026 17:12;120.000
6c4d3641-73ce-4566-9bdc-32fe585d36c8;100;Réception (B.L. : 1800330310);1800330310;;FOURNISSEUR CENTRALE;;Pas de commande associée;O;11/03/2026 00:00;;12/03/2026 12:39;45.000
6c4df788-afb5-4070-b631-e8a159c93b05;100;Réception (B.L. : 1200107074);1200107074;;FOURNISSEUR CENTRALE;;Pas de commande associée;O;25/03/2026 00:00;;25/03/2026 12:12;4.000
6c6351ea-a15c-43ae-9592-7108bcf8a759;100;Réception (B.L. : 1700232277);1700232277;;FOURNISSEUR CENTRALE;;Pas de commande associée;O;13/03/2026 00:00;;13/03/2026 12:11;705.000
6ca5081d-b48c-492b-904e-80e6c95aed6b;100;Réception (B.L. : 1200106154);1200106154;;FOURNISSEUR CENTRALE;;Pas de commande associée;O;10/03/2026 00:00;;10/03/2026 17:08;13.000
6cba3739-0bb0-42ce-836f-14e5aaf42c07;100;Réception (B.L. : 1800333176);1800333176;;FOURNISSEUR CENTRALE;;Pas de commande associée;O;23/03/2026 00:00;;23/03/2026 12:53;7.000
6cc37ad3-a3b3-4884-b023-4e57352ee76c;100;Réception (B.L. : 1100213664);1100213664;;FOURNISSEUR CENTRALE;;Pas de commande associée;O;24/03/2026 00:00;;24/03/2026 17:11;228.000
6d0955ae-071a-48e0-9899-cd2092f3bbcb;100;Réception (B.L. : 1200107102);1200107102;;FOURNISSEUR CENTRALE;;Pas de commande associée;O;25/03/2026 00:00;;25/03/2026 12:14;4.000
6d3836a1-0b26-425d-9774-4f462e1389ef;100;Réception (B.L. : 1700236459);1700236459;;FOURNISSEUR CENTRALE;;Pas de commande associée;O;03/04/2026 00:00;;03/04/2026 12:32;2409.000
6d4b210b-dd4a-4662-b840-25e29a41b0dc;100;Réception (B.L. : 1100210582);1100210582;;FOURNISSEUR CENTRALE;;Pas de commande associée;O;04/03/2026 00:00;;05/03/2026 12:14;5.000
6d6105a3-7d6d-49dd-b896-e9c9a9f5c7fc;100;Réception (B.L. : 1700230772);1700230772;;FOURNISSEUR CENTRALE;;Pas de commande associée;O;06/03/2026 00:00;;06/03/2026 12:28;240.000
6d8a0551-c559-40e9-acd2-712abc0a495a;100;Réception (B.L. : 1200107506);1200107506;;FOURNISSEUR CENTRALE;;Pas de commande associée;O;30/03/2026 00:00;;30/03/2026 12:11;3.000
6db8b2d0-5522-436b-a3fb-395ceb4ac693;100;Réception (B.L. : 1800332540);1800332540;;FOURNISSEUR CENTRALE;;Pas de commande associée;O;19/03/2026 00:00;;20/03/2026 12:31;448.000
6dfe10ea-682e-49f8-b952-ec55dea021d2;100;Réception (B.L. : 1700231559);1700231559;;FOURNISSEUR CENTRALE;;Pas de commande associée;O;10/03/2026 00:00;;10/03/2026 12:20;216.000
6e1ee16b-4595-4fdf-994a-625dc560e907;100;Réception (B.L. : 1700234864);1700234864;;FOURNISSEUR CENTRALE;;Pas de commande associée;O;26/03/2026 00:00;;26/03/2026 12:38;8.000
6e2af1d2-2d1c-4b1e-ab4f-0befd00d987e;100;Réception (B.L. : 1800333030);1800333030;;FOURNISSEUR CENTRALE;;Pas de commande associée;O;21/03/2026 00:00;;21/03/2026 12:09;237.500
6e6cf0cc-68fd-41fb-8f11-f6677d18d05b;100;Réception (B.L. : 1800328161);1800328161;;FOURNISSEUR CENTRALE;;Pas de commande associée;O;03/03/2026 00:00;;03/03/2026 17:15;18.000
6e714e53-b20b-48f0-b00a-47ca8b86d088;100;Réception (B.L. : 1800332414);1800332414;;FOURNISSEUR CENTRALE;;Pas de commande associée;O;19/03/2026 00:00;;19/03/2026 17:28;2.000
6e8d9200-d9de-4f2d-bb2d-352cc37908bc;100;Réception (B.L. : 1800329911);1800329911;;FOURNISSEUR CENTRALE;;Pas de commande associée;O;10/03/2026 00:00;;10/03/2026 12:39;1.000
6eab745a-3067-4ed2-a267-8593a7aaa6c9;100;Réception (B.L. : 1800329988);1800329988;;FOURNISSEUR CENTRALE;;Pas de commande associée;O;10/03/2026 00:00;;10/03/2026 17:14;2.000
6eb7a3d6-c46a-4b2c-a7f3-da4c70120bd2;100;Réception (B.L. : 1700230554);1700230554;;FOURNISSEUR CENTRALE;;Pas de commande associée;O;05/03/2026 00:00;;05/03/2026 12:18;1608.000
6f66f2ec-3bc7-447f-b8c3-4c9f492a7ad5;100;Réception (B.L. : 1700231784);1700231784;;FOURNISSEUR CENTRALE;;Pas de commande associée;O;11/03/2026 00:00;;11/03/2026 12:18;408.000
6f8430f8-fac5-49c2-a7e2-f50f94d2bb33;100;Réception (B.L. : 1800330596);1800330596;;FOURNISSEUR CENTRALE;;Pas de commande associée;O;12/03/2026 00:00;;12/03/2026 17:16;6.000
6fa33f54-5b1d-4b8a-b588-c61911db5a3c;100;Réception (B.L. : 1800335467);1800335467;;FOURNISSEUR CENTRALE;;Pas de commande associée;O;31/03/2026 00:00;;01/04/2026 12:43;351.000
6fae109f-bcd6-4611-8656-b8d1d16b94ad;100;Réception (B.L. : 1700235806);1700235806;;FOURNISSEUR CENTRALE;;Pas de commande associée;O;31/03/2026 00:00;;01/04/2026 00:41;104.000
6fc92886-0ad2-4d80-a175-3dfc7bb10991;100;Réception (B.L. : 1100210394);1100210394;;FOURNISSEUR CENTRALE;;Pas de commande associée;O;04/03/2026 00:00;;04/03/2026 12:02;8062.000
6ff07551-edf0-498e-910e-2ff4569c02b6;100;Réception (B.L. : 1700235046);1700235046;;FOURNISSEUR CENTRALE;;Pas de commande associée;O;27/03/2026 00:00;;27/03/2026 12:32;48.000
700f1c74-256b-41a3-afab-aef2cf72fa5a;100;Réception (B.L. : 1800332507);1800332507;;FOURNISSEUR CENTRALE;;Pas de commande associée;O;19/03/2026 00:00;;19/03/2026 17:33;24.000
702e393f-b7c3-411a-8acb-73a1634726d6;100;Réception (B.L. : 1700236217);1700236217;;FOURNISSEUR CENTRALE;;Pas de commande associée;O;02/04/2026 00:00;;02/04/2026 12:36;112.000
707f323f-906b-4bc9-9f68-5b172e70ba0b;100;Réception (B.L. : 1100210115);1100210115;;FOURNISSEUR CENTRALE;;Pas de commande associée;O;02/03/2026 00:00;;02/03/2026 17:10;0.000
708ba703-9854-4088-8911-4c847faed0a6;100;Réception (B.L. : 1800328677);1800328677;;FOURNISSEUR CENTRALE;;Pas de commande associée;O;05/03/2026 00:00;;05/03/2026 17:29;9.000
712d0553-4a08-4b82-903a-463f075cadc8;100;Réception (B.L. : 1800331329);1800331329;;FOURNISSEUR CENTRALE;;Pas de commande associée;O;15/03/2026 00:00;;16/03/2026 12:32;117.500
7149fc54-0798-4857-9c14-35f584920fe9;100;Réception (B.L. : 1100215861);1100215861;;FOURNISSEUR CENTRALE;;Pas de commande associée;O;06/04/2026 00:00;;06/04/2026 12:12;678.000
714f8cf5-03b2-442b-bc15-f837071d320d;100;Réception (B.L. : 1800331711);1800331711;;FOURNISSEUR CENTRALE;;Pas de commande associée;O;17/03/2026 00:00;;17/03/2026 17:13;6.000
715306c8-539e-450f-87b4-91969f11a5fe;100;Réception (B.L. : 1100215247);1100215247;;FOURNISSEUR CENTRALE;;Pas de commande associée;O;02/04/2026 00:00;;02/04/2026 12:25;20.000
7189feff-1c72-4203-a282-c849c307d12b;100;Réception (B.L. : 1800335468);1800335468;;FOURNISSEUR CENTRALE;;Pas de commande associée;O;31/03/2026 00:00;;01/04/2026 12:44;480.000
71b9c14a-8262-476a-af5f-a3fb431abda5;100;Réception (B.L. : 1100215470);1100215470;;FOURNISSEUR CENTRALE;;Pas de commande associée;O;03/04/2026 00:00;;03/04/2026 12:19;60.000
71e252b5-3325-4d05-86fc-4a61cd35eb77;100;Réception (B.L. : 1700233318);1700233318;;FOURNISSEUR CENTRALE;;Pas de commande associée;O;18/03/2026 00:00;;19/03/2026 12:29;72.000
721b1965-ca2d-41c8-a2a1-b836c939a8f8;100;Réception (B.L. : 1700236010);1700236010;;FOURNISSEUR CENTRALE;;Pas de commande associée;O;01/04/2026 00:00;;01/04/2026 12:33;60.000
7285a7a0-8de7-4d33-8a91-e369004ef197;100;Réception (B.L. : 1800328485);1800328485;;FOURNISSEUR CENTRALE;;Pas de commande associée;O;04/03/2026 00:00;;05/03/2026 12:33;992.000
72a466db-50f5-4586-8444-80b142e50029;100;Réception (B.L. : 1800328844);1800328844;;FOURNISSEUR CENTRALE;;Pas de commande associée;O;05/03/2026 00:00;;06/03/2026 12:42;12.000
72da3648-3364-42c4-b00b-63a8f17292f2;100;Réception (B.L. : 1800330299);1800330299;;FOURNISSEUR CENTRALE;;Pas de commande associée;O;11/03/2026 00:00;;12/03/2026 12:28;144.000
73066467-79e1-4985-8b9f-e1a566b63770;100;Réception (B.L. : 1800334892);1800334892;;FOURNISSEUR CENTRALE;;Pas de commande associée;O;29/03/2026 00:00;;30/03/2026 12:39;15.000
73d4f90b-ef03-4404-93e5-6a2c8ed393a0;100;Réception (B.L. : 1100215864);1100215864;;FOURNISSEUR CENTRALE;;Pas de commande associée;O;06/04/2026 00:00;;06/04/2026 12:15;324.000
73ebf653-429f-4aa9-a5ef-3968f64d1285;100;Réception (B.L. : 1100213824);1100213824;;FOURNISSEUR CENTRALE;;Pas de commande associée;O;25/03/2026 00:00;;25/03/2026 12:23;50.000
7458405d-53bb-4269-a235-6010f9b08c6f;100;Réception (B.L. : 1800332211);1800332211;;FOURNISSEUR CENTRALE;;Pas de commande associée;O;18/03/2026 00:00;;19/03/2026 12:49;181.000
7472059c-4969-45d1-81f3-c6d1597ab0c6;100;Réception (B.L. : 1700230421);1700230421;;FOURNISSEUR CENTRALE;;Pas de commande associée;O;04/03/2026 00:00;;04/03/2026 23:30;112.000
74d382ec-383a-4458-807b-f14e8f1f68fb;100;Réception (B.L. : 1700230418);1700230418;;FOURNISSEUR CENTRALE;;Pas de commande associée;O;04/03/2026 00:00;;04/03/2026 23:27;346.000
75567731-bddc-4839-9237-57deba7c475b;100;Réception (B.L. : 1200106771);1200106771;;FOURNISSEUR CENTRALE;;Pas de commande associée;O;19/03/2026 00:00;;19/03/2026 12:15;40.000
75707bfe-5ec8-42f4-9241-078dc53b55b2;100;Réception (B.L. : 1100210758);1100210758;;FOURNISSEUR CENTRALE;;Pas de commande associée;O;06/03/2026 00:00;;06/03/2026 12:16;4049.000
7594db3c-2019-4829-a386-26e23975aa47;100;Réception (B.L. : 1700230023);1700230023;;FOURNISSEUR CENTRALE;;Pas de commande associée;O;03/03/2026 00:00;;03/03/2026 12:20;24.000
75b28220-6543-44ca-9e95-32b98a273775;100;Réception (B.L. : 1700234792);1700234792;;FOURNISSEUR CENTRALE;;Pas de commande associée;O;26/03/2026 00:00;;26/03/2026 12:28;12.000
762a05ba-60c7-4eb7-b037-e627747c61ca;100;Réception (B.L. : 1700233959);1700233959;;FOURNISSEUR CENTRALE;;Pas de commande associée;O;23/03/2026 00:00;;23/03/2026 12:32;32.000
76bc5c20-5dcc-45a9-a9e5-7779540bc1b3;100;Réception (B.L. : 1100210620);1100210620;;FOURNISSEUR CENTRALE;;Pas de commande associée;O;05/03/2026 00:00;;05/03/2026 12:15;1.000
77b9badc-5383-423a-a972-e7de66705768;100;Réception (B.L. : 1800329670);1800329670;;FOURNISSEUR CENTRALE;;Pas de commande associée;O;10/03/2026 00:00;;10/03/2026 12:24;430.440
77ecfda4-c852-43ca-9c22-9f60c5179f73;100;Réception (B.L. : 1700230416);1700230416;;FOURNISSEUR CENTRALE;;Pas de commande associée;O;04/03/2026 00:00;;04/03/2026 23:25;18.000
77f424a5-f139-412b-b316-49c4a466ac07;100;Réception (B.L. : 1700232882);1700232882;;FOURNISSEUR CENTRALE;;Pas de commande associée;O;17/03/2026 00:00;;17/03/2026 12:24;24.000
77f8122f-5961-4aa6-95e4-86f0a4adab5c;100;Réception (B.L. : 1700233111);1700233111;;FOURNISSEUR CENTRALE;;Pas de commande associée;O;18/03/2026 00:00;;18/03/2026 12:26;36.000
784a9c24-323b-4238-9574-02ae26f29554;100;Réception (B.L. : 1700230031);1700230031;;FOURNISSEUR CENTRALE;;Pas de commande associée;O;03/03/2026 00:00;;03/03/2026 12:28;15.000
78feb761-9780-42ad-9103-e3598e829535;100;Réception (B.L. : 1100210759);1100210759;;FOURNISSEUR CENTRALE;;Pas de commande associée;O;06/03/2026 00:00;;06/03/2026 12:17;12.000
79188fdc-37b7-4c58-869d-47e7900b0c87;100;Réception (B.L. : 1700230030);1700230030;;FOURNISSEUR CENTRALE;;Pas de commande associée;O;03/03/2026 00:00;;03/03/2026 12:27;0.000
791c86bc-8c10-4efc-9ccc-f62739ed312e;100;Réception (B.L. : 1800329907);1800329907;;FOURNISSEUR CENTRALE;;Pas de commande associée;O;10/03/2026 00:00;;10/03/2026 12:35;26.000
793de84e-e78e-4edd-907d-20d1d86b178d;100;Réception (B.L. : 1700236465);1700236465;;FOURNISSEUR CENTRALE;;Pas de commande associée;O;03/04/2026 00:00;;03/04/2026 12:38;12.000
795346b0-e9e8-416b-bd4d-8c115937d730;100;Réception (B.L. : 1700232955);1700232955;;FOURNISSEUR CENTRALE;;Pas de commande associée;O;17/03/2026 00:00;;17/03/2026 12:31;1.000
79583d3e-5d61-4554-89a3-ea2e8ebb5a78;100;Réception (B.L. : 1100214096);1100214096;;FOURNISSEUR CENTRALE;;Pas de commande associée;O;26/03/2026 00:00;;26/03/2026 12:18;120.000
79b85ca3-dd40-412b-9bd8-0712e18294e1;100;Réception (B.L. : 1700236875);1700236875;;FOURNISSEUR CENTRALE;;Pas de commande associée;O;06/04/2026 00:00;;06/04/2026 12:28;92.000
79cc7629-2339-4741-80d1-796053967bb3;100;Réception (B.L. : 1100212477);1100212477;;FOURNISSEUR CENTRALE;;Pas de commande associée;O;18/03/2026 00:00;;18/03/2026 12:20;12.000
7a1c3a50-c843-4958-b09c-84032bec44e6;100;Réception (B.L. : 1800334579);1800334579;;FOURNISSEUR CENTRALE;;Pas de commande associée;O;27/03/2026 00:00;;27/03/2026 17:30;7.000
7a2a4b72-712b-4eed-9549-c4352a794dff;100;Réception (B.L. : 1700234196);1700234196;;FOURNISSEUR CENTRALE;;Pas de commande associée;O;23/03/2026 00:00;;23/03/2026 12:39;7.000
7a51d3b3-1484-46a6-8cc7-55d778aee2e3;100;Réception (B.L. : 1800332542);1800332542;;FOURNISSEUR CENTRALE;;Pas de commande associée;O;19/03/2026 00:00;;20/03/2026 12:33;55.000
7ab47e25-b5d4-4433-8dd4-8ad18fd13a20;100;Réception (B.L. : 1100215118);1100215118;;FOURNISSEUR CENTRALE;;Pas de commande associée;O;02/04/2026 00:00;;02/04/2026 12:16;24.000
7af3ea03-f0aa-4d45-b486-33b2d39af960;100;Réception (B.L. : 1200105811);1200105811;;FOURNISSEUR CENTRALE;;Pas de commande associée;O;05/03/2026 00:00;;05/03/2026 17:16;2.000
7b1faa4d-00b9-459e-a5a8-4661e01d0690;100;Réception (B.L. : 1700236219);1700236219;;FOURNISSEUR CENTRALE;;Pas de commande associée;O;02/04/2026 00:00;;02/04/2026 12:38;20.000
7b36edc8-ca56-432c-a6c0-3130e74873dd;100;Réception (B.L. : 1800328491);1800328491;;FOURNISSEUR CENTRALE;;Pas de commande associée;O;04/03/2026 00:00;;05/03/2026 12:39;495.000
7b3c0ee7-2847-4538-9199-6f655d0289dd;100;Réception (B.L. : 1700235042);1700235042;;FOURNISSEUR CENTRALE;;Pas de commande associée;O;27/03/2026 00:00;;27/03/2026 12:28;3.000
7b528b61-74dd-4006-922d-135fe136761a;100;Réception (B.L. : 1100213820);1100213820;;FOURNISSEUR CENTRALE;;Pas de commande associée;O;25/03/2026 00:00;;25/03/2026 12:19;24.000
7b9a52a5-8101-4697-bcf6-4e02ca9e3124;100;Réception (B.L. : 1700235680);1700235680;;FOURNISSEUR CENTRALE;;Pas de commande associée;O;31/03/2026 00:00;;31/03/2026 12:32;0.000
7c013804-1657-4e40-8b8d-c75ba82009bd;100;Réception (B.L. : 1100209980);1100209980;;FOURNISSEUR CENTRALE;;Pas de commande associée;O;02/03/2026 00:00;;02/03/2026 12:10;0.000
7cc19921-6ccd-41cc-bec4-93b7d8b4d874;100;Réception (B.L. : 1700230240);1700230240;;FOURNISSEUR CENTRALE;;Pas de commande associée;O;04/03/2026 00:00;;04/03/2026 12:15;12.000
7d0a8932-61dc-4a53-b05c-5d0f289e3f83;100;Réception (B.L. : 1800335047);1800335047;;FOURNISSEUR CENTRALE;;Pas de commande associée;O;30/03/2026 00:00;;31/03/2026 12:45;188.000
7d4a02d4-ee41-433b-a1a2-4c6f4e8aad1f;100;Réception (B.L. : 1800335515);1800335515;;FOURNISSEUR CENTRALE;;Pas de commande associée;O;01/04/2026 00:00;;01/04/2026 12:53;12.000
7d737346-a0ff-4c5a-896d-64dd13e9c326;100;Réception (B.L. : 1800330302);1800330302;;FOURNISSEUR CENTRALE;;Pas de commande associée;O;11/03/2026 00:00;;12/03/2026 12:31;660.000
7d91aaf7-37aa-4e33-85ee-440399865c18;100;Réception (B.L. : 1800330950);1800330950;;FOURNISSEUR CENTRALE;;Pas de commande associée;O;13/03/2026 00:00;;13/03/2026 17:06;2522.970
7e082608-fe9d-4de7-a285-b3da0f94fb46;100;Réception (B.L. : 1800328292);1800328292;;FOURNISSEUR CENTRALE;;Pas de commande associée;O;03/03/2026 00:00;;04/03/2026 12:19;3.000
7e176ba0-383f-471e-9063-29b8824320c1;100;Réception (B.L. : 1800329128);1800329128;;FOURNISSEUR CENTRALE;;Pas de commande associée;O;06/03/2026 00:00;;06/03/2026 17:11;120.000
7e561401-9c95-4c4d-a4bc-3cc9fa458466;100;Réception (B.L. : 1100214949);1100214949;;FOURNISSEUR CENTRALE;;Pas de commande associée;O;01/04/2026 00:00;;01/04/2026 12:16;78.000
7e66608b-a355-4456-b62c-dc0b82f10c9b;100;Réception (B.L. : 1800328678);1800328678;;FOURNISSEUR CENTRALE;;Pas de commande associée;O;05/03/2026 00:00;;05/03/2026 17:30;2.000
7e8c22d6-5b5c-4392-9b89-a3654b8db41b;100;Réception (B.L. : 1800333934);1800333934;;FOURNISSEUR CENTRALE;;Pas de commande associée;O;25/03/2026 00:00;;26/03/2026 12:40;94.800
7e8d0948-2f7c-4887-9d67-5ec218757c39;100;Réception (B.L. : 1700230025);1700230025;;FOURNISSEUR CENTRALE;;Pas de commande associée;O;03/03/2026 00:00;;03/03/2026 12:22;24.000
7e94e594-0933-40df-a807-3d2c121c9c02;100;Réception (B.L. : 1200106732);1200106732;;FOURNISSEUR CENTRALE;;Pas de commande associée;O;19/03/2026 00:00;;19/03/2026 12:11;55.000
7ec109c5-3f67-4b0a-9f28-b60178ea160e;100;Réception (B.L. : 1700234798);1700234798;;FOURNISSEUR CENTRALE;;Pas de commande associée;O;26/03/2026 00:00;;26/03/2026 12:34;6.000
7ec5c1ab-706c-4f8e-a9c3-af589c3e0f93;100;Réception (B.L. : 1800332879);1800332879;;FOURNISSEUR CENTRALE;;Pas de commande associée;O;20/03/2026 00:00;;20/03/2026 17:11;245.000
7f3969be-b23f-40c7-b72e-b55a29b4cbc1;100;Réception (B.L. : 1700231161);1700231161;;FOURNISSEUR CENTRALE;;Pas de commande associée;O;09/03/2026 00:00;;09/03/2026 12:17;20.000
7f3d0fee-a781-43a0-980b-4111876057c6;100;Réception (B.L. : 1700234554);1700234554;;FOURNISSEUR CENTRALE;;Pas de commande associée;O;25/03/2026 00:00;;25/03/2026 12:37;522.000
7f428fa5-61a7-434d-89b4-1288215a524a;100;Réception (B.L. : 1700232276);1700232276;;FOURNISSEUR CENTRALE;;Pas de commande associée;O;13/03/2026 00:00;;13/03/2026 12:10;1220.000
7f5bbd41-5c9b-4b36-9c04-2232b93ff67b;100;Réception (B.L. : 1700233123);1700233123;;FOURNISSEUR CENTRALE;;Pas de commande associée;O;18/03/2026 00:00;;18/03/2026 12:38;103.000
7fa8bb07-4556-473e-b3b5-9913f79c8c08;100;Réception (B.L. : 1700231174);1700231174;;FOURNISSEUR CENTRALE;;Pas de commande associée;O;09/03/2026 00:00;;09/03/2026 12:30;60.000
7fd47736-3de9-450c-9862-ba6e824f5880;100;Réception (B.L. : 1700229740);1700229740;;FOURNISSEUR CENTRALE;;Pas de commande associée;O;02/03/2026 00:00;;02/03/2026 12:20;232.000
8014dde3-50e9-43fe-b43d-6b35bab77ae4;100;Réception (B.L. : 1700235036);1700235036;;FOURNISSEUR CENTRALE;;Pas de commande associée;O;27/03/2026 00:00;;27/03/2026 12:22;66.000
80587107-b1ab-4f33-8d85-201ba4553a3e;100;Réception (B.L. : 1700232495);1700232495;;FOURNISSEUR CENTRALE;;Pas de commande associée;O;14/03/2026 00:00;;14/03/2026 17:01;116.000
805dfa3b-e130-4dab-aac1-a382aa0263c8;100;Réception (B.L. : 1200106300);1200106300;;FOURNISSEUR CENTRALE;;Pas de commande associée;O;12/03/2026 00:00;;12/03/2026 12:02;190.000
807a89d5-d34f-4b00-b975-dad6c5d8d40a;100;Réception (B.L. : 1100215979);1100215979;;FOURNISSEUR CENTRALE;;Pas de commande associée;O;07/04/2026 00:00;;07/04/2026 12:16;6099.000
8111ca8f-c026-45ce-babc-ce7cbcaf4ed3;100;Réception (B.L. : 1800331911);1800331911;;FOURNISSEUR CENTRALE;;Pas de commande associée;O;17/03/2026 00:00;;18/03/2026 12:54;50.000
81295555-3721-43ed-aa4e-9a45fcbad188;100;Réception (B.L. : 1200105584);1200105584;;FOURNISSEUR CENTRALE;;Pas de commande associée;O;03/03/2026 00:00;;03/03/2026 12:02;2.000
813da70c-730c-4fb6-8447-99699ae92fdf;100;Réception (B.L. : 1800327718);1800327718;;FOURNISSEUR CENTRALE;;Pas de commande associée;O;01/03/2026 00:00;;02/03/2026 12:29;274.000
813eecc3-f1a4-4406-9f77-a03bf551a6ee;100;Réception (B.L. : 1800335384);1800335384;;FOURNISSEUR CENTRALE;;Pas de commande associée;O;31/03/2026 00:00;;31/03/2026 17:24;1.000
81998c6f-0474-4d61-8b4d-b9a2ebf03a55;100;Réception (B.L. : 1800335472);1800335472;;FOURNISSEUR CENTRALE;;Pas de commande associée;O;31/03/2026 00:00;;01/04/2026 12:48;1280.998
81e13da5-b732-4bf6-837a-42feb28074f0;100;Réception (B.L. : 1700233961);1700233961;;FOURNISSEUR CENTRALE;;Pas de commande associée;O;23/03/2026 00:00;;23/03/2026 12:34;20.000
81e5efd3-fa57-4ac6-a9a1-4bf3eed5ea7a;100;Réception (B.L. : 1800330068);1800330068;;FOURNISSEUR CENTRALE;;Pas de commande associée;O;10/03/2026 00:00;;11/03/2026 12:31;121.456
82256958-48a9-48b4-91d4-c8b803cd6583;100;Réception (B.L. : 1800336071);1800336071;;FOURNISSEUR CENTRALE;;Pas de commande associée;O;02/04/2026 00:00;;03/04/2026 12:50;2.000
82b20c15-176e-45c8-982c-01d9b09d7fe1;100;Réception (B.L. : 1200107225);1200107225;;FOURNISSEUR CENTRALE;;Pas de commande associée;O;26/03/2026 00:00;;26/03/2026 12:16;1.000
82b98e06-3d8b-413a-8e10-90d7c1f5fc42;100;Réception (B.L. : 1200107477);1200107477;;FOURNISSEUR CENTRALE;;Pas de commande associée;O;28/03/2026 00:00;;28/03/2026 12:12;1.000
82c4cc23-946e-4afa-a6e5-2836931ffa6c;100;Réception (B.L. : 1100210638);1100210638;;FOURNISSEUR CENTRALE;;Pas de commande associée;O;05/03/2026 00:00;;05/03/2026 17:20;5.000
82d38914-c0a4-41ea-ba0d-35a43dc10d0c;100;Réception (B.L. : 1100211671);1100211671;;FOURNISSEUR CENTRALE;;Pas de commande associée;O;12/03/2026 00:00;;12/03/2026 17:13;84.000
82eec9a6-295a-4c0a-a534-f7761b5d269d;100;Réception (B.L. : 1700233288);1700233288;;FOURNISSEUR CENTRALE;;Pas de commande associée;O;18/03/2026 00:00;;18/03/2026 17:04;30.000
8320623c-584b-48c1-bc3d-4f2654cf489d;100;Réception (B.L. : 1100211669);1100211669;;FOURNISSEUR CENTRALE;;Pas de commande associée;O;12/03/2026 00:00;;12/03/2026 17:11;3.000
83697e20-dcb5-4843-a401-2621144c7bec;100;Réception (B.L. : 1700236873);1700236873;;FOURNISSEUR CENTRALE;;Pas de commande associée;O;06/04/2026 00:00;;06/04/2026 12:26;16150.000
83defd20-f7f6-4542-9603-8013122d6e8b;100;Réception (B.L. : 1800332539);1800332539;;FOURNISSEUR CENTRALE;;Pas de commande associée;O;19/03/2026 00:00;;20/03/2026 12:30;2843.300
8406747f-b587-4ebf-a173-576b6f564fa1;100;Réception (B.L. : 1700233545);1700233545;;FOURNISSEUR CENTRALE;;Pas de commande associée;O;19/03/2026 00:00;;19/03/2026 23:33;195.000
843429ce-6144-4ead-8052-de6d425dea38;100;Réception (B.L. : 1800332412);1800332412;;FOURNISSEUR CENTRALE;;Pas de commande associée;O;19/03/2026 00:00;;19/03/2026 17:26;15.000
844fe13b-f6bb-46d3-aacb-c9f2e1cb0d85;100;Réception (B.L. : 1800334793);1800334793;;FOURNISSEUR CENTRALE;;Pas de commande associée;O;29/03/2026 00:00;;30/03/2026 12:34;71.058
84575832-8d5d-43cb-a108-bff5e6a6a04a;100;Réception (B.L. : 1800329906);1800329906;;FOURNISSEUR CENTRALE;;Pas de commande associée;O;10/03/2026 00:00;;10/03/2026 12:34;124.848
84765e81-8255-4610-a6da-ede9c7c557e6;100;Réception (B.L. : 1100210217);1100210217;;FOURNISSEUR CENTRALE;;Pas de commande associée;O;03/03/2026 00:00;;03/03/2026 12:09;14.000
84ce4657-6131-4a7d-891b-48f136757614;100;Réception (B.L. : 1800334279);1800334279;;FOURNISSEUR CENTRALE;;Pas de commande associée;O;26/03/2026 00:00;;27/03/2026 12:44;34.000
84f43701-c17d-49b5-95be-f4d3b509dd54;100;Réception (B.L. : 1100215180);1100215180;;FOURNISSEUR CENTRALE;;Pas de commande associée;O;02/04/2026 00:00;;02/04/2026 12:19;2.000
84fba73f-98b9-4df4-9411-0006efe5d7d6;100;Réception (B.L. : 1800334568);1800334568;;FOURNISSEUR CENTRALE;;Pas de commande associée;O;27/03/2026 00:00;;27/03/2026 17:19;306.000
8514d307-e047-40fe-8059-816912cd0160;100;Réception (B.L. : 1700231553);1700231553;;FOURNISSEUR CENTRALE;;Pas de commande associée;O;10/03/2026 00:00;;10/03/2026 12:14;0.000
852ca3bc-b756-429f-a35f-656ebd95676c;100;Réception (B.L. : 1800333173);1800333173;;FOURNISSEUR CENTRALE;;Pas de commande associée;O;23/03/2026 00:00;;23/03/2026 12:50;12.128
856fd51c-e663-457d-ac26-92850da6b870;100;Réception (B.L. : 1800333484);1800333484;;FOURNISSEUR CENTRALE;;Pas de commande associée;O;24/03/2026 00:00;;24/03/2026 17:33;59.000
8581a173-fbb0-4cdc-b623-e375a507beb3;100;Réception (B.L. : 1700230559);1700230559;;FOURNISSEUR CENTRALE;;Pas de commande associée;O;05/03/2026 00:00;;05/03/2026 12:23;24.000
85b3b6cc-3397-4863-b5ee-ede9581b7856;100;Réception (B.L. : 1800329674);1800329674;;FOURNISSEUR CENTRALE;;Pas de commande associée;O;10/03/2026 00:00;;10/03/2026 12:28;523.230
86040740-70f3-4df6-87a9-dfaf79718fe4;100;Réception (B.L. : 1100211954);1100211954;;FOURNISSEUR CENTRALE;;Pas de commande associée;O;13/03/2026 00:00;;13/03/2026 17:01;48.000
8626ff27-c777-4ab0-8e65-3be375f22cf7;100;Réception (B.L. : 1700236878);1700236878;;FOURNISSEUR CENTRALE;;Pas de commande associée;O;06/04/2026 00:00;;06/04/2026 12:31;12.000
864de942-924c-41e6-a73d-b053e59ee7b4;100;Réception (B.L. : 1800333474);1800333474;;FOURNISSEUR CENTRALE;;Pas de commande associée;O;24/03/2026 00:00;;24/03/2026 17:23;46.000
86596af0-be8f-4aba-ab7b-d8079422f81b;100;Réception (B.L. : 1700237085);1700237085;;FOURNISSEUR CENTRALE;;Pas de commande associée;O;07/04/2026 00:00;;07/04/2026 12:28;14.000
8678b9b2-5816-4d13-9c04-f9ef4dc66b8a;100;Réception (B.L. : 1800333029);1800333029;;FOURNISSEUR CENTRALE;;Pas de commande associée;O;21/03/2026 00:00;;21/03/2026 12:08;112.000
86b97b54-d32f-40ed-833d-3fdcf5e6da0b;100;Réception (B.L. : 1800329396);1800329396;;FOURNISSEUR CENTRALE;;Pas de commande associée;O;09/03/2026 00:00;;09/03/2026 12:44;300.000
86bcdb2f-dff2-4813-b88c-1519150b15dc;100;Réception (B.L. : 1800328843);1800328843;;FOURNISSEUR CENTRALE;;Pas de commande associée;O;05/03/2026 00:00;;06/03/2026 12:41;54.000
876dcb9f-997b-4f57-8081-54f27be791d3;100;Réception (B.L. : 1800328792);1800328792;;FOURNISSEUR CENTRALE;;Pas de commande associée;O;05/03/2026 00:00;;05/03/2026 17:35;3.000
8783bf9f-b82d-4079-bd01-d9cbf19555a9;100;Réception (B.L. : 1700232010);1700232010;;FOURNISSEUR CENTRALE;;Pas de commande associée;O;12/03/2026 00:00;;12/03/2026 12:20;36.000
87bfe7a4-8831-4df5-865b-29771f4aa79c;100;Réception (B.L. : 1800329394);1800329394;;FOURNISSEUR CENTRALE;;Pas de commande associée;O;09/03/2026 00:00;;09/03/2026 12:42;2387.770
87c6723e-7482-4cd9-950e-d9d064dc22a0;100;Réception (B.L. : 1800336287);1800336287;;FOURNISSEUR CENTRALE;;Pas de commande associée;O;03/04/2026 00:00;;03/04/2026 17:11;265.300
883ebdef-80df-4f72-8e2d-6e5227a5cac7;100;Réception (B.L. : 1100214787);1100214787;;FOURNISSEUR CENTRALE;;Pas de commande associée;O;31/03/2026 00:00;;31/03/2026 12:20;30.000
88cf8545-41e2-421c-92c9-903b0387c10f;100;Réception (B.L. : 1800335794);1800335794;;FOURNISSEUR CENTRALE;;Pas de commande associée;O;02/04/2026 00:00;;02/04/2026 12:55;71.000
893c1ad3-ea9e-4618-b6fc-f99a59711433;100;Réception (B.L. : 1700236011);1700236011;;FOURNISSEUR CENTRALE;;Pas de commande associée;O;01/04/2026 00:00;;01/04/2026 12:34;480.000
894a51ee-5f24-4aaa-a83c-d8ab0dc4f8da;100;Réception (B.L. : 1100210155);1100210155;;FOURNISSEUR CENTRALE;;Pas de commande associée;O;03/03/2026 00:00;;03/03/2026 12:08;48.000
89a31c75-ac5f-4ae7-bb15-55cf6ba7e0a4;100;Réception (B.L. : 1700233118);1700233118;;FOURNISSEUR CENTRALE;;Pas de commande associée;O;18/03/2026 00:00;;18/03/2026 12:33;240.000
89d98135-e88a-4d57-ab49-16a4d7ff2660;100;Réception (B.L. : 1200106301);1200106301;;FOURNISSEUR CENTRALE;;Pas de commande associée;O;12/03/2026 00:00;;12/03/2026 12:03;108.000
89e0aaa2-5932-4199-85bd-1388aacff8c6;100;Réception (B.L. : 1800332753);1800332753;;FOURNISSEUR CENTRALE;;Pas de commande associée;O;20/03/2026 00:00;;20/03/2026 12:34;13.000
89e33dfa-e4fd-4a3c-8836-449708258907;100;Réception (B.L. : 1700233549);1700233549;;FOURNISSEUR CENTRALE;;Pas de commande associée;O;19/03/2026 00:00;;19/03/2026 23:37;60.000
89e73f69-3a30-4fc4-9c8c-9c248b2b1ab2;100;Réception (B.L. : 1200105984);1200105984;;FOURNISSEUR CENTRALE;;Pas de commande associée;O;07/03/2026 00:00;;07/03/2026 12:11;104.000
89f12a5a-314b-48d5-b4b9-9ef28dc25135;100;Réception (B.L. : 1100211100);1100211100;;FOURNISSEUR CENTRALE;;Pas de commande associée;O;09/03/2026 00:00;;09/03/2026 12:13;2541.000
89f34986-93b8-480c-b20b-d1f351db4f1b;100;Réception (B.L. : 1800332993);1800332993;;FOURNISSEUR CENTRALE;;Pas de commande associée;O;21/03/2026 00:00;;21/03/2026 12:06;6.000
8a12651b-b62d-43aa-8e9b-543b7e512d95;100;Réception (B.L. : 1800328297);1800328297;;FOURNISSEUR CENTRALE;;Pas de commande associée;O;03/03/2026 00:00;;04/03/2026 12:24;600.000
8a2558d7-6e3b-419a-8985-b8b6d3743a50;100;Réception (B.L. : 1700234589);1700234589;;FOURNISSEUR CENTRALE;;Pas de commande associée;O;25/03/2026 00:00;;25/03/2026 12:44;7.000
8a8f76d4-3873-47fe-8e24-b9d90a4b7275;100;Réception (B.L. : 1800329332);1800329332;;FOURNISSEUR CENTRALE;;Pas de commande associée;O;07/03/2026 00:00;;07/03/2026 12:24;5.000
8b227292-356d-4150-ba18-cefcd0224541;100;Réception (B.L. : 1800333850);1800333850;;FOURNISSEUR CENTRALE;;Pas de commande associée;O;25/03/2026 00:00;;25/03/2026 17:12;280.400
8baf8ab3-8e24-408c-9381-4ddd10dab573;100;Réception (B.L. : 1700233120);1700233120;;FOURNISSEUR CENTRALE;;Pas de commande associée;O;18/03/2026 00:00;;18/03/2026 12:35;16.000
8bb6cee1-400c-4156-8051-23f5cd7e0307;100;Réception (B.L. : 1100214790);1100214790;;FOURNISSEUR CENTRALE;;Pas de commande associée;O;31/03/2026 00:00;;31/03/2026 12:23;12.000
8be52a5a-bb50-4a48-88c5-8192b7e092e7;100;Réception (B.L. : 1700230774);1700230774;;FOURNISSEUR CENTRALE;;Pas de commande associée;O;06/03/2026 00:00;;06/03/2026 12:30;24.000
8bf6c5be-28de-4923-864a-a55ba998b34e;100;Réception (B.L. : 1800330460);1800330460;;FOURNISSEUR CENTRALE;;Pas de commande associée;O;11/03/2026 00:00;;12/03/2026 12:41;5.000
8c0e20b7-daf4-45b0-844f-cd6d44ce4b95;100;Réception (B.L. : 1100214167);1100214167;;FOURNISSEUR CENTRALE;;Pas de commande associée;O;26/03/2026 00:00;;26/03/2026 12:25;18.000
8c5ed771-4cc2-40ff-898f-e515e3ae129a;100;Réception (B.L. : 1800330296);1800330296;;FOURNISSEUR CENTRALE;;Pas de commande associée;O;11/03/2026 00:00;;12/03/2026 12:25;3.200
8c74a6b6-11a9-4df8-ae15-39ce28b7f7a8;100;Réception (B.L. : 1700234337);1700234337;;FOURNISSEUR CENTRALE;;Pas de commande associée;O;24/03/2026 00:00;;24/03/2026 12:40;0.000
8c7794ba-900d-47e0-b059-2589b2987cf7;100;Réception (B.L. : 1800330307);1800330307;;FOURNISSEUR CENTRALE;;Pas de commande associée;O;11/03/2026 00:00;;12/03/2026 12:36;12.000
8c8b43b2-2d3c-4eec-90f2-96735dd926ef;100;Réception (B.L. : 1800335257);1800335257;;FOURNISSEUR CENTRALE;;Pas de commande associée;O;31/03/2026 00:00;;31/03/2026 17:21;102.000
8c9a2c71-3ff0-443f-9260-40e29c3411da;100;Réception (B.L. : 1200105798);1200105798;;FOURNISSEUR CENTRALE;;Pas de commande associée;O;05/03/2026 00:00;;05/03/2026 17:11;3.000
8cc869f7-8bd3-44ce-b323-325d90b82824;100;Réception (B.L. : 1700232284);1700232284;;FOURNISSEUR CENTRALE;;Pas de commande associée;O;13/03/2026 00:00;;13/03/2026 12:18;36.000
8cd76843-cf72-4f15-8e78-5a232e601d48;100;Réception (B.L. : 1700231556);1700231556;;FOURNISSEUR CENTRALE;;Pas de commande associée;O;10/03/2026 00:00;;10/03/2026 12:17;12.000
8cec701a-8b58-4319-a378-379c02a39372;100;Réception (B.L. : 1800335859);1800335859;;FOURNISSEUR CENTRALE;;Pas de commande associée;O;02/04/2026 00:00;;02/04/2026 17:15;154.000
8d6cbe39-9792-40bc-a6a8-78aeeaf5cfa4;100;Réception (B.L. : 1100213285);1100213285;;FOURNISSEUR CENTRALE;;Pas de commande associée;O;23/03/2026 00:00;;23/03/2026 12:12;1412.000
8db3a234-6d1f-423c-9da6-f49f9d110859;100;Réception (B.L. : 1800330629);1800330629;;FOURNISSEUR CENTRALE;;Pas de commande associée;O;12/03/2026 00:00;;13/03/2026 12:25;265.000
8dd594e3-041d-463f-9c14-3ba59d5a94d0;100;Réception (B.L. : 1800336068);1800336068;;FOURNISSEUR CENTRALE;;Pas de commande associée;O;02/04/2026 00:00;;03/04/2026 12:47;158.000
8e6c9ddd-6bdf-4337-8cf4-bc5dc0a02dd4;100;Réception (B.L. : 1700233319);1700233319;;FOURNISSEUR CENTRALE;;Pas de commande associée;O;18/03/2026 00:00;;19/03/2026 12:30;12.000
8ec388f9-9e43-4259-b69f-2e5f360ecdaf;100;Réception (B.L. : 1800335604);1800335604;;FOURNISSEUR CENTRALE;;Pas de commande associée;O;01/04/2026 00:00;;01/04/2026 12:54;0.000
8ecd2c7a-4a0f-484a-bfce-5b6a4b09b591;100;Réception (B.L. : 1100210395);1100210395;;FOURNISSEUR CENTRALE;;Pas de commande associée;O;04/03/2026 00:00;;04/03/2026 12:03;42.000
8ed33484-797e-4bb9-81e7-6446e266f769;100;Réception (B.L. : 1200107903);1200107903;;FOURNISSEUR CENTRALE;;Pas de commande associée;O;03/04/2026 00:00;;03/04/2026 12:11;8.000
8f7563eb-3533-454c-902b-0567b8fa41f5;100;Réception (B.L. : 1100213819);1100213819;;FOURNISSEUR CENTRALE;;Pas de commande associée;O;25/03/2026 00:00;;25/03/2026 12:18;1460.000
8feb70c2-c2d9-4926-9ecd-1c63d998d67e;100;Réception (B.L. : 1800334175);1800334175;;FOURNISSEUR CENTRALE;;Pas de commande associée;O;26/03/2026 00:00;;26/03/2026 12:58;1.000
8ffbafb4-b6a2-4114-8a1a-129d38ad8d24;100;Réception (B.L. : 1100214116);1100214116;;FOURNISSEUR CENTRALE;;Pas de commande associée;O;26/03/2026 00:00;;26/03/2026 12:22;54.000
900256ea-8b2d-437d-98b7-bcb065ae0aae;100;Réception (B.L. : 1800332860);1800332860;;FOURNISSEUR CENTRALE;;Pas de commande associée;O;20/03/2026 00:00;;20/03/2026 17:02;24.000
900774fb-c924-41bd-a090-c4dac1b92b8e;100;Réception (B.L. : 1100214788);1100214788;;FOURNISSEUR CENTRALE;;Pas de commande associée;O;31/03/2026 00:00;;31/03/2026 12:21;4.000
90154795-33f4-4fab-986d-70697b292f59;100;Réception (B.L. : 1800333655);1800333655;;FOURNISSEUR CENTRALE;;Pas de commande associée;O;24/03/2026 00:00;;25/03/2026 12:51;2.000
9047bc09-8e24-4266-8a85-0ac8d3d68539;100;Réception (B.L. : 1800330532);1800330532;;FOURNISSEUR CENTRALE;;Pas de commande associée;O;12/03/2026 00:00;;12/03/2026 12:44;132.694
904d5786-a952-49b3-b74f-a659a738298f;100;Réception (B.L. : 1100213605);1100213605;;FOURNISSEUR CENTRALE;;Pas de commande associée;O;24/03/2026 00:00;;24/03/2026 12:30;13.000
9080d6fa-929e-4d4b-9fd0-b56bce7ec3fd;100;Réception (B.L. : 1700230651);1700230651;;FOURNISSEUR CENTRALE;;Pas de commande associée;O;06/03/2026 00:00;;06/03/2026 12:20;260.000
91ca5b45-167f-418c-9e55-80970f5f9163;100;Réception (B.L. : 1100212474);1100212474;;FOURNISSEUR CENTRALE;;Pas de commande associée;O;18/03/2026 00:00;;18/03/2026 12:17;12.000
91f27864-8acb-4d17-be6d-0dacb28ba688;100;Réception (B.L. : 1800330840);1800330840;;FOURNISSEUR CENTRALE;;Pas de commande associée;O;13/03/2026 00:00;;13/03/2026 12:27;2.000
91f5a43d-fcd6-4370-b01f-8fda795baed8;100;Réception (B.L. : 1800336576);1800336576;;FOURNISSEUR CENTRALE;;Pas de commande associée;O;06/04/2026 00:00;;06/04/2026 12:39;2029.100
929865f1-5d9e-42e1-82a6-440b3f75d292;100;Réception (B.L. : 1100213578);1100213578;;FOURNISSEUR CENTRALE;;Pas de commande associée;O;24/03/2026 00:00;;24/03/2026 12:29;1200.000
92c9969e-36d6-4d1c-84ed-adeb16c94953;100;Réception (B.L. : 1700230237);1700230237;;FOURNISSEUR CENTRALE;;Pas de commande associée;O;04/03/2026 00:00;;04/03/2026 12:12;0.000
92d1c38d-b2bc-4c52-a1cc-0473efc287d8;100;Réception (B.L. : 1700231557);1700231557;;FOURNISSEUR CENTRALE;;Pas de commande associée;O;10/03/2026 00:00;;10/03/2026 12:18;12.000
92d63996-8c0b-44c7-935a-a1b60761cf7c;100;Réception (B.L. : 1700236015);1700236015;;FOURNISSEUR CENTRALE;;Pas de commande associée;O;01/04/2026 00:00;;01/04/2026 12:38;36.000
92d97d9d-3670-4287-a0e3-3aaa0fae7b10;100;Réception (B.L. : 1800336337);1800336337;;FOURNISSEUR CENTRALE;;Pas de commande associée;O;03/04/2026 00:00;;04/04/2026 00:05;431.900
93162c6e-e46a-4b7f-b8d6-99fa8907e0e8;100;Réception (B.L. : 1800328676);1800328676;;FOURNISSEUR CENTRALE;;Pas de commande associée;O;05/03/2026 00:00;;05/03/2026 17:28;71.825
932dd800-412e-4b72-8bb3-a5ede7b6a277;100;Réception (B.L. : 1800328650);1800328650;;FOURNISSEUR CENTRALE;;Pas de commande associée;O;05/03/2026 00:00;;05/03/2026 17:24;1.000
9374429e-e444-4511-8fdc-fac36ffe7f7a;100;Réception (B.L. : 1800328714);1800328714;;FOURNISSEUR CENTRALE;;Pas de commande associée;O;05/03/2026 00:00;;05/03/2026 17:33;191.000
939ad16f-9faa-496c-81be-f22642e5c737;100;Réception (B.L. : 1800336491);1800336491;;FOURNISSEUR CENTRALE;;Pas de commande associée;O;04/04/2026 00:00;;04/04/2026 12:21;5.000
93b3d706-373b-464d-9a34-bb5f3fdd640b;100;Réception (B.L. : 1200106990);1200106990;;FOURNISSEUR CENTRALE;;Pas de commande associée;O;24/03/2026 00:00;;24/03/2026 12:18;7.000
93b95fa2-e99c-4995-9b08-cbeb3b80bfff;100;Réception (B.L. : 1800330069);1800330069;;FOURNISSEUR CENTRALE;;Pas de commande associée;O;10/03/2026 00:00;;11/03/2026 12:32;98.000
93d02d1e-6ee1-4657-8de5-a4347d550eaa;100;Réception (B.L. : 1800331216);1800331216;;FOURNISSEUR CENTRALE;;Pas de commande associée;O;14/03/2026 00:00;;14/03/2026 17:06;82.000
93d48845-924f-4ddb-ab37-532942f88f5e;100;Réception (B.L. : 1700231785);1700231785;;FOURNISSEUR CENTRALE;;Pas de commande associée;O;11/03/2026 00:00;;11/03/2026 12:19;170.000
9405cc3e-0bc2-4b2e-9b2d-4089ca3bc63d;100;Réception (B.L. : 1700230766);1700230766;;FOURNISSEUR CENTRALE;;Pas de commande associée;O;06/03/2026 00:00;;06/03/2026 12:22;719.000
945f39a8-0378-40d1-953b-710b54707aaa;100;Réception (B.L. : 1800333425);1800333425;;FOURNISSEUR CENTRALE;;Pas de commande associée;O;23/03/2026 00:00;;24/03/2026 12:56;7.000
94e0a051-395a-46c9-a1e9-a2797862d1cc;100;Réception (B.L. : 1100210640);1100210640;;FOURNISSEUR CENTRALE;;Pas de commande associée;O;05/03/2026 00:00;;05/03/2026 17:22;12.000
952a572f-b9a5-4e90-92e7-62517539099c;100;Réception (B.L. : 1700231788);1700231788;;FOURNISSEUR CENTRALE;;Pas de commande associée;O;11/03/2026 00:00;;11/03/2026 12:22;12.000
95335ee0-7b16-40ca-be55-45c4ad643ca5;100;Réception (B.L. : 1100211178);1100211178;;FOURNISSEUR CENTRALE;;Pas de commande associée;O;09/03/2026 00:00;;09/03/2026 17:11;18.000
9557d031-d406-42bf-9d2f-732b751fbbdf;100;Réception (B.L. : 1800335042);1800335042;;FOURNISSEUR CENTRALE;;Pas de commande associée;O;30/03/2026 00:00;;31/03/2026 12:40;943.000
9579ed50-a0e1-4652-8a75-d8a4794036ac;100;Réception (B.L. : 1100213575);1100213575;;FOURNISSEUR CENTRALE;;Pas de commande associée;O;24/03/2026 00:00;;24/03/2026 12:26;3395.000
95c7d8d4-d8bc-4c4d-a06b-1734ab66bbd8;100;Réception (B.L. : 1700235678);1700235678;;FOURNISSEUR CENTRALE;;Pas de commande associée;O;31/03/2026 00:00;;31/03/2026 12:30;55.000
966b1241-3ec0-499f-8702-48e6dbd54d5c;100;Réception (B.L. : 1100210757);1100210757;;FOURNISSEUR CENTRALE;;Pas de commande associée;O;06/03/2026 00:00;;06/03/2026 12:15;754.000
96902670-4661-4272-b81a-4b9e802b3001;100;Réception (B.L. : 1700232009);1700232009;;FOURNISSEUR CENTRALE;;Pas de commande associée;O;12/03/2026 00:00;;12/03/2026 12:19;12.000
969f2f9e-7f2d-43d7-85ae-c4e91596ef75;100;Réception (B.L. : 1800336765);1800336765;;FOURNISSEUR CENTRALE;;Pas de commande associée;O;06/04/2026 00:00;;06/04/2026 12:45;1.000
96eee4bf-b77b-4134-abc7-9cf3c1d10ed2;100;Réception (B.L. : 1800328649);1800328649;;FOURNISSEUR CENTRALE;;Pas de commande associée;O;05/03/2026 00:00;;05/03/2026 17:23;7.000
96fa4f03-f425-4374-abc1-3564d471c4a1;100;Réception (B.L. : 1800334108);1800334108;;FOURNISSEUR CENTRALE;;Pas de commande associée;O;26/03/2026 00:00;;26/03/2026 12:55;166.000
9716cbfc-fe11-4017-9b23-28c873507166;100;Réception (B.L. : 1800335254);1800335254;;FOURNISSEUR CENTRALE;;Pas de commande associée;O;31/03/2026 00:00;;31/03/2026 17:18;71.000
97514bb3-3aef-4ef8-8400-9b5acb60eb08;100;Réception (B.L. : 1100213079);1100213079;;FOURNISSEUR CENTRALE;;Pas de commande associée;O;20/03/2026 00:00;;20/03/2026 12:04;0.000
9790ebf6-f900-4bb2-9d1a-81f7f2c3c9a2;100;Réception (B.L. : 1200107643);1200107643;;FOURNISSEUR CENTRALE;;Pas de commande associée;O;31/03/2026 00:00;;31/03/2026 12:16;10.000
98199a66-d513-4ef9-8bf1-37e2224739a1;100;Réception (B.L. : 1800336579);1800336579;;FOURNISSEUR CENTRALE;;Pas de commande associée;O;06/04/2026 00:00;;06/04/2026 12:42;593.000
9829a2da-b173-4b73-a74d-4d42f8fcefda;100;Réception (B.L. : 1800331214);1800331214;;FOURNISSEUR CENTRALE;;Pas de commande associée;O;14/03/2026 00:00;;14/03/2026 17:04;183.000
983b825a-9d1a-44c9-9eff-3fe18373b33f;100;Réception (B.L. : 1800330280);1800330280;;FOURNISSEUR CENTRALE;;Pas de commande associée;O;11/03/2026 00:00;;11/03/2026 17:05;1.800
98666c8e-5920-44ff-bc55-06c8e90f903f;100;Réception (B.L. : 1700233956);1700233956;;FOURNISSEUR CENTRALE;;Pas de commande associée;O;23/03/2026 00:00;;23/03/2026 12:29;0.000
9913a08b-4199-4b38-abdf-02f09985c6c8;100;Réception (B.L. : 1700234797);1700234797;;FOURNISSEUR CENTRALE;;Pas de commande associée;O;26/03/2026 00:00;;26/03/2026 12:33;28.000
99267dd8-57c4-4326-a2c7-887d11f7be2c;100;Réception (B.L. : 1200107719);1200107719;;FOURNISSEUR CENTRALE;;Pas de commande associée;O;01/04/2026 00:00;;01/04/2026 12:12;1.000
99334670-203a-4102-aa05-45c0f93938f9;100;Réception (B.L. : 1700236422);1700236422;;FOURNISSEUR CENTRALE;;Pas de commande associée;O;03/04/2026 00:00;;03/04/2026 12:28;166.000
994b256b-ae4c-4e88-89c3-6179c1ae0199;100;Réception (B.L. : 1100214204);1100214204;;FOURNISSEUR CENTRALE;;Pas de commande associée;O;26/03/2026 00:00;;26/03/2026 17:14;36.000
994bc54d-cc55-460d-bf30-87b6e8d881d6;100;Réception (B.L. : 1800336857);1800336857;;FOURNISSEUR CENTRALE;;Pas de commande associée;O;06/04/2026 00:00;;07/04/2026 12:36;318.000
9994ec7e-546f-4cfd-b6fc-72073b3a9568;100;Réception (B.L. : 1800327907);1800327907;;FOURNISSEUR CENTRALE;;Pas de commande associée;O;02/03/2026 00:00;;03/03/2026 12:36;2510.000
999848ec-22b0-4539-b398-0f742ea00be0;100;Réception (B.L. : 1100212774);1100212774;;FOURNISSEUR CENTRALE;;Pas de commande associée;O;19/03/2026 00:00;;19/03/2026 12:26;14.000
99bbef6a-476e-4dc5-b6fc-529e37c43cfb;100;Réception (B.L. : 1700231168);1700231168;;FOURNISSEUR CENTRALE;;Pas de commande associée;O;09/03/2026 00:00;;09/03/2026 12:24;15.000
9a130da0-74bf-41e2-82be-5c45e5d5600d;100;Réception (B.L. : 1100215243);1100215243;;FOURNISSEUR CENTRALE;;Pas de commande associée;O;02/04/2026 00:00;;02/04/2026 12:21;26.000
9a5da26f-2182-49ca-bae0-ba5f2fb723b2;100;Réception (B.L. : 1200105824);1200105824;;FOURNISSEUR CENTRALE;;Pas de commande associée;O;05/03/2026 00:00;;05/03/2026 17:19;3.000
9a675aff-2120-4cad-82dd-18fd2852ffb1;100;Réception (B.L. : 1200107207);1200107207;;FOURNISSEUR CENTRALE;;Pas de commande associée;O;26/03/2026 00:00;;26/03/2026 12:10;10.000
9aaa1a95-9b0f-447c-9015-544a2c839fb2;100;Réception (B.L. : 1100214139);1100214139;;FOURNISSEUR CENTRALE;;Pas de commande associée;O;26/03/2026 00:00;;26/03/2026 12:23;2.000
9afa2c60-2165-4276-b0eb-cb337948e47b;100;Réception (B.L. : 1200106982);1200106982;;FOURNISSEUR CENTRALE;;Pas de commande associée;O;24/03/2026 00:00;;24/03/2026 12:12;8.000
9b111aa1-4195-4c6f-a180-5f81e8ddbc09;100;Réception (B.L. : 1200105812);1200105812;;FOURNISSEUR CENTRALE;;Pas de commande associée;O;05/03/2026 00:00;;05/03/2026 17:17;6.000
9b4b5aff-aed1-4eb7-b32c-220ed4b14513;100;Réception (B.L. : 1800330628);1800330628;;FOURNISSEUR CENTRALE;;Pas de commande associée;O;12/03/2026 00:00;;13/03/2026 12:24;411.200
9b5044a6-6d0a-433f-93e3-a6ad82d40771;100;Réception (B.L. : 1800330487);1800330487;;FOURNISSEUR CENTRALE;;Pas de commande associée;O;12/03/2026 00:00;;12/03/2026 12:42;39.200
9b52cd63-2363-487e-997b-b5a87add4977;100;Réception (B.L. : 1800329675);1800329675;;FOURNISSEUR CENTRALE;;Pas de commande associée;O;10/03/2026 00:00;;10/03/2026 12:29;27.928
9c5323c3-bc8a-4629-8cfe-ee5a2a194533;100;Réception (B.L. : 1700233114);1700233114;;FOURNISSEUR CENTRALE;;Pas de commande associée;O;18/03/2026 00:00;;18/03/2026 12:29;3000.000
9c6aeea6-3be2-4f89-ba60-726743e13bf3;100;Réception (B.L. : 1700235454);1700235454;;FOURNISSEUR CENTRALE;;Pas de commande associée;O;30/03/2026 00:00;;30/03/2026 12:25;0.000
9c98667d-83f6-48bf-92d6-b4d8126caa18;100;Réception (B.L. : 1200107006);1200107006;;FOURNISSEUR CENTRALE;;Pas de commande associée;O;24/03/2026 00:00;;24/03/2026 12:23;32.000
9cbd2d40-6ef9-40a8-adb3-de0cb5a3dc81;100;Réception (B.L. : 1700234338);1700234338;;FOURNISSEUR CENTRALE;;Pas de commande associée;O;24/03/2026 00:00;;24/03/2026 12:41;12.000
9cc93952-3861-456c-b6cc-761d050c8884;100;Réception (B.L. : 1800336573);1800336573;;FOURNISSEUR CENTRALE;;Pas de commande associée;O;06/04/2026 00:00;;06/04/2026 12:36;133.000
9ce25ec9-aaa3-415f-bb50-56fe6f2eca4b;100;Réception (B.L. : 1700230562);1700230562;;FOURNISSEUR CENTRALE;;Pas de commande associée;O;05/03/2026 00:00;;05/03/2026 12:26;66.000
9d0677c6-e03e-4d5e-9e90-e099e34a8eef;100;Réception (B.L. : 1100214802);1100214802;;FOURNISSEUR CENTRALE;;Pas de commande associée;O;31/03/2026 00:00;;31/03/2026 12:25;12.000
9d0d980e-f403-4852-9d85-fdd8413b70bf;100;Réception (B.L. : 1800331212);1800331212;;FOURNISSEUR CENTRALE;;Pas de commande associée;O;14/03/2026 00:00;;14/03/2026 17:02;400.000
9d2bd022-0925-4ae4-8865-16fd4259bc5f;100;Réception (B.L. : 1800335936);1800335936;;FOURNISSEUR CENTRALE;;Pas de commande associée;O;02/04/2026 00:00;;02/04/2026 17:22;747.750
9d9cd6f5-9704-44d1-b2dc-ad84ba57d5e8;100;Réception (B.L. : 1800335473);1800335473;;FOURNISSEUR CENTRALE;;Pas de commande associée;O;31/03/2026 00:00;;01/04/2026 12:49;212.561
9dcf8888-1861-4d17-b3de-e02a148b7558;100;Réception (B.L. : 1800336335);1800336335;;FOURNISSEUR CENTRALE;;Pas de commande associée;O;03/04/2026 00:00;;04/04/2026 00:03;7.398
9e5ca924-4cce-4dc7-baa6-5389ff9ebcd6;100;Réception (B.L. : 1800331163);1800331163;;FOURNISSEUR CENTRALE;;Pas de commande associée;O;14/03/2026 00:00;;14/03/2026 12:22;139.000
9e64b05f-4ff1-4723-9efd-a8b004fa66eb;100;Réception (B.L. : 1800329397);1800329397;;FOURNISSEUR CENTRALE;;Pas de commande associée;O;09/03/2026 00:00;;09/03/2026 12:45;816.000
9e6514a9-be1a-4937-8fe5-ecfb619f0a5e;100;Réception (B.L. : 1800335635);1800335635;;FOURNISSEUR CENTRALE;;Pas de commande associée;O;01/04/2026 00:00;;02/04/2026 12:45;548.000
9e7bf883-1af3-4a73-a6c9-54d830415246;100;Réception (B.L. : 1800332409);1800332409;;FOURNISSEUR CENTRALE;;Pas de commande associée;O;19/03/2026 00:00;;19/03/2026 17:23;29.600
9eb07d1c-3f35-428d-8aec-778058cc00f3;100;Réception (B.L. : 1800332124);1800332124;;FOURNISSEUR CENTRALE;;Pas de commande associée;O;18/03/2026 00:00;;18/03/2026 13:04;71.850
9ee6e609-b9ed-4862-9da2-bfb10a1c7726;100;Réception (B.L. : 1800332808);1800332808;;FOURNISSEUR CENTRALE;;Pas de commande associée;O;20/03/2026 00:00;;20/03/2026 12:36;43.534
9f01473f-663f-4305-8830-0a55a128ccf8;100;Réception (B.L. : 1800332863);1800332863;;FOURNISSEUR CENTRALE;;Pas de commande associée;O;20/03/2026 00:00;;20/03/2026 17:03;1.000
9f25136a-e6ef-4ec0-b886-5c7a703241fe;100;Réception (B.L. : 1100210621);1100210621;;FOURNISSEUR CENTRALE;;Pas de commande associée;O;05/03/2026 00:00;;05/03/2026 12:16;7.000
9f313635-155d-4862-8731-230a33c75fd1;100;Réception (B.L. : 1100212471);1100212471;;FOURNISSEUR CENTRALE;;Pas de commande associée;O;18/03/2026 00:00;;18/03/2026 12:14;6.000
9f31cb68-7515-44cd-bda6-1ee58a97f4d8;100;Réception (B.L. : 1800333938);1800333938;;FOURNISSEUR CENTRALE;;Pas de commande associée;O;25/03/2026 00:00;;26/03/2026 12:44;0.000
9f69ffe2-e18e-43cd-ae34-a1b5c8c426e6;100;Réception (B.L. : 1800333891);1800333891;;FOURNISSEUR CENTRALE;;Pas de commande associée;O;25/03/2026 00:00;;25/03/2026 17:13;9.100
9fc84674-f6aa-4486-90e8-76a3e84a8b0f;100;Réception (B.L. : 1100215568);1100215568;;FOURNISSEUR CENTRALE;;Pas de commande associée;O;03/04/2026 00:00;;03/04/2026 12:21;10.000
9fcd7f30-3621-4569-902c-8aeaa994fd97;100;Réception (B.L. : 1100215038);1100215038;;FOURNISSEUR CENTRALE;;Pas de commande associée;O;01/04/2026 00:00;;01/04/2026 12:24;24.000
a021182c-8750-4c9a-893e-95a381c9bc1c;100;Réception (B.L. : 1700234343);1700234343;;FOURNISSEUR CENTRALE;;Pas de commande associée;O;24/03/2026 00:00;;24/03/2026 12:46;30.000
a05aad01-98bb-422d-818c-136ff591e88f;100;Réception (B.L. : 1700231169);1700231169;;FOURNISSEUR CENTRALE;;Pas de commande associée;O;09/03/2026 00:00;;09/03/2026 12:25;0.000
a05b1355-a939-45f9-9f61-191286d0e096;100;Réception (B.L. : 1100216039);1100216039;;FOURNISSEUR CENTRALE;;Pas de commande associée;O;07/04/2026 00:00;;07/04/2026 12:19;10.000
a061359f-b94e-47b6-8a0c-2c56e9d100a5;100;Réception (B.L. : 1800333167);1800333167;;FOURNISSEUR CENTRALE;;Pas de commande associée;O;23/03/2026 00:00;;23/03/2026 12:44;370.000
a087dec5-c5e5-474c-863a-10fbccd788dc;100;Réception (B.L. : 1800328486);1800328486;;FOURNISSEUR CENTRALE;;Pas de commande associée;O;04/03/2026 00:00;;05/03/2026 12:34;24.000
a0b72c5c-1160-4ebd-8572-a17688d44a7e;100;Réception (B.L. : 1800333481);1800333481;;FOURNISSEUR CENTRALE;;Pas de commande associée;O;24/03/2026 00:00;;24/03/2026 17:30;6.000
a0cbe983-7080-4ee7-aa5b-2de6f5c40195;100;Réception (B.L. : 1800330071);1800330071;;FOURNISSEUR CENTRALE;;Pas de commande associée;O;10/03/2026 00:00;;11/03/2026 12:34;2190.970
a0e65b30-4740-4d77-94c6-56eb1462c38e;100;Réception (B.L. : 1700235675);1700235675;;FOURNISSEUR CENTRALE;;Pas de commande associée;O;31/03/2026 00:00;;31/03/2026 12:27;24.000
a0f63e17-bf8c-4b93-bbd2-ed034abac4e5;100;Réception (B.L. : 1200106096);1200106096;;FOURNISSEUR CENTRALE;;Pas de commande associée;O;10/03/2026 00:00;;10/03/2026 12:02;5.000
a0f831a5-d298-426b-8abd-cd9877e7c955;100;Réception (B.L. : 1200106299);1200106299;;FOURNISSEUR CENTRALE;;Pas de commande associée;O;12/03/2026 00:00;;12/03/2026 12:01;60.000
a1010a19-32ca-4a7b-a680-750f2c3e755c;100;Réception (B.L. : 1700230236);1700230236;;FOURNISSEUR CENTRALE;;Pas de commande associée;O;04/03/2026 00:00;;04/03/2026 12:11;72.000
a10d10c9-e342-4c7c-bf1b-aa0843fc5c84;100;Réception (B.L. : 1700229737);1700229737;;FOURNISSEUR CENTRALE;;Pas de commande associée;O;02/03/2026 00:00;;02/03/2026 12:17;321.000
a152af88-2ae4-41f3-9e99-f16c673027aa;100;Réception (B.L. : 1700234339);1700234339;;FOURNISSEUR CENTRALE;;Pas de commande associée;O;24/03/2026 00:00;;24/03/2026 12:42;276.000
a16fd31c-59d8-488b-9601-10b64fde7d19;100;Réception (B.L. : 1800330306);1800330306;;FOURNISSEUR CENTRALE;;Pas de commande associée;O;11/03/2026 00:00;;12/03/2026 12:35;356.000
a1d69bc6-bc83-4b80-868c-42b6e90f41b0;100;Réception (B.L. : 1100214339);1100214339;;FOURNISSEUR CENTRALE;;Pas de commande associée;O;27/03/2026 00:00;;27/03/2026 12:15;0.000
a1e08589-1401-4702-9c25-f6dae13f3db1;100;Réception (B.L. : 1100212221);1100212221;;FOURNISSEUR CENTRALE;;Pas de commande associée;O;16/03/2026 00:00;;16/03/2026 12:15;26.000
a1e1256c-9f44-4d55-a9f3-6d68c25bde50;100;Réception (B.L. : 1100215862);1100215862;;FOURNISSEUR CENTRALE;;Pas de commande associée;O;06/04/2026 00:00;;06/04/2026 12:13;8687.000
a21f6f78-99be-4f3e-9c0e-3b3394464262;100;Réception (B.L. : 1800333164);1800333164;;FOURNISSEUR CENTRALE;;Pas de commande associée;O;23/03/2026 00:00;;23/03/2026 12:41;1079.000
a25c6408-7376-4a8e-ad35-0c5cca28d68a;100;Réception (B.L. : 1100212476);1100212476;;FOURNISSEUR CENTRALE;;Pas de commande associée;O;18/03/2026 00:00;;18/03/2026 12:19;24.000
a27755f1-a9a1-4ac7-bbbf-3a8fc9e05da7;100;Réception (B.L. : 1100215980);1100215980;;FOURNISSEUR CENTRALE;;Pas de commande associée;O;07/04/2026 00:00;;07/04/2026 12:17;34.000
a2900b94-42eb-4ed8-825e-31405e3c3eba;100;Réception (B.L. : 1800329331);1800329331;;FOURNISSEUR CENTRALE;;Pas de commande associée;O;07/03/2026 00:00;;07/03/2026 12:23;328.200
a2a6f222-1d56-4529-9e24-5385274e9303;100;Réception (B.L. : 1800330627);1800330627;;FOURNISSEUR CENTRALE;;Pas de commande associée;O;12/03/2026 00:00;;13/03/2026 12:23;2759.458
a2a97f4c-7436-4b5b-ae60-8db5befda735;100;Réception (B.L. : 1700234550);1700234550;;FOURNISSEUR CENTRALE;;Pas de commande associée;O;25/03/2026 00:00;;25/03/2026 12:35;141.000
a2bb05a6-8788-4906-91b0-0ccabed35822;100;Réception (B.L. : 1700236218);1700236218;;FOURNISSEUR CENTRALE;;Pas de commande associée;O;02/04/2026 00:00;;02/04/2026 12:37;82.000
a2ccb687-a9e6-4da5-b9e0-8f81c489fc6b;100;Réception (B.L. : 1100212475);1100212475;;FOURNISSEUR CENTRALE;;Pas de commande associée;O;18/03/2026 00:00;;18/03/2026 12:18;6.000
a3097eef-79c0-4251-b61d-dd392e691f01;100;Réception (B.L. : 1700236004);1700236004;;FOURNISSEUR CENTRALE;;Pas de commande associée;O;01/04/2026 00:00;;01/04/2026 12:27;848.000
a362e6fd-bed2-4a97-b59e-62b1fc774613;100;Réception (B.L. : 1800332213);1800332213;;FOURNISSEUR CENTRALE;;Pas de commande associée;O;18/03/2026 00:00;;19/03/2026 12:51;21.000
a36a2a29-18a8-4575-a42a-fe5360c16c07;100;Réception (B.L. : 1800335046);1800335046;;FOURNISSEUR CENTRALE;;Pas de commande associée;O;30/03/2026 00:00;;31/03/2026 12:44;2423.900
a36cf3e3-ba90-4381-84a1-7006ee3c2ff3;100;Réception (B.L. : 1800327903);1800327903;;FOURNISSEUR CENTRALE;;Pas de commande associée;O;02/03/2026 00:00;;03/03/2026 12:32;425.276
a3f88797-3daa-48d8-90af-fd53b24ae242;100;Réception (B.L. : 1800336339);1800336339;;FOURNISSEUR CENTRALE;;Pas de commande associée;O;03/04/2026 00:00;;04/04/2026 00:07;226.000
a468ab0f-2eab-4f78-b7f9-3a2071adc3c5;100;Réception (B.L. : 1800330300);1800330300;;FOURNISSEUR CENTRALE;;Pas de commande associée;O;11/03/2026 00:00;;12/03/2026 12:29;600.000
a4fea86c-8405-4902-b756-7d6d15fb4c02;100;Réception (B.L. : 1800330072);1800330072;;FOURNISSEUR CENTRALE;;Pas de commande associée;O;10/03/2026 00:00;;11/03/2026 12:35;190.500
a51ed941-3da2-4195-a31c-bebf8a180424;100;Réception (B.L. : 1100215304);1100215304;;FOURNISSEUR CENTRALE;;Pas de commande associée;O;02/04/2026 00:00;;02/04/2026 17:12;48.000
a52e460c-36fe-4374-943d-e82789a66b46;100;Réception (B.L. : 1200107663);1200107663;;FOURNISSEUR CENTRALE;;Pas de commande associée;O;31/03/2026 00:00;;31/03/2026 12:17;4.000
a55b1731-89fd-42bd-9bfb-dcde9dd9a976;100;Réception (B.L. : 1800336575);1800336575;;FOURNISSEUR CENTRALE;;Pas de commande associée;O;06/04/2026 00:00;;06/04/2026 12:38;406.000
a57a1bd5-a46d-42ba-baf9-411fde65e2c1;100;Réception (B.L. : 1800328848);1800328848;;FOURNISSEUR CENTRALE;;Pas de commande associée;O;05/03/2026 00:00;;06/03/2026 12:46;329.000
a5a7db8e-56f4-48dc-81a2-93719a570fbb;100;Réception (B.L. : 1800334791);1800334791;;FOURNISSEUR CENTRALE;;Pas de commande associée;O;29/03/2026 00:00;;30/03/2026 12:32;46.000
a5d4f004-0422-452e-8609-eca0168bd5dd;100;Réception (B.L. : 1800333653);1800333653;;FOURNISSEUR CENTRALE;;Pas de commande associée;O;24/03/2026 00:00;;25/03/2026 12:49;313.923
a5e82d76-75cd-48cd-ba23-f81f66928c71;100;Réception (B.L. : 1800333940);1800333940;;FOURNISSEUR CENTRALE;;Pas de commande associée;O;25/03/2026 00:00;;26/03/2026 12:46;218.000
a606f5f1-7d3d-4a62-857f-3a09f1622429;100;Réception (B.L. : 1700237021);1700237021;;FOURNISSEUR CENTRALE;;Pas de commande associée;O;07/04/2026 00:00;;07/04/2026 12:23;270.000
a61cb3a3-abff-43cf-919c-9e293c1b49c6;100;Réception (B.L. : 1200107210);1200107210;;FOURNISSEUR CENTRALE;;Pas de commande associée;O;26/03/2026 00:00;;26/03/2026 12:13;12.000
a6e00606-c129-4e87-8ef9-1d7074c694d7;100;Réception (B.L. : 1700233964);1700233964;;FOURNISSEUR CENTRALE;;Pas de commande associée;O;23/03/2026 00:00;;23/03/2026 12:37;147.000
a706b1d8-e990-424b-8ec5-6fce0b22cb3c;100;Réception (B.L. : 1800328077);1800328077;;FOURNISSEUR CENTRALE;;Pas de commande associée;O;03/03/2026 00:00;;03/03/2026 17:10;1.000
a71c23ca-a827-409f-ad12-d6c1205f6dcf;100;Réception (B.L. : 1800335250);1800335250;;FOURNISSEUR CENTRALE;;Pas de commande associée;O;31/03/2026 00:00;;31/03/2026 17:14;126.000
a725a50d-0bb6-49ff-9bd3-dd8c6ce41044;100;Réception (B.L. : 1700230558);1700230558;;FOURNISSEUR CENTRALE;;Pas de commande associée;O;05/03/2026 00:00;;05/03/2026 12:22;374.000
a740aaee-3807-4b4c-bd48-c9449f13c749;100;Réception (B.L. : 1700236419);1700236419;;FOURNISSEUR CENTRALE;;Pas de commande associée;O;03/04/2026 00:00;;03/04/2026 12:25;122.000
a7aa1f65-c2ca-4a4c-8505-d5418ad1c2e2;100;Réception (B.L. : 1200106123);1200106123;;FOURNISSEUR CENTRALE;;Pas de commande associée;O;10/03/2026 00:00;;10/03/2026 17:07;4.000
a7d3e472-4a54-4e74-ba6c-e364f1bf1bec;100;Réception (B.L. : 1800335249);1800335249;;FOURNISSEUR CENTRALE;;Pas de commande associée;O;31/03/2026 00:00;;31/03/2026 17:13;135.000
a7d96cd5-b7a8-45c6-85a4-c698a78bc45a;100;Réception (B.L. : 1700230417);1700230417;;FOURNISSEUR CENTRALE;;Pas de commande associée;O;04/03/2026 00:00;;04/03/2026 23:26;224.000
a800e03e-0e4d-4b63-9a82-a23b3db824fe;100;Réception (B.L. : 1800328488);1800328488;;FOURNISSEUR CENTRALE;;Pas de commande associée;O;04/03/2026 00:00;;05/03/2026 12:36;15.000
a844371f-7b09-47e3-b60e-d1160718dae5;100;Réception (B.L. : 1800336066);1800336066;;FOURNISSEUR CENTRALE;;Pas de commande associée;O;02/04/2026 00:00;;03/04/2026 12:45;94.326
a8746e26-7632-4dae-b296-d2a3faf9b965;100;Réception (B.L. : 1700230022);1700230022;;FOURNISSEUR CENTRALE;;Pas de commande associée;O;03/03/2026 00:00;;03/03/2026 12:19;0.000
a887d3aa-de04-414e-8a33-68587cc5de6c;100;Réception (B.L. : 1200107640);1200107640;;FOURNISSEUR CENTRALE;;Pas de commande associée;O;31/03/2026 00:00;;31/03/2026 12:13;25.000
a8950d98-fdb8-4865-b777-ef0c884d22e2;100;Réception (B.L. : 1100211467);1100211467;;FOURNISSEUR CENTRALE;;Pas de commande associée;O;11/03/2026 00:00;;11/03/2026 12:12;8416.000
a8b86b72-9e0c-4bdc-9910-7044b9c16355;100;Réception (B.L. : 1800328490);1800328490;;FOURNISSEUR CENTRALE;;Pas de commande associée;O;04/03/2026 00:00;;05/03/2026 12:38;50.000
a8dc1502-45ab-4dcf-a72e-75299dc08f48;100;Réception (B.L. : 1800329489);1800329489;;FOURNISSEUR CENTRALE;;Pas de commande associée;O;09/03/2026 00:00;;09/03/2026 12:47;11.000
a8ec0425-5762-403b-9f4f-c3daa0b03872;100;Réception (B.L. : 1100215246);1100215246;;FOURNISSEUR CENTRALE;;Pas de commande associée;O;02/04/2026 00:00;;02/04/2026 12:24;4.000
a9243aee-93c3-4111-abce-678103ae959d;100;Réception (B.L. : 1700236008);1700236008;;FOURNISSEUR CENTRALE;;Pas de commande associée;O;01/04/2026 00:00;;01/04/2026 12:31;0.000
a93bcd55-72ed-4d8b-b033-705a6f5d27e8;100;Réception (B.L. : 1200106731);1200106731;;FOURNISSEUR CENTRALE;;Pas de commande associée;O;19/03/2026 00:00;;19/03/2026 12:10;444.000
a960814f-72dd-498a-a946-c00ec4fc09cd;100;Réception (B.L. : 1800334109);1800334109;;FOURNISSEUR CENTRALE;;Pas de commande associée;O;26/03/2026 00:00;;26/03/2026 12:56;123.000
a99b2e25-ed6f-4172-96d8-f42ec6051e15;100;Réception (B.L. : 1800329759);1800329759;;FOURNISSEUR CENTRALE;;Pas de commande associée;O;09/03/2026 00:00;;10/03/2026 12:33;14.000
a9a0600a-92db-4a15-9b05-7544ea630cdb;100;Réception (B.L. : 1700230422);1700230422;;FOURNISSEUR CENTRALE;;Pas de commande associée;O;04/03/2026 00:00;;04/03/2026 23:31;78.000
a9e7053f-75aa-49a7-b05e-0273f4c726f0;100;Réception (B.L. : 1800330624);1800330624;;FOURNISSEUR CENTRALE;;Pas de commande associée;O;12/03/2026 00:00;;13/03/2026 12:20;0.000
aa3d0907-7846-47f4-803c-94f09f85256c;100;Réception (B.L. : 1700229736);1700229736;;FOURNISSEUR CENTRALE;;Pas de commande associée;O;02/03/2026 00:00;;02/03/2026 12:16;577.000
aa7b89e7-70fd-4d17-b731-c704ccc07422;100;Réception (B.L. : 1800329285);1800329285;;FOURNISSEUR CENTRALE;;Pas de commande associée;O;07/03/2026 00:00;;07/03/2026 12:17;1.000
aac78313-01e2-464f-979f-0e8018f5538a;100;Réception (B.L. : 1800333277);1800333277;;FOURNISSEUR CENTRALE;;Pas de commande associée;O;23/03/2026 00:00;;23/03/2026 17:13;286.800
aaf4ca41-ea7c-41d0-9b47-43db09a2d9bb;100;Réception (B.L. : 1800328151);1800328151;;FOURNISSEUR CENTRALE;;Pas de commande associée;O;03/03/2026 00:00;;03/03/2026 17:13;280.000
ab3b6ae5-bbd6-4e47-a374-613dee89fee2;100;Réception (B.L. : 1800333472);1800333472;;FOURNISSEUR CENTRALE;;Pas de commande associée;O;24/03/2026 00:00;;24/03/2026 17:21;106.000
ab7eaa70-d57f-4209-93eb-89233c67a266;100;Réception (B.L. : 1800331915);1800331915;;FOURNISSEUR CENTRALE;;Pas de commande associée;O;17/03/2026 00:00;;18/03/2026 12:58;60.000
ab854aaa-4aa1-4b42-9bfe-2c752dc3e76f;100;Réception (B.L. : 1100212661);1100212661;;FOURNISSEUR CENTRALE;;Pas de commande associée;O;19/03/2026 00:00;;19/03/2026 12:17;1434.000
abb14d4d-837f-4e97-83fc-485c7cb4d280;100;Réception (B.L. : 1100211590);1100211590;;FOURNISSEUR CENTRALE;;Pas de commande associée;O;12/03/2026 00:00;;12/03/2026 12:07;808.000
abc53f89-65aa-4065-a105-a5b07668c834;100;Réception (B.L. : 1800335475);1800335475;;FOURNISSEUR CENTRALE;;Pas de commande associée;O;31/03/2026 00:00;;01/04/2026 12:51;69.800
ac15d51f-2cca-41e9-b221-a96476da4bd9;100;Réception (B.L. : 1800332212);1800332212;;FOURNISSEUR CENTRALE;;Pas de commande associée;O;18/03/2026 00:00;;19/03/2026 12:50;120.000
ac645602-cb5b-4ec6-b6ab-0e9970615a92;100;Réception (B.L. : 1700230233);1700230233;;FOURNISSEUR CENTRALE;;Pas de commande associée;O;04/03/2026 00:00;;04/03/2026 12:08;455.000
ac93531b-5d8a-43cb-a689-adfcbc8651cd;100;Réception (B.L. : 1800334274);1800334274;;FOURNISSEUR CENTRALE;;Pas de commande associée;O;26/03/2026 00:00;;27/03/2026 12:39;43.000
accfff5d-d5bb-460a-90ba-5ab0b216ec38;100;Réception (B.L. : 1700230769);1700230769;;FOURNISSEUR CENTRALE;;Pas de commande associée;O;06/03/2026 00:00;;06/03/2026 12:25;2830.000
acf2192e-d469-4cb1-ab79-6418f1e53e3f;100;Réception (B.L. : 1800328295);1800328295;;FOURNISSEUR CENTRALE;;Pas de commande associée;O;03/03/2026 00:00;;04/03/2026 12:22;785.000
ad024af9-bb82-4452-b35e-d21a91ebc574;100;Réception (B.L. : 1700236103);1700236103;;FOURNISSEUR CENTRALE;;Pas de commande associée;O;01/04/2026 00:00;;02/04/2026 12:29;12.000
ad272831-9e3e-4c08-a14d-18bee0af9708;100;Réception (B.L. : 1700231816);1700231816;;FOURNISSEUR CENTRALE;;Pas de commande associée;O;11/03/2026 00:00;;11/03/2026 12:26;9.000
ad422e37-81da-4281-bbb6-d03e1bdedfae;100;Réception (B.L. : 1700233345);1700233345;;FOURNISSEUR CENTRALE;;Pas de commande associée;O;19/03/2026 00:00;;19/03/2026 12:32;948.000
ad4af3cc-1786-43dd-ac04-1c14851591ea;100;Réception (B.L. : 1700233759);1700233759;;FOURNISSEUR CENTRALE;;Pas de commande associée;O;20/03/2026 00:00;;20/03/2026 12:09;44.000
ae1e789c-363d-4bdb-a733-c171df3277f0;100;Réception (B.L. : 1800329391);1800329391;;FOURNISSEUR CENTRALE;;Pas de commande associée;O;09/03/2026 00:00;;09/03/2026 12:39;73.182
ae2bdedf-8571-4989-9690-cbd19a62a7fa;100;Réception (B.L. : 1200105891);1200105891;;FOURNISSEUR CENTRALE;;Pas de commande associée;O;06/03/2026 00:00;;06/03/2026 12:13;1.000
ae8c91b7-b10e-4b8b-bc8e-82f36612baac;100;Réception (B.L. : 1200106508);1200106508;;FOURNISSEUR CENTRALE;;Pas de commande associée;O;14/03/2026 00:00;;14/03/2026 12:16;0.000
af5481b7-f46b-4501-8c44-bfe0e68d3a29;100;Réception (B.L. : 1800336073);1800336073;;FOURNISSEUR CENTRALE;;Pas de commande associée;O;02/04/2026 00:00;;03/04/2026 12:52;565.000
af73ad51-0e74-4c21-913d-087894b8b4ec;100;Réception (B.L. : 1800331908);1800331908;;FOURNISSEUR CENTRALE;;Pas de commande associée;O;17/03/2026 00:00;;18/03/2026 12:51;3656.000
af7b1d55-4977-401c-9436-cf66576ada3f;100;Réception (B.L. : 1800329676);1800329676;;FOURNISSEUR CENTRALE;;Pas de commande associée;O;10/03/2026 00:00;;10/03/2026 12:30;5036.910
af8d5e93-7464-4714-989e-ff3757f47de1;100;Réception (B.L. : 1800328845);1800328845;;FOURNISSEUR CENTRALE;;Pas de commande associée;O;05/03/2026 00:00;;06/03/2026 12:43;365.000
afd0c6ea-6a18-40bb-a139-e6493cffd520;100;Réception (B.L. : 1800331538);1800331538;;FOURNISSEUR CENTRALE;;Pas de commande associée;O;16/03/2026 00:00;;17/03/2026 12:35;1633.000
afefa9f7-3361-442d-b306-c2d3634e1df3;100;Réception (B.L. : 1700233953);1700233953;;FOURNISSEUR CENTRALE;;Pas de commande associée;O;23/03/2026 00:00;;23/03/2026 12:26;683.000
aff90fa9-9e60-4f2e-8001-4d690093ba0b;100;Réception (B.L. : 1700232282);1700232282;;FOURNISSEUR CENTRALE;;Pas de commande associée;O;13/03/2026 00:00;;13/03/2026 12:16;60.000
affe9388-74b5-4326-9a29-8d2276ab3caa;100;Réception (B.L. : 1800329677);1800329677;;FOURNISSEUR CENTRALE;;Pas de commande associée;O;10/03/2026 00:00;;10/03/2026 12:31;6.000
b001dc8b-0adb-45a0-bd48-82e33077c5e9;100;Réception (B.L. : 1800336516);1800336516;;FOURNISSEUR CENTRALE;;Pas de commande associée;O;04/04/2026 00:00;;04/04/2026 12:22;597.000
b0aad013-5c1d-4081-8d86-aff0235571c0;100;Réception (B.L. : 1700232884);1700232884;;FOURNISSEUR CENTRALE;;Pas de commande associée;O;17/03/2026 00:00;;17/03/2026 12:26;12.000
b0fe3603-0a72-4521-acb0-7606b04132ff;100;Réception (B.L. : 1800332541);1800332541;;FOURNISSEUR CENTRALE;;Pas de commande associée;O;19/03/2026 00:00;;20/03/2026 12:32;142.500
b1876bbb-2528-4893-ae70-a86776a5ef73;100;Réception (B.L. : 1700235038);1700235038;;FOURNISSEUR CENTRALE;;Pas de commande associée;O;27/03/2026 00:00;;27/03/2026 12:24;78.000
b18ec990-e10f-481b-bbde-0959d6b49a37;100;Réception (B.L. : 1100215083);1100215083;;FOURNISSEUR CENTRALE;;Pas de commande associée;O;01/04/2026 00:00;;01/04/2026 12:26;228.000
b1ef63f4-ccef-4e53-9d4d-3522e18138b1;100;Réception (B.L. : 1800335764);1800335764;;FOURNISSEUR CENTRALE;;Pas de commande associée;O;02/04/2026 00:00;;02/04/2026 12:52;8.000
b1fd188d-1ac3-4553-929b-27a8a0591e92;100;Réception (B.L. : 1700230924);1700230924;;FOURNISSEUR CENTRALE;;Pas de commande associée;O;06/03/2026 00:00;;06/03/2026 12:35;15.000
b281af6d-2dd1-4258-83c2-6e6d9c084bd0;100;Réception (B.L. : 1700236158);1700236158;;FOURNISSEUR CENTRALE;;Pas de commande associée;O;02/04/2026 00:00;;02/04/2026 12:33;14.000
b29f2309-641b-4fcc-99cf-e5fe23a64acf;100;Réception (B.L. : 1800328075);1800328075;;FOURNISSEUR CENTRALE;;Pas de commande associée;O;03/03/2026 00:00;;03/03/2026 17:08;31.000
b2a667f5-dbd2-41d3-adec-30bd244583f2;100;Réception (B.L. : 1100213678);1100213678;;FOURNISSEUR CENTRALE;;Pas de commande associée;O;24/03/2026 00:00;;24/03/2026 17:14;48.000
b2c3d1ff-ecba-4377-98c8-193e0f9ce7f9;100;Réception (B.L. : 1800335636);1800335636;;FOURNISSEUR CENTRALE;;Pas de commande associée;O;01/04/2026 00:00;;02/04/2026 12:46;800.000
b303a8e5-7bab-42c1-9ed2-d4cbd141377d;100;Réception (B.L. : 1700231052);1700231052;;FOURNISSEUR CENTRALE;;Pas de commande associée;O;07/03/2026 00:00;;07/03/2026 12:14;12.000
b3060b43-8497-46f8-8e91-522c19246d62;100;Réception (B.L. : 1800331712);1800331712;;FOURNISSEUR CENTRALE;;Pas de commande associée;O;17/03/2026 00:00;;17/03/2026 17:14;155.000
b37a0136-7fd2-46f5-ab19-4335253529a6;100;Réception (B.L. : 1800334169);1800334169;;FOURNISSEUR CENTRALE;;Pas de commande associée;O;26/03/2026 00:00;;26/03/2026 12:57;9.000
b3887ba0-fd91-43bb-8727-6236070503bf;100;Réception (B.L. : 1800331326);1800331326;;FOURNISSEUR CENTRALE;;Pas de commande associée;O;15/03/2026 00:00;;16/03/2026 12:29;12.000
b3af24b5-0703-4f91-8379-649aeec01789;100;Réception (B.L. : 1800332106);1800332106;;FOURNISSEUR CENTRALE;;Pas de commande associée;O;18/03/2026 00:00;;18/03/2026 13:02;0.800
b3b73f57-10d6-45c7-bc8e-9e229594f3b8;100;Réception (B.L. : 1800334737);1800334737;;FOURNISSEUR CENTRALE;;Pas de commande associée;O;28/03/2026 00:00;;28/03/2026 12:15;0.000
b43ccf7b-43fc-4526-bcb3-9f352e942853;100;Réception (B.L. : 1800328705);1800328705;;FOURNISSEUR CENTRALE;;Pas de commande associée;O;05/03/2026 00:00;;05/03/2026 17:31;5.000
b4599ead-9b91-4b4c-8d8c-8e01e2ed7932;100;Réception (B.L. : 1800331628);1800331628;;FOURNISSEUR CENTRALE;;Pas de commande associée;O;16/03/2026 00:00;;17/03/2026 12:39;9.000
b45e0880-d2e5-42cd-901a-ece8c89adfdc;100;Réception (B.L. : 1800332205);1800332205;;FOURNISSEUR CENTRALE;;Pas de commande associée;O;18/03/2026 00:00;;19/03/2026 12:43;211.000
b46cf227-b2a7-4aed-a508-bbf9500ade15;100;Réception (B.L. : 1200107820);1200107820;;FOURNISSEUR CENTRALE;;Pas de commande associée;O;02/04/2026 00:00;;02/04/2026 12:13;20.000
b4b4090e-27e8-4394-a139-3e1911341843;100;Réception (B.L. : 1700235249);1700235249;;FOURNISSEUR CENTRALE;;Pas de commande associée;O;27/03/2026 00:00;;27/03/2026 17:13;36.000
b4cfba37-ee0a-49ac-9230-319fcf68b044;100;Réception (B.L. : 1800331541);1800331541;;FOURNISSEUR CENTRALE;;Pas de commande associée;O;16/03/2026 00:00;;17/03/2026 12:38;14.000
b4e3c329-d816-440e-a557-1bcb42acc8c7;100;Réception (B.L. : 1100212613);1100212613;;FOURNISSEUR CENTRALE;;Pas de commande associée;O;18/03/2026 00:00;;18/03/2026 17:02;312.000
b5953461-16f8-425e-af21-223565130ef8;100;Réception (B.L. : 1100213732);1100213732;;FOURNISSEUR CENTRALE;;Pas de commande associée;O;24/03/2026 00:00;;24/03/2026 17:19;186.000
b5e85581-dafe-4e62-a20d-5b3d6b6bbf1f;100;Réception (B.L. : 1700230027);1700230027;;FOURNISSEUR CENTRALE;;Pas de commande associée;O;03/03/2026 00:00;;03/03/2026 12:24;76.000
b62829cf-c46c-4350-b040-e15db5220044;100;Réception (B.L. : 1100215305);1100215305;;FOURNISSEUR CENTRALE;;Pas de commande associée;O;02/04/2026 00:00;;02/04/2026 17:13;24.000
b6795f2b-930f-4ec6-8db1-06214fe5de4f;100;Réception (B.L. : 1100211099);1100211099;;FOURNISSEUR CENTRALE;;Pas de commande associée;O;09/03/2026 00:00;;09/03/2026 12:12;1676.000
b6b71b51-a12e-448f-945e-556663f40b81;100;Réception (B.L. : 1700237026);1700237026;;FOURNISSEUR CENTRALE;;Pas de commande associée;O;07/04/2026 00:00;;07/04/2026 12:25;667.000
b6ca39d6-7c35-4f5b-9180-ed0a1dc92db2;100;Réception (B.L. : 1700232367);1700232367;;FOURNISSEUR CENTRALE;;Pas de commande associée;O;13/03/2026 00:00;;13/03/2026 12:19;10.000
b6ebbc6a-4d9d-40f5-980c-f1b006a28082;100;Réception (B.L. : 1700229738);1700229738;;FOURNISSEUR CENTRALE;;Pas de commande associée;O;02/03/2026 00:00;;02/03/2026 12:18;132.000
b6f94396-de75-44c8-96c9-92fb7219bc6d;100;Réception (B.L. : 1800329301);1800329301;;FOURNISSEUR CENTRALE;;Pas de commande associée;O;07/03/2026 00:00;;07/03/2026 12:18;254.200
b723f46c-13ad-4dce-b7b1-ae0ede2e0c3e;100;Réception (B.L. : 1800328185);1800328185;;FOURNISSEUR CENTRALE;;Pas de commande associée;O;03/03/2026 00:00;;03/03/2026 17:17;338.150
b75bc240-ebc6-4710-9b6c-1b739570956b;100;Réception (B.L. : 1800333941);1800333941;;FOURNISSEUR CENTRALE;;Pas de commande associée;O;25/03/2026 00:00;;26/03/2026 12:47;1424.000
b75dc6e0-f2e8-4170-b3db-ba10d71dcd8c;100;Réception (B.L. : 1700231164);1700231164;;FOURNISSEUR CENTRALE;;Pas de commande associée;O;09/03/2026 00:00;;09/03/2026 12:20;12.000
b7600795-b6b7-4d84-a527-b0cf1e1395cf;100;Réception (B.L. : 1100214950);1100214950;;FOURNISSEUR CENTRALE;;Pas de commande associée;O;01/04/2026 00:00;;01/04/2026 12:17;48.000
b791b2aa-f742-4dc9-909b-75a6cdaa5834;100;Réception (B.L. : 1800336006);1800336006;;FOURNISSEUR CENTRALE;;Pas de commande associée;O;02/04/2026 00:00;;02/04/2026 17:25;19.000
b7dfa29e-7abd-4ee7-a3ce-31eccd28c90b;100;Réception (B.L. : 1800334960);1800334960;;FOURNISSEUR CENTRALE;;Pas de commande associée;O;30/03/2026 00:00;;30/03/2026 17:12;46.450
b85428f4-3713-4404-be85-9e7b242705c3;100;Réception (B.L. : 1800329672);1800329672;;FOURNISSEUR CENTRALE;;Pas de commande associée;O;10/03/2026 00:00;;10/03/2026 12:26;1260.000
b8568801-63ca-43ff-91e5-f5a1290532a9;100;Réception (B.L. : 1700231170);1700231170;;FOURNISSEUR CENTRALE;;Pas de commande associée;O;09/03/2026 00:00;;09/03/2026 12:26;359.000
b9ac5675-fc9d-43a8-ae30-0d0fb3b70f20;100;Réception (B.L. : 1800333651);1800333651;;FOURNISSEUR CENTRALE;;Pas de commande associée;O;24/03/2026 00:00;;25/03/2026 12:47;60.000
b9b47be1-f8ea-4fd7-95b0-b4f83d1d458c;100;Réception (B.L. : 1800333478);1800333478;;FOURNISSEUR CENTRALE;;Pas de commande associée;O;24/03/2026 00:00;;24/03/2026 17:27;394.000
b9b9598f-2652-4298-b63f-9532dbef47f8;100;Réception (B.L. : 1700231552);1700231552;;FOURNISSEUR CENTRALE;;Pas de commande associée;O;10/03/2026 00:00;;10/03/2026 12:13;22.000
ba55a855-3218-4865-953e-602ceeb348be;100;Réception (B.L. : 1100215463);1100215463;;FOURNISSEUR CENTRALE;;Pas de commande associée;O;03/04/2026 00:00;;03/04/2026 12:12;950.000
ba93cf72-e0be-469b-aa65-eeb3d4c49474;100;Réception (B.L. : 1700233344);1700233344;;FOURNISSEUR CENTRALE;;Pas de commande associée;O;19/03/2026 00:00;;19/03/2026 12:31;408.000
bae0e469-1bc5-4b06-96b0-e784a378aef5;100;Réception (B.L. : 1200107752);1200107752;;FOURNISSEUR CENTRALE;;Pas de commande associée;O;01/04/2026 00:00;;01/04/2026 17:13;48.000
bb44f774-787a-4465-94d3-4f7e00aa1f7d;100;Réception (B.L. : 1800328611);1800328611;;FOURNISSEUR CENTRALE;;Pas de commande associée;O;05/03/2026 00:00;;05/03/2026 12:41;0.000
bb64c9f7-bbea-4207-92f6-4a225e63f372;100;Réception (B.L. : 1700232877);1700232877;;FOURNISSEUR CENTRALE;;Pas de commande associée;O;17/03/2026 00:00;;17/03/2026 12:19;282.000
bb774f46-0207-42a7-990a-6894efcc50d7;100;Réception (B.L. : 1700230555);1700230555;;FOURNISSEUR CENTRALE;;Pas de commande associée;O;05/03/2026 00:00;;05/03/2026 12:19;789.000
bba386b4-7136-415d-b689-9652d5da8ccd;100;Réception (B.L. : 1800331268);1800331268;;FOURNISSEUR CENTRALE;;Pas de commande associée;O;14/03/2026 00:00;;14/03/2026 17:10;4.000
bbb4786d-a9da-43cc-ab2a-18ef0b3bf246;100;Réception (B.L. : 1100211593);1100211593;;FOURNISSEUR CENTRALE;;Pas de commande associée;O;12/03/2026 00:00;;12/03/2026 12:10;0.000
bbc7863a-ebf3-4533-8655-1302e79361dc;100;Réception (B.L. : 1800334179);1800334179;;FOURNISSEUR CENTRALE;;Pas de commande associée;O;26/03/2026 00:00;;26/03/2026 12:59;57.960
bbff1ba0-f6ab-42c1-9a1e-098020fb8aaa;100;Réception (B.L. : 1200106985);1200106985;;FOURNISSEUR CENTRALE;;Pas de commande associée;O;24/03/2026 00:00;;24/03/2026 12:15;10.000
bc02ece9-b3f4-400d-a1df-45102b020ee2;100;Réception (B.L. : 1700231554);1700231554;;FOURNISSEUR CENTRALE;;Pas de commande associée;O;10/03/2026 00:00;;10/03/2026 12:15;0.000
bc64a7d8-7aa9-42a1-abd9-9674088446d4;100;Réception (B.L. : 1800329916);1800329916;;FOURNISSEUR CENTRALE;;Pas de commande associée;O;10/03/2026 00:00;;10/03/2026 12:44;6.000
bcce9089-4a02-4ba3-8702-70d92885120e;100;Réception (B.L. : 1700233703);1700233703;;FOURNISSEUR CENTRALE;;Pas de commande associée;O;20/03/2026 00:00;;20/03/2026 12:08;9500.000
bce16c17-5ca1-447a-859d-d7bed93c69aa;100;Réception (B.L. : 1800327717);1800327717;;FOURNISSEUR CENTRALE;;Pas de commande associée;O;01/03/2026 00:00;;02/03/2026 12:28;14.000
bd4af786-45f2-4e81-9118-31a968622b95;100;Réception (B.L. : 1800334230);1800334230;;FOURNISSEUR CENTRALE;;Pas de commande associée;O;26/03/2026 00:00;;26/03/2026 17:18;2.000
bd5b8734-b82c-4554-b7db-6f3b5e40b48d;100;Réception (B.L. : 1800335039);1800335039;;FOURNISSEUR CENTRALE;;Pas de commande associée;O;30/03/2026 00:00;;31/03/2026 12:37;305.000
bd77d701-5826-4a7d-913c-7805769d206f;100;Réception (B.L. : 1800328296);1800328296;;FOURNISSEUR CENTRALE;;Pas de commande associée;O;03/03/2026 00:00;;04/03/2026 12:23;1040.000
bd8f8969-d315-45a1-aa5b-6c9ce724ab3f;100;Réception (B.L. : 1800332210);1800332210;;FOURNISSEUR CENTRALE;;Pas de commande associée;O;18/03/2026 00:00;;19/03/2026 12:48;1108.700
bdb82f42-a9ef-4201-b219-536d6695188e;100;Réception (B.L. : 1700236458);1700236458;;FOURNISSEUR CENTRALE;;Pas de commande associée;O;03/04/2026 00:00;;03/04/2026 12:31;402.000
bdbf828e-bcb8-4c92-9ee5-e3f5fae624ad;100;Réception (B.L. : 1200105976);1200105976;;FOURNISSEUR CENTRALE;;Pas de commande associée;O;06/03/2026 00:00;;06/03/2026 17:06;2.000
be11a6cb-3278-47db-80d6-21776e852c4a;100;Réception (B.L. : 1800335861);1800335861;;FOURNISSEUR CENTRALE;;Pas de commande associée;O;02/04/2026 00:00;;02/04/2026 17:17;12.000
be35e9c5-9b4c-423f-bdc9-56b2f7bbc9ea;100;Réception (B.L. : 1200107753);1200107753;;FOURNISSEUR CENTRALE;;Pas de commande associée;O;01/04/2026 00:00;;01/04/2026 17:14;12.000
bea1227e-b090-411b-b5e7-c1d7ba639bd9;100;Réception (B.L. : 1800328071);1800328071;;FOURNISSEUR CENTRALE;;Pas de commande associée;O;03/03/2026 00:00;;03/03/2026 17:04;119.365
beb7a6a3-11be-43c9-915f-6a3d8c81de52;100;Réception (B.L. : 1800336577);1800336577;;FOURNISSEUR CENTRALE;;Pas de commande associée;O;06/04/2026 00:00;;06/04/2026 12:40;286.000
bf1b8600-5717-4bb4-8a27-abeeb2f39ca0;100;Réception (B.L. : 1200106986);1200106986;;FOURNISSEUR CENTRALE;;Pas de commande associée;O;24/03/2026 00:00;;24/03/2026 12:16;2.000
bf1fd030-57bd-456e-94b6-69238f1181db;100;Réception (B.L. : 1700232870);1700232870;;FOURNISSEUR CENTRALE;;Pas de commande associée;O;17/03/2026 00:00;;17/03/2026 12:12;1378.000
bf78e039-addf-4962-bad6-4aea99cfee5b;100;Réception (B.L. : 1800328298);1800328298;;FOURNISSEUR CENTRALE;;Pas de commande associée;O;03/03/2026 00:00;;04/03/2026 12:25;185.000
bffce36c-34db-4324-8acb-5885524ea818;100;Réception (B.L. : 1700233119);1700233119;;FOURNISSEUR CENTRALE;;Pas de commande associée;O;18/03/2026 00:00;;18/03/2026 12:34;482.000
c05d1e8c-3f9f-4aad-a3f9-87c4d55faf8c;100;Réception (B.L. : 1800329568);1800329568;;FOURNISSEUR CENTRALE;;Pas de commande associée;O;09/03/2026 00:00;;09/03/2026 12:48;70.600
c087f5c1-2d57-42fa-97cc-189e1f49e226;100;Réception (B.L. : 1800333936);1800333936;;FOURNISSEUR CENTRALE;;Pas de commande associée;O;25/03/2026 00:00;;26/03/2026 12:42;0.000
c0903e01-b0c9-46ef-80a8-ed432349942e;100;Réception (B.L. : 1100212762);1100212762;;FOURNISSEUR CENTRALE;;Pas de commande associée;O;19/03/2026 00:00;;19/03/2026 12:22;12.000
c0bdf0d6-3cde-4529-8063-e7149f412968;100;Réception (B.L. : 1800336490);1800336490;;FOURNISSEUR CENTRALE;;Pas de commande associée;O;04/04/2026 00:00;;04/04/2026 12:20;2.000
c1311d76-d01a-4b27-af3f-339eac5052a2;100;Réception (B.L. : 1800330066);1800330066;;FOURNISSEUR CENTRALE;;Pas de commande associée;O;10/03/2026 00:00;;11/03/2026 12:29;307.000
c1761223-29cf-4b7d-bf54-9b1437854e86;100;Réception (B.L. : 1700231551);1700231551;;FOURNISSEUR CENTRALE;;Pas de commande associée;O;10/03/2026 00:00;;10/03/2026 12:12;2960.000
c17fbc52-3746-4bcd-87f0-9f25e548581f;100;Réception (B.L. : 1700236106);1700236106;;FOURNISSEUR CENTRALE;;Pas de commande associée;O;01/04/2026 00:00;;02/04/2026 12:32;28.000
c1820745-7c9b-4a5c-84fc-cdc3684c276f;100;Réception (B.L. : 1800331332);1800331332;;FOURNISSEUR CENTRALE;;Pas de commande associée;O;15/03/2026 00:00;;16/03/2026 12:35;176.000
c1d54e7f-abcc-4cd6-acd7-bc8316cad49a;100;Réception (B.L. : 1100211890);1100211890;;FOURNISSEUR CENTRALE;;Pas de commande associée;O;13/03/2026 00:00;;13/03/2026 12:01;1354.000
c1f5f344-ed49-46b8-83a3-3d02f9e1ce8a;100;Réception (B.L. : 1800333168);1800333168;;FOURNISSEUR CENTRALE;;Pas de commande associée;O;23/03/2026 00:00;;23/03/2026 12:45;145.644
c20cfc66-90a8-4404-b33e-1546be7776bb;100;Réception (B.L. : 1700234799);1700234799;;FOURNISSEUR CENTRALE;;Pas de commande associée;O;26/03/2026 00:00;;26/03/2026 12:35;0.000
c22a2286-8065-476e-944d-55d4a759d5e9;100;Réception (B.L. : 1800333935);1800333935;;FOURNISSEUR CENTRALE;;Pas de commande associée;O;25/03/2026 00:00;;26/03/2026 12:41;5.000
c247796b-4943-4b07-b0c4-ec2203f515ea;100;Réception (B.L. : 1800330625);1800330625;;FOURNISSEUR CENTRALE;;Pas de commande associée;O;12/03/2026 00:00;;13/03/2026 12:21;1076.097
c2899692-30aa-4e33-9a4c-036913166c89;100;Réception (B.L. : 1100212696);1100212696;;FOURNISSEUR CENTRALE;;Pas de commande associée;O;19/03/2026 00:00;;19/03/2026 12:19;10.000
c2a3b491-eef8-4123-94be-a29116d25e42;100;Réception (B.L. : 1200106515);1200106515;;FOURNISSEUR CENTRALE;;Pas de commande associée;O;14/03/2026 00:00;;14/03/2026 12:18;2.000
c375055e-414f-4786-ad5c-607ad678740f;100;Réception (B.L. : 1700234331);1700234331;;FOURNISSEUR CENTRALE;;Pas de commande associée;O;24/03/2026 00:00;;24/03/2026 12:34;12.000
c3b31fb2-ad9b-4a9b-bf13-52a853ecad6e;100;Réception (B.L. : 1700233352);1700233352;;FOURNISSEUR CENTRALE;;Pas de commande associée;O;19/03/2026 00:00;;19/03/2026 12:39;8.000
c3eb432f-9e06-40b6-861e-b1008e027569;100;Réception (B.L. : 1200107354);1200107354;;FOURNISSEUR CENTRALE;;Pas de commande associée;O;27/03/2026 00:00;;27/03/2026 12:10;15.000
c43d88ca-034a-46d5-8c58-7f8eefa3c378;100;Réception (B.L. : 1800328674);1800328674;;FOURNISSEUR CENTRALE;;Pas de commande associée;O;05/03/2026 00:00;;05/03/2026 17:26;164.000
c500e548-70af-423e-90ec-6c4e6c7baed3;100;Réception (B.L. : 1700234553);1700234553;;FOURNISSEUR CENTRALE;;Pas de commande associée;O;25/03/2026 00:00;;25/03/2026 12:36;4.000
c5048a49-6f43-4a9d-8ef1-d5d159f4271e;100;Réception (B.L. : 1800332163);1800332163;;FOURNISSEUR CENTRALE;;Pas de commande associée;O;18/03/2026 00:00;;18/03/2026 17:06;10.000
c51d3478-e934-4389-a7b4-2b892181c7ac;100;Réception (B.L. : 1700235451);1700235451;;FOURNISSEUR CENTRALE;;Pas de commande associée;O;30/03/2026 00:00;;30/03/2026 12:22;410.000
c54acfbf-6435-4bed-af4e-9453c763f506;100;Réception (B.L. : 1100212736);1100212736;;FOURNISSEUR CENTRALE;;Pas de commande associée;O;19/03/2026 00:00;;19/03/2026 12:20;120.000
c54dfd5c-6cef-4da2-b91a-77b557185bde;100;Réception (B.L. : 1100214789);1100214789;;FOURNISSEUR CENTRALE;;Pas de commande associée;O;31/03/2026 00:00;;31/03/2026 12:22;0.000
c574cd68-788c-48fc-8637-6ab3f045c96b;100;Réception (B.L. : 1800336064);1800336064;;FOURNISSEUR CENTRALE;;Pas de commande associée;O;02/04/2026 00:00;;03/04/2026 12:43;7.000
c599658d-4fef-40d6-b17c-42fae12b3923;100;Réception (B.L. : 1700232667);1700232667;;FOURNISSEUR CENTRALE;;Pas de commande associée;O;16/03/2026 00:00;;16/03/2026 12:26;13.000
c5d449cb-102e-4906-9bf8-9c410714f531;100;Réception (B.L. : 1700233115);1700233115;;FOURNISSEUR CENTRALE;;Pas de commande associée;O;18/03/2026 00:00;;18/03/2026 12:30;12.000
c6062dcf-ca2d-424d-aa40-a1d741fb2aee;100;Réception (B.L. : 1700236006);1700236006;;FOURNISSEUR CENTRALE;;Pas de commande associée;O;01/04/2026 00:00;;01/04/2026 12:29;2420.000
c635d653-ea5d-418f-8a1d-93c9fe4a573b;100;Réception (B.L. : 1700231558);1700231558;;FOURNISSEUR CENTRALE;;Pas de commande associée;O;10/03/2026 00:00;;10/03/2026 12:19;0.000
c650882b-ec1e-4fd4-9a37-58d1e52e3a7b;100;Réception (B.L. : 1100212203);1100212203;;FOURNISSEUR CENTRALE;;Pas de commande associée;O;16/03/2026 00:00;;16/03/2026 12:11;3.000
c673baf5-cda2-4676-977a-10b4285ca228;100;Réception (B.L. : 1800327721);1800327721;;FOURNISSEUR CENTRALE;;Pas de commande associée;O;01/03/2026 00:00;;02/03/2026 12:32;80.400
c694f0cb-7cb1-4097-8014-44e8766ff12b;100;Réception (B.L. : 1800334275);1800334275;;FOURNISSEUR CENTRALE;;Pas de commande associée;O;26/03/2026 00:00;;27/03/2026 12:40;4.000
c6afad1e-3005-4169-a17a-996958a99917;100;Réception (B.L. : 1800328713);1800328713;;FOURNISSEUR CENTRALE;;Pas de commande associée;O;05/03/2026 00:00;;05/03/2026 17:32;61.794
c6b7aaa7-ceeb-4db7-aa4e-71f32306e9a4;100;Réception (B.L. : 1800335253);1800335253;;FOURNISSEUR CENTRALE;;Pas de commande associée;O;31/03/2026 00:00;;31/03/2026 17:17;152.000
c6bc7f20-efe1-41e9-8af6-e6685d11933f;100;Réception (B.L. : 1800336852);1800336852;;FOURNISSEUR CENTRALE;;Pas de commande associée;O;06/04/2026 00:00;;07/04/2026 12:31;20.190
c6bd88f6-5007-4a44-883a-454fbc909310;100;Réception (B.L. : 1700234794);1700234794;;FOURNISSEUR CENTRALE;;Pas de commande associée;O;26/03/2026 00:00;;26/03/2026 12:30;273.000
c6cf47ac-8daf-43a9-830d-cb82d6f53cc4;100;Réception (B.L. : 1800327860);1800327860;;FOURNISSEUR CENTRALE;;Pas de commande associée;O;02/03/2026 00:00;;02/03/2026 17:12;0.000
c6cf5267-3b1b-45dd-a2b0-e6d96e7b4dca;100;Réception (B.L. : 1200107208);1200107208;;FOURNISSEUR CENTRALE;;Pas de commande associée;O;26/03/2026 00:00;;26/03/2026 12:11;26.000
c6d5fd26-be7f-4405-b05c-043d0ee3e316;100;Réception (B.L. : 1800329908);1800329908;;FOURNISSEUR CENTRALE;;Pas de commande associée;O;10/03/2026 00:00;;10/03/2026 12:36;5.000
c71f6fb7-60a1-4a7a-890e-bf4486a584fb;100;Réception (B.L. : 1100210393);1100210393;;FOURNISSEUR CENTRALE;;Pas de commande associée;O;04/03/2026 00:00;;04/03/2026 12:01;574.000
c720b30c-239f-46d9-bb10-b29223434552;100;Réception (B.L. : 1700230767);1700230767;;FOURNISSEUR CENTRALE;;Pas de commande associée;O;06/03/2026 00:00;;06/03/2026 12:23;833.000
c725e338-9859-4220-9c1d-bedd75948a26;100;Réception (B.L. : 1100215863);1100215863;;FOURNISSEUR CENTRALE;;Pas de commande associée;O;06/04/2026 00:00;;06/04/2026 12:14;168.000
c730c701-f73e-4259-b3df-27690865e54b;100;Réception (B.L. : 1800330954);1800330954;;FOURNISSEUR CENTRALE;;Pas de commande associée;O;13/03/2026 00:00;;13/03/2026 17:10;3.000
c7401a6a-843e-43c7-ac2a-5fd88a872ce3;100;Réception (B.L. : 1800330301);1800330301;;FOURNISSEUR CENTRALE;;Pas de commande associée;O;11/03/2026 00:00;;12/03/2026 12:30;49.100
c7675424-8691-4cf2-a5d4-d81fe72d7b87;100;Réception (B.L. : 1800336340);1800336340;;FOURNISSEUR CENTRALE;;Pas de commande associée;O;03/04/2026 00:00;;04/04/2026 00:08;12.000
c799249c-18af-40cc-adda-c1a80ee3a475;100;Réception (B.L. : 1700233110);1700233110;;FOURNISSEUR CENTRALE;;Pas de commande associée;O;18/03/2026 00:00;;18/03/2026 12:25;798.000
c7db5de1-5c44-46cf-8e90-45f9c459f25c;100;Réception (B.L. : 1100214341);1100214341;;FOURNISSEUR CENTRALE;;Pas de commande associée;O;27/03/2026 00:00;;27/03/2026 12:17;24.000
c856c47b-eff1-4804-83b0-0aa35144b2d7;100;Réception (B.L. : 1700232883);1700232883;;FOURNISSEUR CENTRALE;;Pas de commande associée;O;17/03/2026 00:00;;17/03/2026 12:25;24.000
c86031ea-467c-4b04-8fc5-d88650f0c2d6;100;Réception (B.L. : 1800336331);1800336331;;FOURNISSEUR CENTRALE;;Pas de commande associée;O;03/04/2026 00:00;;03/04/2026 23:59;127.000
c8676734-315c-49b5-a9d2-daca2c4191e5;100;Réception (B.L. : 1700232006);1700232006;;FOURNISSEUR CENTRALE;;Pas de commande associée;O;12/03/2026 00:00;;12/03/2026 12:16;12.000
c8d69f67-4711-4b13-9e0b-83f8f305c94d;100;Réception (B.L. : 1800333658);1800333658;;FOURNISSEUR CENTRALE;;Pas de commande associée;O;24/03/2026 00:00;;25/03/2026 12:54;46.500
c94299a8-1dfb-4422-b138-82f9d9d9d223;100;Réception (B.L. : 1800331537);1800331537;;FOURNISSEUR CENTRALE;;Pas de commande associée;O;16/03/2026 00:00;;17/03/2026 12:34;2031.600
c97892ab-6d5d-4a55-8259-8c5df9cac0e6;100;Réception (B.L. : 1800333015);1800333015;;FOURNISSEUR CENTRALE;;Pas de commande associée;O;21/03/2026 00:00;;21/03/2026 12:07;181.000
c97ef529-9e6f-4367-bde7-aaa170e09751;100;Réception (B.L. : 1100212223);1100212223;;FOURNISSEUR CENTRALE;;Pas de commande associée;O;16/03/2026 00:00;;16/03/2026 12:17;0.000
c97f2c1b-027c-4b8f-8b6c-72a2a0717b7c;100;Réception (B.L. : 1700232662);1700232662;;FOURNISSEUR CENTRALE;;Pas de commande associée;O;16/03/2026 00:00;;16/03/2026 12:21;140.000
c9a074c4-05e0-4234-be62-fa076b8eb009;100;Réception (B.L. : 1700236420);1700236420;;FOURNISSEUR CENTRALE;;Pas de commande associée;O;03/04/2026 00:00;;03/04/2026 12:26;78.000
c9e329e7-bbfd-4dc0-91a2-2ba4caf4f4a1;100;Réception (B.L. : 1100213818);1100213818;;FOURNISSEUR CENTRALE;;Pas de commande associée;O;25/03/2026 00:00;;25/03/2026 12:17;1168.000
ca041af6-719d-4cc7-89c3-f7c77ce45a8e;100;Réception (B.L. : 1100213076);1100213076;;FOURNISSEUR CENTRALE;;Pas de commande associée;O;20/03/2026 00:00;;20/03/2026 12:01;752.000
ca098498-140b-4e56-bb2a-89857ba3f962;100;Réception (B.L. : 1800336070);1800336070;;FOURNISSEUR CENTRALE;;Pas de commande associée;O;02/04/2026 00:00;;03/04/2026 12:49;88.000
ca26ff2c-0934-40a8-b6f5-0bab3a4f45d3;100;Réception (B.L. : 1800334580);1800334580;;FOURNISSEUR CENTRALE;;Pas de commande associée;O;27/03/2026 00:00;;27/03/2026 17:31;110.000
ca3b7e1e-0597-420a-9a1f-3e9298edc168;100;Réception (B.L. : 1800329390);1800329390;;FOURNISSEUR CENTRALE;;Pas de commande associée;O;09/03/2026 00:00;;09/03/2026 12:38;190.990
ca7f5107-001a-4e5a-8924-f68dac1839da;100;Réception (B.L. : 1700233760);1700233760;;FOURNISSEUR CENTRALE;;Pas de commande associée;O;20/03/2026 00:00;;20/03/2026 12:10;220.000
ca87efdd-6902-4067-a1dc-65269977f1a9;100;Réception (B.L. : 1800328368);1800328368;;FOURNISSEUR CENTRALE;;Pas de commande associée;O;04/03/2026 00:00;;04/03/2026 12:27;7.000
cbb87115-e806-4f8d-a574-b01a4c75ec1d;100;Réception (B.L. : 1800328481);1800328481;;FOURNISSEUR CENTRALE;;Pas de commande associée;O;04/03/2026 00:00;;05/03/2026 12:29;185.000
cbd40092-3305-43a4-a09d-006e5e79a006;100;Réception (B.L. : 1700236220);1700236220;;FOURNISSEUR CENTRALE;;Pas de commande associée;O;02/04/2026 00:00;;02/04/2026 12:39;247.000
cbd6f4b5-4fd6-41f9-89a4-d96118193179;100;Réception (B.L. : 1800328839);1800328839;;FOURNISSEUR CENTRALE;;Pas de commande associée;O;05/03/2026 00:00;;06/03/2026 12:37;30.000
cbf674a9-1827-4289-959f-79576c342e80;100;Réception (B.L. : 1800329129);1800329129;;FOURNISSEUR CENTRALE;;Pas de commande associée;O;06/03/2026 00:00;;06/03/2026 17:12;639.000
cc035dd0-305e-4c7f-a01f-f78674f9216d;100;Réception (B.L. : 1700233350);1700233350;;FOURNISSEUR CENTRALE;;Pas de commande associée;O;19/03/2026 00:00;;19/03/2026 12:37;0.000
cc056451-7efe-40c8-964d-a68fe718ee06;100;Réception (B.L. : 1800330283);1800330283;;FOURNISSEUR CENTRALE;;Pas de commande associée;O;11/03/2026 00:00;;11/03/2026 17:06;6.000
cc21eada-9bb0-481e-81b8-65f646831d7c;100;Réception (B.L. : 1200106114);1200106114;;FOURNISSEUR CENTRALE;;Pas de commande associée;O;10/03/2026 00:00;;10/03/2026 17:05;0.000
cc340da2-79b3-474d-a360-fb38b332b5bd;100;Réception (B.L. : 1800330298);1800330298;;FOURNISSEUR CENTRALE;;Pas de commande associée;O;11/03/2026 00:00;;12/03/2026 12:27;180.000
cc3a6a9e-f951-45f5-aae7-d34ed0f06677;100;Réception (B.L. : 1700232660);1700232660;;FOURNISSEUR CENTRALE;;Pas de commande associée;O;16/03/2026 00:00;;16/03/2026 12:19;169.000
cc668280-4e62-4a67-a72b-979f49ab0623;100;Réception (B.L. : 1800330309);1800330309;;FOURNISSEUR CENTRALE;;Pas de commande associée;O;11/03/2026 00:00;;12/03/2026 12:38;259.400
cc7014c8-b33a-4aa2-aef5-2d79c0eacba1;100;Réception (B.L. : 1700232953);1700232953;;FOURNISSEUR CENTRALE;;Pas de commande associée;O;17/03/2026 00:00;;17/03/2026 12:30;1.000
ccf55636-e008-4a38-a470-4c422ca262ed;100;Réception (B.L. : 1100210153);1100210153;;FOURNISSEUR CENTRALE;;Pas de commande associée;O;03/03/2026 00:00;;03/03/2026 12:06;5125.000
cd07db84-6d8f-4c2b-ba0c-123b9068f130;100;Réception (B.L. : 1800336997);1800336997;;FOURNISSEUR CENTRALE;;Pas de commande associée;O;07/04/2026 00:00;;07/04/2026 12:38;333.800
cd30cba2-8256-4294-a2fd-00df3e01a6fa;100;Réception (B.L. : 1800332495);1800332495;;FOURNISSEUR CENTRALE;;Pas de commande associée;O;19/03/2026 00:00;;19/03/2026 17:32;261.850
cd3fb9de-ff5d-46b7-83e3-1110baff6d70;100;Réception (B.L. : 1800335251);1800335251;;FOURNISSEUR CENTRALE;;Pas de commande associée;O;31/03/2026 00:00;;31/03/2026 17:15;308.000
cd86e786-a92b-4168-9c39-aa0ceba36276;100;Réception (B.L. : 1100211637);1100211637;;FOURNISSEUR CENTRALE;;Pas de commande associée;O;12/03/2026 00:00;;12/03/2026 12:11;6.000
cd8bda70-ef67-4173-bc50-d2b9e1fd9859;100;Réception (B.L. : 1100214177);1100214177;;FOURNISSEUR CENTRALE;;Pas de commande associée;O;26/03/2026 00:00;;26/03/2026 17:12;12.000
cdcb04ed-e6eb-432f-b887-f768d1f096cb;100;Réception (B.L. : 1700232031);1700232031;;FOURNISSEUR CENTRALE;;Pas de commande associée;O;12/03/2026 00:00;;12/03/2026 12:22;24.000
cde3ca12-3c05-47df-8fc1-a5ddc7f1a987;100;Réception (B.L. : 1700236007);1700236007;;FOURNISSEUR CENTRALE;;Pas de commande associée;O;01/04/2026 00:00;;01/04/2026 12:30;1925.000
cee737d2-e350-4e43-a959-e9c286f03b20;100;Réception (B.L. : 1800334949);1800334949;;FOURNISSEUR CENTRALE;;Pas de commande associée;O;30/03/2026 00:00;;30/03/2026 12:41;9.000
cf0889a0-4036-4b79-b0da-4d92aa7aaedb;100;Réception (B.L. : 1700234907);1700234907;;FOURNISSEUR CENTRALE;;Pas de commande associée;O;26/03/2026 00:00;;26/03/2026 17:16;30.000
cf2bad92-a456-47c8-9ecf-cb20dd2ec848;100;Réception (B.L. : 1800332530);1800332530;;FOURNISSEUR CENTRALE;;Pas de commande associée;O;19/03/2026 00:00;;20/03/2026 12:21;0.000
cf3c69bf-188e-4958-954a-317dec021b1e;100;Réception (B.L. : 1100215468);1100215468;;FOURNISSEUR CENTRALE;;Pas de commande associée;O;03/04/2026 00:00;;03/04/2026 12:17;60.000
cf44bc03-3863-484d-8980-6b95056dc42f;100;Réception (B.L. : 1100213822);1100213822;;FOURNISSEUR CENTRALE;;Pas de commande associée;O;25/03/2026 00:00;;25/03/2026 12:21;18.000
cf6d3359-cb74-4d5f-9df3-576085feb542;100;Réception (B.L. : 1800331912);1800331912;;FOURNISSEUR CENTRALE;;Pas de commande associée;O;17/03/2026 00:00;;18/03/2026 12:55;50.000
cf922595-2dee-4c91-949d-e349b39442dc;100;Réception (B.L. : 1100213442);1100213442;;FOURNISSEUR CENTRALE;;Pas de commande associée;O;23/03/2026 00:00;;23/03/2026 17:11;6.000
cfb844cc-90e7-4743-a0ff-d8279dfca466;100;Réception (B.L. : 1800335259);1800335259;;FOURNISSEUR CENTRALE;;Pas de commande associée;O;31/03/2026 00:00;;31/03/2026 17:23;2.000
cfd70f48-3822-497f-ae35-af3923afd77e;100;Réception (B.L. : 1800333485);1800333485;;FOURNISSEUR CENTRALE;;Pas de commande associée;O;24/03/2026 00:00;;24/03/2026 17:34;16.000
cfea435e-f59c-429e-b69c-13b5cf1d774d;100;Réception (B.L. : 1800334569);1800334569;;FOURNISSEUR CENTRALE;;Pas de commande associée;O;27/03/2026 00:00;;27/03/2026 17:20;10.000
d00091b4-0939-4068-b1c5-8b9e0f32bf80;100;Réception (B.L. : 1800334105);1800334105;;FOURNISSEUR CENTRALE;;Pas de commande associée;O;26/03/2026 00:00;;26/03/2026 12:52;22.000
d002850d-f0af-4e4e-aab4-c87431ac22c7;100;Réception (B.L. : 1800333656);1800333656;;FOURNISSEUR CENTRALE;;Pas de commande associée;O;24/03/2026 00:00;;25/03/2026 12:52;2726.600
d021ed58-f5bf-4565-8ba9-1c652423f483;100;Réception (B.L. : 1700236463);1700236463;;FOURNISSEUR CENTRALE;;Pas de commande associée;O;03/04/2026 00:00;;03/04/2026 12:36;1336.000
d04d016a-7702-435e-b449-9538dc688d19;100;Réception (B.L. : 1700230026);1700230026;;FOURNISSEUR CENTRALE;;Pas de commande associée;O;03/03/2026 00:00;;03/03/2026 12:23;0.000
d053c20f-7d4c-45a9-9da3-a6c45171afb5;100;Réception (B.L. : 1100214616);1100214616;;FOURNISSEUR CENTRALE;;Pas de commande associée;O;30/03/2026 00:00;;30/03/2026 12:15;182.000
d138c2cd-925f-4522-95fd-0fed13b6c475;100;Réception (B.L. : 1700235041);1700235041;;FOURNISSEUR CENTRALE;;Pas de commande associée;O;27/03/2026 00:00;;27/03/2026 12:27;36.000
d13a76ee-a324-4c35-a157-7ba1ab8a0f25;100;Réception (B.L. : 1700233766);1700233766;;FOURNISSEUR CENTRALE;;Pas de commande associée;O;20/03/2026 00:00;;20/03/2026 12:16;72.000
d15a6d27-aac2-47ae-84e1-52d20119d13b;100;Réception (B.L. : 1800335634);1800335634;;FOURNISSEUR CENTRALE;;Pas de commande associée;O;01/04/2026 00:00;;02/04/2026 12:44;4.000
d1901a7a-7f24-407e-8c11-ebb49b259426;100;Réception (B.L. : 1800332206);1800332206;;FOURNISSEUR CENTRALE;;Pas de commande associée;O;18/03/2026 00:00;;19/03/2026 12:44;112.930
d209bc42-6aec-4d3b-b517-b98993fcaf5e;100;Réception (B.L. : 1200107427);1200107427;;FOURNISSEUR CENTRALE;;Pas de commande associée;O;27/03/2026 00:00;;27/03/2026 17:12;54.000
d20d72c5-dbca-42a0-9779-402faa312310;100;Réception (B.L. : 1800336065);1800336065;;FOURNISSEUR CENTRALE;;Pas de commande associée;O;02/04/2026 00:00;;03/04/2026 12:44;86.400
d24462b4-dd36-4984-b627-59ebbe3a9930;100;Réception (B.L. : 1100213290);1100213290;;FOURNISSEUR CENTRALE;;Pas de commande associée;O;23/03/2026 00:00;;23/03/2026 12:17;0.000
d2656de2-e28f-4ed8-9b67-d562f137363b;100;Réception (B.L. : 1700233224);1700233224;;FOURNISSEUR CENTRALE;;Pas de commande associée;O;18/03/2026 00:00;;18/03/2026 12:39;10.000
d27d667b-6424-4879-bb8b-4b9b4af307f2;100;Réception (B.L. : 1200107750);1200107750;;FOURNISSEUR CENTRALE;;Pas de commande associée;O;01/04/2026 00:00;;01/04/2026 17:11;24.000
d2cea81d-3a7e-48fc-81ca-ecc4e38cb843;100;Réception (B.L. : 1800336685);1800336685;;FOURNISSEUR CENTRALE;;Pas de commande associée;O;05/04/2026 00:00;;06/04/2026 12:43;9.000
d2d643b4-b38e-488f-9613-4a2a5f5534f0;100;Réception (B.L. : 1800334567);1800334567;;FOURNISSEUR CENTRALE;;Pas de commande associée;O;27/03/2026 00:00;;27/03/2026 17:18;4.554
d2de7387-8a91-430c-a9e5-f5226b2fd855;100;Réception (B.L. : 1800330949);1800330949;;FOURNISSEUR CENTRALE;;Pas de commande associée;O;13/03/2026 00:00;;13/03/2026 17:05;0.000
d30bfe32-4375-4f6d-9bb3-0b006e4d1749;100;Réception (B.L. : 1200106509);1200106509;;FOURNISSEUR CENTRALE;;Pas de commande associée;O;14/03/2026 00:00;;14/03/2026 12:17;6.000
d32b3417-c8f9-426d-a8ed-add627a8ff9b;100;Réception (B.L. : 1700232666);1700232666;;FOURNISSEUR CENTRALE;;Pas de commande associée;O;16/03/2026 00:00;;16/03/2026 12:25;8.000
d33bd9ac-376a-47a7-b824-a43f310908a4;100;Réception (B.L. : 1700232283);1700232283;;FOURNISSEUR CENTRALE;;Pas de commande associée;O;13/03/2026 00:00;;13/03/2026 12:17;24.000
d36e2b6b-bdd9-485d-8fc7-802899edb2a9;100;Réception (B.L. : 1100215467);1100215467;;FOURNISSEUR CENTRALE;;Pas de commande associée;O;03/04/2026 00:00;;03/04/2026 12:16;72.000
d385a35a-d758-4025-a6cf-0047e98fe531;100;Réception (B.L. : 1800327900);1800327900;;FOURNISSEUR CENTRALE;;Pas de commande associée;O;02/03/2026 00:00;;03/03/2026 12:29;178.000
d3965e40-69d9-4caf-8f48-07c144c2b259;100;Réception (B.L. : 1700233121);1700233121;;FOURNISSEUR CENTRALE;;Pas de commande associée;O;18/03/2026 00:00;;18/03/2026 12:36;0.000
d3a612a8-7f8e-472b-9ca1-b1833585278c;100;Réception (B.L. : 1800333654);1800333654;;FOURNISSEUR CENTRALE;;Pas de commande associée;O;24/03/2026 00:00;;25/03/2026 12:50;15.034
d3c029ba-ef37-4a0a-9cf2-df0291677a92;100;Réception (B.L. : 1700230557);1700230557;;FOURNISSEUR CENTRALE;;Pas de commande associée;O;05/03/2026 00:00;;05/03/2026 12:21;128.000
d3c64843-7854-498e-b741-42225e4a6ce8;100;Réception (B.L. : 1800331914);1800331914;;FOURNISSEUR CENTRALE;;Pas de commande associée;O;17/03/2026 00:00;;18/03/2026 12:57;467.058
d3d8e5cb-c812-45dd-a1dc-356fd69f4223;100;Réception (B.L. : 1100214338);1100214338;;FOURNISSEUR CENTRALE;;Pas de commande associée;O;27/03/2026 00:00;;27/03/2026 12:14;20.000
d3ea18b4-cfee-485f-a230-77fdc92c92de;100;Réception (B.L. : 1700233346);1700233346;;FOURNISSEUR CENTRALE;;Pas de commande associée;O;19/03/2026 00:00;;19/03/2026 12:33;354.000
d3fb939e-932a-4e99-8dde-7a14b324a662;100;Réception (B.L. : 1700232874);1700232874;;FOURNISSEUR CENTRALE;;Pas de commande associée;O;17/03/2026 00:00;;17/03/2026 12:16;74.000
d3ff8284-c78f-4c2e-b6d2-ffde26a0c0bd;100;Réception (B.L. : 1100214197);1100214197;;FOURNISSEUR CENTRALE;;Pas de commande associée;O;26/03/2026 00:00;;26/03/2026 17:13;3.000
d411f2fc-f42b-400d-9ef5-3df17c205f78;100;Réception (B.L. : 1700235450);1700235450;;FOURNISSEUR CENTRALE;;Pas de commande associée;O;30/03/2026 00:00;;30/03/2026 12:21;1053.000
d44b464c-2ff8-4787-8949-d689cf7a5b5a;100;Réception (B.L. : 1700235037);1700235037;;FOURNISSEUR CENTRALE;;Pas de commande associée;O;27/03/2026 00:00;;27/03/2026 12:23;12.000
d465a148-e878-40ff-813e-0e004df965ad;100;Réception (B.L. : 1800334571);1800334571;;FOURNISSEUR CENTRALE;;Pas de commande associée;O;27/03/2026 00:00;;27/03/2026 17:22;328.000
d478af4f-026a-4063-b509-6fad50a7e1c2;100;Réception (B.L. : 1700236880);1700236880;;FOURNISSEUR CENTRALE;;Pas de commande associée;O;06/04/2026 00:00;;06/04/2026 12:32;15.000
d4a7751b-8bb2-4a50-be53-1b80a1938a38;100;Réception (B.L. : 1700231561);1700231561;;FOURNISSEUR CENTRALE;;Pas de commande associée;O;10/03/2026 00:00;;10/03/2026 12:21;13.000
d4b477a1-22f8-49cc-9283-f6546dff4539;100;Réception (B.L. : 1800335886);1800335886;;FOURNISSEUR CENTRALE;;Pas de commande associée;O;02/04/2026 00:00;;02/04/2026 17:20;8.000
d53b9cf1-99cc-4653-89d6-0476bc79cf9e;100;Réception (B.L. : 1100215646);1100215646;;FOURNISSEUR CENTRALE;;Pas de commande associée;O;04/04/2026 00:00;;04/04/2026 12:11;0.000
d54062ab-33f5-4349-aa07-0b760f1be543;100;Réception (B.L. : 1800334797);1800334797;;FOURNISSEUR CENTRALE;;Pas de commande associée;O;29/03/2026 00:00;;30/03/2026 12:38;2928.500
d5469b54-8755-4da5-8311-0714a5e7f2f0;100;Réception (B.L. : 1100214020);1100214020;;FOURNISSEUR CENTRALE;;Pas de commande associée;O;25/03/2026 00:00;;25/03/2026 12:34;6.000
d5509565-c0c4-484c-bcaf-c07bb863f381;100;Réception (B.L. : 1700235476);1700235476;;FOURNISSEUR CENTRALE;;Pas de commande associée;O;30/03/2026 00:00;;30/03/2026 12:30;7.000
d5dd4661-571c-4eee-ae39-3d6efab91d70;100;Réception (B.L. : 1800329392);1800329392;;FOURNISSEUR CENTRALE;;Pas de commande associée;O;09/03/2026 00:00;;09/03/2026 12:40;100.000
d5e02059-ae4f-4c63-96b3-1bf228d07c23;100;Réception (B.L. : 1800332878);1800332878;;FOURNISSEUR CENTRALE;;Pas de commande associée;O;20/03/2026 00:00;;20/03/2026 17:10;1480.300
d60cc92a-be23-4626-9c44-2bf35ad31c21;100;Réception (B.L. : 1800333482);1800333482;;FOURNISSEUR CENTRALE;;Pas de commande associée;O;24/03/2026 00:00;;24/03/2026 17:31;197.000
d621b04a-9373-4314-b0b5-dde8f0cfa7e8;100;Réception (B.L. : 1800331330);1800331330;;FOURNISSEUR CENTRALE;;Pas de commande associée;O;15/03/2026 00:00;;16/03/2026 12:33;1200.000
d66959f4-ff43-4baa-9937-bcb56fe86ae9;100;Réception (B.L. : 1700231623);1700231623;;FOURNISSEUR CENTRALE;;Pas de commande associée;O;10/03/2026 00:00;;10/03/2026 12:22;2.000
d6a90353-9e11-461e-88de-af63f9b17f51;100;Réception (B.L. : 1100215845);1100215845;;FOURNISSEUR CENTRALE;;Pas de commande associée;O;06/04/2026 00:00;;06/04/2026 12:11;15.000
d6b7ccdb-ccd2-4b5d-b261-aa87e745419c;100;Réception (B.L. : 1800331215);1800331215;;FOURNISSEUR CENTRALE;;Pas de commande associée;O;14/03/2026 00:00;;14/03/2026 17:05;5.000
d6f3a659-3080-46b2-8735-18f61058e31e;100;Réception (B.L. : 1700231786);1700231786;;FOURNISSEUR CENTRALE;;Pas de commande associée;O;11/03/2026 00:00;;11/03/2026 12:20;223.000
d6f45cd5-2a22-4847-a3ea-56918058e24c;100;Réception (B.L. : 1800327904);1800327904;;FOURNISSEUR CENTRALE;;Pas de commande associée;O;02/03/2026 00:00;;03/03/2026 12:33;135.328
d707ca5a-a645-4a3f-8032-e88ef6c55ea1;100;Réception (B.L. : 1100213077);1100213077;;FOURNISSEUR CENTRALE;;Pas de commande associée;O;20/03/2026 00:00;;20/03/2026 12:02;204.000
d75d1327-e1f2-41e7-ae9e-5dda8af9a419;100;Réception (B.L. : 1700233764);1700233764;;FOURNISSEUR CENTRALE;;Pas de commande associée;O;20/03/2026 00:00;;20/03/2026 12:14;0.000
d788751f-8ab8-46d9-a642-095f315e8238;100;Réception (B.L. : 1700235677);1700235677;;FOURNISSEUR CENTRALE;;Pas de commande associée;O;31/03/2026 00:00;;31/03/2026 12:29;658.000
d7b1a7b2-0bb5-4104-aa01-d51e70b4619e;100;Réception (B.L. : 1800336572);1800336572;;FOURNISSEUR CENTRALE;;Pas de commande associée;O;06/04/2026 00:00;;06/04/2026 12:35;90.000
d7b27b1c-5a05-4547-922b-1a76fe6dff9d;100;Réception (B.L. : 1700233112);1700233112;;FOURNISSEUR CENTRALE;;Pas de commande associée;O;18/03/2026 00:00;;18/03/2026 12:27;828.000
d7b4ca71-50f2-417c-af1d-485dd9423830;100;Réception (B.L. : 1700236019);1700236019;;FOURNISSEUR CENTRALE;;Pas de commande associée;O;01/04/2026 00:00;;01/04/2026 12:42;15.000
d7b510c8-a2b8-4d1d-a7af-417498f65322;100;Réception (B.L. : 1800334066);1800334066;;FOURNISSEUR CENTRALE;;Pas de commande associée;O;26/03/2026 00:00;;26/03/2026 12:51;10.000
d7c5e528-f71c-4084-b9b6-82cb02e4a8ef;100;Réception (B.L. : 1700236712);1700236712;;FOURNISSEUR CENTRALE;;Pas de commande associée;O;04/04/2026 00:00;;04/04/2026 12:12;24.000
d7db5e3e-03d4-4c0b-b52d-229e99b10605;100;Réception (B.L. : 1700232008);1700232008;;FOURNISSEUR CENTRALE;;Pas de commande associée;O;12/03/2026 00:00;;12/03/2026 12:18;0.000
d83c88c9-d67a-45dd-8bd7-6a8a483c94a6;100;Réception (B.L. : 1800330304);1800330304;;FOURNISSEUR CENTRALE;;Pas de commande associée;O;11/03/2026 00:00;;12/03/2026 12:33;12.000
d84b6259-513e-49f8-a052-17802e38cb5f;100;Réception (B.L. : 1800331536);1800331536;;FOURNISSEUR CENTRALE;;Pas de commande associée;O;16/03/2026 00:00;;17/03/2026 12:33;50.000
d8a6875c-1d64-417b-bde0-991d36b7cb46;100;Réception (B.L. : 1200107143);1200107143;;FOURNISSEUR CENTRALE;;Pas de commande associée;O;25/03/2026 00:00;;25/03/2026 12:16;32.000
d8b42db8-d3e4-4489-8ae6-336127875ada;100;Réception (B.L. : 1700231171);1700231171;;FOURNISSEUR CENTRALE;;Pas de commande associée;O;09/03/2026 00:00;;09/03/2026 12:27;0.000
d8e7a6b4-f3a4-4c91-b47e-d71ace99aeeb;100;Réception (B.L. : 1800333365);1800333365;;FOURNISSEUR CENTRALE;;Pas de commande associée;O;24/03/2026 00:00;;24/03/2026 12:55;2191.700
d8f0da41-f1f6-45fe-b69e-2cbdd81e7fae;100;Réception (B.L. : 1800329673);1800329673;;FOURNISSEUR CENTRALE;;Pas de commande associée;O;10/03/2026 00:00;;10/03/2026 12:27;71.600
d9252f55-74ad-406b-8aed-263ccb6e152a;100;Réception (B.L. : 1700235456);1700235456;;FOURNISSEUR CENTRALE;;Pas de commande associée;O;30/03/2026 00:00;;30/03/2026 12:27;0.000
d943b979-86c3-48ec-8765-a20092d44cb9;100;Réception (B.L. : 1800336456);1800336456;;FOURNISSEUR CENTRALE;;Pas de commande associée;O;03/04/2026 00:00;;04/04/2026 12:15;10.000
d96fb5b9-aeed-4b5c-8d23-cd2ff356a600;100;Réception (B.L. : 1800327685);1800327685;;FOURNISSEUR CENTRALE;;Pas de commande associée;O;01/03/2026 00:00;;01/03/2026 23:16;3.000
d9d274fa-5851-42dc-8c9c-dc2163e5534d;100;Réception (B.L. : 1700230556);1700230556;;FOURNISSEUR CENTRALE;;Pas de commande associée;O;05/03/2026 00:00;;05/03/2026 12:20;801.000
da122dcb-267f-48af-b1fe-401816e694ee;100;Réception (B.L. : 1800333360);1800333360;;FOURNISSEUR CENTRALE;;Pas de commande associée;O;24/03/2026 00:00;;24/03/2026 12:50;31.000
da1d6ff6-18fe-46f0-8382-ae2323d53679;100;Réception (B.L. : 1800335469);1800335469;;FOURNISSEUR CENTRALE;;Pas de commande associée;O;31/03/2026 00:00;;01/04/2026 12:45;12.000
da518a4b-6f22-42fc-97e5-0e1961a93c1c;100;Réception (B.L. : 1800332011);1800332011;;FOURNISSEUR CENTRALE;;Pas de commande associée;O;17/03/2026 00:00;;18/03/2026 13:01;16.000
daa66aed-392a-4b94-83d3-614ff670420c;100;Réception (B.L. : 1800331862);1800331862;;FOURNISSEUR CENTRALE;;Pas de commande associée;O;17/03/2026 00:00;;17/03/2026 17:16;45.390
daa81630-e457-4453-be9a-6aa1bdba7c08;100;Réception (B.L. : 1800335044);1800335044;;FOURNISSEUR CENTRALE;;Pas de commande associée;O;30/03/2026 00:00;;31/03/2026 12:42;120.000
dad3f767-4f4c-4853-8da5-d576bed07fac;100;Réception (B.L. : 1100210639);1100210639;;FOURNISSEUR CENTRALE;;Pas de commande associée;O;05/03/2026 00:00;;05/03/2026 17:21;24.000
db04121f-96fb-4559-aff6-6eab20214a1c;100;Réception (B.L. : 1200107454);1200107454;;FOURNISSEUR CENTRALE;;Pas de commande associée;O;28/03/2026 00:00;;28/03/2026 12:11;34.000
db100597-20b9-48c3-9748-b7f99ddb2a27;100;Réception (B.L. : 1800333650);1800333650;;FOURNISSEUR CENTRALE;;Pas de commande associée;O;24/03/2026 00:00;;25/03/2026 12:46;35.000
db23c106-59e8-4294-bbf8-81544a1814bb;100;Réception (B.L. : 1700236871);1700236871;;FOURNISSEUR CENTRALE;;Pas de commande associée;O;06/04/2026 00:00;;06/04/2026 12:24;350.000
db50363b-a3e5-4529-a3e7-1fe5b4cc5b8c;100;Réception (B.L. : 1800330955);1800330955;;FOURNISSEUR CENTRALE;;Pas de commande associée;O;13/03/2026 00:00;;13/03/2026 17:11;100.000
db5dca39-c315-4cdf-9b24-086f22a0b139;100;Réception (B.L. : 1800336332);1800336332;;FOURNISSEUR CENTRALE;;Pas de commande associée;O;03/04/2026 00:00;;04/04/2026 00:00;400.000
db89dd69-e1df-4725-a14f-3aba6b47b078;100;Réception (B.L. : 1700236222);1700236222;;FOURNISSEUR CENTRALE;;Pas de commande associée;O;02/04/2026 00:00;;02/04/2026 12:41;30.000
db8cb7f5-813e-43f4-8733-dd9ff62aee7a;100;Réception (B.L. : 1700229735);1700229735;;FOURNISSEUR CENTRALE;;Pas de commande associée;O;02/03/2026 00:00;;02/03/2026 12:15;1268.000
dbc90be0-f924-4dcf-9a6c-b9e41567474a;100;Réception (B.L. : 1700236221);1700236221;;FOURNISSEUR CENTRALE;;Pas de commande associée;O;02/04/2026 00:00;;02/04/2026 12:40;24.000
dbd52d5e-744a-44c3-84b5-7e605c381aad;100;Réception (B.L. : 1700230652);1700230652;;FOURNISSEUR CENTRALE;;Pas de commande associée;O;06/03/2026 00:00;;06/03/2026 12:21;66.000
dc43e3d2-b8bf-449e-a36b-d359b6cccd2a;100;Réception (B.L. : 1800329316);1800329316;;FOURNISSEUR CENTRALE;;Pas de commande associée;O;07/03/2026 00:00;;07/03/2026 12:22;400.000
dccac660-fdba-4dcb-923f-6b0b26ca5a54;100;Réception (B.L. : 1700230019);1700230019;;FOURNISSEUR CENTRALE;;Pas de commande associée;O;03/03/2026 00:00;;03/03/2026 12:16;5020.000
dce8209e-3998-4664-8d38-f22a779afa4f;100;Réception (B.L. : 1800335637);1800335637;;FOURNISSEUR CENTRALE;;Pas de commande associée;O;01/04/2026 00:00;;02/04/2026 12:47;3510.000
dd0cc581-7752-45bc-b467-39696eb057d0;100;Réception (B.L. : 1700234791);1700234791;;FOURNISSEUR CENTRALE;;Pas de commande associée;O;26/03/2026 00:00;;26/03/2026 12:27;6.000
dd22c7e3-aec9-4ecf-ac87-6d309a26bb5d;100;Réception (B.L. : 1100213287);1100213287;;FOURNISSEUR CENTRALE;;Pas de commande associée;O;23/03/2026 00:00;;23/03/2026 12:14;204.000
ddafe69f-54c4-45e3-8a0c-932ca0938e4c;100;Réception (B.L. : 1700230016);1700230016;;FOURNISSEUR CENTRALE;;Pas de commande associée;O;03/03/2026 00:00;;03/03/2026 12:13;1687.000
de022a30-f191-4375-a95d-a238b8cd6489;100;Réception (B.L. : 1800330303);1800330303;;FOURNISSEUR CENTRALE;;Pas de commande associée;O;11/03/2026 00:00;;12/03/2026 12:32;50.000
ded88666-25a0-4ef7-9d1e-a7e79c4ac7b4;100;Réception (B.L. : 1100211262);1100211262;;FOURNISSEUR CENTRALE;;Pas de commande associée;O;10/03/2026 00:00;;10/03/2026 12:06;32.000
df428d20-5047-4072-8a48-161fbd05b32a;100;Réception (B.L. : 1100212297);1100212297;;FOURNISSEUR CENTRALE;;Pas de commande associée;O;17/03/2026 00:00;;17/03/2026 12:06;4846.000
df4780e6-bc69-418d-aab1-ded63078d138;100;Réception (B.L. : 1700232280);1700232280;;FOURNISSEUR CENTRALE;;Pas de commande associée;O;13/03/2026 00:00;;13/03/2026 12:14;0.000
df5915c6-ecf8-4399-8ef4-ceed64454859;100;Réception (B.L. : 1100212771);1100212771;;FOURNISSEUR CENTRALE;;Pas de commande associée;O;19/03/2026 00:00;;19/03/2026 12:23;64.000
df5da0bd-071b-42fc-9269-4891e17a9904;100;Réception (B.L. : 1800330065);1800330065;;FOURNISSEUR CENTRALE;;Pas de commande associée;O;10/03/2026 00:00;;11/03/2026 12:28;10.000
df90ee45-50d9-4b2e-98a9-6c167d86e6bc;100;Réception (B.L. : 1100213283);1100213283;;FOURNISSEUR CENTRALE;;Pas de commande associée;O;23/03/2026 00:00;;23/03/2026 12:11;14.000
dfb27234-6180-4f10-9266-e8e726886282;100;Réception (B.L. : 1700230770);1700230770;;FOURNISSEUR CENTRALE;;Pas de commande associée;O;06/03/2026 00:00;;06/03/2026 12:26;30.000
dfd8a43a-a53b-407b-baaf-d33761b6c89b;100;Réception (B.L. : 1800333273);1800333273;;FOURNISSEUR CENTRALE;;Pas de commande associée;O;23/03/2026 00:00;;23/03/2026 12:55;41.000
dfdbf738-85c1-4278-86e2-3c16cd3094f0;100;Réception (B.L. : 1800332532);1800332532;;FOURNISSEUR CENTRALE;;Pas de commande associée;O;19/03/2026 00:00;;20/03/2026 12:23;36.000
dff98498-6880-469d-a707-9213e18d508d;100;Réception (B.L. : 1700234883);1700234883;;FOURNISSEUR CENTRALE;;Pas de commande associée;O;26/03/2026 00:00;;26/03/2026 12:39;1.000
dffa034b-af01-423a-a769-6c183ce20cd6;100;Réception (B.L. : 1800332208);1800332208;;FOURNISSEUR CENTRALE;;Pas de commande associée;O;18/03/2026 00:00;;19/03/2026 12:46;4.525
e00b6f26-369e-4554-90f4-d2957bfba2fa;100;Réception (B.L. : 1800336556);1800336556;;FOURNISSEUR CENTRALE;;Pas de commande associée;O;04/04/2026 00:00;;04/04/2026 17:13;10.000
e017b8a8-b06c-4bc5-8297-218736dd937c;100;Réception (B.L. : 1800331705);1800331705;;FOURNISSEUR CENTRALE;;Pas de commande associée;O;17/03/2026 00:00;;17/03/2026 17:07;8.000
e02f5875-33cb-4b2b-a9f9-ac6c750828aa;100;Réception (B.L. : 1700233546);1700233546;;FOURNISSEUR CENTRALE;;Pas de commande associée;O;19/03/2026 00:00;;19/03/2026 23:34;32.000
e03effac-b8eb-4034-8618-bdd7e44167cb;100;Réception (B.L. : 1700236467);1700236467;;FOURNISSEUR CENTRALE;;Pas de commande associée;O;03/04/2026 00:00;;03/04/2026 12:40;24.000
e09c38ca-c004-4bb5-8982-71b396f60694;100;Réception (B.L. : 1800334281);1800334281;;FOURNISSEUR CENTRALE;;Pas de commande associée;O;26/03/2026 00:00;;27/03/2026 12:46;54.000
e0b5a15c-114a-4115-9775-58cf9f64d1a8;100;Réception (B.L. : 1800335796);1800335796;;FOURNISSEUR CENTRALE;;Pas de commande associée;O;02/04/2026 00:00;;02/04/2026 12:57;65.650
e0bd3f86-0c18-4479-812b-f39b8e474aad;100;Réception (B.L. : 1800329915);1800329915;;FOURNISSEUR CENTRALE;;Pas de commande associée;O;10/03/2026 00:00;;10/03/2026 12:43;51.000
e1260a0d-a11f-4fea-a6c5-d961db1db225;100;Réception (B.L. : 1100211932);1100211932;;FOURNISSEUR CENTRALE;;Pas de commande associée;O;13/03/2026 00:00;;13/03/2026 12:09;3.000
e1545da3-17dc-421e-82a1-bd13ed49eda5;100;Réception (B.L. : 1100211179);1100211179;;FOURNISSEUR CENTRALE;;Pas de commande associée;O;09/03/2026 00:00;;09/03/2026 17:12;12.000
e1547a7b-40dc-47af-afb5-30a70643dee1;100;Réception (B.L. : 1100214030);1100214030;;FOURNISSEUR CENTRALE;;Pas de commande associée;O;25/03/2026 00:00;;25/03/2026 17:11;12.000
e1f659a4-8d69-4811-a613-e1bc188ec4db;100;Réception (B.L. : 1100211891);1100211891;;FOURNISSEUR CENTRALE;;Pas de commande associée;O;13/03/2026 00:00;;13/03/2026 12:02;10402.000
e22cc054-f301-4ceb-8335-5de63d528652;100;Réception (B.L. : 1800328293);1800328293;;FOURNISSEUR CENTRALE;;Pas de commande associée;O;03/03/2026 00:00;;04/03/2026 12:20;242.000
e2eecf44-d44f-411c-9080-50ce408dd52b;100;Réception (B.L. : 1700232880);1700232880;;FOURNISSEUR CENTRALE;;Pas de commande associée;O;17/03/2026 00:00;;17/03/2026 12:22;36.000
e305c523-dcb6-4a9d-b2f0-851bfd7945b7;100;Réception (B.L. : 1700234332);1700234332;;FOURNISSEUR CENTRALE;;Pas de commande associée;O;24/03/2026 00:00;;24/03/2026 12:35;0.000
e34c4592-8cdc-4664-9ddb-8386b0298428;100;Réception (B.L. : 1100214955);1100214955;;FOURNISSEUR CENTRALE;;Pas de commande associée;O;01/04/2026 00:00;;01/04/2026 12:22;30.000
e352a5e7-ce53-4adc-990c-c6afe0d004ca;100;Réception (B.L. : 1800327910);1800327910;;FOURNISSEUR CENTRALE;;Pas de commande associée;O;02/03/2026 00:00;;03/03/2026 12:39;8.000
e36a2a57-628a-4520-9010-697e829d70d1;100;Réception (B.L. : 1700237027);1700237027;;FOURNISSEUR CENTRALE;;Pas de commande associée;O;07/04/2026 00:00;;07/04/2026 12:26;157.000
e37c82d5-8951-4c6f-9141-420eab01bc59;100;Réception (B.L. : 1700231791);1700231791;;FOURNISSEUR CENTRALE;;Pas de commande associée;O;11/03/2026 00:00;;11/03/2026 12:25;1622.000
e399e90f-6756-495c-9ac7-9a6d04b9de55;100;Réception (B.L. : 1700230241);1700230241;;FOURNISSEUR CENTRALE;;Pas de commande associée;O;04/03/2026 00:00;;04/03/2026 12:16;12.000
e3b9ea9d-583b-47b0-a87d-0abb82f22f7a;100;Réception (B.L. : 1100211670);1100211670;;FOURNISSEUR CENTRALE;;Pas de commande associée;O;12/03/2026 00:00;;12/03/2026 17:12;2.000
e3c49241-ca43-4b06-bccc-d4e8b991a557;100;Réception (B.L. : 1700236874);1700236874;;FOURNISSEUR CENTRALE;;Pas de commande associée;O;06/04/2026 00:00;;06/04/2026 12:27;2204.000
e3ddd9b4-b2df-4f44-9dca-3e9a8f2ee691;100;Réception (B.L. : 1800331863);1800331863;;FOURNISSEUR CENTRALE;;Pas de commande associée;O;17/03/2026 00:00;;17/03/2026 17:17;57.000
e405378a-db88-47cb-8750-8778575cce05;100;Réception (B.L. : 1800331327);1800331327;;FOURNISSEUR CENTRALE;;Pas de commande associée;O;15/03/2026 00:00;;16/03/2026 12:30;2226.680
e41101b8-044a-4308-9d93-59a891eb22e9;100;Réception (B.L. : 1100214618);1100214618;;FOURNISSEUR CENTRALE;;Pas de commande associée;O;30/03/2026 00:00;;30/03/2026 12:17;144.000
e42e991f-a949-40d3-9244-520ae84bd344;100;Réception (B.L. : 1700230239);1700230239;;FOURNISSEUR CENTRALE;;Pas de commande associée;O;04/03/2026 00:00;;04/03/2026 12:14;48.000
e4480908-e674-4bce-8cde-aa811fd123b2;100;Réception (B.L. : 1800332209);1800332209;;FOURNISSEUR CENTRALE;;Pas de commande associée;O;18/03/2026 00:00;;19/03/2026 12:47;262.000
e47603bd-d670-42f1-8355-118f9f05c9db;100;Réception (B.L. : 1800327901);1800327901;;FOURNISSEUR CENTRALE;;Pas de commande associée;O;02/03/2026 00:00;;03/03/2026 12:30;162.000
e4942b1d-bb90-4677-acdd-6bfc88a691f8;100;Réception (B.L. : 1100210396);1100210396;;FOURNISSEUR CENTRALE;;Pas de commande associée;O;04/03/2026 00:00;;04/03/2026 12:04;144.000
e4a2301d-de23-4757-8020-65c4089fbf98;100;Réception (B.L. : 1700234333);1700234333;;FOURNISSEUR CENTRALE;;Pas de commande associée;O;24/03/2026 00:00;;24/03/2026 12:36;6.000
e4af34c4-fe41-4aea-9e4e-ea7f4969c49e;100;Réception (B.L. : 1100209981);1100209981;;FOURNISSEUR CENTRALE;;Pas de commande associée;O;02/03/2026 00:00;;02/03/2026 12:11;162.000
e4b5b37e-1fce-4c61-b059-fe6c2d3abe1b;100;Réception (B.L. : 1800330550);1800330550;;FOURNISSEUR CENTRALE;;Pas de commande associée;O;12/03/2026 00:00;;12/03/2026 12:45;192.000
e4e226a6-a02a-4503-b19b-5a8b3ba3dcc1;100;Réception (B.L. : 1700231167);1700231167;;FOURNISSEUR CENTRALE;;Pas de commande associée;O;09/03/2026 00:00;;09/03/2026 12:23;741.000
e4f4caea-9fd4-42a8-9915-4fcad8a41220;100;Réception (B.L. : 1800332410);1800332410;;FOURNISSEUR CENTRALE;;Pas de commande associée;O;19/03/2026 00:00;;19/03/2026 17:24;11.000
e5281e22-bfd7-42a8-b437-61e296830fd5;100;Réception (B.L. : 1700236460);1700236460;;FOURNISSEUR CENTRALE;;Pas de commande associée;O;03/04/2026 00:00;;03/04/2026 12:33;162.000
e530cbe5-1f3f-41e1-8ac3-64d3a735fa29;100;Réception (B.L. : 1700233348);1700233348;;FOURNISSEUR CENTRALE;;Pas de commande associée;O;19/03/2026 00:00;;19/03/2026 12:35;596.000
e54ce7b2-73c0-46eb-80bc-a0ca4914567c;100;Réception (B.L. : 1200107223);1200107223;;FOURNISSEUR CENTRALE;;Pas de commande associée;O;26/03/2026 00:00;;26/03/2026 12:14;6.000
e5652c0f-32a9-4fad-abcb-5478f211f372;100;Réception (B.L. : 1700234408);1700234408;;FOURNISSEUR CENTRALE;;Pas de commande associée;O;24/03/2026 00:00;;24/03/2026 12:48;1.000
e575b707-1e69-4020-8214-4e5a60c46b2c;100;Réception (B.L. : 1100213993);1100213993;;FOURNISSEUR CENTRALE;;Pas de commande associée;O;25/03/2026 00:00;;25/03/2026 12:31;42.000
e590f326-d744-466b-9fd9-40645503dd7f;100;Réception (B.L. : 1800334180);1800334180;;FOURNISSEUR CENTRALE;;Pas de commande associée;O;26/03/2026 00:00;;26/03/2026 13:00;1.000
e592ed03-cd0e-455c-a6f2-e0d0eb1f1d48;100;Réception (B.L. : 1800331710);1800331710;;FOURNISSEUR CENTRALE;;Pas de commande associée;O;17/03/2026 00:00;;17/03/2026 17:12;2.000
e5bad8f1-79e4-4ea6-a97d-6d5d9062ad1b;100;Réception (B.L. : 1700235674);1700235674;;FOURNISSEUR CENTRALE;;Pas de commande associée;O;31/03/2026 00:00;;31/03/2026 12:26;896.000
e5cc7795-5fc1-4bd6-93e7-abaf3e20fc7e;100;Réception (B.L. : 1100213947);1100213947;;FOURNISSEUR CENTRALE;;Pas de commande associée;O;25/03/2026 00:00;;25/03/2026 12:28;3.000
e5f89d3b-6bbb-4325-a720-81da48f9a50f;100;Réception (B.L. : 1800332533);1800332533;;FOURNISSEUR CENTRALE;;Pas de commande associée;O;19/03/2026 00:00;;20/03/2026 12:24;162.000
e5ff96a0-c2e3-4bf7-a348-1a19fcb53e83;100;Réception (B.L. : 1700231940);1700231940;;FOURNISSEUR CENTRALE;;Pas de commande associée;O;11/03/2026 00:00;;11/03/2026 17:02;0.000
e61bf7fd-37e3-4ded-86bd-3ae5cf745d0d;100;Réception (B.L. : 1700234409);1700234409;;FOURNISSEUR CENTRALE;;Pas de commande associée;O;24/03/2026 00:00;;24/03/2026 12:49;1.000
e6366a4d-6970-46af-b5e6-bd9288cfe449;100;Réception (B.L. : 1200106890);1200106890;;FOURNISSEUR CENTRALE;;Pas de commande associée;O;21/03/2026 00:00;;21/03/2026 12:02;3.000
e6650a2c-c05e-44c8-bb8f-f4be64419741;100;Réception (B.L. : 1100214396);1100214396;;FOURNISSEUR CENTRALE;;Pas de commande associée;O;27/03/2026 00:00;;27/03/2026 12:20;4.000
e6e5a10b-2284-44ac-8fb8-daf81cec0297;100;Réception (B.L. : 1700232002);1700232002;;FOURNISSEUR CENTRALE;;Pas de commande associée;O;12/03/2026 00:00;;12/03/2026 12:12;2457.000
e76ee1d1-8e74-48d2-9915-9051cfa47944;100;Réception (B.L. : 1800334781);1800334781;;FOURNISSEUR CENTRALE;;Pas de commande associée;O;28/03/2026 00:00;;28/03/2026 17:14;112.000
e7dd3a81-b2b1-4a51-9f95-80a2fa4ae140;100;Réception (B.L. : 1200106111);1200106111;;FOURNISSEUR CENTRALE;;Pas de commande associée;O;10/03/2026 00:00;;10/03/2026 17:02;6.000
e8062d89-884a-43d2-913c-cbad135c2073;100;Réception (B.L. : 1800335248);1800335248;;FOURNISSEUR CENTRALE;;Pas de commande associée;O;31/03/2026 00:00;;31/03/2026 17:12;60.000
e83d837a-a83b-46df-96f1-7104954e5753;100;Réception (B.L. : 1800336482);1800336482;;FOURNISSEUR CENTRALE;;Pas de commande associée;O;04/04/2026 00:00;;04/04/2026 12:17;3.700
e8471d21-7a41-4390-856c-d1daa37fe974;100;Réception (B.L. : 1100213296);1100213296;;FOURNISSEUR CENTRALE;;Pas de commande associée;O;23/03/2026 00:00;;23/03/2026 12:23;12.000
e8c03f6c-6ff2-4c4e-9a76-fb5e8fe86857;100;Réception (B.L. : 1700233962);1700233962;;FOURNISSEUR CENTRALE;;Pas de commande associée;O;23/03/2026 00:00;;23/03/2026 12:35;0.000
e8ecc7fc-de8f-49f2-8707-dcde795d6c4f;100;Réception (B.L. : 1100213080);1100213080;;FOURNISSEUR CENTRALE;;Pas de commande associée;O;20/03/2026 00:00;;20/03/2026 12:05;24.000
e9058123-1ea5-45df-a12b-02894fcc76b4;100;Réception (B.L. : 1800334780);1800334780;;FOURNISSEUR CENTRALE;;Pas de commande associée;O;28/03/2026 00:00;;28/03/2026 17:13;199.000
e94d363b-dca1-4894-9b17-e4115a7c2f39;100;Réception (B.L. : 1100210522);1100210522;;FOURNISSEUR CENTRALE;;Pas de commande associée;O;05/03/2026 00:00;;05/03/2026 12:12;42.000
e983e58f-2970-4209-83af-c63dd4976025;100;Réception (B.L. : 1100210622);1100210622;;FOURNISSEUR CENTRALE;;Pas de commande associée;O;05/03/2026 00:00;;05/03/2026 12:17;5.000
e9c54d2c-5605-4b2d-a046-317ad44fa472;100;Réception (B.L. : 1800331706);1800331706;;FOURNISSEUR CENTRALE;;Pas de commande associée;O;17/03/2026 00:00;;17/03/2026 17:08;367.000
e9cd8b41-be29-4a43-9fc8-71af23ffcfdb;100;Réception (B.L. : 1700233547);1700233547;;FOURNISSEUR CENTRALE;;Pas de commande associée;O;19/03/2026 00:00;;19/03/2026 23:35;12.000
e9eea0b0-c256-4755-9353-46250386fc76;100;Réception (B.L. : 1100215117);1100215117;;FOURNISSEUR CENTRALE;;Pas de commande associée;O;02/04/2026 00:00;;02/04/2026 12:15;264.000
ea0d861f-846b-4425-9336-bd9ccab19608;100;Réception (B.L. : 1700236876);1700236876;;FOURNISSEUR CENTRALE;;Pas de commande associée;O;06/04/2026 00:00;;06/04/2026 12:29;24.000
ea432eaf-d7e9-4a44-9837-3184d0b02a16;100;Réception (B.L. : 1800331708);1800331708;;FOURNISSEUR CENTRALE;;Pas de commande associée;O;17/03/2026 00:00;;17/03/2026 17:10;81.000
ea4534f3-69cb-43e6-815b-d56ea3e0ab26;100;Réception (B.L. : 1800333175);1800333175;;FOURNISSEUR CENTRALE;;Pas de commande associée;O;23/03/2026 00:00;;23/03/2026 12:52;2.000
ea4d49b2-6569-4614-99b3-96fa575697bb;100;Réception (B.L. : 1700229739);1700229739;;FOURNISSEUR CENTRALE;;Pas de commande associée;O;02/03/2026 00:00;;02/03/2026 12:19;120.000
ea6b63b6-c035-42db-91b0-df0a3c242b8a;100;Réception (B.L. : 1800336854);1800336854;;FOURNISSEUR CENTRALE;;Pas de commande associée;O;06/04/2026 00:00;;07/04/2026 12:33;75.840
ea7f3a0e-ab70-455c-b024-d52e85e512de;100;Réception (B.L. : 1800332875);1800332875;;FOURNISSEUR CENTRALE;;Pas de commande associée;O;20/03/2026 00:00;;20/03/2026 17:07;124.000
ea8b6051-f5bd-4f5f-8bcb-a38b84b0f9ba;100;Réception (B.L. : 1800328840);1800328840;;FOURNISSEUR CENTRALE;;Pas de commande associée;O;05/03/2026 00:00;;06/03/2026 12:38;33.000
eae87257-2188-497d-9c8b-38ad3f1f0588;100;Réception (B.L. : 1100213715);1100213715;;FOURNISSEUR CENTRALE;;Pas de commande associée;O;24/03/2026 00:00;;24/03/2026 17:18;66.000
eb034bd2-6aec-46bf-b39d-841853778fdc;100;Réception (B.L. : 1100210979);1100210979;;FOURNISSEUR CENTRALE;;Pas de commande associée;O;07/03/2026 00:00;;07/03/2026 12:13;12.000
eb56209c-f01c-4926-a074-bfb4bcdd6708;100;Réception (B.L. : 1800334272);1800334272;;FOURNISSEUR CENTRALE;;Pas de commande associée;O;26/03/2026 00:00;;27/03/2026 12:37;295.500
eb985c5a-1153-49e2-a9f9-a4f6bf74db94;100;Réception (B.L. : 1800335471);1800335471;;FOURNISSEUR CENTRALE;;Pas de commande associée;O;31/03/2026 00:00;;01/04/2026 12:47;760.000
ebb4b119-3b67-472a-b094-fdf062d21a2e;100;Réception (B.L. : 1100214954);1100214954;;FOURNISSEUR CENTRALE;;Pas de commande associée;O;01/04/2026 00:00;;01/04/2026 12:21;0.000
ebcd2ba2-e548-4b36-9a57-a9620a16ad59;100;Réception (B.L. : 1100214956);1100214956;;FOURNISSEUR CENTRALE;;Pas de commande associée;O;01/04/2026 00:00;;01/04/2026 12:23;8.000
ec447883-6c6f-46ad-8626-af0c558e1458;100;Réception (B.L. : 1700234557);1700234557;;FOURNISSEUR CENTRALE;;Pas de commande associée;O;25/03/2026 00:00;;25/03/2026 12:40;24.000
ec4c5cce-1442-44cf-b9d2-10765919024a;100;Réception (B.L. : 1100212300);1100212300;;FOURNISSEUR CENTRALE;;Pas de commande associée;O;17/03/2026 00:00;;17/03/2026 12:09;30.000
ec511310-5a80-440c-b506-806277a2e677;100;Réception (B.L. : 1100212470);1100212470;;FOURNISSEUR CENTRALE;;Pas de commande associée;O;18/03/2026 00:00;;18/03/2026 12:13;0.000
ecda2f24-424f-4ed8-af2f-b2cd4859bf50;100;Réception (B.L. : 1200107702);1200107702;;FOURNISSEUR CENTRALE;;Pas de commande associée;O;01/04/2026 00:00;;01/04/2026 12:11;10.000
ecee0873-750f-44f1-935e-279176fbf053;100;Réception (B.L. : 1100215245);1100215245;;FOURNISSEUR CENTRALE;;Pas de commande associée;O;02/04/2026 00:00;;02/04/2026 12:23;22.000
ed1fbd7f-5ce6-49ee-8815-b8a0dbbd7920;100;Réception (B.L. : 1700235676);1700235676;;FOURNISSEUR CENTRALE;;Pas de commande associée;O;31/03/2026 00:00;;31/03/2026 12:28;585.000
ed3545c6-0802-4473-a825-6ede77304417;100;Réception (B.L. : 1700234336);1700234336;;FOURNISSEUR CENTRALE;;Pas de commande associée;O;24/03/2026 00:00;;24/03/2026 12:39;2100.000
ed55eeeb-5c2f-494a-ac90-a6a21588df8c;100;Réception (B.L. : 1700230028);1700230028;;FOURNISSEUR CENTRALE;;Pas de commande associée;O;03/03/2026 00:00;;03/03/2026 12:25;13.000
ed57f0b0-8635-454e-a9b4-6d524c9c2e9f;100;Réception (B.L. : 1700234800);1700234800;;FOURNISSEUR CENTRALE;;Pas de commande associée;O;26/03/2026 00:00;;26/03/2026 12:36;0.000
edd860c1-a58a-46cc-9f47-f695355d78d3;100;Réception (B.L. : 1100213676);1100213676;;FOURNISSEUR CENTRALE;;Pas de commande associée;O;24/03/2026 00:00;;24/03/2026 17:13;11.000
ee4e8042-ccd7-4cd3-958f-d8d9c7ca9b46;100;Réception (B.L. : 1100214019);1100214019;;FOURNISSEUR CENTRALE;;Pas de commande associée;O;25/03/2026 00:00;;25/03/2026 12:33;6.000
ee4f6007-8a6f-4783-a831-d04198e71987;100;Réception (B.L. : 1700236326);1700236326;;FOURNISSEUR CENTRALE;;Pas de commande associée;O;03/04/2026 00:00;;03/04/2026 12:23;6.000
ee5177e4-3422-4b52-8b2c-8cdd896897d1;100;Réception (B.L. : 1700233802);1700233802;;FOURNISSEUR CENTRALE;;Pas de commande associée;O;20/03/2026 00:00;;20/03/2026 12:20;0.000
ee5e2637-6fd8-476c-9e17-ddf49b11c9e9;100;Réception (B.L. : 1100213663);1100213663;;FOURNISSEUR CENTRALE;;Pas de commande associée;O;24/03/2026 00:00;;24/03/2026 17:10;60.000
eefda72c-a67e-46f1-a5f8-eb8bc2f444c2;100;Réception (B.L. : 1800335641);1800335641;;FOURNISSEUR CENTRALE;;Pas de commande associée;O;01/04/2026 00:00;;02/04/2026 12:51;164.000
ef297c08-bc4c-44cf-b7a0-bce40fe491d3;100;Réception (B.L. : 1700232030);1700232030;;FOURNISSEUR CENTRALE;;Pas de commande associée;O;12/03/2026 00:00;;12/03/2026 12:21;72.000
ef7fed83-4aae-45a9-b489-d338bf116257;100;Réception (B.L. : 1800335613);1800335613;;FOURNISSEUR CENTRALE;;Pas de commande associée;O;01/04/2026 00:00;;01/04/2026 12:55;6.000
ef867df6-f7c6-4fff-a0cd-d75047e68fef;100;Réception (B.L. : 1200107015);1200107015;;FOURNISSEUR CENTRALE;;Pas de commande associée;O;24/03/2026 00:00;;24/03/2026 12:25;456.000
efb7f68d-1551-4f67-bcd6-efeda19f787a;100;Réception (B.L. : 1200106734);1200106734;;FOURNISSEUR CENTRALE;;Pas de commande associée;O;19/03/2026 00:00;;19/03/2026 12:13;410.000
efcf5588-9cff-43db-93f8-abedcaae7762;100;Réception (B.L. : 1800332876);1800332876;;FOURNISSEUR CENTRALE;;Pas de commande associée;O;20/03/2026 00:00;;20/03/2026 17:08;160.000
efd4fbca-d1b5-41d3-aa4c-ee4e0747652f;100;Réception (B.L. : 1700232871);1700232871;;FOURNISSEUR CENTRALE;;Pas de commande associée;O;17/03/2026 00:00;;17/03/2026 12:13;1168.000
efdbdb4b-59ae-4870-9fba-607336b4029b;100;Réception (B.L. : 1100212811);1100212811;;FOURNISSEUR CENTRALE;;Pas de commande associée;O;19/03/2026 00:00;;19/03/2026 17:11;450.000
efeaeedc-dd43-41b7-a58e-9c9dd24ed277;100;Réception (B.L. : 1100211466);1100211466;;FOURNISSEUR CENTRALE;;Pas de commande associée;O;11/03/2026 00:00;;11/03/2026 12:11;1038.000
f00da3b5-644c-417d-ae76-418bd148a9f2;100;Réception (B.L. : 1700230560);1700230560;;FOURNISSEUR CENTRALE;;Pas de commande associée;O;05/03/2026 00:00;;05/03/2026 12:24;48.000
f012d35f-7e11-4e99-a249-0ef450c8ef41;100;Réception (B.L. : 1800336148);1800336148;;FOURNISSEUR CENTRALE;;Pas de commande associée;O;02/04/2026 00:00;;03/04/2026 12:53;9.000
f03c6236-5d94-44bf-bb0c-a9e45b27e83b;100;Réception (B.L. : 1100213577);1100213577;;FOURNISSEUR CENTRALE;;Pas de commande associée;O;24/03/2026 00:00;;24/03/2026 12:28;102.000
f082e36e-1788-4ed5-bf6a-25177b312e29;100;Réception (B.L. : 1200107003);1200107003;;FOURNISSEUR CENTRALE;;Pas de commande associée;O;24/03/2026 00:00;;24/03/2026 12:20;12.000
f08ce986-3c04-4a7b-845c-1088a5bb3219;100;Réception (B.L. : 1800330929);1800330929;;FOURNISSEUR CENTRALE;;Pas de commande associée;O;13/03/2026 00:00;;13/03/2026 17:02;116.372
f0926a92-b152-4cfe-a97f-88e1348e90c9;100;Réception (B.L. : 1800330297);1800330297;;FOURNISSEUR CENTRALE;;Pas de commande associée;O;11/03/2026 00:00;;12/03/2026 12:26;5.000
f09a447a-cb9f-4d12-b0d5-15091dcf0660;100;Réception (B.L. : 1100214947);1100214947;;FOURNISSEUR CENTRALE;;Pas de commande associée;O;01/04/2026 00:00;;01/04/2026 12:14;2142.000
f09f83b8-545a-4e69-979d-14c841922168;100;Réception (B.L. : 1800330947);1800330947;;FOURNISSEUR CENTRALE;;Pas de commande associée;O;13/03/2026 00:00;;13/03/2026 17:03;150.000
f0df1662-da63-4e5c-abde-94e03c807fef;100;Réception (B.L. : 1800336967);1800336967;;FOURNISSEUR CENTRALE;;Pas de commande associée;O;06/04/2026 00:00;;07/04/2026 12:37;7.000
f1d16b1f-5c24-49ac-9dbf-b53d414a9817;100;Réception (B.L. : 1100213407);1100213407;;FOURNISSEUR CENTRALE;;Pas de commande associée;O;23/03/2026 00:00;;23/03/2026 12:25;3.000
f1ed3127-ecf9-499c-a96f-896a531c1046;100;Réception (B.L. : 1700231548);1700231548;;FOURNISSEUR CENTRALE;;Pas de commande associée;O;10/03/2026 00:00;;10/03/2026 12:09;875.000
f24a95e7-10a5-4917-bc8d-0db7c3dc3a58;100;Réception (B.L. : 1800328078);1800328078;;FOURNISSEUR CENTRALE;;Pas de commande associée;O;03/03/2026 00:00;;03/03/2026 17:11;1.000
f2727ca5-3243-4f78-8c4c-1db0c2da0724;100;Réception (B.L. : 1100215866);1100215866;;FOURNISSEUR CENTRALE;;Pas de commande associée;O;06/04/2026 00:00;;06/04/2026 12:17;42.000
f2787889-f11b-49bf-bcad-efeca756562c;100;Réception (B.L. : 1100213085);1100213085;;FOURNISSEUR CENTRALE;;Pas de commande associée;O;20/03/2026 00:00;;20/03/2026 12:07;3.000
f27f6bb1-8172-4ba5-9704-d8b40ccdf393;100;Réception (B.L. : 1800333184);1800333184;;FOURNISSEUR CENTRALE;;Pas de commande associée;O;23/03/2026 00:00;;23/03/2026 12:54;8.000
f2e3b41d-f198-4826-a3dc-b884fb1b468a;100;Réception (B.L. : 1800328849);1800328849;;FOURNISSEUR CENTRALE;;Pas de commande associée;O;05/03/2026 00:00;;06/03/2026 12:47;3.000
f2fbcd0c-01a0-436a-ade0-a29f97f0a14b;100;Réception (B.L. : 1100212473);1100212473;;FOURNISSEUR CENTRALE;;Pas de commande associée;O;18/03/2026 00:00;;18/03/2026 12:16;192.000
f3228b7f-9922-4061-9f14-493d04aa1240;100;Réception (B.L. : 1200106184);1200106184;;FOURNISSEUR CENTRALE;;Pas de commande associée;O;11/03/2026 00:00;;11/03/2026 12:10;10.000
f327a264-147c-4995-9411-41f1004edb43;100;Réception (B.L. : 1700236290);1700236290;;FOURNISSEUR CENTRALE;;Pas de commande associée;O;02/04/2026 00:00;;02/04/2026 12:42;7.000
f362990b-944a-4a0e-942d-0991f217a8ab;100;Réception (B.L. : 1100214097);1100214097;;FOURNISSEUR CENTRALE;;Pas de commande associée;O;26/03/2026 00:00;;26/03/2026 12:19;36.000
f3688c13-4f89-4b1b-9dd8-e5e066941a53;100;Réception (B.L. : 1200105591);1200105591;;FOURNISSEUR CENTRALE;;Pas de commande associée;O;03/03/2026 00:00;;03/03/2026 12:03;249.000
f384b5af-8a5c-4ff0-a0c9-b6ebe2cee549;100;Réception (B.L. : 1100209982);1100209982;;FOURNISSEUR CENTRALE;;Pas de commande associée;O;02/03/2026 00:00;;02/03/2026 12:12;4465.000
f3878740-89c6-4946-82d0-fa13fbb93f4a;100;Réception (B.L. : 1700233349);1700233349;;FOURNISSEUR CENTRALE;;Pas de commande associée;O;19/03/2026 00:00;;19/03/2026 12:36;24.000
f3c6b3b0-3060-401b-9582-4560a7faba33;100;Réception (B.L. : 1800333657);1800333657;;FOURNISSEUR CENTRALE;;Pas de commande associée;O;24/03/2026 00:00;;25/03/2026 12:53;35.000
f3db0cae-79c7-4837-8184-e5c74066e27e;100;Réception (B.L. : 1800335043);1800335043;;FOURNISSEUR CENTRALE;;Pas de commande associée;O;30/03/2026 00:00;;31/03/2026 12:41;114.348
f41acf2e-0f64-43de-a33c-80fb9ad4d23d;100;Réception (B.L. : 1800328457);1800328457;;FOURNISSEUR CENTRALE;;Pas de commande associée;O;04/03/2026 00:00;;04/03/2026 17:02;484.300
f445b20c-5bd4-4f4f-897c-7e1c41642850;100;Réception (B.L. : 1100210499);1100210499;;FOURNISSEUR CENTRALE;;Pas de commande associée;O;04/03/2026 00:00;;04/03/2026 17:01;12.000
f4c63744-1260-4385-9e9b-c1447858a647;100;Réception (B.L. : 1100215940);1100215940;;FOURNISSEUR CENTRALE;;Pas de commande associée;O;06/04/2026 00:00;;06/04/2026 12:22;48.000
f4cf33dc-60d7-46fd-914b-1e4c0c754820;100;Réception (B.L. : 1800335862);1800335862;;FOURNISSEUR CENTRALE;;Pas de commande associée;O;02/04/2026 00:00;;02/04/2026 17:18;209.000
f513fd03-072e-4011-87ca-58ee3efc6d0d;100;Réception (B.L. : 1800328024);1800328024;;FOURNISSEUR CENTRALE;;Pas de commande associée;O;03/03/2026 00:00;;03/03/2026 12:40;11.000
f564d5ef-a441-4416-822e-5e95e956eb77;100;Réception (B.L. : 1700230563);1700230563;;FOURNISSEUR CENTRALE;;Pas de commande associée;O;05/03/2026 00:00;;05/03/2026 12:27;336.000
f5bfff29-b8cf-42b8-b6e0-1b1da2d15e81;100;Réception (B.L. : 1200105949);1200105949;;FOURNISSEUR CENTRALE;;Pas de commande associée;O;06/03/2026 00:00;;06/03/2026 17:03;1.000
f5cc01ba-fb12-48ee-bdcf-cd99f961c418;100;Réception (B.L. : 1800329127);1800329127;;FOURNISSEUR CENTRALE;;Pas de commande associée;O;06/03/2026 00:00;;06/03/2026 17:10;10.000
f5d8b232-01be-4e06-bb25-cd1e3805b4d5;100;Réception (B.L. : 1200106548);1200106548;;FOURNISSEUR CENTRALE;;Pas de commande associée;O;17/03/2026 00:00;;17/03/2026 12:01;4.000
f6170f93-1d98-43c8-9e4b-5ec8ed207e7a;100;Réception (B.L. : 1800332873);1800332873;;FOURNISSEUR CENTRALE;;Pas de commande associée;O;20/03/2026 00:00;;20/03/2026 17:05;20.000
f630ac73-f2df-4a96-a506-b26374540f75;100;Réception (B.L. : 1700237028);1700237028;;FOURNISSEUR CENTRALE;;Pas de commande associée;O;07/04/2026 00:00;;07/04/2026 12:27;18.000
f65befc4-5b55-471a-b052-e82a860bd52d;100;Réception (B.L. : 1100214340);1100214340;;FOURNISSEUR CENTRALE;;Pas de commande associée;O;27/03/2026 00:00;;27/03/2026 12:16;6.000
f66db431-e0dc-4474-980a-55f6d18c5202;100;Réception (B.L. : 1800329315);1800329315;;FOURNISSEUR CENTRALE;;Pas de commande associée;O;07/03/2026 00:00;;07/03/2026 12:21;187.000
f686b060-450e-44ab-90d6-4567cb48d04b;100;Réception (B.L. : 1800333480);1800333480;;FOURNISSEUR CENTRALE;;Pas de commande associée;O;24/03/2026 00:00;;24/03/2026 17:29;58.000
f6b55265-15ba-4e82-aeb8-05f4130cef9d;100;Réception (B.L. : 1800333364);1800333364;;FOURNISSEUR CENTRALE;;Pas de commande associée;O;24/03/2026 00:00;;24/03/2026 12:54;130.000
f6f7ea99-3f14-4e35-80e6-55d85ad22fc2;100;Réception (B.L. : 1100212468);1100212468;;FOURNISSEUR CENTRALE;;Pas de commande associée;O;18/03/2026 00:00;;18/03/2026 12:11;2310.000
f711d30a-f636-4d5c-8e16-1eb00431e28d;100;Réception (B.L. : 1800336336);1800336336;;FOURNISSEUR CENTRALE;;Pas de commande associée;O;03/04/2026 00:00;;04/04/2026 00:04;2009.600
f7331aa2-397d-407a-9d10-29a8113e1454;100;Réception (B.L. : 1100210523);1100210523;;FOURNISSEUR CENTRALE;;Pas de commande associée;O;05/03/2026 00:00;;05/03/2026 12:13;42.000
f7571988-9409-4b61-a2ba-976a95117111;100;Réception (B.L. : 1200107639);1200107639;;FOURNISSEUR CENTRALE;;Pas de commande associée;O;31/03/2026 00:00;;31/03/2026 12:12;6.000
f779a2f5-e97d-4b4e-82cf-02e8e83aead0;100;Réception (B.L. : 1700231549);1700231549;;FOURNISSEUR CENTRALE;;Pas de commande associée;O;10/03/2026 00:00;;10/03/2026 12:10;2279.000
f77aefc2-889d-4e4b-9ab1-10caa5fc205c;100;Réception (B.L. : 1200108086);1200108086;;FOURNISSEUR CENTRALE;;Pas de commande associée;O;07/04/2026 00:00;;07/04/2026 12:13;20.000
f7a50139-074e-4c3b-876c-0bf9be81cef3;100;Réception (B.L. : 1800329126);1800329126;;FOURNISSEUR CENTRALE;;Pas de commande associée;O;06/03/2026 00:00;;06/03/2026 17:09;110.000
f7b97d38-9087-4cd1-a9ea-988a0e0a289a;100;Réception (B.L. : 1800332534);1800332534;;FOURNISSEUR CENTRALE;;Pas de commande associée;O;19/03/2026 00:00;;20/03/2026 12:25;14.000
f89c6378-82a5-4bf4-94a1-08f656ec0cfc;100;Réception (B.L. : 1800334782);1800334782;;FOURNISSEUR CENTRALE;;Pas de commande associée;O;28/03/2026 00:00;;28/03/2026 17:15;10.000
f8fe5039-9ada-4447-ac01-86e23bf042fb;100;Réception (B.L. : 1800328294);1800328294;;FOURNISSEUR CENTRALE;;Pas de commande associée;O;03/03/2026 00:00;;04/03/2026 12:21;2200.000
f95c799f-1b74-4abe-a723-f1b464bc1038;100;Réception (B.L. : 1800331909);1800331909;;FOURNISSEUR CENTRALE;;Pas de commande associée;O;17/03/2026 00:00;;18/03/2026 12:52;90.010
f967364b-1cd9-40ad-9579-fb5c50e24360;100;Réception (B.L. : 1700235753);1700235753;;FOURNISSEUR CENTRALE;;Pas de commande associée;O;31/03/2026 00:00;;31/03/2026 12:33;10.000
f993f718-3cac-40b6-a818-dfc594494cc7;100;Réception (B.L. : 1800331489);1800331489;;FOURNISSEUR CENTRALE;;Pas de commande associée;O;16/03/2026 00:00;;16/03/2026 12:39;11.000
f9fb3e72-15ca-41d2-9bca-38026ffb4c13;100;Réception (B.L. : 1700236457);1700236457;;FOURNISSEUR CENTRALE;;Pas de commande associée;O;03/04/2026 00:00;;03/04/2026 12:30;183.000
fa3c5253-1c7a-4f77-a1c4-b0dc6e3bdd89;100;Réception (B.L. : 1100211893);1100211893;;FOURNISSEUR CENTRALE;;Pas de commande associée;O;13/03/2026 00:00;;13/03/2026 12:04;24.000
fa5a2399-69dd-4309-bfec-ee3bdf542447;100;Réception (B.L. : 1700231382);1700231382;;FOURNISSEUR CENTRALE;;Pas de commande associée;O;09/03/2026 00:00;;09/03/2026 12:33;13.000
fa680d79-37f9-4413-a4f9-7e94776c8c7d;100;Réception (B.L. : 1100213078);1100213078;;FOURNISSEUR CENTRALE;;Pas de commande associée;O;20/03/2026 00:00;;20/03/2026 12:03;0.000
fab694bb-b0ca-4456-a954-1c59b05672ce;100;Réception (B.L. : 1800333169);1800333169;;FOURNISSEUR CENTRALE;;Pas de commande associée;O;23/03/2026 00:00;;23/03/2026 12:46;2.000
fab91da4-e622-4f7f-a2c3-92f68cbbeb73;100;Réception (B.L. : 1700236466);1700236466;;FOURNISSEUR CENTRALE;;Pas de commande associée;O;03/04/2026 00:00;;03/04/2026 12:39;8.000
fac8e6fb-b1b2-4528-85bb-323faa33ecd1;100;Réception (B.L. : 1800328074);1800328074;;FOURNISSEUR CENTRALE;;Pas de commande associée;O;03/03/2026 00:00;;03/03/2026 17:07;96.000
fad83a44-2862-4955-bf54-801a113482c1;100;Réception (B.L. : 1100211260);1100211260;;FOURNISSEUR CENTRALE;;Pas de commande associée;O;10/03/2026 00:00;;10/03/2026 12:04;202.000
fb109e3c-1c95-4dec-b49a-d27e16fb7d75;100;Réception (B.L. : 1100210152);1100210152;;FOURNISSEUR CENTRALE;;Pas de commande associée;O;03/03/2026 00:00;;03/03/2026 12:05;1702.000
fb40d4a3-7921-490f-abc7-f14a032fae89;100;Réception (B.L. : 1800336330);1800336330;;FOURNISSEUR CENTRALE;;Pas de commande associée;O;03/04/2026 00:00;;03/04/2026 23:58;120.000
fb4de61a-05df-4675-96b9-a7c774226ceb;100;Réception (B.L. : 1800329389);1800329389;;FOURNISSEUR CENTRALE;;Pas de commande associée;O;09/03/2026 00:00;;09/03/2026 12:37;200.000
fb5256e1-6fdd-4deb-9d9c-2b61ce226f19;100;Réception (B.L. : 1800333652);1800333652;;FOURNISSEUR CENTRALE;;Pas de commande associée;O;24/03/2026 00:00;;25/03/2026 12:48;990.000
fb78578a-dbbb-4543-b0b0-166d3b6518c5;100;Réception (B.L. : 1200106853);1200106853;;FOURNISSEUR CENTRALE;;Pas de commande associée;O;19/03/2026 00:00;;19/03/2026 17:10;0.000
fb7e66be-13ce-437f-8875-221416db3b9c;100;Réception (B.L. : 1100210520);1100210520;;FOURNISSEUR CENTRALE;;Pas de commande associée;O;05/03/2026 00:00;;05/03/2026 12:10;432.000
fbfa8b0e-7015-422b-9926-0a4dc82162c9;100;Réception (B.L. : 1700233353);1700233353;;FOURNISSEUR CENTRALE;;Pas de commande associée;O;19/03/2026 00:00;;19/03/2026 12:40;0.000
fc078a21-f912-4348-bd8f-005bdded1245;100;Réception (B.L. : 1100214951);1100214951;;FOURNISSEUR CENTRALE;;Pas de commande associée;O;01/04/2026 00:00;;01/04/2026 12:18;64.000
fc42d66d-024d-4ddf-be8a-1d4925c4be67;100;Réception (B.L. : 1800329669);1800329669;;FOURNISSEUR CENTRALE;;Pas de commande associée;O;10/03/2026 00:00;;10/03/2026 12:23;90.000
fc5266e0-ddd5-4bb6-a0f0-d7410b34a312;100;Réception (B.L. : 1100214952);1100214952;;FOURNISSEUR CENTRALE;;Pas de commande associée;O;01/04/2026 00:00;;01/04/2026 12:19;0.000
fca7cba6-93ed-4171-b228-ec9feb84ce65;100;Réception (B.L. : 1700236105);1700236105;;FOURNISSEUR CENTRALE;;Pas de commande associée;O;01/04/2026 00:00;;02/04/2026 12:31;0.000
fcb10fab-f29c-452c-beb2-1ab359f96478;100;Réception (B.L. : 1700236016);1700236016;;FOURNISSEUR CENTRALE;;Pas de commande associée;O;01/04/2026 00:00;;01/04/2026 12:39;20.000
fcdbbe90-31a6-4269-aa31-af7fe86482ed;100;Réception (B.L. : 1700236872);1700236872;;FOURNISSEUR CENTRALE;;Pas de commande associée;O;06/04/2026 00:00;;06/04/2026 12:25;2282.000
fdf61006-255c-4696-9afa-f659ac663c48;100;Réception (B.L. : 1700233958);1700233958;;FOURNISSEUR CENTRALE;;Pas de commande associée;O;23/03/2026 00:00;;23/03/2026 12:31;165.000
fe23064a-a1a4-465b-95df-7d4aadafe6cf;100;Réception (B.L. : 1100210397);1100210397;;FOURNISSEUR CENTRALE;;Pas de commande associée;O;04/03/2026 00:00;;04/03/2026 12:05;0.000
fe2b9607-d197-4c06-b870-7a9cb79d8a6d;100;Réception (B.L. : 1700229745);1700229745;;FOURNISSEUR CENTRALE;;Pas de commande associée;O;02/03/2026 00:00;;02/03/2026 12:25;348.000
fe438e27-33b0-4f8a-895e-d2512ea7b990;100;Réception (B.L. : 1800331485);1800331485;;FOURNISSEUR CENTRALE;;Pas de commande associée;O;16/03/2026 00:00;;16/03/2026 12:38;11.720
fe53f9b6-1a7f-4747-aa3e-a353ee97a71f;100;Réception (B.L. : 1800334711);1800334711;;FOURNISSEUR CENTRALE;;Pas de commande associée;O;28/03/2026 00:00;;28/03/2026 12:14;14.000
fe57adb3-567f-41d6-a6c0-27942787e9e6;100;Réception (B.L. : 1800331916);1800331916;;FOURNISSEUR CENTRALE;;Pas de commande associée;O;17/03/2026 00:00;;18/03/2026 12:59;3768.100
fe67663c-23e0-4706-967f-b64c40ab607e;100;Réception (B.L. : 1100211894);1100211894;;FOURNISSEUR CENTRALE;;Pas de commande associée;O;13/03/2026 00:00;;13/03/2026 12:05;276.000
fe72d911-1def-457c-a9ce-b6058b6baf91;100;Réception (B.L. : 1800329313);1800329313;;FOURNISSEUR CENTRALE;;Pas de commande associée;O;07/03/2026 00:00;;07/03/2026 12:19;251.000
fe9a809f-e3e1-4799-ba96-ec99e01f7215;100;Réception (B.L. : 1800328483);1800328483;;FOURNISSEUR CENTRALE;;Pas de commande associée;O;04/03/2026 00:00;;05/03/2026 12:31;2.230
feade385-5be4-4713-bb29-f3c095bdfdf2;100;Réception (B.L. : 1700230777);1700230777;;FOURNISSEUR CENTRALE;;Pas de commande associée;O;06/03/2026 00:00;;06/03/2026 12:33;52.000
fec7dc59-34fb-4501-9423-f16c8f0a440e;100;Réception (B.L. : 1100211148);1100211148;;FOURNISSEUR CENTRALE;;Pas de commande associée;O;09/03/2026 00:00;;09/03/2026 12:16;9.000
fecd45f6-a048-405d-91a7-9203ccc95565;100;Réception (B.L. : 1800334577);1800334577;;FOURNISSEUR CENTRALE;;Pas de commande associée;O;27/03/2026 00:00;;27/03/2026 17:28;90.000
feee07ce-cbc1-4ca4-ab2c-b884c7fe650c;100;Réception (B.L. : 1800329103);1800329103;;FOURNISSEUR CENTRALE;;Pas de commande associée;O;06/03/2026 00:00;;06/03/2026 17:08;5.000
ff29c6e2-9df3-48ea-8afc-01b6986b4db0;100;Réception (B.L. : 1800328675);1800328675;;FOURNISSEUR CENTRALE;;Pas de commande associée;O;05/03/2026 00:00;;05/03/2026 17:27;396.000
ff52eaa0-7a39-4e08-a1a2-f216709387f1;100;Réception (B.L. : 1700233109);1700233109;;FOURNISSEUR CENTRALE;;Pas de commande associée;O;18/03/2026 00:00;;18/03/2026 12:24;24.000
ff85d54e-8e5a-4864-982a-01b8c748bcbc;100;Réception (B.L. : 1100214785);1100214785;;FOURNISSEUR CENTRALE;;Pas de commande associée;O;31/03/2026 00:00;;31/03/2026 12:18;1858.000
ff9f42b6-62a8-42fc-9408-0daef90358b4;100;Réception (B.L. : 1100213869);1100213869;;FOURNISSEUR CENTRALE;;Pas de commande associée;O;25/03/2026 00:00;;25/03/2026 12:27;516.000
ffb7134c-92cd-4db0-abbd-507895223dd1;100;Réception (B.L. : 1800330305);1800330305;;FOURNISSEUR CENTRALE;;Pas de commande associée;O;11/03/2026 00:00;;12/03/2026 12:34;878.000
ffcd696c-e5c9-4a39-9503-2abfb1e130cb;100;Réception (B.L. : 1100212219);1100212219;;FOURNISSEUR CENTRALE;;Pas de commande associée;O;16/03/2026 00:00;;16/03/2026 12:13;72.000
fff28c1a-9865-4e0a-ae44-f77ea1296617;100;Réception (B.L. : 1800335041);1800335041;;FOURNISSEUR CENTRALE;;Pas de commande associée;O;30/03/2026 00:00;;31/03/2026 12:39;57.000
