Id;Magasin;Nom affiché;N° bon livraison;Type réception;Fournisseur;Commande fournisseur;Statut commande;Validée;Date réception;Date création;Date validation;Quantité totale;Valorisation HT;Valorisation TTC
002bb33f-22a4-4ef4-b19e-bd31a8ce0294;293;Réception (B.L. : 1100213844);1100213844;;FOURNISSEUR CENTRALE;;Pas de commande associée;O;25/03/2026 00:00;;25/03/2026 12:12;0.000
00361673-7e8d-49ea-8165-4e5c753908d8;293;Réception (B.L. : 1800328608);1800328608;;FOURNISSEUR CENTRALE;;Pas de commande associée;O;05/03/2026 00:00;;05/03/2026 12:18;0.000
00483f0c-2e0e-45c9-89d4-baa0650d5bb0;291;Réception (B.L. : 1700236723);1700236723;;FOURNISSEUR CENTRALE;;Pas de commande associée;O;04/04/2026 00:00;;04/04/2026 12:15;0.000
0048ef52-0571-4eb4-938c-bc995ff20b9d;080;Réception (B.L. : 1700232738);1700232738;;FOURNISSEUR CENTRALE;;Pas de commande associée;O;16/03/2026 00:00;;16/03/2026 12:20;548.000
00726239-f7b6-4d62-a6de-8d961a6edace;293;Réception (B.L. : 1800336978);1800336978;;FOURNISSEUR CENTRALE;;Pas de commande associée;O;06/04/2026 00:00;;07/04/2026 12:30;0.000
007fe882-f76e-45cf-a1f8-a9c03a1d9c8b;291;Réception (B.L. : 1700230864);1700230864;;FOURNISSEUR CENTRALE;;Pas de commande associée;O;06/03/2026 00:00;;06/03/2026 12:29;0.000
00aa6770-5e34-46d4-bb82-701511fbf1c0;291;Réception (B.L. : 1700233854);1700233854;;FOURNISSEUR CENTRALE;;Pas de commande associée;O;20/03/2026 00:00;;20/03/2026 12:17;0.000
00ca73bd-7596-4441-96e3-bb675c57f489;291;Réception (B.L. : 1200105503);1200105503;;FOURNISSEUR CENTRALE;;Pas de commande associée;O;02/03/2026 00:00;;02/03/2026 12:11;0.000
00cfb5c6-7f01-4f69-9f96-d4a7fecf87c0;293;Réception (B.L. : 1800329181);1800329181;;FOURNISSEUR CENTRALE;;Pas de commande associée;O;06/03/2026 00:00;;06/03/2026 17:17;0.000
00d96ee3-3e6c-4ad5-bbe6-fabc339e4f56;293;Réception (B.L. : 1800335875);1800335875;;FOURNISSEUR CENTRALE;;Pas de commande associée;O;02/04/2026 00:00;;02/04/2026 17:15;0.000
00dc5b8f-3c68-48be-8323-478ae9495568;080;Réception (B.L. : 1800335679);1800335679;;FOURNISSEUR CENTRALE;;Pas de commande associée;O;02/04/2026 00:00;;02/04/2026 12:22;34.600
00e5c107-e430-4b74-972e-168266c4a6a5;293;Réception (B.L. : 1100213336);1100213336;;FOURNISSEUR CENTRALE;;Pas de commande associée;O;23/03/2026 00:00;;23/03/2026 12:15;0.000
01037745-2118-47fe-bfb1-6641abce3c3d;291;Réception (B.L. : 1800334151);1800334151;;FOURNISSEUR CENTRALE;;Pas de commande associée;O;26/03/2026 00:00;;26/03/2026 12:30;0.000
010d2116-4e39-4572-8225-481ccef2c502;293;Réception (B.L. : 1100210480);1100210480;;FOURNISSEUR CENTRALE;;Pas de commande associée;O;04/03/2026 00:00;;04/03/2026 12:15;0.000
01348a25-44e2-4079-b66f-7d72f0d9f37b;080;Réception (B.L. : 1800331397);1800331397;;FOURNISSEUR CENTRALE;;Pas de commande associée;O;15/03/2026 00:00;;16/03/2026 12:34;36.000
0145c74a-4f7d-447d-99da-af700397c3b2;080;Réception (B.L. : 1800331583);1800331583;;FOURNISSEUR CENTRALE;;Pas de commande associée;O;17/03/2026 00:00;;17/03/2026 12:01;18.000
01678bfb-184a-46a7-9800-fec2171a9b59;291;Réception (B.L. : 1100212669);1100212669;;FOURNISSEUR CENTRALE;;Pas de commande associée;O;19/03/2026 00:00;;19/03/2026 12:12;0.000
016d5bae-4de9-4974-9e18-70d39856cea8;292;Réception (B.L. : 1800333390);1800333390;;FOURNISSEUR CENTRALE;;Pas de commande associée;O;24/03/2026 00:00;;24/03/2026 12:16;40.000
01854dd5-bdcb-485c-bd74-cd566542ba6a;291;Réception (B.L. : 1700229795);1700229795;;FOURNISSEUR CENTRALE;;Pas de commande associée;O;02/03/2026 00:00;;02/03/2026 12:21;0.000
0185f570-d245-4657-bd07-984150358cd8;291;Réception (B.L. : 1800335132);1800335132;;FOURNISSEUR CENTRALE;;Pas de commande associée;O;30/03/2026 00:00;;31/03/2026 12:16;0.000
018a27e9-f115-4509-9a4c-70e174d9d44d;293;Réception (B.L. : 1800328011);1800328011;;FOURNISSEUR CENTRALE;;Pas de commande associée;O;02/03/2026 00:00;;03/03/2026 12:02;0.000
019497b3-7597-4674-b1ca-a9a836790ba5;293;Réception (B.L. : 1200107452);1200107452;;FOURNISSEUR CENTRALE;;Pas de commande associée;O;28/03/2026 00:00;;28/03/2026 12:11;0.000
01a9f19e-f7f9-4565-b687-e89867eb325a;080;Réception (B.L. : 1700236628);1700236628;;FOURNISSEUR CENTRALE;;Pas de commande associée;O;03/04/2026 00:00;;03/04/2026 17:13;92.000
01c061e6-2917-42e6-b19a-b08d6c8d0e94;080;Réception (B.L. : 1700232741);1700232741;;FOURNISSEUR CENTRALE;;Pas de commande associée;O;16/03/2026 00:00;;16/03/2026 12:23;5500.000
01c594b3-6231-496e-b42d-72dfcd5e4c09;292;Réception (B.L. : 1200106858);1200106858;;FOURNISSEUR CENTRALE;;Pas de commande associée;O;19/03/2026 00:00;;19/03/2026 17:11;1.000
01cdaaa2-eed2-4a86-b6fa-00f965947280;293;Réception (B.L. : 1800330424);1800330424;;FOURNISSEUR CENTRALE;;Pas de commande associée;O;11/03/2026 00:00;;12/03/2026 12:09;0.000
01d28168-3805-4c89-8355-abd5b201886d;080;Réception (B.L. : 1700233627);1700233627;;FOURNISSEUR CENTRALE;;Pas de commande associée;O;19/03/2026 00:00;;20/03/2026 12:10;165.000
01edf186-c83e-487d-a4a1-a147d1369b93;080;Réception (B.L. : 1100212151);1100212151;;FOURNISSEUR CENTRALE;;Pas de commande associée;O;16/03/2026 00:00;;16/03/2026 12:15;12.000
020432e1-4d63-47fb-aa1c-2adce01d144e;292;Réception (B.L. : 1800336127);1800336127;;FOURNISSEUR CENTRALE;;Pas de commande associée;O;02/04/2026 00:00;;03/04/2026 12:16;772.000
02049e3d-d18c-4c39-bdfe-1be5a827ae95;293;Réception (B.L. : 1100211908);1100211908;;FOURNISSEUR CENTRALE;;Pas de commande associée;O;13/03/2026 00:00;;13/03/2026 12:21;0.000
0205c5a4-32c7-46c1-bb3b-b8ad945412c8;291;Réception (B.L. : 1700229798);1700229798;;FOURNISSEUR CENTRALE;;Pas de commande associée;O;02/03/2026 00:00;;02/03/2026 12:24;0.000
020e10ed-54e4-44a6-afea-8fde2c80cf5f;293;Réception (B.L. : 1100213846);1100213846;;FOURNISSEUR CENTRALE;;Pas de commande associée;O;25/03/2026 00:00;;25/03/2026 12:14;0.000
020e650e-2467-4bea-8ec5-bb6f3a8a938f;291;Réception (B.L. : 1700235268);1700235268;;FOURNISSEUR CENTRALE;;Pas de commande associée;O;27/03/2026 00:00;;27/03/2026 17:12;0.000
0228125f-ce88-4fe3-aa28-d0f0ebb6fab5;291;Réception (B.L. : 1700236950);1700236950;;FOURNISSEUR CENTRALE;;Pas de commande associée;O;06/04/2026 00:00;;06/04/2026 12:19;0.000
025b5987-5f52-42e1-abe8-f89ab09a25fc;080;Réception (B.L. : 1700234610);1700234610;;FOURNISSEUR CENTRALE;;Pas de commande associée;O;25/03/2026 00:00;;25/03/2026 12:23;500.000
025de966-4a3e-466c-a0a4-e9a98b4b86aa;292;Réception (B.L. : 1700233869);1700233869;;FOURNISSEUR CENTRALE;;Pas de commande associée;O;20/03/2026 00:00;;20/03/2026 12:09;726.000
027c73fb-e75b-4d7f-bbe7-cdc48e44ffa5;292;Réception (B.L. : 1800334735);1800334735;;FOURNISSEUR CENTRALE;;Pas de commande associée;O;28/03/2026 00:00;;28/03/2026 12:26;18.000
02875aaa-0a1b-4f29-8bdf-082daa883623;291;Réception (B.L. : 1700234947);1700234947;;FOURNISSEUR CENTRALE;;Pas de commande associée;O;26/03/2026 00:00;;26/03/2026 17:21;0.000
028e7cc3-ec2a-4071-96f9-ee411982d40d;293;Réception (B.L. : 1100212979);1100212979;;FOURNISSEUR CENTRALE;;Pas de commande associée;O;20/03/2026 00:00;;20/03/2026 12:03;0.000
02b85ed8-3037-4ecd-95b3-be25ae42a741;291;Réception (B.L. : 1100210729);1100210729;;FOURNISSEUR CENTRALE;;Pas de commande associée;O;06/03/2026 00:00;;06/03/2026 12:12;0.000
02e3b243-0224-49a2-b068-636a5de9ac8d;080;Réception (B.L. : 1700230413);1700230413;;FOURNISSEUR CENTRALE;;Pas de commande associée;O;04/03/2026 00:00;;04/03/2026 23:24;16.000
02fe3006-4099-4a04-829f-68f3b8788d6a;293;Réception (B.L. : 1200106408);1200106408;;FOURNISSEUR CENTRALE;;Pas de commande associée;O;13/03/2026 00:00;;13/03/2026 17:00;0.000
03086eb5-e9f6-48bd-9967-aaceaa74c97c;292;Réception (B.L. : 1100211553);1100211553;;FOURNISSEUR CENTRALE;;Pas de commande associée;O;11/03/2026 00:00;;11/03/2026 17:02;2173.000
0314c870-772c-4ac9-9a30-a7905b5750ba;291;Réception (B.L. : 1100212555);1100212555;;FOURNISSEUR CENTRALE;;Pas de commande associée;O;18/03/2026 00:00;;18/03/2026 12:22;0.000
0353cdc8-d721-49e6-ae0d-2e8a3aa4e910;292;Réception (B.L. : 1800336445);1800336445;;FOURNISSEUR CENTRALE;;Pas de commande associée;O;03/04/2026 00:00;;04/04/2026 01:39;602.000
036ec94a-9adf-48c6-b68e-7ba0a48dce82;291;Réception (B.L. : 1700234671);1700234671;;FOURNISSEUR CENTRALE;;Pas de commande associée;O;25/03/2026 00:00;;25/03/2026 12:31;0.000
037c6ca6-c87b-4042-be78-ab60be0894a8;080;Réception (B.L. : 1100213884);1100213884;;FOURNISSEUR CENTRALE;;Pas de commande associée;O;25/03/2026 00:00;;25/03/2026 12:16;576.000
037d2112-baa9-4126-a229-a98d0b7b47c5;292;Réception (B.L. : 1700231418);1700231418;;FOURNISSEUR CENTRALE;;Pas de commande associée;O;09/03/2026 00:00;;09/03/2026 17:14;53.000
037d287c-e6cc-429f-8620-4d6217277f83;291;Réception (B.L. : 1700235532);1700235532;;FOURNISSEUR CENTRALE;;Pas de commande associée;O;30/03/2026 00:00;;30/03/2026 12:19;0.000
0382e6cb-03a4-4451-9c18-18849ef0d61b;291;Réception (B.L. : 1700236638);1700236638;;FOURNISSEUR CENTRALE;;Pas de commande associée;O;03/04/2026 00:00;;03/04/2026 17:16;0.000
03b84904-02b4-4fb3-b957-00cd38728a80;292;Réception (B.L. : 1800335923);1800335923;;FOURNISSEUR CENTRALE;;Pas de commande associée;O;02/04/2026 00:00;;02/04/2026 17:15;60.500
03d27ca3-bf15-46ba-9dcd-29f06ff89cc5;291;Réception (B.L. : 1800336921);1800336921;;FOURNISSEUR CENTRALE;;Pas de commande associée;O;06/04/2026 00:00;;07/04/2026 12:29;0.000
03d44fd5-1edb-481b-904e-2f64a1393480;291;Réception (B.L. : 1700231347);1700231347;;FOURNISSEUR CENTRALE;;Pas de commande associée;O;09/03/2026 00:00;;09/03/2026 12:18;0.000
0405432a-c48e-46e8-b37b-7d5ec67f724c;293;Réception (B.L. : 1800329291);1800329291;;FOURNISSEUR CENTRALE;;Pas de commande associée;O;07/03/2026 00:00;;07/03/2026 12:16;0.000
042213f5-15a0-4086-96cb-939b6881101a;291;Réception (B.L. : 1700234944);1700234944;;FOURNISSEUR CENTRALE;;Pas de commande associée;O;26/03/2026 00:00;;26/03/2026 17:18;0.000
0422823c-0540-4286-9f6d-87feb1bcca84;292;Réception (B.L. : 1200107569);1200107569;;FOURNISSEUR CENTRALE;;Pas de commande associée;O;30/03/2026 00:00;;30/03/2026 12:12;38.000
0440581b-0acd-439b-85b2-2e6b9c90506a;292;Réception (B.L. : 1700234429);1700234429;;FOURNISSEUR CENTRALE;;Pas de commande associée;O;24/03/2026 00:00;;24/03/2026 17:15;20.000
04581ea5-f31b-44fe-9984-ca34321513ce;293;Réception (B.L. : 1800333358);1800333358;;FOURNISSEUR CENTRALE;;Pas de commande associée;O;24/03/2026 00:00;;24/03/2026 12:16;0.000
046f7826-41e6-4792-8ebc-a5a7368c20b8;291;Réception (B.L. : 1800336798);1800336798;;FOURNISSEUR CENTRALE;;Pas de commande associée;O;06/04/2026 00:00;;06/04/2026 12:29;0.000
04b75c94-7aa5-447b-a4a4-ceb09e22f8f5;291;Réception (B.L. : 1100215882);1100215882;;FOURNISSEUR CENTRALE;;Pas de commande associée;O;06/04/2026 00:00;;06/04/2026 12:13;0.000
04bc3bcf-c369-4326-a383-31cc52064bf7;291;Réception (B.L. : 1100211242);1100211242;;FOURNISSEUR CENTRALE;;Pas de commande associée;O;10/03/2026 00:00;;10/03/2026 12:01;0.000
04c2347e-3810-4075-a951-d1bd1105db37;293;Réception (B.L. : 1100214971);1100214971;;FOURNISSEUR CENTRALE;;Pas de commande associée;O;01/04/2026 00:00;;01/04/2026 12:15;0.000
04c62ea9-a305-4d9e-b6af-030035194831;291;Réception (B.L. : 1800328753);1800328753;;FOURNISSEUR CENTRALE;;Pas de commande associée;O;05/03/2026 00:00;;05/03/2026 17:16;0.000
04c7ea0d-6262-4a54-bd1f-a7083eab5650;293;Réception (B.L. : 1800333132);1800333132;;FOURNISSEUR CENTRALE;;Pas de commande associée;O;23/03/2026 00:00;;23/03/2026 12:32;0.000
04f8a000-62c8-494b-b4b0-60d9c4537cd0;292;Réception (B.L. : 1800332341);1800332341;;FOURNISSEUR CENTRALE;;Pas de commande associée;O;18/03/2026 00:00;;19/03/2026 12:16;162.000
05012d26-8950-4b82-865e-2b938d433a9e;292;Réception (B.L. : 1700235161);1700235161;;FOURNISSEUR CENTRALE;;Pas de commande associée;O;27/03/2026 00:00;;27/03/2026 12:13;444.000
051365cb-0b35-450e-9130-0a1a40a1183e;291;Réception (B.L. : 1800334875);1800334875;;FOURNISSEUR CENTRALE;;Pas de commande associée;O;29/03/2026 00:00;;30/03/2026 12:30;0.000
052e0f3c-e2f5-4f62-b17e-d019777c9046;292;Réception (B.L. : 1700237184);1700237184;;FOURNISSEUR CENTRALE;;Pas de commande associée;O;07/04/2026 00:00;;07/04/2026 12:12;1.000
053acf1b-5d59-43f4-a30d-51566db7a25a;293;Réception (B.L. : 1700234707);1700234707;;FOURNISSEUR CENTRALE;;Pas de commande associée;O;25/03/2026 00:00;;25/03/2026 12:35;0.000
0543660d-0773-409e-b114-3c765598ba63;292;Réception (B.L. : 1700229799);1700229799;;FOURNISSEUR CENTRALE;;Pas de commande associée;O;02/03/2026 00:00;;02/03/2026 12:16;526.000
055b67b9-f966-4200-a0b6-720d04e1325d;291;Réception (B.L. : 1700233183);1700233183;;FOURNISSEUR CENTRALE;;Pas de commande associée;O;18/03/2026 00:00;;18/03/2026 12:29;0.000
057a460f-4605-4df5-945f-e334f7e845db;293;Réception (B.L. : 1700233199);1700233199;;FOURNISSEUR CENTRALE;;Pas de commande associée;O;18/03/2026 00:00;;18/03/2026 12:23;0.000
058333da-9bac-40a6-b3d5-6109c057809a;080;Réception (B.L. : 1100210799);1100210799;;FOURNISSEUR CENTRALE;;Pas de commande associée;O;06/03/2026 00:00;;06/03/2026 12:12;3398.000
0595b63f-042f-45b2-aad5-c84df0188f94;080;Réception (B.L. : 1800332309);1800332309;;FOURNISSEUR CENTRALE;;Pas de commande associée;O;18/03/2026 00:00;;19/03/2026 12:22;79.000
05ad4d68-b08c-40e1-9169-8df71eaf8eea;293;Réception (B.L. : 1800332819);1800332819;;FOURNISSEUR CENTRALE;;Pas de commande associée;O;20/03/2026 00:00;;20/03/2026 12:35;0.000
05b44aba-fd65-4ac3-9c7f-8b7850da9377;291;Réception (B.L. : 1800336387);1800336387;;FOURNISSEUR CENTRALE;;Pas de commande associée;O;03/04/2026 00:00;;04/04/2026 01:40;0.000
05cce5fe-d251-4c15-b58b-59adff96be0f;292;Réception (B.L. : 1800328127);1800328127;;FOURNISSEUR CENTRALE;;Pas de commande associée;O;03/03/2026 00:00;;03/03/2026 17:06;4.000
05e5a01f-de11-4f0d-92f7-2f5f254c8d0b;080;Réception (B.L. : 1800329711);1800329711;;FOURNISSEUR CENTRALE;;Pas de commande associée;O;10/03/2026 00:00;;10/03/2026 12:04;6.350
063ff17c-579c-4c26-9eb5-fe87269ca0e6;080;Réception (B.L. : 1100211936);1100211936;;FOURNISSEUR CENTRALE;;Pas de commande associée;O;13/03/2026 00:00;;13/03/2026 12:03;6.000
06a02cf9-4671-41d2-bfb6-e9953e566c6d;293;Réception (B.L. : 1700235489);1700235489;;FOURNISSEUR CENTRALE;;Pas de commande associée;O;30/03/2026 00:00;;30/03/2026 12:17;0.000
06bad91a-8ef3-48d8-a842-bb45c131705e;291;Réception (B.L. : 1200106197);1200106197;;FOURNISSEUR CENTRALE;;Pas de commande associée;O;11/03/2026 00:00;;11/03/2026 12:13;0.000
071a5469-bd1f-47f4-9cc0-0b37ba0760e1;291;Réception (B.L. : 1700233598);1700233598;;FOURNISSEUR CENTRALE;;Pas de commande associée;O;19/03/2026 00:00;;19/03/2026 23:39;0.000
073bc474-f8ee-4507-8821-6917b4e0ac9e;292;Réception (B.L. : 1800328755);1800328755;;FOURNISSEUR CENTRALE;;Pas de commande associée;O;05/03/2026 00:00;;05/03/2026 17:13;48.000
073d80aa-f457-4099-85bf-bc179e2d0424;292;Réception (B.L. : 1800331372);1800331372;;FOURNISSEUR CENTRALE;;Pas de commande associée;O;15/03/2026 00:00;;16/03/2026 12:21;9.000
074295f3-6069-423e-8dd7-ad691f08800e;291;Réception (B.L. : 1100210730);1100210730;;FOURNISSEUR CENTRALE;;Pas de commande associée;O;06/03/2026 00:00;;06/03/2026 12:13;0.000
0742d046-cecb-4e93-87bc-052867e5b514;293;Réception (B.L. : 1100210455);1100210455;;FOURNISSEUR CENTRALE;;Pas de commande associée;O;04/03/2026 00:00;;04/03/2026 12:14;0.000
0752527b-88bd-4cc5-ad31-b8bd88fb5ed4;080;Réception (B.L. : 1800336927);1800336927;;FOURNISSEUR CENTRALE;;Pas de commande associée;O;06/04/2026 00:00;;07/04/2026 12:23;234.000
077e66fc-d269-40a0-98fb-c6de387e2f91;080;Réception (B.L. : 1100212815);1100212815;;FOURNISSEUR CENTRALE;;Pas de commande associée;O;19/03/2026 00:00;;19/03/2026 17:13;12.000
078cd41b-370a-4c92-8fd7-3d2d54a502ea;080;Réception (B.L. : 1200106856);1200106856;;FOURNISSEUR CENTRALE;;Pas de commande associée;O;19/03/2026 00:00;;19/03/2026 17:11;1.000
07e008c2-485a-4dae-8c1f-5fcd2da129f8;292;Réception (B.L. : 1800328376);1800328376;;FOURNISSEUR CENTRALE;;Pas de commande associée;O;04/03/2026 00:00;;04/03/2026 12:28;12.000
07ef64d1-a564-4f4d-a020-3c4e9af06fc0;292;Réception (B.L. : 1200106473);1200106473;;FOURNISSEUR CENTRALE;;Pas de commande associée;O;14/03/2026 00:00;;14/03/2026 12:10;1.000
07f899b7-348c-42b6-aa92-56d84380c01c;293;Réception (B.L. : 1700231327);1700231327;;FOURNISSEUR CENTRALE;;Pas de commande associée;O;09/03/2026 00:00;;09/03/2026 12:22;0.000
080686c0-d033-41ea-b7b3-6744656b954b;292;Réception (B.L. : 1700233256);1700233256;;FOURNISSEUR CENTRALE;;Pas de commande associée;O;18/03/2026 00:00;;18/03/2026 12:19;12000.000
0807c1c7-6618-4ab8-a465-f9af35449623;291;Réception (B.L. : 1800332020);1800332020;;FOURNISSEUR CENTRALE;;Pas de commande associée;O;17/03/2026 00:00;;18/03/2026 12:50;0.000
080c884c-e6ac-48c7-a188-e472afc5efd0;293;Réception (B.L. : 1800328322);1800328322;;FOURNISSEUR CENTRALE;;Pas de commande associée;O;03/03/2026 00:00;;04/03/2026 12:28;0.000
0849f0ee-4f80-422e-99b0-b6221d0a3e43;293;Réception (B.L. : 1800332296);1800332296;;FOURNISSEUR CENTRALE;;Pas de commande associée;O;18/03/2026 00:00;;19/03/2026 12:21;0.000
0849f605-ce66-408e-bd7c-dab7d2a20408;291;Réception (B.L. : 1800334378);1800334378;;FOURNISSEUR CENTRALE;;Pas de commande associée;O;26/03/2026 00:00;;27/03/2026 12:20;0.000
086d9d4f-6600-42e1-8d1d-dda81ec1ddc8;292;Réception (B.L. : 1100213699);1100213699;;FOURNISSEUR CENTRALE;;Pas de commande associée;O;24/03/2026 00:00;;24/03/2026 17:12;12.000
0872e9e1-b4d7-48db-a611-fce2c415a3f8;080;Réception (B.L. : 1800332162);1800332162;;FOURNISSEUR CENTRALE;;Pas de commande associée;O;18/03/2026 00:00;;18/03/2026 17:13;16.367
088d7b85-2e07-4578-9663-f2a19d19d2b1;291;Réception (B.L. : 1700233847);1700233847;;FOURNISSEUR CENTRALE;;Pas de commande associée;O;20/03/2026 00:00;;20/03/2026 12:10;0.000
089ec5fb-4ee7-4313-84b3-000432b663cc;291;Réception (B.L. : 1800334720);1800334720;;FOURNISSEUR CENTRALE;;Pas de commande associée;O;28/03/2026 00:00;;28/03/2026 12:14;0.000
08cdb8b0-8e15-477a-a7ed-42530d2338b0;293;Réception (B.L. : 1800328129);1800328129;;FOURNISSEUR CENTRALE;;Pas de commande associée;O;03/03/2026 00:00;;03/03/2026 17:03;0.000
08cdede9-99e3-4d60-ab2a-f0e2f36cb116;080;Réception (B.L. : 1800328067);1800328067;;FOURNISSEUR CENTRALE;;Pas de commande associée;O;03/03/2026 00:00;;03/03/2026 17:03;12.000
08d67c12-1bf2-460a-a53f-0cea2e55b772;293;Réception (B.L. : 1800333133);1800333133;;FOURNISSEUR CENTRALE;;Pas de commande associée;O;23/03/2026 00:00;;23/03/2026 12:33;0.000
0925f6e2-1d03-4166-b7b3-8e35a6330389;080;Réception (B.L. : 1800335443);1800335443;;FOURNISSEUR CENTRALE;;Pas de commande associée;O;31/03/2026 00:00;;01/04/2026 12:16;264.000
095c1f96-e4db-4ada-80fb-bdd4a7107d2e;291;Réception (B.L. : 1200107128);1200107128;;FOURNISSEUR CENTRALE;;Pas de commande associée;O;25/03/2026 00:00;;25/03/2026 12:13;0.000
0966f4ef-cfde-48f5-8c14-8f30627b8eee;292;Réception (B.L. : 1700234170);1700234170;;FOURNISSEUR CENTRALE;;Pas de commande associée;O;23/03/2026 00:00;;23/03/2026 12:19;642.000
097613df-87d3-4604-90ae-7026fb160884;293;Réception (B.L. : 1700233197);1700233197;;FOURNISSEUR CENTRALE;;Pas de commande associée;O;18/03/2026 00:00;;18/03/2026 12:21;0.000
09768332-db30-4aaf-8bc0-5b182fbf4fbd;080;Réception (B.L. : 1800335243);1800335243;;FOURNISSEUR CENTRALE;;Pas de commande associée;O;31/03/2026 00:00;;31/03/2026 17:14;12.000
099a9cc1-0dbd-4d21-8c5a-8fb3ca2a9d6d;291;Réception (B.L. : 1700231858);1700231858;;FOURNISSEUR CENTRALE;;Pas de commande associée;O;11/03/2026 00:00;;11/03/2026 12:23;0.000
09a757bf-723a-4eb4-a3a6-85794998d84f;293;Réception (B.L. : 1100213340);1100213340;;FOURNISSEUR CENTRALE;;Pas de commande associée;O;23/03/2026 00:00;;23/03/2026 12:19;0.000
09b8080e-6379-463a-a4ad-bfd90a6ce25f;080;Réception (B.L. : 1100210421);1100210421;;FOURNISSEUR CENTRALE;;Pas de commande associée;O;04/03/2026 00:00;;04/03/2026 12:01;1530.000
09d8c344-97b4-4e2f-8a4e-e06d77f06e39;292;Réception (B.L. : 1800329209);1800329209;;FOURNISSEUR CENTRALE;;Pas de commande associée;O;06/03/2026 00:00;;06/03/2026 17:26;1269.864
09d9197e-d7f8-4f5e-a08c-a3a9616ff283;292;Réception (B.L. : 1700236137);1700236137;;FOURNISSEUR CENTRALE;;Pas de commande associée;O;01/04/2026 00:00;;02/04/2026 12:14;24.000
09f0b23d-98b1-46ce-a97e-dca0647ff0a7;291;Réception (B.L. : 1800332263);1800332263;;FOURNISSEUR CENTRALE;;Pas de commande associée;O;18/03/2026 00:00;;19/03/2026 12:18;0.000
0a075a90-81f7-4a6f-87a6-6e63d8a10e37;080;Réception (B.L. : 1700236075);1700236075;;FOURNISSEUR CENTRALE;;Pas de commande associée;O;01/04/2026 00:00;;01/04/2026 17:17;18.000
0a548032-b40d-43c6-b502-dc47a2639428;080;Réception (B.L. : 1800328709);1800328709;;FOURNISSEUR CENTRALE;;Pas de commande associée;O;05/03/2026 00:00;;05/03/2026 17:13;104.000
0a8f51c1-95e5-471d-87f4-e34409a4bb9e;293;Réception (B.L. : 1800328014);1800328014;;FOURNISSEUR CENTRALE;;Pas de commande associée;O;02/03/2026 00:00;;03/03/2026 12:05;0.000
0a96888c-ed70-4fc1-a9d5-21956a3b419d;292;Réception (B.L. : 1700229800);1700229800;;FOURNISSEUR CENTRALE;;Pas de commande associée;O;02/03/2026 00:00;;02/03/2026 12:17;656.000
0aad5b8d-2dea-4c64-9efe-3b2ebeab0a08;292;Réception (B.L. : 1800335493);1800335493;;FOURNISSEUR CENTRALE;;Pas de commande associée;O;31/03/2026 00:00;;01/04/2026 12:16;63.000
0ac43b14-da92-4f6b-9b12-9dbbf72acefd;080;Réception (B.L. : 1800334856);1800334856;;FOURNISSEUR CENTRALE;;Pas de commande associée;O;29/03/2026 00:00;;30/03/2026 12:25;298.000
0add4c59-d518-441f-8b6e-c4fbcafd5d56;080;Réception (B.L. : 1700233276);1700233276;;FOURNISSEUR CENTRALE;;Pas de commande associée;O;18/03/2026 00:00;;18/03/2026 17:12;16.000
0b08511d-f51b-40b4-947e-6ed4cfc4c71c;291;Réception (B.L. : 1800333407);1800333407;;FOURNISSEUR CENTRALE;;Pas de commande associée;O;24/03/2026 00:00;;24/03/2026 12:17;0.000
0b12f18d-1b0a-4c48-8fcf-e071519786ad;291;Réception (B.L. : 1100216103);1100216103;;FOURNISSEUR CENTRALE;;Pas de commande associée;O;07/04/2026 00:00;;07/04/2026 17:14;0.000
0b258cf0-5d2c-4bb3-bc2a-cf77d53b6ce0;080;Réception (B.L. : 1700237076);1700237076;;FOURNISSEUR CENTRALE;;Pas de commande associée;O;07/04/2026 00:00;;07/04/2026 12:13;573.000
0b276112-e030-49bd-8774-637103e2d51e;292;Réception (B.L. : 1700237121);1700237121;;FOURNISSEUR CENTRALE;;Pas de commande associée;O;07/04/2026 00:00;;07/04/2026 12:11;1025.000
0b3b258d-98e0-4bd9-8af8-3b070e95cc37;291;Réception (B.L. : 1800334876);1800334876;;FOURNISSEUR CENTRALE;;Pas de commande associée;O;29/03/2026 00:00;;30/03/2026 12:31;0.000
0b3ef25a-c649-483b-a7d3-121361c98a9c;291;Réception (B.L. : 1800334684);1800334684;;FOURNISSEUR CENTRALE;;Pas de commande associée;O;27/03/2026 00:00;;27/03/2026 23:39;0.000
0b43270f-9189-4c90-bef2-5c73e09b9433;293;Réception (B.L. : 1800329883);1800329883;;FOURNISSEUR CENTRALE;;Pas de commande associée;O;10/03/2026 00:00;;10/03/2026 12:15;0.000
0b45353d-f696-449e-ae4a-f515f25128f7;293;Réception (B.L. : 1100212836);1100212836;;FOURNISSEUR CENTRALE;;Pas de commande associée;O;19/03/2026 00:00;;19/03/2026 17:13;0.000
0b4a9583-183b-4024-87e1-5940597140d4;291;Réception (B.L. : 1800329293);1800329293;;FOURNISSEUR CENTRALE;;Pas de commande associée;O;07/03/2026 00:00;;07/03/2026 12:16;0.000
0b8cb617-7cb6-4310-af7a-53029a7915d7;291;Réception (B.L. : 1800334877);1800334877;;FOURNISSEUR CENTRALE;;Pas de commande associée;O;29/03/2026 00:00;;30/03/2026 12:32;0.000
0b9470b1-1d26-4bf4-94b2-a5749c49bee3;291;Réception (B.L. : 1100215884);1100215884;;FOURNISSEUR CENTRALE;;Pas de commande associée;O;06/04/2026 00:00;;06/04/2026 12:15;0.000
0b98ad98-2543-4662-a8c7-c0decec7acd3;293;Réception (B.L. : 1800332988);1800332988;;FOURNISSEUR CENTRALE;;Pas de commande associée;O;20/03/2026 00:00;;20/03/2026 17:07;0.000
0baadb23-b8ad-458c-bacc-feed0c079058;080;Réception (B.L. : 1800329218);1800329218;;FOURNISSEUR CENTRALE;;Pas de commande associée;O;06/03/2026 00:00;;06/03/2026 17:17;30.000
0badfb9c-7689-4752-b7c1-0c7571e081f1;080;Réception (B.L. : 1800335763);1800335763;;FOURNISSEUR CENTRALE;;Pas de commande associée;O;02/04/2026 00:00;;02/04/2026 12:25;26.000
0bb78219-c940-4a77-9bfe-9e419627986a;293;Réception (B.L. : 1800328561);1800328561;;FOURNISSEUR CENTRALE;;Pas de commande associée;O;05/03/2026 00:00;;05/03/2026 12:10;0.000
0bfe9c29-0625-4ddf-bfa2-973891a6b96d;291;Réception (B.L. : 1800336055);1800336055;;FOURNISSEUR CENTRALE;;Pas de commande associée;O;02/04/2026 00:00;;03/04/2026 12:22;0.000
0c18913c-3ab0-4215-9d31-0e3652dfc178;293;Réception (B.L. : 1800335161);1800335161;;FOURNISSEUR CENTRALE;;Pas de commande associée;O;31/03/2026 00:00;;31/03/2026 12:19;0.000
0c1b8735-c6e8-45b4-b03a-ee92a6e27488;293;Réception (B.L. : 1800331097);1800331097;;FOURNISSEUR CENTRALE;;Pas de commande associée;O;13/03/2026 00:00;;13/03/2026 23:33;0.000
0c27bf1b-f32f-43ff-9b6f-058d6c755c3d;293;Réception (B.L. : 1800334077);1800334077;;FOURNISSEUR CENTRALE;;Pas de commande associée;O;26/03/2026 00:00;;26/03/2026 12:19;0.000
0c2dc024-23fa-413b-b5be-60cda88dd6e1;292;Réception (B.L. : 1700237221);1700237221;;FOURNISSEUR CENTRALE;;Pas de commande associée;O;07/04/2026 00:00;;07/04/2026 17:14;1500.000
0c3d2fa8-21ec-4c09-8623-f7dcc68fa191;293;Réception (B.L. : 1100213335);1100213335;;FOURNISSEUR CENTRALE;;Pas de commande associée;O;23/03/2026 00:00;;23/03/2026 12:14;0.000
0c4a4ff2-c2e9-4545-9c29-5d474073d323;291;Réception (B.L. : 1800336916);1800336916;;FOURNISSEUR CENTRALE;;Pas de commande associée;O;06/04/2026 00:00;;07/04/2026 12:24;240.000
0c99cb74-3735-48a9-acff-c0ae0e9cc4bd;291;Réception (B.L. : 1700235538);1700235538;;FOURNISSEUR CENTRALE;;Pas de commande associée;O;30/03/2026 00:00;;30/03/2026 12:25;0.000
0ca2631d-5147-4998-a96d-c5ef346fa9df;293;Réception (B.L. : 1200106794);1200106794;;FOURNISSEUR CENTRALE;;Pas de commande associée;O;19/03/2026 00:00;;19/03/2026 12:11;0.000
0ca74d0a-6819-4e43-a86a-f55a41741b88;080;Réception (B.L. : 1800328522);1800328522;;FOURNISSEUR CENTRALE;;Pas de commande associée;O;05/03/2026 00:00;;05/03/2026 12:14;12.000
0caf3dea-8cb5-41a8-b45e-35ac40cbb3bf;293;Réception (B.L. : 1800336395);1800336395;;FOURNISSEUR CENTRALE;;Pas de commande associée;O;03/04/2026 00:00;;04/04/2026 01:39;0.000
0cb4ad00-984e-4858-bfe4-12c163a4a4fc;293;Réception (B.L. : 1200106796);1200106796;;FOURNISSEUR CENTRALE;;Pas de commande associée;O;19/03/2026 00:00;;19/03/2026 12:13;0.000
0cb86074-cad7-4b51-b6c0-d600c8548171;291;Réception (B.L. : 1100214937);1100214937;;FOURNISSEUR CENTRALE;;Pas de commande associée;O;01/04/2026 00:00;;01/04/2026 12:19;0.000
0cda2834-780f-44e6-af81-2cd55b20cca4;293;Réception (B.L. : 1800330425);1800330425;;FOURNISSEUR CENTRALE;;Pas de commande associée;O;11/03/2026 00:00;;12/03/2026 12:10;0.000
0cdf1b82-4f05-48ba-9b71-03c403c8fb36;291;Réception (B.L. : 1200107117);1200107117;;FOURNISSEUR CENTRALE;;Pas de commande associée;O;25/03/2026 00:00;;25/03/2026 12:12;0.000
0d1418f7-7873-4e78-8755-2faf80d9dead;080;Réception (B.L. : 1700232489);1700232489;;FOURNISSEUR CENTRALE;;Pas de commande associée;O;14/03/2026 00:00;;14/03/2026 17:01;36.000
0d1f55a2-46ed-4de1-8f13-8eb737c3a9c1;291;Réception (B.L. : 1100212998);1100212998;;FOURNISSEUR CENTRALE;;Pas de commande associée;O;20/03/2026 00:00;;20/03/2026 12:04;0.000
0d23b446-8f1c-46de-b150-6e60de164523;293;Réception (B.L. : 1800330556);1800330556;;FOURNISSEUR CENTRALE;;Pas de commande associée;O;12/03/2026 00:00;;12/03/2026 12:16;0.000
0d3e8cf7-dcd5-44ef-864e-dd2bd6d0500e;080;Réception (B.L. : 1800331162);1800331162;;FOURNISSEUR CENTRALE;;Pas de commande associée;O;14/03/2026 00:00;;14/03/2026 12:14;36.000
0d88a03a-aa60-49c5-aae6-d13acc8a71e7;292;Réception (B.L. : 1100211313);1100211313;;FOURNISSEUR CENTRALE;;Pas de commande associée;O;10/03/2026 00:00;;10/03/2026 12:03;6.000
0dd7d8b8-ea1f-400a-bf4c-dfa958a4b73b;293;Réception (B.L. : 1700234644);1700234644;;FOURNISSEUR CENTRALE;;Pas de commande associée;O;25/03/2026 00:00;;25/03/2026 12:26;0.000
0de1c4df-8107-411a-85e4-2eb96466199d;293;Réception (B.L. : 1700235814);1700235814;;FOURNISSEUR CENTRALE;;Pas de commande associée;O;31/03/2026 00:00;;01/04/2026 01:48;0.000
0def5418-02ca-4cea-9889-181e1d0d299a;291;Réception (B.L. : 1700230360);1700230360;;FOURNISSEUR CENTRALE;;Pas de commande associée;O;04/03/2026 00:00;;04/03/2026 12:20;0.000
0dff9922-7924-41e1-be84-8b2c905a6b2e;292;Réception (B.L. : 1800331202);1800331202;;FOURNISSEUR CENTRALE;;Pas de commande associée;O;14/03/2026 00:00;;14/03/2026 17:13;1.000
0e094255-9527-4dff-b251-33a7fbe4b6ec;080;Réception (B.L. : 1100210800);1100210800;;FOURNISSEUR CENTRALE;;Pas de commande associée;O;06/03/2026 00:00;;06/03/2026 12:13;18.000
0e09f329-a8bd-4726-aee4-344dd18a83bd;291;Réception (B.L. : 1200106621);1200106621;;FOURNISSEUR CENTRALE;;Pas de commande associée;O;18/03/2026 00:00;;18/03/2026 12:11;0.000
0e218c4a-8689-43b6-9ab6-b7168dab09d4;292;Réception (B.L. : 1800327972);1800327972;;FOURNISSEUR CENTRALE;;Pas de commande associée;O;02/03/2026 00:00;;03/03/2026 12:02;1334.000
0e33145e-39bb-4858-acc6-fb3c77b00b47;293;Réception (B.L. : 1800333585);1800333585;;FOURNISSEUR CENTRALE;;Pas de commande associée;O;24/03/2026 00:00;;24/03/2026 17:18;0.000
0e4e2dfc-edf3-488a-938a-65f81e1ec8b1;291;Réception (B.L. : 1100213347);1100213347;;FOURNISSEUR CENTRALE;;Pas de commande associée;O;23/03/2026 00:00;;23/03/2026 12:13;0.000
0e51c425-384d-4389-bf22-fefda6272025;080;Réception (B.L. : 1800333403);1800333403;;FOURNISSEUR CENTRALE;;Pas de commande associée;O;24/03/2026 00:00;;24/03/2026 12:18;641.200
0ea70b27-0bb9-4c70-b239-6c7d049f7ee3;291;Réception (B.L. : 1800333568);1800333568;;FOURNISSEUR CENTRALE;;Pas de commande associée;O;24/03/2026 00:00;;24/03/2026 17:19;0.000
0eaca053-5030-47ec-9ceb-0729e5e2eb4e;293;Réception (B.L. : 1800332298);1800332298;;FOURNISSEUR CENTRALE;;Pas de commande associée;O;18/03/2026 00:00;;19/03/2026 12:23;0.000
0eafa95e-1ed7-41f1-9ff2-f9e5336c290f;292;Réception (B.L. : 1100211241);1100211241;;FOURNISSEUR CENTRALE;;Pas de commande associée;O;10/03/2026 00:00;;10/03/2026 12:02;2619.000
0eba3837-1e9e-4c37-94df-54d3c7f07527;080;Réception (B.L. : 1700236925);1700236925;;FOURNISSEUR CENTRALE;;Pas de commande associée;O;06/04/2026 00:00;;06/04/2026 12:15;966.000
0ecf103b-1a93-4b24-96e2-237204291be8;291;Réception (B.L. : 1800335007);1800335007;;FOURNISSEUR CENTRALE;;Pas de commande associée;O;30/03/2026 00:00;;30/03/2026 17:12;0.000
0ecfb87f-d5af-4246-b88f-1741f63fbf36;292;Réception (B.L. : 1700237220);1700237220;;FOURNISSEUR CENTRALE;;Pas de commande associée;O;07/04/2026 00:00;;07/04/2026 17:13;303.000
0ee83cc7-6fe8-4bd1-995e-263c40c4f817;291;Réception (B.L. : 1800328600);1800328600;;FOURNISSEUR CENTRALE;;Pas de commande associée;O;05/03/2026 00:00;;05/03/2026 12:15;0.000
0ee9090c-cd8d-46f5-a00b-a6d564ea4645;293;Réception (B.L. : 1800333134);1800333134;;FOURNISSEUR CENTRALE;;Pas de commande associée;O;23/03/2026 00:00;;23/03/2026 12:34;0.000
0eff2db5-2954-447e-be16-ac94ec6fa557;291;Réception (B.L. : 1800335971);1800335971;;FOURNISSEUR CENTRALE;;Pas de commande associée;O;02/04/2026 00:00;;02/04/2026 17:16;0.000
0f152792-a454-49fa-9ce9-9cd7b72a01d4;291;Réception (B.L. : 1800331989);1800331989;;FOURNISSEUR CENTRALE;;Pas de commande associée;O;17/03/2026 00:00;;18/03/2026 12:49;0.000
0f21b201-72fe-41f5-a293-7388f72d7100;292;Réception (B.L. : 1800327861);1800327861;;FOURNISSEUR CENTRALE;;Pas de commande associée;O;02/03/2026 00:00;;02/03/2026 17:12;2.000
0f3d277c-eb9d-4544-a441-2809d6309ff7;291;Réception (B.L. : 1100215676);1100215676;;FOURNISSEUR CENTRALE;;Pas de commande associée;O;04/04/2026 00:00;;04/04/2026 17:10;0.000
0f5bce73-29c1-440e-ab2a-260bd1cdcf6f;291;Réception (B.L. : 1800333434);1800333434;;FOURNISSEUR CENTRALE;;Pas de commande associée;O;23/03/2026 00:00;;24/03/2026 12:20;0.000
0f6d4cbc-d972-475c-8d9c-071269e94398;292;Réception (B.L. : 1100215719);1100215719;;FOURNISSEUR CENTRALE;;Pas de commande associée;O;04/04/2026 00:00;;04/04/2026 17:10;768.000
0f7d43a0-8b72-4f38-bd5c-cc3ca2882f27;292;Réception (B.L. : 1800334889);1800334889;;FOURNISSEUR CENTRALE;;Pas de commande associée;O;29/03/2026 00:00;;30/03/2026 12:28;744.600
0f883c38-0e24-4e55-8b5a-60e649644af2;293;Réception (B.L. : 1700233639);1700233639;;FOURNISSEUR CENTRALE;;Pas de commande associée;O;19/03/2026 00:00;;20/03/2026 12:11;0.000
0f9fda1a-b859-4a1c-a5a0-f37a00713785;291;Réception (B.L. : 1800330442);1800330442;;FOURNISSEUR CENTRALE;;Pas de commande associée;O;11/03/2026 00:00;;12/03/2026 12:12;0.000
0fb11aef-04d5-408d-94ff-c503b5caea68;080;Réception (B.L. : 1100214666);1100214666;;FOURNISSEUR CENTRALE;;Pas de commande associée;O;30/03/2026 00:00;;30/03/2026 12:14;14.000
0fbb5e1b-5de5-4780-b21d-1fff40ef8d63;293;Réception (B.L. : 1700231071);1700231071;;FOURNISSEUR CENTRALE;;Pas de commande associée;O;07/03/2026 00:00;;07/03/2026 12:12;0.000
0fcd402b-c368-4d7c-8f3d-f94a8fb5f132;292;Réception (B.L. : 1700236069);1700236069;;FOURNISSEUR CENTRALE;;Pas de commande associée;O;01/04/2026 00:00;;01/04/2026 17:19;130.000
10071ccb-15ba-44e7-bc05-a28c78d2ccf9;293;Réception (B.L. : 1800336401);1800336401;;FOURNISSEUR CENTRALE;;Pas de commande associée;O;03/04/2026 00:00;;04/04/2026 01:45;0.000
100ee3a5-e5c4-4454-b692-e63e85df7bc6;080;Réception (B.L. : 1100212153);1100212153;;FOURNISSEUR CENTRALE;;Pas de commande associée;O;16/03/2026 00:00;;16/03/2026 12:17;12.000
10122d1a-31f5-454d-aa67-46a5b4c76426;080;Réception (B.L. : 1800330689);1800330689;;FOURNISSEUR CENTRALE;;Pas de commande associée;O;12/03/2026 00:00;;13/03/2026 12:10;17.952
1013d053-2597-46a5-8876-0ec8b745e1b2;291;Réception (B.L. : 1100214453);1100214453;;FOURNISSEUR CENTRALE;;Pas de commande associée;O;27/03/2026 00:00;;27/03/2026 17:11;0.000
1044a5cc-794d-4fb6-9cae-4451f063aeb7;293;Réception (B.L. : 1800333583);1800333583;;FOURNISSEUR CENTRALE;;Pas de commande associée;O;24/03/2026 00:00;;24/03/2026 17:16;0.000
10451d59-499f-41c0-9c4b-078641b8ffcb;292;Réception (B.L. : 1100210315);1100210315;;FOURNISSEUR CENTRALE;;Pas de commande associée;O;03/03/2026 00:00;;03/03/2026 17:02;618.000
104a7f91-4fb7-4d9f-b285-354198732406;080;Réception (B.L. : 1800333978);1800333978;;FOURNISSEUR CENTRALE;;Pas de commande associée;O;25/03/2026 00:00;;26/03/2026 12:13;200.000
10655f71-67bf-49a6-8c83-88463fed9992;293;Réception (B.L. : 1800334864);1800334864;;FOURNISSEUR CENTRALE;;Pas de commande associée;O;29/03/2026 00:00;;30/03/2026 12:27;0.000
10734a57-ce3e-49ee-9650-60f3d1bfdef1;293;Réception (B.L. : 1800332986);1800332986;;FOURNISSEUR CENTRALE;;Pas de commande associée;O;20/03/2026 00:00;;20/03/2026 17:05;0.000
1078b33a-fe58-42a0-a1a8-3de536aee169;293;Réception (B.L. : 1800330418);1800330418;;FOURNISSEUR CENTRALE;;Pas de commande associée;O;11/03/2026 00:00;;12/03/2026 12:03;0.000
10895e18-7fb0-49f1-9fc1-781b6cd71cf7;291;Réception (B.L. : 1700232760);1700232760;;FOURNISSEUR CENTRALE;;Pas de commande associée;O;16/03/2026 00:00;;16/03/2026 12:25;0.000
10b5d3d5-cee2-4880-8224-c6260254d761;291;Réception (B.L. : 1800331855);1800331855;;FOURNISSEUR CENTRALE;;Pas de commande associée;O;17/03/2026 00:00;;17/03/2026 17:10;0.000
10c4850e-205d-40b2-a851-54ef33a8c20a;293;Réception (B.L. : 1700230690);1700230690;;FOURNISSEUR CENTRALE;;Pas de commande associée;O;06/03/2026 00:00;;06/03/2026 12:19;0.000
10cb2aac-07cc-41e5-86a8-7b124a570f90;291;Réception (B.L. : 1800330706);1800330706;;FOURNISSEUR CENTRALE;;Pas de commande associée;O;12/03/2026 00:00;;13/03/2026 12:31;0.000
10e19089-4703-4bf0-ab96-1db900034bef;291;Réception (B.L. : 1700234943);1700234943;;FOURNISSEUR CENTRALE;;Pas de commande associée;O;26/03/2026 00:00;;26/03/2026 17:17;0.000
10ed3c60-ab93-4dcc-8398-d755fd9063de;291;Réception (B.L. : 1800330439);1800330439;;FOURNISSEUR CENTRALE;;Pas de commande associée;O;11/03/2026 00:00;;12/03/2026 12:09;0.000
10ff9a5f-a7b8-4e6e-a107-937192ff8976;292;Réception (B.L. : 1700233868);1700233868;;FOURNISSEUR CENTRALE;;Pas de commande associée;O;20/03/2026 00:00;;20/03/2026 12:08;22.000
110bab9f-895e-4df2-b173-a098b83b1a1b;080;Réception (B.L. : 1100214353);1100214353;;FOURNISSEUR CENTRALE;;Pas de commande associée;O;27/03/2026 00:00;;27/03/2026 12:11;4948.000
1110322e-6b20-40e8-93ab-9276fd42c438;080;Réception (B.L. : 1800330693);1800330693;;FOURNISSEUR CENTRALE;;Pas de commande associée;O;12/03/2026 00:00;;13/03/2026 12:14;365.500
1130c7bb-e909-4613-bf83-ba00fca40303;080;Réception (B.L. : 1700230007);1700230007;;FOURNISSEUR CENTRALE;;Pas de commande associée;O;03/03/2026 00:00;;03/03/2026 12:03;1.000
11373711-307c-4fd3-822f-66644d473a86;291;Réception (B.L. : 1100210477);1100210477;;FOURNISSEUR CENTRALE;;Pas de commande associée;O;04/03/2026 00:00;;04/03/2026 12:18;0.000
116964bc-ba38-4bb1-8924-df86a2132145;292;Réception (B.L. : 1700231027);1700231027;;FOURNISSEUR CENTRALE;;Pas de commande associée;O;06/03/2026 00:00;;06/03/2026 17:19;317.000
11867eaa-4296-413e-af40-b2580123ee83;292;Réception (B.L. : 1100213649);1100213649;;FOURNISSEUR CENTRALE;;Pas de commande associée;O;24/03/2026 00:00;;24/03/2026 17:11;24.000
11c1b552-2a29-4a93-9e33-f04184e30998;291;Réception (B.L. : 1800336640);1800336640;;FOURNISSEUR CENTRALE;;Pas de commande associée;O;06/04/2026 00:00;;06/04/2026 12:25;0.000
11c77cb4-ff2e-4b19-a82b-d4a40b98d5c2;291;Réception (B.L. : 1700237406);1700237406;;FOURNISSEUR CENTRALE;;Pas de commande associée;O;08/04/2026 00:00;;08/04/2026 12:23;0.000
120067ef-ba42-4106-a0c3-2cbf4674872c;080;Réception (B.L. : 1700235518);1700235518;;FOURNISSEUR CENTRALE;;Pas de commande associée;O;30/03/2026 00:00;;30/03/2026 12:19;74.000
1201a332-a8ee-4604-b351-650a5f41c5cc;080;Réception (B.L. : 1700234613);1700234613;;FOURNISSEUR CENTRALE;;Pas de commande associée;O;25/03/2026 00:00;;25/03/2026 12:26;2136.000
1224bfaa-6564-4988-921c-8b8d86dc148e;291;Réception (B.L. : 1700236134);1700236134;;FOURNISSEUR CENTRALE;;Pas de commande associée;O;01/04/2026 00:00;;02/04/2026 12:16;0.000
1236356c-cf9d-4de3-9c92-e4119c18e2f9;291;Réception (B.L. : 1800333119);1800333119;;FOURNISSEUR CENTRALE;;Pas de commande associée;O;23/03/2026 00:00;;23/03/2026 12:39;0.000
1240f1fe-0e7c-433f-a063-79de44e1b8fd;292;Réception (B.L. : 1800336442);1800336442;;FOURNISSEUR CENTRALE;;Pas de commande associée;O;03/04/2026 00:00;;04/04/2026 01:36;27.592
12997a96-91cf-4a9b-8e2c-d53ad4108904;293;Réception (B.L. : 1100212855);1100212855;;FOURNISSEUR CENTRALE;;Pas de commande associée;O;19/03/2026 00:00;;19/03/2026 17:14;0.000
12a6f5ff-44c5-435f-b2a6-13bcc204f604;080;Réception (B.L. : 1800329813);1800329813;;FOURNISSEUR CENTRALE;;Pas de commande associée;O;10/03/2026 00:00;;10/03/2026 12:07;21.000
12dcf725-dbf8-481e-a6df-2325cc0cf426;292;Réception (B.L. : 1100213879);1100213879;;FOURNISSEUR CENTRALE;;Pas de commande associée;O;25/03/2026 00:00;;25/03/2026 12:13;96.000
12ee4ac4-2d6a-4bf4-a276-4d64d2723d60;293;Réception (B.L. : 1800332635);1800332635;;FOURNISSEUR CENTRALE;;Pas de commande associée;O;19/03/2026 00:00;;20/03/2026 12:31;0.000
12fa6d8f-ab26-4b32-bbe4-174ba025c3b5;080;Réception (B.L. : 1800335883);1800335883;;FOURNISSEUR CENTRALE;;Pas de commande associée;O;02/04/2026 00:00;;02/04/2026 17:18;7.000
130dc10b-0363-4013-89a8-cc23e5a45829;292;Réception (B.L. : 1200105521);1200105521;;FOURNISSEUR CENTRALE;;Pas de commande associée;O;02/03/2026 00:00;;02/03/2026 12:11;220.000
13192712-a624-4d97-ae62-d2c52869b357;291;Réception (B.L. : 1800333746);1800333746;;FOURNISSEUR CENTRALE;;Pas de commande associée;O;24/03/2026 00:00;;25/03/2026 12:39;0.000
132cbabc-582e-4e06-a7ae-55b19ea865c0;291;Réception (B.L. : 1800329338);1800329338;;FOURNISSEUR CENTRALE;;Pas de commande associée;O;07/03/2026 00:00;;07/03/2026 12:17;0.000
13313f2a-159c-4d29-8197-a044a81f74c0;080;Réception (B.L. : 1700236973);1700236973;;FOURNISSEUR CENTRALE;;Pas de commande associée;O;06/04/2026 00:00;;06/04/2026 12:17;2.000
134d923d-7916-4c87-a979-d9e638eb4657;291;Réception (B.L. : 1800332267);1800332267;;FOURNISSEUR CENTRALE;;Pas de commande associée;O;18/03/2026 00:00;;19/03/2026 12:22;380.000
135651ec-f11b-4a18-b322-be50f0a88e55;291;Réception (B.L. : 1700236637);1700236637;;FOURNISSEUR CENTRALE;;Pas de commande associée;O;03/04/2026 00:00;;03/04/2026 17:15;0.000
1377ec9a-3a92-4b79-bf76-6a0db99fc381;080;Réception (B.L. : 1800328279);1800328279;;FOURNISSEUR CENTRALE;;Pas de commande associée;O;03/03/2026 00:00;;04/03/2026 12:21;20.000
1390ee18-a41a-45e8-a7e4-0a9187f4d065;080;Réception (B.L. : 1800336926);1800336926;;FOURNISSEUR CENTRALE;;Pas de commande associée;O;06/04/2026 00:00;;07/04/2026 12:22;691.000
139c67ae-3ad2-47b7-bb85-567ca6460d95;292;Réception (B.L. : 1800335722);1800335722;;FOURNISSEUR CENTRALE;;Pas de commande associée;O;02/04/2026 00:00;;02/04/2026 12:19;854.000
13c237f4-3994-4dc2-a726-2a93a95290bc;291;Réception (B.L. : 1100216282);1100216282;;FOURNISSEUR CENTRALE;;Pas de commande associée;O;08/04/2026 00:00;;08/04/2026 12:18;0.000
13c8a203-8593-4f1e-82ad-5a770abdca74;291;Réception (B.L. : 1100216208);1100216208;;FOURNISSEUR CENTRALE;;Pas de commande associée;O;08/04/2026 00:00;;08/04/2026 12:14;0.000
13d93bb7-a68a-4115-b74a-cd5931a189f8;291;Réception (B.L. : 1800335503);1800335503;;FOURNISSEUR CENTRALE;;Pas de commande associée;O;31/03/2026 00:00;;01/04/2026 12:27;0.000
13d95051-0b38-4401-aee4-a9543c1b47a2;292;Réception (B.L. : 1700232390);1700232390;;FOURNISSEUR CENTRALE;;Pas de commande associée;O;13/03/2026 00:00;;13/03/2026 12:16;954.000
13db5d8d-890e-4cc0-9cd9-4df0b4f7036d;292;Réception (B.L. : 1800328756);1800328756;;FOURNISSEUR CENTRALE;;Pas de commande associée;O;05/03/2026 00:00;;05/03/2026 17:14;88.000
1422ccd1-2308-4eb8-817b-876db621de07;292;Réception (B.L. : 1700236651);1700236651;;FOURNISSEUR CENTRALE;;Pas de commande associée;O;03/04/2026 00:00;;03/04/2026 17:10;994.000
142623ed-aad4-416d-b89e-5841e1bd8054;293;Réception (B.L. : 1800329714);1800329714;;FOURNISSEUR CENTRALE;;Pas de commande associée;O;10/03/2026 00:00;;10/03/2026 12:01;0.000
14348c43-af15-48ef-9eff-d1d9ac5ce83d;292;Réception (B.L. : 1800328607);1800328607;;FOURNISSEUR CENTRALE;;Pas de commande associée;O;05/03/2026 00:00;;05/03/2026 12:15;14.000
143f598b-f15d-4346-81fe-db7401b8b9a0;291;Réception (B.L. : 1700231651);1700231651;;FOURNISSEUR CENTRALE;;Pas de commande associée;O;10/03/2026 00:00;;10/03/2026 17:01;0.000
14446cf2-97dd-415d-b80c-493177c28d4b;080;Réception (B.L. : 1800331587);1800331587;;FOURNISSEUR CENTRALE;;Pas de commande associée;O;17/03/2026 00:00;;17/03/2026 12:05;39.000
1472967b-c324-480a-bbc8-2eed47b39dca;080;Réception (B.L. : 1800334657);1800334657;;FOURNISSEUR CENTRALE;;Pas de commande associée;O;27/03/2026 00:00;;27/03/2026 23:41;25.000
1485f3d9-191b-47e9-b93c-22ed0fad1c17;292;Réception (B.L. : 1800334887);1800334887;;FOURNISSEUR CENTRALE;;Pas de commande associée;O;29/03/2026 00:00;;30/03/2026 12:26;12.000
1489bf58-28a3-453d-9720-a1c224046841;291;Réception (B.L. : 1800330440);1800330440;;FOURNISSEUR CENTRALE;;Pas de commande associée;O;11/03/2026 00:00;;12/03/2026 12:10;0.000
14a6f3b7-cfe0-4a8c-9ddb-7dadd516d69c;292;Réception (B.L. : 1800331265);1800331265;;FOURNISSEUR CENTRALE;;Pas de commande associée;O;14/03/2026 00:00;;14/03/2026 17:14;4.000
14b950c2-e4ee-40b4-9c57-799a47709d99;292;Réception (B.L. : 1800335343);1800335343;;FOURNISSEUR CENTRALE;;Pas de commande associée;O;31/03/2026 00:00;;31/03/2026 17:14;21.000
14bc948f-b097-4ff9-8efc-60f247a8a4d3;293;Réception (B.L. : 1700232514);1700232514;;FOURNISSEUR CENTRALE;;Pas de commande associée;O;14/03/2026 00:00;;14/03/2026 17:11;0.000
14d7b846-0eae-42ae-8938-30e66a57132d;292;Réception (B.L. : 1700233600);1700233600;;FOURNISSEUR CENTRALE;;Pas de commande associée;O;19/03/2026 00:00;;19/03/2026 23:36;24.000
14d87c7f-e09b-4363-8818-53c3d24ac5aa;292;Réception (B.L. : 1700235217);1700235217;;FOURNISSEUR CENTRALE;;Pas de commande associée;O;27/03/2026 00:00;;27/03/2026 12:16;2.000
15260390-7d59-4cb6-9331-513b845e78f7;080;Réception (B.L. : 1800331584);1800331584;;FOURNISSEUR CENTRALE;;Pas de commande associée;O;17/03/2026 00:00;;17/03/2026 12:02;170.817
1548f72f-6957-4d24-80d0-c884aac16a5d;293;Réception (B.L. : 1800328013);1800328013;;FOURNISSEUR CENTRALE;;Pas de commande associée;O;02/03/2026 00:00;;03/03/2026 12:04;0.000
156a3de7-d24a-4f6f-9efb-f119adcc5cdf;080;Réception (B.L. : 1100216246);1100216246;;FOURNISSEUR CENTRALE;;Pas de commande associée;O;08/04/2026 00:00;;08/04/2026 12:13;2196.000
15992d05-9cba-435c-aa66-9e61b55af004;291;Réception (B.L. : 1800333002);1800333002;;FOURNISSEUR CENTRALE;;Pas de commande associée;O;21/03/2026 00:00;;21/03/2026 12:12;0.000
15a9e3eb-493f-435c-8bee-ab7b017cfbd8;080;Réception (B.L. : 1800331963);1800331963;;FOURNISSEUR CENTRALE;;Pas de commande associée;O;17/03/2026 00:00;;18/03/2026 12:23;18.000
15b306d9-a447-47cc-a915-2fbfef644146;291;Réception (B.L. : 1800332932);1800332932;;FOURNISSEUR CENTRALE;;Pas de commande associée;O;20/03/2026 00:00;;20/03/2026 17:02;0.000
15cbbc44-e460-4835-bc0a-ec7fd8147da8;293;Réception (B.L. : 1700230933);1700230933;;FOURNISSEUR CENTRALE;;Pas de commande associée;O;06/03/2026 00:00;;06/03/2026 12:31;0.000
15ef0fd0-0368-43c9-b3f2-ef7d0410bc09;080;Réception (B.L. : 1100213630);1100213630;;FOURNISSEUR CENTRALE;;Pas de commande associée;O;24/03/2026 00:00;;24/03/2026 12:10;18.000
160ce1ec-443c-4da7-84d1-50398eb400ad;292;Réception (B.L. : 1100210049);1100210049;;FOURNISSEUR CENTRALE;;Pas de commande associée;O;02/03/2026 00:00;;02/03/2026 12:14;902.000
1642b207-12a0-427a-b977-ad96cbaa4aa3;293;Réception (B.L. : 1700231073);1700231073;;FOURNISSEUR CENTRALE;;Pas de commande associée;O;07/03/2026 00:00;;07/03/2026 12:14;0.000
164553d3-a196-4061-bda1-90d0ed1dbd4d;293;Réception (B.L. : 1800327758);1800327758;;FOURNISSEUR CENTRALE;;Pas de commande associée;O;02/03/2026 00:00;;02/03/2026 12:33;0.000
1678d0c8-edf3-47d4-a2f9-885f429b37fd;080;Réception (B.L. : 1800336324);1800336324;;FOURNISSEUR CENTRALE;;Pas de commande associée;O;03/04/2026 00:00;;04/04/2026 01:37;78.000
16d343e0-1ca7-4210-b9ad-e7f15f06510c;293;Réception (B.L. : 1700237415);1700237415;;FOURNISSEUR CENTRALE;;Pas de commande associée;O;08/04/2026 00:00;;08/04/2026 12:24;0.000
16e0406c-ffcc-482a-8732-a26b4c1679fa;293;Réception (B.L. : 1800335506);1800335506;;FOURNISSEUR CENTRALE;;Pas de commande associée;O;31/03/2026 00:00;;01/04/2026 12:26;0.000
16f34a95-3759-49e9-b5c2-db16e231540f;292;Réception (B.L. : 1100214844);1100214844;;FOURNISSEUR CENTRALE;;Pas de commande associée;O;31/03/2026 00:00;;31/03/2026 17:11;436.000
173f2bc9-8486-475a-8a1a-66c7a3f32893;291;Réception (B.L. : 1700235812);1700235812;;FOURNISSEUR CENTRALE;;Pas de commande associée;O;31/03/2026 00:00;;01/04/2026 01:46;0.000
17467cf1-9e34-46d7-b4e0-744005bffde6;292;Réception (B.L. : 1100214461);1100214461;;FOURNISSEUR CENTRALE;;Pas de commande associée;O;28/03/2026 00:00;;28/03/2026 12:12;294.000
1769699e-0d0b-487c-ad36-cf7f2960950a;080;Réception (B.L. : 1800329045);1800329045;;FOURNISSEUR CENTRALE;;Pas de commande associée;O;06/03/2026 00:00;;06/03/2026 12:23;2.000
179034eb-8e7c-40ef-befb-b7a8ebd2adaa;293;Réception (B.L. : 1800328563);1800328563;;FOURNISSEUR CENTRALE;;Pas de commande associée;O;05/03/2026 00:00;;05/03/2026 12:12;0.000
17990926-f228-4571-ab50-95a34c722ceb;080;Réception (B.L. : 1800332865);1800332865;;FOURNISSEUR CENTRALE;;Pas de commande associée;O;20/03/2026 00:00;;20/03/2026 17:01;88.000
179f6292-3683-4b12-a93b-96c183b66501;080;Réception (B.L. : 1800333094);1800333094;;FOURNISSEUR CENTRALE;;Pas de commande associée;O;22/03/2026 00:00;;23/03/2026 12:27;44.000
17cfe387-90dc-4fcf-8af9-005800afd642;293;Réception (B.L. : 1700232712);1700232712;;FOURNISSEUR CENTRALE;;Pas de commande associée;O;16/03/2026 00:00;;16/03/2026 12:20;0.000
17d6ddf2-3bfd-4c45-9924-32bb240a4ac0;080;Réception (B.L. : 1800337131);1800337131;;FOURNISSEUR CENTRALE;;Pas de commande associée;O;07/04/2026 00:00;;08/04/2026 12:20;80.000
18064671-c959-4de2-a0c0-faf4d2890020;080;Réception (B.L. : 1800331391);1800331391;;FOURNISSEUR CENTRALE;;Pas de commande associée;O;15/03/2026 00:00;;16/03/2026 12:28;824.400
180a0483-e49b-4e0d-a731-4403b8819ad6;080;Réception (B.L. : 1700233628);1700233628;;FOURNISSEUR CENTRALE;;Pas de commande associée;O;19/03/2026 00:00;;20/03/2026 12:11;847.000
180a5afc-193a-4b43-85e3-692e9aa964ea;291;Réception (B.L. : 1800329229);1800329229;;FOURNISSEUR CENTRALE;;Pas de commande associée;O;06/03/2026 00:00;;06/03/2026 17:16;0.000
1820d191-8505-49db-8bf4-0b91eba2a949;291;Réception (B.L. : 1100214008);1100214008;;FOURNISSEUR CENTRALE;;Pas de commande associée;O;25/03/2026 00:00;;25/03/2026 12:23;0.000
1839390b-1814-48b3-8abd-0ee7adbe665f;291;Réception (B.L. : 1100211452);1100211452;;FOURNISSEUR CENTRALE;;Pas de commande associée;O;11/03/2026 00:00;;11/03/2026 12:14;0.000
1843fbc0-953f-46a0-8200-236e05d16e01;080;Réception (B.L. : 1100212989);1100212989;;FOURNISSEUR CENTRALE;;Pas de commande associée;O;20/03/2026 00:00;;20/03/2026 12:01;4316.000
1859d908-c1b5-4b1a-b092-27686e983b63;293;Réception (B.L. : 1100213405);1100213405;;FOURNISSEUR CENTRALE;;Pas de commande associée;O;23/03/2026 00:00;;23/03/2026 12:20;0.000
185d8b4d-522f-410a-b34c-0890e4baaa37;292;Réception (B.L. : 1700233601);1700233601;;FOURNISSEUR CENTRALE;;Pas de commande associée;O;19/03/2026 00:00;;19/03/2026 23:37;48.000
18970cf0-2503-4b41-8320-6e319db89e0a;293;Réception (B.L. : 1700234650);1700234650;;FOURNISSEUR CENTRALE;;Pas de commande associée;O;25/03/2026 00:00;;25/03/2026 12:32;0.000
18ca8d4a-8b64-4334-a297-97912e5f5415;293;Réception (B.L. : 1700230288);1700230288;;FOURNISSEUR CENTRALE;;Pas de commande associée;O;04/03/2026 00:00;;04/03/2026 12:22;0.000
18f5bfaa-c8df-4b9e-96e6-de5d180c1c39;293;Réception (B.L. : 1700229774);1700229774;;FOURNISSEUR CENTRALE;;Pas de commande associée;O;02/03/2026 00:00;;02/03/2026 12:26;0.000
18f90241-9dd1-46ed-8666-3a39bd4143ae;080;Réception (B.L. : 1800332832);1800332832;;FOURNISSEUR CENTRALE;;Pas de commande associée;O;20/03/2026 00:00;;20/03/2026 12:27;1.000
1927b61c-bce2-43af-8ed0-9adb2a0ce01a;080;Réception (B.L. : 1100212990);1100212990;;FOURNISSEUR CENTRALE;;Pas de commande associée;O;20/03/2026 00:00;;20/03/2026 12:02;2877.000
19311739-a069-451f-9a24-d02ea3efc25b;291;Réception (B.L. : 1100213614);1100213614;;FOURNISSEUR CENTRALE;;Pas de commande associée;O;24/03/2026 00:00;;24/03/2026 12:10;0.000
195c44af-5c54-4ff7-b599-bc571cc7ce6b;293;Réception (B.L. : 1800334004);1800334004;;FOURNISSEUR CENTRALE;;Pas de commande associée;O;25/03/2026 00:00;;26/03/2026 12:14;0.000
19623edf-16b3-47d1-9733-3ab770fb4e04;293;Réception (B.L. : 1800330471);1800330471;;FOURNISSEUR CENTRALE;;Pas de commande associée;O;11/03/2026 00:00;;12/03/2026 12:11;0.000
19630222-12e8-47a4-9faa-256406a2cb6d;293;Réception (B.L. : 1100211167);1100211167;;FOURNISSEUR CENTRALE;;Pas de commande associée;O;09/03/2026 00:00;;09/03/2026 12:16;0.000
1968fb63-2d1d-400c-8f8f-de24e31ccfa5;291;Réception (B.L. : 1800336054);1800336054;;FOURNISSEUR CENTRALE;;Pas de commande associée;O;02/04/2026 00:00;;03/04/2026 12:21;0.000
19856e54-52a6-41cc-90d9-d878d20ad35f;293;Réception (B.L. : 1700234108);1700234108;;FOURNISSEUR CENTRALE;;Pas de commande associée;O;23/03/2026 00:00;;23/03/2026 12:22;0.000
199b4e31-9c0e-4792-b035-9cdd2bd510c4;080;Réception (B.L. : 1800331393);1800331393;;FOURNISSEUR CENTRALE;;Pas de commande associée;O;15/03/2026 00:00;;16/03/2026 12:30;64.000
199bd684-35a1-44bd-b9b2-fb8e1c3c5c97;291;Réception (B.L. : 1800328966);1800328966;;FOURNISSEUR CENTRALE;;Pas de commande associée;O;05/03/2026 00:00;;06/03/2026 12:39;0.000
19a2cdda-1a5e-44d8-82f8-15415c7bc3cc;291;Réception (B.L. : 1100212377);1100212377;;FOURNISSEUR CENTRALE;;Pas de commande associée;O;17/03/2026 00:00;;17/03/2026 17:01;0.000
19ac99c5-65ea-4377-b5c4-470541145e5f;080;Réception (B.L. : 1700231075);1700231075;;FOURNISSEUR CENTRALE;;Pas de commande associée;O;07/03/2026 00:00;;07/03/2026 12:14;2.000
19b3061c-df5d-4889-bad3-a3b1c63f8225;080;Réception (B.L. : 1800336681);1800336681;;FOURNISSEUR CENTRALE;;Pas de commande associée;O;06/04/2026 00:00;;06/04/2026 12:24;22.000
19c92cb4-4411-4a54-ac88-64759b13b892;291;Réception (B.L. : 1100213354);1100213354;;FOURNISSEUR CENTRALE;;Pas de commande associée;O;23/03/2026 00:00;;23/03/2026 12:20;0.000
19ca1340-da50-4261-810b-ec9557642a3a;293;Réception (B.L. : 1800332466);1800332466;;FOURNISSEUR CENTRALE;;Pas de commande associée;O;19/03/2026 00:00;;19/03/2026 17:21;0.000
19dca597-18a9-416c-8611-7228bb22712d;291;Réception (B.L. : 1100213348);1100213348;;FOURNISSEUR CENTRALE;;Pas de commande associée;O;23/03/2026 00:00;;23/03/2026 12:14;0.000
19e9fa13-9736-4fce-96c5-3e1654de38d2;291;Réception (B.L. : 1100215320);1100215320;;FOURNISSEUR CENTRALE;;Pas de commande associée;O;02/04/2026 00:00;;02/04/2026 17:11;0.000
19f0d4de-7856-4346-a59d-cbb8f93dc3dc;293;Réception (B.L. : 1700231322);1700231322;;FOURNISSEUR CENTRALE;;Pas de commande associée;O;09/03/2026 00:00;;09/03/2026 12:17;0.000
1a2ba4a6-5c5e-49dc-a542-5a24ddd9728d;080;Réception (B.L. : 1700231020);1700231020;;FOURNISSEUR CENTRALE;;Pas de commande associée;O;06/03/2026 00:00;;06/03/2026 17:12;72.000
1a383882-9de6-44b4-b3a4-bd39c881dbd4;293;Réception (B.L. : 1700232972);1700232972;;FOURNISSEUR CENTRALE;;Pas de commande associée;O;17/03/2026 00:00;;18/03/2026 00:05;0.000
1a41aa74-f066-43aa-b7c9-7bba37fe0983;293;Réception (B.L. : 1800331252);1800331252;;FOURNISSEUR CENTRALE;;Pas de commande associée;O;14/03/2026 00:00;;14/03/2026 17:12;0.000
1a483869-0221-4cc8-b53f-f28c5363dddf;291;Réception (B.L. : 1800334056);1800334056;;FOURNISSEUR CENTRALE;;Pas de commande associée;O;25/03/2026 00:00;;26/03/2026 12:20;700.000
1a573d1b-b5b6-4d22-9b7d-136391649962;291;Réception (B.L. : 1800334880);1800334880;;FOURNISSEUR CENTRALE;;Pas de commande associée;O;29/03/2026 00:00;;30/03/2026 12:35;0.000
1a6f704a-c051-4984-85ae-bde60f1a067a;291;Réception (B.L. : 1100215667);1100215667;;FOURNISSEUR CENTRALE;;Pas de commande associée;O;04/04/2026 00:00;;04/04/2026 12:11;0.000
1a77086d-d342-4b92-b23a-99bf714c3edf;292;Réception (B.L. : 1800330712);1800330712;;FOURNISSEUR CENTRALE;;Pas de commande associée;O;12/03/2026 00:00;;13/03/2026 12:25;988.000
1a78b880-7ae7-40a7-805c-977276f9ce8a;291;Réception (B.L. : 1800335335);1800335335;;FOURNISSEUR CENTRALE;;Pas de commande associée;O;31/03/2026 00:00;;31/03/2026 17:13;0.000
1a85ee29-b3bf-4275-9501-77b609760a2a;293;Réception (B.L. : 1800335924);1800335924;;FOURNISSEUR CENTRALE;;Pas de commande associée;O;02/04/2026 00:00;;02/04/2026 17:18;0.000
1ab7aab7-f4f2-4542-97cd-643df7f512dc;291;Réception (B.L. : 1700231356);1700231356;;FOURNISSEUR CENTRALE;;Pas de commande associée;O;09/03/2026 00:00;;09/03/2026 12:27;0.000
1ada3a68-7dd6-4017-8fc3-90abbb6849a4;080;Réception (B.L. : 1800331748);1800331748;;FOURNISSEUR CENTRALE;;Pas de commande associée;O;17/03/2026 00:00;;17/03/2026 17:06;9.000
1ae7c6e1-f38b-453a-bb2e-8ad3a60bae4d;293;Réception (B.L. : 1700236054);1700236054;;FOURNISSEUR CENTRALE;;Pas de commande associée;O;01/04/2026 00:00;;01/04/2026 17:13;0.000
1afa6229-a138-4910-b555-6e38ed5d8f68;080;Réception (B.L. : 1800330456);1800330456;;FOURNISSEUR CENTRALE;;Pas de commande associée;O;11/03/2026 00:00;;12/03/2026 12:10;33.700
1b372475-4c20-4aa4-aa81-089f9b7ef745;292;Réception (B.L. : 1800335219);1800335219;;FOURNISSEUR CENTRALE;;Pas de commande associée;O;31/03/2026 00:00;;31/03/2026 17:12;7.000
1b37da9b-2648-456d-9104-65082ded591b;293;Réception (B.L. : 1800329878);1800329878;;FOURNISSEUR CENTRALE;;Pas de commande associée;O;10/03/2026 00:00;;10/03/2026 12:10;0.000
1b38772d-a5b0-40d7-8a2d-82d9a2045015;291;Réception (B.L. : 1100214023);1100214023;;FOURNISSEUR CENTRALE;;Pas de commande associée;O;25/03/2026 00:00;;25/03/2026 12:24;0.000
1b744fab-6e02-478f-ab34-73e920dbccb4;292;Réception (B.L. : 1800332339);1800332339;;FOURNISSEUR CENTRALE;;Pas de commande associée;O;18/03/2026 00:00;;19/03/2026 12:14;70.000
1b9ae52f-1a7c-4f38-9c0b-873697b6a12a;291;Réception (B.L. : 1100211454);1100211454;;FOURNISSEUR CENTRALE;;Pas de commande associée;O;11/03/2026 00:00;;11/03/2026 12:16;0.000
1ba1e14b-31ef-4f2e-ac63-0665cb4eab8a;080;Réception (B.L. : 1800333983);1800333983;;FOURNISSEUR CENTRALE;;Pas de commande associée;O;25/03/2026 00:00;;26/03/2026 12:18;32.600
1ba7f216-9c28-472c-a6e8-e09ef9ac295e;293;Réception (B.L. : 1700236753);1700236753;;FOURNISSEUR CENTRALE;;Pas de commande associée;O;04/04/2026 00:00;;04/04/2026 12:12;0.000
1bcd3e2b-9f2b-484d-9d96-0370aec55e13;293;Réception (B.L. : 1800336649);1800336649;;FOURNISSEUR CENTRALE;;Pas de commande associée;O;06/04/2026 00:00;;06/04/2026 12:24;0.000
1bcf05e9-f1ff-40c6-ad35-2bcaf918e519;293;Réception (B.L. : 1800329179);1800329179;;FOURNISSEUR CENTRALE;;Pas de commande associée;O;06/03/2026 00:00;;06/03/2026 17:15;0.000
1bd48742-8959-4ff5-bbd3-d7586327e936;080;Réception (B.L. : 1100213137);1100213137;;FOURNISSEUR CENTRALE;;Pas de commande associée;O;21/03/2026 00:00;;21/03/2026 12:03;150.000
1bda579f-0d85-4c87-86dd-c794fa02c3b6;293;Réception (B.L. : 1800335486);1800335486;;FOURNISSEUR CENTRALE;;Pas de commande associée;O;31/03/2026 00:00;;01/04/2026 12:25;0.000
1c141b33-faf6-4300-b08c-e6b1272156fe;292;Réception (B.L. : 1800335631);1800335631;;FOURNISSEUR CENTRALE;;Pas de commande associée;O;01/04/2026 00:00;;01/04/2026 17:20;13.129
1c1e3c9b-3cc1-46bb-ba6f-4a037ae8b944;292;Réception (B.L. : 1700236061);1700236061;;FOURNISSEUR CENTRALE;;Pas de commande associée;O;01/04/2026 00:00;;01/04/2026 17:11;8.000
1c232de3-7ac0-4668-80ec-3db4e2df41cc;293;Réception (B.L. : 1800327756);1800327756;;FOURNISSEUR CENTRALE;;Pas de commande associée;O;02/03/2026 00:00;;02/03/2026 12:31;0.000
1c313c79-8946-4d4e-9954-fd28a1f31e7a;293;Réception (B.L. : 1800329105);1800329105;;FOURNISSEUR CENTRALE;;Pas de commande associée;O;06/03/2026 00:00;;06/03/2026 17:13;0.000
1c6bc64c-364a-4203-a796-007130757372;293;Réception (B.L. : 1800336397);1800336397;;FOURNISSEUR CENTRALE;;Pas de commande associée;O;03/04/2026 00:00;;04/04/2026 01:41;0.000
1c6d7e3b-63c0-42d9-911e-d2232490b2d3;080;Réception (B.L. : 1800334365);1800334365;;FOURNISSEUR CENTRALE;;Pas de commande associée;O;26/03/2026 00:00;;27/03/2026 12:33;20.000
1c75d6d4-43e2-4051-8994-189eaea9ab33;292;Réception (B.L. : 1700235162);1700235162;;FOURNISSEUR CENTRALE;;Pas de commande associée;O;27/03/2026 00:00;;27/03/2026 12:14;2.000
1c77b515-0928-48d1-b8ff-669e4a7e056b;080;Réception (B.L. : 1800334857);1800334857;;FOURNISSEUR CENTRALE;;Pas de commande associée;O;29/03/2026 00:00;;30/03/2026 12:26;218.000
1cfdcab6-f294-42e7-b1d5-8e3e84057ed5;293;Réception (B.L. : 1700230285);1700230285;;FOURNISSEUR CENTRALE;;Pas de commande associée;O;04/03/2026 00:00;;04/03/2026 12:19;0.000
1d249b86-6c35-4805-a316-298e6b052f76;080;Réception (B.L. : 1800334096);1800334096;;FOURNISSEUR CENTRALE;;Pas de commande associée;O;26/03/2026 00:00;;26/03/2026 12:24;10.000
1d30bca3-a4f6-47cd-ae4f-c59d41b654a9;293;Réception (B.L. : 1100212559);1100212559;;FOURNISSEUR CENTRALE;;Pas de commande associée;O;18/03/2026 00:00;;18/03/2026 12:11;0.000
1d343912-f460-49d2-a2f2-d8157def883a;080;Réception (B.L. : 1700232772);1700232772;;FOURNISSEUR CENTRALE;;Pas de commande associée;O;16/03/2026 00:00;;16/03/2026 12:27;6.000
1d3dc886-1cce-4053-a872-121f01d9189f;080;Réception (B.L. : 1800335854);1800335854;;FOURNISSEUR CENTRALE;;Pas de commande associée;O;02/04/2026 00:00;;02/04/2026 17:12;72.000
1d4786d0-345d-494e-9d95-e7730d5a6417;292;Réception (B.L. : 1800335140);1800335140;;FOURNISSEUR CENTRALE;;Pas de commande associée;O;30/03/2026 00:00;;31/03/2026 12:16;881.485
1d85c1a3-754e-48b0-8a75-a6228f9e1744;080;Réception (B.L. : 1100215689);1100215689;;FOURNISSEUR CENTRALE;;Pas de commande associée;O;04/04/2026 00:00;;04/04/2026 17:10;234.000
1d9293d4-6fb6-4755-a913-6c71336f27d2;292;Réception (B.L. : 1800332661);1800332661;;FOURNISSEUR CENTRALE;;Pas de commande associée;O;19/03/2026 00:00;;20/03/2026 12:14;682.500
1daab544-0f47-497d-8e26-41ec1aa8d43c;080;Réception (B.L. : 1100212579);1100212579;;FOURNISSEUR CENTRALE;;Pas de commande associée;O;18/03/2026 00:00;;18/03/2026 12:13;13.000
1daf1554-01d2-491b-babe-130db103bf62;292;Réception (B.L. : 1100213124);1100213124;;FOURNISSEUR CENTRALE;;Pas de commande associée;O;21/03/2026 00:00;;21/03/2026 12:12;122.000
1db33dbc-1ee0-4eb5-9261-bd585b0411da;291;Réception (B.L. : 1800333567);1800333567;;FOURNISSEUR CENTRALE;;Pas de commande associée;O;24/03/2026 00:00;;24/03/2026 17:18;0.000
1dd3147f-7e73-47cf-9c1e-815f08efdde3;080;Réception (B.L. : 1800328281);1800328281;;FOURNISSEUR CENTRALE;;Pas de commande associée;O;03/03/2026 00:00;;04/03/2026 12:23;382.000
1ddb4555-9d6e-4a45-ad83-6cbc66580231;080;Réception (B.L. : 1800327698);1800327698;;FOURNISSEUR CENTRALE;;Pas de commande associée;O;01/03/2026 00:00;;02/03/2026 12:24;535.900
1de0201f-6e74-4dcd-9d6d-0a315fe5f0c5;291;Réception (B.L. : 1200107919);1200107919;;FOURNISSEUR CENTRALE;;Pas de commande associée;O;03/04/2026 00:00;;03/04/2026 12:11;0.000
1de8c707-19e8-4501-bfbc-c96aa8571be9;291;Réception (B.L. : 1800335827);1800335827;;FOURNISSEUR CENTRALE;;Pas de commande associée;O;02/04/2026 00:00;;02/04/2026 12:29;0.000
1e00997f-8dc3-47c1-afbb-3c311bb15bae;292;Réception (B.L. : 1800329294);1800329294;;FOURNISSEUR CENTRALE;;Pas de commande associée;O;07/03/2026 00:00;;07/03/2026 12:15;11.000
1e05c5b6-af6f-4c16-9fd7-af320e63e035;292;Réception (B.L. : 1800329579);1800329579;;FOURNISSEUR CENTRALE;;Pas de commande associée;O;09/03/2026 00:00;;09/03/2026 12:20;14.000
1e066dbb-e0c9-4653-b4cb-4b1e2c5f4eb4;291;Réception (B.L. : 1800328120);1800328120;;FOURNISSEUR CENTRALE;;Pas de commande associée;O;03/03/2026 00:00;;03/03/2026 17:03;0.000
1e3d3803-a11b-4951-840c-dfd68f85f1ac;292;Réception (B.L. : 1700234657);1700234657;;FOURNISSEUR CENTRALE;;Pas de commande associée;O;25/03/2026 00:00;;25/03/2026 12:23;3387.000
1e3eb822-3ba4-415c-b70e-f68a89b36706;292;Réception (B.L. : 1800333579);1800333579;;FOURNISSEUR CENTRALE;;Pas de commande associée;O;24/03/2026 00:00;;24/03/2026 17:21;3.000
1e54bacf-3378-43b9-bd86-03802ba273f6;293;Réception (B.L. : 1100212168);1100212168;;FOURNISSEUR CENTRALE;;Pas de commande associée;O;16/03/2026 00:00;;16/03/2026 12:15;0.000
1e75349c-ba69-4c55-9bdd-fdd5bd41dc24;292;Réception (B.L. : 1800335496);1800335496;;FOURNISSEUR CENTRALE;;Pas de commande associée;O;31/03/2026 00:00;;01/04/2026 12:19;344.900
1e8ea671-d848-4154-8527-b8616e22ee6e;293;Réception (B.L. : 1700236617);1700236617;;FOURNISSEUR CENTRALE;;Pas de commande associée;O;03/04/2026 00:00;;03/04/2026 17:17;0.000
1e929656-37bc-4e53-88b2-2efc2cda7b42;291;Réception (B.L. : 1800330731);1800330731;;FOURNISSEUR CENTRALE;;Pas de commande associée;O;12/03/2026 00:00;;13/03/2026 12:33;0.000
1e9699ac-0da3-4ea0-a8a4-17607c85c8b9;293;Réception (B.L. : 1800329427);1800329427;;FOURNISSEUR CENTRALE;;Pas de commande associée;O;09/03/2026 00:00;;09/03/2026 12:29;0.000
1ebf57f2-86c5-455e-a70c-8008324ce1be;292;Réception (B.L. : 1800333999);1800333999;;FOURNISSEUR CENTRALE;;Pas de commande associée;O;25/03/2026 00:00;;26/03/2026 12:21;484.200
1ec21ca6-90e0-4646-b67d-abcc4ffe763f;293;Réception (B.L. : 1700237127);1700237127;;FOURNISSEUR CENTRALE;;Pas de commande associée;O;07/04/2026 00:00;;07/04/2026 12:16;0.000
1ee387ed-2431-452b-83bb-b3bea3c1b4d2;291;Réception (B.L. : 1100212547);1100212547;;FOURNISSEUR CENTRALE;;Pas de commande associée;O;18/03/2026 00:00;;18/03/2026 12:14;0.000
1ef05622-3729-47f2-9be0-a0ee0bbeacbe;080;Réception (B.L. : 1800334094);1800334094;;FOURNISSEUR CENTRALE;;Pas de commande associée;O;26/03/2026 00:00;;26/03/2026 12:22;72.000
1f5875c0-fc58-4f6b-8557-2ec0c4539c3f;293;Réception (B.L. : 1100210312);1100210312;;FOURNISSEUR CENTRALE;;Pas de commande associée;O;03/03/2026 00:00;;03/03/2026 17:01;0.000
1f5cef18-64fe-4a23-9a32-a34a4f418f15;293;Réception (B.L. : 1700236611);1700236611;;FOURNISSEUR CENTRALE;;Pas de commande associée;O;03/04/2026 00:00;;03/04/2026 17:11;0.000
1f668a27-b74c-4c9d-b403-9999d58aaa0c;292;Réception (B.L. : 1100215833);1100215833;;FOURNISSEUR CENTRALE;;Pas de commande associée;O;06/04/2026 00:00;;06/04/2026 12:11;1462.000
1f67563d-ea82-4630-9a45-59ecee13d53d;291;Réception (B.L. : 1100211455);1100211455;;FOURNISSEUR CENTRALE;;Pas de commande associée;O;11/03/2026 00:00;;11/03/2026 12:17;0.000
1f7b0b56-1749-4ed7-9154-d6e6fcd4372f;080;Réception (B.L. : 1700230954);1700230954;;FOURNISSEUR CENTRALE;;Pas de commande associée;O;06/03/2026 00:00;;06/03/2026 17:03;1191.000
2005c03a-ce12-4230-a677-8e7983c91d5e;293;Réception (B.L. : 1800332299);1800332299;;FOURNISSEUR CENTRALE;;Pas de commande associée;O;18/03/2026 00:00;;19/03/2026 12:24;0.000
200d0b00-5190-4ff4-84f0-ce8b7bf8db79;291;Réception (B.L. : 1100211614);1100211614;;FOURNISSEUR CENTRALE;;Pas de commande associée;O;12/03/2026 00:00;;12/03/2026 12:02;0.000
20178a11-5445-4b07-a467-3ce239c2aae9;292;Réception (B.L. : 1800331774);1800331774;;FOURNISSEUR CENTRALE;;Pas de commande associée;O;17/03/2026 00:00;;17/03/2026 17:03;9.000
2039dc8d-27ac-4a26-aad4-f3d02e792536;080;Réception (B.L. : 1800329383);1800329383;;FOURNISSEUR CENTRALE;;Pas de commande associée;O;09/03/2026 00:00;;09/03/2026 12:21;352.600
207e29dd-988f-4781-aa91-797d75e34b4b;080;Réception (B.L. : 1800333095);1800333095;;FOURNISSEUR CENTRALE;;Pas de commande associée;O;22/03/2026 00:00;;23/03/2026 12:28;676.600
20aa99b2-bed2-4282-bb3f-0ff07fe99d79;291;Réception (B.L. : 1800329767);1800329767;;FOURNISSEUR CENTRALE;;Pas de commande associée;O;09/03/2026 00:00;;10/03/2026 12:12;0.000
20cedc64-e142-47db-b7c6-32ff145633dc;291;Réception (B.L. : 1100214609);1100214609;;FOURNISSEUR CENTRALE;;Pas de commande associée;O;30/03/2026 00:00;;30/03/2026 12:17;0.000
21024797-d3e2-4085-a43b-96747449fef9;293;Réception (B.L. : 1800334347);1800334347;;FOURNISSEUR CENTRALE;;Pas de commande associée;O;26/03/2026 00:00;;27/03/2026 12:32;0.000
212145b2-e1b7-4f90-8bfd-45fc7de69eed;291;Réception (B.L. : 1700229796);1700229796;;FOURNISSEUR CENTRALE;;Pas de commande associée;O;02/03/2026 00:00;;02/03/2026 12:22;0.000
21235108-8296-4df2-bb6f-b4bbf1b48083;292;Réception (B.L. : 1800332976);1800332976;;FOURNISSEUR CENTRALE;;Pas de commande associée;O;20/03/2026 00:00;;20/03/2026 17:01;53.000
2133a5cb-4517-4c33-ba53-f02412efd917;080;Réception (B.L. : 1800336810);1800336810;;FOURNISSEUR CENTRALE;;Pas de commande associée;O;06/04/2026 00:00;;06/04/2026 12:28;7.000
2146a966-e685-416f-b403-aabeab879407;291;Réception (B.L. : 1800328340);1800328340;;FOURNISSEUR CENTRALE;;Pas de commande associée;O;03/03/2026 00:00;;04/03/2026 12:37;0.000
215062f1-dda9-4672-9a35-3e3c09e827f6;293;Réception (B.L. : 1800331101);1800331101;;FOURNISSEUR CENTRALE;;Pas de commande associée;O;13/03/2026 00:00;;13/03/2026 23:37;0.000
2171f6ea-7f92-4f12-a397-d8291e7d6e48;291;Réception (B.L. : 1800328008);1800328008;;FOURNISSEUR CENTRALE;;Pas de commande associée;O;02/03/2026 00:00;;03/03/2026 12:05;0.000
21a0ea41-c80f-485d-94b7-8219b9601a3d;293;Réception (B.L. : 1800330516);1800330516;;FOURNISSEUR CENTRALE;;Pas de commande associée;O;12/03/2026 00:00;;12/03/2026 12:13;0.000
21a8d69a-88e0-4aab-b768-becb29c200ed;293;Réception (B.L. : 1800333586);1800333586;;FOURNISSEUR CENTRALE;;Pas de commande associée;O;24/03/2026 00:00;;24/03/2026 17:19;0.000
21b0c865-41ce-4007-8eba-6f7abb8689b7;293;Réception (B.L. : 1700233602);1700233602;;FOURNISSEUR CENTRALE;;Pas de commande associée;O;19/03/2026 00:00;;19/03/2026 23:37;0.000
21ba34bd-75c1-4d70-999e-3c25feb3c6f9;291;Réception (B.L. : 1700236635);1700236635;;FOURNISSEUR CENTRALE;;Pas de commande associée;O;03/04/2026 00:00;;03/04/2026 17:13;0.000
21bb3f71-2593-45c5-8998-82ed878e7228;292;Réception (B.L. : 1100210819);1100210819;;FOURNISSEUR CENTRALE;;Pas de commande associée;O;06/03/2026 00:00;;06/03/2026 12:13;162.000
21c5c5f4-2549-425f-b7eb-265e7fe67164;080;Réception (B.L. : 1800329288);1800329288;;FOURNISSEUR CENTRALE;;Pas de commande associée;O;07/03/2026 00:00;;07/03/2026 12:15;31.000
21d67c8f-b613-425c-af5b-1f1dda228643;080;Réception (B.L. : 1800330692);1800330692;;FOURNISSEUR CENTRALE;;Pas de commande associée;O;12/03/2026 00:00;;13/03/2026 12:13;363.360
21d84255-7042-4703-9256-b49522df5d05;292;Réception (B.L. : 1100211695);1100211695;;FOURNISSEUR CENTRALE;;Pas de commande associée;O;12/03/2026 00:00;;12/03/2026 17:12;30.000
21f34b58-9a1e-4db3-8d9c-42084f9a5c88;291;Réception (B.L. : 1700231857);1700231857;;FOURNISSEUR CENTRALE;;Pas de commande associée;O;11/03/2026 00:00;;11/03/2026 12:22;0.000
221d7a0c-a5cb-41c5-8126-f20ce889a28b;291;Réception (B.L. : 1100214916);1100214916;;FOURNISSEUR CENTRALE;;Pas de commande associée;O;01/04/2026 00:00;;01/04/2026 12:18;0.000
224784d9-185f-4f07-b15f-4ef099b4f941;292;Réception (B.L. : 1800335008);1800335008;;FOURNISSEUR CENTRALE;;Pas de commande associée;O;30/03/2026 00:00;;30/03/2026 17:12;18.000
2255e47e-a7c3-4d5d-a632-cb86fafbd469;292;Réception (B.L. : 1700230949);1700230949;;FOURNISSEUR CENTRALE;;Pas de commande associée;O;06/03/2026 00:00;;06/03/2026 17:13;1976.000
22575d30-1f99-47e0-ba54-ae9f6510dd76;291;Réception (B.L. : 1800332268);1800332268;;FOURNISSEUR CENTRALE;;Pas de commande associée;O;18/03/2026 00:00;;19/03/2026 12:23;0.000
225925eb-2105-4f86-80e1-fd2220468ebb;293;Réception (B.L. : 1800335100);1800335100;;FOURNISSEUR CENTRALE;;Pas de commande associée;O;30/03/2026 00:00;;31/03/2026 12:14;0.000
225df785-911c-4cb5-95ad-6be34d1004a7;080;Réception (B.L. : 1800333468);1800333468;;FOURNISSEUR CENTRALE;;Pas de commande associée;O;24/03/2026 00:00;;24/03/2026 17:13;17.000
2266d4ca-0dd0-4808-ac5b-4f35666703a8;293;Réception (B.L. : 1800335395);1800335395;;FOURNISSEUR CENTRALE;;Pas de commande associée;O;31/03/2026 00:00;;31/03/2026 17:20;0.000
2274db19-18df-4c0c-9451-648d7e5eaa58;293;Réception (B.L. : 1800333195);1800333195;;FOURNISSEUR CENTRALE;;Pas de commande associée;O;23/03/2026 00:00;;23/03/2026 12:37;0.000
2286039a-6705-4647-b04a-e7ed05f42b0a;080;Réception (B.L. : 1800332992);1800332992;;FOURNISSEUR CENTRALE;;Pas de commande associée;O;21/03/2026 00:00;;21/03/2026 12:08;12.000
22c6ea49-b4b8-4147-80fb-29f9d7cfc145;080;Réception (B.L. : 1700233543);1700233543;;FOURNISSEUR CENTRALE;;Pas de commande associée;O;19/03/2026 00:00;;19/03/2026 23:38;48.000
22cd4e32-311b-492b-bf74-758be4bc6bfe;080;Réception (B.L. : 1800330075);1800330075;;FOURNISSEUR CENTRALE;;Pas de commande associée;O;11/03/2026 00:00;;11/03/2026 12:23;84.000
2309c24a-6ee0-40cf-b745-e84c6b4fc5a5;292;Réception (B.L. : 1800335141);1800335141;;FOURNISSEUR CENTRALE;;Pas de commande associée;O;30/03/2026 00:00;;31/03/2026 12:17;9.000
232ba75f-9d11-41c3-a0bb-0fb60c934def;291;Réception (B.L. : 1100214107);1100214107;;FOURNISSEUR CENTRALE;;Pas de commande associée;O;26/03/2026 00:00;;26/03/2026 12:11;0.000
235539f3-745d-4f35-b811-2bb0ad15072d;080;Réception (B.L. : 1700233271);1700233271;;FOURNISSEUR CENTRALE;;Pas de commande associée;O;18/03/2026 00:00;;18/03/2026 17:07;36.000
2380c259-62b8-4a86-b5f9-6a6c5deb6acb;292;Réception (B.L. : 1100212825);1100212825;;FOURNISSEUR CENTRALE;;Pas de commande associée;O;19/03/2026 00:00;;19/03/2026 17:13;18.000
23814d28-9cd2-4a07-b66b-3463de0b2346;080;Réception (B.L. : 1800331120);1800331120;;FOURNISSEUR CENTRALE;;Pas de commande associée;O;13/03/2026 00:00;;13/03/2026 23:30;1972.000
23ca1453-2825-4f9b-8db7-11e0f08211fb;291;Réception (B.L. : 1800337206);1800337206;;FOURNISSEUR CENTRALE;;Pas de commande associée;O;07/04/2026 00:00;;08/04/2026 12:30;0.000
240cce4e-6b94-46c5-89d7-5ac022cef227;291;Réception (B.L. : 1100210375);1100210375;;FOURNISSEUR CENTRALE;;Pas de commande associée;O;04/03/2026 00:00;;04/03/2026 12:11;0.000
24330b4a-0d85-4bec-a312-1ceb2c5077cd;293;Réception (B.L. : 1800336935);1800336935;;FOURNISSEUR CENTRALE;;Pas de commande associée;O;06/04/2026 00:00;;07/04/2026 12:25;0.000
244af4e9-50c7-4245-a3a7-6978c5487274;293;Réception (B.L. : 1800337180);1800337180;;FOURNISSEUR CENTRALE;;Pas de commande associée;O;07/04/2026 00:00;;08/04/2026 12:29;0.000
246d72c6-9222-43db-b597-bc31bc7daf7b;293;Réception (B.L. : 1800335102);1800335102;;FOURNISSEUR CENTRALE;;Pas de commande associée;O;30/03/2026 00:00;;31/03/2026 12:16;0.000
24735662-79bc-4425-992d-3ae3a57e1bd0;291;Réception (B.L. : 1200106828);1200106828;;FOURNISSEUR CENTRALE;;Pas de commande associée;O;19/03/2026 00:00;;19/03/2026 17:12;0.000
2485ee7d-87df-480e-b203-46b57713b1b3;080;Réception (B.L. : 1800332606);1800332606;;FOURNISSEUR CENTRALE;;Pas de commande associée;O;19/03/2026 00:00;;20/03/2026 12:21;246.000
249cfab5-4ac2-43e9-a162-6ae59b1f667b;291;Réception (B.L. : 1800334685);1800334685;;FOURNISSEUR CENTRALE;;Pas de commande associée;O;27/03/2026 00:00;;27/03/2026 23:40;0.000
24b16f0f-f92a-449a-a9ba-085b064824da;080;Réception (B.L. : 1800334367);1800334367;;FOURNISSEUR CENTRALE;;Pas de commande associée;O;26/03/2026 00:00;;27/03/2026 12:35;4.000
24bdaf93-453d-442a-8f34-fa4ee16e9af1;293;Réception (B.L. : 1700234110);1700234110;;FOURNISSEUR CENTRALE;;Pas de commande associée;O;23/03/2026 00:00;;23/03/2026 12:24;0.000
24d2012a-2876-4bc5-b783-4046a017bc65;291;Réception (B.L. : 1100215152);1100215152;;FOURNISSEUR CENTRALE;;Pas de commande associée;O;02/04/2026 00:00;;02/04/2026 12:12;0.000
24ee11d9-e6ef-4128-a0bd-0990b1bfe363;292;Réception (B.L. : 1800331837);1800331837;;FOURNISSEUR CENTRALE;;Pas de commande associée;O;17/03/2026 00:00;;17/03/2026 17:08;132.000
250015cb-7c3d-49e3-a43b-39dee9cad94d;080;Réception (B.L. : 1800333397);1800333397;;FOURNISSEUR CENTRALE;;Pas de commande associée;O;24/03/2026 00:00;;24/03/2026 12:12;10.000
250398d8-59a5-4100-b7b0-6fd923f17d46;293;Réception (B.L. : 1800335833);1800335833;;FOURNISSEUR CENTRALE;;Pas de commande associée;O;02/04/2026 00:00;;02/04/2026 12:23;0.000
251316b4-259d-4d22-b636-0c676aa587a7;080;Réception (B.L. : 1800328276);1800328276;;FOURNISSEUR CENTRALE;;Pas de commande associée;O;03/03/2026 00:00;;04/03/2026 12:18;146.000
253a6716-88a0-425f-b4b4-c64276ba2d4c;291;Réception (B.L. : 1800335917);1800335917;;FOURNISSEUR CENTRALE;;Pas de commande associée;O;02/04/2026 00:00;;02/04/2026 17:13;0.000
253c009d-4902-4a56-8862-80682f0f5551;291;Réception (B.L. : 1700229797);1700229797;;FOURNISSEUR CENTRALE;;Pas de commande associée;O;02/03/2026 00:00;;02/03/2026 12:23;0.000
253e9484-2400-481d-a48c-934f5f45e5ff;291;Réception (B.L. : 1800327772);1800327772;;FOURNISSEUR CENTRALE;;Pas de commande associée;O;02/03/2026 00:00;;02/03/2026 12:29;0.000
25790226-86e8-4cff-88e9-062528ce332c;292;Réception (B.L. : 1800336256);1800336256;;FOURNISSEUR CENTRALE;;Pas de commande associée;O;03/04/2026 00:00;;03/04/2026 12:19;90.000
25a91f1c-1f37-4172-8321-abe675951266;293;Réception (B.L. : 1800337184);1800337184;;FOURNISSEUR CENTRALE;;Pas de commande associée;O;07/04/2026 00:00;;08/04/2026 12:33;0.000
25bca0a9-b3a8-478b-ade4-ec433f9f14ba;293;Réception (B.L. : 1800336650);1800336650;;FOURNISSEUR CENTRALE;;Pas de commande associée;O;06/04/2026 00:00;;06/04/2026 12:25;0.000
25c71f22-64df-407e-a220-bf534d8244b2;293;Réception (B.L. : 1100212033);1100212033;;FOURNISSEUR CENTRALE;;Pas de commande associée;O;14/03/2026 00:00;;14/03/2026 12:10;0.000
25d5659d-259a-4a53-8024-a82472ed8b9f;292;Réception (B.L. : 1800336444);1800336444;;FOURNISSEUR CENTRALE;;Pas de commande associée;O;03/04/2026 00:00;;04/04/2026 01:38;186.000
25d581a8-1cfc-4a88-b7ec-ff4d85c41e74;080;Réception (B.L. : 1700234144);1700234144;;FOURNISSEUR CENTRALE;;Pas de commande associée;O;23/03/2026 00:00;;23/03/2026 12:15;583.000
25dcd06b-f8d1-4a7a-a403-ca1363f08b88;293;Réception (B.L. : 1800331102);1800331102;;FOURNISSEUR CENTRALE;;Pas de commande associée;O;13/03/2026 00:00;;13/03/2026 23:38;0.000
260b819e-4a14-4fa4-84ef-e98a856e8cb2;293;Réception (B.L. : 1800335103);1800335103;;FOURNISSEUR CENTRALE;;Pas de commande associée;O;30/03/2026 00:00;;31/03/2026 12:17;0.000
261cff26-6c76-49ce-90a0-19374e768d67;291;Réception (B.L. : 1800335340);1800335340;;FOURNISSEUR CENTRALE;;Pas de commande associée;O;31/03/2026 00:00;;31/03/2026 17:18;0.000
262fc996-b47d-43b2-8df3-b515aa1fa49a;293;Réception (B.L. : 1700230462);1700230462;;FOURNISSEUR CENTRALE;;Pas de commande associée;O;04/03/2026 00:00;;04/03/2026 23:23;0.000
26440a2c-dd84-4639-9781-05fc9cf90a74;292;Réception (B.L. : 1100214456);1100214456;;FOURNISSEUR CENTRALE;;Pas de commande associée;O;27/03/2026 00:00;;27/03/2026 17:13;160.000
264c90de-132c-4756-9394-cec81ba0e6cc;291;Réception (B.L. : 1700234673);1700234673;;FOURNISSEUR CENTRALE;;Pas de commande associée;O;25/03/2026 00:00;;25/03/2026 12:33;0.000
2666a9ad-cf44-42ac-81b8-9c42f27ba407;291;Réception (B.L. : 1700237117);1700237117;;FOURNISSEUR CENTRALE;;Pas de commande associée;O;07/04/2026 00:00;;07/04/2026 12:16;0.000
266b847a-f413-4d7a-8424-b3543a9c6038;292;Réception (B.L. : 1800331149);1800331149;;FOURNISSEUR CENTRALE;;Pas de commande associée;O;14/03/2026 00:00;;14/03/2026 12:14;10.000
26809baa-0ccd-4d23-9aaa-52f1c65b7b0a;292;Réception (B.L. : 1200107568);1200107568;;FOURNISSEUR CENTRALE;;Pas de commande associée;O;30/03/2026 00:00;;30/03/2026 12:11;215.000
2690a4ef-9bab-46ba-82e1-bceb137cdccb;291;Réception (B.L. : 1800329227);1800329227;;FOURNISSEUR CENTRALE;;Pas de commande associée;O;06/03/2026 00:00;;06/03/2026 17:14;0.000
26914c43-b6ed-4030-8c51-48433eb64b37;291;Réception (B.L. : 1800334133);1800334133;;FOURNISSEUR CENTRALE;;Pas de commande associée;O;26/03/2026 00:00;;26/03/2026 12:29;0.000
26944ef9-bacc-4466-87fc-c52130296366;080;Réception (B.L. : 1700235778);1700235778;;FOURNISSEUR CENTRALE;;Pas de commande associée;O;31/03/2026 00:00;;31/03/2026 12:11;4.000
26b63731-8636-42b2-89b6-535d4f030622;292;Réception (B.L. : 1800333386);1800333386;;FOURNISSEUR CENTRALE;;Pas de commande associée;O;24/03/2026 00:00;;24/03/2026 12:12;225.000
26f664ae-9be3-47f2-93ee-2bbb2ff00727;291;Réception (B.L. : 1800336536);1800336536;;FOURNISSEUR CENTRALE;;Pas de commande associée;O;04/04/2026 00:00;;04/04/2026 12:19;0.000
27375f2b-9d71-4958-a65f-cfb917fdf2ff;080;Réception (B.L. : 1100214356);1100214356;;FOURNISSEUR CENTRALE;;Pas de commande associée;O;27/03/2026 00:00;;27/03/2026 12:14;240.000
274aa91a-6217-4af0-b8db-0a67206f1e30;292;Réception (B.L. : 1100215025);1100215025;;FOURNISSEUR CENTRALE;;Pas de commande associée;O;01/04/2026 00:00;;01/04/2026 12:11;2831.000
274f295d-5d2e-429d-a2f1-219eb5ee0ce7;291;Réception (B.L. : 1100211166);1100211166;;FOURNISSEUR CENTRALE;;Pas de commande associée;O;09/03/2026 00:00;;09/03/2026 12:17;0.000
27615463-6353-4721-9dca-f34636e73e8a;293;Réception (B.L. : 1100213125);1100213125;;FOURNISSEUR CENTRALE;;Pas de commande associée;O;21/03/2026 00:00;;21/03/2026 12:10;0.000
2782a3d7-b108-45b8-903f-78072c92dff3;292;Réception (B.L. : 1800335830);1800335830;;FOURNISSEUR CENTRALE;;Pas de commande associée;O;02/04/2026 00:00;;02/04/2026 12:23;2.000
279b8bdc-6ca5-43a7-a795-02935282fe8e;291;Réception (B.L. : 1100216211);1100216211;;FOURNISSEUR CENTRALE;;Pas de commande associée;O;08/04/2026 00:00;;08/04/2026 12:17;0.000
27e6ba26-4330-4a56-b83d-e40d729687fb;080;Réception (B.L. : 1700230953);1700230953;;FOURNISSEUR CENTRALE;;Pas de commande associée;O;06/03/2026 00:00;;06/03/2026 17:02;912.000
27ea3414-00cd-48ba-815f-7077ca71a426;293;Réception (B.L. : 1700232719);1700232719;;FOURNISSEUR CENTRALE;;Pas de commande associée;O;16/03/2026 00:00;;16/03/2026 12:27;0.000
27f76fd9-9c73-4783-8ab1-04f50506cd65;293;Réception (B.L. : 1800335751);1800335751;;FOURNISSEUR CENTRALE;;Pas de commande associée;O;02/04/2026 00:00;;02/04/2026 12:19;0.000
27fd9745-6477-4381-9f7e-510fea4266ad;292;Réception (B.L. : 1800333129);1800333129;;FOURNISSEUR CENTRALE;;Pas de commande associée;O;23/03/2026 00:00;;23/03/2026 12:26;71.000
28629bbb-9e61-4488-80bb-ee3d8169dd1c;291;Réception (B.L. : 1800334383);1800334383;;FOURNISSEUR CENTRALE;;Pas de commande associée;O;26/03/2026 00:00;;27/03/2026 12:25;0.000
28638a5b-8106-404d-a491-4a432892daba;292;Réception (B.L. : 1800335723);1800335723;;FOURNISSEUR CENTRALE;;Pas de commande associée;O;02/04/2026 00:00;;02/04/2026 12:20;383.500
286c0bc2-d27b-4b60-b4f5-031f4710d988;291;Réception (B.L. : 1800331605);1800331605;;FOURNISSEUR CENTRALE;;Pas de commande associée;O;16/03/2026 00:00;;17/03/2026 12:06;0.000
28793af3-d018-45d8-9f6c-700bb743b74a;292;Réception (B.L. : 1100211899);1100211899;;FOURNISSEUR CENTRALE;;Pas de commande associée;O;13/03/2026 00:00;;13/03/2026 12:13;246.000
28b51d22-bb3a-4c5f-aa91-0737195fc0e6;080;Réception (B.L. : 1800331122);1800331122;;FOURNISSEUR CENTRALE;;Pas de commande associée;O;13/03/2026 00:00;;13/03/2026 23:32;800.000
28bf368b-b9d8-4d6f-80d1-393afec1a838;291;Réception (B.L. : 1800332461);1800332461;;FOURNISSEUR CENTRALE;;Pas de commande associée;O;19/03/2026 00:00;;19/03/2026 17:26;0.000
28d9b6aa-6201-4030-bc36-eba939a34b00;293;Réception (B.L. : 1100216243);1100216243;;FOURNISSEUR CENTRALE;;Pas de commande associée;O;08/04/2026 00:00;;08/04/2026 12:14;0.000
28e3db11-8a2b-426c-8a8d-af897a834a65;080;Réception (B.L. : 1800337133);1800337133;;FOURNISSEUR CENTRALE;;Pas de commande associée;O;07/04/2026 00:00;;08/04/2026 12:22;639.400
28efdf91-2488-4871-9fe0-fc215147b050;292;Réception (B.L. : 1800330708);1800330708;;FOURNISSEUR CENTRALE;;Pas de commande associée;O;12/03/2026 00:00;;13/03/2026 12:21;29.000
290d964b-e323-4eee-8eae-9b8d396ce801;291;Réception (B.L. : 1700234190);1700234190;;FOURNISSEUR CENTRALE;;Pas de commande associée;O;23/03/2026 00:00;;23/03/2026 12:35;0.000
291b034b-ee7f-46e8-a9d5-66fff1d464a1;293;Réception (B.L. : 1800328177);1800328177;;FOURNISSEUR CENTRALE;;Pas de commande associée;O;03/03/2026 00:00;;03/03/2026 17:06;0.000
291d4e39-4b39-41d0-b04c-b1e8a72366c3;293;Réception (B.L. : 1100214319);1100214319;;FOURNISSEUR CENTRALE;;Pas de commande associée;O;27/03/2026 00:00;;27/03/2026 12:19;0.000
29294784-baa0-4446-822d-1f4da6be6af0;080;Réception (B.L. : 1800328205);1800328205;;FOURNISSEUR CENTRALE;;Pas de commande associée;O;03/03/2026 00:00;;03/03/2026 17:08;2.000
299f6289-0b37-49b3-ad59-2a4128d9f0f1;293;Réception (B.L. : 1100214318);1100214318;;FOURNISSEUR CENTRALE;;Pas de commande associée;O;27/03/2026 00:00;;27/03/2026 12:18;0.000
29b006e4-f10e-4926-bee4-03d5ef550862;293;Réception (B.L. : 1100210764);1100210764;;FOURNISSEUR CENTRALE;;Pas de commande associée;O;06/03/2026 00:00;;06/03/2026 12:16;0.000
29b1bb0e-aed9-4468-b74d-110954fa6f93;291;Réception (B.L. : 1700231861);1700231861;;FOURNISSEUR CENTRALE;;Pas de commande associée;O;11/03/2026 00:00;;11/03/2026 12:26;0.000
29b4eb2b-fe84-45a0-8dd4-1d718fdd0009;292;Réception (B.L. : 1800331775);1800331775;;FOURNISSEUR CENTRALE;;Pas de commande associée;O;17/03/2026 00:00;;17/03/2026 17:04;21.000
29b98c33-bf8f-4ffe-91ba-2d22e6fed067;293;Réception (B.L. : 1700229771);1700229771;;FOURNISSEUR CENTRALE;;Pas de commande associée;O;02/03/2026 00:00;;02/03/2026 12:23;0.000
29c021ff-fc74-4f94-b4c0-752c54b668d3;293;Réception (B.L. : 1800336646);1800336646;;FOURNISSEUR CENTRALE;;Pas de commande associée;O;06/04/2026 00:00;;06/04/2026 12:21;0.000
29ce0c05-29b6-4445-830e-93e0d058e22a;291;Réception (B.L. : 1100213696);1100213696;;FOURNISSEUR CENTRALE;;Pas de commande associée;O;24/03/2026 00:00;;24/03/2026 17:13;0.000
29d1a05c-f907-4a76-82c0-496d5c164a44;292;Réception (B.L. : 1800331373);1800331373;;FOURNISSEUR CENTRALE;;Pas de commande associée;O;15/03/2026 00:00;;16/03/2026 12:22;6.000
29ddcfb6-99b9-4602-a47b-a07edca46c00;080;Réception (B.L. : 1700235581);1700235581;;FOURNISSEUR CENTRALE;;Pas de commande associée;O;30/03/2026 00:00;;30/03/2026 12:23;4.000
2a0d3310-d374-4cc9-8ef0-65b2c4f4e8ba;291;Réception (B.L. : 1800330699);1800330699;;FOURNISSEUR CENTRALE;;Pas de commande associée;O;12/03/2026 00:00;;13/03/2026 12:24;0.000
2a17ed37-1fb6-4af8-82cb-3047129724b1;080;Réception (B.L. : 1800331746);1800331746;;FOURNISSEUR CENTRALE;;Pas de commande associée;O;17/03/2026 00:00;;17/03/2026 17:04;59.000
2a48037c-bcd0-4a6c-9016-43ee5b7d6145;080;Réception (B.L. : 1800336058);1800336058;;FOURNISSEUR CENTRALE;;Pas de commande associée;O;02/04/2026 00:00;;03/04/2026 12:22;172.000
2a4e5d06-1f75-44fc-b052-c3970ec50ddd;080;Réception (B.L. : 1800333400);1800333400;;FOURNISSEUR CENTRALE;;Pas de commande associée;O;24/03/2026 00:00;;24/03/2026 12:15;256.342
2a65afac-6f27-43fa-80fa-b66262ad96a7;080;Réception (B.L. : 1800329815);1800329815;;FOURNISSEUR CENTRALE;;Pas de commande associée;O;10/03/2026 00:00;;10/03/2026 12:09;4.000
2a70f4ec-a34e-44f7-b1f7-29ab6b48560a;080;Réception (B.L. : 1800336059);1800336059;;FOURNISSEUR CENTRALE;;Pas de commande associée;O;02/04/2026 00:00;;03/04/2026 12:23;708.900
2a92c2f9-4669-4e47-90c6-ecc223742d49;080;Réception (B.L. : 1700234151);1700234151;;FOURNISSEUR CENTRALE;;Pas de commande associée;O;23/03/2026 00:00;;23/03/2026 12:22;42.000
2a99e7ce-60dc-44fc-b6f4-10f1b19ec384;080;Réception (B.L. : 1700236100);1700236100;;FOURNISSEUR CENTRALE;;Pas de commande associée;O;01/04/2026 00:00;;02/04/2026 12:12;48.000
2aa7babb-fe1b-4108-9981-40cd6795c613;292;Réception (B.L. : 1800328575);1800328575;;FOURNISSEUR CENTRALE;;Pas de commande associée;O;05/03/2026 00:00;;05/03/2026 12:11;18.000
2aaa26e3-c117-4a6b-91e1-5acf7d69a7bc;292;Réception (B.L. : 1100215080);1100215080;;FOURNISSEUR CENTRALE;;Pas de commande associée;O;01/04/2026 00:00;;01/04/2026 12:15;72.000
2aae363d-3d59-40e1-af2b-ad73475e0959;080;Réception (B.L. : 1800336056);1800336056;;FOURNISSEUR CENTRALE;;Pas de commande associée;O;02/04/2026 00:00;;03/04/2026 12:20;118.000
2ab54e79-80e3-4501-91b2-08c656feeb48;293;Réception (B.L. : 1800336645);1800336645;;FOURNISSEUR CENTRALE;;Pas de commande associée;O;06/04/2026 00:00;;06/04/2026 12:20;0.000
2acd4845-1852-4374-aaac-3f2391650395;080;Réception (B.L. : 1700235158);1700235158;;FOURNISSEUR CENTRALE;;Pas de commande associée;O;27/03/2026 00:00;;27/03/2026 12:23;300.000
2ad71c45-53fc-4e09-9a75-fa9f4bc03b03;080;Réception (B.L. : 1800335676);1800335676;;FOURNISSEUR CENTRALE;;Pas de commande associée;O;02/04/2026 00:00;;02/04/2026 12:19;2820.000
2adcccf7-78a1-4745-8a4e-d9cb1ced182e;291;Réception (B.L. : 1700231865);1700231865;;FOURNISSEUR CENTRALE;;Pas de commande associée;O;11/03/2026 00:00;;11/03/2026 12:30;0.000
2ae962c1-8927-47c2-b321-c1dccbd8f81a;293;Réception (B.L. : 1700232715);1700232715;;FOURNISSEUR CENTRALE;;Pas de commande associée;O;16/03/2026 00:00;;16/03/2026 12:23;0.000
2aeeca32-0023-4d3f-902d-37b62aa0b644;293;Réception (B.L. : 1700230282);1700230282;;FOURNISSEUR CENTRALE;;Pas de commande associée;O;04/03/2026 00:00;;04/03/2026 12:16;0.000
2b03e0da-a295-42f7-86ad-15966871237f;291;Réception (B.L. : 1700231354);1700231354;;FOURNISSEUR CENTRALE;;Pas de commande associée;O;09/03/2026 00:00;;09/03/2026 12:25;0.000
2b07ab3d-7327-40b7-8213-c85cbb5f5a47;291;Réception (B.L. : 1800332667);1800332667;;FOURNISSEUR CENTRALE;;Pas de commande associée;O;19/03/2026 00:00;;20/03/2026 12:24;0.000
2b16a8fa-de41-495c-b11d-2a90a8f0cae6;080;Réception (B.L. : 1700236071);1700236071;;FOURNISSEUR CENTRALE;;Pas de commande associée;O;01/04/2026 00:00;;01/04/2026 17:13;990.000
2b4edbc8-0273-4f5e-b760-6d1c203c6e9f;080;Réception (B.L. : 1700230414);1700230414;;FOURNISSEUR CENTRALE;;Pas de commande associée;O;04/03/2026 00:00;;04/03/2026 23:25;52.000
2b629b34-9ba0-42e0-aec7-76ed64ca9ce4;291;Réception (B.L. : 1800328947);1800328947;;FOURNISSEUR CENTRALE;;Pas de commande associée;O;05/03/2026 00:00;;06/03/2026 12:34;0.000
2b67fc0a-e0cb-430d-8d98-cd39b3596070;080;Réception (B.L. : 1800331744);1800331744;;FOURNISSEUR CENTRALE;;Pas de commande associée;O;17/03/2026 00:00;;17/03/2026 17:02;4.000
2b9eb517-acef-41af-981f-01fdac523f47;293;Réception (B.L. : 1800334346);1800334346;;FOURNISSEUR CENTRALE;;Pas de commande associée;O;26/03/2026 00:00;;27/03/2026 12:31;0.000
2babc496-1e3b-46ed-bb14-c993b751c0dc;292;Réception (B.L. : 1700236656);1700236656;;FOURNISSEUR CENTRALE;;Pas de commande associée;O;03/04/2026 00:00;;03/04/2026 17:15;64.000
2bb9c2f7-edd7-442d-aed6-7cf72a9d75a1;293;Réception (B.L. : 1800334001);1800334001;;FOURNISSEUR CENTRALE;;Pas de commande associée;O;25/03/2026 00:00;;26/03/2026 12:11;0.000
2bd45729-eb18-4b3a-bac3-15624ab8b8cc;293;Réception (B.L. : 1700233640);1700233640;;FOURNISSEUR CENTRALE;;Pas de commande associée;O;19/03/2026 00:00;;20/03/2026 12:12;0.000
2bf38459-6201-454f-8629-adb94f8d3cec;291;Réception (B.L. : 1200106942);1200106942;;FOURNISSEUR CENTRALE;;Pas de commande associée;O;23/03/2026 00:00;;23/03/2026 17:10;0.000
2bfc8add-899d-4687-8088-af8857fed1d4;080;Réception (B.L. : 1800335882);1800335882;;FOURNISSEUR CENTRALE;;Pas de commande associée;O;02/04/2026 00:00;;02/04/2026 17:17;4.000
2c2683d0-bd69-4c71-bfa3-f2e8a4dfed49;080;Réception (B.L. : 1100211112);1100211112;;FOURNISSEUR CENTRALE;;Pas de commande associée;O;08/03/2026 00:00;;09/03/2026 12:17;480.000
2c44c29e-b1db-44cb-946e-1c3276750bd2;293;Réception (B.L. : 1100213847);1100213847;;FOURNISSEUR CENTRALE;;Pas de commande associée;O;25/03/2026 00:00;;25/03/2026 12:15;0.000
2c62ceab-55ff-4441-bb06-447e29525002;293;Réception (B.L. : 1700233203);1700233203;;FOURNISSEUR CENTRALE;;Pas de commande associée;O;18/03/2026 00:00;;18/03/2026 12:27;0.000
2c696dce-4bb5-41a2-a821-5b302caa59be;080;Réception (B.L. : 1700235514);1700235514;;FOURNISSEUR CENTRALE;;Pas de commande associée;O;30/03/2026 00:00;;30/03/2026 12:15;448.000
2c6dcac7-5b93-48a1-a79f-448818446bb3;292;Réception (B.L. : 1800327715);1800327715;;FOURNISSEUR CENTRALE;;Pas de commande associée;O;01/03/2026 00:00;;02/03/2026 12:24;818.800
2c78e571-5d91-4c9b-beef-f054299794a3;080;Réception (B.L. : 1100215061);1100215061;;FOURNISSEUR CENTRALE;;Pas de commande associée;O;01/04/2026 00:00;;01/04/2026 12:14;8.000
2cae80f4-18d8-48b3-97b2-b92413914b8c;291;Réception (B.L. : 1700233193);1700233193;;FOURNISSEUR CENTRALE;;Pas de commande associée;O;18/03/2026 00:00;;18/03/2026 12:39;0.000
2cafd1eb-375d-4dd3-a549-9e68894a0dc2;293;Réception (B.L. : 1100213469);1100213469;;FOURNISSEUR CENTRALE;;Pas de commande associée;O;23/03/2026 00:00;;23/03/2026 17:11;0.000
2cbf9573-e9b8-4b96-a295-e23ddf22f666;291;Réception (B.L. : 1800330435);1800330435;;FOURNISSEUR CENTRALE;;Pas de commande associée;O;11/03/2026 00:00;;12/03/2026 12:05;0.000
2cc27105-faf4-4efe-bd2c-2be220fc2ab2;292;Réception (B.L. : 1800336954);1800336954;;FOURNISSEUR CENTRALE;;Pas de commande associée;O;06/04/2026 00:00;;07/04/2026 12:13;1161.200
2cd27b66-c57b-49b2-a638-a55d8d82af70;080;Réception (B.L. : 1200106481);1200106481;;FOURNISSEUR CENTRALE;;Pas de commande associée;O;14/03/2026 00:00;;14/03/2026 12:10;4.000
2d06a9f0-d9ae-4607-8617-a4b8211db787;291;Réception (B.L. : 1800335341);1800335341;;FOURNISSEUR CENTRALE;;Pas de commande associée;O;31/03/2026 00:00;;31/03/2026 17:19;0.000
2d2374da-ed43-467d-8fdf-e33fa7902982;291;Réception (B.L. : 1800333745);1800333745;;FOURNISSEUR CENTRALE;;Pas de commande associée;O;24/03/2026 00:00;;25/03/2026 12:38;0.000
2d30439e-2c68-4b1a-9e68-1b5d07c4a20c;292;Réception (B.L. : 1200107221);1200107221;;FOURNISSEUR CENTRALE;;Pas de commande associée;O;26/03/2026 00:00;;26/03/2026 12:11;55.000
2d3ccb1f-ec95-49bd-b914-a099775341e6;292;Réception (B.L. : 1700231419);1700231419;;FOURNISSEUR CENTRALE;;Pas de commande associée;O;09/03/2026 00:00;;09/03/2026 17:15;1389.000
2d50d461-74df-4b0b-bb87-886fbaa88786;080;Réception (B.L. : 1800328711);1800328711;;FOURNISSEUR CENTRALE;;Pas de commande associée;O;05/03/2026 00:00;;05/03/2026 17:15;6.000
2da6ce1c-fa25-4619-8d39-4bc43ca63bb0;080;Réception (B.L. : 1800334366);1800334366;;FOURNISSEUR CENTRALE;;Pas de commande associée;O;26/03/2026 00:00;;27/03/2026 12:34;200.000
2de8eb25-9e45-41eb-908e-91a1573ec49b;291;Réception (B.L. : 1800333404);1800333404;;FOURNISSEUR CENTRALE;;Pas de commande associée;O;24/03/2026 00:00;;24/03/2026 12:14;0.000
2e1dd583-279c-41a4-ab7a-9e5e57ba9327;291;Réception (B.L. : 1100212017);1100212017;;FOURNISSEUR CENTRALE;;Pas de commande associée;O;14/03/2026 00:00;;14/03/2026 12:11;0.000
2e3e334c-d9ab-48aa-adf4-ed1656b57fcc;080;Réception (B.L. : 1100210423);1100210423;;FOURNISSEUR CENTRALE;;Pas de commande associée;O;04/03/2026 00:00;;04/03/2026 12:03;42.000
2e7e66b8-9d1d-46be-838f-44014c084beb;293;Réception (B.L. : 1700236954);1700236954;;FOURNISSEUR CENTRALE;;Pas de commande associée;O;06/04/2026 00:00;;06/04/2026 12:15;0.000
2e8252c5-1b51-45ff-9caa-df0848724f50;292;Réception (B.L. : 1200107825);1200107825;;FOURNISSEUR CENTRALE;;Pas de commande associée;O;02/04/2026 00:00;;02/04/2026 12:12;40.000
2e9be44b-eadb-4b35-9681-8121f14bffec;291;Réception (B.L. : 1800332271);1800332271;;FOURNISSEUR CENTRALE;;Pas de commande associée;O;18/03/2026 00:00;;19/03/2026 12:26;0.000
2eaca90a-b938-4b2d-965a-5d247c958d98;292;Réception (B.L. : 1800334154);1800334154;;FOURNISSEUR CENTRALE;;Pas de commande associée;O;26/03/2026 00:00;;26/03/2026 12:27;56.000
2eaf02cd-1818-45b0-947d-c1e796d78e15;080;Réception (B.L. : 1800335678);1800335678;;FOURNISSEUR CENTRALE;;Pas de commande associée;O;02/04/2026 00:00;;02/04/2026 12:21;665.300
2ebf8f13-64cb-446b-8605-3db94494c441;292;Réception (B.L. : 1800330542);1800330542;;FOURNISSEUR CENTRALE;;Pas de commande associée;O;12/03/2026 00:00;;12/03/2026 12:10;4.000
2ed7ac25-1ff2-45b5-86cb-69df435293c4;080;Réception (B.L. : 1700231427);1700231427;;FOURNISSEUR CENTRALE;;Pas de commande associée;O;09/03/2026 00:00;;09/03/2026 17:16;84.000
2ee2f42f-0670-4349-8bdb-c253931150b0;080;Réception (B.L. : 1100213948);1100213948;;FOURNISSEUR CENTRALE;;Pas de commande associée;O;25/03/2026 00:00;;25/03/2026 12:18;10.000
2eee808c-0008-451b-b485-98151ff067ad;292;Réception (B.L. : 1100215835);1100215835;;FOURNISSEUR CENTRALE;;Pas de commande associée;O;06/04/2026 00:00;;06/04/2026 12:13;6.000
2ef999cf-9147-4bc4-917c-e74aa64d7dd3;293;Réception (B.L. : 1200107345);1200107345;;FOURNISSEUR CENTRALE;;Pas de commande associée;O;27/03/2026 00:00;;27/03/2026 12:15;0.000
2f0b06cc-080b-4d2f-9854-245183c7acd4;080;Réception (B.L. : 1700233620);1700233620;;FOURNISSEUR CENTRALE;;Pas de commande associée;O;19/03/2026 00:00;;19/03/2026 23:39;7.000
2f13e62c-58f6-4d04-a3bc-62d4bff9875e;080;Réception (B.L. : 1800333471);1800333471;;FOURNISSEUR CENTRALE;;Pas de commande associée;O;24/03/2026 00:00;;24/03/2026 17:16;26.000
2f508add-e955-4674-acf8-d10426e76c5c;292;Réception (B.L. : 1700236067);1700236067;;FOURNISSEUR CENTRALE;;Pas de commande associée;O;01/04/2026 00:00;;01/04/2026 17:17;193.000
2f76b18b-4100-404a-b73f-79144c0f4953;292;Réception (B.L. : 1800329470);1800329470;;FOURNISSEUR CENTRALE;;Pas de commande associée;O;09/03/2026 00:00;;09/03/2026 12:18;1441.900
2fa06784-6b62-4180-bda9-b1a353266679;080;Réception (B.L. : 1800332867);1800332867;;FOURNISSEUR CENTRALE;;Pas de commande associée;O;20/03/2026 00:00;;20/03/2026 17:03;487.300
2fa7245d-9b02-4aa5-87be-2e9bf13c91d8;291;Réception (B.L. : 1100210082);1100210082;;FOURNISSEUR CENTRALE;;Pas de commande associée;O;02/03/2026 00:00;;02/03/2026 12:16;0.000
302157f5-3fa7-47a8-840a-57a9803a6217;080;Réception (B.L. : 1800331627);1800331627;;FOURNISSEUR CENTRALE;;Pas de commande associée;O;16/03/2026 00:00;;17/03/2026 12:07;15.000
304b28f4-69a9-4983-936f-f7528b38305a;293;Réception (B.L. : 1700231324);1700231324;;FOURNISSEUR CENTRALE;;Pas de commande associée;O;09/03/2026 00:00;;09/03/2026 12:19;0.000
30564fbd-7c1c-430a-a311-a0212cd990eb;292;Réception (B.L. : 1100211240);1100211240;;FOURNISSEUR CENTRALE;;Pas de commande associée;O;10/03/2026 00:00;;10/03/2026 12:01;990.000
3070cbad-7612-448f-9d9f-6151333d6d15;291;Réception (B.L. : 1800330707);1800330707;;FOURNISSEUR CENTRALE;;Pas de commande associée;O;12/03/2026 00:00;;13/03/2026 12:32;0.000
30ad1a5b-c769-45be-9ce2-d9e3546af17a;292;Réception (B.L. : 1100214455);1100214455;;FOURNISSEUR CENTRALE;;Pas de commande associée;O;27/03/2026 00:00;;27/03/2026 17:12;4799.000
30b248a3-3047-44a9-bd9f-5fb628028d23;293;Réception (B.L. : 1800328328);1800328328;;FOURNISSEUR CENTRALE;;Pas de commande associée;O;03/03/2026 00:00;;04/03/2026 12:34;0.000
30c2da94-3518-4479-9659-f8e3bf5963ca;293;Réception (B.L. : 1100213944);1100213944;;FOURNISSEUR CENTRALE;;Pas de commande associée;O;25/03/2026 00:00;;25/03/2026 12:18;0.000
30ca5d5c-14f0-4529-886d-99477d2a9b33;080;Réception (B.L. : 1100211111);1100211111;;FOURNISSEUR CENTRALE;;Pas de commande associée;O;08/03/2026 00:00;;09/03/2026 12:16;6.000
3105569b-ac3c-4fa1-8b20-bd2b4da2cec4;080;Réception (B.L. : 1800332397);1800332397;;FOURNISSEUR CENTRALE;;Pas de commande associée;O;19/03/2026 00:00;;19/03/2026 12:25;4.000
31074595-e1c7-40e7-a9bb-f0e48dffa8c6;293;Réception (B.L. : 1700237122);1700237122;;FOURNISSEUR CENTRALE;;Pas de commande associée;O;07/04/2026 00:00;;07/04/2026 12:11;0.000
31213e86-9c83-4c76-855e-197030261099;293;Réception (B.L. : 1100214969);1100214969;;FOURNISSEUR CENTRALE;;Pas de commande associée;O;01/04/2026 00:00;;01/04/2026 12:13;0.000
31243c04-6395-414e-b54c-ec6e67d37b24;293;Réception (B.L. : 1100210650);1100210650;;FOURNISSEUR CENTRALE;;Pas de commande associée;O;05/03/2026 00:00;;05/03/2026 17:10;0.000
31552ee7-ba66-48d9-98f7-75e712df9212;292;Réception (B.L. : 1100214502);1100214502;;FOURNISSEUR CENTRALE;;Pas de commande associée;O;28/03/2026 00:00;;28/03/2026 12:15;366.000
3170852f-e1aa-4cbd-a7f5-7a3f8c454308;293;Réception (B.L. : 1700236138);1700236138;;FOURNISSEUR CENTRALE;;Pas de commande associée;O;01/04/2026 00:00;;02/04/2026 12:11;0.000
3192a66e-92df-4a5b-89ef-9eee50a0911c;080;Réception (B.L. : 1800328278);1800328278;;FOURNISSEUR CENTRALE;;Pas de commande associée;O;03/03/2026 00:00;;04/03/2026 12:20;282.000
31ac670b-0d88-4166-9381-51febbc39add;291;Réception (B.L. : 1800329286);1800329286;;FOURNISSEUR CENTRALE;;Pas de commande associée;O;07/03/2026 00:00;;07/03/2026 12:15;0.000
31ae61d9-4727-4d98-bbbd-3e14421af21d;293;Réception (B.L. : 1100213848);1100213848;;FOURNISSEUR CENTRALE;;Pas de commande associée;O;25/03/2026 00:00;;25/03/2026 12:16;0.000
31b62469-3b86-40f3-bca5-b1dbffeef4d0;293;Réception (B.L. : 1700236610);1700236610;;FOURNISSEUR CENTRALE;;Pas de commande associée;O;03/04/2026 00:00;;03/04/2026 17:10;0.000
31c43fd3-4a78-44b0-9156-3a08b1390bc8;292;Réception (B.L. : 1100213878);1100213878;;FOURNISSEUR CENTRALE;;Pas de commande associée;O;25/03/2026 00:00;;25/03/2026 12:12;1746.000
31dd0230-c834-4805-9d0c-1b5c5dd17ca3;291;Réception (B.L. : 1100212010);1100212010;;FOURNISSEUR CENTRALE;;Pas de commande associée;O;14/03/2026 00:00;;14/03/2026 12:10;0.000
31e0c18c-2730-4116-ac9e-47c9a38fc0e4;291;Réception (B.L. : 1800332269);1800332269;;FOURNISSEUR CENTRALE;;Pas de commande associée;O;18/03/2026 00:00;;19/03/2026 12:24;0.000
31e42792-fe39-4a30-b985-b19f74380dcc;080;Réception (B.L. : 1800336966);1800336966;;FOURNISSEUR CENTRALE;;Pas de commande associée;O;06/04/2026 00:00;;07/04/2026 12:24;25.000
32291442-5a04-4424-8f58-f514bb8af2ce;291;Réception (B.L. : 1700233596);1700233596;;FOURNISSEUR CENTRALE;;Pas de commande associée;O;19/03/2026 00:00;;19/03/2026 23:37;0.000
325564a3-5a67-4cf1-b8de-27bb6fae2c93;080;Réception (B.L. : 1800332605);1800332605;;FOURNISSEUR CENTRALE;;Pas de commande associée;O;19/03/2026 00:00;;20/03/2026 12:20;524.780
325e1baf-a0c5-422d-8bc1-c47f902420b5;292;Réception (B.L. : 1800333575);1800333575;;FOURNISSEUR CENTRALE;;Pas de commande associée;O;24/03/2026 00:00;;24/03/2026 17:17;4.000
32689afd-91fc-4996-9398-8368d4527e34;292;Réception (B.L. : 1800330710);1800330710;;FOURNISSEUR CENTRALE;;Pas de commande associée;O;12/03/2026 00:00;;13/03/2026 12:23;42.000
327b9c9e-2ad6-49c3-8b47-7c72aa58b656;291;Réception (B.L. : 1100213350);1100213350;;FOURNISSEUR CENTRALE;;Pas de commande associée;O;23/03/2026 00:00;;23/03/2026 12:16;0.000
3291db55-f4a7-46f6-b608-71708e3ac25c;292;Réception (B.L. : 1100213053);1100213053;;FOURNISSEUR CENTRALE;;Pas de commande associée;O;20/03/2026 00:00;;20/03/2026 12:03;420.000
32afe184-033e-4d87-a722-55040b3ec400;080;Réception (B.L. : 1800330691);1800330691;;FOURNISSEUR CENTRALE;;Pas de commande associée;O;12/03/2026 00:00;;13/03/2026 12:12;30.000
3302dcf9-1c8f-4034-924b-c582562433bb;293;Réception (B.L. : 1800328130);1800328130;;FOURNISSEUR CENTRALE;;Pas de commande associée;O;03/03/2026 00:00;;03/03/2026 17:04;0.000
3345d6bf-12b5-4aae-b5a9-e4352e3cced3;291;Réception (B.L. : 1800334058);1800334058;;FOURNISSEUR CENTRALE;;Pas de commande associée;O;25/03/2026 00:00;;26/03/2026 12:22;0.000
334626db-47a5-421c-b1a4-72b5d5687965;291;Réception (B.L. : 1100214312);1100214312;;FOURNISSEUR CENTRALE;;Pas de commande associée;O;27/03/2026 00:00;;27/03/2026 12:12;0.000
3348302a-e9e0-4130-a82e-b904cd63eabe;291;Réception (B.L. : 1200106837);1200106837;;FOURNISSEUR CENTRALE;;Pas de commande associée;O;19/03/2026 00:00;;19/03/2026 17:14;0.000
33694dc6-2b52-47ae-8c2b-4a1285af8b6f;291;Réception (B.L. : 1700235535);1700235535;;FOURNISSEUR CENTRALE;;Pas de commande associée;O;30/03/2026 00:00;;30/03/2026 12:22;0.000
33760302-d765-4165-b891-345e0ea44330;080;Réception (B.L. : 1800330073);1800330073;;FOURNISSEUR CENTRALE;;Pas de commande associée;O;11/03/2026 00:00;;11/03/2026 12:21;205.000
3393325e-f16c-4f15-bdde-c63f3c204898;292;Réception (B.L. : 1100216238);1100216238;;FOURNISSEUR CENTRALE;;Pas de commande associée;O;08/04/2026 00:00;;08/04/2026 12:12;1879.000
33a19f5b-d9c7-4a73-b3e6-191c0cedfc8a;291;Réception (B.L. : 1700231866);1700231866;;FOURNISSEUR CENTRALE;;Pas de commande associée;O;11/03/2026 00:00;;11/03/2026 12:31;0.000
33b154f3-ba5b-4f55-9637-ba3985331fd3;291;Réception (B.L. : 1700232337);1700232337;;FOURNISSEUR CENTRALE;;Pas de commande associée;O;13/03/2026 00:00;;13/03/2026 12:23;0.000
33bd9242-1176-4301-9d0f-b8e6a5528b9e;292;Réception (B.L. : 1100212853);1100212853;;FOURNISSEUR CENTRALE;;Pas de commande associée;O;19/03/2026 00:00;;19/03/2026 17:15;192.000
33c73fff-d78f-4cc5-b048-45ab2810c0d8;292;Réception (B.L. : 1800336955);1800336955;;FOURNISSEUR CENTRALE;;Pas de commande associée;O;06/04/2026 00:00;;07/04/2026 12:14;92.000
33cb94d0-714f-4284-b05a-ebce2b8536a5;293;Réception (B.L. : 1800328788);1800328788;;FOURNISSEUR CENTRALE;;Pas de commande associée;O;05/03/2026 00:00;;05/03/2026 17:15;0.000
33ce0256-72f5-4297-963e-8c07d9c20cf5;293;Réception (B.L. : 1700237126);1700237126;;FOURNISSEUR CENTRALE;;Pas de commande associée;O;07/04/2026 00:00;;07/04/2026 12:15;0.000
33def749-7401-41ba-a9ba-07d46055e6cc;292;Réception (B.L. : 1800336748);1800336748;;FOURNISSEUR CENTRALE;;Pas de commande associée;O;06/04/2026 00:00;;06/04/2026 12:29;17.000
341bf8e2-2026-4a48-8cf7-4970c910960a;292;Réception (B.L. : 1800334215);1800334215;;FOURNISSEUR CENTRALE;;Pas de commande associée;O;26/03/2026 00:00;;26/03/2026 17:12;4.000
34212356-23af-4fe8-9155-f7ca93d9a4a5;291;Réception (B.L. : 1100212554);1100212554;;FOURNISSEUR CENTRALE;;Pas de commande associée;O;18/03/2026 00:00;;18/03/2026 12:21;0.000
3426e7d4-d5e9-4a92-ad38-ee8d2de49e82;080;Réception (B.L. : 1100214176);1100214176;;FOURNISSEUR CENTRALE;;Pas de commande associée;O;26/03/2026 00:00;;26/03/2026 17:11;444.000
34605e1e-a4d2-45c0-a217-1834998d69cf;080;Réception (B.L. : 1700232405);1700232405;;FOURNISSEUR CENTRALE;;Pas de commande associée;O;13/03/2026 00:00;;13/03/2026 17:00;6.000
3467ab33-873e-45b5-987b-6e05a3b96d8d;292;Réception (B.L. : 1800331856);1800331856;;FOURNISSEUR CENTRALE;;Pas de commande associée;O;17/03/2026 00:00;;17/03/2026 17:09;1.000
3496a969-ac9e-4f72-a1cb-70b4bee378e6;291;Réception (B.L. : 1100212128);1100212128;;FOURNISSEUR CENTRALE;;Pas de commande associée;O;16/03/2026 00:00;;16/03/2026 12:15;0.000
34a12e48-aca4-4469-960e-e498b7a0d164;080;Réception (B.L. : 1700230304);1700230304;;FOURNISSEUR CENTRALE;;Pas de commande associée;O;04/03/2026 00:00;;04/03/2026 12:12;80.000
34d224a9-15f3-432f-8ff1-7f5b09aca381;293;Réception (B.L. : 1800334722);1800334722;;FOURNISSEUR CENTRALE;;Pas de commande associée;O;28/03/2026 00:00;;28/03/2026 12:13;0.000
34dda7ea-4059-4ea8-bb39-73dc9ce5b252;080;Réception (B.L. : 1100212993);1100212993;;FOURNISSEUR CENTRALE;;Pas de commande associée;O;20/03/2026 00:00;;20/03/2026 12:05;6.000
34e62d91-57f6-4b5e-8a96-402c40fca815;080;Réception (B.L. : 1100214614);1100214614;;FOURNISSEUR CENTRALE;;Pas de commande associée;O;30/03/2026 00:00;;30/03/2026 12:12;3908.000
352fcb18-ddea-443a-8dae-8bebdd2c1903;293;Réception (B.L. : 1800333581);1800333581;;FOURNISSEUR CENTRALE;;Pas de commande associée;O;24/03/2026 00:00;;24/03/2026 17:14;0.000
355b4054-274c-486b-b6b3-142ece660a7d;292;Réception (B.L. : 1700231415);1700231415;;FOURNISSEUR CENTRALE;;Pas de commande associée;O;09/03/2026 00:00;;09/03/2026 17:11;528.000
35672f4a-688f-4875-9eb0-af07673a8766;293;Réception (B.L. : 1700236614);1700236614;;FOURNISSEUR CENTRALE;;Pas de commande associée;O;03/04/2026 00:00;;03/04/2026 17:14;0.000
35989ea5-a49d-4077-b5ec-4637a597c4e2;292;Réception (B.L. : 1800335139);1800335139;;FOURNISSEUR CENTRALE;;Pas de commande associée;O;30/03/2026 00:00;;31/03/2026 12:15;51.962
35b20376-749b-4135-89ae-1bb6a7ac2bf6;291;Réception (B.L. : 1700230861);1700230861;;FOURNISSEUR CENTRALE;;Pas de commande associée;O;06/03/2026 00:00;;06/03/2026 12:26;0.000
35b37fe1-8ac5-43ae-9de9-75687210031f;292;Réception (B.L. : 1700235558);1700235558;;FOURNISSEUR CENTRALE;;Pas de commande associée;O;30/03/2026 00:00;;30/03/2026 12:17;664.000
35be8412-9c05-4994-859a-939592535b47;080;Réception (B.L. : 1800328030);1800328030;;FOURNISSEUR CENTRALE;;Pas de commande associée;O;03/03/2026 00:00;;03/03/2026 12:11;38.000
35bfe366-8ff6-4e41-bfd2-eca686804d50;291;Réception (B.L. : 1800333408);1800333408;;FOURNISSEUR CENTRALE;;Pas de commande associée;O;24/03/2026 00:00;;24/03/2026 12:18;0.000
35f139f4-8fdb-4dcf-abfb-c64acc4cef2e;293;Réception (B.L. : 1100214316);1100214316;;FOURNISSEUR CENTRALE;;Pas de commande associée;O;27/03/2026 00:00;;27/03/2026 12:16;0.000
360dbbd3-6cd8-4c20-9d96-9942d6319cd5;291;Réception (B.L. : 1800333409);1800333409;;FOURNISSEUR CENTRALE;;Pas de commande associée;O;24/03/2026 00:00;;24/03/2026 12:19;0.000
362f2df6-9a85-41a1-b98d-820aeb506732;080;Réception (B.L. : 1700229943);1700229943;;FOURNISSEUR CENTRALE;;Pas de commande associée;O;03/03/2026 00:00;;03/03/2026 12:01;908.000
3637791b-8d68-4ff0-a217-01898222d498;293;Réception (B.L. : 1800336939);1800336939;;FOURNISSEUR CENTRALE;;Pas de commande associée;O;06/04/2026 00:00;;07/04/2026 12:29;0.000
3645eb6b-d396-4d45-883a-c2b3cd02ade4;291;Réception (B.L. : 1700237446);1700237446;;FOURNISSEUR CENTRALE;;Pas de commande associée;O;08/04/2026 00:00;;08/04/2026 12:25;0.000
36529f28-16c0-47fd-b740-ddebcdcf2212;293;Réception (B.L. : 1800335353);1800335353;;FOURNISSEUR CENTRALE;;Pas de commande associée;O;31/03/2026 00:00;;31/03/2026 17:18;0.000
3690a9e5-9ed2-485d-aa6d-4573a78f29ee;293;Réception (B.L. : 1100211907);1100211907;;FOURNISSEUR CENTRALE;;Pas de commande associée;O;13/03/2026 00:00;;13/03/2026 12:20;0.000
3698a3e7-7373-401a-8006-1974f2a3092a;293;Réception (B.L. : 1700231326);1700231326;;FOURNISSEUR CENTRALE;;Pas de commande associée;O;09/03/2026 00:00;;09/03/2026 12:21;0.000
36fefa47-b12f-4be9-abf3-488760770d9b;293;Réception (B.L. : 1800328566);1800328566;;FOURNISSEUR CENTRALE;;Pas de commande associée;O;05/03/2026 00:00;;05/03/2026 12:15;0.000
37210b60-0c09-425e-a4a3-4457844bd273;293;Réception (B.L. : 1800330419);1800330419;;FOURNISSEUR CENTRALE;;Pas de commande associée;O;11/03/2026 00:00;;12/03/2026 12:04;0.000
3746e025-9c49-437b-8fc1-4fa2d9e0f6ad;080;Réception (B.L. : 1800331118);1800331118;;FOURNISSEUR CENTRALE;;Pas de commande associée;O;13/03/2026 00:00;;13/03/2026 23:28;4.000
3754cc1f-246c-49f1-be81-d368ab188d23;080;Réception (B.L. : 1700233273);1700233273;;FOURNISSEUR CENTRALE;;Pas de commande associée;O;18/03/2026 00:00;;18/03/2026 17:09;18.000
37829f8c-7b9f-46da-80bc-3ce7474e4165;293;Réception (B.L. : 1800336937);1800336937;;FOURNISSEUR CENTRALE;;Pas de commande associée;O;06/04/2026 00:00;;07/04/2026 12:27;0.000
37b1077f-c5fd-4f3a-ad96-e53787e3dbec;080;Réception (B.L. : 1700234617);1700234617;;FOURNISSEUR CENTRALE;;Pas de commande associée;O;25/03/2026 00:00;;25/03/2026 12:30;18.000
37b4a919-b97e-4426-a2ff-f9b32b59006c;080;Réception (B.L. : 1100212994);1100212994;;FOURNISSEUR CENTRALE;;Pas de commande associée;O;20/03/2026 00:00;;20/03/2026 12:06;600.000
37be270c-6bec-4452-a10a-9451e7baf97f;292;Réception (B.L. : 1700234660);1700234660;;FOURNISSEUR CENTRALE;;Pas de commande associée;O;25/03/2026 00:00;;25/03/2026 12:26;24.000
37c981d9-9b4e-4213-99c5-737d3e906df7;293;Réception (B.L. : 1100212562);1100212562;;FOURNISSEUR CENTRALE;;Pas de commande associée;O;18/03/2026 00:00;;18/03/2026 12:14;0.000
37ed98d7-4fbd-400c-9a1c-015f7e241dc9;293;Réception (B.L. : 1800331094);1800331094;;FOURNISSEUR CENTRALE;;Pas de commande associée;O;13/03/2026 00:00;;13/03/2026 23:30;0.000
380fcf74-79ee-400d-8d8b-af8a63c1dcb2;291;Réception (B.L. : 1800333120);1800333120;;FOURNISSEUR CENTRALE;;Pas de commande associée;O;23/03/2026 00:00;;23/03/2026 12:40;0.000
381739ea-908e-45dd-ad37-14062190f303;291;Réception (B.L. : 1700234670);1700234670;;FOURNISSEUR CENTRALE;;Pas de commande associée;O;25/03/2026 00:00;;25/03/2026 12:30;0.000
3823655d-39e0-4483-b56a-c7e7dbebe9fa;292;Réception (B.L. : 1700236064);1700236064;;FOURNISSEUR CENTRALE;;Pas de commande associée;O;01/04/2026 00:00;;01/04/2026 17:14;4403.000
382ff71b-5dc1-468c-a22e-90080351c617;293;Réception (B.L. : 1100210763);1100210763;;FOURNISSEUR CENTRALE;;Pas de commande associée;O;06/03/2026 00:00;;06/03/2026 12:15;0.000
385911d7-41b6-4400-9d55-22229abe9281;080;Réception (B.L. : 1800335081);1800335081;;FOURNISSEUR CENTRALE;;Pas de commande associée;O;30/03/2026 00:00;;31/03/2026 12:14;258.000
3873eaa3-46c6-46c8-9051-49c94dbe9000;080;Réception (B.L. : 1700233272);1700233272;;FOURNISSEUR CENTRALE;;Pas de commande associée;O;18/03/2026 00:00;;18/03/2026 17:08;6.000
38782089-bdf2-4d72-95d1-51dcb164dea7;293;Réception (B.L. : 1700229772);1700229772;;FOURNISSEUR CENTRALE;;Pas de commande associée;O;02/03/2026 00:00;;02/03/2026 12:24;0.000
38b4733c-5069-4e7d-8df7-d36ac6d094ae;293;Réception (B.L. : 1800328324);1800328324;;FOURNISSEUR CENTRALE;;Pas de commande associée;O;03/03/2026 00:00;;04/03/2026 12:30;0.000
38bbcf62-ca1e-4cb5-b33b-8f76c462acd5;292;Réception (B.L. : 1700235563);1700235563;;FOURNISSEUR CENTRALE;;Pas de commande associée;O;30/03/2026 00:00;;30/03/2026 12:22;52.000
38beb21c-0097-4bce-a981-de2db4550618;080;Réception (B.L. : 1700230300);1700230300;;FOURNISSEUR CENTRALE;;Pas de commande associée;O;04/03/2026 00:00;;04/03/2026 12:08;5322.000
38db3c48-9cc9-4a50-bf06-ab88a61c4236;080;Réception (B.L. : 1100213998);1100213998;;FOURNISSEUR CENTRALE;;Pas de commande associée;O;25/03/2026 00:00;;25/03/2026 12:21;48.000
38e3f36a-36bc-4424-8f5b-74d18441a83d;080;Réception (B.L. : 1800328228);1800328228;;FOURNISSEUR CENTRALE;;Pas de commande associée;O;03/03/2026 00:00;;03/03/2026 17:09;26.000
38fddb7d-a71c-4e03-b395-d848d28dcfb7;292;Réception (B.L. : 1800334695);1800334695;;FOURNISSEUR CENTRALE;;Pas de commande associée;O;27/03/2026 00:00;;27/03/2026 23:43;10.000
391d0e33-3551-467e-a1a9-5dc865241658;293;Réception (B.L. : 1800336457);1800336457;;FOURNISSEUR CENTRALE;;Pas de commande associée;O;03/04/2026 00:00;;04/04/2026 12:13;0.000
396d6a52-dbaa-478c-bedd-5999a0cf7652;292;Réception (B.L. : 1800337178);1800337178;;FOURNISSEUR CENTRALE;;Pas de commande associée;O;07/04/2026 00:00;;08/04/2026 12:21;640.200
398ff9a2-0319-4a8b-ae08-945c1bd33de7;292;Réception (B.L. : 1800331648);1800331648;;FOURNISSEUR CENTRALE;;Pas de commande associée;O;17/03/2026 00:00;;17/03/2026 12:05;1.000
39b30cb2-d973-4620-9a23-a4e1e32a7509;293;Réception (B.L. : 1700231442);1700231442;;FOURNISSEUR CENTRALE;;Pas de commande associée;O;09/03/2026 00:00;;09/03/2026 17:10;0.000
39c9cf2c-30b0-4838-bd0c-ec1068b04ce9;292;Réception (B.L. : 1700235304);1700235304;;FOURNISSEUR CENTRALE;;Pas de commande associée;O;28/03/2026 00:00;;28/03/2026 12:16;257.000
39d2e8c5-0db9-4580-bf34-d2fe489a6557;291;Réception (B.L. : 1800331400);1800331400;;FOURNISSEUR CENTRALE;;Pas de commande associée;O;15/03/2026 00:00;;16/03/2026 12:30;0.000
39d90534-cb9b-4efa-9dd0-e8e5c51f301b;291;Réception (B.L. : 1800331652);1800331652;;FOURNISSEUR CENTRALE;;Pas de commande associée;O;17/03/2026 00:00;;17/03/2026 12:10;0.000
39fc7fce-876d-470a-bed9-2f404bb47da6;293;Réception (B.L. : 1700233648);1700233648;;FOURNISSEUR CENTRALE;;Pas de commande associée;O;19/03/2026 00:00;;20/03/2026 12:20;0.000
3a006859-404e-48b3-abfc-537c12fe5bf6;293;Réception (B.L. : 1800331857);1800331857;;FOURNISSEUR CENTRALE;;Pas de commande associée;O;17/03/2026 00:00;;17/03/2026 17:06;0.000
3a0228ff-54cf-4b8d-96c9-e6de8c9d029a;291;Réception (B.L. : 1100211453);1100211453;;FOURNISSEUR CENTRALE;;Pas de commande associée;O;11/03/2026 00:00;;11/03/2026 12:15;0.000
3a385b1d-030b-4c3e-a166-a6890ca60f21;292;Réception (B.L. : 1800336583);1800336583;;FOURNISSEUR CENTRALE;;Pas de commande associée;O;06/04/2026 00:00;;06/04/2026 12:22;325.000
3a490682-f7ae-46e6-addb-1be73aee15eb;291;Réception (B.L. : 1700236677);1700236677;;FOURNISSEUR CENTRALE;;Pas de commande associée;O;03/04/2026 00:00;;03/04/2026 17:18;0.000
3a5c48cf-92f9-4709-91e6-095a15cc42e7;292;Réception (B.L. : 1800336695);1800336695;;FOURNISSEUR CENTRALE;;Pas de commande associée;O;05/04/2026 00:00;;06/04/2026 12:27;22.000
3a62bffe-a4bf-47c2-8700-6b95e74d0665;291;Réception (B.L. : 1100210940);1100210940;;FOURNISSEUR CENTRALE;;Pas de commande associée;O;07/03/2026 00:00;;07/03/2026 12:11;0.000
3a7b65a3-22f5-4cd3-b4fa-da4ef9c5434e;080;Réception (B.L. : 1100214615);1100214615;;FOURNISSEUR CENTRALE;;Pas de commande associée;O;30/03/2026 00:00;;30/03/2026 12:13;18.000
3a951f43-e4b3-425b-a363-bbbe988a5dd3;080;Réception (B.L. : 1800336327);1800336327;;FOURNISSEUR CENTRALE;;Pas de commande associée;O;03/04/2026 00:00;;04/04/2026 01:40;854.200
3aa27fe7-ed8e-427f-b2ef-fc9df7b45115;080;Réception (B.L. : 1800328275);1800328275;;FOURNISSEUR CENTRALE;;Pas de commande associée;O;03/03/2026 00:00;;04/03/2026 12:17;314.000
3aa77d26-3aa2-4927-8068-ae1007970988;293;Réception (B.L. : 1100212560);1100212560;;FOURNISSEUR CENTRALE;;Pas de commande associée;O;18/03/2026 00:00;;18/03/2026 12:12;0.000
3aabee0e-dadd-4f2e-8fcc-f134de2d503e;080;Réception (B.L. : 1200106488);1200106488;;FOURNISSEUR CENTRALE;;Pas de commande associée;O;14/03/2026 00:00;;14/03/2026 12:11;12.000
3ad2e030-f913-4268-8cdc-4949464cc6f2;292;Réception (B.L. : 1800330711);1800330711;;FOURNISSEUR CENTRALE;;Pas de commande associée;O;12/03/2026 00:00;;13/03/2026 12:24;10.000
3ad6fa79-2b12-47f7-8b60-f8f5b0445470;291;Réception (B.L. : 1100212670);1100212670;;FOURNISSEUR CENTRALE;;Pas de commande associée;O;19/03/2026 00:00;;19/03/2026 12:13;0.000
3b0bd131-1187-4d07-a5ee-e46feedbec1a;080;Réception (B.L. : 1800332870);1800332870;;FOURNISSEUR CENTRALE;;Pas de commande associée;O;20/03/2026 00:00;;20/03/2026 17:06;48.000
3b12c9b0-6c11-4860-9d1e-44907bcde51e;291;Réception (B.L. : 1100213088);1100213088;;FOURNISSEUR CENTRALE;;Pas de commande associée;O;20/03/2026 00:00;;20/03/2026 12:06;0.000
3b1a1fee-1315-45c2-8563-3392a54c77ea;080;Réception (B.L. : 1800334363);1800334363;;FOURNISSEUR CENTRALE;;Pas de commande associée;O;26/03/2026 00:00;;27/03/2026 12:31;6.000
3b2a6be7-6198-4dc3-ae61-f83eac6fc597;291;Réception (B.L. : 1800335502);1800335502;;FOURNISSEUR CENTRALE;;Pas de commande associée;O;31/03/2026 00:00;;01/04/2026 12:26;0.000
3b2f96d1-d117-4c03-9580-98e5fb25f996;080;Réception (B.L. : 1100213975);1100213975;;FOURNISSEUR CENTRALE;;Pas de commande associée;O;25/03/2026 00:00;;25/03/2026 12:19;30.000
3b3222d2-f2cd-4808-9d1a-cc9110433ce7;080;Réception (B.L. : 1800332762);1800332762;;FOURNISSEUR CENTRALE;;Pas de commande associée;O;20/03/2026 00:00;;20/03/2026 12:25;31.000
3b4c261d-5393-492d-9ee3-f8c7d4f66d14;292;Réception (B.L. : 1800337177);1800337177;;FOURNISSEUR CENTRALE;;Pas de commande associée;O;07/04/2026 00:00;;08/04/2026 12:20;68.000
3b5363fd-dc8e-47a6-9050-ce3cb557f6b5;293;Réception (B.L. : 1800335618);1800335618;;FOURNISSEUR CENTRALE;;Pas de commande associée;O;01/04/2026 00:00;;01/04/2026 17:18;0.000
3b546707-edb1-4ff8-8625-889d6b9d52bc;291;Réception (B.L. : 1100214911);1100214911;;FOURNISSEUR CENTRALE;;Pas de commande associée;O;01/04/2026 00:00;;01/04/2026 12:13;0.000
3b9306b0-7b8b-4a66-8a18-589037459d3d;080;Réception (B.L. : 1700237077);1700237077;;FOURNISSEUR CENTRALE;;Pas de commande associée;O;07/04/2026 00:00;;07/04/2026 12:14;18.000
3ba68c7e-3d9b-4c84-a204-82c93b425a26;080;Réception (B.L. : 1700233265);1700233265;;FOURNISSEUR CENTRALE;;Pas de commande associée;O;18/03/2026 00:00;;18/03/2026 17:01;132.000
3bb6c987-60b1-4cd1-b6dd-d711ba9b3392;292;Réception (B.L. : 1100210314);1100210314;;FOURNISSEUR CENTRALE;;Pas de commande associée;O;03/03/2026 00:00;;03/03/2026 17:01;66.000
3bb7c630-dd09-41c5-9b08-619d0f241d35;292;Réception (B.L. : 1700235561);1700235561;;FOURNISSEUR CENTRALE;;Pas de commande associée;O;30/03/2026 00:00;;30/03/2026 12:20;421.000
3bcc1b64-483e-4abc-932d-cf7e417d66ce;080;Réception (B.L. : 1800331964);1800331964;;FOURNISSEUR CENTRALE;;Pas de commande associée;O;17/03/2026 00:00;;18/03/2026 12:24;213.000
3bf22c0b-9823-40d1-9f84-672c52419b09;293;Réception (B.L. : 1800333359);1800333359;;FOURNISSEUR CENTRALE;;Pas de commande associée;O;24/03/2026 00:00;;24/03/2026 12:17;0.000
3bfea36f-8487-4160-b058-51eea3ab4289;291;Réception (B.L. : 1800329740);1800329740;;FOURNISSEUR CENTRALE;;Pas de commande associée;O;10/03/2026 00:00;;10/03/2026 12:02;0.000
3c1558db-5241-48df-902e-6083c9917b46;291;Réception (B.L. : 1800336642);1800336642;;FOURNISSEUR CENTRALE;;Pas de commande associée;O;06/04/2026 00:00;;06/04/2026 12:27;0.000
3c300e89-f82f-4873-8daf-77d8b9e912f9;292;Réception (B.L. : 1100215062);1100215062;;FOURNISSEUR CENTRALE;;Pas de commande associée;O;01/04/2026 00:00;;01/04/2026 12:13;17.000
3c65024b-7d50-4f97-a394-0f5af47ae22c;291;Réception (B.L. : 1800330566);1800330566;;FOURNISSEUR CENTRALE;;Pas de commande associée;O;12/03/2026 00:00;;12/03/2026 17:14;0.000
3c94e87d-cf9d-40e7-a655-7cb4e0040fe3;293;Réception (B.L. : 1100210453);1100210453;;FOURNISSEUR CENTRALE;;Pas de commande associée;O;04/03/2026 00:00;;04/03/2026 12:12;0.000
3c959f88-cefb-4f6a-aca0-3ff4baec57be;293;Réception (B.L. : 1700232345);1700232345;;FOURNISSEUR CENTRALE;;Pas de commande associée;O;13/03/2026 00:00;;13/03/2026 12:24;0.000
3ca790fa-e6fb-4f0c-9b6e-d31042cb2983;291;Réception (B.L. : 1700231875);1700231875;;FOURNISSEUR CENTRALE;;Pas de commande associée;O;11/03/2026 00:00;;11/03/2026 12:32;0.000
3ca79590-980a-48cd-a8c9-ff9c25345796;293;Réception (B.L. : 1700230357);1700230357;;FOURNISSEUR CENTRALE;;Pas de commande associée;O;04/03/2026 00:00;;04/03/2026 12:27;0.000
3ce06b86-32a9-4801-94ee-4bcfffad2d67;291;Réception (B.L. : 1700230932);1700230932;;FOURNISSEUR CENTRALE;;Pas de commande associée;O;06/03/2026 00:00;;06/03/2026 12:30;0.000
3d0d0ec4-6379-46d8-8b13-741fe366b055;292;Réception (B.L. : 1700234714);1700234714;;FOURNISSEUR CENTRALE;;Pas de commande associée;O;25/03/2026 00:00;;25/03/2026 12:28;7.000
3d3c601f-a62a-4a51-b6be-a050c33ca099;293;Réception (B.L. : 1800336644);1800336644;;FOURNISSEUR CENTRALE;;Pas de commande associée;O;06/04/2026 00:00;;06/04/2026 12:19;0.000
3d3cbf62-a771-4fa1-93f5-b721533997cb;291;Réception (B.L. : 1800337202);1800337202;;FOURNISSEUR CENTRALE;;Pas de commande associée;O;07/04/2026 00:00;;08/04/2026 12:26;0.000
3d6bac19-6bca-4a28-8b91-dff0aff52d3f;291;Réception (B.L. : 1700233219);1700233219;;FOURNISSEUR CENTRALE;;Pas de commande associée;O;18/03/2026 00:00;;18/03/2026 12:40;0.000
3db01f85-9504-4952-803e-fa86b4f6641b;291;Réception (B.L. : 1100211925);1100211925;;FOURNISSEUR CENTRALE;;Pas de commande associée;O;13/03/2026 00:00;;13/03/2026 12:11;0.000
3db4f8d7-b53e-4c3c-9ce7-bb887ab92181;080;Réception (B.L. : 1800328519);1800328519;;FOURNISSEUR CENTRALE;;Pas de commande associée;O;05/03/2026 00:00;;05/03/2026 12:11;40.000
3db76c8a-7deb-4420-8334-de265e5da8cb;292;Réception (B.L. : 1700232710);1700232710;;FOURNISSEUR CENTRALE;;Pas de commande associée;O;16/03/2026 00:00;;16/03/2026 12:18;2390.000
3dc5a652-cb9e-44ba-8d6c-0c7dcccf72eb;292;Réception (B.L. : 1700230369);1700230369;;FOURNISSEUR CENTRALE;;Pas de commande associée;O;04/03/2026 00:00;;04/03/2026 12:23;7.000
3dc8f027-d224-411c-a8fc-3f0a600986e8;291;Réception (B.L. : 1800336383);1800336383;;FOURNISSEUR CENTRALE;;Pas de commande associée;O;03/04/2026 00:00;;04/04/2026 01:36;0.000
3dd116c0-f281-4536-a080-a815f01b99f2;293;Réception (B.L. : 1800328325);1800328325;;FOURNISSEUR CENTRALE;;Pas de commande associée;O;03/03/2026 00:00;;04/03/2026 12:31;0.000
3ddb9a5d-5f37-4748-9fb2-9f99ca3b7d9c;080;Réception (B.L. : 1700233270);1700233270;;FOURNISSEUR CENTRALE;;Pas de commande associée;O;18/03/2026 00:00;;18/03/2026 17:06;731.000
3ddfc98e-5a12-43eb-bc9d-581875896b55;291;Réception (B.L. : 1800336390);1800336390;;FOURNISSEUR CENTRALE;;Pas de commande associée;O;03/04/2026 00:00;;04/04/2026 01:43;0.000
3de80242-8d0f-4298-8236-111df511625c;293;Réception (B.L. : 1800336394);1800336394;;FOURNISSEUR CENTRALE;;Pas de commande associée;O;03/04/2026 00:00;;04/04/2026 01:38;0.000
3df28cba-c9ee-42a8-94ae-ce3a689bea3d;293;Réception (B.L. : 1700232347);1700232347;;FOURNISSEUR CENTRALE;;Pas de commande associée;O;13/03/2026 00:00;;13/03/2026 12:26;0.000
3e0d7faa-8411-4539-aedf-53183c6f803f;291;Réception (B.L. : 1700233188);1700233188;;FOURNISSEUR CENTRALE;;Pas de commande associée;O;18/03/2026 00:00;;18/03/2026 12:34;0.000
3e0fd0bd-716c-4cdb-9f50-cced263b27d7;292;Réception (B.L. : 1800336581);1800336581;;FOURNISSEUR CENTRALE;;Pas de commande associée;O;06/04/2026 00:00;;06/04/2026 12:20;30.000
3e105174-3541-405c-a656-9815223811d2;080;Réception (B.L. : 1200108185);1200108185;;FOURNISSEUR CENTRALE;;Pas de commande associée;O;08/04/2026 00:00;;08/04/2026 12:11;323.000
3e244065-876d-4489-aea3-6f5ed9637c10;293;Réception (B.L. : 1800335874);1800335874;;FOURNISSEUR CENTRALE;;Pas de commande associée;O;02/04/2026 00:00;;02/04/2026 17:14;0.000
3e24f0e3-b49f-49f2-b190-0db178455ac1;292;Réception (B.L. : 1700229812);1700229812;;FOURNISSEUR CENTRALE;;Pas de commande associée;O;02/03/2026 00:00;;02/03/2026 12:20;7.000
3e469bde-e0d3-4de9-b830-357a315684e7;292;Réception (B.L. : 1700235323);1700235323;;FOURNISSEUR CENTRALE;;Pas de commande associée;O;28/03/2026 00:00;;28/03/2026 12:20;2.000
3e63ba36-244e-437b-8308-5bf6837ce2a2;291;Réception (B.L. : 1700230854);1700230854;;FOURNISSEUR CENTRALE;;Pas de commande associée;O;06/03/2026 00:00;;06/03/2026 12:19;0.000
3e65df3c-40af-454e-8e90-e1ccda9df8a0;291;Réception (B.L. : 1100211639);1100211639;;FOURNISSEUR CENTRALE;;Pas de commande associée;O;12/03/2026 00:00;;12/03/2026 12:03;0.000
3e65e577-254c-4226-adb8-15461b520555;292;Réception (B.L. : 1700235560);1700235560;;FOURNISSEUR CENTRALE;;Pas de commande associée;O;30/03/2026 00:00;;30/03/2026 12:19;575.000
3e7ed37f-b165-4f43-aa9d-4614bce28a73;080;Réception (B.L. : 1800328277);1800328277;;FOURNISSEUR CENTRALE;;Pas de commande associée;O;03/03/2026 00:00;;04/03/2026 12:19;559.088
3e8c50a6-2afe-491d-8038-6af74d1e9ec1;293;Réception (B.L. : 1100215546);1100215546;;FOURNISSEUR CENTRALE;;Pas de commande associée;O;03/04/2026 00:00;;03/04/2026 12:19;0.000
3eca9652-0a29-47da-b1da-439dfd27ec83;291;Réception (B.L. : 1100214108);1100214108;;FOURNISSEUR CENTRALE;;Pas de commande associée;O;26/03/2026 00:00;;26/03/2026 12:12;0.000
3ee01116-725b-4c60-ba97-674d610d306b;291;Réception (B.L. : 1800329745);1800329745;;FOURNISSEUR CENTRALE;;Pas de commande associée;O;10/03/2026 00:00;;10/03/2026 12:07;0.000
3ee64456-e58c-4124-98db-1bf395ae096c;292;Réception (B.L. : 1700231448);1700231448;;FOURNISSEUR CENTRALE;;Pas de commande associée;O;09/03/2026 00:00;;09/03/2026 17:16;7.000
3ee6a39d-4173-47c0-9f9e-e4af46c6340a;291;Réception (B.L. : 1800334874);1800334874;;FOURNISSEUR CENTRALE;;Pas de commande associée;O;29/03/2026 00:00;;30/03/2026 12:29;0.000
3f2c0055-4887-4ff0-8781-8075c82ad456;293;Réception (B.L. : 1800332985);1800332985;;FOURNISSEUR CENTRALE;;Pas de commande associée;O;20/03/2026 00:00;;20/03/2026 17:04;0.000
3f2c4f54-9c73-4427-a620-c72b51a7a383;293;Réception (B.L. : 1700232713);1700232713;;FOURNISSEUR CENTRALE;;Pas de commande associée;O;16/03/2026 00:00;;16/03/2026 12:21;0.000
3f484480-8875-4567-9a58-4fe65c8a4ced;292;Réception (B.L. : 1700236654);1700236654;;FOURNISSEUR CENTRALE;;Pas de commande associée;O;03/04/2026 00:00;;03/04/2026 17:13;195.000
3f4a6650-2101-4266-8625-66ac400679c5;293;Réception (B.L. : 1200107341);1200107341;;FOURNISSEUR CENTRALE;;Pas de commande associée;O;27/03/2026 00:00;;27/03/2026 12:12;0.000
3f50fe3b-1dd2-45b9-aead-fd7b32e75d1a;293;Réception (B.L. : 1800331378);1800331378;;FOURNISSEUR CENTRALE;;Pas de commande associée;O;15/03/2026 00:00;;16/03/2026 12:33;0.000
3f5146e6-59db-4e0f-b48a-56852a0519dc;292;Réception (B.L. : 1100212558);1100212558;;FOURNISSEUR CENTRALE;;Pas de commande associée;O;18/03/2026 00:00;;18/03/2026 12:13;114.000
3f9cbd49-18dc-4b3a-9a6b-ae45e40f1e67;291;Réception (B.L. : 1800336694);1800336694;;FOURNISSEUR CENTRALE;;Pas de commande associée;O;05/04/2026 00:00;;06/04/2026 12:28;0.000
3fa773a9-9aff-4139-95cd-8ac78266d63e;291;Réception (B.L. : 1700236059);1700236059;;FOURNISSEUR CENTRALE;;Pas de commande associée;O;01/04/2026 00:00;;01/04/2026 17:22;0.000
3fdb0685-d193-4097-be3b-b96a91e50024;291;Réception (B.L. : 1800327774);1800327774;;FOURNISSEUR CENTRALE;;Pas de commande associée;O;02/03/2026 00:00;;02/03/2026 12:31;0.000
3fde5e13-b085-4dc7-bc72-c6ebb9b57c36;292;Réception (B.L. : 1800331642);1800331642;;FOURNISSEUR CENTRALE;;Pas de commande associée;O;16/03/2026 00:00;;17/03/2026 12:02;225.000
3fe9812b-5f1d-42f9-9ff9-78f84288cc88;292;Réception (B.L. : 1700235239);1700235239;;FOURNISSEUR CENTRALE;;Pas de commande associée;O;27/03/2026 00:00;;27/03/2026 17:14;12.000
3ff2176b-6f63-41d7-8036-fece09d04eaf;292;Réception (B.L. : 1700234169);1700234169;;FOURNISSEUR CENTRALE;;Pas de commande associée;O;23/03/2026 00:00;;23/03/2026 12:18;196.000
400576be-7c9c-4f3d-8ae2-8554d9b2ad90;080;Réception (B.L. : 1800331490);1800331490;;FOURNISSEUR CENTRALE;;Pas de commande associée;O;16/03/2026 00:00;;16/03/2026 12:36;14.000
400a6dd6-8186-4c81-ae33-7fced59af92a;293;Réception (B.L. : 1800328037);1800328037;;FOURNISSEUR CENTRALE;;Pas de commande associée;O;03/03/2026 00:00;;03/03/2026 12:07;0.000
400be802-f029-4d2f-ae1f-073d663548d5;293;Réception (B.L. : 1100210959);1100210959;;FOURNISSEUR CENTRALE;;Pas de commande associée;O;07/03/2026 00:00;;07/03/2026 12:11;0.000
40348b6f-1b61-4977-935d-483d4cb05b6f;292;Réception (B.L. : 1100211552);1100211552;;FOURNISSEUR CENTRALE;;Pas de commande associée;O;11/03/2026 00:00;;11/03/2026 17:01;3.000
40531b91-7b05-4460-a015-4a643494f60b;293;Réception (B.L. : 1800330543);1800330543;;FOURNISSEUR CENTRALE;;Pas de commande associée;O;12/03/2026 00:00;;12/03/2026 12:15;0.000
405696b6-2253-4769-af9e-77f8ec8f89f8;293;Réception (B.L. : 1800336822);1800336822;;FOURNISSEUR CENTRALE;;Pas de commande associée;O;06/04/2026 00:00;;06/04/2026 12:29;0.000
4069f61d-e6c8-476d-abf5-c02b2b20f803;292;Réception (B.L. : 1100212217);1100212217;;FOURNISSEUR CENTRALE;;Pas de commande associée;O;16/03/2026 00:00;;16/03/2026 12:14;4.000
4082f7a9-4ec5-4388-a90c-4a7441fa92c1;291;Réception (B.L. : 1700236041);1700236041;;FOURNISSEUR CENTRALE;;Pas de commande associée;O;01/04/2026 00:00;;01/04/2026 17:11;0.000
408ed0df-237c-4aee-bb24-ebed3c724d5a;292;Réception (B.L. : 1800328124);1800328124;;FOURNISSEUR CENTRALE;;Pas de commande associée;O;03/03/2026 00:00;;03/03/2026 17:03;18.000
409b1255-0157-47ce-87e5-44773a63e7f1;292;Réception (B.L. : 1100215583);1100215583;;FOURNISSEUR CENTRALE;;Pas de commande associée;O;03/04/2026 00:00;;03/04/2026 12:14;6.000
40b95b54-ef4c-4cf5-96eb-4a08439cc8ef;293;Réception (B.L. : 1700230872);1700230872;;FOURNISSEUR CENTRALE;;Pas de commande associée;O;06/03/2026 00:00;;06/03/2026 12:27;0.000
40bdf2f4-df66-4b7e-a484-635edc3bc427;292;Réception (B.L. : 1700230344);1700230344;;FOURNISSEUR CENTRALE;;Pas de commande associée;O;04/03/2026 00:00;;04/03/2026 12:17;1000.000
40bf2f75-57c5-4112-85ac-5120a9ae705b;292;Réception (B.L. : 1800334102);1800334102;;FOURNISSEUR CENTRALE;;Pas de commande associée;O;26/03/2026 00:00;;26/03/2026 12:26;10.000
40cff7ca-95d3-481a-9567-de6ca1963d03;291;Réception (B.L. : 1800332670);1800332670;;FOURNISSEUR CENTRALE;;Pas de commande associée;O;19/03/2026 00:00;;20/03/2026 12:27;0.000
40d58faa-7fa0-4de4-bb81-755193b360d6;293;Réception (B.L. : 1700231975);1700231975;;FOURNISSEUR CENTRALE;;Pas de commande associée;O;11/03/2026 00:00;;11/03/2026 17:01;0.000
41104e33-38a6-48d7-a410-2461302b273b;080;Réception (B.L. : 1800331394);1800331394;;FOURNISSEUR CENTRALE;;Pas de commande associée;O;15/03/2026 00:00;;16/03/2026 12:31;275.000
4111170d-acd3-4f8a-a122-4ce94922e488;292;Réception (B.L. : 1700230346);1700230346;;FOURNISSEUR CENTRALE;;Pas de commande associée;O;04/03/2026 00:00;;04/03/2026 12:19;1900.000
41116510-7cf4-4e9f-aa43-beeec00006d6;293;Réception (B.L. : 1100213726);1100213726;;FOURNISSEUR CENTRALE;;Pas de commande associée;O;24/03/2026 00:00;;24/03/2026 17:12;0.000
41139a15-b275-4c85-9408-c0f929a7e5b3;080;Réception (B.L. : 1100214838);1100214838;;FOURNISSEUR CENTRALE;;Pas de commande associée;O;31/03/2026 00:00;;31/03/2026 17:11;48.000
4116a6b6-3d81-4ec0-9761-8a2c6a980762;080;Réception (B.L. : 1100212740);1100212740;;FOURNISSEUR CENTRALE;;Pas de commande associée;O;19/03/2026 00:00;;19/03/2026 12:13;60.000
41225009-0b10-4edc-9591-5bea0bbabcd4;293;Réception (B.L. : 1800336131);1800336131;;FOURNISSEUR CENTRALE;;Pas de commande associée;O;02/04/2026 00:00;;03/04/2026 12:24;0.000
4126b040-1cf9-4dca-8259-c6c4744f0b86;291;Réception (B.L. : 1100211928);1100211928;;FOURNISSEUR CENTRALE;;Pas de commande associée;O;13/03/2026 00:00;;13/03/2026 12:14;0.000
41480d3d-3589-4cff-ab88-87c9d0144b17;291;Réception (B.L. : 1800335505);1800335505;;FOURNISSEUR CENTRALE;;Pas de commande associée;O;31/03/2026 00:00;;01/04/2026 12:29;0.000
415986df-382b-4d6c-9647-384ece5c5f33;080;Réception (B.L. : 1700232740);1700232740;;FOURNISSEUR CENTRALE;;Pas de commande associée;O;16/03/2026 00:00;;16/03/2026 12:22;1178.000
4169cc6d-5ef4-4068-ae1f-49f9ea80b6bd;080;Réception (B.L. : 1800329991);1800329991;;FOURNISSEUR CENTRALE;;Pas de commande associée;O;10/03/2026 00:00;;10/03/2026 17:04;7.000
416bf7e0-5d67-4ca5-b264-52a8bed9bbfd;080;Réception (B.L. : 1200106956);1200106956;;FOURNISSEUR CENTRALE;;Pas de commande associée;O;23/03/2026 00:00;;23/03/2026 17:10;0.000
418cee58-870e-4de1-b81c-66b847180a2f;080;Réception (B.L. : 1100215848);1100215848;;FOURNISSEUR CENTRALE;;Pas de commande associée;O;06/04/2026 00:00;;06/04/2026 12:12;2405.000
41c44aa0-8976-4e18-ad4d-7723ac8fe6fc;293;Réception (B.L. : 1800335974);1800335974;;FOURNISSEUR CENTRALE;;Pas de commande associée;O;02/04/2026 00:00;;02/04/2026 17:19;0.000
41ef93e5-5395-418b-a2ab-0e6753bd9ae5;291;Réception (B.L. : 1800335744);1800335744;;FOURNISSEUR CENTRALE;;Pas de commande associée;O;02/04/2026 00:00;;02/04/2026 12:23;0.000
41f86852-28e3-4033-8c84-045b86676162;291;Réception (B.L. : 1800332671);1800332671;;FOURNISSEUR CENTRALE;;Pas de commande associée;O;19/03/2026 00:00;;20/03/2026 12:28;0.000
41fdb3df-b917-46e8-af16-4e81b1cecd82;291;Réception (B.L. : 1800336391);1800336391;;FOURNISSEUR CENTRALE;;Pas de commande associée;O;03/04/2026 00:00;;04/04/2026 01:44;0.000
420201d0-27a0-40ae-bf73-d25f2a94782e;291;Réception (B.L. : 1700237187);1700237187;;FOURNISSEUR CENTRALE;;Pas de commande associée;O;07/04/2026 00:00;;07/04/2026 12:20;0.000
4228d1bc-d2e0-40ab-9bd4-69a06a38e59b;291;Réception (B.L. : 1100213996);1100213996;;FOURNISSEUR CENTRALE;;Pas de commande associée;O;25/03/2026 00:00;;25/03/2026 12:22;0.000
426cb27f-f295-48f5-afed-47d72c7a0b3a;293;Réception (B.L. : 1800336936);1800336936;;FOURNISSEUR CENTRALE;;Pas de commande associée;O;06/04/2026 00:00;;07/04/2026 12:26;0.000
42b4cf03-708e-408d-850c-d692f26d0765;292;Réception (B.L. : 1100215539);1100215539;;FOURNISSEUR CENTRALE;;Pas de commande associée;O;03/04/2026 00:00;;03/04/2026 12:13;262.000
42db9c13-f98b-4fe2-b579-c44795f72e29;291;Réception (B.L. : 1700234101);1700234101;;FOURNISSEUR CENTRALE;;Pas de commande associée;O;23/03/2026 00:00;;23/03/2026 12:27;0.000
42f65b45-90e7-4015-9e10-d273872fd383;293;Réception (B.L. : 1200107908);1200107908;;FOURNISSEUR CENTRALE;;Pas de commande associée;O;03/04/2026 00:00;;03/04/2026 12:11;0.000
42f738ea-e489-420a-8d57-e60c1625f382;080;Réception (B.L. : 1700230649);1700230649;;FOURNISSEUR CENTRALE;;Pas de commande associée;O;06/03/2026 00:00;;06/03/2026 12:17;1097.000
430ec000-2225-409b-a1ee-226d83d2c21e;293;Réception (B.L. : 1100210867);1100210867;;FOURNISSEUR CENTRALE;;Pas de commande associée;O;06/03/2026 00:00;;06/03/2026 12:17;0.000
431af190-4d7d-4549-a65a-4dbdcacbaa68;293;Réception (B.L. : 1800331380);1800331380;;FOURNISSEUR CENTRALE;;Pas de commande associée;O;15/03/2026 00:00;;16/03/2026 12:35;0.000
4321cc18-fb35-46bc-85af-76907569f013;292;Réception (B.L. : 1800334515);1800334515;;FOURNISSEUR CENTRALE;;Pas de commande associée;O;27/03/2026 00:00;;27/03/2026 17:15;1.000
4325da89-552b-4100-9b28-70d4989ea812;293;Réception (B.L. : 1800329716);1800329716;;FOURNISSEUR CENTRALE;;Pas de commande associée;O;10/03/2026 00:00;;10/03/2026 12:03;0.000
432e8a20-2287-4c35-924e-6f8b69949845;080;Réception (B.L. : 1800333469);1800333469;;FOURNISSEUR CENTRALE;;Pas de commande associée;O;24/03/2026 00:00;;24/03/2026 17:14;8.000
4359e1ab-712b-4269-acc8-f7e7a371882f;293;Réception (B.L. : 1100213843);1100213843;;FOURNISSEUR CENTRALE;;Pas de commande associée;O;25/03/2026 00:00;;25/03/2026 12:11;0.000
435bc30b-5580-470b-8eb5-32f09bd467b8;080;Réception (B.L. : 1800328791);1800328791;;FOURNISSEUR CENTRALE;;Pas de commande associée;O;05/03/2026 00:00;;05/03/2026 17:16;1.000
4365e053-77a0-43e3-a4fd-7d1d05ae2200;080;Réception (B.L. : 1800334855);1800334855;;FOURNISSEUR CENTRALE;;Pas de commande associée;O;29/03/2026 00:00;;30/03/2026 12:24;12.000
438f1d58-7b4d-4099-98df-2e4bbeb1b344;292;Réception (B.L. : 1100213976);1100213976;;FOURNISSEUR CENTRALE;;Pas de commande associée;O;25/03/2026 00:00;;25/03/2026 12:16;6.000
439e519e-daf7-4652-98f1-15daf95da4db;293;Réception (B.L. : 1100212167);1100212167;;FOURNISSEUR CENTRALE;;Pas de commande associée;O;16/03/2026 00:00;;16/03/2026 12:14;0.000
43bd98cc-266e-4f93-9707-7043d012ad5b;080;Réception (B.L. : 1700234142);1700234142;;FOURNISSEUR CENTRALE;;Pas de commande associée;O;23/03/2026 00:00;;23/03/2026 12:13;880.000
43e16623-151e-4358-87aa-55fe8d78aa90;291;Réception (B.L. : 1700230860);1700230860;;FOURNISSEUR CENTRALE;;Pas de commande associée;O;06/03/2026 00:00;;06/03/2026 12:25;0.000
43f01b7c-2a02-40b4-af40-e23f6c8b470e;080;Réception (B.L. : 1800328367);1800328367;;FOURNISSEUR CENTRALE;;Pas de commande associée;O;04/03/2026 00:00;;04/03/2026 12:24;10.000
4400b259-cfdd-4f78-b179-360fd0b286de;291;Réception (B.L. : 1100211456);1100211456;;FOURNISSEUR CENTRALE;;Pas de commande associée;O;11/03/2026 00:00;;11/03/2026 12:18;0.000
44099155-38a5-47d0-832d-1effe62a7a38;080;Réception (B.L. : 1100210479);1100210479;;FOURNISSEUR CENTRALE;;Pas de commande associée;O;04/03/2026 00:00;;04/03/2026 12:05;9.000
441cc09e-deb0-4c38-b45e-25c75f73da90;292;Réception (B.L. : 1800331777);1800331777;;FOURNISSEUR CENTRALE;;Pas de commande associée;O;17/03/2026 00:00;;17/03/2026 17:06;14.000
441e2818-75a1-484e-bb28-fb93ddeb0188;293;Réception (B.L. : 1800334398);1800334398;;FOURNISSEUR CENTRALE;;Pas de commande associée;O;26/03/2026 00:00;;27/03/2026 12:37;0.000
446822b0-14cb-4661-95ae-9ae3fd18a0ca;293;Réception (B.L. : 1800328895);1800328895;;FOURNISSEUR CENTRALE;;Pas de commande associée;O;05/03/2026 00:00;;06/03/2026 12:33;0.000
448371ef-e852-4818-9ba6-38872fcf67cb;293;Réception (B.L. : 1800335748);1800335748;;FOURNISSEUR CENTRALE;;Pas de commande associée;O;02/04/2026 00:00;;02/04/2026 12:16;0.000
4489561c-ef8d-46f3-bf08-c17fd56a4c68;080;Réception (B.L. : 1100210952);1100210952;;FOURNISSEUR CENTRALE;;Pas de commande associée;O;07/03/2026 00:00;;07/03/2026 12:12;1.000
449e14a1-a9cf-4929-967d-ff5e3496c2ab;291;Réception (B.L. : 1800335338);1800335338;;FOURNISSEUR CENTRALE;;Pas de commande associée;O;31/03/2026 00:00;;31/03/2026 17:16;0.000
44b49d91-9fcf-4469-845e-df5d2e614791;293;Réception (B.L. : 1800332371);1800332371;;FOURNISSEUR CENTRALE;;Pas de commande associée;O;19/03/2026 00:00;;19/03/2026 12:27;0.000
44d9cdf4-6bb6-43d4-843d-55557939f260;292;Réception (B.L. : 1100210448);1100210448;;FOURNISSEUR CENTRALE;;Pas de commande associée;O;04/03/2026 00:00;;04/03/2026 12:12;4025.000
44f6e94f-3700-4fc4-bed1-b136a6e9ddb9;293;Réception (B.L. : 1800334631);1800334631;;FOURNISSEUR CENTRALE;;Pas de commande associée;O;27/03/2026 00:00;;27/03/2026 23:45;0.000
4500c206-e7be-483a-8f23-f391c4eafa84;291;Réception (B.L. : 1700237405);1700237405;;FOURNISSEUR CENTRALE;;Pas de commande associée;O;08/04/2026 00:00;;08/04/2026 12:22;0.000
450c9285-763d-45ee-8ced-74ac15b77e84;080;Réception (B.L. : 1800331203);1800331203;;FOURNISSEUR CENTRALE;;Pas de commande associée;O;14/03/2026 00:00;;14/03/2026 17:02;50.000
45134d41-264a-42a0-8788-060dd5bfe93c;293;Réception (B.L. : 1700231900);1700231900;;FOURNISSEUR CENTRALE;;Pas de commande associée;O;11/03/2026 00:00;;11/03/2026 12:26;0.000
4513df02-dfb5-4451-85c4-42ef8d92e348;291;Réception (B.L. : 1800334379);1800334379;;FOURNISSEUR CENTRALE;;Pas de commande associée;O;26/03/2026 00:00;;27/03/2026 12:21;0.000
4552d7f1-f3fc-4a26-a5e8-9bedeacf1532;080;Réception (B.L. : 1100215847);1100215847;;FOURNISSEUR CENTRALE;;Pas de commande associée;O;06/04/2026 00:00;;06/04/2026 12:11;880.000
455ecb54-194c-4e59-a630-1176a2888d3f;291;Réception (B.L. : 1800328752);1800328752;;FOURNISSEUR CENTRALE;;Pas de commande associée;O;05/03/2026 00:00;;05/03/2026 17:15;0.000
456729e4-427f-486b-9047-b34bd34281a9;291;Réception (B.L. : 1800335218);1800335218;;FOURNISSEUR CENTRALE;;Pas de commande associée;O;31/03/2026 00:00;;31/03/2026 17:11;0.000
456a3e62-b2c7-49a9-b52a-83d7890b7141;293;Réception (B.L. : 1800329431);1800329431;;FOURNISSEUR CENTRALE;;Pas de commande associée;O;09/03/2026 00:00;;09/03/2026 12:33;0.000
45771bd0-b760-486d-8dc0-6b4e498b90ab;292;Réception (B.L. : 1700233253);1700233253;;FOURNISSEUR CENTRALE;;Pas de commande associée;O;18/03/2026 00:00;;18/03/2026 12:16;1442.000
45782c11-7ab1-4389-b43e-93292505bed2;291;Réception (B.L. : 1100215670);1100215670;;FOURNISSEUR CENTRALE;;Pas de commande associée;O;04/04/2026 00:00;;04/04/2026 12:13;0.000
45822821-639d-49fb-ad9f-55cc539e9ac0;291;Réception (B.L. : 1800328949);1800328949;;FOURNISSEUR CENTRALE;;Pas de commande associée;O;05/03/2026 00:00;;06/03/2026 12:36;0.000
458303a8-7b4a-4460-a42e-0768f384be0d;291;Réception (B.L. : 1700231859);1700231859;;FOURNISSEUR CENTRALE;;Pas de commande associée;O;11/03/2026 00:00;;11/03/2026 12:24;0.000
4587b183-b90f-4dfd-b9f3-10c0381e5dea;080;Réception (B.L. : 1800334386);1800334386;;FOURNISSEUR CENTRALE;;Pas de commande associée;O;26/03/2026 00:00;;27/03/2026 12:36;41.000
458e2e99-1ce4-47a1-be4d-1ad856dc703c;293;Réception (B.L. : 1700233195);1700233195;;FOURNISSEUR CENTRALE;;Pas de commande associée;O;18/03/2026 00:00;;18/03/2026 12:19;0.000
45baa7b4-cdae-43d2-a241-9e84d1f03e11;293;Réception (B.L. : 1700236615);1700236615;;FOURNISSEUR CENTRALE;;Pas de commande associée;O;03/04/2026 00:00;;03/04/2026 17:15;0.000
45c48e40-dfb6-425c-82f8-18807c6ba105;292;Réception (B.L. : 1800333388);1800333388;;FOURNISSEUR CENTRALE;;Pas de commande associée;O;24/03/2026 00:00;;24/03/2026 12:14;162.000
45fe6288-6f40-4c29-8f3e-0f83b6a96dc6;080;Réception (B.L. : 1800332305);1800332305;;FOURNISSEUR CENTRALE;;Pas de commande associée;O;18/03/2026 00:00;;19/03/2026 12:18;40.000
46420fde-40b9-41f9-b59b-7deb2085c3c0;080;Réception (B.L. : 1800330448);1800330448;;FOURNISSEUR CENTRALE;;Pas de commande associée;O;11/03/2026 00:00;;12/03/2026 12:02;99.000
4663fd70-38e4-461b-9813-85ec69465de0;080;Réception (B.L. : 1700235152);1700235152;;FOURNISSEUR CENTRALE;;Pas de commande associée;O;27/03/2026 00:00;;27/03/2026 12:17;120.000
466e5f3b-92ec-4597-b5e4-8e83ca1be427;291;Réception (B.L. : 1100210392);1100210392;;FOURNISSEUR CENTRALE;;Pas de commande associée;O;04/03/2026 00:00;;04/03/2026 12:17;0.000
4677a12c-4a37-46fc-8df9-d69d0a660509;293;Réception (B.L. : 1800335832);1800335832;;FOURNISSEUR CENTRALE;;Pas de commande associée;O;02/04/2026 00:00;;02/04/2026 12:22;0.000
46acba0b-909f-43de-b02a-f0ff097b9a56;292;Réception (B.L. : 1800331376);1800331376;;FOURNISSEUR CENTRALE;;Pas de commande associée;O;15/03/2026 00:00;;16/03/2026 12:25;16.889
46ba56db-d381-4471-9902-dbc0a60bb313;293;Réception (B.L. : 1700231072);1700231072;;FOURNISSEUR CENTRALE;;Pas de commande associée;O;07/03/2026 00:00;;07/03/2026 12:13;0.000
46c3ce2a-0a0b-40a9-adbc-7fab425286cd;291;Réception (B.L. : 1700233190);1700233190;;FOURNISSEUR CENTRALE;;Pas de commande associée;O;18/03/2026 00:00;;18/03/2026 12:36;0.000
4706290e-5b0a-45bc-894b-e627a8d68174;080;Réception (B.L. : 1800328580);1800328580;;FOURNISSEUR CENTRALE;;Pas de commande associée;O;05/03/2026 00:00;;05/03/2026 12:15;15.000
4744978d-38b9-4f77-a77b-9ee3a1b69a6c;293;Réception (B.L. : 1800330903);1800330903;;FOURNISSEUR CENTRALE;;Pas de commande associée;O;13/03/2026 00:00;;13/03/2026 12:37;0.000
47ccba20-a46f-4755-afbe-5f2d1cf28232;293;Réception (B.L. : 1800329879);1800329879;;FOURNISSEUR CENTRALE;;Pas de commande associée;O;10/03/2026 00:00;;10/03/2026 12:11;0.000
47e586c5-3b26-4310-bcab-89391bfa6559;292;Réception (B.L. : 1800333718);1800333718;;FOURNISSEUR CENTRALE;;Pas de commande associée;O;24/03/2026 00:00;;25/03/2026 12:29;98.000
47e842c8-476b-4d69-b380-38d532ddf4f0;292;Réception (B.L. : 1100211897);1100211897;;FOURNISSEUR CENTRALE;;Pas de commande associée;O;13/03/2026 00:00;;13/03/2026 12:11;1447.000
47fe7e1c-5c6e-4dbd-95c7-c7c70627c59a;291;Réception (B.L. : 1800331606);1800331606;;FOURNISSEUR CENTRALE;;Pas de commande associée;O;16/03/2026 00:00;;17/03/2026 12:07;0.000
482382f8-d7d1-49ea-aff9-1a5b7f8f0de0;080;Réception (B.L. : 1100210086);1100210086;;FOURNISSEUR CENTRALE;;Pas de commande associée;O;02/03/2026 00:00;;02/03/2026 12:12;8.000
48262dd2-4251-4d64-94cd-a01ce53ba992;292;Réception (B.L. : 1200106063);1200106063;;FOURNISSEUR CENTRALE;;Pas de commande associée;O;09/03/2026 00:00;;09/03/2026 12:12;150.000
4858f9cc-a66a-48fa-976c-68b9b4cf64e7;291;Réception (B.L. : 1700231349);1700231349;;FOURNISSEUR CENTRALE;;Pas de commande associée;O;09/03/2026 00:00;;09/03/2026 12:20;0.000
485fac9c-248a-448b-9bf0-f637eceaecc6;293;Réception (B.L. : 1100214003);1100214003;;FOURNISSEUR CENTRALE;;Pas de commande associée;O;25/03/2026 00:00;;25/03/2026 12:21;0.000
4877f036-e9af-44a5-b455-ef0f9f4c1cd8;293;Réception (B.L. : 1100211906);1100211906;;FOURNISSEUR CENTRALE;;Pas de commande associée;O;13/03/2026 00:00;;13/03/2026 12:19;0.000
4883cca7-fc33-4f0c-b118-93245789bb13;292;Réception (B.L. : 1700234233);1700234233;;FOURNISSEUR CENTRALE;;Pas de commande associée;O;23/03/2026 00:00;;23/03/2026 17:12;24.000
48853035-5ca4-4e4e-8fc1-55b124aa7621;293;Réception (B.L. : 1800329182);1800329182;;FOURNISSEUR CENTRALE;;Pas de commande associée;O;06/03/2026 00:00;;06/03/2026 17:18;0.000
48929fae-7482-4161-b916-bd344038ac83;080;Réception (B.L. : 1800333863);1800333863;;FOURNISSEUR CENTRALE;;Pas de commande associée;O;25/03/2026 00:00;;25/03/2026 17:11;2.000
48b45859-6292-4a38-ad8c-6d1b18df7fc2;291;Réception (B.L. : 1700236986);1700236986;;FOURNISSEUR CENTRALE;;Pas de commande associée;O;06/04/2026 00:00;;06/04/2026 12:22;0.000
48e2fd6c-095a-40de-a478-b25bd40c57a4;293;Réception (B.L. : 1800336134);1800336134;;FOURNISSEUR CENTRALE;;Pas de commande associée;O;02/04/2026 00:00;;03/04/2026 12:27;0.000
490ef8e5-3b92-4603-9abd-4fc98e8f3f0e;292;Réception (B.L. : 1700233258);1700233258;;FOURNISSEUR CENTRALE;;Pas de commande associée;O;18/03/2026 00:00;;18/03/2026 12:21;1587.000
4919cf70-e417-49eb-bdc6-de2c1ba9d54b;292;Réception (B.L. : 1100210047);1100210047;;FOURNISSEUR CENTRALE;;Pas de commande associée;O;02/03/2026 00:00;;02/03/2026 12:12;48.000
4933bfa1-aca1-4e0f-baf9-4c9051b646f3;080;Réception (B.L. : 1800331138);1800331138;;FOURNISSEUR CENTRALE;;Pas de commande associée;O;14/03/2026 00:00;;14/03/2026 12:13;23.000
496128c5-cffc-4035-bb4e-9a5f0042331f;291;Réception (B.L. : 1100211935);1100211935;;FOURNISSEUR CENTRALE;;Pas de commande associée;O;13/03/2026 00:00;;13/03/2026 12:16;0.000
498af755-b782-4d82-a7d6-1fc76d32ebc2;291;Réception (B.L. : 1800334380);1800334380;;FOURNISSEUR CENTRALE;;Pas de commande associée;O;26/03/2026 00:00;;27/03/2026 12:22;0.000
49a84e85-60fd-47f0-9803-8d7695772122;080;Réception (B.L. : 1800327697);1800327697;;FOURNISSEUR CENTRALE;;Pas de commande associée;O;01/03/2026 00:00;;02/03/2026 12:23;40.000
49a85392-deb0-4530-92b2-8791428e064c;293;Réception (B.L. : 1800328326);1800328326;;FOURNISSEUR CENTRALE;;Pas de commande associée;O;03/03/2026 00:00;;04/03/2026 12:32;0.000
49b4af1e-7ff9-438b-a03f-822d49da055e;293;Réception (B.L. : 1800334634);1800334634;;FOURNISSEUR CENTRALE;;Pas de commande associée;O;27/03/2026 00:00;;27/03/2026 23:48;0.000
49d01e62-742a-43d3-9435-f704c4ff0c70;080;Réception (B.L. : 1800336527);1800336527;;FOURNISSEUR CENTRALE;;Pas de commande associée;O;04/04/2026 00:00;;04/04/2026 12:14;110.400
49d6c2af-4987-4036-bddb-a4d44f272bd8;292;Réception (B.L. : 1800337226);1800337226;;FOURNISSEUR CENTRALE;;Pas de commande associée;O;08/04/2026 00:00;;08/04/2026 12:22;28.000
49dfb031-a59d-4ca1-a67a-629d98c07d70;292;Réception (B.L. : 1100214574);1100214574;;FOURNISSEUR CENTRALE;;Pas de commande associée;O;30/03/2026 00:00;;30/03/2026 12:14;1481.000
49f07405-ce59-4c50-b617-c79eb53bc428;292;Réception (B.L. : 1800332478);1800332478;;FOURNISSEUR CENTRALE;;Pas de commande associée;O;19/03/2026 00:00;;19/03/2026 17:26;80.500
49ffc9c6-948d-4188-b594-54fe6c1a45ce;293;Réception (B.L. : 1700230865);1700230865;;FOURNISSEUR CENTRALE;;Pas de commande associée;O;06/03/2026 00:00;;06/03/2026 12:20;0.000
4a097a2d-4e27-4733-a5c5-3d15e6683b84;080;Réception (B.L. : 1700235521);1700235521;;FOURNISSEUR CENTRALE;;Pas de commande associée;O;30/03/2026 00:00;;30/03/2026 12:22;12.000
4a4d38fe-0d93-4b1f-8a7a-61f2a105e72a;293;Réception (B.L. : 1200108113);1200108113;;FOURNISSEUR CENTRALE;;Pas de commande associée;O;07/04/2026 00:00;;07/04/2026 17:11;0.000
4a6c7303-66d7-4d5f-9758-cd9d0dcec391;080;Réception (B.L. : 1800335671);1800335671;;FOURNISSEUR CENTRALE;;Pas de commande associée;O;02/04/2026 00:00;;02/04/2026 12:14;124.519
4a998bcb-7ade-499d-9e0a-6e778906bc09;292;Réception (B.L. : 1700236170);1700236170;;FOURNISSEUR CENTRALE;;Pas de commande associée;O;02/04/2026 00:00;;02/04/2026 12:15;6.000
4aa80c33-41a6-4fc8-b05c-e8543335312a;291;Réception (B.L. : 1700236700);1700236700;;FOURNISSEUR CENTRALE;;Pas de commande associée;O;04/04/2026 00:00;;04/04/2026 12:14;0.000
4aa81179-3f98-4b34-b926-4ec384b56269;292;Réception (B.L. : 1800329467);1800329467;;FOURNISSEUR CENTRALE;;Pas de commande associée;O;09/03/2026 00:00;;09/03/2026 12:15;380.000
4ad2120a-804b-40ea-ab55-4850e792261e;293;Réception (B.L. : 1700233638);1700233638;;FOURNISSEUR CENTRALE;;Pas de commande associée;O;19/03/2026 00:00;;20/03/2026 12:10;0.000
4b050675-5a26-4f9d-bb70-cec04f38596d;293;Réception (B.L. : 1800332300);1800332300;;FOURNISSEUR CENTRALE;;Pas de commande associée;O;18/03/2026 00:00;;19/03/2026 12:25;0.000
4b2fbfe5-8624-4203-aade-bd02347c5759;291;Réception (B.L. : 1800337033);1800337033;;FOURNISSEUR CENTRALE;;Pas de commande associée;O;07/04/2026 00:00;;07/04/2026 17:16;0.000
4b301f17-4a26-493b-8ddb-89069600b0ff;292;Réception (B.L. : 1700236652);1700236652;;FOURNISSEUR CENTRALE;;Pas de commande associée;O;03/04/2026 00:00;;03/04/2026 17:11;1165.000
4b50ab31-53ed-4be5-a6c3-42a7cb01c856;291;Réception (B.L. : 1800334060);1800334060;;FOURNISSEUR CENTRALE;;Pas de commande associée;O;25/03/2026 00:00;;26/03/2026 12:24;0.000
4b7bcaa5-cf8a-49e9-9ab1-43bd710b118e;291;Réception (B.L. : 1700230361);1700230361;;FOURNISSEUR CENTRALE;;Pas de commande associée;O;04/03/2026 00:00;;04/03/2026 12:21;0.000
4bbb2d59-f431-45fd-9424-3ff92cd43697;292;Réception (B.L. : 1700236065);1700236065;;FOURNISSEUR CENTRALE;;Pas de commande associée;O;01/04/2026 00:00;;01/04/2026 17:15;100.000
4bbbd66c-09f3-4835-897b-0efdf5883d64;293;Réception (B.L. : 1800328801);1800328801;;FOURNISSEUR CENTRALE;;Pas de commande associée;O;05/03/2026 00:00;;05/03/2026 17:16;0.000
4bca04f1-5c5f-4478-9438-e0dfe4e7f601;292;Réception (B.L. : 1700232967);1700232967;;FOURNISSEUR CENTRALE;;Pas de commande associée;O;17/03/2026 00:00;;18/03/2026 00:04;24.000
4bcb2df9-f256-405d-853b-92a1bc31a8fd;292;Réception (B.L. : 1800328939);1800328939;;FOURNISSEUR CENTRALE;;Pas de commande associée;O;05/03/2026 00:00;;06/03/2026 12:20;902.200
4bcefa00-0b94-4cfc-98c0-1f183a7e420c;080;Réception (B.L. : 1800330690);1800330690;;FOURNISSEUR CENTRALE;;Pas de commande associée;O;12/03/2026 00:00;;13/03/2026 12:11;13.630
4bdff1fe-44ac-4b03-96a9-58a2133bb190;293;Réception (B.L. : 1800329185);1800329185;;FOURNISSEUR CENTRALE;;Pas de commande associée;O;06/03/2026 00:00;;06/03/2026 17:21;0.000
4bf99ee1-2763-4a40-8848-88bf4e1dcc4a;292;Réception (B.L. : 1800331773);1800331773;;FOURNISSEUR CENTRALE;;Pas de commande associée;O;17/03/2026 00:00;;17/03/2026 17:02;4.000
4c0f7246-50b0-446e-b0f5-ec9fef2a798f;291;Réception (B.L. : 1800331088);1800331088;;FOURNISSEUR CENTRALE;;Pas de commande associée;O;13/03/2026 00:00;;13/03/2026 23:30;0.000
4c33cf13-9597-4fc2-83bb-23cef062ef6f;080;Réception (B.L. : 1700236747);1700236747;;FOURNISSEUR CENTRALE;;Pas de commande associée;O;04/04/2026 00:00;;04/04/2026 12:12;1.000
4c4d4f26-1a0f-4f91-b172-2b58601d265e;291;Réception (B.L. : 1800329858);1800329858;;FOURNISSEUR CENTRALE;;Pas de commande associée;O;10/03/2026 00:00;;10/03/2026 12:14;0.000
4c5752b7-d050-4988-ad65-c7b79fe71c11;292;Réception (B.L. : 1700234705);1700234705;;FOURNISSEUR CENTRALE;;Pas de commande associée;O;25/03/2026 00:00;;25/03/2026 12:27;1.000
4c5e9023-4f65-4fd5-b920-8f70f6f585c4;291;Réception (B.L. : 1800334952);1800334952;;FOURNISSEUR CENTRALE;;Pas de commande associée;O;30/03/2026 00:00;;30/03/2026 12:38;0.000
4c84a0ca-50ff-4853-8652-66b607260e2e;291;Réception (B.L. : 1700229792);1700229792;;FOURNISSEUR CENTRALE;;Pas de commande associée;O;02/03/2026 00:00;;02/03/2026 12:18;0.000
4c89ebd5-f2ed-46bf-ace9-60e6f7b14b89;293;Réception (B.L. : 1800333436);1800333436;;FOURNISSEUR CENTRALE;;Pas de commande associée;O;23/03/2026 00:00;;24/03/2026 12:18;0.000
4c928331-4de0-4a46-9208-9db75001ee78;291;Réception (B.L. : 1100212551);1100212551;;FOURNISSEUR CENTRALE;;Pas de commande associée;O;18/03/2026 00:00;;18/03/2026 12:18;0.000
4c9801fc-ff29-4809-8851-4b0b1d65058a;293;Réception (B.L. : 1800328565);1800328565;;FOURNISSEUR CENTRALE;;Pas de commande associée;O;05/03/2026 00:00;;05/03/2026 12:14;0.000
4c98557f-4e3e-416d-a542-66339fc70af7;292;Réception (B.L. : 1700236987);1700236987;;FOURNISSEUR CENTRALE;;Pas de commande associée;O;06/04/2026 00:00;;06/04/2026 12:18;4.000
4cc32a46-df20-432e-b261-1bc9528f601f;291;Réception (B.L. : 1100213661);1100213661;;FOURNISSEUR CENTRALE;;Pas de commande associée;O;24/03/2026 00:00;;24/03/2026 17:10;0.000
4cc384a1-e46b-4f52-b3f7-45d152924a78;292;Réception (B.L. : 1800330732);1800330732;;FOURNISSEUR CENTRALE;;Pas de commande associée;O;12/03/2026 00:00;;13/03/2026 12:27;26.000
4cdde8b5-6178-4545-9bdb-1427cb46ec41;293;Réception (B.L. : 1700230875);1700230875;;FOURNISSEUR CENTRALE;;Pas de commande associée;O;06/03/2026 00:00;;06/03/2026 12:30;0.000
4cff687d-ba1e-4ba4-9774-e7f95b3b0e95;291;Réception (B.L. : 1100210379);1100210379;;FOURNISSEUR CENTRALE;;Pas de commande associée;O;04/03/2026 00:00;;04/03/2026 12:15;0.000
4d0a8e07-8aa6-4b4a-ac4a-a63dba5ec055;291;Réception (B.L. : 1100214914);1100214914;;FOURNISSEUR CENTRALE;;Pas de commande associée;O;01/04/2026 00:00;;01/04/2026 12:16;0.000
4d1621a9-a095-416c-a097-4c748a2ab695;080;Réception (B.L. : 1800330451);1800330451;;FOURNISSEUR CENTRALE;;Pas de commande associée;O;11/03/2026 00:00;;12/03/2026 12:05;5.192
4d1e21d6-d1f1-47b8-b49b-f96f5a6723da;292;Réception (B.L. : 1700234659);1700234659;;FOURNISSEUR CENTRALE;;Pas de commande associée;O;25/03/2026 00:00;;25/03/2026 12:25;1190.000
4d23d98d-1204-4989-a9e5-69b50fe4a9da;293;Réception (B.L. : 1100212564);1100212564;;FOURNISSEUR CENTRALE;;Pas de commande associée;O;18/03/2026 00:00;;18/03/2026 12:16;0.000
4d2ac601-ac91-43b0-aa06-a1ac7ba08a94;292;Réception (B.L. : 1700233262);1700233262;;FOURNISSEUR CENTRALE;;Pas de commande associée;O;18/03/2026 00:00;;18/03/2026 12:23;11.000
4d6a17fc-9d9a-4956-b2eb-3071c3a3600d;292;Réception (B.L. : 1200105840);1200105840;;FOURNISSEUR CENTRALE;;Pas de commande associée;O;05/03/2026 00:00;;05/03/2026 17:10;150.000
4d769e60-bfb7-40c8-8ded-db385c32911e;080;Réception (B.L. : 1800330486);1800330486;;FOURNISSEUR CENTRALE;;Pas de commande associée;O;12/03/2026 00:00;;12/03/2026 12:15;10.000
4d82eb72-131b-4d25-9b03-ad2aa3f0cb0c;293;Réception (B.L. : 1100212165);1100212165;;FOURNISSEUR CENTRALE;;Pas de commande associée;O;16/03/2026 00:00;;16/03/2026 12:12;0.000
4d86d104-8a41-4d95-aeb5-7c88747d3975;080;Réception (B.L. : 1800329222);1800329222;;FOURNISSEUR CENTRALE;;Pas de commande associée;O;06/03/2026 00:00;;06/03/2026 17:21;537.368
4d91d466-66ad-498d-bf96-5cc599ffe342;291;Réception (B.L. : 1800331148);1800331148;;FOURNISSEUR CENTRALE;;Pas de commande associée;O;14/03/2026 00:00;;14/03/2026 12:13;0.000
4da10ef8-6c01-4050-a97b-b9826e9dd3a2;291;Réception (B.L. : 1100214657);1100214657;;FOURNISSEUR CENTRALE;;Pas de commande associée;O;30/03/2026 00:00;;30/03/2026 12:18;0.000
4dbad175-a00d-4cc7-9c8b-600cf46693ac;293;Réception (B.L. : 1700236613);1700236613;;FOURNISSEUR CENTRALE;;Pas de commande associée;O;03/04/2026 00:00;;03/04/2026 17:13;0.000
4df64155-5987-45d5-96f1-e3ce87747b96;293;Réception (B.L. : 1700233643);1700233643;;FOURNISSEUR CENTRALE;;Pas de commande associée;O;19/03/2026 00:00;;20/03/2026 12:15;0.000
4e0f00f9-33b5-409b-a601-41351ea8a5d0;080;Réception (B.L. : 1100213657);1100213657;;FOURNISSEUR CENTRALE;;Pas de commande associée;O;24/03/2026 00:00;;24/03/2026 17:10;24.000
4e13f8ee-1d05-40c5-b09c-33fe9f3a7f9d;080;Réception (B.L. : 1800336057);1800336057;;FOURNISSEUR CENTRALE;;Pas de commande associée;O;02/04/2026 00:00;;03/04/2026 12:21;296.000
4e1c2e24-7002-43f6-aa08-975e6fb1f854;292;Réception (B.L. : 1200105787);1200105787;;FOURNISSEUR CENTRALE;;Pas de commande associée;O;05/03/2026 00:00;;05/03/2026 12:10;1.000
4e2f4d42-c551-4ad1-b12d-73a5590360a4;293;Réception (B.L. : 1100210042);1100210042;;FOURNISSEUR CENTRALE;;Pas de commande associée;O;02/03/2026 00:00;;02/03/2026 12:13;0.000
4e3ff1b5-346d-4870-b724-8cbe10be87d7;291;Réception (B.L. : 1100211091);1100211091;;FOURNISSEUR CENTRALE;;Pas de commande associée;O;09/03/2026 00:00;;09/03/2026 12:13;0.000
4e686a4d-d899-4132-ab84-cea7fd701140;080;Réception (B.L. : 1800331588);1800331588;;FOURNISSEUR CENTRALE;;Pas de commande associée;O;17/03/2026 00:00;;17/03/2026 12:06;52.000
4e79c023-767f-4f11-b8bb-7659318c1f4b;080;Réception (B.L. : 1700237075);1700237075;;FOURNISSEUR CENTRALE;;Pas de commande associée;O;07/04/2026 00:00;;07/04/2026 12:12;202.000
4e7f2336-3c76-40cd-b5a9-c6552430ca25;292;Réception (B.L. : 1200106941);1200106941;;FOURNISSEUR CENTRALE;;Pas de commande associée;O;23/03/2026 00:00;;23/03/2026 12:11;32.000
4e8176f8-209e-48e9-b0ce-592bb3fd2298;080;Réception (B.L. : 1800330453);1800330453;;FOURNISSEUR CENTRALE;;Pas de commande associée;O;11/03/2026 00:00;;12/03/2026 12:07;530.000
4ea99aff-ca3c-4928-964f-da235b6b14a1;291;Réception (B.L. : 1100216206);1100216206;;FOURNISSEUR CENTRALE;;Pas de commande associée;O;08/04/2026 00:00;;08/04/2026 12:12;0.000
4eac391f-5004-4552-aaad-b90096dec451;293;Réception (B.L. : 1100211461);1100211461;;FOURNISSEUR CENTRALE;;Pas de commande associée;O;11/03/2026 00:00;;11/03/2026 12:13;0.000
4ecc782f-74fb-4b01-a1a0-f4b3506be95d;293;Réception (B.L. : 1800330420);1800330420;;FOURNISSEUR CENTRALE;;Pas de commande associée;O;11/03/2026 00:00;;12/03/2026 12:05;0.000
4ed68b40-9818-4eb4-8244-6aaf06646182;293;Réception (B.L. : 1700232718);1700232718;;FOURNISSEUR CENTRALE;;Pas de commande associée;O;16/03/2026 00:00;;16/03/2026 12:26;0.000
4eefa4ec-fd73-4d41-8f7c-9b5d95fc078b;080;Réception (B.L. : 1100212806);1100212806;;FOURNISSEUR CENTRALE;;Pas de commande associée;O;19/03/2026 00:00;;19/03/2026 17:12;12.000
4f134283-633a-4f4b-ac57-6172cdc1ad65;291;Réception (B.L. : 1100214909);1100214909;;FOURNISSEUR CENTRALE;;Pas de commande associée;O;01/04/2026 00:00;;01/04/2026 12:11;0.000
4f442207-afcc-4eee-9b4e-a975131819e7;291;Réception (B.L. : 1800335135);1800335135;;FOURNISSEUR CENTRALE;;Pas de commande associée;O;30/03/2026 00:00;;31/03/2026 12:19;0.000
4f675003-0ed1-4ee3-9c1e-ea14969787c7;293;Réception (B.L. : 1100211462);1100211462;;FOURNISSEUR CENTRALE;;Pas de commande associée;O;11/03/2026 00:00;;11/03/2026 12:14;0.000
4fba6abd-1291-49c2-9949-d9b166595737;291;Réception (B.L. : 1800331602);1800331602;;FOURNISSEUR CENTRALE;;Pas de commande associée;O;16/03/2026 00:00;;17/03/2026 12:03;380.000
4fe2ffa2-8a06-4e59-a66a-afedb863340d;293;Réception (B.L. : 1800337181);1800337181;;FOURNISSEUR CENTRALE;;Pas de commande associée;O;07/04/2026 00:00;;08/04/2026 12:30;0.000
4fe49e78-11f3-4152-8f06-0a80b62927a1;080;Réception (B.L. : 1700235252);1700235252;;FOURNISSEUR CENTRALE;;Pas de commande associée;O;27/03/2026 00:00;;27/03/2026 17:12;12.000
4ff2a908-5297-42c5-9587-9efcba00f7c9;291;Réception (B.L. : 1200106195);1200106195;;FOURNISSEUR CENTRALE;;Pas de commande associée;O;11/03/2026 00:00;;11/03/2026 12:11;0.000
5007aeee-58ae-4ea1-8fd5-14da8b9ef06d;080;Réception (B.L. : 1800328274);1800328274;;FOURNISSEUR CENTRALE;;Pas de commande associée;O;03/03/2026 00:00;;04/03/2026 12:16;84.000
50558361-5f90-4b0a-a8c7-fee71dd39159;292;Réception (B.L. : 1100213150);1100213150;;FOURNISSEUR CENTRALE;;Pas de commande associée;O;21/03/2026 00:00;;21/03/2026 12:13;4.000
5065823d-e581-4e84-92be-1c2e7774a9ce;291;Réception (B.L. : 1100210376);1100210376;;FOURNISSEUR CENTRALE;;Pas de commande associée;O;04/03/2026 00:00;;04/03/2026 12:12;0.000
50a0badf-74f2-4b0f-bf43-749f04bb2d73;080;Réception (B.L. : 1100210954);1100210954;;FOURNISSEUR CENTRALE;;Pas de commande associée;O;07/03/2026 00:00;;07/03/2026 12:13;54.000
50a62334-3d57-40ab-8dc9-dbb34929cad2;080;Réception (B.L. : 1800336923);1800336923;;FOURNISSEUR CENTRALE;;Pas de commande associée;O;06/04/2026 00:00;;07/04/2026 12:19;254.000
50a9717d-02e7-494c-bb59-f6d661e521ae;080;Réception (B.L. : 1700235151);1700235151;;FOURNISSEUR CENTRALE;;Pas de commande associée;O;27/03/2026 00:00;;27/03/2026 12:16;430.000
50b97eef-9cb5-42e9-8ac8-f3145c19d0cd;291;Réception (B.L. : 1700234946);1700234946;;FOURNISSEUR CENTRALE;;Pas de commande associée;O;26/03/2026 00:00;;26/03/2026 17:20;0.000
50ee72d3-d5e4-44c5-907b-4a33b7cf39c5;292;Réception (B.L. : 1700234656);1700234656;;FOURNISSEUR CENTRALE;;Pas de commande associée;O;25/03/2026 00:00;;25/03/2026 12:22;1809.000
511dd2c2-437b-43b1-aa29-158e8a6b57c4;291;Réception (B.L. : 1100214915);1100214915;;FOURNISSEUR CENTRALE;;Pas de commande associée;O;01/04/2026 00:00;;01/04/2026 12:17;0.000
516288dc-4810-4fcf-8e3b-893b0f020efa;293;Réception (B.L. : 1100214845);1100214845;;FOURNISSEUR CENTRALE;;Pas de commande associée;O;31/03/2026 00:00;;31/03/2026 17:11;0.000
51803a9b-ae13-464a-b541-618d1fca8fd2;293;Réception (B.L. : 1100213126);1100213126;;FOURNISSEUR CENTRALE;;Pas de commande associée;O;21/03/2026 00:00;;21/03/2026 12:11;0.000
518a8d22-954e-43d0-b5a4-54e8295d7af3;291;Réception (B.L. : 1800330705);1800330705;;FOURNISSEUR CENTRALE;;Pas de commande associée;O;12/03/2026 00:00;;13/03/2026 12:30;0.000
51be093b-36f4-4dad-a94c-7e93c9b4c43a;291;Réception (B.L. : 1800331403);1800331403;;FOURNISSEUR CENTRALE;;Pas de commande associée;O;15/03/2026 00:00;;16/03/2026 12:33;0.000
51cec86f-f641-44a4-ac4d-513cb23167a6;292;Réception (B.L. : 1800332343);1800332343;;FOURNISSEUR CENTRALE;;Pas de commande associée;O;18/03/2026 00:00;;19/03/2026 12:18;50.000
52059780-d4b8-47bf-95e8-bd948251e532;292;Réception (B.L. : 1700232391);1700232391;;FOURNISSEUR CENTRALE;;Pas de commande associée;O;13/03/2026 00:00;;13/03/2026 12:17;896.000
520e252d-63c5-4804-9c80-189a1c7adc4b;080;Réception (B.L. : 1100210798);1100210798;;FOURNISSEUR CENTRALE;;Pas de commande associée;O;06/03/2026 00:00;;06/03/2026 12:11;2076.000
521d3d43-00f6-4461-b9d0-cb044c8693aa;291;Réception (B.L. : 1800328341);1800328341;;FOURNISSEUR CENTRALE;;Pas de commande associée;O;03/03/2026 00:00;;04/03/2026 12:38;0.000
52346650-fd46-4cdd-8520-0c29da972c98;291;Réception (B.L. : 1800332669);1800332669;;FOURNISSEUR CENTRALE;;Pas de commande associée;O;19/03/2026 00:00;;20/03/2026 12:26;0.000
5237a62d-e0d5-4809-bb8d-cdd3d1ae16a8;080;Réception (B.L. : 1800336323);1800336323;;FOURNISSEUR CENTRALE;;Pas de commande associée;O;03/04/2026 00:00;;04/04/2026 01:36;1200.000
524dcb95-12d6-4332-86e2-8df270ddb44d;293;Réception (B.L. : 1100213334);1100213334;;FOURNISSEUR CENTRALE;;Pas de commande associée;O;23/03/2026 00:00;;23/03/2026 12:13;0.000
52639687-2153-42db-8a3b-69011ae9ad49;080;Réception (B.L. : 1700231424);1700231424;;FOURNISSEUR CENTRALE;;Pas de commande associée;O;09/03/2026 00:00;;09/03/2026 17:13;272.000
528c3eb0-54e8-44be-a3f1-a6c4997ed362;291;Réception (B.L. : 1800328211);1800328211;;FOURNISSEUR CENTRALE;;Pas de commande associée;O;03/03/2026 00:00;;03/03/2026 17:09;0.000
52abb5c3-57b5-4e5d-961f-826a90d41fd0;292;Réception (B.L. : 1800328800);1800328800;;FOURNISSEUR CENTRALE;;Pas de commande associée;O;05/03/2026 00:00;;05/03/2026 17:18;1.000
52cb2e2e-dfd4-46f9-ad40-907cfea1d078;080;Réception (B.L. : 1800330457);1800330457;;FOURNISSEUR CENTRALE;;Pas de commande associée;O;11/03/2026 00:00;;12/03/2026 12:11;58.000
52cd7050-c141-43b0-968f-6e2f2b2ebd2a;291;Réception (B.L. : 1800329863);1800329863;;FOURNISSEUR CENTRALE;;Pas de commande associée;O;10/03/2026 00:00;;10/03/2026 12:19;0.000
530809d0-3d0f-461d-8cbb-32106975c6cf;293;Réception (B.L. : 1700231330);1700231330;;FOURNISSEUR CENTRALE;;Pas de commande associée;O;09/03/2026 00:00;;09/03/2026 12:25;0.000
5310da34-b22d-4278-a180-d34406052917;292;Réception (B.L. : 1700232392);1700232392;;FOURNISSEUR CENTRALE;;Pas de commande associée;O;13/03/2026 00:00;;13/03/2026 12:18;809.000
53246517-d531-455b-b89c-50b288f4f9fb;291;Réception (B.L. : 1800328754);1800328754;;FOURNISSEUR CENTRALE;;Pas de commande associée;O;05/03/2026 00:00;;05/03/2026 17:17;0.000
53333723-882d-4181-bda5-5dca814944be;292;Réception (B.L. : 1800332464);1800332464;;FOURNISSEUR CENTRALE;;Pas de commande associée;O;19/03/2026 00:00;;19/03/2026 17:25;15.000
53483904-6c47-42d6-90b6-bb007d43769e;292;Réception (B.L. : 1100210861);1100210861;;FOURNISSEUR CENTRALE;;Pas de commande associée;O;06/03/2026 00:00;;06/03/2026 12:14;7.000
53503400-0129-477f-b2ae-13ce40ded843;291;Réception (B.L. : 1800330151);1800330151;;FOURNISSEUR CENTRALE;;Pas de commande associée;O;11/03/2026 00:00;;11/03/2026 12:42;0.000
5354f92c-4b32-4ea0-868f-c97a436def04;080;Réception (B.L. : 1800327695);1800327695;;FOURNISSEUR CENTRALE;;Pas de commande associée;O;01/03/2026 00:00;;02/03/2026 12:21;72.000
53697710-c5cb-4551-8baf-fa9208b00fb0;293;Réception (B.L. : 1100211083);1100211083;;FOURNISSEUR CENTRALE;;Pas de commande associée;O;09/03/2026 00:00;;09/03/2026 12:11;0.000
537470d3-5abc-4116-91a3-5ee64a5f8de5;080;Réception (B.L. : 1100210858);1100210858;;FOURNISSEUR CENTRALE;;Pas de commande associée;O;06/03/2026 00:00;;06/03/2026 12:14;10.000
5390feb7-3811-4800-8898-b72001eb156a;293;Réception (B.L. : 1100216240);1100216240;;FOURNISSEUR CENTRALE;;Pas de commande associée;O;08/04/2026 00:00;;08/04/2026 12:11;0.000
53b5e7d3-e18c-4c5b-9d65-9264e7b54c28;293;Réception (B.L. : 1800329715);1800329715;;FOURNISSEUR CENTRALE;;Pas de commande associée;O;10/03/2026 00:00;;10/03/2026 12:02;0.000
53bc1c56-b75a-47ca-8f5c-00f2295bb421;293;Réception (B.L. : 1800336938);1800336938;;FOURNISSEUR CENTRALE;;Pas de commande associée;O;06/04/2026 00:00;;07/04/2026 12:28;0.000
53c8996b-fcbc-438a-a34e-0d11b80d7b90;292;Réception (B.L. : 1800327975);1800327975;;FOURNISSEUR CENTRALE;;Pas de commande associée;O;02/03/2026 00:00;;03/03/2026 12:05;741.500
53eaee75-0c9c-44fa-a6df-e524ecf0a8c4;291;Réception (B.L. : 1800336468);1800336468;;FOURNISSEUR CENTRALE;;Pas de commande associée;O;03/04/2026 00:00;;04/04/2026 12:18;0.000
5423e057-265d-4480-8484-3d5dc9fd400a;291;Réception (B.L. : 1800330187);1800330187;;FOURNISSEUR CENTRALE;;Pas de commande associée;O;10/03/2026 00:00;;11/03/2026 12:43;0.000
542c7a29-5a02-474f-9547-2701e5eb4e35;080;Réception (B.L. : 1700231022);1700231022;;FOURNISSEUR CENTRALE;;Pas de commande associée;O;06/03/2026 00:00;;06/03/2026 17:14;0.000
543de15d-3fef-40d3-8349-20401d05461f;291;Réception (B.L. : 1700236273);1700236273;;FOURNISSEUR CENTRALE;;Pas de commande associée;O;02/04/2026 00:00;;02/04/2026 12:20;0.000
54582b3a-3778-42f9-b95e-08c1b82b0bd1;291;Réception (B.L. : 1100213345);1100213345;;FOURNISSEUR CENTRALE;;Pas de commande associée;O;23/03/2026 00:00;;23/03/2026 12:11;0.000
545b6ca3-5b31-49b2-a094-bfe280fb2fd0;291;Réception (B.L. : 1800333405);1800333405;;FOURNISSEUR CENTRALE;;Pas de commande associée;O;24/03/2026 00:00;;24/03/2026 12:15;0.000
5464f64c-9e00-4eae-9844-f967fa52423c;080;Réception (B.L. : 1800332609);1800332609;;FOURNISSEUR CENTRALE;;Pas de commande associée;O;19/03/2026 00:00;;20/03/2026 12:24;111.900
54701260-480b-4c52-91a4-28c7d2d472a6;292;Réception (B.L. : 1100213358);1100213358;;FOURNISSEUR CENTRALE;;Pas de commande associée;O;23/03/2026 00:00;;23/03/2026 12:15;2.000
54ad58b9-2cdf-44d1-b42c-70a95c47c270;293;Réception (B.L. : 1200105934);1200105934;;FOURNISSEUR CENTRALE;;Pas de commande associée;O;06/03/2026 00:00;;06/03/2026 17:11;0.000
54dc321a-9e30-49bf-a7d1-b359b0e077e7;291;Réception (B.L. : 1700230366);1700230366;;FOURNISSEUR CENTRALE;;Pas de commande associée;O;04/03/2026 00:00;;04/03/2026 12:26;0.000
54f61ca2-d321-4717-a021-5b334e2d1626;291;Réception (B.L. : 1800336388);1800336388;;FOURNISSEUR CENTRALE;;Pas de commande associée;O;03/04/2026 00:00;;04/04/2026 01:41;0.000
5530be44-6b6a-4044-a0cc-c8a2bcf0fea2;293;Réception (B.L. : 1100210041);1100210041;;FOURNISSEUR CENTRALE;;Pas de commande associée;O;02/03/2026 00:00;;02/03/2026 12:12;0.000
554f1dca-bdac-44c5-ad8f-0a7ad59c584c;080;Réception (B.L. : 1100212028);1100212028;;FOURNISSEUR CENTRALE;;Pas de commande associée;O;14/03/2026 00:00;;14/03/2026 12:12;228.000
55673672-9345-4e95-a01a-25cf4c487dea;292;Réception (B.L. : 1800333003);1800333003;;FOURNISSEUR CENTRALE;;Pas de commande associée;O;21/03/2026 00:00;;21/03/2026 12:14;17.000
5586a1d5-8f27-4b25-8f80-3b4773d63db4;291;Réception (B.L. : 1800332375);1800332375;;FOURNISSEUR CENTRALE;;Pas de commande associée;O;19/03/2026 00:00;;19/03/2026 12:30;0.000
559b7153-80e6-42e8-bd0a-c8424f9c49b9;293;Réception (B.L. : 1700230869);1700230869;;FOURNISSEUR CENTRALE;;Pas de commande associée;O;06/03/2026 00:00;;06/03/2026 12:24;0.000
55b0d663-0eee-47ff-b9c2-b2b1d8ac32d7;292;Réception (B.L. : 1700234887);1700234887;;FOURNISSEUR CENTRALE;;Pas de commande associée;O;26/03/2026 00:00;;26/03/2026 12:15;12.000
55bbf0ad-0a99-42d2-a339-e20b1b17e774;080;Réception (B.L. : 1800335082);1800335082;;FOURNISSEUR CENTRALE;;Pas de commande associée;O;30/03/2026 00:00;;31/03/2026 12:15;79.282
55bbfe48-c0fd-48ba-9665-fe9ebfe5f47f;293;Réception (B.L. : 1800335104);1800335104;;FOURNISSEUR CENTRALE;;Pas de commande associée;O;30/03/2026 00:00;;31/03/2026 12:18;0.000
55bf2648-fc7a-4207-af49-b60d701cdfda;291;Réception (B.L. : 1800334377);1800334377;;FOURNISSEUR CENTRALE;;Pas de commande associée;O;26/03/2026 00:00;;27/03/2026 12:19;0.000
55c87723-59e8-4e30-9251-b7cbd3b6c8a7;293;Réception (B.L. : 1800335525);1800335525;;FOURNISSEUR CENTRALE;;Pas de commande associée;O;01/04/2026 00:00;;01/04/2026 12:27;0.000
55ca665b-f53e-4057-b86f-08f049bb74e9;291;Réception (B.L. : 1100211613);1100211613;;FOURNISSEUR CENTRALE;;Pas de commande associée;O;12/03/2026 00:00;;12/03/2026 12:01;0.000
55cf7b32-a544-4436-8c35-acaba05bf0b2;291;Réception (B.L. : 1700234106);1700234106;;FOURNISSEUR CENTRALE;;Pas de commande associée;O;23/03/2026 00:00;;23/03/2026 12:32;0.000
5601a6fa-4cab-4194-88be-cb6dac16a92b;291;Réception (B.L. : 1800328950);1800328950;;FOURNISSEUR CENTRALE;;Pas de commande associée;O;05/03/2026 00:00;;06/03/2026 12:37;0.000
561e4052-7925-41be-8d23-001341023cd3;293;Réception (B.L. : 1800335749);1800335749;;FOURNISSEUR CENTRALE;;Pas de commande associée;O;02/04/2026 00:00;;02/04/2026 12:17;0.000
56262b96-71d2-427a-b93b-5dd1ad19e50a;291;Réception (B.L. : 1800332488);1800332488;;FOURNISSEUR CENTRALE;;Pas de commande associée;O;19/03/2026 00:00;;19/03/2026 17:27;0.000
563041ab-3804-4b4c-acce-0a1fd214dd37;080;Réception (B.L. : 1800335247);1800335247;;FOURNISSEUR CENTRALE;;Pas de commande associée;O;31/03/2026 00:00;;31/03/2026 17:18;36.000
56664775-d1ba-4f89-991e-1ae33893b1e8;291;Réception (B.L. : 1100210949);1100210949;;FOURNISSEUR CENTRALE;;Pas de commande associée;O;07/03/2026 00:00;;07/03/2026 12:12;0.000
5696b03e-3498-44ca-bda3-341771d046a8;291;Réception (B.L. : 1800330145);1800330145;;FOURNISSEUR CENTRALE;;Pas de commande associée;O;11/03/2026 00:00;;11/03/2026 12:36;0.000
56b25f5d-4710-422e-82ad-a560c2ddbf8b;293;Réception (B.L. : 1800332000);1800332000;;FOURNISSEUR CENTRALE;;Pas de commande associée;O;17/03/2026 00:00;;18/03/2026 12:40;0.000
56d33ec9-85ff-451d-8411-969090f80f6b;291;Réception (B.L. : 1200106237);1200106237;;FOURNISSEUR CENTRALE;;Pas de commande associée;O;11/03/2026 00:00;;11/03/2026 17:01;0.000
56df3bf0-bef7-4854-95a8-a520cf217710;080;Réception (B.L. : 1800328070);1800328070;;FOURNISSEUR CENTRALE;;Pas de commande associée;O;03/03/2026 00:00;;03/03/2026 17:06;4.000
56e47a2c-5cf7-42c1-b8b9-f64cb2ae56f7;292;Réception (B.L. : 1800336523);1800336523;;FOURNISSEUR CENTRALE;;Pas de commande associée;O;04/04/2026 00:00;;04/04/2026 12:15;52.400
56e63a65-e1ec-4516-830f-d8e3f4ca02c7;292;Réception (B.L. : 1800335394);1800335394;;FOURNISSEUR CENTRALE;;Pas de commande associée;O;31/03/2026 00:00;;31/03/2026 17:19;3.000
5703e518-acc3-4697-aeb5-2285798de4b7;291;Réception (B.L. : 1700231864);1700231864;;FOURNISSEUR CENTRALE;;Pas de commande associée;O;11/03/2026 00:00;;11/03/2026 12:29;0.000
571c8c64-e0f2-4379-8a29-34a3ed7be88a;291;Réception (B.L. : 1800337203);1800337203;;FOURNISSEUR CENTRALE;;Pas de commande associée;O;07/04/2026 00:00;;08/04/2026 12:27;0.000
57223552-b47c-42ba-826f-254ad782db25;293;Réception (B.L. : 1800333135);1800333135;;FOURNISSEUR CENTRALE;;Pas de commande associée;O;23/03/2026 00:00;;23/03/2026 12:35;0.000
57380021-f8f0-4f93-82fa-bd235a49bbe8;293;Réception (B.L. : 1800328567);1800328567;;FOURNISSEUR CENTRALE;;Pas de commande associée;O;05/03/2026 00:00;;05/03/2026 12:16;0.000
57ad68ab-c457-4f2a-b792-fc0123f821e0;291;Réception (B.L. : 1700234231);1700234231;;FOURNISSEUR CENTRALE;;Pas de commande associée;O;23/03/2026 00:00;;23/03/2026 17:13;0.000
57bb5690-b50d-4a52-aaad-a4a78c7220bd;293;Réception (B.L. : 1800330679);1800330679;;FOURNISSEUR CENTRALE;;Pas de commande associée;O;12/03/2026 00:00;;13/03/2026 12:30;0.000
57c8720e-c762-42ce-b18a-6ae377c9fe27;291;Réception (B.L. : 1800332460);1800332460;;FOURNISSEUR CENTRALE;;Pas de commande associée;O;19/03/2026 00:00;;19/03/2026 17:25;0.000
57f43219-0902-4e6a-ab63-98d1d39f8e72;292;Réception (B.L. : 1800329876);1800329876;;FOURNISSEUR CENTRALE;;Pas de commande associée;O;10/03/2026 00:00;;10/03/2026 12:14;8.000
58118720-af40-41ea-9150-a82b6c86d6c5;293;Réception (B.L. : 1800328762);1800328762;;FOURNISSEUR CENTRALE;;Pas de commande associée;O;05/03/2026 00:00;;05/03/2026 17:14;0.000
5826ebfc-cc48-471d-8fd9-445008578828;080;Réception (B.L. : 1700237074);1700237074;;FOURNISSEUR CENTRALE;;Pas de commande associée;O;07/04/2026 00:00;;07/04/2026 12:11;616.000
582ad74b-029b-4928-b1d5-f36b44c18b28;291;Réception (B.L. : 1700233845);1700233845;;FOURNISSEUR CENTRALE;;Pas de commande associée;O;20/03/2026 00:00;;20/03/2026 12:08;0.000
583c8a58-a85d-422f-b021-f29cd5b043fa;293;Réception (B.L. : 1800334193);1800334193;;FOURNISSEUR CENTRALE;;Pas de commande associée;O;26/03/2026 00:00;;26/03/2026 12:25;0.000
584c22cc-76cc-494b-ab4c-4748f2ac68e6;080;Réception (B.L. : 1100210422);1100210422;;FOURNISSEUR CENTRALE;;Pas de commande associée;O;04/03/2026 00:00;;04/03/2026 12:02;2334.000
58511b53-9f27-4f4e-8708-594a5567b453;292;Réception (B.L. : 1700233599);1700233599;;FOURNISSEUR CENTRALE;;Pas de commande associée;O;19/03/2026 00:00;;19/03/2026 23:35;34.000
5851abd8-d977-4b5e-90b0-3dbd6224d159;291;Réception (B.L. : 1100212206);1100212206;;FOURNISSEUR CENTRALE;;Pas de commande associée;O;16/03/2026 00:00;;16/03/2026 12:18;0.000
5854d082-5f69-4525-8933-db50cf90158b;293;Réception (B.L. : 1700236055);1700236055;;FOURNISSEUR CENTRALE;;Pas de commande associée;O;01/04/2026 00:00;;01/04/2026 17:14;0.000
588a388a-035a-46e7-b9da-acb67a552432;293;Réception (B.L. : 1700237129);1700237129;;FOURNISSEUR CENTRALE;;Pas de commande associée;O;07/04/2026 00:00;;07/04/2026 12:18;0.000
58a4993b-10a5-499b-a04c-b6b8ecdf4f91;291;Réception (B.L. : 1100210022);1100210022;;FOURNISSEUR CENTRALE;;Pas de commande associée;O;02/03/2026 00:00;;02/03/2026 12:13;0.000
58a5e304-385b-4a07-808b-f43a62098a6e;080;Réception (B.L. : 1800331848);1800331848;;FOURNISSEUR CENTRALE;;Pas de commande associée;O;17/03/2026 00:00;;17/03/2026 17:08;4.000
58b8d7d8-f422-4e6a-81d9-9b59f6e8d77f;080;Réception (B.L. : 1100214919);1100214919;;FOURNISSEUR CENTRALE;;Pas de commande associée;O;01/04/2026 00:00;;01/04/2026 12:13;20.000
58bc6ccd-daff-4aef-b390-6dbb79c0d9b4;291;Réception (B.L. : 1800329857);1800329857;;FOURNISSEUR CENTRALE;;Pas de commande associée;O;10/03/2026 00:00;;10/03/2026 12:13;0.000
58c3878e-954e-4030-9ed9-26292876c7da;080;Réception (B.L. : 1700231969);1700231969;;FOURNISSEUR CENTRALE;;Pas de commande associée;O;11/03/2026 00:00;;11/03/2026 17:01;24.000
58d60c50-62b8-4ce2-8cd8-15a4de9fcfd4;080;Réception (B.L. : 1800331392);1800331392;;FOURNISSEUR CENTRALE;;Pas de commande associée;O;15/03/2026 00:00;;16/03/2026 12:29;31.500
590420aa-e872-48c4-8fb7-201a6f454b44;080;Réception (B.L. : 1800331266);1800331266;;FOURNISSEUR CENTRALE;;Pas de commande associée;O;14/03/2026 00:00;;14/03/2026 17:04;6.000
591d60e7-f30e-47e9-acdf-e2371efc6ae7;080;Réception (B.L. : 1700231426);1700231426;;FOURNISSEUR CENTRALE;;Pas de commande associée;O;09/03/2026 00:00;;09/03/2026 17:15;24.000
593a2d5c-8b52-4b1f-9ba2-c1a23307393e;080;Réception (B.L. : 1800331745);1800331745;;FOURNISSEUR CENTRALE;;Pas de commande associée;O;17/03/2026 00:00;;17/03/2026 17:03;14.000
593e8138-0525-479c-a631-79fa1f899dea;293;Réception (B.L. : 1700233201);1700233201;;FOURNISSEUR CENTRALE;;Pas de commande associée;O;18/03/2026 00:00;;18/03/2026 12:25;0.000
595506f1-fdf4-4668-aca2-25d237a4b3cf;292;Réception (B.L. : 1800335160);1800335160;;FOURNISSEUR CENTRALE;;Pas de commande associée;O;31/03/2026 00:00;;31/03/2026 12:18;35.000
5965f056-149c-43bf-a4c4-7cf16f3c0a69;080;Réception (B.L. : 1700233925);1700233925;;FOURNISSEUR CENTRALE;;Pas de commande associée;O;21/03/2026 00:00;;21/03/2026 12:06;3.000
597566d6-5f96-435b-bf03-f8723438dd07;291;Réception (B.L. : 1100214387);1100214387;;FOURNISSEUR CENTRALE;;Pas de commande associée;O;27/03/2026 00:00;;27/03/2026 12:16;0.000
598d4885-f4dc-4122-86f7-74d363365a66;291;Réception (B.L. : 1800331399);1800331399;;FOURNISSEUR CENTRALE;;Pas de commande associée;O;15/03/2026 00:00;;16/03/2026 12:29;0.000
59ae7820-f515-418d-8dd7-7d393abeb572;292;Réception (B.L. : 1800335342);1800335342;;FOURNISSEUR CENTRALE;;Pas de commande associée;O;31/03/2026 00:00;;31/03/2026 17:13;12.000
59ed5806-cc19-457a-a4da-da2efc0b6123;293;Réception (B.L. : 1100211718);1100211718;;FOURNISSEUR CENTRALE;;Pas de commande associée;O;12/03/2026 00:00;;12/03/2026 17:11;0.000
59ed819c-6415-422e-9985-d418011ddd4e;293;Réception (B.L. : 1100212581);1100212581;;FOURNISSEUR CENTRALE;;Pas de commande associée;O;18/03/2026 00:00;;18/03/2026 12:17;0.000
59fe8614-20fc-4854-b8b0-df71ecd3fa9d;293;Réception (B.L. : 1100210760);1100210760;;FOURNISSEUR CENTRALE;;Pas de commande associée;O;06/03/2026 00:00;;06/03/2026 12:12;0.000
5a122356-f577-4c27-8bcf-36f3330c6b38;080;Réception (B.L. : 1800333093);1800333093;;FOURNISSEUR CENTRALE;;Pas de commande associée;O;22/03/2026 00:00;;23/03/2026 12:26;782.000
5a3e5dea-2fa3-4df6-b97c-cee6492292cd;291;Réception (B.L. : 1200107567);1200107567;;FOURNISSEUR CENTRALE;;Pas de commande associée;O;30/03/2026 00:00;;30/03/2026 12:11;0.000
5a686242-7cde-48f2-b98f-fa29c8117125;291;Réception (B.L. : 1700233192);1700233192;;FOURNISSEUR CENTRALE;;Pas de commande associée;O;18/03/2026 00:00;;18/03/2026 12:38;0.000
5a6ba096-d37c-44e6-aa73-9103c1058b59;293;Réception (B.L. : 1800336161);1800336161;;FOURNISSEUR CENTRALE;;Pas de commande associée;O;02/04/2026 00:00;;03/04/2026 12:30;0.000
5a839e8f-c2ef-4d63-9b40-aaa0c3214322;292;Réception (B.L. : 1800335921);1800335921;;FOURNISSEUR CENTRALE;;Pas de commande associée;O;02/04/2026 00:00;;02/04/2026 17:13;34.000
5a8a33d0-b820-4999-9e23-4dfb1e1905cf;291;Réception (B.L. : 1800330558);1800330558;;FOURNISSEUR CENTRALE;;Pas de commande associée;O;12/03/2026 00:00;;12/03/2026 17:13;0.000
5aa40681-f5b4-44a2-a4cb-3f45e76f76f3;292;Réception (B.L. : 1800335345);1800335345;;FOURNISSEUR CENTRALE;;Pas de commande associée;O;31/03/2026 00:00;;31/03/2026 17:16;9.000
5ab940a3-6d71-4b2f-904b-d93d62a74ca1;293;Réception (B.L. : 1700232513);1700232513;;FOURNISSEUR CENTRALE;;Pas de commande associée;O;14/03/2026 00:00;;14/03/2026 17:10;0.000
5aca5b94-f760-4b3f-ac2f-7b485d132767;291;Réception (B.L. : 1100212124);1100212124;;FOURNISSEUR CENTRALE;;Pas de commande associée;O;16/03/2026 00:00;;16/03/2026 12:11;0.000
5b41d1ba-2bcb-4b57-a3ad-084d9ae1c57a;291;Réception (B.L. : 1800333117);1800333117;;FOURNISSEUR CENTRALE;;Pas de commande associée;O;23/03/2026 00:00;;23/03/2026 12:37;0.000
5b66695d-552f-486d-86fd-364ade766fcc;293;Réception (B.L. : 1700233646);1700233646;;FOURNISSEUR CENTRALE;;Pas de commande associée;O;19/03/2026 00:00;;20/03/2026 12:18;0.000
5b7909ed-a6c9-4e3a-add7-2693b497d66a;291;Réception (B.L. : 1800328004);1800328004;;FOURNISSEUR CENTRALE;;Pas de commande associée;O;02/03/2026 00:00;;03/03/2026 12:01;0.000
5ba79645-5026-4839-8b73-fc056a41db9d;292;Réception (B.L. : 1700235326);1700235326;;FOURNISSEUR CENTRALE;;Pas de commande associée;O;28/03/2026 00:00;;28/03/2026 12:21;150.000
5bcb1088-ad29-4d86-a3dd-b89e6ab47065;080;Réception (B.L. : 1800331398);1800331398;;FOURNISSEUR CENTRALE;;Pas de commande associée;O;15/03/2026 00:00;;16/03/2026 12:35;216.000
5c11a819-de18-42da-a5a4-16b54c75ed67;080;Réception (B.L. : 1100213110);1100213110;;FOURNISSEUR CENTRALE;;Pas de commande associée;O;21/03/2026 00:00;;21/03/2026 12:01;3079.000
5c1e927c-dc6b-4a3b-8595-8c7347dbc4bf;293;Réception (B.L. : 1800328128);1800328128;;FOURNISSEUR CENTRALE;;Pas de commande associée;O;03/03/2026 00:00;;03/03/2026 17:02;0.000
5c4b97ee-410c-4a84-8150-cf09f80cb0e2;291;Réception (B.L. : 1100210533);1100210533;;FOURNISSEUR CENTRALE;;Pas de commande associée;O;05/03/2026 00:00;;05/03/2026 12:12;0.000
5ca2f36c-dfef-4648-8da5-45f7fd9f5ead;292;Réception (B.L. : 1800335138);1800335138;;FOURNISSEUR CENTRALE;;Pas de commande associée;O;30/03/2026 00:00;;31/03/2026 12:14;190.000
5ca7003d-134d-43c2-9d90-7df64a1b5dc9;080;Réception (B.L. : 1700235154);1700235154;;FOURNISSEUR CENTRALE;;Pas de commande associée;O;27/03/2026 00:00;;27/03/2026 12:19;12.000
5cbf725e-1546-44e3-a4f8-f31e420dd40d;293;Réception (B.L. : 1800335348);1800335348;;FOURNISSEUR CENTRALE;;Pas de commande associée;O;31/03/2026 00:00;;31/03/2026 17:13;0.000
5ce1c05d-a737-457d-a5bc-fac67b650824;293;Réception (B.L. : 1700237412);1700237412;;FOURNISSEUR CENTRALE;;Pas de commande associée;O;08/04/2026 00:00;;08/04/2026 12:21;0.000
5d2d47f2-5b60-4633-a1cd-28e2224ac2d8;291;Réception (B.L. : 1800332666);1800332666;;FOURNISSEUR CENTRALE;;Pas de commande associée;O;19/03/2026 00:00;;20/03/2026 12:23;0.000
5d472413-703e-4c72-8a30-e9ccfecf555b;292;Réception (B.L. : 1100213628);1100213628;;FOURNISSEUR CENTRALE;;Pas de commande associée;O;24/03/2026 00:00;;24/03/2026 12:11;18.000
5d9027ef-f689-4d52-9186-3088b7dd927a;293;Réception (B.L. : 1800329719);1800329719;;FOURNISSEUR CENTRALE;;Pas de commande associée;O;10/03/2026 00:00;;10/03/2026 12:06;0.000
5d96e034-98ee-47cf-b6ed-22d6191f0938;292;Réception (B.L. : 1800330851);1800330851;;FOURNISSEUR CENTRALE;;Pas de commande associée;O;13/03/2026 00:00;;13/03/2026 12:28;1.000
5da0dc62-a18d-479c-98ed-655d1af8ca3e;292;Réception (B.L. : 1100215834);1100215834;;FOURNISSEUR CENTRALE;;Pas de commande associée;O;06/04/2026 00:00;;06/04/2026 12:12;437.000
5dad4a7a-d4e9-4e2e-bfcd-631bb4c12a77;293;Réception (B.L. : 1800335747);1800335747;;FOURNISSEUR CENTRALE;;Pas de commande associée;O;02/04/2026 00:00;;02/04/2026 12:15;0.000
5daf57a3-2e0b-4aae-9690-eb88e3bbcc53;292;Réception (B.L. : 1100211349);1100211349;;FOURNISSEUR CENTRALE;;Pas de commande associée;O;10/03/2026 00:00;;10/03/2026 17:01;300.000
5db750e0-0905-4d1e-a7f7-13399d7b2928;292;Réception (B.L. : 1800335720);1800335720;;FOURNISSEUR CENTRALE;;Pas de commande associée;O;02/04/2026 00:00;;02/04/2026 12:17;800.000
5dc18c12-3c13-44ec-8f24-10f3fa046d10;291;Réception (B.L. : 1100213473);1100213473;;FOURNISSEUR CENTRALE;;Pas de commande associée;O;23/03/2026 00:00;;23/03/2026 17:12;0.000
5dc9b4c6-34a3-40a3-af88-9a92487027f4;293;Réception (B.L. : 1100215544);1100215544;;FOURNISSEUR CENTRALE;;Pas de commande associée;O;03/04/2026 00:00;;03/04/2026 12:17;0.000
5de583a4-6eee-4ef6-8ac3-4a98fdb9a576;291;Réception (B.L. : 1800335501);1800335501;;FOURNISSEUR CENTRALE;;Pas de commande associée;O;31/03/2026 00:00;;01/04/2026 12:25;0.000
5deb933d-e4a0-483e-a92f-b65cf2782680;291;Réception (B.L. : 1100211929);1100211929;;FOURNISSEUR CENTRALE;;Pas de commande associée;O;13/03/2026 00:00;;13/03/2026 12:15;0.000
5ded7655-53bf-42e2-9037-de490cdb1314;293;Réception (B.L. : 1700237417);1700237417;;FOURNISSEUR CENTRALE;;Pas de commande associée;O;08/04/2026 00:00;;08/04/2026 12:26;0.000
5e0fb04a-aa6a-4aa4-8f2b-dedbf1464d63;291;Réception (B.L. : 1100213876);1100213876;;FOURNISSEUR CENTRALE;;Pas de commande associée;O;25/03/2026 00:00;;25/03/2026 12:18;0.000
5e10aa20-f959-4536-923a-3f2e75e6b00e;293;Réception (B.L. : 1700231872);1700231872;;FOURNISSEUR CENTRALE;;Pas de commande associée;O;11/03/2026 00:00;;11/03/2026 12:23;0.000
5e3a6466-c665-4a81-80f3-27b74e41d22a;293;Réception (B.L. : 1800334629);1800334629;;FOURNISSEUR CENTRALE;;Pas de commande associée;O;27/03/2026 00:00;;27/03/2026 23:43;0.000
5e453a7d-01cf-4147-ab6b-cb37b3daeb56;292;Réception (B.L. : 1800329466);1800329466;;FOURNISSEUR CENTRALE;;Pas de commande associée;O;09/03/2026 00:00;;09/03/2026 12:14;40.000
5e724cb0-fe31-4ae1-88c3-dda145fa9cdc;293;Réception (B.L. : 1700230290);1700230290;;FOURNISSEUR CENTRALE;;Pas de commande associée;O;04/03/2026 00:00;;04/03/2026 12:24;0.000
5e836f28-dbe7-433c-9bfc-edd16dc53b40;293;Réception (B.L. : 1800330422);1800330422;;FOURNISSEUR CENTRALE;;Pas de commande associée;O;11/03/2026 00:00;;12/03/2026 12:07;0.000
5e9c30ca-3690-49ec-a221-5838018ea279;291;Réception (B.L. : 1800330147);1800330147;;FOURNISSEUR CENTRALE;;Pas de commande associée;O;11/03/2026 00:00;;11/03/2026 12:38;0.000
5ead6959-6316-47cf-aa47-7055a936e9ab;293;Réception (B.L. : 1700237413);1700237413;;FOURNISSEUR CENTRALE;;Pas de commande associée;O;08/04/2026 00:00;;08/04/2026 12:22;0.000
5ec9e712-437e-4df0-8cf8-7a3b2cc066e2;080;Réception (B.L. : 1100214613);1100214613;;FOURNISSEUR CENTRALE;;Pas de commande associée;O;30/03/2026 00:00;;30/03/2026 12:11;1974.000
5eded1a1-d24c-4b92-8489-69d4b07628fa;080;Réception (B.L. : 1700233626);1700233626;;FOURNISSEUR CENTRALE;;Pas de commande associée;O;19/03/2026 00:00;;20/03/2026 12:09;474.000
5ee357b2-af08-46a2-b2ad-1c7c52ea01a6;291;Réception (B.L. : 1800334075);1800334075;;FOURNISSEUR CENTRALE;;Pas de commande associée;O;26/03/2026 00:00;;26/03/2026 12:27;0.000
5efa078f-27be-4795-9177-15d75ac38b09;292;Réception (B.L. : 1700231085);1700231085;;FOURNISSEUR CENTRALE;;Pas de commande associée;O;07/03/2026 00:00;;07/03/2026 12:13;2.000
5f0b1e5d-f9ce-4f31-b066-e99aafbfe24f;080;Réception (B.L. : 1800330722);1800330722;;FOURNISSEUR CENTRALE;;Pas de commande associée;O;12/03/2026 00:00;;13/03/2026 12:15;19.000
5f1086d7-785b-43f9-ade2-8a7033759126;293;Réception (B.L. : 1800329881);1800329881;;FOURNISSEUR CENTRALE;;Pas de commande associée;O;10/03/2026 00:00;;10/03/2026 12:13;0.000
5f178ac3-6074-4a2b-967d-13fd1d912b88;291;Réception (B.L. : 1800334687);1800334687;;FOURNISSEUR CENTRALE;;Pas de commande associée;O;27/03/2026 00:00;;27/03/2026 23:42;0.000
5f21db53-b35a-4eef-9465-59e49a223b78;080;Réception (B.L. : 1700236074);1700236074;;FOURNISSEUR CENTRALE;;Pas de commande associée;O;01/04/2026 00:00;;01/04/2026 17:16;120.000
5f4832dd-7b45-480d-82b8-efddd003ece5;291;Réception (B.L. : 1700234103);1700234103;;FOURNISSEUR CENTRALE;;Pas de commande associée;O;23/03/2026 00:00;;23/03/2026 12:29;0.000
5f7631bb-d504-4f82-8bab-b896a7925be5;080;Réception (B.L. : 1700232342);1700232342;;FOURNISSEUR CENTRALE;;Pas de commande associée;O;13/03/2026 00:00;;13/03/2026 12:08;36.000
5f7ea534-8dc1-4317-9eea-64cc6e36a028;291;Réception (B.L. : 1100214313);1100214313;;FOURNISSEUR CENTRALE;;Pas de commande associée;O;27/03/2026 00:00;;27/03/2026 12:13;0.000
5fece129-5e5f-405e-9715-a86a841f4e92;293;Réception (B.L. : 1800335350);1800335350;;FOURNISSEUR CENTRALE;;Pas de commande associée;O;31/03/2026 00:00;;31/03/2026 17:15;0.000
5fffe58b-0327-4c99-aa3d-c99144b80d90;080;Réception (B.L. : 1800336791);1800336791;;FOURNISSEUR CENTRALE;;Pas de commande associée;O;06/04/2026 00:00;;06/04/2026 12:27;90.000
600660ce-7035-46b6-8d29-34e84ab364bd;293;Réception (B.L. : 1700231870);1700231870;;FOURNISSEUR CENTRALE;;Pas de commande associée;O;11/03/2026 00:00;;11/03/2026 12:21;0.000
60102723-9a38-4475-b7fc-6fb4b6d1d711;291;Réception (B.L. : 1800333754);1800333754;;FOURNISSEUR CENTRALE;;Pas de commande associée;O;24/03/2026 00:00;;25/03/2026 12:41;0.000
60285f6f-9469-4852-8275-934a2c91e071;293;Réception (B.L. : 1800334627);1800334627;;FOURNISSEUR CENTRALE;;Pas de commande associée;O;27/03/2026 00:00;;27/03/2026 23:41;0.000
6033e20b-aaab-4852-ba4c-86995575d990;292;Réception (B.L. : 1800332462);1800332462;;FOURNISSEUR CENTRALE;;Pas de commande associée;O;19/03/2026 00:00;;19/03/2026 17:23;4.000
60357f43-29bc-4909-b234-6b7ad3c63588;292;Réception (B.L. : 1700232969);1700232969;;FOURNISSEUR CENTRALE;;Pas de commande associée;O;17/03/2026 00:00;;18/03/2026 00:06;45.000
6040f9c9-86d5-470e-8a12-0e690d7ae04d;291;Réception (B.L. : 1800333569);1800333569;;FOURNISSEUR CENTRALE;;Pas de commande associée;O;24/03/2026 00:00;;24/03/2026 17:20;0.000
60464867-1228-4fba-b360-6ee965d6c6bd;080;Réception (B.L. : 1700230956);1700230956;;FOURNISSEUR CENTRALE;;Pas de commande associée;O;06/03/2026 00:00;;06/03/2026 17:05;6600.000
605b86aa-da6e-4b3c-86b0-f55cc6c77999;080;Réception (B.L. : 1700231425);1700231425;;FOURNISSEUR CENTRALE;;Pas de commande associée;O;09/03/2026 00:00;;09/03/2026 17:14;100.000
6072d9c1-b90f-4e5d-997e-976d8d48b98a;080;Réception (B.L. : 1700235520);1700235520;;FOURNISSEUR CENTRALE;;Pas de commande associée;O;30/03/2026 00:00;;30/03/2026 12:21;19.000
607d8675-0c6c-47e4-9cc4-fddf29c8ae96;291;Réception (B.L. : 1800334689);1800334689;;FOURNISSEUR CENTRALE;;Pas de commande associée;O;27/03/2026 00:00;;27/03/2026 23:44;0.000
60d29739-2f82-4768-bdef-fccd96eba5ce;080;Réception (B.L. : 1800330454);1800330454;;FOURNISSEUR CENTRALE;;Pas de commande associée;O;11/03/2026 00:00;;12/03/2026 12:08;105.000
613a31ad-e070-4a16-bc13-e041c399c72b;291;Réception (B.L. : 1700235537);1700235537;;FOURNISSEUR CENTRALE;;Pas de commande associée;O;30/03/2026 00:00;;30/03/2026 12:24;0.000
613c8764-76a2-458c-88d7-9c5751945f2b;293;Réception (B.L. : 1700234651);1700234651;;FOURNISSEUR CENTRALE;;Pas de commande associée;O;25/03/2026 00:00;;25/03/2026 12:33;0.000
61458f4d-6236-41d1-ba6e-df24ba94da02;291;Réception (B.L. : 1700230853);1700230853;;FOURNISSEUR CENTRALE;;Pas de commande associée;O;06/03/2026 00:00;;06/03/2026 12:18;0.000
6176f1d8-42ba-45ec-954d-6299870f2fc1;291;Réception (B.L. : 1800333566);1800333566;;FOURNISSEUR CENTRALE;;Pas de commande associée;O;24/03/2026 00:00;;24/03/2026 17:17;0.000
6187cd16-59e6-4f8e-8066-5fc96f3e631a;293;Réception (B.L. : 1800331590);1800331590;;FOURNISSEUR CENTRALE;;Pas de commande associée;O;17/03/2026 00:00;;17/03/2026 12:02;0.000
618b588a-79be-489e-a91f-ca3b5e307dbd;293;Réception (B.L. : 1800332983);1800332983;;FOURNISSEUR CENTRALE;;Pas de commande associée;O;20/03/2026 00:00;;20/03/2026 17:02;0.000
619a52b6-36c1-415b-adbc-f37316316ef5;292;Réception (B.L. : 1800333719);1800333719;;FOURNISSEUR CENTRALE;;Pas de commande associée;O;24/03/2026 00:00;;25/03/2026 12:30;752.255
619b3f5d-e9eb-4825-9499-6c19f405dfa6;291;Réception (B.L. : 1100212804);1100212804;;FOURNISSEUR CENTRALE;;Pas de commande associée;O;19/03/2026 00:00;;19/03/2026 17:15;0.000
619ea0d1-b70d-45ee-a866-d4a8ebca6960;080;Réception (B.L. : 1100211480);1100211480;;FOURNISSEUR CENTRALE;;Pas de commande associée;O;11/03/2026 00:00;;11/03/2026 12:13;126.000
61c0a80f-5faf-492a-988c-13bb05e246a2;291;Réception (B.L. : 1700236633);1700236633;;FOURNISSEUR CENTRALE;;Pas de commande associée;O;03/04/2026 00:00;;03/04/2026 17:11;0.000
61c73c15-cd89-4095-ba19-749c889f0d1c;291;Réception (B.L. : 1700235533);1700235533;;FOURNISSEUR CENTRALE;;Pas de commande associée;O;30/03/2026 00:00;;30/03/2026 12:20;0.000
61db6a9f-e660-4d51-9d00-62c807346e89;292;Réception (B.L. : 1100213700);1100213700;;FOURNISSEUR CENTRALE;;Pas de commande associée;O;24/03/2026 00:00;;24/03/2026 17:13;12.000
61e37d32-34bd-411b-85bb-4e4a78f3bef8;293;Réception (B.L. : 1700236955);1700236955;;FOURNISSEUR CENTRALE;;Pas de commande associée;O;06/04/2026 00:00;;06/04/2026 12:16;0.000
61e695ae-0e48-4495-a49a-eb140e0d8f0c;292;Réception (B.L. : 1800333389);1800333389;;FOURNISSEUR CENTRALE;;Pas de commande associée;O;24/03/2026 00:00;;24/03/2026 12:15;1962.000
61f75b50-56ba-492f-9c4a-c71260c5a114;293;Réception (B.L. : 1700233644);1700233644;;FOURNISSEUR CENTRALE;;Pas de commande associée;O;19/03/2026 00:00;;20/03/2026 12:16;0.000
62028fd0-6955-4594-b041-1214b17e7a9c;292;Réception (B.L. : 1800333994);1800333994;;FOURNISSEUR CENTRALE;;Pas de commande associée;O;25/03/2026 00:00;;26/03/2026 12:16;9.200
62119b1a-873d-46b1-a7cf-e36691e4892e;291;Réception (B.L. : 1100211093);1100211093;;FOURNISSEUR CENTRALE;;Pas de commande associée;O;09/03/2026 00:00;;09/03/2026 12:15;0.000
6217f8fd-6720-4bdc-bef7-1d6ab07bd340;293;Réception (B.L. : 1800331095);1800331095;;FOURNISSEUR CENTRALE;;Pas de commande associée;O;13/03/2026 00:00;;13/03/2026 23:31;0.000
628fc109-47df-4f1d-b8c1-da0bdbfa8087;291;Réception (B.L. : 1700232333);1700232333;;FOURNISSEUR CENTRALE;;Pas de commande associée;O;13/03/2026 00:00;;13/03/2026 12:19;0.000
629074ae-8bae-435b-b191-bcbbd6afe4e2;291;Réception (B.L. : 1100214314);1100214314;;FOURNISSEUR CENTRALE;;Pas de commande associée;O;27/03/2026 00:00;;27/03/2026 12:14;0.000
62aed5f1-b08a-4109-8ca5-97e382307b4c;293;Réception (B.L. : 1800328010);1800328010;;FOURNISSEUR CENTRALE;;Pas de commande associée;O;02/03/2026 00:00;;03/03/2026 12:01;0.000
62c0cbef-18e6-4e19-a99d-fc07fc220973;291;Réception (B.L. : 1800334152);1800334152;;FOURNISSEUR CENTRALE;;Pas de commande associée;O;26/03/2026 00:00;;26/03/2026 12:31;0.000
62d6e071-3eb0-4e76-bccc-d0b2b00d3e65;291;Réception (B.L. : 1800334192);1800334192;;FOURNISSEUR CENTRALE;;Pas de commande associée;O;26/03/2026 00:00;;26/03/2026 12:33;0.000
62fbbb8d-5905-4db1-bb7b-ee91e75b40e1;292;Réception (B.L. : 1100211965);1100211965;;FOURNISSEUR CENTRALE;;Pas de commande associée;O;13/03/2026 00:00;;13/03/2026 17:00;48.000
63040227-deac-4086-9c19-be8b89b1166d;293;Réception (B.L. : 1800336129);1800336129;;FOURNISSEUR CENTRALE;;Pas de commande associée;O;02/04/2026 00:00;;03/04/2026 12:22;0.000
631448e6-7f8a-4b77-9de2-29ee3f17ff77;291;Réception (B.L. : 1100211092);1100211092;;FOURNISSEUR CENTRALE;;Pas de commande associée;O;09/03/2026 00:00;;09/03/2026 12:14;0.000
63233751-dbc0-4fdc-8613-7e84ed203aa9;292;Réception (B.L. : 1800334732);1800334732;;FOURNISSEUR CENTRALE;;Pas de commande associée;O;28/03/2026 00:00;;28/03/2026 12:25;1008.103
632c00ff-f3a7-4559-a33b-af251938aaff;292;Réception (B.L. : 1800330514);1800330514;;FOURNISSEUR CENTRALE;;Pas de commande associée;O;12/03/2026 00:00;;12/03/2026 12:09;10.000
634c6b9b-0865-4970-8dda-fdbaf200c4b1;291;Réception (B.L. : 1800328123);1800328123;;FOURNISSEUR CENTRALE;;Pas de commande associée;O;03/03/2026 00:00;;03/03/2026 17:06;0.000
638f273a-c7fb-44a6-98d3-2e3ec5df0508;292;Réception (B.L. : 1800329877);1800329877;;FOURNISSEUR CENTRALE;;Pas de commande associée;O;10/03/2026 00:00;;10/03/2026 12:15;6.000
639340b1-7ed4-4a9c-b7a3-8b3352c11707;291;Réception (B.L. : 1100216100);1100216100;;FOURNISSEUR CENTRALE;;Pas de commande associée;O;07/04/2026 00:00;;07/04/2026 17:11;0.000
639cfe8d-ca79-4c15-962c-48f205747a3b;080;Réception (B.L. : 1700234143);1700234143;;FOURNISSEUR CENTRALE;;Pas de commande associée;O;23/03/2026 00:00;;23/03/2026 12:14;84.000
63c0a08c-85a6-4a56-8c1e-b2393f09d658;292;Réception (B.L. : 1800331638);1800331638;;FOURNISSEUR CENTRALE;;Pas de commande associée;O;16/03/2026 00:00;;17/03/2026 12:01;16.000
63cb22b0-2dc5-4b97-8dba-7d4ae9ea902a;080;Réception (B.L. : 1800329695);1800329695;;FOURNISSEUR CENTRALE;;Pas de commande associée;O;10/03/2026 00:00;;10/03/2026 12:01;136.000
63cca098-7b03-496f-925b-531d15cbc26b;293;Réception (B.L. : 1700230866);1700230866;;FOURNISSEUR CENTRALE;;Pas de commande associée;O;06/03/2026 00:00;;06/03/2026 12:21;0.000
63dd04c3-6e46-4586-b477-5c3364e4b688;080;Réception (B.L. : 1700233266);1700233266;;FOURNISSEUR CENTRALE;;Pas de commande associée;O;18/03/2026 00:00;;18/03/2026 17:02;565.000
64250b1b-e99e-4b7e-a23b-4096ee5e7bca;291;Réception (B.L. : 1800331087);1800331087;;FOURNISSEUR CENTRALE;;Pas de commande associée;O;13/03/2026 00:00;;13/03/2026 23:29;0.000
6447a823-e1e0-4335-84d7-d01b80969412;291;Réception (B.L. : 1700233595);1700233595;;FOURNISSEUR CENTRALE;;Pas de commande associée;O;19/03/2026 00:00;;19/03/2026 23:36;0.000
646b8364-7875-4e5a-ac5b-a75156998f57;293;Réception (B.L. : 1700235491);1700235491;;FOURNISSEUR CENTRALE;;Pas de commande associée;O;30/03/2026 00:00;;30/03/2026 12:19;0.000
64893aa3-49b5-44e4-8421-20b7a9c0723c;080;Réception (B.L. : 1800329985);1800329985;;FOURNISSEUR CENTRALE;;Pas de commande associée;O;10/03/2026 00:00;;10/03/2026 17:03;2.000
64903687-b3ab-4441-af59-b6cbd57441d5;292;Réception (B.L. : 1800331643);1800331643;;FOURNISSEUR CENTRALE;;Pas de commande associée;O;16/03/2026 00:00;;17/03/2026 12:03;973.800
64b1df9b-c175-489a-94bc-14d28742fcfc;080;Réception (B.L. : 1800335080);1800335080;;FOURNISSEUR CENTRALE;;Pas de commande associée;O;30/03/2026 00:00;;31/03/2026 12:13;147.475
64c2e634-6f3d-481e-aae5-191a449cb6ef;293;Réception (B.L. : 1800331092);1800331092;;FOURNISSEUR CENTRALE;;Pas de commande associée;O;13/03/2026 00:00;;13/03/2026 23:28;0.000
64c7e1c0-3277-4fa6-81d0-33375a17f522;080;Réception (B.L. : 1800329816);1800329816;;FOURNISSEUR CENTRALE;;Pas de commande associée;O;10/03/2026 00:00;;10/03/2026 12:10;26.000
64e52555-6528-4c75-bf3d-5bdbae5559c6;291;Réception (B.L. : 1100210579);1100210579;;FOURNISSEUR CENTRALE;;Pas de commande associée;O;04/03/2026 00:00;;05/03/2026 12:13;0.000
64ee2cf1-320f-40dc-bb46-3cb605f1ecad;080;Réception (B.L. : 1800332417);1800332417;;FOURNISSEUR CENTRALE;;Pas de commande associée;O;19/03/2026 00:00;;19/03/2026 17:25;106.500
64faa865-085d-4755-9c19-a40bffb0ed43;292;Réception (B.L. : 1100216090);1100216090;;FOURNISSEUR CENTRALE;;Pas de commande associée;O;07/04/2026 00:00;;07/04/2026 17:11;508.000
65241229-556b-4120-a038-ab32d3987c8a;293;Réception (B.L. : 1100214481);1100214481;;FOURNISSEUR CENTRALE;;Pas de commande associée;O;28/03/2026 00:00;;28/03/2026 12:12;0.000
65330c3e-123f-4339-8a56-27cdbde4a6ee;291;Réception (B.L. : 1800330149);1800330149;;FOURNISSEUR CENTRALE;;Pas de commande associée;O;11/03/2026 00:00;;11/03/2026 12:40;0.000
65842403-37a9-4449-8318-701454be3907;291;Réception (B.L. : 1700232332);1700232332;;FOURNISSEUR CENTRALE;;Pas de commande associée;O;13/03/2026 00:00;;13/03/2026 12:18;0.000
65859262-ab80-4c55-b4b6-745508e76a64;293;Réception (B.L. : 1100214970);1100214970;;FOURNISSEUR CENTRALE;;Pas de commande associée;O;01/04/2026 00:00;;01/04/2026 12:14;0.000
659c06f3-f324-4f78-b087-d6babcef5a85;080;Réception (B.L. : 1800330450);1800330450;;FOURNISSEUR CENTRALE;;Pas de commande associée;O;11/03/2026 00:00;;12/03/2026 12:04;18.000
65bdd70b-e2cd-496d-9a8a-22e02ab3bad5;292;Réception (B.L. : 1800330443);1800330443;;FOURNISSEUR CENTRALE;;Pas de commande associée;O;11/03/2026 00:00;;12/03/2026 12:01;18.000
65c459fe-027d-43cb-a9f5-0974968e551f;291;Réception (B.L. : 1700230859);1700230859;;FOURNISSEUR CENTRALE;;Pas de commande associée;O;06/03/2026 00:00;;06/03/2026 12:24;0.000
65eb3ad9-991c-4a41-867e-a673bf5ed74f;080;Réception (B.L. : 1100211109);1100211109;;FOURNISSEUR CENTRALE;;Pas de commande associée;O;08/03/2026 00:00;;09/03/2026 12:14;36.000
65ec181c-7ea7-4175-a213-f7a1ae12035b;292;Réception (B.L. : 1200107822);1200107822;;FOURNISSEUR CENTRALE;;Pas de commande associée;O;02/04/2026 00:00;;02/04/2026 12:11;10.000
65f65449-57a4-42c7-852d-d6affc73139b;291;Réception (B.L. : 1700234913);1700234913;;FOURNISSEUR CENTRALE;;Pas de commande associée;O;26/03/2026 00:00;;26/03/2026 17:12;0.000
65fc9225-c6ca-4199-837d-acafe21b2df9;291;Réception (B.L. : 1800330148);1800330148;;FOURNISSEUR CENTRALE;;Pas de commande associée;O;11/03/2026 00:00;;11/03/2026 12:39;0.000
66119770-4019-4fd1-a9bd-83ded025d807;292;Réception (B.L. : 1800337176);1800337176;;FOURNISSEUR CENTRALE;;Pas de commande associée;O;07/04/2026 00:00;;08/04/2026 12:19;34.325
6617e963-e83b-4bc5-848a-132f432065b1;292;Réception (B.L. : 1100213118);1100213118;;FOURNISSEUR CENTRALE;;Pas de commande associée;O;21/03/2026 00:00;;21/03/2026 12:11;1301.000
66596aa0-824a-48ed-baa0-5c3a534fff41;292;Réception (B.L. : 1200106330);1200106330;;FOURNISSEUR CENTRALE;;Pas de commande associée;O;12/03/2026 00:00;;12/03/2026 17:11;2.000
66837963-a3a5-4485-a952-8b3d3811207b;292;Réception (B.L. : 1100211556);1100211556;;FOURNISSEUR CENTRALE;;Pas de commande associée;O;11/03/2026 00:00;;11/03/2026 17:05;10.000
66981580-9d9d-494e-895b-232d2262de87;291;Réception (B.L. : 1200106255);1200106255;;FOURNISSEUR CENTRALE;;Pas de commande associée;O;11/03/2026 00:00;;11/03/2026 17:02;0.000
66a60362-a906-4889-b5bb-85dcb632bd8e;080;Réception (B.L. : 1800335149);1800335149;;FOURNISSEUR CENTRALE;;Pas de commande associée;O;31/03/2026 00:00;;31/03/2026 12:20;30.000
66ab7d25-160d-4554-a6bd-493f6b9e3a8f;293;Réception (B.L. : 1800334862);1800334862;;FOURNISSEUR CENTRALE;;Pas de commande associée;O;29/03/2026 00:00;;30/03/2026 12:25;0.000
66c30718-beae-4c09-a18c-e3658e88c7a7;080;Réception (B.L. : 1100215095);1100215095;;FOURNISSEUR CENTRALE;;Pas de commande associée;O;01/04/2026 00:00;;01/04/2026 17:11;6.000
6705b702-a116-4b9e-83ec-e7c0acb20ece;292;Réception (B.L. : 1100212358);1100212358;;FOURNISSEUR CENTRALE;;Pas de commande associée;O;17/03/2026 00:00;;17/03/2026 17:01;96.000
671553cb-c4ee-49b6-863f-1164f1b087f1;293;Réception (B.L. : 1800329882);1800329882;;FOURNISSEUR CENTRALE;;Pas de commande associée;O;10/03/2026 00:00;;10/03/2026 12:14;0.000
672123ef-7d09-4c23-9567-eb88279978ab;292;Réception (B.L. : 1800333128);1800333128;;FOURNISSEUR CENTRALE;;Pas de commande associée;O;23/03/2026 00:00;;23/03/2026 12:25;40.000
672250e3-e6c1-4f12-9e3d-799245fd3759;291;Réception (B.L. : 1700231024);1700231024;;FOURNISSEUR CENTRALE;;Pas de commande associée;O;06/03/2026 00:00;;06/03/2026 17:12;0.000
672e4958-bc49-4262-a06d-0f9e8f2e9c8a;080;Réception (B.L. : 1100210931);1100210931;;FOURNISSEUR CENTRALE;;Pas de commande associée;O;07/03/2026 00:00;;07/03/2026 12:11;672.000
6731ce3e-4b8a-45a6-9fd2-a7b9dbff323e;080;Réception (B.L. : 1800333470);1800333470;;FOURNISSEUR CENTRALE;;Pas de commande associée;O;24/03/2026 00:00;;24/03/2026 17:15;4.000
67775b7a-8aea-4cf0-9970-8c469d859a77;292;Réception (B.L. : 1700236062);1700236062;;FOURNISSEUR CENTRALE;;Pas de commande associée;O;01/04/2026 00:00;;01/04/2026 17:12;356.000
67b65ee5-3e16-4ec9-b76e-9910b9f64123;291;Réception (B.L. : 1200105955);1200105955;;FOURNISSEUR CENTRALE;;Pas de commande associée;O;06/03/2026 00:00;;06/03/2026 17:11;0.000
67bc0cf7-4ec5-4dcd-a151-d8e577005d1f;292;Réception (B.L. : 1800331494);1800331494;;FOURNISSEUR CENTRALE;;Pas de commande associée;O;16/03/2026 00:00;;16/03/2026 12:26;17.000
67fe6d3a-de0d-4ea9-8ae0-4da27abd97a1;293;Réception (B.L. : 1800336399);1800336399;;FOURNISSEUR CENTRALE;;Pas de commande associée;O;03/04/2026 00:00;;04/04/2026 01:43;0.000
680417b1-5ed7-45b2-87e7-a74c51f0fb39;293;Réception (B.L. : 1100216242);1100216242;;FOURNISSEUR CENTRALE;;Pas de commande associée;O;08/04/2026 00:00;;08/04/2026 12:13;0.000
6807b9a3-0bb1-4e06-b22b-d2e8118953ce;293;Réception (B.L. : 1100215335);1100215335;;FOURNISSEUR CENTRALE;;Pas de commande associée;O;02/04/2026 00:00;;02/04/2026 17:13;0.000
68392c22-63bc-4d7c-91e2-43a68dbf5630;080;Réception (B.L. : 1800336329);1800336329;;FOURNISSEUR CENTRALE;;Pas de commande associée;O;03/04/2026 00:00;;04/04/2026 01:42;41.000
68565ed6-b214-427c-8f3c-31f3cb333205;293;Réception (B.L. : 1700231455);1700231455;;FOURNISSEUR CENTRALE;;Pas de commande associée;O;09/03/2026 00:00;;09/03/2026 17:11;0.000
686b7a2d-abed-40df-85d6-32f351b6889f;291;Réception (B.L. : 1800331769);1800331769;;FOURNISSEUR CENTRALE;;Pas de commande associée;O;17/03/2026 00:00;;17/03/2026 17:06;0.000
688119e0-ed83-4eae-8a0f-6f05d0e17f42;292;Réception (B.L. : 1100214171);1100214171;;FOURNISSEUR CENTRALE;;Pas de commande associée;O;26/03/2026 00:00;;26/03/2026 12:14;6.000
689b7af4-0adf-4766-96f4-f76b3f9131e2;291;Réception (B.L. : 1800331770);1800331770;;FOURNISSEUR CENTRALE;;Pas de commande associée;O;17/03/2026 00:00;;17/03/2026 17:07;0.000
689be27d-4741-4525-adb8-bdae2cd26b39;293;Réception (B.L. : 1800332987);1800332987;;FOURNISSEUR CENTRALE;;Pas de commande associée;O;20/03/2026 00:00;;20/03/2026 17:06;0.000
68c14361-7700-4619-a8bb-852a794b271a;293;Réception (B.L. : 1100215542);1100215542;;FOURNISSEUR CENTRALE;;Pas de commande associée;O;03/04/2026 00:00;;03/04/2026 12:15;0.000
68c1bd73-159a-4418-8009-5657f4db8693;291;Réception (B.L. : 1700237120);1700237120;;FOURNISSEUR CENTRALE;;Pas de commande associée;O;07/04/2026 00:00;;07/04/2026 12:19;0.000
68e53e07-c00f-4826-8e44-8b0d0310f143;291;Réception (B.L. : 1100210024);1100210024;;FOURNISSEUR CENTRALE;;Pas de commande associée;O;02/03/2026 00:00;;02/03/2026 12:15;0.000
69101a10-c601-4df1-9a0d-6e65fecc0d3b;291;Réception (B.L. : 1800337225);1800337225;;FOURNISSEUR CENTRALE;;Pas de commande associée;O;08/04/2026 00:00;;08/04/2026 12:34;0.000
6910e72a-713d-47e3-9a88-8b282e0484a4;293;Réception (B.L. : 1100211463);1100211463;;FOURNISSEUR CENTRALE;;Pas de commande associée;O;11/03/2026 00:00;;11/03/2026 12:15;0.000
6927be88-6daa-4a14-ac6e-6f25e8e40161;293;Réception (B.L. : 1100212166);1100212166;;FOURNISSEUR CENTRALE;;Pas de commande associée;O;16/03/2026 00:00;;16/03/2026 12:13;0.000
699916e7-6cbd-4c29-9370-f64fc64d48a4;291;Réception (B.L. : 1700231352);1700231352;;FOURNISSEUR CENTRALE;;Pas de commande associée;O;09/03/2026 00:00;;09/03/2026 12:23;0.000
69a3d8ad-89ca-4a11-9a8d-054db53bc987;292;Réception (B.L. : 1100211937);1100211937;;FOURNISSEUR CENTRALE;;Pas de commande associée;O;13/03/2026 00:00;;13/03/2026 12:14;6.000
69b718cd-ca23-40c1-8533-034dda876b09;291;Réception (B.L. : 1800328606);1800328606;;FOURNISSEUR CENTRALE;;Pas de commande associée;O;05/03/2026 00:00;;05/03/2026 12:21;0.000
69c2d746-2ce8-48d0-b475-0c4d2ca41b05;293;Réception (B.L. : 1800331592);1800331592;;FOURNISSEUR CENTRALE;;Pas de commande associée;O;17/03/2026 00:00;;17/03/2026 12:04;0.000
69c564f6-991c-4be2-980c-a13300c3cc05;291;Réception (B.L. : 1800328335);1800328335;;FOURNISSEUR CENTRALE;;Pas de commande associée;O;03/03/2026 00:00;;04/03/2026 12:32;0.000
69d90182-61fe-42c8-86f9-91028fe475b4;293;Réception (B.L. : 1800331493);1800331493;;FOURNISSEUR CENTRALE;;Pas de commande associée;O;16/03/2026 00:00;;16/03/2026 12:37;0.000
69da1e0e-2412-42c3-bed4-632c6084b1e9;293;Réception (B.L. : 1800331999);1800331999;;FOURNISSEUR CENTRALE;;Pas de commande associée;O;17/03/2026 00:00;;18/03/2026 12:39;0.000
69f58cae-1fd5-4d47-9e1e-bbc832b1b921;291;Réception (B.L. : 1700233844);1700233844;;FOURNISSEUR CENTRALE;;Pas de commande associée;O;20/03/2026 00:00;;20/03/2026 12:07;0.000
6a27cee6-57e4-4e39-8e8b-f7d1388d531d;293;Réception (B.L. : 1800332630);1800332630;;FOURNISSEUR CENTRALE;;Pas de commande associée;O;19/03/2026 00:00;;20/03/2026 12:26;0.000
6a318d09-f531-4180-ab8c-026a779fc084;080;Réception (B.L. : 1700233633);1700233633;;FOURNISSEUR CENTRALE;;Pas de commande associée;O;19/03/2026 00:00;;20/03/2026 12:16;60.000
6a54c168-4f47-438d-9336-e78419ef734d;293;Réception (B.L. : 1800337182);1800337182;;FOURNISSEUR CENTRALE;;Pas de commande associée;O;07/04/2026 00:00;;08/04/2026 12:31;0.000
6a78f938-b7d7-4ade-9d8e-3eb43c54d088;291;Réception (B.L. : 1800328038);1800328038;;FOURNISSEUR CENTRALE;;Pas de commande associée;O;03/03/2026 00:00;;03/03/2026 12:07;0.000
6a82e2d3-7bec-452f-ba90-140fe75a3e66;080;Réception (B.L. : 1800333680);1800333680;;FOURNISSEUR CENTRALE;;Pas de commande associée;O;24/03/2026 00:00;;25/03/2026 12:35;716.100
6a9f7d14-410a-4c97-8424-e45804472f29;293;Réception (B.L. : 1800332301);1800332301;;FOURNISSEUR CENTRALE;;Pas de commande associée;O;18/03/2026 00:00;;19/03/2026 12:26;0.000
6ab736c3-7a06-459c-a470-4c9d689b9ec4;291;Réception (B.L. : 1800336385);1800336385;;FOURNISSEUR CENTRALE;;Pas de commande associée;O;03/04/2026 00:00;;04/04/2026 01:38;380.000
6acb89c2-6014-47cc-abb0-a1abfbdd7e14;293;Réception (B.L. : 1700236060);1700236060;;FOURNISSEUR CENTRALE;;Pas de commande associée;O;01/04/2026 00:00;;01/04/2026 17:17;0.000
6ae6110e-d5f9-48c5-9894-0b13db7799a8;292;Réception (B.L. : 1700231416);1700231416;;FOURNISSEUR CENTRALE;;Pas de commande associée;O;09/03/2026 00:00;;09/03/2026 17:12;818.000
6b019532-d067-42b0-a99a-ef2ced19de69;293;Réception (B.L. : 1700235487);1700235487;;FOURNISSEUR CENTRALE;;Pas de commande associée;O;30/03/2026 00:00;;30/03/2026 12:15;0.000
6b216b1a-535b-4328-812a-dba26e8c71e5;080;Réception (B.L. : 1800335084);1800335084;;FOURNISSEUR CENTRALE;;Pas de commande associée;O;30/03/2026 00:00;;31/03/2026 12:17;42.600
6b4aedcb-7755-46cb-8488-df547291f58a;080;Réception (B.L. : 1800330839);1800330839;;FOURNISSEUR CENTRALE;;Pas de commande associée;O;13/03/2026 00:00;;13/03/2026 12:16;1.000
6b955137-a77d-4bbf-8ac3-a2f48cb40d90;080;Réception (B.L. : 1200107132);1200107132;;FOURNISSEUR CENTRALE;;Pas de commande associée;O;25/03/2026 00:00;;25/03/2026 12:11;77.000
6bb51e18-674b-4c6a-a4a2-dd918edf900a;291;Réception (B.L. : 1800331600);1800331600;;FOURNISSEUR CENTRALE;;Pas de commande associée;O;16/03/2026 00:00;;17/03/2026 12:01;0.000
6bc95e33-3bed-4cea-ab2f-86ba97ae93d6;292;Réception (B.L. : 1800334888);1800334888;;FOURNISSEUR CENTRALE;;Pas de commande associée;O;29/03/2026 00:00;;30/03/2026 12:27;36.000
6bd5542b-6c13-4b74-a748-b8f220edf84e;080;Réception (B.L. : 1700230998);1700230998;;FOURNISSEUR CENTRALE;;Pas de commande associée;O;06/03/2026 00:00;;06/03/2026 17:10;13.000
6c03108c-b77d-4b30-a86b-4cacaee057d9;293;Réception (B.L. : 1800329183);1800329183;;FOURNISSEUR CENTRALE;;Pas de commande associée;O;06/03/2026 00:00;;06/03/2026 17:19;0.000
6c36ee7d-e2e2-4fc6-8e9e-adb6e53694b0;291;Réception (B.L. : 1800331498);1800331498;;FOURNISSEUR CENTRALE;;Pas de commande associée;O;16/03/2026 00:00;;16/03/2026 12:34;0.000
6c80ce2b-68fe-40d3-8533-c29166d2736b;080;Réception (B.L. : 1800334359);1800334359;;FOURNISSEUR CENTRALE;;Pas de commande associée;O;26/03/2026 00:00;;27/03/2026 12:27;72.000
6c9a3a8d-a32a-4e91-a0a7-30f76e30229d;080;Réception (B.L. : 1800328648);1800328648;;FOURNISSEUR CENTRALE;;Pas de commande associée;O;05/03/2026 00:00;;05/03/2026 17:11;9.000
6ca1a439-982f-4616-bfeb-4f98af37bb21;291;Réception (B.L. : 1800333742);1800333742;;FOURNISSEUR CENTRALE;;Pas de commande associée;O;24/03/2026 00:00;;25/03/2026 12:35;0.000
6cfdbdc5-b815-41cc-a2df-e1a3858f71ee;293;Réception (B.L. : 1800336130);1800336130;;FOURNISSEUR CENTRALE;;Pas de commande associée;O;02/04/2026 00:00;;03/04/2026 12:23;0.000
6d38bbec-6dee-4fc0-87ce-2d186d10d79d;291;Réception (B.L. : 1100213429);1100213429;;FOURNISSEUR CENTRALE;;Pas de commande associée;O;23/03/2026 00:00;;23/03/2026 17:11;0.000
6d4c8343-b936-419a-af36-11feb968d132;292;Réception (B.L. : 1700231028);1700231028;;FOURNISSEUR CENTRALE;;Pas de commande associée;O;06/03/2026 00:00;;06/03/2026 17:20;258.000
6d55a31a-fdb6-4025-9ad1-a8f4c0d7992a;291;Réception (B.L. : 1800328646);1800328646;;FOURNISSEUR CENTRALE;;Pas de commande associée;O;05/03/2026 00:00;;05/03/2026 17:11;0.000
6d6c75fc-eb51-4438-8c01-50b5148bec41;291;Réception (B.L. : 1100210380);1100210380;;FOURNISSEUR CENTRALE;;Pas de commande associée;O;04/03/2026 00:00;;04/03/2026 12:16;0.000
6d8ef13e-65ee-47b4-9692-48bb69ff3ba6;293;Réception (B.L. : 1100212978);1100212978;;FOURNISSEUR CENTRALE;;Pas de commande associée;O;20/03/2026 00:00;;20/03/2026 12:02;0.000
6d8ef1ae-9437-4bf8-8be7-3deb87dd44ce;291;Réception (B.L. : 1100210728);1100210728;;FOURNISSEUR CENTRALE;;Pas de commande associée;O;06/03/2026 00:00;;06/03/2026 12:11;0.000
6d9e7225-3215-4e7c-b3fe-70e6a848ab7e;080;Réception (B.L. : 1800336328);1800336328;;FOURNISSEUR CENTRALE;;Pas de commande associée;O;03/04/2026 00:00;;04/04/2026 01:41;95.166
6db54be0-4864-48cc-a721-93c127deb8a2;291;Réception (B.L. : 1100212127);1100212127;;FOURNISSEUR CENTRALE;;Pas de commande associée;O;16/03/2026 00:00;;16/03/2026 12:14;0.000
6dbf7745-7f07-49b9-bb61-f2301584706e;293;Réception (B.L. : 1800331100);1800331100;;FOURNISSEUR CENTRALE;;Pas de commande associée;O;13/03/2026 00:00;;13/03/2026 23:36;0.000
6dc095bf-d47e-4be9-b36b-14a5db3035b9;080;Réception (B.L. : 1800336682);1800336682;;FOURNISSEUR CENTRALE;;Pas de commande associée;O;06/04/2026 00:00;;06/04/2026 12:25;24.600
6dcdfb4f-91be-4429-9576-278546d25ab2;293;Réception (B.L. : 1700232971);1700232971;;FOURNISSEUR CENTRALE;;Pas de commande associée;O;17/03/2026 00:00;;18/03/2026 00:04;0.000
6dfb1290-74e7-46ab-b00b-11f79e854700;291;Réception (B.L. : 1700232334);1700232334;;FOURNISSEUR CENTRALE;;Pas de commande associée;O;13/03/2026 00:00;;13/03/2026 12:20;0.000
6e1bf0e5-4eee-4e5e-9d05-03a9e91609e0;080;Réception (B.L. : 1700231023);1700231023;;FOURNISSEUR CENTRALE;;Pas de commande associée;O;06/03/2026 00:00;;06/03/2026 17:15;768.000
6e2466bd-9663-45e9-b376-a8cafd912c40;292;Réception (B.L. : 1800332660);1800332660;;FOURNISSEUR CENTRALE;;Pas de commande associée;O;19/03/2026 00:00;;20/03/2026 12:13;340.000
6e2a8eae-2f59-4605-8fb6-4146cd5e8e41;293;Réception (B.L. : 1800331096);1800331096;;FOURNISSEUR CENTRALE;;Pas de commande associée;O;13/03/2026 00:00;;13/03/2026 23:32;0.000
6e424994-af87-425d-9506-284bfb9153e4;291;Réception (B.L. : 1800336053);1800336053;;FOURNISSEUR CENTRALE;;Pas de commande associée;O;02/04/2026 00:00;;03/04/2026 12:20;0.000
6e43aa38-97ba-4f15-b17c-cbb3409bd303;293;Réception (B.L. : 1100215541);1100215541;;FOURNISSEUR CENTRALE;;Pas de commande associée;O;03/04/2026 00:00;;03/04/2026 12:14;0.000
6e97e8f0-c270-4105-b580-a73d03140b71;293;Réception (B.L. : 1800329339);1800329339;;FOURNISSEUR CENTRALE;;Pas de commande associée;O;07/03/2026 00:00;;07/03/2026 12:17;0.000
6ecb5b37-ca85-4e8b-854c-23433f8f5173;080;Réception (B.L. : 1700234710);1700234710;;FOURNISSEUR CENTRALE;;Pas de commande associée;O;25/03/2026 00:00;;25/03/2026 12:31;5.000
6ed0fb51-3db3-4ce7-89f5-7d55c852af5c;080;Réception (B.L. : 1700231839);1700231839;;FOURNISSEUR CENTRALE;;Pas de commande associée;O;11/03/2026 00:00;;11/03/2026 12:17;832.000
6ed9fa35-ad2a-488d-a1f4-5f7057aec203;291;Réception (B.L. : 1800331986);1800331986;;FOURNISSEUR CENTRALE;;Pas de commande associée;O;17/03/2026 00:00;;18/03/2026 12:46;0.000
6ef650f5-c92d-42fd-927c-4d6fb8308979;080;Réception (B.L. : 1800331117);1800331117;;FOURNISSEUR CENTRALE;;Pas de commande associée;O;13/03/2026 00:00;;13/03/2026 23:27;34.000
6efa1bb0-f6c2-433b-987e-3921789b4009;291;Réception (B.L. : 1700237115);1700237115;;FOURNISSEUR CENTRALE;;Pas de commande associée;O;07/04/2026 00:00;;07/04/2026 12:14;0.000
6efcb581-6ae7-4724-acce-dee61e7d786e;080;Réception (B.L. : 1700230303);1700230303;;FOURNISSEUR CENTRALE;;Pas de commande associée;O;04/03/2026 00:00;;04/03/2026 12:11;416.000
6efd7cce-6f60-4865-8674-3dcf61a120e3;293;Réception (B.L. : 1700236057);1700236057;;FOURNISSEUR CENTRALE;;Pas de commande associée;O;01/04/2026 00:00;;01/04/2026 17:16;0.000
6f09683d-28cf-42e0-8434-4e0cd1ed9d92;080;Réception (B.L. : 1100211106);1100211106;;FOURNISSEUR CENTRALE;;Pas de commande associée;O;08/03/2026 00:00;;09/03/2026 12:11;2108.000
6f3b9a33-ca96-40a0-bfbc-e82b6dbcbdb4;080;Réception (B.L. : 1100215456);1100215456;;FOURNISSEUR CENTRALE;;Pas de commande associée;O;03/04/2026 00:00;;03/04/2026 12:12;838.000
6f471083-9d0c-4e58-bcc4-685187136dfe;291;Réception (B.L. : 1800333193);1800333193;;FOURNISSEUR CENTRALE;;Pas de commande associée;O;23/03/2026 00:00;;23/03/2026 12:47;0.000
6f4b0a52-8867-4739-82a0-b99b70912030;291;Réception (B.L. : 1800335828);1800335828;;FOURNISSEUR CENTRALE;;Pas de commande associée;O;02/04/2026 00:00;;02/04/2026 12:30;0.000
6f989d59-a02b-494b-a9c9-fd2e15901c76;080;Réception (B.L. : 1200105748);1200105748;;FOURNISSEUR CENTRALE;;Pas de commande associée;O;04/03/2026 00:00;;04/03/2026 17:01;160.000
6f98d4fa-bd56-4933-8a86-7f22dc8dda87;293;Réception (B.L. : 1800333357);1800333357;;FOURNISSEUR CENTRALE;;Pas de commande associée;O;24/03/2026 00:00;;24/03/2026 12:15;0.000
6fbc7037-f72b-4d1a-83b7-fc9f7cf8863f;080;Réception (B.L. : 1800333399);1800333399;;FOURNISSEUR CENTRALE;;Pas de commande associée;O;24/03/2026 00:00;;24/03/2026 12:14;10.384
6fc74614-604f-45aa-9196-89c8352f71b9;292;Réception (B.L. : 1800337032);1800337032;;FOURNISSEUR CENTRALE;;Pas de commande associée;O;07/04/2026 00:00;;07/04/2026 17:16;35.000
6fe2fc75-a790-4f77-9f11-7eeaf4c03335;291;Réception (B.L. : 1800334690);1800334690;;FOURNISSEUR CENTRALE;;Pas de commande associée;O;27/03/2026 00:00;;27/03/2026 23:45;0.000
6fe71665-64b3-46a9-b3a1-c0e11ca28daa;080;Réception (B.L. : 1800332869);1800332869;;FOURNISSEUR CENTRALE;;Pas de commande associée;O;20/03/2026 00:00;;20/03/2026 17:05;65.000
700aa307-76e4-4f78-a7ba-4fc7ab0b1d84;080;Réception (B.L. : 1800334658);1800334658;;FOURNISSEUR CENTRALE;;Pas de commande associée;O;27/03/2026 00:00;;27/03/2026 23:42;24.600
702c1b06-983b-42f1-9c82-b708b4f18930;080;Réception (B.L. : 1700234616);1700234616;;FOURNISSEUR CENTRALE;;Pas de commande associée;O;25/03/2026 00:00;;25/03/2026 12:29;24.000
70412056-53c1-4b3e-9e47-77ee58d5faa2;292;Réception (B.L. : 1800327976);1800327976;;FOURNISSEUR CENTRALE;;Pas de commande associée;O;02/03/2026 00:00;;03/03/2026 12:06;474.000
70438d15-184e-4dd9-86da-6a69bf08d876;080;Réception (B.L. : 1100210288);1100210288;;FOURNISSEUR CENTRALE;;Pas de commande associée;O;03/03/2026 00:00;;03/03/2026 17:01;72.000
70524f17-9575-4c46-80d0-788cedc888c3;080;Réception (B.L. : 1800332416);1800332416;;FOURNISSEUR CENTRALE;;Pas de commande associée;O;19/03/2026 00:00;;19/03/2026 17:24;9.000
705802d1-b225-4291-a324-efa7afe6f645;293;Réception (B.L. : 1100213337);1100213337;;FOURNISSEUR CENTRALE;;Pas de commande associée;O;23/03/2026 00:00;;23/03/2026 12:16;0.000
70586051-1776-4857-b197-8665859912a2;292;Réception (B.L. : 1700231001);1700231001;;FOURNISSEUR CENTRALE;;Pas de commande associée;O;06/03/2026 00:00;;06/03/2026 17:16;10.000
70781913-d653-433c-980c-79c4cb529d5a;291;Réception (B.L. : 1800333122);1800333122;;FOURNISSEUR CENTRALE;;Pas de commande associée;O;23/03/2026 00:00;;23/03/2026 12:42;180.000
70c2829a-30bc-46f1-8e1b-fd7d64a3f201;080;Réception (B.L. : 1700234906);1700234906;;FOURNISSEUR CENTRALE;;Pas de commande associée;O;26/03/2026 00:00;;26/03/2026 17:12;6.000
70ca26e7-ca6a-48a9-bf02-7e5ea9fc8551;292;Réception (B.L. : 1800335920);1800335920;;FOURNISSEUR CENTRALE;;Pas de commande associée;O;02/04/2026 00:00;;02/04/2026 17:12;56.000
70ce262f-6104-4f1d-9a5b-a4a79b636a80;080;Réception (B.L. : 1700229731);1700229731;;FOURNISSEUR CENTRALE;;Pas de commande associée;O;02/03/2026 00:00;;02/03/2026 12:16;72.000
70d2f674-e7fa-4978-a65f-2d53a9759b73;291;Réception (B.L. : 1700232761);1700232761;;FOURNISSEUR CENTRALE;;Pas de commande associée;O;16/03/2026 00:00;;16/03/2026 12:26;0.000
70fd19a3-4023-4ed8-8a93-fe7070bc6faa;293;Réception (B.L. : 1100212982);1100212982;;FOURNISSEUR CENTRALE;;Pas de commande associée;O;20/03/2026 00:00;;20/03/2026 12:06;0.000
70fee811-07d6-434f-8ac3-58df394bdceb;080;Réception (B.L. : 1700231428);1700231428;;FOURNISSEUR CENTRALE;;Pas de commande associée;O;09/03/2026 00:00;;09/03/2026 17:17;12.000
71157fd3-f4a1-409f-896c-793a58a0a597;292;Réception (B.L. : 1700233254);1700233254;;FOURNISSEUR CENTRALE;;Pas de commande associée;O;18/03/2026 00:00;;18/03/2026 12:17;1295.000
71418da7-e791-4f8c-8aa1-6aeb0932134f;293;Réception (B.L. : 1800333861);1800333861;;FOURNISSEUR CENTRALE;;Pas de commande associée;O;25/03/2026 00:00;;25/03/2026 17:11;0.000
71471cc8-009f-4117-be5e-7c6ae56feaa0;080;Réception (B.L. : 1800332308);1800332308;;FOURNISSEUR CENTRALE;;Pas de commande associée;O;18/03/2026 00:00;;19/03/2026 12:21;435.300
7149e35a-ac30-481e-af93-bbe3a0781efd;291;Réception (B.L. : 1800332937);1800332937;;FOURNISSEUR CENTRALE;;Pas de commande associée;O;20/03/2026 00:00;;20/03/2026 17:07;0.000
715e2010-2ee9-43ff-b09a-5af13834f96a;291;Réception (B.L. : 1100212549);1100212549;;FOURNISSEUR CENTRALE;;Pas de commande associée;O;18/03/2026 00:00;;18/03/2026 12:16;0.000
7168ae94-acbd-44f6-844b-2832e150cc3c;080;Réception (B.L. : 1700230958);1700230958;;FOURNISSEUR CENTRALE;;Pas de commande associée;O;06/03/2026 00:00;;06/03/2026 17:07;262.000
7191833c-1e70-4797-9f57-38be135177af;291;Réception (B.L. : 1800333406);1800333406;;FOURNISSEUR CENTRALE;;Pas de commande associée;O;24/03/2026 00:00;;24/03/2026 12:16;0.000
719b4143-5b6f-49ff-8feb-96dc7d580e1b;292;Réception (B.L. : 1700236171);1700236171;;FOURNISSEUR CENTRALE;;Pas de commande associée;O;02/04/2026 00:00;;02/04/2026 12:16;24.000
71d75519-3e7d-4e22-9a36-eee04f5f0e1d;080;Réception (B.L. : 1700229733);1700229733;;FOURNISSEUR CENTRALE;;Pas de commande associée;O;02/03/2026 00:00;;02/03/2026 12:18;383.000
71da8690-107b-44c6-8e5d-2b1d23848f18;291;Réception (B.L. : 1800332672);1800332672;;FOURNISSEUR CENTRALE;;Pas de commande associée;O;19/03/2026 00:00;;20/03/2026 12:29;0.000
71db5d6c-f4ce-405e-9395-ae35e8246b28;292;Réception (B.L. : 1800334953);1800334953;;FOURNISSEUR CENTRALE;;Pas de commande associée;O;30/03/2026 00:00;;30/03/2026 12:30;18.000
71f180c9-6c75-4ce3-a6c1-90e26a9ac729;291;Réception (B.L. : 1100212548);1100212548;;FOURNISSEUR CENTRALE;;Pas de commande associée;O;18/03/2026 00:00;;18/03/2026 12:15;0.000
71f49c1e-bb17-4408-b8b4-a22f0565fa94;291;Réception (B.L. : 1800334062);1800334062;;FOURNISSEUR CENTRALE;;Pas de commande associée;O;25/03/2026 00:00;;26/03/2026 12:26;0.000
7201e7f9-6ec9-4c5e-a2ee-7541fb9b3078;291;Réception (B.L. : 1800331766);1800331766;;FOURNISSEUR CENTRALE;;Pas de commande associée;O;17/03/2026 00:00;;17/03/2026 17:03;0.000
727ba9d7-f13e-4a2a-a25a-c9735e6cc6ba;291;Réception (B.L. : 1100210532);1100210532;;FOURNISSEUR CENTRALE;;Pas de commande associée;O;05/03/2026 00:00;;05/03/2026 12:11;0.000
7289be40-dd96-4954-8e52-bbd9a9cd2805;293;Réception (B.L. : 1100215836);1100215836;;FOURNISSEUR CENTRALE;;Pas de commande associée;O;06/04/2026 00:00;;06/04/2026 12:11;0.000
728bbf41-b743-4e81-9638-cd751ab374ba;080;Réception (B.L. : 1800332310);1800332310;;FOURNISSEUR CENTRALE;;Pas de commande associée;O;18/03/2026 00:00;;19/03/2026 12:23;53.000
72a3595a-45b0-42e5-8941-8424a12fcd61;080;Réception (B.L. : 1800330552);1800330552;;FOURNISSEUR CENTRALE;;Pas de commande associée;O;12/03/2026 00:00;;12/03/2026 12:17;52.000
72c3d0ca-d427-4729-b673-4a50a1b37cfd;080;Réception (B.L. : 1800334858);1800334858;;FOURNISSEUR CENTRALE;;Pas de commande associée;O;29/03/2026 00:00;;30/03/2026 12:27;15.000
72d054e9-9466-4f42-98d9-c5a4ca46f032;080;Réception (B.L. : 1100211505);1100211505;;FOURNISSEUR CENTRALE;;Pas de commande associée;O;11/03/2026 00:00;;11/03/2026 12:15;11.000
72d0de86-843e-482f-8a99-f01e2a89cfff;293;Réception (B.L. : 1700230289);1700230289;;FOURNISSEUR CENTRALE;;Pas de commande associée;O;04/03/2026 00:00;;04/03/2026 12:23;0.000
72db8564-e06f-4970-8b34-68ea559fd254;293;Réception (B.L. : 1100214972);1100214972;;FOURNISSEUR CENTRALE;;Pas de commande associée;O;01/04/2026 00:00;;01/04/2026 12:16;0.000
72e86e3e-0331-41cc-a30b-134a12c2cf4c;291;Réception (B.L. : 1700230936);1700230936;;FOURNISSEUR CENTRALE;;Pas de commande associée;O;06/03/2026 00:00;;06/03/2026 12:31;0.000
72e8f81c-ee96-47bf-a75c-bb99c8b94ff0;291;Réception (B.L. : 1800331402);1800331402;;FOURNISSEUR CENTRALE;;Pas de commande associée;O;15/03/2026 00:00;;16/03/2026 12:32;0.000
73040a67-9d97-4c80-aa36-6738133b3caa;291;Réception (B.L. : 1800334688);1800334688;;FOURNISSEUR CENTRALE;;Pas de commande associée;O;27/03/2026 00:00;;27/03/2026 23:43;0.000
7312c73d-7758-4ea3-b8ab-7491fd7d59ad;291;Réception (B.L. : 1700234428);1700234428;;FOURNISSEUR CENTRALE;;Pas de commande associée;O;24/03/2026 00:00;;24/03/2026 17:15;0.000
731357d1-2da2-4580-96ce-99e44a414551;080;Réception (B.L. : 1200107918);1200107918;;FOURNISSEUR CENTRALE;;Pas de commande associée;O;03/04/2026 00:00;;03/04/2026 12:11;4.000
73316a3c-0c6f-467d-a755-6559b7d2c20b;080;Réception (B.L. : 1800330179);1800330179;;FOURNISSEUR CENTRALE;;Pas de commande associée;O;10/03/2026 00:00;;11/03/2026 12:24;3.000
73328386-fed0-4f94-a7ee-b24c71dc0616;293;Réception (B.L. : 1800327787);1800327787;;FOURNISSEUR CENTRALE;;Pas de commande associée;O;01/03/2026 00:00;;02/03/2026 12:37;0.000
7337152b-38cd-461e-9b32-16d2231a3158;291;Réception (B.L. : 1800331767);1800331767;;FOURNISSEUR CENTRALE;;Pas de commande associée;O;17/03/2026 00:00;;17/03/2026 17:04;0.000
7356df91-0449-4a58-934e-70861eb637b2;292;Réception (B.L. : 1700236684);1700236684;;FOURNISSEUR CENTRALE;;Pas de commande associée;O;04/04/2026 00:00;;04/04/2026 12:10;6.000
736076f6-9f68-48eb-bbca-19f68e1fabc1;293;Réception (B.L. : 1800331093);1800331093;;FOURNISSEUR CENTRALE;;Pas de commande associée;O;13/03/2026 00:00;;13/03/2026 23:29;0.000
7384e79b-9b50-4164-a40c-9014fc57c624;292;Réception (B.L. : 1800336977);1800336977;;FOURNISSEUR CENTRALE;;Pas de commande associée;O;06/04/2026 00:00;;07/04/2026 12:15;34.000
73a17859-3066-47c5-9b6c-32db263a3456;292;Réception (B.L. : 1800336158);1800336158;;FOURNISSEUR CENTRALE;;Pas de commande associée;O;02/04/2026 00:00;;03/04/2026 12:18;16.000
73ce14d6-cf01-4e4e-8c49-1d5887172b5f;292;Réception (B.L. : 1800329737);1800329737;;FOURNISSEUR CENTRALE;;Pas de commande associée;O;10/03/2026 00:00;;10/03/2026 12:06;200.000
73da2125-446c-4103-baa0-3edc48ce7b33;292;Réception (B.L. : 1700236655);1700236655;;FOURNISSEUR CENTRALE;;Pas de commande associée;O;03/04/2026 00:00;;03/04/2026 17:14;1332.000
73de218c-e7f6-47bb-898b-49f55ed0c013;291;Réception (B.L. : 1100210021);1100210021;;FOURNISSEUR CENTRALE;;Pas de commande associée;O;02/03/2026 00:00;;02/03/2026 12:12;0.000
73e86cb3-4874-40dd-af47-b7ac5c05d531;292;Réception (B.L. : 1800330447);1800330447;;FOURNISSEUR CENTRALE;;Pas de commande associée;O;11/03/2026 00:00;;12/03/2026 12:05;606.100
73f86a53-d91d-4d99-866e-f397d6d30298;291;Réception (B.L. : 1700233852);1700233852;;FOURNISSEUR CENTRALE;;Pas de commande associée;O;20/03/2026 00:00;;20/03/2026 12:15;0.000
73fc53af-40a4-4381-9e90-4d444286e2f7;292;Réception (B.L. : 1700231386);1700231386;;FOURNISSEUR CENTRALE;;Pas de commande associée;O;09/03/2026 00:00;;09/03/2026 12:13;12.000
73fe900c-d66c-4c1c-958a-a02782cff5db;291;Réception (B.L. : 1700232335);1700232335;;FOURNISSEUR CENTRALE;;Pas de commande associée;O;13/03/2026 00:00;;13/03/2026 12:21;0.000
740f304e-b3ab-4879-9022-2cd0205184e1;293;Réception (B.L. : 1800330417);1800330417;;FOURNISSEUR CENTRALE;;Pas de commande associée;O;11/03/2026 00:00;;12/03/2026 12:02;0.000
74149b1f-a914-455e-a428-f66831e9d8f2;291;Réception (B.L. : 1100215883);1100215883;;FOURNISSEUR CENTRALE;;Pas de commande associée;O;06/04/2026 00:00;;06/04/2026 12:14;0.000
74250a82-c17e-4ca2-943a-e17cd8374ae2;293;Réception (B.L. : 1100214631);1100214631;;FOURNISSEUR CENTRALE;;Pas de commande associée;O;30/03/2026 00:00;;30/03/2026 12:13;0.000
74342949-a031-4c4d-8bed-dfef227a37da;292;Réception (B.L. : 1800336126);1800336126;;FOURNISSEUR CENTRALE;;Pas de commande associée;O;02/04/2026 00:00;;03/04/2026 12:15;10.000
7439c371-4b1d-424d-bfad-f8d8f98cf4fd;080;Réception (B.L. : 1800335086);1800335086;;FOURNISSEUR CENTRALE;;Pas de commande associée;O;30/03/2026 00:00;;31/03/2026 12:19;6.000
743f6511-3d54-4075-9441-10b4922a32c0;292;Réception (B.L. : 1800332977);1800332977;;FOURNISSEUR CENTRALE;;Pas de commande associée;O;20/03/2026 00:00;;20/03/2026 17:02;768.000
7481b596-e9c3-4b86-b938-4080914c6a00;291;Réception (B.L. : 1800335134);1800335134;;FOURNISSEUR CENTRALE;;Pas de commande associée;O;30/03/2026 00:00;;31/03/2026 12:18;0.000
74ad1fb1-1038-42be-a508-17e46850aac8;080;Réception (B.L. : 1700231838);1700231838;;FOURNISSEUR CENTRALE;;Pas de commande associée;O;11/03/2026 00:00;;11/03/2026 12:16;986.000
74b3ec51-c7ac-411d-b313-f3f3a191e206;292;Réception (B.L. : 1700231030);1700231030;;FOURNISSEUR CENTRALE;;Pas de commande associée;O;06/03/2026 00:00;;06/03/2026 17:22;733.000
74e625d4-2c62-4c2f-829f-a7a62219f41e;291;Réception (B.L. : 1800335131);1800335131;;FOURNISSEUR CENTRALE;;Pas de commande associée;O;30/03/2026 00:00;;31/03/2026 12:15;0.000
74ee7168-f57d-4eac-93ff-c13f7d4f0947;291;Réception (B.L. : 1700232759);1700232759;;FOURNISSEUR CENTRALE;;Pas de commande associée;O;16/03/2026 00:00;;16/03/2026 12:24;0.000
74fa88e6-670b-4b51-a330-9e2e1c5dffad;292;Réception (B.L. : 1100213357);1100213357;;FOURNISSEUR CENTRALE;;Pas de commande associée;O;23/03/2026 00:00;;23/03/2026 12:14;120.000
74fcdd1c-0650-4296-b314-0a22b069331f;080;Réception (B.L. : 1800335857);1800335857;;FOURNISSEUR CENTRALE;;Pas de commande associée;O;02/04/2026 00:00;;02/04/2026 17:15;15.300
74ff837f-7d83-42cb-9c89-d6f4f0e79c8f;293;Réception (B.L. : 1800335752);1800335752;;FOURNISSEUR CENTRALE;;Pas de commande associée;O;02/04/2026 00:00;;02/04/2026 12:20;0.000
75099ab0-22cb-48f6-a19e-5da7beb2f4e9;291;Réception (B.L. : 1100215045);1100215045;;FOURNISSEUR CENTRALE;;Pas de commande associée;O;01/04/2026 00:00;;01/04/2026 12:21;0.000
7510a403-3bdb-4d97-9f2c-c3656caede04;293;Réception (B.L. : 1800329884);1800329884;;FOURNISSEUR CENTRALE;;Pas de commande associée;O;10/03/2026 00:00;;10/03/2026 12:16;0.000
7515c2f3-5022-47b6-a739-4be0f5814957;292;Réception (B.L. : 1700233867);1700233867;;FOURNISSEUR CENTRALE;;Pas de commande associée;O;20/03/2026 00:00;;20/03/2026 12:07;1058.000
75285004-e4c6-4226-b2e4-238d3e8e1ae2;291;Réception (B.L. : 1100214606);1100214606;;FOURNISSEUR CENTRALE;;Pas de commande associée;O;30/03/2026 00:00;;30/03/2026 12:14;0.000
75525438-18f5-4909-beb9-50a273959534;291;Réception (B.L. : 1100212996);1100212996;;FOURNISSEUR CENTRALE;;Pas de commande associée;O;20/03/2026 00:00;;20/03/2026 12:02;0.000
756d1e5c-8c25-42f7-95f6-9161e8f3db7d;293;Réception (B.L. : 1100213977);1100213977;;FOURNISSEUR CENTRALE;;Pas de commande associée;O;25/03/2026 00:00;;25/03/2026 12:20;0.000
75add03e-7d26-4283-9650-67f9c2a21f98;292;Réception (B.L. : 1800335721);1800335721;;FOURNISSEUR CENTRALE;;Pas de commande associée;O;02/04/2026 00:00;;02/04/2026 12:18;88.000
75ca7f5f-fca8-428a-9cb8-c52ce67f8d8d;292;Réception (B.L. : 1800332463);1800332463;;FOURNISSEUR CENTRALE;;Pas de commande associée;O;19/03/2026 00:00;;19/03/2026 17:24;195.000
75e12a34-93a5-4edd-bdeb-9d9441751be9;291;Réception (B.L. : 1100216101);1100216101;;FOURNISSEUR CENTRALE;;Pas de commande associée;O;07/04/2026 00:00;;07/04/2026 17:12;0.000
76121a27-0d17-46c9-86db-ebb36629f244;293;Réception (B.L. : 1800333707);1800333707;;FOURNISSEUR CENTRALE;;Pas de commande associée;O;24/03/2026 00:00;;25/03/2026 12:36;0.000
76317414-0a26-47f0-9cab-985121a3d3de;292;Réception (B.L. : 1800336550);1800336550;;FOURNISSEUR CENTRALE;;Pas de commande associée;O;04/04/2026 00:00;;04/04/2026 17:12;2.000
76754189-6ddf-48d6-940c-eee1d6f68ffb;293;Réception (B.L. : 1100211900);1100211900;;FOURNISSEUR CENTRALE;;Pas de commande associée;O;13/03/2026 00:00;;13/03/2026 12:13;0.000
767a7d29-55a2-4c80-a8c9-725ec13e00c4;291;Réception (B.L. : 1100213724);1100213724;;FOURNISSEUR CENTRALE;;Pas de commande associée;O;24/03/2026 00:00;;24/03/2026 17:14;0.000
7693dbd1-ce8c-4be5-a7b1-0661ca2cf381;292;Réception (B.L. : 1700233259);1700233259;;FOURNISSEUR CENTRALE;;Pas de commande associée;O;18/03/2026 00:00;;18/03/2026 12:22;40.000
76bde6c1-88e5-45ca-9580-f21a38ee22f9;080;Réception (B.L. : 1100212361);1100212361;;FOURNISSEUR CENTRALE;;Pas de commande associée;O;17/03/2026 00:00;;17/03/2026 17:01;72.000
76fd6a3f-2ba0-45ec-80c3-42836ced60e6;291;Réception (B.L. : 1800335919);1800335919;;FOURNISSEUR CENTRALE;;Pas de commande associée;O;02/04/2026 00:00;;02/04/2026 17:15;0.000
770fb7c0-5dd0-4f94-bb43-c83d99ad5f08;293;Réception (B.L. : 1100214013);1100214013;;FOURNISSEUR CENTRALE;;Pas de commande associée;O;25/03/2026 00:00;;25/03/2026 12:22;0.000
77139c1c-b5f4-4f0d-af92-1dd198bd0884;293;Réception (B.L. : 1700233623);1700233623;;FOURNISSEUR CENTRALE;;Pas de commande associée;O;19/03/2026 00:00;;19/03/2026 23:40;0.000
771ee5a1-5187-45f8-b88d-e3a6eb8c719c;291;Réception (B.L. : 1800328338);1800328338;;FOURNISSEUR CENTRALE;;Pas de commande associée;O;03/03/2026 00:00;;04/03/2026 12:35;0.000
773a4c31-2358-42c2-9276-ca3e28de0a3d;080;Réception (B.L. : 1800332418);1800332418;;FOURNISSEUR CENTRALE;;Pas de commande associée;O;19/03/2026 00:00;;19/03/2026 17:26;120.000
773ef695-2400-429e-b69d-438ac16627fa;291;Réception (B.L. : 1100215699);1100215699;;FOURNISSEUR CENTRALE;;Pas de commande associée;O;04/04/2026 00:00;;04/04/2026 17:11;0.000
773f2b50-b6f3-4d00-a8df-ece8d0f6116b;293;Réception (B.L. : 1800336393);1800336393;;FOURNISSEUR CENTRALE;;Pas de commande associée;O;03/04/2026 00:00;;04/04/2026 01:37;0.000
77507a97-4d01-4c6b-8070-1d52e304d1b3;080;Réception (B.L. : 1800336156);1800336156;;FOURNISSEUR CENTRALE;;Pas de commande associée;O;02/04/2026 00:00;;03/04/2026 12:26;24.000
775baabf-a11a-424e-824d-69f355eb93ac;292;Réception (B.L. : 1700232490);1700232490;;FOURNISSEUR CENTRALE;;Pas de commande associée;O;14/03/2026 00:00;;14/03/2026 17:11;36.000
775d37d5-f133-43c6-9b1b-0722465cd582;080;Réception (B.L. : 1700233941);1700233941;;FOURNISSEUR CENTRALE;;Pas de commande associée;O;21/03/2026 00:00;;21/03/2026 12:07;1.000
77952476-fecc-4c48-95af-7ee341e1ca6c;080;Réception (B.L. : 1800328886);1800328886;;FOURNISSEUR CENTRALE;;Pas de commande associée;O;05/03/2026 00:00;;06/03/2026 12:19;15.738
77992b4e-f4be-4b40-b54e-c378b938c651;291;Réception (B.L. : 1800335159);1800335159;;FOURNISSEUR CENTRALE;;Pas de commande associée;O;31/03/2026 00:00;;31/03/2026 12:20;0.000
77a8bacf-0be9-41c1-9211-60155eb6132c;293;Réception (B.L. : 1700235492);1700235492;;FOURNISSEUR CENTRALE;;Pas de commande associée;O;30/03/2026 00:00;;30/03/2026 12:20;0.000
77b04861-1aae-454c-a152-ea5644b24b07;292;Réception (B.L. : 1700231932);1700231932;;FOURNISSEUR CENTRALE;;Pas de commande associée;O;11/03/2026 00:00;;11/03/2026 12:15;7.000
77c68d1e-b54e-4608-a7ff-92dd9d5467b9;292;Réception (B.L. : 1800332340);1800332340;;FOURNISSEUR CENTRALE;;Pas de commande associée;O;18/03/2026 00:00;;19/03/2026 12:15;37.800
77c6990a-9040-4f67-8d9b-81bde1da6300;291;Réception (B.L. : 1200106417);1200106417;;FOURNISSEUR CENTRALE;;Pas de commande associée;O;13/03/2026 00:00;;13/03/2026 17:00;0.000
77e1b765-4a4f-4f3a-86a6-b1f3114ae4df;293;Réception (B.L. : 1800327755);1800327755;;FOURNISSEUR CENTRALE;;Pas de commande associée;O;02/03/2026 00:00;;02/03/2026 12:30;0.000
77e8acb1-ee3d-4115-8ae5-d052eda1b43f;292;Réception (B.L. : 1700234168);1700234168;;FOURNISSEUR CENTRALE;;Pas de commande associée;O;23/03/2026 00:00;;23/03/2026 12:17;1297.000
77ed7351-c0ed-4d66-b79d-1f990bd8d07e;080;Réception (B.L. : 1800329817);1800329817;;FOURNISSEUR CENTRALE;;Pas de commande associée;O;10/03/2026 00:00;;10/03/2026 12:11;7.000
7830615e-ccc8-4923-b4c9-c31a09b23395;080;Réception (B.L. : 1800330455);1800330455;;FOURNISSEUR CENTRALE;;Pas de commande associée;O;11/03/2026 00:00;;12/03/2026 12:09;779.588
783fbcb1-eac5-48d5-bdeb-757acb801bc7;293;Réception (B.L. : 1700237132);1700237132;;FOURNISSEUR CENTRALE;;Pas de commande associée;O;07/04/2026 00:00;;07/04/2026 12:21;0.000
785a8d19-05a3-4fae-a118-9731d2e213ee;291;Réception (B.L. : 1200107116);1200107116;;FOURNISSEUR CENTRALE;;Pas de commande associée;O;25/03/2026 00:00;;25/03/2026 12:11;0.000
7865881a-dcd3-4fbc-9c88-5e6b4085448c;293;Réception (B.L. : 1800330129);1800330129;;FOURNISSEUR CENTRALE;;Pas de commande associée;O;11/03/2026 00:00;;11/03/2026 12:30;0.000
7893dc0c-23fd-45cb-b8f4-fc9cae509e39;080;Réception (B.L. : 1800334065);1800334065;;FOURNISSEUR CENTRALE;;Pas de commande associée;O;26/03/2026 00:00;;26/03/2026 12:19;24.000
78a9a01e-ebbc-48d2-b519-1f06649fe658;080;Réception (B.L. : 1800336678);1800336678;;FOURNISSEUR CENTRALE;;Pas de commande associée;O;06/04/2026 00:00;;06/04/2026 12:21;234.000
78ba01b8-1fab-4a59-9a75-12b605499ce0;080;Réception (B.L. : 1800332607);1800332607;;FOURNISSEUR CENTRALE;;Pas de commande associée;O;19/03/2026 00:00;;20/03/2026 12:22;61.966
78bd51f1-2e1c-47db-9e67-4f95050bc831;293;Réception (B.L. : 1200105954);1200105954;;FOURNISSEUR CENTRALE;;Pas de commande associée;O;06/03/2026 00:00;;06/03/2026 17:12;0.000
79017ba0-622b-45c7-8bb6-3746ef0ef3ff;291;Réception (B.L. : 1800333118);1800333118;;FOURNISSEUR CENTRALE;;Pas de commande associée;O;23/03/2026 00:00;;23/03/2026 12:38;408.000
79082181-f310-493e-9738-688bafa002e0;080;Réception (B.L. : 1100213109);1100213109;;FOURNISSEUR CENTRALE;;Pas de commande associée;O;21/03/2026 00:00;;21/03/2026 12:00;1574.000
7921ebdd-aa94-428a-8072-f6fc862a8b46;291;Réception (B.L. : 1100213403);1100213403;;FOURNISSEUR CENTRALE;;Pas de commande associée;O;23/03/2026 00:00;;23/03/2026 12:22;0.000
795e10b3-e1a5-48de-8117-af54f74c6575;292;Réception (B.L. : 1100210941);1100210941;;FOURNISSEUR CENTRALE;;Pas de commande associée;O;07/03/2026 00:00;;07/03/2026 12:11;700.000
7992f607-ddda-416b-b80b-5a0e96f7e6fb;080;Réception (B.L. : 1800334360);1800334360;;FOURNISSEUR CENTRALE;;Pas de commande associée;O;26/03/2026 00:00;;27/03/2026 12:28;59.000
79ac7467-3bc1-4f05-9fca-aee37b02b5d4;293;Réception (B.L. : 1800331099);1800331099;;FOURNISSEUR CENTRALE;;Pas de commande associée;O;13/03/2026 00:00;;13/03/2026 23:35;0.000
79bd5455-a87e-47dc-98dd-011412de06c7;080;Réception (B.L. : 1800332603);1800332603;;FOURNISSEUR CENTRALE;;Pas de commande associée;O;19/03/2026 00:00;;20/03/2026 12:18;39.000
79cb51b7-4d88-4f0e-b9ae-26ac1b64fb6c;080;Réception (B.L. : 1100215577);1100215577;;FOURNISSEUR CENTRALE;;Pas de commande associée;O;03/04/2026 00:00;;03/04/2026 12:19;9.000
79e08d4b-3c97-4186-9cd1-a49f728e4d7b;293;Réception (B.L. : 1800335775);1800335775;;FOURNISSEUR CENTRALE;;Pas de commande associée;O;02/04/2026 00:00;;02/04/2026 12:21;0.000
79e9dc7c-6100-4821-9e3b-c5c39aba5da8;291;Réception (B.L. : 1700232402);1700232402;;FOURNISSEUR CENTRALE;;Pas de commande associée;O;13/03/2026 00:00;;13/03/2026 17:02;0.000
79ebdb83-614b-4afe-92cb-9f261c1c641b;080;Réception (B.L. : 1100212991);1100212991;;FOURNISSEUR CENTRALE;;Pas de commande associée;O;20/03/2026 00:00;;20/03/2026 12:03;156.000
79ec8392-6c46-4443-b798-8c4d9ce98fb6;293;Réception (B.L. : 1700236271);1700236271;;FOURNISSEUR CENTRALE;;Pas de commande associée;O;02/04/2026 00:00;;02/04/2026 12:14;0.000
79f28a43-1355-4b4b-b290-4f38ddee4645;080;Réception (B.L. : 1800331749);1800331749;;FOURNISSEUR CENTRALE;;Pas de commande associée;O;17/03/2026 00:00;;17/03/2026 17:07;25.000
7a12a928-d0c1-480d-9555-f7b99407ea68;080;Réception (B.L. : 1700229729);1700229729;;FOURNISSEUR CENTRALE;;Pas de commande associée;O;02/03/2026 00:00;;02/03/2026 12:14;188.000
7a1f42ff-26a4-44d0-be5e-61ea49ea0011;292;Réception (B.L. : 1800327849);1800327849;;FOURNISSEUR CENTRALE;;Pas de commande associée;O;02/03/2026 00:00;;02/03/2026 12:26;15.000
7a20e227-fcb0-4e73-aa22-e110a124a533;080;Réception (B.L. : 1100213994);1100213994;;FOURNISSEUR CENTRALE;;Pas de commande associée;O;25/03/2026 00:00;;25/03/2026 12:20;12.000
7a3f0f3a-f997-488a-ae01-143c36228a16;291;Réception (B.L. : 1100214173);1100214173;;FOURNISSEUR CENTRALE;;Pas de commande associée;O;26/03/2026 00:00;;26/03/2026 12:15;0.000
7a42363a-2c73-455f-8392-0d0f0f8adae3;293;Réception (B.L. : 1700235171);1700235171;;FOURNISSEUR CENTRALE;;Pas de commande associée;O;27/03/2026 00:00;;27/03/2026 12:28;0.000
7a67c20b-962e-4885-b33a-4d230ef4439d;292;Réception (B.L. : 1100216091);1100216091;;FOURNISSEUR CENTRALE;;Pas de commande associée;O;07/04/2026 00:00;;07/04/2026 17:12;18.000
7a698556-2953-497b-a9dd-db54578b82af;080;Réception (B.L. : 1700234611);1700234611;;FOURNISSEUR CENTRALE;;Pas de commande associée;O;25/03/2026 00:00;;25/03/2026 12:24;786.000
7a7c7cc5-a13f-4578-b037-75e9355274a1;293;Réception (B.L. : 1800334003);1800334003;;FOURNISSEUR CENTRALE;;Pas de commande associée;O;25/03/2026 00:00;;26/03/2026 12:13;0.000
7a895983-1b96-4b84-b2de-a23596448069;292;Réception (B.L. : 1800333387);1800333387;;FOURNISSEUR CENTRALE;;Pas de commande associée;O;24/03/2026 00:00;;24/03/2026 12:13;500.000
7a8e80bf-6727-4c52-836d-d6535009e01a;291;Réception (B.L. : 1700236168);1700236168;;FOURNISSEUR CENTRALE;;Pas de commande associée;O;02/04/2026 00:00;;02/04/2026 12:18;0.000
7a956d5a-6bcf-4b7e-a8d0-658b41956e24;292;Réception (B.L. : 1700236066);1700236066;;FOURNISSEUR CENTRALE;;Pas de commande associée;O;01/04/2026 00:00;;01/04/2026 17:16;1188.000
7aa92e56-3793-4420-84a2-1137e6bcdc05;291;Réception (B.L. : 1800331401);1800331401;;FOURNISSEUR CENTRALE;;Pas de commande associée;O;15/03/2026 00:00;;16/03/2026 12:31;0.000
7adcc748-3642-42b9-b9a9-6b71ac237df2;080;Réception (B.L. : 1100210424);1100210424;;FOURNISSEUR CENTRALE;;Pas de commande associée;O;04/03/2026 00:00;;04/03/2026 12:04;102.000
7ae2c08c-9840-4861-87cd-bb3c6d61e804;293;Réception (B.L. : 1100210043);1100210043;;FOURNISSEUR CENTRALE;;Pas de commande associée;O;02/03/2026 00:00;;02/03/2026 12:14;0.000
7b03f12a-a32b-4200-bb44-f9a3afb87097;292;Réception (B.L. : 1800328952);1800328952;;FOURNISSEUR CENTRALE;;Pas de commande associée;O;05/03/2026 00:00;;06/03/2026 12:21;55.000
7b078945-442e-4ceb-b566-08915ce6598b;292;Réception (B.L. : 1800329768);1800329768;;FOURNISSEUR CENTRALE;;Pas de commande associée;O;09/03/2026 00:00;;10/03/2026 12:09;26.000
7b0e1dae-f9f4-4480-8f56-492bffe9d01c;292;Réception (B.L. : 1100210093);1100210093;;FOURNISSEUR CENTRALE;;Pas de commande associée;O;02/03/2026 00:00;;02/03/2026 12:15;4.000
7b103592-672c-4b71-8874-55e9622ca4e1;293;Réception (B.L. : 1100213961);1100213961;;FOURNISSEUR CENTRALE;;Pas de commande associée;O;25/03/2026 00:00;;25/03/2026 12:19;0.000
7b376b2e-aab3-4c70-be16-eb21e50c0ca8;080;Réception (B.L. : 1800329758);1800329758;;FOURNISSEUR CENTRALE;;Pas de commande associée;O;09/03/2026 00:00;;10/03/2026 12:06;37.000
7b380a2f-5c3a-4fd2-9cf1-1ef422f0a3e5;291;Réception (B.L. : 1700234666);1700234666;;FOURNISSEUR CENTRALE;;Pas de commande associée;O;25/03/2026 00:00;;25/03/2026 12:26;0.000
7b3adb0f-565f-48e2-8abe-88739af7a842;080;Réception (B.L. : 1700229728);1700229728;;FOURNISSEUR CENTRALE;;Pas de commande associée;O;02/03/2026 00:00;;02/03/2026 12:13;500.000
7b41d6b4-fe43-48f2-8943-3317eee9aee6;080;Réception (B.L. : 1700234147);1700234147;;FOURNISSEUR CENTRALE;;Pas de commande associée;O;23/03/2026 00:00;;23/03/2026 12:18;1100.000
7b4622b3-7e15-4194-9565-f78f2e1c4d0b;293;Réception (B.L. : 1100211459);1100211459;;FOURNISSEUR CENTRALE;;Pas de commande associée;O;11/03/2026 00:00;;11/03/2026 12:11;0.000
7b46e6d3-c136-47c3-8635-c4a9e69028d3;080;Réception (B.L. : 1800331747);1800331747;;FOURNISSEUR CENTRALE;;Pas de commande associée;O;17/03/2026 00:00;;17/03/2026 17:05;18.000
7b47ec7f-4e1a-4f92-93da-3e6df46f5ab5;291;Réception (B.L. : 1800334683);1800334683;;FOURNISSEUR CENTRALE;;Pas de commande associée;O;27/03/2026 00:00;;27/03/2026 23:38;0.000
7b663827-ed68-4f73-9312-af12df660520;292;Réception (B.L. : 1700231025);1700231025;;FOURNISSEUR CENTRALE;;Pas de commande associée;O;06/03/2026 00:00;;06/03/2026 17:17;257.000
7bcf71c5-6870-4808-bb08-d072933f7b91;080;Réception (B.L. : 1100215901);1100215901;;FOURNISSEUR CENTRALE;;Pas de commande associée;O;06/04/2026 00:00;;06/04/2026 12:14;7.000
7bd7505c-2053-4a1c-b9ca-a0fc212686eb;292;Réception (B.L. : 1800328658);1800328658;;FOURNISSEUR CENTRALE;;Pas de commande associée;O;05/03/2026 00:00;;05/03/2026 17:12;5.000
7bdd7375-f062-4a4f-8108-8fe6c5bdc05e;080;Réception (B.L. : 1800335244);1800335244;;FOURNISSEUR CENTRALE;;Pas de commande associée;O;31/03/2026 00:00;;31/03/2026 17:15;21.000
7bebf215-afa8-4aaa-b103-9ea766510eb1;293;Réception (B.L. : 1800331150);1800331150;;FOURNISSEUR CENTRALE;;Pas de commande associée;O;14/03/2026 00:00;;14/03/2026 12:11;0.000
7bfbff7e-4b6e-4278-92fb-455f0d2a7f9a;293;Réception (B.L. : 1700233604);1700233604;;FOURNISSEUR CENTRALE;;Pas de commande associée;O;19/03/2026 00:00;;19/03/2026 23:39;0.000
7c0046f1-5c63-4ee0-bd06-15aecff71d36;292;Réception (B.L. : 1700236698);1700236698;;FOURNISSEUR CENTRALE;;Pas de commande associée;O;04/04/2026 00:00;;04/04/2026 12:11;1980.000
7c36668e-3866-454f-a2af-447911f9707d;291;Réception (B.L. : 1100212126);1100212126;;FOURNISSEUR CENTRALE;;Pas de commande associée;O;16/03/2026 00:00;;16/03/2026 12:13;0.000
7c38ca02-bbe0-4072-9cc0-5b1db35f70b8;291;Réception (B.L. : 1700230370);1700230370;;FOURNISSEUR CENTRALE;;Pas de commande associée;O;04/03/2026 00:00;;04/03/2026 12:29;0.000
7c49d7a1-94a5-444d-bab3-b62fd825f78e;291;Réception (B.L. : 1100214604);1100214604;;FOURNISSEUR CENTRALE;;Pas de commande associée;O;30/03/2026 00:00;;30/03/2026 12:12;0.000
7c6b5a89-4eb5-46a8-9e0c-7e31665c7fe5;293;Réception (B.L. : 1700230867);1700230867;;FOURNISSEUR CENTRALE;;Pas de commande associée;O;06/03/2026 00:00;;06/03/2026 12:22;0.000
7c817635-02eb-438c-a43c-b6529692ad00;291;Réception (B.L. : 1800336052);1800336052;;FOURNISSEUR CENTRALE;;Pas de commande associée;O;02/04/2026 00:00;;03/04/2026 12:19;0.000
7c84e7d5-85f3-4878-891a-6b3fda7b6e59;293;Réception (B.L. : 1800334216);1800334216;;FOURNISSEUR CENTRALE;;Pas de commande associée;O;26/03/2026 00:00;;26/03/2026 17:12;0.000
7c97f738-4734-4b2a-b94d-c597f351687f;291;Réception (B.L. : 1100212995);1100212995;;FOURNISSEUR CENTRALE;;Pas de commande associée;O;20/03/2026 00:00;;20/03/2026 12:01;0.000
7ccb1ad9-ad8e-477d-a4a3-1baceb4f170d;293;Réception (B.L. : 1800327757);1800327757;;FOURNISSEUR CENTRALE;;Pas de commande associée;O;02/03/2026 00:00;;02/03/2026 12:32;0.000
7cdf308f-5376-46ff-abee-0ea0325e3a05;291;Réception (B.L. : 1700233184);1700233184;;FOURNISSEUR CENTRALE;;Pas de commande associée;O;18/03/2026 00:00;;18/03/2026 12:30;0.000
7ce55fe4-207a-4ad4-aa0b-3f83530c0bb4;292;Réception (B.L. : 1800335346);1800335346;;FOURNISSEUR CENTRALE;;Pas de commande associée;O;31/03/2026 00:00;;31/03/2026 17:17;14.000
7d08134c-71a8-48d7-9cf0-50cc13f0ad98;291;Réception (B.L. : 1700235539);1700235539;;FOURNISSEUR CENTRALE;;Pas de commande associée;O;30/03/2026 00:00;;30/03/2026 12:26;0.000
7d0c7639-abce-4337-b927-5be04077780b;291;Réception (B.L. : 1100214495);1100214495;;FOURNISSEUR CENTRALE;;Pas de commande associée;O;28/03/2026 00:00;;28/03/2026 12:12;0.000
7d6cca48-8da3-48ac-b1a3-4a53aec69a4b;292;Réception (B.L. : 1800332659);1800332659;;FOURNISSEUR CENTRALE;;Pas de commande associée;O;19/03/2026 00:00;;20/03/2026 12:12;13.000
7d82ef04-6238-48d2-bb06-f096ddff5066;293;Réception (B.L. : 1800335485);1800335485;;FOURNISSEUR CENTRALE;;Pas de commande associée;O;31/03/2026 00:00;;01/04/2026 12:24;0.000
7d9107ce-04aa-4b95-9ce7-adf51180d65c;080;Réception (B.L. : 1800331123);1800331123;;FOURNISSEUR CENTRALE;;Pas de commande associée;O;13/03/2026 00:00;;13/03/2026 23:33;669.090
7d95ec38-1ddd-4b4e-be64-d649ca16022e;292;Réception (B.L. : 1800336467);1800336467;;FOURNISSEUR CENTRALE;;Pas de commande associée;O;03/04/2026 00:00;;04/04/2026 12:14;13.000
7dd7581f-6aa4-430c-95e6-7fe71f088a09;292;Réception (B.L. : 1800328938);1800328938;;FOURNISSEUR CENTRALE;;Pas de commande associée;O;05/03/2026 00:00;;06/03/2026 12:19;48.000
7dfbd3f5-cd4a-4a38-befb-da6d0e2f5015;293;Réception (B.L. : 1700233603);1700233603;;FOURNISSEUR CENTRALE;;Pas de commande associée;O;19/03/2026 00:00;;19/03/2026 23:38;0.000
7e03d386-554b-425b-a970-541240df986f;080;Réception (B.L. : 1700232743);1700232743;;FOURNISSEUR CENTRALE;;Pas de commande associée;O;16/03/2026 00:00;;16/03/2026 12:25;32.000
7e1e2e8b-3cae-4f68-a2d9-b86a6b5c2ca4;292;Réception (B.L. : 1100213404);1100213404;;FOURNISSEUR CENTRALE;;Pas de commande associée;O;23/03/2026 00:00;;23/03/2026 12:16;11.000
7e270a90-977c-4ef3-8339-72ebfec66f25;292;Réception (B.L. : 1800330123);1800330123;;FOURNISSEUR CENTRALE;;Pas de commande associée;O;11/03/2026 00:00;;11/03/2026 12:17;74.000
7e3c57ba-eb50-4c67-87dd-fc203be92b2a;080;Réception (B.L. : 1700233274);1700233274;;FOURNISSEUR CENTRALE;;Pas de commande associée;O;18/03/2026 00:00;;18/03/2026 17:10;36.000
7e3c89a4-257f-401a-b141-1f027d1f99ac;291;Réception (B.L. : 1100216102);1100216102;;FOURNISSEUR CENTRALE;;Pas de commande associée;O;07/04/2026 00:00;;07/04/2026 17:13;0.000
7e47328e-0b44-42b2-a20c-6d3320acf2bd;292;Réception (B.L. : 1800333126);1800333126;;FOURNISSEUR CENTRALE;;Pas de commande associée;O;23/03/2026 00:00;;23/03/2026 12:23;24.000
7e7ccf1a-41bc-4e42-b98c-6a20ce7e4447;080;Réception (B.L. : 1800333402);1800333402;;FOURNISSEUR CENTRALE;;Pas de commande associée;O;24/03/2026 00:00;;24/03/2026 12:17;196.000
7ebf7875-0b6e-4b3a-aa7f-ca1d177da8c6;293;Réception (B.L. : 1700236623);1700236623;;FOURNISSEUR CENTRALE;;Pas de commande associée;O;03/04/2026 00:00;;03/04/2026 17:18;0.000
7ee2b83f-9af6-4183-b4b0-c8b63efa8a05;293;Réception (B.L. : 1800331995);1800331995;;FOURNISSEUR CENTRALE;;Pas de commande associée;O;17/03/2026 00:00;;18/03/2026 12:35;0.000
7f3b8756-0d0b-4977-bd0b-62ab8d315cda;292;Réception (B.L. : 1800331371);1800331371;;FOURNISSEUR CENTRALE;;Pas de commande associée;O;15/03/2026 00:00;;16/03/2026 12:20;855.100
7f634595-daaf-452f-a0d0-a65fc6c4abdc;080;Réception (B.L. : 1800336322);1800336322;;FOURNISSEUR CENTRALE;;Pas de commande associée;O;03/04/2026 00:00;;04/04/2026 01:35;90.000
7f9e2bf0-3332-4165-91c0-8de853c224e4;292;Réception (B.L. : 1800336587);1800336587;;FOURNISSEUR CENTRALE;;Pas de commande associée;O;06/04/2026 00:00;;06/04/2026 12:26;690.800
7fa7914e-241a-49fb-b0e7-f464685b6604;293;Réception (B.L. : 1800337031);1800337031;;FOURNISSEUR CENTRALE;;Pas de commande associée;O;07/04/2026 00:00;;07/04/2026 17:13;0.000
7fc11a35-e338-42c9-9c80-e4bc7ce0e3bf;293;Réception (B.L. : 1700232769);1700232769;;FOURNISSEUR CENTRALE;;Pas de commande associée;O;16/03/2026 00:00;;16/03/2026 12:31;0.000
7fc64e30-b881-4630-b52d-0bed12f20dcf;291;Réception (B.L. : 1800330143);1800330143;;FOURNISSEUR CENTRALE;;Pas de commande associée;O;11/03/2026 00:00;;11/03/2026 12:34;0.000
7fcfc646-d750-4f9f-bc93-7d10b5c4f22d;292;Réception (B.L. : 1700234171);1700234171;;FOURNISSEUR CENTRALE;;Pas de commande associée;O;23/03/2026 00:00;;23/03/2026 12:20;70.000
7fd1485a-43fd-4ee2-b795-c29072d95bb5;293;Réception (B.L. : 1700232716);1700232716;;FOURNISSEUR CENTRALE;;Pas de commande associée;O;16/03/2026 00:00;;16/03/2026 12:24;0.000
7fd40bb6-ce26-43d8-9b39-f4fa4576a03a;291;Réception (B.L. : 1700232758);1700232758;;FOURNISSEUR CENTRALE;;Pas de commande associée;O;16/03/2026 00:00;;16/03/2026 12:23;0.000
7fd71a67-4d99-46e1-827f-5c458728af82;292;Réception (B.L. : 1800335495);1800335495;;FOURNISSEUR CENTRALE;;Pas de commande associée;O;31/03/2026 00:00;;01/04/2026 12:18;327.000
7fe0e953-0bfb-4f47-97be-3e5bf739fec2;080;Réception (B.L. : 1700232340);1700232340;;FOURNISSEUR CENTRALE;;Pas de commande associée;O;13/03/2026 00:00;;13/03/2026 12:06;1016.000
7feb9d33-4688-4624-89fa-80f7d5c03b82;291;Réception (B.L. : 1100213402);1100213402;;FOURNISSEUR CENTRALE;;Pas de commande associée;O;23/03/2026 00:00;;23/03/2026 12:21;0.000
7ff3ac38-a7f2-4293-8fa6-16e9ece73b8c;080;Réception (B.L. : 1800333977);1800333977;;FOURNISSEUR CENTRALE;;Pas de commande associée;O;25/03/2026 00:00;;26/03/2026 12:12;9.200
8010d297-cebd-4f0e-ab0b-e3d843858f69;292;Réception (B.L. : 1800330444);1800330444;;FOURNISSEUR CENTRALE;;Pas de commande associée;O;11/03/2026 00:00;;12/03/2026 12:02;12.000
8012a01b-7b7f-47bd-be15-f4b841f20ffa;292;Réception (B.L. : 1800329872);1800329872;;FOURNISSEUR CENTRALE;;Pas de commande associée;O;10/03/2026 00:00;;10/03/2026 12:10;6.000
80179741-7962-40c1-ae0a-459a0167fddf;293;Réception (B.L. : 1700235172);1700235172;;FOURNISSEUR CENTRALE;;Pas de commande associée;O;27/03/2026 00:00;;27/03/2026 12:29;0.000
8019bfca-a1c7-4433-a19d-c6af445592f1;293;Réception (B.L. : 1800336696);1800336696;;FOURNISSEUR CENTRALE;;Pas de commande associée;O;05/04/2026 00:00;;06/04/2026 12:27;0.000
80383c31-3c31-402c-8f84-8176d385bb3b;292;Réception (B.L. : 1700231843);1700231843;;FOURNISSEUR CENTRALE;;Pas de commande associée;O;11/03/2026 00:00;;11/03/2026 12:12;1074.000
80485d38-ab5e-4f02-be44-91fbbd96b92e;292;Réception (B.L. : 1800327712);1800327712;;FOURNISSEUR CENTRALE;;Pas de commande associée;O;01/03/2026 00:00;;02/03/2026 12:21;33.000
807af51b-1985-45f0-9806-f2060c48f70c;291;Réception (B.L. : 1800336638);1800336638;;FOURNISSEUR CENTRALE;;Pas de commande associée;O;06/04/2026 00:00;;06/04/2026 12:23;0.000
8082f08c-467d-4886-9e92-f9e4b9ff9f4d;080;Réception (B.L. : 1800336060);1800336060;;FOURNISSEUR CENTRALE;;Pas de commande associée;O;02/04/2026 00:00;;03/04/2026 12:24;24.900
80839a7f-aa1a-4529-8109-fb58da24752b;292;Réception (B.L. : 1700232707);1700232707;;FOURNISSEUR CENTRALE;;Pas de commande associée;O;16/03/2026 00:00;;16/03/2026 12:15;585.000
80afda08-e67c-4bf1-8ac2-cbf7a35e2e01;293;Réception (B.L. : 1800329720);1800329720;;FOURNISSEUR CENTRALE;;Pas de commande associée;O;10/03/2026 00:00;;10/03/2026 12:07;0.000
80c5ee47-4d09-4f06-827d-3800c96e0bb8;291;Réception (B.L. : 1800332936);1800332936;;FOURNISSEUR CENTRALE;;Pas de commande associée;O;20/03/2026 00:00;;20/03/2026 17:06;0.000
80db4541-d78d-43bc-b742-f3bc3317754b;291;Réception (B.L. : 1700233189);1700233189;;FOURNISSEUR CENTRALE;;Pas de commande associée;O;18/03/2026 00:00;;18/03/2026 12:35;0.000
80f88674-560c-48cf-b369-64aac24179a8;293;Réception (B.L. : 1800331998);1800331998;;FOURNISSEUR CENTRALE;;Pas de commande associée;O;17/03/2026 00:00;;18/03/2026 12:38;0.000
8167ded1-4d05-47bd-ad93-2163060a86e0;080;Réception (B.L. : 1700234425);1700234425;;FOURNISSEUR CENTRALE;;Pas de commande associée;O;24/03/2026 00:00;;24/03/2026 17:11;20.000
8186e309-0bb2-4f39-ae95-43c9d7937c0e;080;Réception (B.L. : 1700232742);1700232742;;FOURNISSEUR CENTRALE;;Pas de commande associée;O;16/03/2026 00:00;;16/03/2026 12:24;24.000
818aa118-80de-4c0b-a4d2-6c1e4c755005;292;Réception (B.L. : 1800330122);1800330122;;FOURNISSEUR CENTRALE;;Pas de commande associée;O;11/03/2026 00:00;;11/03/2026 12:16;53.460
8195d8ab-22b1-4b45-9bab-33bd916ca355;080;Réception (B.L. : 1700233542);1700233542;;FOURNISSEUR CENTRALE;;Pas de commande associée;O;19/03/2026 00:00;;19/03/2026 23:37;48.000
81a04276-6adb-4abb-b1c9-0d5b33560313;293;Réception (B.L. : 1200106368);1200106368;;FOURNISSEUR CENTRALE;;Pas de commande associée;O;13/03/2026 00:00;;13/03/2026 12:11;0.000
81b414c7-0605-4746-904d-4924a7fa8274;293;Réception (B.L. : 1700232348);1700232348;;FOURNISSEUR CENTRALE;;Pas de commande associée;O;13/03/2026 00:00;;13/03/2026 12:27;0.000
81c88733-1d40-49b7-aaf7-16a7a91091cd;080;Réception (B.L. : 1800329221);1800329221;;FOURNISSEUR CENTRALE;;Pas de commande associée;O;06/03/2026 00:00;;06/03/2026 17:20;146.000
81d95f47-c657-4e98-a443-d8df23a37d78;293;Réception (B.L. : 1700237414);1700237414;;FOURNISSEUR CENTRALE;;Pas de commande associée;O;08/04/2026 00:00;;08/04/2026 12:23;0.000
81e6b014-187e-4803-8860-20db268dc606;293;Réception (B.L. : 1700236988);1700236988;;FOURNISSEUR CENTRALE;;Pas de commande associée;O;06/04/2026 00:00;;06/04/2026 12:17;0.000
81f09e72-6019-471d-a9e0-2a4f13f438eb;291;Réception (B.L. : 1800330890);1800330890;;FOURNISSEUR CENTRALE;;Pas de commande associée;O;13/03/2026 00:00;;13/03/2026 12:35;0.000
82135921-2625-4dea-9ac3-816efe08c156;293;Réception (B.L. : 1800334865);1800334865;;FOURNISSEUR CENTRALE;;Pas de commande associée;O;29/03/2026 00:00;;30/03/2026 12:28;0.000
821b9d04-b288-4f4a-bf36-d086a26cb484;293;Réception (B.L. : 1200107658);1200107658;;FOURNISSEUR CENTRALE;;Pas de commande associée;O;31/03/2026 00:00;;31/03/2026 12:11;0.000
82354a47-8a21-400e-9da7-cb46e5032c1c;292;Réception (B.L. : 1800328576);1800328576;;FOURNISSEUR CENTRALE;;Pas de commande associée;O;05/03/2026 00:00;;05/03/2026 12:12;40.000
823731a8-ccc9-46ba-b160-fda16a1013dd;293;Réception (B.L. : 1700234549);1700234549;;FOURNISSEUR CENTRALE;;Pas de commande associée;O;25/03/2026 00:00;;25/03/2026 12:24;0.000
82415f63-83b7-4d10-894c-4500940051a6;293;Réception (B.L. : 1800333709);1800333709;;FOURNISSEUR CENTRALE;;Pas de commande associée;O;24/03/2026 00:00;;25/03/2026 12:38;0.000
824bcba9-1098-44d8-acad-a1fda2768c66;292;Réception (B.L. : 1700232773);1700232773;;FOURNISSEUR CENTRALE;;Pas de commande associée;O;16/03/2026 00:00;;16/03/2026 12:19;4.000
825c74fc-ef7a-47ce-83b2-0da346b55f8b;080;Réception (B.L. : 1800336679);1800336679;;FOURNISSEUR CENTRALE;;Pas de commande associée;O;06/04/2026 00:00;;06/04/2026 12:22;764.000
825ddcc4-766a-4821-93f0-1e0106f9d580;293;Réception (B.L. : 1800335351);1800335351;;FOURNISSEUR CENTRALE;;Pas de commande associée;O;31/03/2026 00:00;;31/03/2026 17:16;0.000
825e0e7d-aadb-41e6-951d-6e7838bcb478;292;Réception (B.L. : 1700237243);1700237243;;FOURNISSEUR CENTRALE;;Pas de commande associée;O;07/04/2026 00:00;;07/04/2026 17:15;120.000
82a91fa3-3958-4374-8bdd-cde37460ddda;080;Réception (B.L. : 1800332303);1800332303;;FOURNISSEUR CENTRALE;;Pas de commande associée;O;18/03/2026 00:00;;19/03/2026 12:16;160.000
82b98cca-1b8a-4309-b694-b2a775995c5b;291;Réception (B.L. : 1700233180);1700233180;;FOURNISSEUR CENTRALE;;Pas de commande associée;O;18/03/2026 00:00;;18/03/2026 12:26;0.000
82bb84e9-eadc-422d-919f-41c73b87c2d8;291;Réception (B.L. : 1800335129);1800335129;;FOURNISSEUR CENTRALE;;Pas de commande associée;O;30/03/2026 00:00;;31/03/2026 12:13;380.000
82d385ef-2bc5-4561-9f2d-992130f7ec6c;291;Réception (B.L. : 1800328375);1800328375;;FOURNISSEUR CENTRALE;;Pas de commande associée;O;04/03/2026 00:00;;04/03/2026 12:39;0.000
82e40005-4232-42b3-b844-0f7cec70eeae;293;Réception (B.L. : 1800331996);1800331996;;FOURNISSEUR CENTRALE;;Pas de commande associée;O;17/03/2026 00:00;;18/03/2026 12:36;0.000
82f6d2ff-29f3-4087-a653-c65260d1092a;291;Réception (B.L. : 1700235772);1700235772;;FOURNISSEUR CENTRALE;;Pas de commande associée;O;31/03/2026 00:00;;31/03/2026 12:11;0.000
83270d8a-8d54-42a2-8ca5-1d4599dbf3e2;292;Réception (B.L. : 1800336443);1800336443;;FOURNISSEUR CENTRALE;;Pas de commande associée;O;03/04/2026 00:00;;04/04/2026 01:37;700.000
83332320-ddfe-4310-a371-773952fc76b9;292;Réception (B.L. : 1800333577);1800333577;;FOURNISSEUR CENTRALE;;Pas de commande associée;O;24/03/2026 00:00;;24/03/2026 17:19;11.000
833938d7-ecf7-42ef-9f63-4ea606859e31;080;Réception (B.L. : 1100213159);1100213159;;FOURNISSEUR CENTRALE;;Pas de commande associée;O;21/03/2026 00:00;;21/03/2026 17:00;480.000
8359e122-87e0-443d-9df9-3c08662cd722;080;Réception (B.L. : 1800329220);1800329220;;FOURNISSEUR CENTRALE;;Pas de commande associée;O;06/03/2026 00:00;;06/03/2026 17:19;80.000
8371e042-964a-4095-a71a-a8153cae06b8;292;Réception (B.L. : 1700235328);1700235328;;FOURNISSEUR CENTRALE;;Pas de commande associée;O;28/03/2026 00:00;;28/03/2026 12:23;2.000
837cbc43-9b60-41dc-91a6-24bb9e20c4b1;293;Réception (B.L. : 1800330131);1800330131;;FOURNISSEUR CENTRALE;;Pas de commande associée;O;11/03/2026 00:00;;11/03/2026 12:32;0.000
839505bf-2c90-4144-8aec-c529aa58d524;293;Réception (B.L. : 1100210040);1100210040;;FOURNISSEUR CENTRALE;;Pas de commande associée;O;02/03/2026 00:00;;02/03/2026 12:11;0.000
8395b19e-9c10-49f0-8366-bc1f4b4c4934;291;Réception (B.L. : 1800334384);1800334384;;FOURNISSEUR CENTRALE;;Pas de commande associée;O;26/03/2026 00:00;;27/03/2026 12:26;0.000
83a68127-25d7-49fd-9918-d8faeb39366d;293;Réception (B.L. : 1800331779);1800331779;;FOURNISSEUR CENTRALE;;Pas de commande associée;O;17/03/2026 00:00;;17/03/2026 17:01;0.000
83afa029-9929-4653-86ed-dfdce6aa920f;291;Réception (B.L. : 1100213353);1100213353;;FOURNISSEUR CENTRALE;;Pas de commande associée;O;23/03/2026 00:00;;23/03/2026 12:19;0.000
8414426a-903f-440a-a738-ca78fd13c227;080;Réception (B.L. : 1800333678);1800333678;;FOURNISSEUR CENTRALE;;Pas de commande associée;O;24/03/2026 00:00;;25/03/2026 12:33;195.732
8455edbc-75cc-40fa-8aa0-f5c8bde4cecb;080;Réception (B.L. : 1800332604);1800332604;;FOURNISSEUR CENTRALE;;Pas de commande associée;O;19/03/2026 00:00;;20/03/2026 12:19;24.000
8459901e-b634-4bc7-b72a-ca05bf8cdedf;293;Réception (B.L. : 1800333840);1800333840;;FOURNISSEUR CENTRALE;;Pas de commande associée;O;25/03/2026 00:00;;25/03/2026 12:40;0.000
847970cc-5e8b-41f7-8a8f-728250137a2f;292;Réception (B.L. : 1800328453);1800328453;;FOURNISSEUR CENTRALE;;Pas de commande associée;O;04/03/2026 00:00;;04/03/2026 12:29;1.000
847f559a-bcac-420d-aed7-1d7f0c7bed01;080;Réception (B.L. : 1800329382);1800329382;;FOURNISSEUR CENTRALE;;Pas de commande associée;O;09/03/2026 00:00;;09/03/2026 12:20;652.000
849c18de-fd4a-465b-8263-f0947d7055d4;293;Réception (B.L. : 1700236952);1700236952;;FOURNISSEUR CENTRALE;;Pas de commande associée;O;06/04/2026 00:00;;06/04/2026 12:13;0.000
84bbfac6-ae89-4225-8678-899c408612a8;291;Réception (B.L. : 1700233855);1700233855;;FOURNISSEUR CENTRALE;;Pas de commande associée;O;20/03/2026 00:00;;20/03/2026 12:18;0.000
84c71431-afe1-4399-a0ba-8decf64ed5d7;293;Réception (B.L. : 1800330517);1800330517;;FOURNISSEUR CENTRALE;;Pas de commande associée;O;12/03/2026 00:00;;12/03/2026 12:14;0.000
84f726df-2b22-40c3-bfa9-8669f5f92756;292;Réception (B.L. : 1700230348);1700230348;;FOURNISSEUR CENTRALE;;Pas de commande associée;O;04/03/2026 00:00;;04/03/2026 12:21;2.000
85066424-fbc7-4856-8f4e-fee322736d56;292;Réception (B.L. : 1100216237);1100216237;;FOURNISSEUR CENTRALE;;Pas de commande associée;O;08/04/2026 00:00;;08/04/2026 12:11;2202.000
852a10cd-ff81-4e9b-847f-d270b60fe802;080;Réception (B.L. : 1800332608);1800332608;;FOURNISSEUR CENTRALE;;Pas de commande associée;O;19/03/2026 00:00;;20/03/2026 12:23;666.200
852adf55-e0d9-4717-85db-3517e86664c8;293;Réception (B.L. : 1700230283);1700230283;;FOURNISSEUR CENTRALE;;Pas de commande associée;O;04/03/2026 00:00;;04/03/2026 12:17;0.000
85449d22-318c-4e98-87ae-959512123c22;293;Réception (B.L. : 1700234109);1700234109;;FOURNISSEUR CENTRALE;;Pas de commande associée;O;23/03/2026 00:00;;23/03/2026 12:23;0.000
855b6970-854d-4310-89c2-8efebd25430e;293;Réception (B.L. : 1100216307);1100216307;;FOURNISSEUR CENTRALE;;Pas de commande associée;O;08/04/2026 00:00;;08/04/2026 12:16;0.000
85991437-608c-4714-82a6-88061ff1f7ab;080;Réception (B.L. : 1700236627);1700236627;;FOURNISSEUR CENTRALE;;Pas de commande associée;O;03/04/2026 00:00;;03/04/2026 17:12;1094.000
859a3d35-7930-4764-b3b7-fe343ddf354d;293;Réception (B.L. : 1800328012);1800328012;;FOURNISSEUR CENTRALE;;Pas de commande associée;O;02/03/2026 00:00;;03/03/2026 12:03;0.000
85b3b3c1-d71f-4a65-ab02-a9391deea684;080;Réception (B.L. : 1700233317);1700233317;;FOURNISSEUR CENTRALE;;Pas de commande associée;O;18/03/2026 00:00;;19/03/2026 12:14;24.000
85d11581-ee95-452a-97f4-0babfe810b8f;293;Réception (B.L. : 1800332022);1800332022;;FOURNISSEUR CENTRALE;;Pas de commande associée;O;17/03/2026 00:00;;18/03/2026 12:41;0.000
85dae5bc-4005-43b5-84e8-ac1384e5936a;080;Réception (B.L. : 1800335884);1800335884;;FOURNISSEUR CENTRALE;;Pas de commande associée;O;02/04/2026 00:00;;02/04/2026 17:19;2.000
85eae025-647d-4811-9d59-dbd2eb96a0e1;080;Réception (B.L. : 1700233924);1700233924;;FOURNISSEUR CENTRALE;;Pas de commande associée;O;21/03/2026 00:00;;21/03/2026 12:05;4.000
85f4a7fb-012a-45cc-bfca-c7a2ccea555b;080;Réception (B.L. : 1100214355);1100214355;;FOURNISSEUR CENTRALE;;Pas de commande associée;O;27/03/2026 00:00;;27/03/2026 12:13;12.000
8613329c-e309-4f4a-b011-a06eb0435610;080;Réception (B.L. : 1800335855);1800335855;;FOURNISSEUR CENTRALE;;Pas de commande associée;O;02/04/2026 00:00;;02/04/2026 17:13;42.000
864e6297-4957-4b94-bb40-0e2c8f659dfa;292;Réception (B.L. : 1100210649);1100210649;;FOURNISSEUR CENTRALE;;Pas de commande associée;O;05/03/2026 00:00;;05/03/2026 17:11;6.000
86715ceb-f270-4d8f-bc92-41552734e914;292;Réception (B.L. : 1700233252);1700233252;;FOURNISSEUR CENTRALE;;Pas de commande associée;O;18/03/2026 00:00;;18/03/2026 12:15;1192.000
867a00b4-09fe-470a-b2bb-2d55d235d8b5;293;Réception (B.L. : 1800330682);1800330682;;FOURNISSEUR CENTRALE;;Pas de commande associée;O;12/03/2026 00:00;;13/03/2026 12:33;0.000
867a0a01-7335-41f1-9439-1d97cfea3c6e;292;Réception (B.L. : 1800333995);1800333995;;FOURNISSEUR CENTRALE;;Pas de commande associée;O;25/03/2026 00:00;;26/03/2026 12:17;400.000
8694cf56-cc5e-427b-82c4-c78a2a19fc9a;080;Réception (B.L. : 1700237233);1700237233;;FOURNISSEUR CENTRALE;;Pas de commande associée;O;07/04/2026 00:00;;07/04/2026 17:12;234.000
869801f9-f56a-4f8f-b9c1-364b26c9da40;293;Réception (B.L. : 1700234646);1700234646;;FOURNISSEUR CENTRALE;;Pas de commande associée;O;25/03/2026 00:00;;25/03/2026 12:28;0.000
869f61b8-c1ca-4734-85a7-e42f7fb3c1ee;291;Réception (B.L. : 1700234846);1700234846;;FOURNISSEUR CENTRALE;;Pas de commande associée;O;26/03/2026 00:00;;26/03/2026 12:16;0.000
86ad7dbd-aaec-43ec-a8e9-8f4ea41b31e3;292;Réception (B.L. : 1100214575);1100214575;;FOURNISSEUR CENTRALE;;Pas de commande associée;O;30/03/2026 00:00;;30/03/2026 12:15;240.000
86c5507e-39c5-48f6-9b7b-bc0f1badfa14;293;Réception (B.L. : 1800330678);1800330678;;FOURNISSEUR CENTRALE;;Pas de commande associée;O;12/03/2026 00:00;;13/03/2026 12:29;0.000
86c64583-5d9b-4911-ac9c-7e5f422b9b9a;292;Réception (B.L. : 1800333127);1800333127;;FOURNISSEUR CENTRALE;;Pas de commande associée;O;23/03/2026 00:00;;23/03/2026 12:24;87.000
86d29aeb-0349-4292-8762-17e4a2fb43a1;291;Réception (B.L. : 1700231899);1700231899;;FOURNISSEUR CENTRALE;;Pas de commande associée;O;11/03/2026 00:00;;11/03/2026 12:33;0.000
86dda590-85c7-41d6-8d31-7a13918df6af;080;Réception (B.L. : 1800327696);1800327696;;FOURNISSEUR CENTRALE;;Pas de commande associée;O;01/03/2026 00:00;;02/03/2026 12:22;230.000
870f5c0e-4064-4ab7-9fcf-9bd8e58b43b6;293;Réception (B.L. : 1700234114);1700234114;;FOURNISSEUR CENTRALE;;Pas de commande associée;O;23/03/2026 00:00;;23/03/2026 12:28;0.000
8714efc6-f0ba-4995-a9c4-84e880579642;293;Réception (B.L. : 1100215580);1100215580;;FOURNISSEUR CENTRALE;;Pas de commande associée;O;03/04/2026 00:00;;03/04/2026 12:20;0.000
87285dd0-f015-40c0-a0db-094731d01e1a;291;Réception (B.L. : 1700233858);1700233858;;FOURNISSEUR CENTRALE;;Pas de commande associée;O;20/03/2026 00:00;;20/03/2026 12:21;0.000
872affca-ad63-4e40-be7f-25cb6ef69f46;291;Réception (B.L. : 1800328174);1800328174;;FOURNISSEUR CENTRALE;;Pas de commande associée;O;03/03/2026 00:00;;03/03/2026 17:07;0.000
872f0ffd-8e85-4af2-be63-ab38c7ff26a6;292;Réception (B.L. : 1100210817);1100210817;;FOURNISSEUR CENTRALE;;Pas de commande associée;O;06/03/2026 00:00;;06/03/2026 12:11;1242.000
8735eec6-a293-4510-b57a-76058d0f1b4c;291;Réception (B.L. : 1800334059);1800334059;;FOURNISSEUR CENTRALE;;Pas de commande associée;O;25/03/2026 00:00;;26/03/2026 12:23;0.000
8737e013-4ee7-43ed-b06a-3bc4c5b0eee4;293;Réception (B.L. : 1800337179);1800337179;;FOURNISSEUR CENTRALE;;Pas de commande associée;O;07/04/2026 00:00;;08/04/2026 12:28;0.000
8750e22d-86da-4f57-81f0-970823aedcdb;292;Réception (B.L. : 1100215072);1100215072;;FOURNISSEUR CENTRALE;;Pas de commande associée;O;01/04/2026 00:00;;01/04/2026 12:14;30.000
875735f6-3827-48dc-aab2-ca62ea61af7f;080;Réception (B.L. : 1100213111);1100213111;;FOURNISSEUR CENTRALE;;Pas de commande associée;O;21/03/2026 00:00;;21/03/2026 12:02;1350.000
875d49d1-0600-4d48-85f9-c56ff1e15a39;291;Réception (B.L. : 1700236050);1700236050;;FOURNISSEUR CENTRALE;;Pas de commande associée;O;01/04/2026 00:00;;01/04/2026 17:20;0.000
8772f667-4b32-40c1-a79e-16c7203b6a05;080;Réception (B.L. : 1100211340);1100211340;;FOURNISSEUR CENTRALE;;Pas de commande associée;O;10/03/2026 00:00;;10/03/2026 17:01;138.000
877c8ac1-e06c-48b4-bb9c-a31450424698;080;Réception (B.L. : 1800334401);1800334401;;FOURNISSEUR CENTRALE;;Pas de commande associée;O;26/03/2026 00:00;;27/03/2026 12:37;1.000
878b521f-18d0-4db4-a200-b8eb4e3d53a6;293;Réception (B.L. : 1800336400);1800336400;;FOURNISSEUR CENTRALE;;Pas de commande associée;O;03/04/2026 00:00;;04/04/2026 01:44;0.000
87d2464a-7360-4ff1-bb11-eed9916db0a6;291;Réception (B.L. : 1700233857);1700233857;;FOURNISSEUR CENTRALE;;Pas de commande associée;O;20/03/2026 00:00;;20/03/2026 12:20;0.000
881d493b-4480-41d1-9177-0b32f2a4a508;080;Réception (B.L. : 1800335079);1800335079;;FOURNISSEUR CENTRALE;;Pas de commande associée;O;30/03/2026 00:00;;31/03/2026 12:12;48.000
8836002f-5e1b-4d18-b3eb-37c650c4334c;292;Réception (B.L. : 1100212809);1100212809;;FOURNISSEUR CENTRALE;;Pas de commande associée;O;19/03/2026 00:00;;19/03/2026 17:12;72.000
883b79ca-c5cb-4c0f-be9d-53f154e9a37c;293;Réception (B.L. : 1700231323);1700231323;;FOURNISSEUR CENTRALE;;Pas de commande associée;O;09/03/2026 00:00;;09/03/2026 12:18;0.000
883fdea7-4305-441c-9f24-c9222dca1232;293;Réception (B.L. : 1800329981);1800329981;;FOURNISSEUR CENTRALE;;Pas de commande associée;O;10/03/2026 00:00;;10/03/2026 17:01;0.000
884fe2d2-b249-4c01-9df3-020b896dfbd6;291;Réception (B.L. : 1800330700);1800330700;;FOURNISSEUR CENTRALE;;Pas de commande associée;O;12/03/2026 00:00;;13/03/2026 12:25;0.000
8856500a-0ec3-4d42-b691-2d9fc1944838;293;Réception (B.L. : 1800330681);1800330681;;FOURNISSEUR CENTRALE;;Pas de commande associée;O;12/03/2026 00:00;;13/03/2026 12:32;0.000
88675363-8e55-406d-81d8-24a92cd16241;291;Réception (B.L. : 1800332939);1800332939;;FOURNISSEUR CENTRALE;;Pas de commande associée;O;20/03/2026 00:00;;20/03/2026 17:09;0.000
887b047a-a055-4586-a025-3be729ad02ec;080;Réception (B.L. : 1700230305);1700230305;;FOURNISSEUR CENTRALE;;Pas de commande associée;O;04/03/2026 00:00;;04/03/2026 12:13;2170.000
88ac6d22-be2c-4dc6-893c-0bb57165e2b5;291;Réception (B.L. : 1700230856);1700230856;;FOURNISSEUR CENTRALE;;Pas de commande associée;O;06/03/2026 00:00;;06/03/2026 12:21;0.000
88b290bd-cfc8-44c8-a985-e9573cd1f765;080;Réception (B.L. : 1100213141);1100213141;;FOURNISSEUR CENTRALE;;Pas de commande associée;O;21/03/2026 00:00;;21/03/2026 12:04;8.000
88bb748b-7b48-4ca0-b46d-50b4bcf6b022;291;Réception (B.L. : 1800329107);1800329107;;FOURNISSEUR CENTRALE;;Pas de commande associée;O;06/03/2026 00:00;;06/03/2026 17:13;0.000
88d1f255-db94-434d-a039-d6ae041cbf38;291;Réception (B.L. : 1800336160);1800336160;;FOURNISSEUR CENTRALE;;Pas de commande associée;O;02/04/2026 00:00;;03/04/2026 12:23;0.000
89008ee5-22ad-49d5-8fd4-0adf2a483950;293;Réception (B.L. : 1100211084);1100211084;;FOURNISSEUR CENTRALE;;Pas de commande associée;O;09/03/2026 00:00;;09/03/2026 12:12;0.000
8915a9fc-2352-4415-8875-c5eff0682334;080;Réception (B.L. : 1700230960);1700230960;;FOURNISSEUR CENTRALE;;Pas de commande associée;O;06/03/2026 00:00;;06/03/2026 17:09;108.000
8925c6de-40d1-4e89-8667-034dfca39f70;292;Réception (B.L. : 1800335494);1800335494;;FOURNISSEUR CENTRALE;;Pas de commande associée;O;31/03/2026 00:00;;01/04/2026 12:17;441.000
892e2773-99da-4b74-b35b-beaf40ef6067;293;Réception (B.L. : 1800331783);1800331783;;FOURNISSEUR CENTRALE;;Pas de commande associée;O;17/03/2026 00:00;;17/03/2026 17:05;0.000
893e2524-44af-4926-a7d2-abeb967a1078;292;Réception (B.L. : 1700230947);1700230947;;FOURNISSEUR CENTRALE;;Pas de commande associée;O;06/03/2026 00:00;;06/03/2026 17:11;897.000
896c6a1f-507d-4232-94e5-7d9de5aecccc;292;Réception (B.L. : 1700235163);1700235163;;FOURNISSEUR CENTRALE;;Pas de commande associée;O;27/03/2026 00:00;;27/03/2026 12:15;19.000
897a8fab-4a9e-4c77-a7e0-5400d43ad707;080;Réception (B.L. : 1800334229);1800334229;;FOURNISSEUR CENTRALE;;Pas de commande associée;O;26/03/2026 00:00;;26/03/2026 17:14;1.000
89a6eac4-1a33-49aa-943b-53517aa08926;291;Réception (B.L. : 1800329862);1800329862;;FOURNISSEUR CENTRALE;;Pas de commande associée;O;10/03/2026 00:00;;10/03/2026 12:18;0.000
89a86147-1c3d-429e-962f-96ad01b485f5;080;Réception (B.L. : 1800335514);1800335514;;FOURNISSEUR CENTRALE;;Pas de commande associée;O;01/04/2026 00:00;;01/04/2026 12:20;24.000
89aa9165-7b40-40cc-9056-b0792124018e;293;Réception (B.L. : 1800334141);1800334141;;FOURNISSEUR CENTRALE;;Pas de commande associée;O;26/03/2026 00:00;;26/03/2026 12:21;0.000
89c88ae8-eb24-4a82-8451-d013f141cfda;080;Réception (B.L. : 1700236629);1700236629;;FOURNISSEUR CENTRALE;;Pas de commande associée;O;03/04/2026 00:00;;03/04/2026 17:14;2369.000
89d8992f-ff7a-46fa-9b8b-1a9de9ba2d35;291;Réception (B.L. : 1100216205);1100216205;;FOURNISSEUR CENTRALE;;Pas de commande associée;O;08/04/2026 00:00;;08/04/2026 12:11;0.000
89e03816-8aee-4acc-a81b-32d29d2497bb;080;Réception (B.L. : 1100211479);1100211479;;FOURNISSEUR CENTRALE;;Pas de commande associée;O;11/03/2026 00:00;;11/03/2026 12:12;3738.000
89eba23c-9169-4592-b213-ccdf64a99ab6;291;Réception (B.L. : 1700233849);1700233849;;FOURNISSEUR CENTRALE;;Pas de commande associée;O;20/03/2026 00:00;;20/03/2026 12:12;0.000
8a0f943e-6c9d-46c0-bdbc-cc2def5d0a06;291;Réception (B.L. : 1100215441);1100215441;;FOURNISSEUR CENTRALE;;Pas de commande associée;O;03/04/2026 00:00;;03/04/2026 12:18;0.000
8a4b29b3-66b7-4ce5-9189-27c84a371996;291;Réception (B.L. : 1100215151);1100215151;;FOURNISSEUR CENTRALE;;Pas de commande associée;O;02/04/2026 00:00;;02/04/2026 12:11;0.000
8a613634-3140-49c3-8ab0-568de74ff129;080;Réception (B.L. : 1700231019);1700231019;;FOURNISSEUR CENTRALE;;Pas de commande associée;O;06/03/2026 00:00;;06/03/2026 17:11;269.000
8a69102d-f273-41db-9e53-aa4e5a235469;291;Réception (B.L. : 1800334901);1800334901;;FOURNISSEUR CENTRALE;;Pas de commande associée;O;29/03/2026 00:00;;30/03/2026 12:37;0.000
8a9cd6a6-22c7-4cd7-a38f-9142631c73e4;291;Réception (B.L. : 1700231350);1700231350;;FOURNISSEUR CENTRALE;;Pas de commande associée;O;09/03/2026 00:00;;09/03/2026 12:21;0.000
8aa9124c-ad87-4bf8-bb19-df701217499a;291;Réception (B.L. : 1800328337);1800328337;;FOURNISSEUR CENTRALE;;Pas de commande associée;O;03/03/2026 00:00;;04/03/2026 12:34;0.000
8aacb30c-4343-4c3c-96f5-827445ed1b11;080;Réception (B.L. : 1700232339);1700232339;;FOURNISSEUR CENTRALE;;Pas de commande associée;O;13/03/2026 00:00;;13/03/2026 12:05;549.000
8aad7878-59dc-4b60-b771-6b66225e379f;292;Réception (B.L. : 1800331644);1800331644;;FOURNISSEUR CENTRALE;;Pas de commande associée;O;16/03/2026 00:00;;17/03/2026 12:04;706.000
8abbd643-3dad-4fc3-8d53-8ce06b44dd5f;293;Réception (B.L. : 1800328568);1800328568;;FOURNISSEUR CENTRALE;;Pas de commande associée;O;05/03/2026 00:00;;05/03/2026 12:17;0.000
8ada12e6-9c12-46f2-879e-02a1e7538957;293;Réception (B.L. : 1100212561);1100212561;;FOURNISSEUR CENTRALE;;Pas de commande associée;O;18/03/2026 00:00;;18/03/2026 12:13;0.000
8adc2aaf-5dad-4a47-94d7-8143834cc749;292;Réception (B.L. : 1800334462);1800334462;;FOURNISSEUR CENTRALE;;Pas de commande associée;O;27/03/2026 00:00;;27/03/2026 12:21;33.000
8ae3b5ee-0737-4b89-a488-df736ec8ea4f;080;Réception (B.L. : 1800329487);1800329487;;FOURNISSEUR CENTRALE;;Pas de commande associée;O;09/03/2026 00:00;;09/03/2026 12:24;300.000
8b1711a4-169f-4801-97f9-0aa531fb9743;080;Réception (B.L. : 1200106772);1200106772;;FOURNISSEUR CENTRALE;;Pas de commande associée;O;19/03/2026 00:00;;19/03/2026 12:11;150.000
8b207603-9467-4dfc-a020-d00641a8b094;080;Réception (B.L. : 1700236070);1700236070;;FOURNISSEUR CENTRALE;;Pas de commande associée;O;01/04/2026 00:00;;01/04/2026 17:12;806.000
8b222630-4037-4118-8b7b-a8edd03dfcca;293;Réception (B.L. : 1800335354);1800335354;;FOURNISSEUR CENTRALE;;Pas de commande associée;O;31/03/2026 00:00;;31/03/2026 17:19;0.000
8b4c07a4-e6c0-4a3c-a2d4-085911225ac7;293;Réception (B.L. : 1100213849);1100213849;;FOURNISSEUR CENTRALE;;Pas de commande associée;O;25/03/2026 00:00;;25/03/2026 12:17;0.000
8b6fa7fd-a9e7-4918-9131-75bb1de52e39;293;Réception (B.L. : 1800328323);1800328323;;FOURNISSEUR CENTRALE;;Pas de commande associée;O;03/03/2026 00:00;;04/03/2026 12:29;0.000
8b91d05f-232e-4ff2-8cbe-79a5e22a9fff;291;Réception (B.L. : 1700230364);1700230364;;FOURNISSEUR CENTRALE;;Pas de commande associée;O;04/03/2026 00:00;;04/03/2026 12:24;0.000
8bcf35a8-d21f-4044-9738-8cd39dac02c3;291;Réception (B.L. : 1700233597);1700233597;;FOURNISSEUR CENTRALE;;Pas de commande associée;O;19/03/2026 00:00;;19/03/2026 23:38;0.000
8c0e1909-eefe-4ab5-9411-f74d548b958b;292;Réception (B.L. : 1100213725);1100213725;;FOURNISSEUR CENTRALE;;Pas de commande associée;O;24/03/2026 00:00;;24/03/2026 17:14;108.000
8c34900b-b28a-499c-88bf-622c533ef80f;080;Réception (B.L. : 1700234376);1700234376;;FOURNISSEUR CENTRALE;;Pas de commande associée;O;24/03/2026 00:00;;24/03/2026 12:11;5.000
8c365dd5-174a-4d00-9e22-0bb4bc2253be;293;Réception (B.L. : 1100212980);1100212980;;FOURNISSEUR CENTRALE;;Pas de commande associée;O;20/03/2026 00:00;;20/03/2026 12:04;0.000
8c3d348f-ed99-4e08-bbbc-230c71e9ece7;291;Réception (B.L. : 1800335773);1800335773;;FOURNISSEUR CENTRALE;;Pas de commande associée;O;02/04/2026 00:00;;02/04/2026 12:26;0.000
8c470dc4-0c39-48cd-b455-baf1abd3784b;291;Réception (B.L. : 1700233880);1700233880;;FOURNISSEUR CENTRALE;;Pas de commande associée;O;20/03/2026 00:00;;20/03/2026 12:22;0.000
8c7e9511-4536-409d-902f-287770551b21;080;Réception (B.L. : 1100211108);1100211108;;FOURNISSEUR CENTRALE;;Pas de commande associée;O;08/03/2026 00:00;;09/03/2026 12:13;24.000
8ca9303f-9a18-48ea-94c5-8cad2605ade9;291;Réception (B.L. : 1800330441);1800330441;;FOURNISSEUR CENTRALE;;Pas de commande associée;O;11/03/2026 00:00;;12/03/2026 12:11;0.000
8caab013-bdbf-4dac-aaf7-dc142686d419;292;Réception (B.L. : 1800328577);1800328577;;FOURNISSEUR CENTRALE;;Pas de commande associée;O;05/03/2026 00:00;;05/03/2026 12:13;190.000
8cb4b7f3-6647-4a81-a731-bb4f030b65b8;293;Réception (B.L. : 1800333136);1800333136;;FOURNISSEUR CENTRALE;;Pas de commande associée;O;23/03/2026 00:00;;23/03/2026 12:36;0.000
8ce85383-493a-45e5-82ab-2a1f6ed5f6c3;292;Réception (B.L. : 1800331134);1800331134;;FOURNISSEUR CENTRALE;;Pas de commande associée;O;13/03/2026 00:00;;13/03/2026 23:27;1580.000
8d0a8fc9-d25a-4d9f-8713-f0b6edb838f6;291;Réception (B.L. : 1800336917);1800336917;;FOURNISSEUR CENTRALE;;Pas de commande associée;O;06/04/2026 00:00;;07/04/2026 12:25;0.000
8d55cd84-8c8b-4a0d-869f-db2f8baaab61;293;Réception (B.L. : 1800334159);1800334159;;FOURNISSEUR CENTRALE;;Pas de commande associée;O;26/03/2026 00:00;;26/03/2026 12:24;0.000
8d7e0afd-c6e6-4793-a688-a5388e7e7c35;292;Réception (B.L. : 1700232454);1700232454;;FOURNISSEUR CENTRALE;;Pas de commande associée;O;14/03/2026 00:00;;14/03/2026 12:13;2.000
8d884b20-d4dc-4785-bad0-c36de5b06124;291;Réception (B.L. : 1700236046);1700236046;;FOURNISSEUR CENTRALE;;Pas de commande associée;O;01/04/2026 00:00;;01/04/2026 17:16;0.000
8d9bdc79-1264-4400-b010-62e440f6d1d0;291;Réception (B.L. : 1700237404);1700237404;;FOURNISSEUR CENTRALE;;Pas de commande associée;O;08/04/2026 00:00;;08/04/2026 12:21;0.000
8da7748c-8f79-45d7-be3e-f7678308afcd;293;Réception (B.L. : 1800328131);1800328131;;FOURNISSEUR CENTRALE;;Pas de commande associée;O;03/03/2026 00:00;;03/03/2026 17:05;0.000
8db36839-6847-45fb-b4e6-a8de52885b9d;291;Réception (B.L. : 1700232754);1700232754;;FOURNISSEUR CENTRALE;;Pas de commande associée;O;16/03/2026 00:00;;16/03/2026 12:19;0.000
8dba675f-0da0-49b4-94fb-17f5f367259e;291;Réception (B.L. : 1700231863);1700231863;;FOURNISSEUR CENTRALE;;Pas de commande associée;O;11/03/2026 00:00;;11/03/2026 12:28;0.000
8dc21f42-b0a5-4652-8264-fc44c5818dab;293;Réception (B.L. : 1100215065);1100215065;;FOURNISSEUR CENTRALE;;Pas de commande associée;O;01/04/2026 00:00;;01/04/2026 12:19;0.000
8dfc2447-f546-474d-b912-3e9a75ece4e9;080;Réception (B.L. : 1800331966);1800331966;;FOURNISSEUR CENTRALE;;Pas de commande associée;O;17/03/2026 00:00;;18/03/2026 12:26;158.000
8dfc802d-50ab-472e-94d7-c0cb3883cfbc;080;Réception (B.L. : 1100212992);1100212992;;FOURNISSEUR CENTRALE;;Pas de commande associée;O;20/03/2026 00:00;;20/03/2026 12:04;6.000
8e3f9244-aa20-44db-837f-986ab3538e6d;292;Réception (B.L. : 1800334692);1800334692;;FOURNISSEUR CENTRALE;;Pas de commande associée;O;27/03/2026 00:00;;27/03/2026 23:40;129.000
8e76e9da-2186-401a-a43e-39b0b4084e4c;292;Réception (B.L. : 1700236968);1700236968;;FOURNISSEUR CENTRALE;;Pas de commande associée;O;06/04/2026 00:00;;06/04/2026 12:16;442.000
8ed7376b-36ba-46bf-a3bb-244bce7535f6;293;Réception (B.L. : 1700234647);1700234647;;FOURNISSEUR CENTRALE;;Pas de commande associée;O;25/03/2026 00:00;;25/03/2026 12:29;0.000
8ef767b4-a43a-4dcc-820a-d93712217dd0;293;Réception (B.L. : 1800336647);1800336647;;FOURNISSEUR CENTRALE;;Pas de commande associée;O;06/04/2026 00:00;;06/04/2026 12:22;0.000
8efefb5d-13fe-4835-8e2e-2a1c1ff4ca93;293;Réception (B.L. : 1800333353);1800333353;;FOURNISSEUR CENTRALE;;Pas de commande associée;O;24/03/2026 00:00;;24/03/2026 12:11;0.000
8f026e4b-a0ce-4477-be0f-c0dc19289580;080;Réception (B.L. : 1800332360);1800332360;;FOURNISSEUR CENTRALE;;Pas de commande associée;O;19/03/2026 00:00;;19/03/2026 12:24;16.000
8f978ab4-e0b8-4227-8a05-5f42eab0cdfe;080;Réception (B.L. : 1700237078);1700237078;;FOURNISSEUR CENTRALE;;Pas de commande associée;O;07/04/2026 00:00;;07/04/2026 12:15;48.000
8f9abe4f-ae02-4e82-ac3b-35bd1799c9d9;291;Réception (B.L. : 1100213149);1100213149;;FOURNISSEUR CENTRALE;;Pas de commande associée;O;21/03/2026 00:00;;21/03/2026 12:11;0.000
8f9bc118-194a-4da5-b638-4f76424c624d;291;Réception (B.L. : 1800335791);1800335791;;FOURNISSEUR CENTRALE;;Pas de commande associée;O;02/04/2026 00:00;;02/04/2026 12:27;0.000
8f9d4ed8-2d6e-4f59-920e-9e3584d7711d;293;Réception (B.L. : 1100210454);1100210454;;FOURNISSEUR CENTRALE;;Pas de commande associée;O;04/03/2026 00:00;;04/03/2026 12:13;0.000
8fa13456-dfee-475d-8de5-85b1e773d778;293;Réception (B.L. : 1200106795);1200106795;;FOURNISSEUR CENTRALE;;Pas de commande associée;O;19/03/2026 00:00;;19/03/2026 12:12;0.000
8fd6c77d-0459-47c8-8abd-4b8c41a7817d;080;Réception (B.L. : 1800332772);1800332772;;FOURNISSEUR CENTRALE;;Pas de commande associée;O;20/03/2026 00:00;;20/03/2026 12:26;7.000
8fec6f2f-d25f-4723-a8e2-6c24cb111594;293;Réception (B.L. : 1700237130);1700237130;;FOURNISSEUR CENTRALE;;Pas de commande associée;O;07/04/2026 00:00;;07/04/2026 12:19;0.000
90118df9-1991-4f87-9d09-3df5f30b571f;293;Réception (B.L. : 1800334002);1800334002;;FOURNISSEUR CENTRALE;;Pas de commande associée;O;25/03/2026 00:00;;26/03/2026 12:12;0.000
9014b457-5a9b-465e-8b23-21be89472949;293;Réception (B.L. : 1700234112);1700234112;;FOURNISSEUR CENTRALE;;Pas de commande associée;O;23/03/2026 00:00;;23/03/2026 12:26;0.000
9020d15b-496d-474e-bace-679b039231db;291;Réception (B.L. : 1800329464);1800329464;;FOURNISSEUR CENTRALE;;Pas de commande associée;O;09/03/2026 00:00;;09/03/2026 12:34;0.000
903e0dc1-a4b6-4faa-8796-a70b7d60f8fd;292;Réception (B.L. : 1800329875);1800329875;;FOURNISSEUR CENTRALE;;Pas de commande associée;O;10/03/2026 00:00;;10/03/2026 12:13;7.000
904b0161-5d8b-4158-a086-411ea3593cc7;080;Réception (B.L. : 1100215458);1100215458;;FOURNISSEUR CENTRALE;;Pas de commande associée;O;03/04/2026 00:00;;03/04/2026 12:14;198.000
904fd1da-d0c8-4aff-afc2-ed8d9aa8498a;291;Réception (B.L. : 1100212571);1100212571;;FOURNISSEUR CENTRALE;;Pas de commande associée;O;18/03/2026 00:00;;18/03/2026 12:23;0.000
90b22416-c2a8-48a4-ab0e-6377dfb7db6c;291;Réception (B.L. : 1800334054);1800334054;;FOURNISSEUR CENTRALE;;Pas de commande associée;O;25/03/2026 00:00;;26/03/2026 12:18;0.000
90de1d77-86e8-4026-a58e-d6c7eced75ff;293;Réception (B.L. : 1100211086);1100211086;;FOURNISSEUR CENTRALE;;Pas de commande associée;O;09/03/2026 00:00;;09/03/2026 12:14;0.000
90e26544-3153-4f93-89ce-1c23ee281514;291;Réception (B.L. : 1800329983);1800329983;;FOURNISSEUR CENTRALE;;Pas de commande associée;O;10/03/2026 00:00;;10/03/2026 17:03;0.000
911afb4f-7a57-45dd-862a-c6df78303549;291;Réception (B.L. : 1800330901);1800330901;;FOURNISSEUR CENTRALE;;Pas de commande associée;O;13/03/2026 00:00;;13/03/2026 12:36;0.000
911afe3b-9b0d-4287-a8a5-ac5df047c641;293;Réception (B.L. : 1700234643);1700234643;;FOURNISSEUR CENTRALE;;Pas de commande associée;O;25/03/2026 00:00;;25/03/2026 12:25;0.000
912d717b-aa65-4c93-a169-507d113ec977;291;Réception (B.L. : 1700232757);1700232757;;FOURNISSEUR CENTRALE;;Pas de commande associée;O;16/03/2026 00:00;;16/03/2026 12:22;0.000
9144e214-e661-4e66-98ac-bf7bd8f52998;080;Réception (B.L. : 1100215086);1100215086;;FOURNISSEUR CENTRALE;;Pas de commande associée;O;01/04/2026 00:00;;01/04/2026 12:15;84.000
9172d233-ab95-454b-b14b-6d223c2069b9;291;Réception (B.L. : 1700236632);1700236632;;FOURNISSEUR CENTRALE;;Pas de commande associée;O;03/04/2026 00:00;;03/04/2026 17:10;0.000
91817fc3-7887-4e3e-9eb1-95361784047d;291;Réception (B.L. : 1700229794);1700229794;;FOURNISSEUR CENTRALE;;Pas de commande associée;O;02/03/2026 00:00;;02/03/2026 12:20;0.000
9181d4fc-6c18-47b0-a826-1258c3f95a5b;291;Réception (B.L. : 1800332273);1800332273;;FOURNISSEUR CENTRALE;;Pas de commande associée;O;18/03/2026 00:00;;19/03/2026 12:28;0.000
91904f13-78a2-4fd7-bada-087253cf7cbd;291;Réception (B.L. : 1700236951);1700236951;;FOURNISSEUR CENTRALE;;Pas de commande associée;O;06/04/2026 00:00;;06/04/2026 12:20;0.000
91a298e0-847f-458f-a0ab-fb28b665ce4a;293;Réception (B.L. : 1800332295);1800332295;;FOURNISSEUR CENTRALE;;Pas de commande associée;O;18/03/2026 00:00;;19/03/2026 12:20;0.000
91a5f87b-170d-4af1-ad59-ef201f35ae9c;291;Réception (B.L. : 1800336641);1800336641;;FOURNISSEUR CENTRALE;;Pas de commande associée;O;06/04/2026 00:00;;06/04/2026 12:26;0.000
91b19276-d478-4649-a107-2efa13059706;080;Réception (B.L. : 1700233269);1700233269;;FOURNISSEUR CENTRALE;;Pas de commande associée;O;18/03/2026 00:00;;18/03/2026 17:05;232.000
91b5f51d-c120-4f4a-9042-ded1769a87c9;293;Réception (B.L. : 1100210083);1100210083;;FOURNISSEUR CENTRALE;;Pas de commande associée;O;02/03/2026 00:00;;02/03/2026 12:16;0.000
91cd1d1e-bd33-41da-ba01-324369ea2079;293;Réception (B.L. : 1800335482);1800335482;;FOURNISSEUR CENTRALE;;Pas de commande associée;O;31/03/2026 00:00;;01/04/2026 12:21;0.000
91fbfe6e-1519-45b5-8474-a15b953dfad0;080;Réception (B.L. : 1800336924);1800336924;;FOURNISSEUR CENTRALE;;Pas de commande associée;O;06/04/2026 00:00;;07/04/2026 12:20;50.000
9201d23b-e4f5-4fed-9f75-c1598b4a3946;292;Réception (B.L. : 1700230459);1700230459;;FOURNISSEUR CENTRALE;;Pas de commande associée;O;04/03/2026 00:00;;04/03/2026 23:23;16.000
920618b6-f662-4efb-a09b-71e5041ade19;291;Réception (B.L. : 1100212546);1100212546;;FOURNISSEUR CENTRALE;;Pas de commande associée;O;18/03/2026 00:00;;18/03/2026 12:13;0.000
921c7c62-d221-4fd3-b48b-8efa0c3fdbcb;080;Réception (B.L. : 1700231446);1700231446;;FOURNISSEUR CENTRALE;;Pas de commande associée;O;09/03/2026 00:00;;09/03/2026 17:18;3.000
9228e35a-d9cb-4c07-88db-95f5c56721cf;293;Réception (B.L. : 1800332294);1800332294;;FOURNISSEUR CENTRALE;;Pas de commande associée;O;18/03/2026 00:00;;19/03/2026 12:19;0.000
9234b157-9bfc-4f60-9331-2a9bd22a8f12;292;Réception (B.L. : 1800334691);1800334691;;FOURNISSEUR CENTRALE;;Pas de commande associée;O;27/03/2026 00:00;;27/03/2026 23:39;46.000
92424340-5a70-45b2-b1b7-fbde9fd92e6f;293;Réception (B.L. : 1700231328);1700231328;;FOURNISSEUR CENTRALE;;Pas de commande associée;O;09/03/2026 00:00;;09/03/2026 12:23;0.000
925421b9-c4b1-4d54-a63d-849703f3388c;292;Réception (B.L. : 1200106082);1200106082;;FOURNISSEUR CENTRALE;;Pas de commande associée;O;09/03/2026 00:00;;09/03/2026 17:10;1.000
9264affe-0f4b-4d09-a9a0-3856d0e7f566;291;Réception (B.L. : 1800330703);1800330703;;FOURNISSEUR CENTRALE;;Pas de commande associée;O;12/03/2026 00:00;;13/03/2026 12:28;0.000
9267b6d4-9bde-4986-846e-d32ce05b196b;291;Réception (B.L. : 1800335166);1800335166;;FOURNISSEUR CENTRALE;;Pas de commande associée;O;30/03/2026 00:00;;31/03/2026 12:21;0.000
92b9b57a-0de2-424c-aba7-16031ded3549;080;Réception (B.L. : 1800333828);1800333828;;FOURNISSEUR CENTRALE;;Pas de commande associée;O;25/03/2026 00:00;;25/03/2026 12:37;7.000
92c67d3d-39ad-4616-867d-4e2bcae27880;293;Réception (B.L. : 1800336934);1800336934;;FOURNISSEUR CENTRALE;;Pas de commande associée;O;06/04/2026 00:00;;07/04/2026 12:24;0.000
92d1fb3b-2915-407d-84f4-616642243c47;292;Réception (B.L. : 1800336441);1800336441;;FOURNISSEUR CENTRALE;;Pas de commande associée;O;03/04/2026 00:00;;04/04/2026 01:35;68.440
92d8c3fc-95cf-47ed-9e89-9e59c9acc1a1;291;Réception (B.L. : 1800335500);1800335500;;FOURNISSEUR CENTRALE;;Pas de commande associée;O;31/03/2026 00:00;;01/04/2026 12:24;0.000
92eb61e6-51bf-40a9-add8-779f6d9420b7;293;Réception (B.L. : 1800337185);1800337185;;FOURNISSEUR CENTRALE;;Pas de commande associée;O;07/04/2026 00:00;;08/04/2026 12:34;0.000
92f68361-620b-4540-b56d-19fec09b7a9a;292;Réception (B.L. : 1800333839);1800333839;;FOURNISSEUR CENTRALE;;Pas de commande associée;O;25/03/2026 00:00;;25/03/2026 12:32;6.000
931c13ff-3be3-4a39-8952-529587bf6b15;080;Réception (B.L. : 1700230301);1700230301;;FOURNISSEUR CENTRALE;;Pas de commande associée;O;04/03/2026 00:00;;04/03/2026 12:09;175.000
93236cf4-2ba3-4c2e-8f88-9168aa4fcf6d;291;Réception (B.L. : 1800336639);1800336639;;FOURNISSEUR CENTRALE;;Pas de commande associée;O;06/04/2026 00:00;;06/04/2026 12:24;0.000
9339711a-f476-4b5f-a89c-dcef75487ba2;292;Réception (B.L. : 1100214462);1100214462;;FOURNISSEUR CENTRALE;;Pas de commande associée;O;28/03/2026 00:00;;28/03/2026 12:13;108.000
937b2c43-8a3d-4ded-a464-5d7ba6243b32;080;Réception (B.L. : 1800330485);1800330485;;FOURNISSEUR CENTRALE;;Pas de commande associée;O;12/03/2026 00:00;;12/03/2026 12:14;82.000
93898780-cb12-4fec-a78e-517b4b663608;293;Réception (B.L. : 1800336135);1800336135;;FOURNISSEUR CENTRALE;;Pas de commande associée;O;02/04/2026 00:00;;03/04/2026 12:28;0.000
93af6ae4-a575-4291-9669-49858f7496d9;080;Réception (B.L. : 1800335680);1800335680;;FOURNISSEUR CENTRALE;;Pas de commande associée;O;02/04/2026 00:00;;02/04/2026 12:23;16.400
93deab4e-6963-419d-886e-0c8913ae605e;292;Réception (B.L. : 1700229802);1700229802;;FOURNISSEUR CENTRALE;;Pas de commande associée;O;02/03/2026 00:00;;02/03/2026 12:19;759.000
9402ce90-a5b3-4d24-a86d-1f3f9da3834a;293;Réception (B.L. : 1800332634);1800332634;;FOURNISSEUR CENTRALE;;Pas de commande associée;O;19/03/2026 00:00;;20/03/2026 12:30;0.000
943b6a16-b770-4054-b961-4acf87c09301;080;Réception (B.L. : 1100215459);1100215459;;FOURNISSEUR CENTRALE;;Pas de commande associée;O;03/04/2026 00:00;;03/04/2026 12:15;54.000
944d9010-6f03-4c85-8566-0f4c22f989fd;080;Réception (B.L. : 1800335998);1800335998;;FOURNISSEUR CENTRALE;;Pas de commande associée;O;02/04/2026 00:00;;02/04/2026 17:21;26.000
945f6a45-8453-467f-80ef-3b72e96f000b;292;Réception (B.L. : 1800332374);1800332374;;FOURNISSEUR CENTRALE;;Pas de commande associée;O;19/03/2026 00:00;;19/03/2026 12:20;18.000
948290c9-5ef0-4bf6-87dc-08831607ce1d;292;Réception (B.L. : 1800330470);1800330470;;FOURNISSEUR CENTRALE;;Pas de commande associée;O;11/03/2026 00:00;;12/03/2026 12:06;17.000
9488986c-c3f1-4ca6-bdd0-6b5db89324c0;291;Réception (B.L. : 1800331084);1800331084;;FOURNISSEUR CENTRALE;;Pas de commande associée;O;13/03/2026 00:00;;13/03/2026 23:26;0.000
948c3165-21f4-44af-8cab-2cedbb7831e6;080;Réception (B.L. : 1800335085);1800335085;;FOURNISSEUR CENTRALE;;Pas de commande associée;O;30/03/2026 00:00;;31/03/2026 12:18;8.000
9498acbc-f4c3-4346-b902-10d990b2040e;080;Réception (B.L. : 1700234204);1700234204;;FOURNISSEUR CENTRALE;;Pas de commande associée;O;23/03/2026 00:00;;23/03/2026 12:23;8.000
949f8718-db33-462b-b2e9-46d3fec4f359;080;Réception (B.L. : 1800337132);1800337132;;FOURNISSEUR CENTRALE;;Pas de commande associée;O;07/04/2026 00:00;;08/04/2026 12:21;297.415
94a47023-a3be-4240-8658-ad1743fdf075;080;Réception (B.L. : 1800328280);1800328280;;FOURNISSEUR CENTRALE;;Pas de commande associée;O;03/03/2026 00:00;;04/03/2026 12:22;29.000
94ac7357-d022-447a-ac71-d170393056a0;291;Réception (B.L. : 1800332668);1800332668;;FOURNISSEUR CENTRALE;;Pas de commande associée;O;19/03/2026 00:00;;20/03/2026 12:25;0.000
94cb4e4c-a3ee-4492-95cb-20bc0d6a41e1;291;Réception (B.L. : 1100210317);1100210317;;FOURNISSEUR CENTRALE;;Pas de commande associée;O;03/03/2026 00:00;;03/03/2026 17:02;0.000
94ed48d1-d793-47dc-96f8-e1c838772938;080;Réception (B.L. : 1800336326);1800336326;;FOURNISSEUR CENTRALE;;Pas de commande associée;O;03/04/2026 00:00;;04/04/2026 01:39;20.000
94f14d2f-734f-49fe-b1fc-1b7d11e712bf;293;Réception (B.L. : 1800334006);1800334006;;FOURNISSEUR CENTRALE;;Pas de commande associée;O;25/03/2026 00:00;;26/03/2026 12:16;0.000
9519b531-13c5-4fcc-adf7-b46c33dc097a;293;Réception (B.L. : 1700236172);1700236172;;FOURNISSEUR CENTRALE;;Pas de commande associée;O;02/04/2026 00:00;;02/04/2026 12:13;0.000
9529ea96-8226-427c-84ab-2c0af6f7721b;080;Réception (B.L. : 1700236711);1700236711;;FOURNISSEUR CENTRALE;;Pas de commande associée;O;04/04/2026 00:00;;04/04/2026 12:11;240.000
95349a1d-74e3-4ded-bdea-c80f6fcc4589;291;Réception (B.L. : 1800335743);1800335743;;FOURNISSEUR CENTRALE;;Pas de commande associée;O;02/04/2026 00:00;;02/04/2026 12:22;0.000
95363465-2625-4335-a956-5895b1476216;292;Réception (B.L. : 1800334240);1800334240;;FOURNISSEUR CENTRALE;;Pas de commande associée;O;26/03/2026 00:00;;26/03/2026 17:13;1.000
954a8dd2-1fcb-4155-a65a-4f5546815b14;291;Réception (B.L. : 1700237407);1700237407;;FOURNISSEUR CENTRALE;;Pas de commande associée;O;08/04/2026 00:00;;08/04/2026 12:24;0.000
9559b575-3174-4bd9-beff-ab60c8e86f95;292;Réception (B.L. : 1700235564);1700235564;;FOURNISSEUR CENTRALE;;Pas de commande associée;O;30/03/2026 00:00;;30/03/2026 12:23;8.000
957591e1-ff41-4677-92ad-7b12d86611ef;293;Réception (B.L. : 1800328015);1800328015;;FOURNISSEUR CENTRALE;;Pas de commande associée;O;02/03/2026 00:00;;03/03/2026 12:06;0.000
957b11c9-ea52-45e2-914a-a415043bd759;292;Réception (B.L. : 1800334886);1800334886;;FOURNISSEUR CENTRALE;;Pas de commande associée;O;29/03/2026 00:00;;30/03/2026 12:25;40.000
957c0114-f1d8-4502-8c36-f3479b022b07;080;Réception (B.L. : 1100214839);1100214839;;FOURNISSEUR CENTRALE;;Pas de commande associée;O;31/03/2026 00:00;;31/03/2026 17:12;24.000
958737c2-f43a-4f86-9cbb-bb0d656598e2;292;Réception (B.L. : 1800329739);1800329739;;FOURNISSEUR CENTRALE;;Pas de commande associée;O;10/03/2026 00:00;;10/03/2026 12:08;830.900
95c0f50d-0b30-42f7-8c33-047e2079a745;292;Réception (B.L. : 1800330512);1800330512;;FOURNISSEUR CENTRALE;;Pas de commande associée;O;12/03/2026 00:00;;12/03/2026 12:07;5.000
95d8eb51-0438-4ec3-9ddc-8c66159d98f0;293;Réception (B.L. : 1700231871);1700231871;;FOURNISSEUR CENTRALE;;Pas de commande associée;O;11/03/2026 00:00;;11/03/2026 12:22;0.000
95ec6b7b-654c-4977-83d7-caace6d49583;291;Réception (B.L. : 1700237119);1700237119;;FOURNISSEUR CENTRALE;;Pas de commande associée;O;07/04/2026 00:00;;07/04/2026 12:18;0.000
95f8a027-b9b7-4b38-9dfb-14bdee1203cf;080;Réception (B.L. : 1100213090);1100213090;;FOURNISSEUR CENTRALE;;Pas de commande associée;O;20/03/2026 00:00;;20/03/2026 12:07;15.000
9627a798-ddba-4e61-bf94-067d8daac6c3;291;Réception (B.L. : 1700230458);1700230458;;FOURNISSEUR CENTRALE;;Pas de commande associée;O;04/03/2026 00:00;;04/03/2026 23:24;0.000
9628364b-b132-4c43-bdb7-32240c35411e;080;Réception (B.L. : 1100212148);1100212148;;FOURNISSEUR CENTRALE;;Pas de commande associée;O;16/03/2026 00:00;;16/03/2026 12:12;2367.000
96385844-a94c-4f0c-9118-8bb2e36367ee;080;Réception (B.L. : 1800331204);1800331204;;FOURNISSEUR CENTRALE;;Pas de commande associée;O;14/03/2026 00:00;;14/03/2026 17:03;3.000
9638ef70-00e6-4b61-bb68-0c0aad8d5cd3;080;Réception (B.L. : 1800334945);1800334945;;FOURNISSEUR CENTRALE;;Pas de commande associée;O;30/03/2026 00:00;;30/03/2026 12:31;9.000
9655aefb-e1f5-4e46-9394-8ff918b93eb4;080;Réception (B.L. : 1800335245);1800335245;;FOURNISSEUR CENTRALE;;Pas de commande associée;O;31/03/2026 00:00;;31/03/2026 17:16;58.000
966d21ff-f5d2-4fa0-ba29-0a793862c067;291;Réception (B.L. : 1800328336);1800328336;;FOURNISSEUR CENTRALE;;Pas de commande associée;O;03/03/2026 00:00;;04/03/2026 12:33;0.000
967e1996-5d5f-470d-b842-924686950efc;291;Réception (B.L. : 1100213873);1100213873;;FOURNISSEUR CENTRALE;;Pas de commande associée;O;25/03/2026 00:00;;25/03/2026 12:15;0.000
968bfa69-d151-4121-b697-567fb67e8a93;080;Réception (B.L. : 1700230648);1700230648;;FOURNISSEUR CENTRALE;;Pas de commande associée;O;06/03/2026 00:00;;06/03/2026 12:16;30.000
96a3d255-30c4-45a5-a1fd-d510c08b1869;291;Réception (B.L. : 1800330701);1800330701;;FOURNISSEUR CENTRALE;;Pas de commande associée;O;12/03/2026 00:00;;13/03/2026 12:26;0.000
96e40cbb-0d9e-4ee6-96c1-852ae68e271a;291;Réception (B.L. : 1800330437);1800330437;;FOURNISSEUR CENTRALE;;Pas de commande associée;O;11/03/2026 00:00;;12/03/2026 12:07;0.000
970dbbca-b6ac-4a94-b2fc-90d3cd22a2fc;291;Réception (B.L. : 1800334686);1800334686;;FOURNISSEUR CENTRALE;;Pas de commande associée;O;27/03/2026 00:00;;27/03/2026 23:41;0.000
97154aca-ede5-4571-83bb-331b288d8c72;291;Réception (B.L. : 1700232512);1700232512;;FOURNISSEUR CENTRALE;;Pas de commande associée;O;14/03/2026 00:00;;14/03/2026 17:10;0.000
97281772-305d-453e-9430-3946c78a9f5b;080;Réception (B.L. : 1100216250);1100216250;;FOURNISSEUR CENTRALE;;Pas de commande associée;O;08/04/2026 00:00;;08/04/2026 12:17;60.000
972bfb16-828f-451a-a10e-fc74e05a7441;291;Réception (B.L. : 1800333121);1800333121;;FOURNISSEUR CENTRALE;;Pas de commande associée;O;23/03/2026 00:00;;23/03/2026 12:41;0.000
9737b0a8-7237-4109-af00-c06540173811;080;Réception (B.L. : 1800335246);1800335246;;FOURNISSEUR CENTRALE;;Pas de commande associée;O;31/03/2026 00:00;;31/03/2026 17:17;13.000
97abd8bf-fe22-4da8-9d35-cb9d959d2928;291;Réception (B.L. : 1100216207);1100216207;;FOURNISSEUR CENTRALE;;Pas de commande associée;O;08/04/2026 00:00;;08/04/2026 12:13;0.000
97b60baa-c988-4e38-b33b-c24d7ac401bc;080;Réception (B.L. : 1800329696);1800329696;;FOURNISSEUR CENTRALE;;Pas de commande associée;O;10/03/2026 00:00;;10/03/2026 12:02;281.000
97ca3dee-b42f-4713-b9ea-eb188358bfc3;293;Réception (B.L. : 1700236616);1700236616;;FOURNISSEUR CENTRALE;;Pas de commande associée;O;03/04/2026 00:00;;03/04/2026 17:16;0.000
97d2b9ad-4e9b-4743-9408-ac10ed65e7da;080;Réception (B.L. : 1800329223);1800329223;;FOURNISSEUR CENTRALE;;Pas de commande associée;O;06/03/2026 00:00;;06/03/2026 17:22;4.000
97e58008-5359-4aa7-890a-8b806ec4f6c3;080;Réception (B.L. : 1100212508);1100212508;;FOURNISSEUR CENTRALE;;Pas de commande associée;O;18/03/2026 00:00;;18/03/2026 12:12;3758.000
97f85f1a-4f52-4d0f-9644-5238464b788d;291;Réception (B.L. : 1800331251);1800331251;;FOURNISSEUR CENTRALE;;Pas de commande associée;O;14/03/2026 00:00;;14/03/2026 17:13;0.000
9805878b-e211-4277-9d8d-da2e844d8110;293;Réception (B.L. : 1700229770);1700229770;;FOURNISSEUR CENTRALE;;Pas de commande associée;O;02/03/2026 00:00;;02/03/2026 12:22;0.000
981ec9c0-296b-420c-a441-90cee54ff8c5;293;Réception (B.L. : 1800327759);1800327759;;FOURNISSEUR CENTRALE;;Pas de commande associée;O;02/03/2026 00:00;;02/03/2026 12:34;0.000
9833dfe8-fa2c-4e31-9d1f-6d378c9bf0e9;292;Réception (B.L. : 1700233866);1700233866;;FOURNISSEUR CENTRALE;;Pas de commande associée;O;20/03/2026 00:00;;20/03/2026 12:06;1022.000
983a5147-31b1-4b22-9506-71ffb9dddf37;291;Réception (B.L. : 1700233182);1700233182;;FOURNISSEUR CENTRALE;;Pas de commande associée;O;18/03/2026 00:00;;18/03/2026 12:28;0.000
98838cee-342d-4df4-a8e4-dcc7be3ff13d;293;Réception (B.L. : 1100211503);1100211503;;FOURNISSEUR CENTRALE;;Pas de commande associée;O;11/03/2026 00:00;;11/03/2026 12:17;0.000
98a78e82-6339-4003-9380-2a960cf54bd3;292;Réception (B.L. : 1800334397);1800334397;;FOURNISSEUR CENTRALE;;Pas de commande associée;O;26/03/2026 00:00;;27/03/2026 12:19;28.000
98bfa60a-8272-4d8e-90b3-02e76c29b874;292;Réception (B.L. : 1700234658);1700234658;;FOURNISSEUR CENTRALE;;Pas de commande associée;O;25/03/2026 00:00;;25/03/2026 12:24;40.000
98c9a1be-b047-4349-abc5-e096b3729d19;291;Réception (B.L. : 1100214469);1100214469;;FOURNISSEUR CENTRALE;;Pas de commande associée;O;28/03/2026 00:00;;28/03/2026 12:11;0.000
98d6442d-89bd-4661-a387-483b27942239;293;Réception (B.L. : 1800330423);1800330423;;FOURNISSEUR CENTRALE;;Pas de commande associée;O;11/03/2026 00:00;;12/03/2026 12:08;0.000
98ee5bc7-9b3c-48e8-8a99-72c74ad88eb6;080;Réception (B.L. : 1100211909);1100211909;;FOURNISSEUR CENTRALE;;Pas de commande associée;O;13/03/2026 00:00;;13/03/2026 12:01;2647.000
98f06bd7-8b99-4281-b71b-cfc097b3be30;293;Réception (B.L. : 1700232100);1700232100;;FOURNISSEUR CENTRALE;;Pas de commande associée;O;12/03/2026 00:00;;12/03/2026 12:01;0.000
990368c5-764b-4163-a929-a6c8b4896154;293;Réception (B.L. : 1100211901);1100211901;;FOURNISSEUR CENTRALE;;Pas de commande associée;O;13/03/2026 00:00;;13/03/2026 12:14;0.000
9905c742-2a03-48fd-a329-ef784ccaf143;292;Réception (B.L. : 1800329343);1800329343;;FOURNISSEUR CENTRALE;;Pas de commande associée;O;07/03/2026 00:00;;07/03/2026 12:16;15.300
9921d660-e622-4d4f-9be7-36f634b14eb8;080;Réception (B.L. : 1800333401);1800333401;;FOURNISSEUR CENTRALE;;Pas de commande associée;O;24/03/2026 00:00;;24/03/2026 12:16;50.000
992dc64c-7b26-473d-a151-2c76776f2702;291;Réception (B.L. : 1800329746);1800329746;;FOURNISSEUR CENTRALE;;Pas de commande associée;O;10/03/2026 00:00;;10/03/2026 12:08;0.000
992f44fb-c2f0-4369-bf37-9a9123425a5d;291;Réception (B.L. : 1700235781);1700235781;;FOURNISSEUR CENTRALE;;Pas de commande associée;O;31/03/2026 00:00;;31/03/2026 12:12;0.000
994f25ae-d31f-4838-9398-5b410cc3f3ec;080;Réception (B.L. : 1700229732);1700229732;;FOURNISSEUR CENTRALE;;Pas de commande associée;O;02/03/2026 00:00;;02/03/2026 12:17;224.000
9978efb2-eb89-4954-a68e-bab867e289fb;291;Réception (B.L. : 1100216210);1100216210;;FOURNISSEUR CENTRALE;;Pas de commande associée;O;08/04/2026 00:00;;08/04/2026 12:16;0.000
9980537b-b179-4446-a191-529bc8a09715;291;Réception (B.L. : 1800329496);1800329496;;FOURNISSEUR CENTRALE;;Pas de commande associée;O;09/03/2026 00:00;;09/03/2026 12:36;0.000
999f9571-96bf-4d72-b6a4-139754de8e85;292;Réception (B.L. : 1800327973);1800327973;;FOURNISSEUR CENTRALE;;Pas de commande associée;O;02/03/2026 00:00;;03/03/2026 12:03;98.022
99a21a11-321d-4282-8a34-213cd5df6d11;293;Réception (B.L. : 1700230291);1700230291;;FOURNISSEUR CENTRALE;;Pas de commande associée;O;04/03/2026 00:00;;04/03/2026 12:25;0.000
99b7b3d3-75b2-4578-b177-6b96af48ca26;293;Réception (B.L. : 1100211460);1100211460;;FOURNISSEUR CENTRALE;;Pas de commande associée;O;11/03/2026 00:00;;11/03/2026 12:12;0.000
99d42d7d-9228-4664-b4c8-a5422148c31b;292;Réception (B.L. : 1800333194);1800333194;;FOURNISSEUR CENTRALE;;Pas de commande associée;O;23/03/2026 00:00;;23/03/2026 12:28;17.000
99f0ff02-0b43-4ce6-8960-ffb239584d28;293;Réception (B.L. : 1800335835);1800335835;;FOURNISSEUR CENTRALE;;Pas de commande associée;O;02/04/2026 00:00;;02/04/2026 12:25;0.000
9a137134-2325-431a-b767-232265f2d451;292;Réception (B.L. : 1100210048);1100210048;;FOURNISSEUR CENTRALE;;Pas de commande associée;O;02/03/2026 00:00;;02/03/2026 12:13;408.000
9a16f237-b93f-4485-972f-d5836c8459ba;291;Réception (B.L. : 1700232756);1700232756;;FOURNISSEUR CENTRALE;;Pas de commande associée;O;16/03/2026 00:00;;16/03/2026 12:21;0.000
9a2554f9-9edb-4a79-9094-2856ce66b6a7;080;Réception (B.L. : 1100211481);1100211481;;FOURNISSEUR CENTRALE;;Pas de commande associée;O;11/03/2026 00:00;;11/03/2026 12:14;114.000
9a46daff-9b49-4472-8aed-e10c21c51d68;080;Réception (B.L. : 1100214475);1100214475;;FOURNISSEUR CENTRALE;;Pas de commande associée;O;28/03/2026 00:00;;28/03/2026 12:11;24.000
9a4d3a38-bec4-4c95-a0b6-6dbd6ae8229c;292;Réception (B.L. : 1800329873);1800329873;;FOURNISSEUR CENTRALE;;Pas de commande associée;O;10/03/2026 00:00;;10/03/2026 12:11;2.000
9a5200ec-a776-4a7d-8d7c-d2c1b1d1d78c;292;Réception (B.L. : 1100213095);1100213095;;FOURNISSEUR CENTRALE;;Pas de commande associée;O;20/03/2026 00:00;;20/03/2026 12:04;5.000
9a7d6b1c-6659-4b65-8c7d-aa03158f2451;291;Réception (B.L. : 1700231348);1700231348;;FOURNISSEUR CENTRALE;;Pas de commande associée;O;09/03/2026 00:00;;09/03/2026 12:19;0.000
9a9abbdd-8b45-4d44-b654-71252943b2d9;080;Réception (B.L. : 1700231421);1700231421;;FOURNISSEUR CENTRALE;;Pas de commande associée;O;09/03/2026 00:00;;09/03/2026 17:10;466.000
9aaaddee-08f8-41db-a7ca-20a491a701ac;293;Réception (B.L. : 1800329428);1800329428;;FOURNISSEUR CENTRALE;;Pas de commande associée;O;09/03/2026 00:00;;09/03/2026 12:30;0.000
9ab0450c-4c48-4847-b886-5afa089ca272;291;Réception (B.L. : 1100213346);1100213346;;FOURNISSEUR CENTRALE;;Pas de commande associée;O;23/03/2026 00:00;;23/03/2026 12:12;0.000
9ac242da-f922-4c42-ae86-eeded04140c9;080;Réception (B.L. : 1100213885);1100213885;;FOURNISSEUR CENTRALE;;Pas de commande associée;O;25/03/2026 00:00;;25/03/2026 12:17;108.000
9ae2f0b9-222a-44a8-996a-335cfb650e81;293;Réception (B.L. : 1700237448);1700237448;;FOURNISSEUR CENTRALE;;Pas de commande associée;O;08/04/2026 00:00;;08/04/2026 12:27;0.000
9ae3e948-0019-49f6-81d8-4a17dd3e7303;291;Réception (B.L. : 1100214496);1100214496;;FOURNISSEUR CENTRALE;;Pas de commande associée;O;28/03/2026 00:00;;28/03/2026 12:13;0.000
9aef70dd-9d9d-4037-8665-496ae77c1fbc;292;Réception (B.L. : 1100216311);1100216311;;FOURNISSEUR CENTRALE;;Pas de commande associée;O;08/04/2026 00:00;;08/04/2026 12:14;6.000
9b0ada7e-4374-4dbb-a4df-54641af888fe;291;Réception (B.L. : 1800328007);1800328007;;FOURNISSEUR CENTRALE;;Pas de commande associée;O;02/03/2026 00:00;;03/03/2026 12:04;0.000
9b0fa4b8-a87c-4d8c-a2c6-dd0b5bc68323;080;Réception (B.L. : 1800332871);1800332871;;FOURNISSEUR CENTRALE;;Pas de commande associée;O;20/03/2026 00:00;;20/03/2026 17:07;18.000
9b1b4c57-0639-4012-907f-d18e18eda80f;293;Réception (B.L. : 1800332629);1800332629;;FOURNISSEUR CENTRALE;;Pas de commande associée;O;19/03/2026 00:00;;20/03/2026 12:25;0.000
9b3784a6-3ea8-4dd3-9e80-946c4d95c6f6;292;Réception (B.L. : 1700236068);1700236068;;FOURNISSEUR CENTRALE;;Pas de commande associée;O;01/04/2026 00:00;;01/04/2026 17:18;170.000
9b39ad5d-f2c0-445c-b107-e7e4ee2d66d4;080;Réception (B.L. : 1700233630);1700233630;;FOURNISSEUR CENTRALE;;Pas de commande associée;O;19/03/2026 00:00;;20/03/2026 12:13;410.000
9b5a0ec3-47c9-44d5-93db-3152902bf3bd;291;Réception (B.L. : 1700231353);1700231353;;FOURNISSEUR CENTRALE;;Pas de commande associée;O;09/03/2026 00:00;;09/03/2026 12:24;0.000
9b760ae5-4266-4837-a93f-3139a0da3622;292;Réception (B.L. : 1700234655);1700234655;;FOURNISSEUR CENTRALE;;Pas de commande associée;O;25/03/2026 00:00;;25/03/2026 12:21;755.000
9b830055-7ddf-417d-9b6a-4674ec695bfa;293;Réception (B.L. : 1800331276);1800331276;;FOURNISSEUR CENTRALE;;Pas de commande associée;O;14/03/2026 00:00;;14/03/2026 17:13;0.000
9b89e9e9-ec72-4a1f-bee6-7e2378d34a8d;293;Réception (B.L. : 1800336651);1800336651;;FOURNISSEUR CENTRALE;;Pas de commande associée;O;06/04/2026 00:00;;06/04/2026 12:26;0.000
9bb19c2d-a9bf-4ca7-950a-4171f6a476f1;293;Réception (B.L. : 1700234113);1700234113;;FOURNISSEUR CENTRALE;;Pas de commande associée;O;23/03/2026 00:00;;23/03/2026 12:27;0.000
9bd996a1-3f6c-481e-8ee9-bf12124c4857;292;Réception (B.L. : 1200105555);1200105555;;FOURNISSEUR CENTRALE;;Pas de commande associée;O;02/03/2026 00:00;;02/03/2026 17:11;1.000
9bfa5004-9ed1-41ab-8b1f-bf10d6e0728e;291;Réception (B.L. : 1700234939);1700234939;;FOURNISSEUR CENTRALE;;Pas de commande associée;O;26/03/2026 00:00;;26/03/2026 17:13;0.000
9c07cf29-c969-4fd3-a114-3cf5d49c4012;293;Réception (B.L. : 1100215540);1100215540;;FOURNISSEUR CENTRALE;;Pas de commande associée;O;03/04/2026 00:00;;03/04/2026 12:13;0.000
9c2e3bfd-d86b-4dfc-b141-e778a3a09aca;293;Réception (B.L. : 1100211904);1100211904;;FOURNISSEUR CENTRALE;;Pas de commande associée;O;13/03/2026 00:00;;13/03/2026 12:17;0.000
9c766246-c643-45d5-9fa3-6dbe64731988;291;Réception (B.L. : 1800332272);1800332272;;FOURNISSEUR CENTRALE;;Pas de commande associée;O;18/03/2026 00:00;;19/03/2026 12:27;0.000
9c798bb6-9869-4516-b410-33651071522a;291;Réception (B.L. : 1800329462);1800329462;;FOURNISSEUR CENTRALE;;Pas de commande associée;O;09/03/2026 00:00;;09/03/2026 12:32;0.000
9c9b530c-5449-4735-b7c6-0d1e3c72601f;291;Réception (B.L. : 1800331125);1800331125;;FOURNISSEUR CENTRALE;;Pas de commande associée;O;13/03/2026 00:00;;13/03/2026 23:34;0.000
9cce5ff9-04f0-4e20-a531-9430f0c94a73;291;Réception (B.L. : 1100215079);1100215079;;FOURNISSEUR CENTRALE;;Pas de commande associée;O;01/04/2026 00:00;;01/04/2026 12:22;0.000
9cdac1d3-aa92-4681-899b-577e7e8adb93;291;Réception (B.L. : 1800331086);1800331086;;FOURNISSEUR CENTRALE;;Pas de commande associée;O;13/03/2026 00:00;;13/03/2026 23:28;0.000
9cfe5c3e-1d16-4d9d-8b54-b0081c021d9c;292;Réception (B.L. : 1800334693);1800334693;;FOURNISSEUR CENTRALE;;Pas de commande associée;O;27/03/2026 00:00;;27/03/2026 23:41;21.000
9d5edc21-1f87-4fc0-8f32-e66d7203861d;293;Réception (B.L. : 1800330677);1800330677;;FOURNISSEUR CENTRALE;;Pas de commande associée;O;12/03/2026 00:00;;13/03/2026 12:28;0.000
9d5f5a55-e94f-455d-b6b8-79157b5093d2;292;Réception (B.L. : 1700232389);1700232389;;FOURNISSEUR CENTRALE;;Pas de commande associée;O;13/03/2026 00:00;;13/03/2026 12:15;463.000
9d65010e-6452-4611-a191-dbebe7490d20;292;Réception (B.L. : 1800329874);1800329874;;FOURNISSEUR CENTRALE;;Pas de commande associée;O;10/03/2026 00:00;;10/03/2026 12:12;4.000
9da4a734-b46b-4f0b-8fef-e090eecc0a89;080;Réception (B.L. : 1700236926);1700236926;;FOURNISSEUR CENTRALE;;Pas de commande associée;O;06/04/2026 00:00;;06/04/2026 12:16;1289.000
9db3ce03-93f2-4bb5-afdf-16750d272486;291;Réception (B.L. : 1700230365);1700230365;;FOURNISSEUR CENTRALE;;Pas de commande associée;O;04/03/2026 00:00;;04/03/2026 12:25;0.000
9dc13b92-c389-47eb-9e60-b424c3d29933;292;Réception (B.L. : 1800327780);1800327780;;FOURNISSEUR CENTRALE;;Pas de commande associée;O;01/03/2026 00:00;;02/03/2026 12:25;30.000
9dee9c22-9a2f-4b8b-a5fd-7d93c13d4e38;291;Réception (B.L. : 1800331987);1800331987;;FOURNISSEUR CENTRALE;;Pas de commande associée;O;17/03/2026 00:00;;18/03/2026 12:47;0.000
9df3b6b1-78c4-49ec-b1e3-16e24d6640e5;080;Réception (B.L. : 1700235805);1700235805;;FOURNISSEUR CENTRALE;;Pas de commande associée;O;31/03/2026 00:00;;01/04/2026 01:46;20.000
9df442ee-e827-4a21-a9d2-7b99689c8200;080;Réception (B.L. : 1700233632);1700233632;;FOURNISSEUR CENTRALE;;Pas de commande associée;O;19/03/2026 00:00;;20/03/2026 12:15;72.000
9e06b3de-a0d8-4d56-819a-fa43b28e9fa1;080;Réception (B.L. : 1700232488);1700232488;;FOURNISSEUR CENTRALE;;Pas de commande associée;O;14/03/2026 00:00;;14/03/2026 17:00;24.000
9e0a3f8c-fdeb-4306-b8b1-1e774d99671e;291;Réception (B.L. : 1700231862);1700231862;;FOURNISSEUR CENTRALE;;Pas de commande associée;O;11/03/2026 00:00;;11/03/2026 12:27;0.000
9e300fec-409c-4c7f-a181-317dec485916;293;Réception (B.L. : 1800336933);1800336933;;FOURNISSEUR CENTRALE;;Pas de commande associée;O;06/04/2026 00:00;;07/04/2026 12:23;0.000
9e4a0f9e-767a-4b76-8225-3aa52c360b74;080;Réception (B.L. : 1800331121);1800331121;;FOURNISSEUR CENTRALE;;Pas de commande associée;O;13/03/2026 00:00;;13/03/2026 23:31;20.652
9e8a8481-d6ff-4eee-8545-0c69c32ee50e;292;Réception (B.L. : 1800333998);1800333998;;FOURNISSEUR CENTRALE;;Pas de commande associée;O;25/03/2026 00:00;;26/03/2026 12:20;72.000
9ecf64b3-beda-4eb7-aca9-6214fac79cd8;291;Réception (B.L. : 1800334878);1800334878;;FOURNISSEUR CENTRALE;;Pas de commande associée;O;29/03/2026 00:00;;30/03/2026 12:33;0.000
9ed31f72-9c47-412d-b7fb-6510f0a24735;291;Réception (B.L. : 1800331771);1800331771;;FOURNISSEUR CENTRALE;;Pas de commande associée;O;17/03/2026 00:00;;17/03/2026 17:08;0.000
9ed68c3b-ad66-4dc2-b18b-c89abc80847e;293;Réception (B.L. : 1800336396);1800336396;;FOURNISSEUR CENTRALE;;Pas de commande associée;O;03/04/2026 00:00;;04/04/2026 01:40;0.000
9ed782b4-ac26-47ce-be70-45aa9acd12a3;080;Réception (B.L. : 1700231422);1700231422;;FOURNISSEUR CENTRALE;;Pas de commande associée;O;09/03/2026 00:00;;09/03/2026 17:11;1674.000
9eda037d-e263-40b8-adfa-03289a0a3ca7;291;Réception (B.L. : 1800329748);1800329748;;FOURNISSEUR CENTRALE;;Pas de commande associée;O;10/03/2026 00:00;;10/03/2026 12:10;0.000
9ee5a588-2116-4213-bfd4-f6d256438ac9;292;Réception (B.L. : 1800330902);1800330902;;FOURNISSEUR CENTRALE;;Pas de commande associée;O;13/03/2026 00:00;;13/03/2026 12:29;7.740
9eee957e-5110-45d7-a489-4b224beff64d;080;Réception (B.L. : 1800332304);1800332304;;FOURNISSEUR CENTRALE;;Pas de commande associée;O;18/03/2026 00:00;;19/03/2026 12:17;54.000
9ef18d72-4b22-4136-a8a1-fe78903c2f2f;293;Réception (B.L. : 1700236052);1700236052;;FOURNISSEUR CENTRALE;;Pas de commande associée;O;01/04/2026 00:00;;01/04/2026 17:11;0.000
9efe6c10-9601-4cf9-b29d-8fd16d8b777b;292;Réception (B.L. : 1700230461);1700230461;;FOURNISSEUR CENTRALE;;Pas de commande associée;O;04/03/2026 00:00;;04/03/2026 23:25;97.000
9f231ade-438a-4b3d-8679-f55828f203b8;293;Réception (B.L. : 1800336551);1800336551;;FOURNISSEUR CENTRALE;;Pas de commande associée;O;04/04/2026 00:00;;04/04/2026 17:10;0.000
9f25ba86-4b84-4851-9796-ec560c19abd9;292;Réception (B.L. : 1100213427);1100213427;;FOURNISSEUR CENTRALE;;Pas de commande associée;O;23/03/2026 00:00;;23/03/2026 17:10;60.000
9f374cc5-9e07-4706-8e8a-488392b85e05;292;Réception (B.L. : 1800335774);1800335774;;FOURNISSEUR CENTRALE;;Pas de commande associée;O;02/04/2026 00:00;;02/04/2026 12:21;21.000
9f3eaf10-de1e-4f37-a724-0604c52620cd;291;Réception (B.L. : 1800334055);1800334055;;FOURNISSEUR CENTRALE;;Pas de commande associée;O;25/03/2026 00:00;;26/03/2026 12:19;0.000
9f47291c-07ac-48b7-932a-260af0aba769;291;Réception (B.L. : 1200106829);1200106829;;FOURNISSEUR CENTRALE;;Pas de commande associée;O;19/03/2026 00:00;;19/03/2026 17:13;0.000
9f47407b-4eb6-43bc-aadb-648533e25ffe;292;Réception (B.L. : 1100211898);1100211898;;FOURNISSEUR CENTRALE;;Pas de commande associée;O;13/03/2026 00:00;;13/03/2026 12:12;1890.000
9f4dfd3a-41ec-4152-aebb-50eaae1e9991;292;Réception (B.L. : 1200105676);1200105676;;FOURNISSEUR CENTRALE;;Pas de commande associée;O;04/03/2026 00:00;;04/03/2026 12:11;176.000
9f53b26a-acf8-40c8-a20f-f0306df6a95f;080;Réception (B.L. : 1700230952);1700230952;;FOURNISSEUR CENTRALE;;Pas de commande associée;O;06/03/2026 00:00;;06/03/2026 17:01;1144.000
9f5c3211-15a6-4ddd-a8f2-53d6c6e6e505;291;Réception (B.L. : 1800336913);1800336913;;FOURNISSEUR CENTRALE;;Pas de commande associée;O;06/04/2026 00:00;;07/04/2026 12:21;488.000
9f646ca1-071a-42ac-8511-37f2569fd1a2;293;Réception (B.L. : 1700232344);1700232344;;FOURNISSEUR CENTRALE;;Pas de commande associée;O;13/03/2026 00:00;;13/03/2026 12:23;0.000
9f6cd915-88f0-49d4-a866-9e9d17d83d9d;293;Réception (B.L. : 1800334349);1800334349;;FOURNISSEUR CENTRALE;;Pas de commande associée;O;26/03/2026 00:00;;27/03/2026 12:34;0.000
9f7136e6-5747-4d03-ae24-33b50182c734;080;Réception (B.L. : 1800332866);1800332866;;FOURNISSEUR CENTRALE;;Pas de commande associée;O;20/03/2026 00:00;;20/03/2026 17:02;108.000
9f7e3264-66c2-4d6b-80fb-cb30d343a56b;292;Réception (B.L. : 1100214011);1100214011;;FOURNISSEUR CENTRALE;;Pas de commande associée;O;25/03/2026 00:00;;25/03/2026 12:18;42.000
9fa5a04d-6df5-4b45-80ad-21ef0392d647;293;Réception (B.L. : 1800335483);1800335483;;FOURNISSEUR CENTRALE;;Pas de commande associée;O;31/03/2026 00:00;;01/04/2026 12:22;0.000
9fb05ed1-994c-4505-9f4c-c7be6630cb22;291;Réception (B.L. : 1800336389);1800336389;;FOURNISSEUR CENTRALE;;Pas de commande associée;O;03/04/2026 00:00;;04/04/2026 01:42;0.000
9fbb3c0f-3ca8-4b9c-ae56-31b1a9703f32;293;Réception (B.L. : 1100211905);1100211905;;FOURNISSEUR CENTRALE;;Pas de commande associée;O;13/03/2026 00:00;;13/03/2026 12:18;0.000
9fbba3af-f688-4544-97b1-710a73ddcbc1;293;Réception (B.L. : 1700233642);1700233642;;FOURNISSEUR CENTRALE;;Pas de commande associée;O;19/03/2026 00:00;;20/03/2026 12:14;0.000
9fe145a8-8524-44d7-a590-fb7bb6db7633;293;Réception (B.L. : 1700237128);1700237128;;FOURNISSEUR CENTRALE;;Pas de commande associée;O;07/04/2026 00:00;;07/04/2026 12:17;0.000
9ff7e652-d252-4443-be57-66fe016f627c;291;Réception (B.L. : 1700234102);1700234102;;FOURNISSEUR CENTRALE;;Pas de commande associée;O;23/03/2026 00:00;;23/03/2026 12:28;0.000
a03e6c7d-f289-448b-ab21-98c2c98bd23e;292;Réception (B.L. : 1800336747);1800336747;;FOURNISSEUR CENTRALE;;Pas de commande associée;O;06/04/2026 00:00;;06/04/2026 12:28;240.000
a0418668-a7bc-475c-8bc0-85d4b4d68160;292;Réception (B.L. : 1800329292);1800329292;;FOURNISSEUR CENTRALE;;Pas de commande associée;O;07/03/2026 00:00;;07/03/2026 12:14;32.000
a055928e-de52-4075-9218-ed777187c85a;292;Réception (B.L. : 1800328757);1800328757;;FOURNISSEUR CENTRALE;;Pas de commande associée;O;05/03/2026 00:00;;05/03/2026 17:15;1.000
a06dd68f-a147-4f7a-b086-0c55d1abbdd9;293;Réception (B.L. : 1800329984);1800329984;;FOURNISSEUR CENTRALE;;Pas de commande associée;O;10/03/2026 00:00;;10/03/2026 17:02;0.000
a07025af-bab1-49c3-b0b1-08b4d43bb770;080;Réception (B.L. : 1800329330);1800329330;;FOURNISSEUR CENTRALE;;Pas de commande associée;O;07/03/2026 00:00;;07/03/2026 12:16;63.000
a0724bed-9d97-4884-a96e-216e24eef993;291;Réception (B.L. : 1700234709);1700234709;;FOURNISSEUR CENTRALE;;Pas de commande associée;O;25/03/2026 00:00;;25/03/2026 12:34;0.000
a0875fec-f87c-47d1-a35e-43c215c7aeee;080;Réception (B.L. : 1800335383);1800335383;;FOURNISSEUR CENTRALE;;Pas de commande associée;O;31/03/2026 00:00;;31/03/2026 17:19;4.000
a09dbbfe-1932-4b44-9b42-b99f14156637;080;Réception (B.L. : 1700236073);1700236073;;FOURNISSEUR CENTRALE;;Pas de commande associée;O;01/04/2026 00:00;;01/04/2026 17:15;59.000
a0b35bfc-b1b7-460b-a829-7a199a0f4844;292;Réception (B.L. : 1200107582);1200107582;;FOURNISSEUR CENTRALE;;Pas de commande associée;O;30/03/2026 00:00;;30/03/2026 17:11;1.000
a107d112-080c-4efa-98b0-8e150b65dc36;291;Réception (B.L. : 1100213950);1100213950;;FOURNISSEUR CENTRALE;;Pas de commande associée;O;25/03/2026 00:00;;25/03/2026 12:19;0.000
a116e70d-fc7f-4a03-be51-7e195656bc09;293;Réception (B.L. : 1200106383);1200106383;;FOURNISSEUR CENTRALE;;Pas de commande associée;O;13/03/2026 00:00;;13/03/2026 12:12;0.000
a12d1ce4-f5e7-4f8f-8242-c5433b6d9e71;293;Réception (B.L. : 1800329186);1800329186;;FOURNISSEUR CENTRALE;;Pas de commande associée;O;06/03/2026 00:00;;06/03/2026 17:22;0.000
a133d74e-44e8-43f9-b48e-926a02c5e7aa;291;Réception (B.L. : 1700231355);1700231355;;FOURNISSEUR CENTRALE;;Pas de commande associée;O;09/03/2026 00:00;;09/03/2026 12:26;0.000
a137e0d5-e313-47d1-8958-874b242e6a09;293;Réception (B.L. : 1700230689);1700230689;;FOURNISSEUR CENTRALE;;Pas de commande associée;O;06/03/2026 00:00;;06/03/2026 12:18;0.000
a16b87ea-faa4-4f17-8e81-380540dd6e75;291;Réception (B.L. : 1800329859);1800329859;;FOURNISSEUR CENTRALE;;Pas de commande associée;O;10/03/2026 00:00;;10/03/2026 12:15;0.000
a16cb825-2e5b-44a0-ba97-48de9ba53b7e;292;Réception (B.L. : 1100210451);1100210451;;FOURNISSEUR CENTRALE;;Pas de commande associée;O;04/03/2026 00:00;;04/03/2026 12:15;8.000
a195b613-3c90-4960-b361-8987fc9043b5;293;Réception (B.L. : 1700237124);1700237124;;FOURNISSEUR CENTRALE;;Pas de commande associée;O;07/04/2026 00:00;;07/04/2026 12:13;0.000
a19ce5ee-2913-4b45-a3d3-82091eb6d4a3;080;Réception (B.L. : 1700230957);1700230957;;FOURNISSEUR CENTRALE;;Pas de commande associée;O;06/03/2026 00:00;;06/03/2026 17:06;1088.000
a1a5382c-f401-4cab-a195-739db53da58a;292;Réception (B.L. : 1100214671);1100214671;;FOURNISSEUR CENTRALE;;Pas de commande associée;O;30/03/2026 00:00;;30/03/2026 12:16;5.000
a1a707ac-3779-4a76-849c-88bb5616f671;291;Réception (B.L. : 1100213662);1100213662;;FOURNISSEUR CENTRALE;;Pas de commande associée;O;24/03/2026 00:00;;24/03/2026 17:11;0.000
a1b6eb08-8654-4c67-b7dd-60bdd2c4970d;291;Réception (B.L. : 1100210519);1100210519;;FOURNISSEUR CENTRALE;;Pas de commande associée;O;04/03/2026 00:00;;04/03/2026 17:02;0.000
a1b7e3f0-99c1-4d7c-abb0-3378dfd4b3ad;293;Réception (B.L. : 1700234645);1700234645;;FOURNISSEUR CENTRALE;;Pas de commande associée;O;25/03/2026 00:00;;25/03/2026 12:27;0.000
a1bf086f-092f-4514-b595-e2e74ea09927;291;Réception (B.L. : 1700230863);1700230863;;FOURNISSEUR CENTRALE;;Pas de commande associée;O;06/03/2026 00:00;;06/03/2026 12:28;0.000
a1fbd883-6a8b-40be-ac00-6e1213f07bb3;292;Réception (B.L. : 1800333130);1800333130;;FOURNISSEUR CENTRALE;;Pas de commande associée;O;23/03/2026 00:00;;23/03/2026 12:27;1017.400
a2287722-d1f2-4c10-81a4-13cdb7767085;080;Réception (B.L. : 1800332868);1800332868;;FOURNISSEUR CENTRALE;;Pas de commande associée;O;20/03/2026 00:00;;20/03/2026 17:04;136.000
a22999e5-448e-4bd2-9de6-853afc8080bd;080;Réception (B.L. : 1700232739);1700232739;;FOURNISSEUR CENTRALE;;Pas de commande associée;O;16/03/2026 00:00;;16/03/2026 12:21;652.000
a241537a-9702-465e-8826-37300231bc66;291;Réception (B.L. : 1100215880);1100215880;;FOURNISSEUR CENTRALE;;Pas de commande associée;O;06/04/2026 00:00;;06/04/2026 12:11;0.000
a2542052-f50e-4484-8e0f-0bd1494cf1fb;291;Réception (B.L. : 1100214910);1100214910;;FOURNISSEUR CENTRALE;;Pas de commande associée;O;01/04/2026 00:00;;01/04/2026 12:12;0.000
a268862b-018f-4460-8958-dcd48d1a2fc2;293;Réception (B.L. : 1100214973);1100214973;;FOURNISSEUR CENTRALE;;Pas de commande associée;O;01/04/2026 00:00;;01/04/2026 12:17;0.000
a28368e0-4485-4af1-bce7-80ce3c146256;292;Réception (B.L. : 1700234654);1700234654;;FOURNISSEUR CENTRALE;;Pas de commande associée;O;25/03/2026 00:00;;25/03/2026 12:20;931.000
a2a6b3fc-f321-4bb0-b869-7d8172ec6180;292;Réception (B.L. : 1800335922);1800335922;;FOURNISSEUR CENTRALE;;Pas de commande associée;O;02/04/2026 00:00;;02/04/2026 17:14;12.000
a2c84d3b-bfec-4442-bf28-d5437bfff7ad;292;Réception (B.L. : 1800329972);1800329972;;FOURNISSEUR CENTRALE;;Pas de commande associée;O;10/03/2026 00:00;;10/03/2026 17:02;1.000
a2e9d3d8-2ebe-4e9b-b6e7-f1cddd439316;080;Réception (B.L. : 1800331119);1800331119;;FOURNISSEUR CENTRALE;;Pas de commande associée;O;13/03/2026 00:00;;13/03/2026 23:29;13.608
a2ee924d-c562-496f-a065-cd42549563e2;080;Réception (B.L. : 1800329488);1800329488;;FOURNISSEUR CENTRALE;;Pas de commande associée;O;09/03/2026 00:00;;09/03/2026 12:25;16.000
a2f972db-d975-469a-9a17-f5e7ccce0547;291;Réception (B.L. : 1100213875);1100213875;;FOURNISSEUR CENTRALE;;Pas de commande associée;O;25/03/2026 00:00;;25/03/2026 12:17;0.000
a309d50d-1a94-4953-89fe-99af977e4de4;293;Réception (B.L. : 1800335876);1800335876;;FOURNISSEUR CENTRALE;;Pas de commande associée;O;02/04/2026 00:00;;02/04/2026 17:16;0.000
a3115598-db28-44b9-8963-79dc382f84ce;292;Réception (B.L. : 1800334000);1800334000;;FOURNISSEUR CENTRALE;;Pas de commande associée;O;25/03/2026 00:00;;26/03/2026 12:22;45.000
a335f36c-88b3-4c0f-8ebf-2bb745ae8c4f;080;Réception (B.L. : 1100216249);1100216249;;FOURNISSEUR CENTRALE;;Pas de commande associée;O;08/04/2026 00:00;;08/04/2026 12:16;18.000
a36917df-ccf3-4ffa-b5ba-e54588fc0a2d;292;Réception (B.L. : 1700230349);1700230349;;FOURNISSEUR CENTRALE;;Pas de commande associée;O;04/03/2026 00:00;;04/03/2026 12:22;1190.000
a36fd8b6-6a45-4f85-966a-884ce80afd55;291;Réception (B.L. : 1100215669);1100215669;;FOURNISSEUR CENTRALE;;Pas de commande associée;O;04/04/2026 00:00;;04/04/2026 12:12;0.000
a385f8f2-4953-4d1d-bee3-808eb8fdb570;293;Réception (B.L. : 1100210452);1100210452;;FOURNISSEUR CENTRALE;;Pas de commande associée;O;04/03/2026 00:00;;04/03/2026 12:11;0.000
a39803d7-7dc3-4884-88db-3d94d7ebce32;291;Réception (B.L. : 1800334879);1800334879;;FOURNISSEUR CENTRALE;;Pas de commande associée;O;29/03/2026 00:00;;30/03/2026 12:34;0.000
a3a71608-e17d-453a-93c5-989e51d43b9e;293;Réception (B.L. : 1800330515);1800330515;;FOURNISSEUR CENTRALE;;Pas de commande associée;O;12/03/2026 00:00;;12/03/2026 12:12;0.000
a3b7ed12-09d2-4638-ad70-d6dac394da73;291;Réception (B.L. : 1100213349);1100213349;;FOURNISSEUR CENTRALE;;Pas de commande associée;O;23/03/2026 00:00;;23/03/2026 12:15;0.000
a3e6a80a-8d17-443d-9c9e-7c807ad226af;291;Réception (B.L. : 1700235540);1700235540;;FOURNISSEUR CENTRALE;;Pas de commande associée;O;30/03/2026 00:00;;30/03/2026 12:27;0.000
a416d673-9516-4190-a4f8-2a909be4e1bb;292;Réception (B.L. : 1100212834);1100212834;;FOURNISSEUR CENTRALE;;Pas de commande associée;O;19/03/2026 00:00;;19/03/2026 17:14;24.000
a41c6db4-4d56-46b8-91bc-c3ebce077ff8;291;Réception (B.L. : 1800336386);1800336386;;FOURNISSEUR CENTRALE;;Pas de commande associée;O;03/04/2026 00:00;;04/04/2026 01:39;0.000
a41dba5d-5189-448d-b72b-73f0432de315;080;Réception (B.L. : 1800334357);1800334357;;FOURNISSEUR CENTRALE;;Pas de commande associée;O;26/03/2026 00:00;;27/03/2026 12:25;164.000
a482761f-49d6-43cd-b602-99cf9d1c9c54;293;Réception (B.L. : 1700234203);1700234203;;FOURNISSEUR CENTRALE;;Pas de commande associée;O;23/03/2026 00:00;;23/03/2026 12:30;0.000
a4accf8b-087e-485d-a37b-476225336f4d;292;Réception (B.L. : 1800333574);1800333574;;FOURNISSEUR CENTRALE;;Pas de commande associée;O;24/03/2026 00:00;;24/03/2026 17:16;6.000
a4b9893d-9705-4d85-9d37-d197382137db;080;Réception (B.L. : 1100213882);1100213882;;FOURNISSEUR CENTRALE;;Pas de commande associée;O;25/03/2026 00:00;;25/03/2026 12:14;2203.000
a4bde71a-130c-4d9a-87af-84a928a4e2eb;293;Réception (B.L. : 1700237408);1700237408;;FOURNISSEUR CENTRALE;;Pas de commande associée;O;08/04/2026 00:00;;08/04/2026 12:17;0.000
a4c3abc0-40e3-461d-ae05-f860c9ddd171;291;Réception (B.L. : 1800328603);1800328603;;FOURNISSEUR CENTRALE;;Pas de commande associée;O;05/03/2026 00:00;;05/03/2026 12:18;0.000
a4ce9d89-ee43-4ea6-9e2a-cfc6d57f8993;292;Réception (B.L. : 1100214573);1100214573;;FOURNISSEUR CENTRALE;;Pas de commande associée;O;30/03/2026 00:00;;30/03/2026 12:13;618.000
a4f5985c-8eb5-4dbb-a567-45289c7dd18a;291;Réception (B.L. : 1800328779);1800328779;;FOURNISSEUR CENTRALE;;Pas de commande associée;O;05/03/2026 00:00;;05/03/2026 17:18;0.000
a4f80a6f-4ae3-449c-b507-fd90d41fc401;293;Réception (B.L. : 1100215543);1100215543;;FOURNISSEUR CENTRALE;;Pas de commande associée;O;03/04/2026 00:00;;03/04/2026 12:16;0.000
a50eadb5-e730-4e55-b061-2b559680ef7e;080;Réception (B.L. : 1700236076);1700236076;;FOURNISSEUR CENTRALE;;Pas de commande associée;O;01/04/2026 00:00;;01/04/2026 17:18;38.000
a51b3889-6493-4cba-a0ee-ea69451ffef5;080;Réception (B.L. : 1800331124);1800331124;;FOURNISSEUR CENTRALE;;Pas de commande associée;O;13/03/2026 00:00;;13/03/2026 23:34;53.500
a5241157-3bf8-4d0e-bbe1-22bfe5cd4351;080;Réception (B.L. : 1100212843);1100212843;;FOURNISSEUR CENTRALE;;Pas de commande associée;O;19/03/2026 00:00;;19/03/2026 17:14;284.000
a52d9929-0f76-42ce-b093-1b136a8861b0;291;Réception (B.L. : 1800336549);1800336549;;FOURNISSEUR CENTRALE;;Pas de commande associée;O;04/04/2026 00:00;;04/04/2026 17:13;0.000
a532c1d6-6d45-4322-bdd1-f4f9fe3d7d6c;080;Réception (B.L. : 1700234615);1700234615;;FOURNISSEUR CENTRALE;;Pas de commande associée;O;25/03/2026 00:00;;25/03/2026 12:28;40.000
a5485ebc-829d-493d-83dc-65d13f3544cf;291;Réception (B.L. : 1700234668);1700234668;;FOURNISSEUR CENTRALE;;Pas de commande associée;O;25/03/2026 00:00;;25/03/2026 12:28;0.000
a553a2c1-9073-4a63-871b-bc5458eb54b1;292;Réception (B.L. : 1800327971);1800327971;;FOURNISSEUR CENTRALE;;Pas de commande associée;O;02/03/2026 00:00;;03/03/2026 12:01;33.000
a57ea391-718d-482d-9247-84ae6a01ef26;293;Réception (B.L. : 1800334008);1800334008;;FOURNISSEUR CENTRALE;;Pas de commande associée;O;25/03/2026 00:00;;26/03/2026 12:18;0.000
a57ea8c7-d090-414b-9f60-354f6c75155e;293;Réception (B.L. : 1800329880);1800329880;;FOURNISSEUR CENTRALE;;Pas de commande associée;O;10/03/2026 00:00;;10/03/2026 12:12;0.000
a5b58eee-6688-40d1-af77-2bc59df02ba6;291;Réception (B.L. : 1100215885);1100215885;;FOURNISSEUR CENTRALE;;Pas de commande associée;O;06/04/2026 00:00;;06/04/2026 12:16;0.000
a5f0d756-6142-427d-9744-107917a578c2;293;Réception (B.L. : 1800332467);1800332467;;FOURNISSEUR CENTRALE;;Pas de commande associée;O;19/03/2026 00:00;;19/03/2026 17:22;0.000
a642462e-dc41-4b88-aebf-260652c62d30;293;Réception (B.L. : 1700232714);1700232714;;FOURNISSEUR CENTRALE;;Pas de commande associée;O;16/03/2026 00:00;;16/03/2026 12:22;0.000
a6543201-9567-46cd-a888-0efc053b7160;291;Réception (B.L. : 1100210378);1100210378;;FOURNISSEUR CENTRALE;;Pas de commande associée;O;04/03/2026 00:00;;04/03/2026 12:14;0.000
a6639507-511d-42fb-bc3a-0fc2e26b8667;080;Réception (B.L. : 1700234819);1700234819;;FOURNISSEUR CENTRALE;;Pas de commande associée;O;26/03/2026 00:00;;26/03/2026 12:11;44.000
a69e1ca2-6310-46e2-b723-1549b1502f4f;293;Réception (B.L. : 1100211903);1100211903;;FOURNISSEUR CENTRALE;;Pas de commande associée;O;13/03/2026 00:00;;13/03/2026 12:16;0.000
a6a17079-50d7-4008-a792-84db317f486c;291;Réception (B.L. : 1800332262);1800332262;;FOURNISSEUR CENTRALE;;Pas de commande associée;O;18/03/2026 00:00;;19/03/2026 12:17;0.000
a6a70df0-8f90-4146-9861-ab4a1935eb5e;293;Réception (B.L. : 1200107343);1200107343;;FOURNISSEUR CENTRALE;;Pas de commande associée;O;27/03/2026 00:00;;27/03/2026 12:14;0.000
a6ac2701-36b8-4755-ac8e-833ab3819a39;291;Réception (B.L. : 1700233186);1700233186;;FOURNISSEUR CENTRALE;;Pas de commande associée;O;18/03/2026 00:00;;18/03/2026 12:32;0.000
a6bf0631-8ab3-4c3b-a6b7-664531047f63;293;Réception (B.L. : 1100215078);1100215078;;FOURNISSEUR CENTRALE;;Pas de commande associée;O;01/04/2026 00:00;;01/04/2026 12:20;0.000
a6c8956b-5e5f-4c09-ba3d-7d987c002e9c;080;Réception (B.L. : 1800329219);1800329219;;FOURNISSEUR CENTRALE;;Pas de commande associée;O;06/03/2026 00:00;;06/03/2026 17:18;258.000
a6e1c436-fcda-4954-829a-ec22325062ef;291;Réception (B.L. : 1700234948);1700234948;;FOURNISSEUR CENTRALE;;Pas de commande associée;O;26/03/2026 00:00;;26/03/2026 17:22;0.000
a6ed2895-667f-4296-be48-74b519cf1caf;293;Réception (B.L. : 1100215333);1100215333;;FOURNISSEUR CENTRALE;;Pas de commande associée;O;02/04/2026 00:00;;02/04/2026 17:11;0.000
a7105ec4-58e5-477d-a7cc-b793c6950359;291;Réception (B.L. : 1700232774);1700232774;;FOURNISSEUR CENTRALE;;Pas de commande associée;O;16/03/2026 00:00;;16/03/2026 12:28;0.000
a77fe961-1d28-4e66-8241-cfe4fe754a0a;291;Réception (B.L. : 1700237112);1700237112;;FOURNISSEUR CENTRALE;;Pas de commande associée;O;07/04/2026 00:00;;07/04/2026 12:11;0.000
a78c64f8-8c3d-44b5-b9b9-cbb203262288;292;Réception (B.L. : 1700232393);1700232393;;FOURNISSEUR CENTRALE;;Pas de commande associée;O;13/03/2026 00:00;;13/03/2026 12:19;91.000
a798711f-6e08-4325-a4f5-b2a25ff72db0;293;Réception (B.L. : 1800332632);1800332632;;FOURNISSEUR CENTRALE;;Pas de commande associée;O;19/03/2026 00:00;;20/03/2026 12:28;0.000
a7af418d-b11a-4d28-8459-96ef673f922e;291;Réception (B.L. : 1800332402);1800332402;;FOURNISSEUR CENTRALE;;Pas de commande associée;O;19/03/2026 00:00;;19/03/2026 12:31;0.000
a7b39fda-229f-4810-8f71-79a1996a00ef;292;Réception (B.L. : 1800334902);1800334902;;FOURNISSEUR CENTRALE;;Pas de commande associée;O;29/03/2026 00:00;;30/03/2026 12:29;30.000
a7c9b603-0548-47f4-b040-130353a27711;293;Réception (B.L. : 1100212981);1100212981;;FOURNISSEUR CENTRALE;;Pas de commande associée;O;20/03/2026 00:00;;20/03/2026 12:05;0.000
a7d00252-24e9-4cfc-9b4b-5b5dcb237810;292;Réception (B.L. : 1800332978);1800332978;;FOURNISSEUR CENTRALE;;Pas de commande associée;O;20/03/2026 00:00;;20/03/2026 17:03;13.000
a7da8e63-9e0a-42d2-9f4d-153c72ba015b;291;Réception (B.L. : 1800328009);1800328009;;FOURNISSEUR CENTRALE;;Pas de commande associée;O;02/03/2026 00:00;;03/03/2026 12:06;0.000
a8123662-ad7f-4ac8-81ef-71e6b3f46403;293;Réception (B.L. : 1700235488);1700235488;;FOURNISSEUR CENTRALE;;Pas de commande associée;O;30/03/2026 00:00;;30/03/2026 12:16;0.000
a8491ea0-6f6b-4774-a6f2-8868ff0b2dbd;291;Réception (B.L. : 1200107351);1200107351;;FOURNISSEUR CENTRALE;;Pas de commande associée;O;27/03/2026 00:00;;27/03/2026 12:11;0.000
a866f4ed-7ca4-4c4d-b9cb-d89f185a9d09;292;Réception (B.L. : 1800331991);1800331991;;FOURNISSEUR CENTRALE;;Pas de commande associée;O;17/03/2026 00:00;;18/03/2026 12:31;60.000
a86fda1c-58c5-4ce0-bf52-af729f05ada0;291;Réception (B.L. : 1700230685);1700230685;;FOURNISSEUR CENTRALE;;Pas de commande associée;O;06/03/2026 00:00;;06/03/2026 12:17;0.000
a895e5da-c12f-4db1-983b-21265863f486;291;Réception (B.L. : 1700234099);1700234099;;FOURNISSEUR CENTRALE;;Pas de commande associée;O;23/03/2026 00:00;;23/03/2026 12:25;0.000
a8a0881d-fd4f-430b-a7e4-2e6e8875fa6f;292;Réception (B.L. : 1700234551);1700234551;;FOURNISSEUR CENTRALE;;Pas de commande associée;O;25/03/2026 00:00;;25/03/2026 12:19;59.000
a8b94954-2a91-408c-89d8-b92c20e7f5bc;080;Réception (B.L. : 1700230647);1700230647;;FOURNISSEUR CENTRALE;;Pas de commande associée;O;06/03/2026 00:00;;06/03/2026 12:15;248.000
a8c6249e-066f-42b0-bc5b-64922b46b6e4;293;Réception (B.L. : 1700231869);1700231869;;FOURNISSEUR CENTRALE;;Pas de commande associée;O;11/03/2026 00:00;;11/03/2026 12:20;0.000
a8d48746-8286-449c-a122-a5c1175b8f58;293;Réception (B.L. : 1700231868);1700231868;;FOURNISSEUR CENTRALE;;Pas de commande associée;O;11/03/2026 00:00;;11/03/2026 12:19;0.000
a8e23189-c659-4a23-835d-04eddbad922c;292;Réception (B.L. : 1800330446);1800330446;;FOURNISSEUR CENTRALE;;Pas de commande associée;O;11/03/2026 00:00;;12/03/2026 12:04;900.000
a8fa001c-8eac-453b-9b8d-72675334b1d8;291;Réception (B.L. : 1800333838);1800333838;;FOURNISSEUR CENTRALE;;Pas de commande associée;O;25/03/2026 00:00;;25/03/2026 12:42;0.000
a9023a03-f7cf-4f8c-9a92-9c82c3da8f60;293;Réception (B.L. : 1800330130);1800330130;;FOURNISSEUR CENTRALE;;Pas de commande associée;O;11/03/2026 00:00;;11/03/2026 12:31;0.000
a920066f-9ea7-4e12-9c4c-f44ee31ecc57;080;Réception (B.L. : 1100215461);1100215461;;FOURNISSEUR CENTRALE;;Pas de commande associée;O;03/04/2026 00:00;;03/04/2026 12:17;18.000
a937b626-1ab9-4f7b-8b13-93a2bb4a0a98;293;Réception (B.L. : 1700236053);1700236053;;FOURNISSEUR CENTRALE;;Pas de commande associée;O;01/04/2026 00:00;;01/04/2026 17:12;0.000
a9487ff0-c532-4f81-8b6a-398e97f55936;291;Réception (B.L. : 1800332270);1800332270;;FOURNISSEUR CENTRALE;;Pas de commande associée;O;18/03/2026 00:00;;19/03/2026 12:25;0.000
a9723587-ea3f-4f30-a737-766fa3f9a2b6;291;Réception (B.L. : 1800335334);1800335334;;FOURNISSEUR CENTRALE;;Pas de commande associée;O;31/03/2026 00:00;;31/03/2026 17:12;0.000
a973df0a-8b94-4068-9e7c-3d384b6b9b48;291;Réception (B.L. : 1700237403);1700237403;;FOURNISSEUR CENTRALE;;Pas de commande associée;O;08/04/2026 00:00;;08/04/2026 12:20;0.000
a97c6800-8fb0-4684-95cc-1a684831b98a;293;Réception (B.L. : 1800328897);1800328897;;FOURNISSEUR CENTRALE;;Pas de commande associée;O;05/03/2026 00:00;;06/03/2026 12:35;0.000
a99ea0e1-570f-4b3d-8a63-3e502daf0622;292;Réception (B.L. : 1700235307);1700235307;;FOURNISSEUR CENTRALE;;Pas de commande associée;O;28/03/2026 00:00;;28/03/2026 12:19;4.000
a9bc6684-846b-4d5e-9e91-4eafe828402b;292;Réception (B.L. : 1700232968);1700232968;;FOURNISSEUR CENTRALE;;Pas de commande associée;O;17/03/2026 00:00;;18/03/2026 00:05;12.000
a9cb6ef5-5ee9-47c6-bf80-0c084f2abb9d;291;Réception (B.L. : 1800335826);1800335826;;FOURNISSEUR CENTRALE;;Pas de commande associée;O;02/04/2026 00:00;;02/04/2026 12:28;0.000
a9d1f14d-7fa5-4800-ac43-1dd6b855f1c6;292;Réception (B.L. : 1800335136);1800335136;;FOURNISSEUR CENTRALE;;Pas de commande associée;O;30/03/2026 00:00;;31/03/2026 12:12;160.000
a9e38840-b3bd-4d46-91a5-f7fbefc180ed;292;Réception (B.L. : 1100215026);1100215026;;FOURNISSEUR CENTRALE;;Pas de commande associée;O;01/04/2026 00:00;;01/04/2026 12:12;7505.000
aa0eeff0-1099-49ba-ab6e-27013b0d3760;291;Réception (B.L. : 1700232453);1700232453;;FOURNISSEUR CENTRALE;;Pas de commande associée;O;14/03/2026 00:00;;14/03/2026 12:12;0.000
aa130b10-cfc7-4de1-8aa2-56c57b9b0423;293;Réception (B.L. : 1700229773);1700229773;;FOURNISSEUR CENTRALE;;Pas de commande associée;O;02/03/2026 00:00;;02/03/2026 12:25;0.000
aa39ecb8-f744-44a8-bba2-968ad266b9a2;291;Réception (B.L. : 1100215409);1100215409;;FOURNISSEUR CENTRALE;;Pas de commande associée;O;03/04/2026 00:00;;03/04/2026 12:13;0.000
aa48a441-462d-43a9-ae09-138abb908ce6;292;Réception (B.L. : 1800332658);1800332658;;FOURNISSEUR CENTRALE;;Pas de commande associée;O;19/03/2026 00:00;;20/03/2026 12:11;10.000
aa5225d4-7b6b-448b-b4fa-8d581d598868;080;Réception (B.L. : 1700231021);1700231021;;FOURNISSEUR CENTRALE;;Pas de commande associée;O;06/03/2026 00:00;;06/03/2026 17:13;283.000
aa7c005e-ee38-4e8b-88dc-fa9c5cb09537;292;Réception (B.L. : 1800328578);1800328578;;FOURNISSEUR CENTRALE;;Pas de commande associée;O;05/03/2026 00:00;;05/03/2026 12:14;765.400
aa93ae23-1239-43c3-b009-e19e0663cd4a;291;Réception (B.L. : 1800332674);1800332674;;FOURNISSEUR CENTRALE;;Pas de commande associée;O;19/03/2026 00:00;;20/03/2026 12:31;0.000
aaa0dba4-5723-44f9-a015-106bfe9ffe94;291;Réception (B.L. : 1800327769);1800327769;;FOURNISSEUR CENTRALE;;Pas de commande associée;O;02/03/2026 00:00;;02/03/2026 12:26;0.000
aabf2ffe-12b2-428f-9fe6-059e632fbbd0;291;Réception (B.L. : 1100210982);1100210982;;FOURNISSEUR CENTRALE;;Pas de commande associée;O;07/03/2026 00:00;;07/03/2026 12:13;0.000
aadddba9-106c-4f27-87de-38ed9e34b907;291;Réception (B.L. : 1700233328);1700233328;;FOURNISSEUR CENTRALE;;Pas de commande associée;O;18/03/2026 00:00;;19/03/2026 12:16;0.000
aadfd56a-dc3f-4db5-a667-c6aad1e0d6a4;080;Réception (B.L. : 1800336922);1800336922;;FOURNISSEUR CENTRALE;;Pas de commande associée;O;06/04/2026 00:00;;07/04/2026 12:18;6.648
aae5515e-60a6-4769-bb4e-3ebf75078c3a;293;Réception (B.L. : 1100214630);1100214630;;FOURNISSEUR CENTRALE;;Pas de commande associée;O;30/03/2026 00:00;;30/03/2026 12:12;0.000
aae98a16-e774-4597-8248-041c481672f9;292;Réception (B.L. : 1800332342);1800332342;;FOURNISSEUR CENTRALE;;Pas de commande associée;O;18/03/2026 00:00;;19/03/2026 12:17;32.018
aafa8b1c-2da6-4724-b5a5-24e4fdc5efa3;080;Réception (B.L. : 1200106773);1200106773;;FOURNISSEUR CENTRALE;;Pas de commande associée;O;19/03/2026 00:00;;19/03/2026 12:12;120.000
ab03f199-a52a-4fbd-b5ca-930a06882c76;080;Réception (B.L. : 1100215457);1100215457;;FOURNISSEUR CENTRALE;;Pas de commande associée;O;03/04/2026 00:00;;03/04/2026 12:13;2462.000
ab0e5e72-a93a-48a4-94ff-43db0a2b3d5b;291;Réception (B.L. : 1700232093);1700232093;;FOURNISSEUR CENTRALE;;Pas de commande associée;O;12/03/2026 00:00;;12/03/2026 12:04;0.000
ab22f56e-292d-4fee-a362-e04bc432f97d;291;Réception (B.L. : 1100214912);1100214912;;FOURNISSEUR CENTRALE;;Pas de commande associée;O;01/04/2026 00:00;;01/04/2026 12:14;0.000
ab37ed99-62b5-404b-ab27-1ce0c5bc726e;292;Réception (B.L. : 1700230951);1700230951;;FOURNISSEUR CENTRALE;;Pas de commande associée;O;06/03/2026 00:00;;06/03/2026 17:15;950.000
ab6d3a41-2059-48ab-adbe-8e834ba0ccc5;293;Réception (B.L. : 1700233649);1700233649;;FOURNISSEUR CENTRALE;;Pas de commande associée;O;19/03/2026 00:00;;20/03/2026 12:21;0.000
ab7de4f0-735d-4ea0-b171-3dad2117b947;293;Réception (B.L. : 1700232711);1700232711;;FOURNISSEUR CENTRALE;;Pas de commande associée;O;16/03/2026 00:00;;16/03/2026 12:19;0.000
ab7e68e0-8e49-4cca-8436-4f85fcd7b6f2;292;Réception (B.L. : 1800328758);1800328758;;FOURNISSEUR CENTRALE;;Pas de commande associée;O;05/03/2026 00:00;;05/03/2026 17:16;4.000
ab96738d-c700-4f52-96f0-2da80f3bdee8;292;Réception (B.L. : 1700230345);1700230345;;FOURNISSEUR CENTRALE;;Pas de commande associée;O;04/03/2026 00:00;;04/03/2026 12:18;3316.000
abae739b-1580-43c8-8122-afa13853c317;292;Réception (B.L. : 1800328125);1800328125;;FOURNISSEUR CENTRALE;;Pas de commande associée;O;03/03/2026 00:00;;03/03/2026 17:04;12.000
abe8026f-3b18-49e0-8ed6-56d6c9d42cc2;291;Réception (B.L. : 1700234884);1700234884;;FOURNISSEUR CENTRALE;;Pas de commande associée;O;26/03/2026 00:00;;26/03/2026 12:17;0.000
abee3560-54b2-4c8d-868c-6c56896319e7;292;Réception (B.L. : 1800330188);1800330188;;FOURNISSEUR CENTRALE;;Pas de commande associée;O;10/03/2026 00:00;;11/03/2026 12:20;24.000
abf673ec-c287-4172-be8d-488e56a6ebbc;080;Réception (B.L. : 1700235517);1700235517;;FOURNISSEUR CENTRALE;;Pas de commande associée;O;30/03/2026 00:00;;30/03/2026 12:18;271.000
ac3f2199-4fb6-45b2-b8b4-52061b6cf34b;291;Réception (B.L. : 1700233851);1700233851;;FOURNISSEUR CENTRALE;;Pas de commande associée;O;20/03/2026 00:00;;20/03/2026 12:14;0.000
ac70188d-1e4a-46c8-a57e-ded070d1f4d7;293;Réception (B.L. : 1800332628);1800332628;;FOURNISSEUR CENTRALE;;Pas de commande associée;O;19/03/2026 00:00;;20/03/2026 12:24;0.000
ac8c224a-ec8f-4342-943f-6dda98cbe72e;080;Réception (B.L. : 1800327979);1800327979;;FOURNISSEUR CENTRALE;;Pas de commande associée;O;02/03/2026 00:00;;03/03/2026 12:06;1560.000
ac9383bf-9ab1-4079-b06f-fefa5ca1208d;292;Réception (B.L. : 1800331778);1800331778;;FOURNISSEUR CENTRALE;;Pas de commande associée;O;17/03/2026 00:00;;17/03/2026 17:07;8.000
ac994bf4-6bb7-4ec2-a879-5f69b5caa35f;292;Réception (B.L. : 1700230950);1700230950;;FOURNISSEUR CENTRALE;;Pas de commande associée;O;06/03/2026 00:00;;06/03/2026 17:14;12.000
aca297a8-bfe7-4198-bee5-0020ae4d5cc1;293;Réception (B.L. : 1800329769);1800329769;;FOURNISSEUR CENTRALE;;Pas de commande associée;O;09/03/2026 00:00;;10/03/2026 12:09;0.000
aca779f9-43a6-46b0-9d6e-19a4e8c4eef6;291;Réception (B.L. : 1700236042);1700236042;;FOURNISSEUR CENTRALE;;Pas de commande associée;O;01/04/2026 00:00;;01/04/2026 17:12;0.000
acdd4434-2a72-440e-b87e-d51a6df2d830;293;Réception (B.L. : 1800333748);1800333748;;FOURNISSEUR CENTRALE;;Pas de commande associée;O;24/03/2026 00:00;;25/03/2026 12:39;0.000
aced5078-50d9-44dd-8c3c-cb50642db444;292;Réception (B.L. : 1800331993);1800331993;;FOURNISSEUR CENTRALE;;Pas de commande associée;O;17/03/2026 00:00;;18/03/2026 12:33;393.000
ad0f413a-8073-4568-a82a-5736be877855;292;Réception (B.L. : 1800335831);1800335831;;FOURNISSEUR CENTRALE;;Pas de commande associée;O;02/04/2026 00:00;;02/04/2026 12:24;6.060
ad35adda-9f61-412b-9a73-966a1ae29709;291;Réception (B.L. : 1100213148);1100213148;;FOURNISSEUR CENTRALE;;Pas de commande associée;O;21/03/2026 00:00;;21/03/2026 12:10;0.000
ad3aead9-3d61-4097-b1ec-6b0ba194b93d;080;Réception (B.L. : 1800335446);1800335446;;FOURNISSEUR CENTRALE;;Pas de commande associée;O;31/03/2026 00:00;;01/04/2026 12:19;32.800
ad3b50b6-c961-459f-a130-1d310a597bb5;292;Réception (B.L. : 1700230347);1700230347;;FOURNISSEUR CENTRALE;;Pas de commande associée;O;04/03/2026 00:00;;04/03/2026 12:20;116.000
ad59f9a0-d0c7-42ee-918b-f4c92e8030eb;291;Réception (B.L. : 1100216209);1100216209;;FOURNISSEUR CENTRALE;;Pas de commande associée;O;08/04/2026 00:00;;08/04/2026 12:15;0.000
ad6005b6-9ff8-4327-ba26-9e2a1e77c4ec;291;Réception (B.L. : 1200106777);1200106777;;FOURNISSEUR CENTRALE;;Pas de commande associée;O;19/03/2026 00:00;;19/03/2026 12:11;0.000
ad6f4dbb-0ef2-4d09-8a1e-99af845515de;293;Réception (B.L. : 1700233202);1700233202;;FOURNISSEUR CENTRALE;;Pas de commande associée;O;18/03/2026 00:00;;18/03/2026 12:26;0.000
ad7acd8d-a218-4322-8b11-293dab838f8a;080;Réception (B.L. : 1100212147);1100212147;;FOURNISSEUR CENTRALE;;Pas de commande associée;O;16/03/2026 00:00;;16/03/2026 12:11;2526.000
ad7dec0a-e2f3-4527-9a04-0c8799a633fa;291;Réception (B.L. : 1700230862);1700230862;;FOURNISSEUR CENTRALE;;Pas de commande associée;O;06/03/2026 00:00;;06/03/2026 12:27;0.000
ad86d8f3-bcdd-4578-a1f0-40580f434736;292;Réception (B.L. : 1100211554);1100211554;;FOURNISSEUR CENTRALE;;Pas de commande associée;O;11/03/2026 00:00;;11/03/2026 17:03;2526.000
ad8c91de-2b55-48e4-859c-6441d81fcbcf;080;Réception (B.L. : 1100210045);1100210045;;FOURNISSEUR CENTRALE;;Pas de commande associée;O;02/03/2026 00:00;;02/03/2026 12:11;2262.000
ad9ba32b-c16e-482c-ab95-2a0eaa910461;293;Réception (B.L. : 1800330003);1800330003;;FOURNISSEUR CENTRALE;;Pas de commande associée;O;10/03/2026 00:00;;10/03/2026 17:03;0.000
ada62c62-f208-4efd-a974-a10abe5ce1b5;292;Réception (B.L. : 1800330445);1800330445;;FOURNISSEUR CENTRALE;;Pas de commande associée;O;11/03/2026 00:00;;12/03/2026 12:03;214.000
adaa7276-a99d-48e1-976d-291fe1921f05;080;Réception (B.L. : 1800333677);1800333677;;FOURNISSEUR CENTRALE;;Pas de commande associée;O;24/03/2026 00:00;;25/03/2026 12:32;30.000
add5137e-3261-4aec-8440-f278a6903606;293;Réception (B.L. : 1800331639);1800331639;;FOURNISSEUR CENTRALE;;Pas de commande associée;O;16/03/2026 00:00;;17/03/2026 12:05;0.000
adf86b70-534b-4aef-baef-a7ce24130e39;293;Réception (B.L. : 1800328759);1800328759;;FOURNISSEUR CENTRALE;;Pas de commande associée;O;05/03/2026 00:00;;05/03/2026 17:11;0.000
ae192aa5-ef9d-4c70-9961-0abc4c1ff300;292;Réception (B.L. : 1200106778);1200106778;;FOURNISSEUR CENTRALE;;Pas de commande associée;O;19/03/2026 00:00;;19/03/2026 12:11;10.000
ae489fdc-2a5e-4b73-9c15-b8452ca2e972;291;Réception (B.L. : 1800330704);1800330704;;FOURNISSEUR CENTRALE;;Pas de commande associée;O;12/03/2026 00:00;;13/03/2026 12:29;0.000
ae4db66e-1347-4b48-8c92-14693256cc83;292;Réception (B.L. : 1700235562);1700235562;;FOURNISSEUR CENTRALE;;Pas de commande associée;O;30/03/2026 00:00;;30/03/2026 12:21;17.000
ae5a0f34-f43a-4c7b-9fcc-af7205624f6a;080;Réception (B.L. : 1700232343);1700232343;;FOURNISSEUR CENTRALE;;Pas de commande associée;O;13/03/2026 00:00;;13/03/2026 12:09;12.000
ae6ad377-c3f0-4e4c-bf76-7e2261583cb1;291;Réception (B.L. : 1800332764);1800332764;;FOURNISSEUR CENTRALE;;Pas de commande associée;O;20/03/2026 00:00;;20/03/2026 12:32;0.000
ae71241b-3dd1-4938-8ce9-b401d1e46166;291;Réception (B.L. : 1800328601);1800328601;;FOURNISSEUR CENTRALE;;Pas de commande associée;O;05/03/2026 00:00;;05/03/2026 12:16;0.000
ae78d6c8-19bb-4624-a86d-207b6cf49b20;080;Réception (B.L. : 1800337041);1800337041;;FOURNISSEUR CENTRALE;;Pas de commande associée;O;07/04/2026 00:00;;07/04/2026 17:13;58.000
ae8f7bb7-5d0b-4d97-8abe-6f5e4d8e1e31;293;Réception (B.L. : 1100211464);1100211464;;FOURNISSEUR CENTRALE;;Pas de commande associée;O;11/03/2026 00:00;;11/03/2026 12:16;0.000
ae91ac00-b53e-4ced-8a87-31cb53f2c23e;292;Réception (B.L. : 1800334694);1800334694;;FOURNISSEUR CENTRALE;;Pas de commande associée;O;27/03/2026 00:00;;27/03/2026 23:42;10.000
aea997e1-305d-4e7d-a724-a433e8bad8a9;293;Réception (B.L. : 1700231329);1700231329;;FOURNISSEUR CENTRALE;;Pas de commande associée;O;09/03/2026 00:00;;09/03/2026 12:24;0.000
aec1c244-9eef-4e2e-ac7f-b2e8452b2ff9;293;Réception (B.L. : 1700237131);1700237131;;FOURNISSEUR CENTRALE;;Pas de commande associée;O;07/04/2026 00:00;;07/04/2026 12:20;0.000
aec3a6b4-0c22-4684-8b0c-9b3fe8b38f4a;080;Réception (B.L. : 1700230955);1700230955;;FOURNISSEUR CENTRALE;;Pas de commande associée;O;06/03/2026 00:00;;06/03/2026 17:04;80.000
aeddc5f6-d6a6-4b7a-a6b4-64ce717ac215;080;Réception (B.L. : 1800327980);1800327980;;FOURNISSEUR CENTRALE;;Pas de commande associée;O;02/03/2026 00:00;;03/03/2026 12:07;1.000
aee0d256-42c9-41a4-b40c-8098cbd00e28;291;Réception (B.L. : 1100213981);1100213981;;FOURNISSEUR CENTRALE;;Pas de commande associée;O;25/03/2026 00:00;;25/03/2026 12:21;0.000
af02044f-345a-43fb-b212-5f4aa3937d63;292;Réception (B.L. : 1700233255);1700233255;;FOURNISSEUR CENTRALE;;Pas de commande associée;O;18/03/2026 00:00;;18/03/2026 12:18;99.000
af0ff22d-b382-49e9-9b71-cb274cdd0b08;291;Réception (B.L. : 1800329228);1800329228;;FOURNISSEUR CENTRALE;;Pas de commande associée;O;06/03/2026 00:00;;06/03/2026 17:15;0.000
af13ad49-fd46-499e-971a-0161ed57e479;292;Réception (B.L. : 1800331201);1800331201;;FOURNISSEUR CENTRALE;;Pas de commande associée;O;14/03/2026 00:00;;14/03/2026 17:12;30.000
af1d606c-eafa-4562-b1a6-9af1e12143d4;292;Réception (B.L. : 1100210950);1100210950;;FOURNISSEUR CENTRALE;;Pas de commande associée;O;07/03/2026 00:00;;07/03/2026 12:12;2.000
af3385f9-f9f8-45b1-a90a-f22e56df06dd;293;Réception (B.L. : 1800334866);1800334866;;FOURNISSEUR CENTRALE;;Pas de commande associée;O;29/03/2026 00:00;;30/03/2026 12:29;0.000
af4584ff-e862-4e10-8130-0ba3769e3b9a;293;Réception (B.L. : 1800329180);1800329180;;FOURNISSEUR CENTRALE;;Pas de commande associée;O;06/03/2026 00:00;;06/03/2026 17:16;0.000
af6392bb-a345-41a4-85b3-fe0951f19a0b;291;Réception (B.L. : 1800329741);1800329741;;FOURNISSEUR CENTRALE;;Pas de commande associée;O;10/03/2026 00:00;;10/03/2026 12:03;0.000
af75bf8c-ab92-4039-bdbf-aadc45d10725;293;Réception (B.L. : 1700230292);1700230292;;FOURNISSEUR CENTRALE;;Pas de commande associée;O;04/03/2026 00:00;;04/03/2026 12:26;0.000
afa067e0-4de5-40ff-aba9-e3424ace5ded;292;Réception (B.L. : 1700235160);1700235160;;FOURNISSEUR CENTRALE;;Pas de commande associée;O;27/03/2026 00:00;;27/03/2026 12:12;24.000
afa689a3-c434-4120-850c-3c8329214ae2;293;Réception (B.L. : 1800332633);1800332633;;FOURNISSEUR CENTRALE;;Pas de commande associée;O;19/03/2026 00:00;;20/03/2026 12:29;0.000
afb1f668-7f30-48d9-8bd1-8f33aed8fa10;291;Réception (B.L. : 1800334061);1800334061;;FOURNISSEUR CENTRALE;;Pas de commande associée;O;25/03/2026 00:00;;26/03/2026 12:25;0.000
afb73034-b06b-4d6d-affa-44c3aae6ed6c;293;Réception (B.L. : 1700232717);1700232717;;FOURNISSEUR CENTRALE;;Pas de commande associée;O;16/03/2026 00:00;;16/03/2026 12:25;0.000
afb82ad4-4e46-4756-beaa-2902fa72fe61;293;Réception (B.L. : 1700232720);1700232720;;FOURNISSEUR CENTRALE;;Pas de commande associée;O;16/03/2026 00:00;;16/03/2026 12:28;0.000
afbff65c-84c7-4f98-9a3b-9875526d8443;293;Réception (B.L. : 1800334630);1800334630;;FOURNISSEUR CENTRALE;;Pas de commande associée;O;27/03/2026 00:00;;27/03/2026 23:44;0.000
afc23842-ca8f-41a7-8099-e613220d5cc2;292;Réception (B.L. : 1700233257);1700233257;;FOURNISSEUR CENTRALE;;Pas de commande associée;O;18/03/2026 00:00;;18/03/2026 12:20;550.000
afce16a9-7497-408e-a52a-dd9babb47ce2;291;Réception (B.L. : 1800334881);1800334881;;FOURNISSEUR CENTRALE;;Pas de commande associée;O;29/03/2026 00:00;;30/03/2026 12:36;0.000
afde5577-d740-490d-84ae-1a96e2ee47fa;292;Réception (B.L. : 1700235159);1700235159;;FOURNISSEUR CENTRALE;;Pas de commande associée;O;27/03/2026 00:00;;27/03/2026 12:11;1181.000
afed6062-5221-4962-bb53-027d682e03d2;293;Réception (B.L. : 1700233637);1700233637;;FOURNISSEUR CENTRALE;;Pas de commande associée;O;19/03/2026 00:00;;20/03/2026 12:09;0.000
affbe884-d88a-4e2a-93fd-549a52649479;293;Réception (B.L. : 1100213333);1100213333;;FOURNISSEUR CENTRALE;;Pas de commande associée;O;23/03/2026 00:00;;23/03/2026 12:12;0.000
b0093513-c552-44b1-89a5-aad31286a575;291;Réception (B.L. : 1800333572);1800333572;;FOURNISSEUR CENTRALE;;Pas de commande associée;O;24/03/2026 00:00;;24/03/2026 17:23;0.000
b01b4f52-0c8c-4751-af62-fd5644fdd086;292;Réception (B.L. : 1800328319);1800328319;;FOURNISSEUR CENTRALE;;Pas de commande associée;O;03/03/2026 00:00;;04/03/2026 12:25;163.000
b058d843-69ab-4fcd-88ce-d697fea94c23;293;Réception (B.L. : 1800335352);1800335352;;FOURNISSEUR CENTRALE;;Pas de commande associée;O;31/03/2026 00:00;;31/03/2026 17:17;0.000
b06b852c-5532-496b-bc23-983deb50688b;292;Réception (B.L. : 1700233865);1700233865;;FOURNISSEUR CENTRALE;;Pas de commande associée;O;20/03/2026 00:00;;20/03/2026 12:05;1108.000
b0791c56-7140-4969-97b4-6cf3ff41100d;292;Réception (B.L. : 1700234172);1700234172;;FOURNISSEUR CENTRALE;;Pas de commande associée;O;23/03/2026 00:00;;23/03/2026 12:21;1126.000
b08b168e-bdcd-491c-8327-aaa3d54e6e68;292;Réception (B.L. : 1800332816);1800332816;;FOURNISSEUR CENTRALE;;Pas de commande associée;O;20/03/2026 00:00;;20/03/2026 12:16;7.000
b094e627-0b66-4f9a-bc7d-ec563446bd96;291;Réception (B.L. : 1800332931);1800332931;;FOURNISSEUR CENTRALE;;Pas de commande associée;O;20/03/2026 00:00;;20/03/2026 17:01;0.000
b098a50d-5008-41c9-97cb-14b9961667f1;291;Réception (B.L. : 1800332264);1800332264;;FOURNISSEUR CENTRALE;;Pas de commande associée;O;18/03/2026 00:00;;19/03/2026 12:19;0.000
b104e3f7-2253-43fa-a07d-d03ba55c3c08;080;Réception (B.L. : 1800335444);1800335444;;FOURNISSEUR CENTRALE;;Pas de commande associée;O;31/03/2026 00:00;;01/04/2026 12:17;749.200
b1368d47-c23a-4243-bc0d-2b753ef9edc2;291;Réception (B.L. : 1100211708);1100211708;;FOURNISSEUR CENTRALE;;Pas de commande associée;O;12/03/2026 00:00;;12/03/2026 17:11;0.000
b13ce819-30af-467f-b6a9-c802a0de320e;293;Réception (B.L. : 1100210762);1100210762;;FOURNISSEUR CENTRALE;;Pas de commande associée;O;06/03/2026 00:00;;06/03/2026 12:14;0.000
b142e0c6-c618-48f6-b905-4435ace0b143;293;Réception (B.L. : 1700235167);1700235167;;FOURNISSEUR CENTRALE;;Pas de commande associée;O;27/03/2026 00:00;;27/03/2026 12:24;0.000
b1471416-3ff1-446b-8352-53736d5c9655;291;Réception (B.L. : 1700236636);1700236636;;FOURNISSEUR CENTRALE;;Pas de commande associée;O;03/04/2026 00:00;;03/04/2026 17:14;0.000
b1551661-edff-4cb0-8d78-d3817babb61c;292;Réception (B.L. : 1100216239);1100216239;;FOURNISSEUR CENTRALE;;Pas de commande associée;O;08/04/2026 00:00;;08/04/2026 12:13;90.000
b19626d8-df81-46b7-a5d9-1d35d94ad32b;291;Réception (B.L. : 1100213351);1100213351;;FOURNISSEUR CENTRALE;;Pas de commande associée;O;23/03/2026 00:00;;23/03/2026 12:17;0.000
b1a1ce97-4758-4eb8-a1a1-d92c512afb36;293;Réception (B.L. : 1800334007);1800334007;;FOURNISSEUR CENTRALE;;Pas de commande associée;O;25/03/2026 00:00;;26/03/2026 12:17;0.000
b1b14e94-c7e9-4a4f-b476-55fd0ea5d8fb;291;Réception (B.L. : 1700236044);1700236044;;FOURNISSEUR CENTRALE;;Pas de commande associée;O;01/04/2026 00:00;;01/04/2026 17:14;0.000
b1bd79e6-e0c1-4f70-afc3-41c8e07542d0;293;Réception (B.L. : 1100213428);1100213428;;FOURNISSEUR CENTRALE;;Pas de commande associée;O;23/03/2026 00:00;;23/03/2026 17:10;0.000
b1d39738-176c-403c-805a-a71a3c9e73a8;292;Réception (B.L. : 1800332981);1800332981;;FOURNISSEUR CENTRALE;;Pas de commande associée;O;20/03/2026 00:00;;20/03/2026 17:06;79.554
b21d1843-9970-43ca-8771-47d3479de281;292;Réception (B.L. : 1800327974);1800327974;;FOURNISSEUR CENTRALE;;Pas de commande associée;O;02/03/2026 00:00;;03/03/2026 12:04;50.000
b247ec10-90f6-4c7a-9994-430cf1a16fbc;293;Réception (B.L. : 1800337183);1800337183;;FOURNISSEUR CENTRALE;;Pas de commande associée;O;07/04/2026 00:00;;08/04/2026 12:32;0.000
b27b31c7-7747-4447-8d0e-ed0db2e76b0d;080;Réception (B.L. : 1800334361);1800334361;;FOURNISSEUR CENTRALE;;Pas de commande associée;O;26/03/2026 00:00;;27/03/2026 12:29;18.500
b2a202f5-c0d4-4398-9410-350c192dd23a;293;Réception (B.L. : 1700232970);1700232970;;FOURNISSEUR CENTRALE;;Pas de commande associée;O;17/03/2026 00:00;;18/03/2026 00:03;0.000
b2cc954b-58b1-4c2e-a7dc-511cc651429a;291;Réception (B.L. : 1800335745);1800335745;;FOURNISSEUR CENTRALE;;Pas de commande associée;O;02/04/2026 00:00;;02/04/2026 12:24;0.000
b2d3833f-1393-4a97-b540-2b804e4b626a;292;Réception (B.L. : 1800329497);1800329497;;FOURNISSEUR CENTRALE;;Pas de commande associée;O;09/03/2026 00:00;;09/03/2026 12:19;27.000
b2efb23e-d97d-4226-aa77-55d5a80e9ee5;292;Réception (B.L. : 1100214145);1100214145;;FOURNISSEUR CENTRALE;;Pas de commande associée;O;26/03/2026 00:00;;26/03/2026 12:13;1.000
b32ee9b1-c10e-4252-bddb-a82ac620078b;293;Réception (B.L. : 1800328894);1800328894;;FOURNISSEUR CENTRALE;;Pas de commande associée;O;05/03/2026 00:00;;06/03/2026 12:32;0.000
b33a935f-9c72-4de3-ae45-b78b59f48a81;291;Réception (B.L. : 1100213165);1100213165;;FOURNISSEUR CENTRALE;;Pas de commande associée;O;21/03/2026 00:00;;21/03/2026 17:00;0.000
b3544321-f2d7-42fb-bca9-cb10628ab08c;293;Réception (B.L. : 1800334241);1800334241;;FOURNISSEUR CENTRALE;;Pas de commande associée;O;26/03/2026 00:00;;26/03/2026 17:13;0.000
b3642de7-7594-47b1-b357-c057e37b81ab;080;Réception (B.L. : 1800327783);1800327783;;FOURNISSEUR CENTRALE;;Pas de commande associée;O;01/03/2026 00:00;;02/03/2026 12:25;19.000
b3c250b6-82cc-4867-9186-cad2b36fcd52;291;Réception (B.L. : 1100213695);1100213695;;FOURNISSEUR CENTRALE;;Pas de commande associée;O;24/03/2026 00:00;;24/03/2026 17:12;0.000
b403e6ca-fd67-43ee-9186-eef0fa0ebfe3;291;Réception (B.L. : 1700236169);1700236169;;FOURNISSEUR CENTRALE;;Pas de commande associée;O;02/04/2026 00:00;;02/04/2026 12:19;0.000
b421c067-8275-40a6-8215-c0c0a5c9f62f;293;Réception (B.L. : 1700235493);1700235493;;FOURNISSEUR CENTRALE;;Pas de commande associée;O;30/03/2026 00:00;;30/03/2026 12:21;0.000
b453af43-8d7d-4005-a8ae-c0ac3c633d74;292;Réception (B.L. : 1800328176);1800328176;;FOURNISSEUR CENTRALE;;Pas de commande associée;O;03/03/2026 00:00;;03/03/2026 17:07;14.000
b45f1724-38d6-4a9c-9b95-22ea03841237;292;Réception (B.L. : 1800332021);1800332021;;FOURNISSEUR CENTRALE;;Pas de commande associée;O;17/03/2026 00:00;;18/03/2026 12:34;23.000
b463814c-f35d-4815-9299-fd9fecb67728;291;Réception (B.L. : 1800328122);1800328122;;FOURNISSEUR CENTRALE;;Pas de commande associée;O;03/03/2026 00:00;;03/03/2026 17:05;0.000
b467f79c-442a-4bd6-8517-e54ff628ddee;291;Réception (B.L. : 1700231856);1700231856;;FOURNISSEUR CENTRALE;;Pas de commande associée;O;11/03/2026 00:00;;11/03/2026 12:21;0.000
b4694c3e-0c9a-414b-ba73-9ee7948bb9a3;293;Réception (B.L. : 1700229776);1700229776;;FOURNISSEUR CENTRALE;;Pas de commande associée;O;02/03/2026 00:00;;02/03/2026 12:28;0.000
b49d34b0-2640-4897-a9fd-7f49b34c8321;080;Réception (B.L. : 1800336061);1800336061;;FOURNISSEUR CENTRALE;;Pas de commande associée;O;02/04/2026 00:00;;03/04/2026 12:25;10.000
b4a05f19-692a-4974-97be-fc840295ddd6;291;Réception (B.L. : 1800336976);1800336976;;FOURNISSEUR CENTRALE;;Pas de commande associée;O;06/04/2026 00:00;;07/04/2026 12:30;0.000
b4c72a78-428a-4355-b3d6-bc31b75de3c4;080;Réception (B.L. : 1800334178);1800334178;;FOURNISSEUR CENTRALE;;Pas de commande associée;O;26/03/2026 00:00;;26/03/2026 12:25;2.000
b4c97e4a-4dab-47d6-aea9-83d90c10624d;293;Réception (B.L. : 1700229769);1700229769;;FOURNISSEUR CENTRALE;;Pas de commande associée;O;02/03/2026 00:00;;02/03/2026 12:21;0.000
b4fbe591-d45e-4a4e-b053-9eb816e40e6a;080;Réception (B.L. : 1100216087);1100216087;;FOURNISSEUR CENTRALE;;Pas de commande associée;O;07/04/2026 00:00;;07/04/2026 17:11;180.000
b510bbe9-ea8b-4dee-a1aa-0340f5912ec4;292;Réception (B.L. : 1100213946);1100213946;;FOURNISSEUR CENTRALE;;Pas de commande associée;O;25/03/2026 00:00;;25/03/2026 12:15;5.000
b516e679-0285-4c55-a188-9127f2a206f9;292;Réception (B.L. : 1700230460);1700230460;;FOURNISSEUR CENTRALE;;Pas de commande associée;O;04/03/2026 00:00;;04/03/2026 23:24;16.000
b51a1313-5517-46e8-92c0-5dfa3c28edbb;080;Réception (B.L. : 1700229944);1700229944;;FOURNISSEUR CENTRALE;;Pas de commande associée;O;03/03/2026 00:00;;03/03/2026 12:02;88.000
b542b264-8fc3-4600-baa3-2dcecf3787b5;291;Réception (B.L. : 1800328750);1800328750;;FOURNISSEUR CENTRALE;;Pas de commande associée;O;05/03/2026 00:00;;05/03/2026 17:13;0.000
b547e555-2a9d-4701-b9bd-5b290bd58059;080;Réception (B.L. : 1800333980);1800333980;;FOURNISSEUR CENTRALE;;Pas de commande associée;O;25/03/2026 00:00;;26/03/2026 12:15;58.000
b56d92ea-aa2e-43a8-8e2d-682d87bbaec4;292;Réception (B.L. : 1800329207);1800329207;;FOURNISSEUR CENTRALE;;Pas de commande associée;O;06/03/2026 00:00;;06/03/2026 17:24;1200.000
b5adfb0c-e2da-43ea-8a99-e80356e1ef38;291;Réception (B.L. : 1100215410);1100215410;;FOURNISSEUR CENTRALE;;Pas de commande associée;O;03/04/2026 00:00;;03/04/2026 12:14;0.000
b5b0b0cd-612c-46b5-9704-4762e0cab858;080;Réception (B.L. : 1100214918);1100214918;;FOURNISSEUR CENTRALE;;Pas de commande associée;O;01/04/2026 00:00;;01/04/2026 12:12;2020.000
b5c6393b-87f2-4b71-ab52-2b97ed299cfc;291;Réception (B.L. : 1700236748);1700236748;;FOURNISSEUR CENTRALE;;Pas de commande associée;O;04/04/2026 00:00;;04/04/2026 12:17;0.000
b61abd76-3544-4c9d-b06e-614243b80e4f;291;Réception (B.L. : 1800337207);1800337207;;FOURNISSEUR CENTRALE;;Pas de commande associée;O;07/04/2026 00:00;;08/04/2026 12:31;0.000
b620502d-34de-439a-9dfb-d983240393b8;080;Réception (B.L. : 1100212152);1100212152;;FOURNISSEUR CENTRALE;;Pas de commande associée;O;16/03/2026 00:00;;16/03/2026 12:16;240.000
b6624b72-c994-43c9-b349-e46f5e466e3d;291;Réception (B.L. : 1700233191);1700233191;;FOURNISSEUR CENTRALE;;Pas de commande associée;O;18/03/2026 00:00;;18/03/2026 12:37;0.000
b6630428-773a-4e24-a80f-6459c8cc640a;291;Réception (B.L. : 1100212852);1100212852;;FOURNISSEUR CENTRALE;;Pas de commande associée;O;19/03/2026 00:00;;19/03/2026 17:18;0.000
b6654074-bd9a-4e1b-8a49-0806e5d2e180;291;Réception (B.L. : 1700230683);1700230683;;FOURNISSEUR CENTRALE;;Pas de commande associée;O;06/03/2026 00:00;;06/03/2026 12:15;0.000
b6a6881a-ca11-4f9f-b30d-a95a1984cd0b;292;Réception (B.L. : 1700235813);1700235813;;FOURNISSEUR CENTRALE;;Pas de commande associée;O;31/03/2026 00:00;;01/04/2026 01:47;20.000
b6d6980c-162d-4ae9-93ec-de20f948c383;080;Réception (B.L. : 1800334362);1800334362;;FOURNISSEUR CENTRALE;;Pas de commande associée;O;26/03/2026 00:00;;27/03/2026 12:30;947.200
b6e42098-2ff9-4520-898f-8f0c3e7f5cd9;291;Réception (B.L. : 1800336384);1800336384;;FOURNISSEUR CENTRALE;;Pas de commande associée;O;03/04/2026 00:00;;04/04/2026 01:37;0.000
b7024318-0a09-4517-968e-c769b1b83885;291;Réception (B.L. : 1800333570);1800333570;;FOURNISSEUR CENTRALE;;Pas de commande associée;O;24/03/2026 00:00;;24/03/2026 17:21;0.000
b710614d-833f-4889-941d-efa2b1e05c60;292;Réception (B.L. : 1800335829);1800335829;;FOURNISSEUR CENTRALE;;Pas de commande associée;O;02/04/2026 00:00;;02/04/2026 12:22;6.000
b7188335-98b2-4ae9-838b-cc925927f14e;080;Réception (B.L. : 1800336675);1800336675;;FOURNISSEUR CENTRALE;;Pas de commande associée;O;06/04/2026 00:00;;06/04/2026 12:18;8.000
b72afac1-4703-42d3-a6df-1a3815027a70;291;Réception (B.L. : 1700234098);1700234098;;FOURNISSEUR CENTRALE;;Pas de commande associée;O;23/03/2026 00:00;;23/03/2026 12:24;0.000
b72df835-5328-4c26-bcd6-e5585519762e;291;Réception (B.L. : 1800335336);1800335336;;FOURNISSEUR CENTRALE;;Pas de commande associée;O;31/03/2026 00:00;;31/03/2026 17:14;0.000
b73c3590-27ec-4cf2-b207-a5dbb4f1a930;292;Réception (B.L. : 1800330557);1800330557;;FOURNISSEUR CENTRALE;;Pas de commande associée;O;12/03/2026 00:00;;12/03/2026 12:11;26.000
b74973e7-63ea-4b54-a223-0060e00906d7;080;Réception (B.L. : 1800335674);1800335674;;FOURNISSEUR CENTRALE;;Pas de commande associée;O;02/04/2026 00:00;;02/04/2026 12:17;40.000
b74b3f28-5aa9-4bff-be98-2927f69289a3;292;Réception (B.L. : 1700233329);1700233329;;FOURNISSEUR CENTRALE;;Pas de commande associée;O;18/03/2026 00:00;;19/03/2026 12:13;24.000
b74f2e5f-6cf6-45e1-8407-cb4d2b2e1e1d;291;Réception (B.L. : 1700235584);1700235584;;FOURNISSEUR CENTRALE;;Pas de commande associée;O;30/03/2026 00:00;;30/03/2026 12:28;0.000
b7522ac9-a123-4119-a689-18396e4899ab;080;Réception (B.L. : 1800331586);1800331586;;FOURNISSEUR CENTRALE;;Pas de commande associée;O;17/03/2026 00:00;;17/03/2026 12:04;568.000
b75b59f7-d9f2-48f9-8977-7d4df7bf7cd2;291;Réception (B.L. : 1800335630);1800335630;;FOURNISSEUR CENTRALE;;Pas de commande associée;O;01/04/2026 00:00;;01/04/2026 17:23;0.000
b75cb78a-8a51-4a8b-a6df-ecd12d5c1fe4;291;Réception (B.L. : 1800334132);1800334132;;FOURNISSEUR CENTRALE;;Pas de commande associée;O;26/03/2026 00:00;;26/03/2026 12:28;0.000
b7604194-7363-4e67-908a-cae2571aaf7b;292;Réception (B.L. : 1100214074);1100214074;;FOURNISSEUR CENTRALE;;Pas de commande associée;O;25/03/2026 00:00;;25/03/2026 17:11;32.000
b763f08d-8d5a-4925-bfb7-753ddf43ad57;291;Réception (B.L. : 1800328604);1800328604;;FOURNISSEUR CENTRALE;;Pas de commande associée;O;05/03/2026 00:00;;05/03/2026 12:19;0.000
b77a76db-ab58-47b8-b42a-3a65142960af;292;Réception (B.L. : 1800335137);1800335137;;FOURNISSEUR CENTRALE;;Pas de commande associée;O;30/03/2026 00:00;;31/03/2026 12:13;166.000
b77a8ceb-e187-4a8d-b5d4-b0049ebb91e6;292;Réception (B.L. : 1800331990);1800331990;;FOURNISSEUR CENTRALE;;Pas de commande associée;O;17/03/2026 00:00;;18/03/2026 12:30;1720.000
b79cbf82-b01b-4265-8e33-35c3e521f1b7;293;Réception (B.L. : 1100215334);1100215334;;FOURNISSEUR CENTRALE;;Pas de commande associée;O;02/04/2026 00:00;;02/04/2026 17:12;0.000
b7b158cb-a5db-4458-96c7-634313988ad9;292;Réception (B.L. : 1700231026);1700231026;;FOURNISSEUR CENTRALE;;Pas de commande associée;O;06/03/2026 00:00;;06/03/2026 17:18;72.000
b7bfa48a-2556-4c47-a1df-92bce4e40510;293;Réception (B.L. : 1800329718);1800329718;;FOURNISSEUR CENTRALE;;Pas de commande associée;O;10/03/2026 00:00;;10/03/2026 12:05;0.000
b7c1195e-ed03-47c6-a177-625bf6f0e7e7;080;Réception (B.L. : 1800335205);1800335205;;FOURNISSEUR CENTRALE;;Pas de commande associée;O;31/03/2026 00:00;;31/03/2026 17:13;7.000
b7ff4579-1d51-4444-91e0-8928f8be37b0;291;Réception (B.L. : 1200105734);1200105734;;FOURNISSEUR CENTRALE;;Pas de commande associée;O;04/03/2026 00:00;;04/03/2026 17:01;0.000
b806dad5-1397-4276-8be2-20f6ba7981c7;291;Réception (B.L. : 1700236288);1700236288;;FOURNISSEUR CENTRALE;;Pas de commande associée;O;02/04/2026 00:00;;02/04/2026 12:21;0.000
b82ddc98-bf97-4748-b082-9f53957c8796;292;Réception (B.L. : 1700236653);1700236653;;FOURNISSEUR CENTRALE;;Pas de commande associée;O;03/04/2026 00:00;;03/04/2026 17:12;1145.000
b840e9e9-0d1f-4174-938c-e8aa7ddb60aa;292;Réception (B.L. : 1800333996);1800333996;;FOURNISSEUR CENTRALE;;Pas de commande associée;O;25/03/2026 00:00;;26/03/2026 12:18;2970.000
b860e583-7588-46ab-9a4e-951886d8b5e9;293;Réception (B.L. : 1100214388);1100214388;;FOURNISSEUR CENTRALE;;Pas de commande associée;O;27/03/2026 00:00;;27/03/2026 12:20;0.000
b86e0788-23f1-4113-a968-64773c88fdb4;080;Réception (B.L. : 1700236625);1700236625;;FOURNISSEUR CENTRALE;;Pas de commande associée;O;03/04/2026 00:00;;03/04/2026 17:10;1357.000
b89b808b-f906-4959-933c-0952b0e7bd91;292;Réception (B.L. : 1100215537);1100215537;;FOURNISSEUR CENTRALE;;Pas de commande associée;O;03/04/2026 00:00;;03/04/2026 12:11;2296.000
b89c6f2a-b0ac-4d28-88f7-e1243d6a5abe;080;Réception (B.L. : 1800335673);1800335673;;FOURNISSEUR CENTRALE;;Pas de commande associée;O;02/04/2026 00:00;;02/04/2026 12:16;10.390
b8c9c7d0-f2ac-4821-b58f-8eaf8a62b990;080;Réception (B.L. : 1800331585);1800331585;;FOURNISSEUR CENTRALE;;Pas de commande associée;O;17/03/2026 00:00;;17/03/2026 12:03;638.100
b8cb48fa-6006-45cc-bcd2-b1d8f292c35c;291;Réception (B.L. : 1700236966);1700236966;;FOURNISSEUR CENTRALE;;Pas de commande associée;O;06/04/2026 00:00;;06/04/2026 12:21;0.000
b92224eb-491e-419b-ab71-2b0e9446dc25;292;Réception (B.L. : 1800329976);1800329976;;FOURNISSEUR CENTRALE;;Pas de commande associée;O;10/03/2026 00:00;;10/03/2026 17:03;1.000
b92940a4-74fa-4364-8f0a-17f0a7e3d497;291;Réception (B.L. : 1700234667);1700234667;;FOURNISSEUR CENTRALE;;Pas de commande associée;O;25/03/2026 00:00;;25/03/2026 12:27;0.000
b9410955-92fa-4e2a-a4d3-5d5d20097999;292;Réception (B.L. : 1100210449);1100210449;;FOURNISSEUR CENTRALE;;Pas de commande associée;O;04/03/2026 00:00;;04/03/2026 12:13;2960.000
b9466930-7a1c-4574-86df-b2d956fb4120;291;Réception (B.L. : 1800332266);1800332266;;FOURNISSEUR CENTRALE;;Pas de commande associée;O;18/03/2026 00:00;;19/03/2026 12:21;0.000
b95b357b-6dfc-41c5-9c09-3c262d84b8d1;291;Réception (B.L. : 1100212817);1100212817;;FOURNISSEUR CENTRALE;;Pas de commande associée;O;19/03/2026 00:00;;19/03/2026 17:16;0.000
b95e4fdf-a21b-44eb-b5ed-300327814e0e;293;Réception (B.L. : 1800334628);1800334628;;FOURNISSEUR CENTRALE;;Pas de commande associée;O;27/03/2026 00:00;;27/03/2026 23:42;0.000
b960f05e-d325-4567-a892-8f14cc2f36c2;291;Réception (B.L. : 1700236737);1700236737;;FOURNISSEUR CENTRALE;;Pas de commande associée;O;04/04/2026 00:00;;04/04/2026 12:16;0.000
b96c8170-79b5-4615-b38d-175f695135bf;291;Réception (B.L. : 1100212378);1100212378;;FOURNISSEUR CENTRALE;;Pas de commande associée;O;17/03/2026 00:00;;17/03/2026 17:02;0.000
b96d7efe-0683-4c3e-bf42-b6063bd8a366;292;Réception (B.L. : 1100213052);1100213052;;FOURNISSEUR CENTRALE;;Pas de commande associée;O;20/03/2026 00:00;;20/03/2026 12:02;1355.000
b97acce6-697b-4c62-a8d5-be299a473e63;293;Réception (B.L. : 1800335220);1800335220;;FOURNISSEUR CENTRALE;;Pas de commande associée;O;31/03/2026 00:00;;31/03/2026 17:12;0.000
b987ff0c-31b5-4515-8895-fe27bb0c66a4;293;Réception (B.L. : 1100212169);1100212169;;FOURNISSEUR CENTRALE;;Pas de commande associée;O;16/03/2026 00:00;;16/03/2026 12:16;0.000
b99d8ed9-3849-4112-bc2b-feae72ff63dd;080;Réception (B.L. : 1800333730);1800333730;;FOURNISSEUR CENTRALE;;Pas de commande associée;O;24/03/2026 00:00;;25/03/2026 12:36;23.000
b9cbfd7d-fe18-418e-976b-90f026f3596e;293;Réception (B.L. : 1800336133);1800336133;;FOURNISSEUR CENTRALE;;Pas de commande associée;O;02/04/2026 00:00;;03/04/2026 12:26;0.000
b9ee81a0-6e4a-4702-bcb8-2d13d96de3ca;080;Réception (B.L. : 1800336684);1800336684;;FOURNISSEUR CENTRALE;;Pas de commande associée;O;05/04/2026 00:00;;06/04/2026 12:26;12.000
ba10636f-09be-453d-845f-486917f4d82d;080;Réception (B.L. : 1700235516);1700235516;;FOURNISSEUR CENTRALE;;Pas de commande associée;O;30/03/2026 00:00;;30/03/2026 12:17;400.000
ba1f0423-a824-4f6b-88ca-cb4773394b40;293;Réception (B.L. : 1700229768);1700229768;;FOURNISSEUR CENTRALE;;Pas de commande associée;O;02/03/2026 00:00;;02/03/2026 12:20;0.000
ba3b6144-ca54-42d3-a645-5fcfbae87a74;292;Réception (B.L. : 1800331992);1800331992;;FOURNISSEUR CENTRALE;;Pas de commande associée;O;17/03/2026 00:00;;18/03/2026 12:32;48.000
ba471f09-2f2f-4329-900e-1c3fe4f1607b;293;Réception (B.L. : 1700234649);1700234649;;FOURNISSEUR CENTRALE;;Pas de commande associée;O;25/03/2026 00:00;;25/03/2026 12:31;0.000
ba7a820f-edb9-480d-8e0c-072211d55805;080;Réception (B.L. : 1800334710);1800334710;;FOURNISSEUR CENTRALE;;Pas de commande associée;O;28/03/2026 00:00;;28/03/2026 12:12;25.000
ba82ac75-222b-40e7-b2f1-edc1f7406ac9;293;Réception (B.L. : 1800330421);1800330421;;FOURNISSEUR CENTRALE;;Pas de commande associée;O;11/03/2026 00:00;;12/03/2026 12:06;0.000
ba90dc36-72dc-4234-96cf-bc29e0397fc9;293;Réception (B.L. : 1800334903);1800334903;;FOURNISSEUR CENTRALE;;Pas de commande associée;O;29/03/2026 00:00;;30/03/2026 12:30;0.000
baa5103f-8c86-4144-9657-2f27c6ce3ce1;080;Réception (B.L. : 1700233275);1700233275;;FOURNISSEUR CENTRALE;;Pas de commande associée;O;18/03/2026 00:00;;18/03/2026 17:11;70.000
baaaacf2-df3f-4fd9-aa73-b05a6eeb4b5b;291;Réception (B.L. : 1800331091);1800331091;;FOURNISSEUR CENTRALE;;Pas de commande associée;O;13/03/2026 00:00;;13/03/2026 23:33;0.000
bac8b3a2-780e-404f-81b5-8d68ef00f9da;293;Réception (B.L. : 1800331377);1800331377;;FOURNISSEUR CENTRALE;;Pas de commande associée;O;15/03/2026 00:00;;16/03/2026 12:32;0.000
bad6212c-d5b3-466e-9a0c-7aefd6bc04a1;080;Réception (B.L. : 1800334095);1800334095;;FOURNISSEUR CENTRALE;;Pas de commande associée;O;26/03/2026 00:00;;26/03/2026 12:23;52.000
bad8ee03-2476-44e0-bdfb-9ca67ae4b1c9;291;Réception (B.L. : 1800328334);1800328334;;FOURNISSEUR CENTRALE;;Pas de commande associée;O;03/03/2026 00:00;;04/03/2026 12:31;608.000
bb0d03ff-6509-47a6-9d49-342f6d9e05f7;293;Réception (B.L. : 1100213168);1100213168;;FOURNISSEUR CENTRALE;;Pas de commande associée;O;21/03/2026 00:00;;21/03/2026 17:00;0.000
bb15be05-10dd-422e-b96a-03e56355007d;080;Réception (B.L. : 1700234149);1700234149;;FOURNISSEUR CENTRALE;;Pas de commande associée;O;23/03/2026 00:00;;23/03/2026 12:20;36.000
bb18912e-009e-4474-9632-083297aaa501;291;Réception (B.L. : 1800337209);1800337209;;FOURNISSEUR CENTRALE;;Pas de commande associée;O;07/04/2026 00:00;;08/04/2026 12:33;0.000
bb24baea-d657-4e59-aa49-3b116e8f1e88;292;Réception (B.L. : 1100213356);1100213356;;FOURNISSEUR CENTRALE;;Pas de commande associée;O;23/03/2026 00:00;;23/03/2026 12:13;2730.000
bb4c9386-773b-45b5-aecc-89f08b35052c;293;Réception (B.L. : 1700229813);1700229813;;FOURNISSEUR CENTRALE;;Pas de commande associée;O;02/03/2026 00:00;;02/03/2026 12:29;0.000
bb6af024-26d8-497b-8842-2da71ea6afed;292;Réception (B.L. : 1100212556);1100212556;;FOURNISSEUR CENTRALE;;Pas de commande associée;O;18/03/2026 00:00;;18/03/2026 12:11;2514.000
bb78b7be-7d21-490a-b66e-4066138e8913;293;Réception (B.L. : 1200107335);1200107335;;FOURNISSEUR CENTRALE;;Pas de commande associée;O;27/03/2026 00:00;;27/03/2026 12:11;0.000
bb84e9b1-44c4-421f-a036-903a06535d03;080;Réception (B.L. : 1700234612);1700234612;;FOURNISSEUR CENTRALE;;Pas de commande associée;O;25/03/2026 00:00;;25/03/2026 12:25;540.000
bbbc28de-3f1f-41f1-8d1a-58cc021d0029;080;Réception (B.L. : 1800333981);1800333981;;FOURNISSEUR CENTRALE;;Pas de commande associée;O;25/03/2026 00:00;;26/03/2026 12:16;371.000
bbbdd8ac-633e-4370-9c06-a5f9f88cef54;291;Réception (B.L. : 1100215033);1100215033;;FOURNISSEUR CENTRALE;;Pas de commande associée;O;01/04/2026 00:00;;01/04/2026 12:20;0.000
bbc1417b-3c49-4a27-9cfe-23c9b7c3f716;293;Réception (B.L. : 1100213845);1100213845;;FOURNISSEUR CENTRALE;;Pas de commande associée;O;25/03/2026 00:00;;25/03/2026 12:13;0.000
bc0a18a0-6b08-42a7-95f5-0e235b7454ea;080;Réception (B.L. : 1800333183);1800333183;;FOURNISSEUR CENTRALE;;Pas de commande associée;O;23/03/2026 00:00;;23/03/2026 12:31;11.000
bc2098a4-67a3-49f4-86b1-372562f383bb;291;Réception (B.L. : 1800328946);1800328946;;FOURNISSEUR CENTRALE;;Pas de commande associée;O;05/03/2026 00:00;;06/03/2026 12:33;0.000
bc34aefd-5d1b-47c7-824a-d639ef958f70;291;Réception (B.L. : 1800331085);1800331085;;FOURNISSEUR CENTRALE;;Pas de commande associée;O;13/03/2026 00:00;;13/03/2026 23:27;0.000
bc3a19c9-3734-492c-9cbd-47960736dce2;291;Réception (B.L. : 1100215153);1100215153;;FOURNISSEUR CENTRALE;;Pas de commande associée;O;02/04/2026 00:00;;02/04/2026 12:13;0.000
bc50abfe-966a-4c78-b3f5-82e8b6651dae;080;Réception (B.L. : 1800332307);1800332307;;FOURNISSEUR CENTRALE;;Pas de commande associée;O;18/03/2026 00:00;;19/03/2026 12:20;74.000
bc5655cc-881c-4ba5-ba11-e014d3165df3;291;Réception (B.L. : 1700233850);1700233850;;FOURNISSEUR CENTRALE;;Pas de commande associée;O;20/03/2026 00:00;;20/03/2026 12:13;0.000
bc61175f-ad9d-436f-832e-11390d4f9660;080;Réception (B.L. : 1700234614);1700234614;;FOURNISSEUR CENTRALE;;Pas de commande associée;O;25/03/2026 00:00;;25/03/2026 12:27;48.000
bc69f746-966c-48f6-a2a8-d5a30103b5ce;291;Réception (B.L. : 1100212616);1100212616;;FOURNISSEUR CENTRALE;;Pas de commande associée;O;18/03/2026 00:00;;18/03/2026 17:01;0.000
bc6ba2a8-4d23-484e-b060-6ab8b84b7d06;291;Réception (B.L. : 1800330509);1800330509;;FOURNISSEUR CENTRALE;;Pas de commande associée;O;12/03/2026 00:00;;12/03/2026 12:14;0.000
bc7f672c-5c6e-4270-9c80-557253d515cc;291;Réception (B.L. : 1700234105);1700234105;;FOURNISSEUR CENTRALE;;Pas de commande associée;O;23/03/2026 00:00;;23/03/2026 12:31;0.000
bc9841c5-15b0-4d1b-905d-27f55cd10d4c;291;Réception (B.L. : 1800331250);1800331250;;FOURNISSEUR CENTRALE;;Pas de commande associée;O;14/03/2026 00:00;;14/03/2026 17:12;0.000
bca5b72d-52dd-4fe5-96e5-b9531c850043;292;Réception (B.L. : 1800328213);1800328213;;FOURNISSEUR CENTRALE;;Pas de commande associée;O;03/03/2026 00:00;;03/03/2026 17:08;1.000
bcc4b533-fea7-4219-9a59-7e9089db7e7a;293;Réception (B.L. : 1700235494);1700235494;;FOURNISSEUR CENTRALE;;Pas de commande associée;O;30/03/2026 00:00;;30/03/2026 12:22;0.000
bce59d79-b27b-4f38-9225-2f3c2d2d7dfc;291;Réception (B.L. : 1700232331);1700232331;;FOURNISSEUR CENTRALE;;Pas de commande associée;O;13/03/2026 00:00;;13/03/2026 12:17;0.000
bcf0982e-3cd2-40a0-bac3-3acdf74fddbd;292;Réception (B.L. : 1800331133);1800331133;;FOURNISSEUR CENTRALE;;Pas de commande associée;O;13/03/2026 00:00;;13/03/2026 23:26;26.000
bd10b3e1-04d4-47a8-8402-726814fbb2ed;291;Réception (B.L. : 1700232336);1700232336;;FOURNISSEUR CENTRALE;;Pas de commande associée;O;13/03/2026 00:00;;13/03/2026 12:22;0.000
bd35ce86-e240-4691-8b37-dcef1b6031cd;291;Réception (B.L. : 1700233846);1700233846;;FOURNISSEUR CENTRALE;;Pas de commande associée;O;20/03/2026 00:00;;20/03/2026 12:09;0.000
bd6fc679-b9be-4acb-8531-f91ab2cf7ca9;293;Réception (B.L. : 1800336648);1800336648;;FOURNISSEUR CENTRALE;;Pas de commande associée;O;06/04/2026 00:00;;06/04/2026 12:23;0.000
bd7366bd-b7e0-4ff9-bdfd-95bcd9c1d195;080;Réception (B.L. : 1800336540);1800336540;;FOURNISSEUR CENTRALE;;Pas de commande associée;O;04/04/2026 00:00;;04/04/2026 17:11;1.000
bddba1a0-3400-477f-a08a-5c7e12b70e12;292;Réception (B.L. : 1800333391);1800333391;;FOURNISSEUR CENTRALE;;Pas de commande associée;O;24/03/2026 00:00;;24/03/2026 12:17;567.700
bdea09be-5daf-4591-bb60-69edaa433e03;293;Réception (B.L. : 1700236139);1700236139;;FOURNISSEUR CENTRALE;;Pas de commande associée;O;01/04/2026 00:00;;02/04/2026 12:12;0.000
be280c30-4ad1-424d-bad6-7cacdadb1eb3;292;Réception (B.L. : 1800329468);1800329468;;FOURNISSEUR CENTRALE;;Pas de commande associée;O;09/03/2026 00:00;;09/03/2026 12:16;50.000
be843f7a-0ecf-42fc-b01d-0fbe64f2c762;291;Réception (B.L. : 1800328006);1800328006;;FOURNISSEUR CENTRALE;;Pas de commande associée;O;02/03/2026 00:00;;03/03/2026 12:03;0.000
be920229-9b95-482e-9c1a-c7ad62b5fd2c;293;Réception (B.L. : 1700230868);1700230868;;FOURNISSEUR CENTRALE;;Pas de commande associée;O;06/03/2026 00:00;;06/03/2026 12:23;0.000
bead1655-9efd-4f00-b45c-733bda48c515;080;Réception (B.L. : 1700230299);1700230299;;FOURNISSEUR CENTRALE;;Pas de commande associée;O;04/03/2026 00:00;;04/03/2026 12:07;3219.000
beb01b22-cebf-40a0-81a6-d2cd521b4c5e;080;Réception (B.L. : 1700231930);1700231930;;FOURNISSEUR CENTRALE;;Pas de commande associée;O;11/03/2026 00:00;;11/03/2026 12:20;4.000
bed2a7ec-8381-4f1b-9235-99c7fc337fa3;292;Réception (B.L. : 1800328318);1800328318;;FOURNISSEUR CENTRALE;;Pas de commande associée;O;03/03/2026 00:00;;04/03/2026 12:24;20.000
bed85e9d-280b-464a-9745-4bfd01fa80b3;080;Réception (B.L. : 1100211107);1100211107;;FOURNISSEUR CENTRALE;;Pas de commande associée;O;08/03/2026 00:00;;09/03/2026 12:12;2171.000
bed94ca6-030c-4a5b-9f8c-3030dfd5531a;291;Réception (B.L. : 1100210855);1100210855;;FOURNISSEUR CENTRALE;;Pas de commande associée;O;06/03/2026 00:00;;06/03/2026 12:14;0.000
beee9db2-d75e-470b-81e6-909b6642c420;293;Réception (B.L. : 1800328327);1800328327;;FOURNISSEUR CENTRALE;;Pas de commande associée;O;03/03/2026 00:00;;04/03/2026 12:33;0.000
bf3f78b9-8e1c-4ec5-91b9-228941ae38f2;293;Réception (B.L. : 1800336398);1800336398;;FOURNISSEUR CENTRALE;;Pas de commande associée;O;03/04/2026 00:00;;04/04/2026 01:42;0.000
bf6bf8bd-c704-449f-a335-d1537869b690;291;Réception (B.L. : 1700234395);1700234395;;FOURNISSEUR CENTRALE;;Pas de commande associée;O;24/03/2026 00:00;;24/03/2026 12:12;0.000
bf767483-e580-465d-a9cc-d89dd6dddad5;293;Réception (B.L. : 1800327760);1800327760;;FOURNISSEUR CENTRALE;;Pas de commande associée;O;02/03/2026 00:00;;02/03/2026 12:35;0.000
bf809c45-5b97-4ec8-a28f-84ff5b243f7b;293;Réception (B.L. : 1800335750);1800335750;;FOURNISSEUR CENTRALE;;Pas de commande associée;O;02/04/2026 00:00;;02/04/2026 12:18;0.000
bf833136-d85c-40fd-a8da-e933ae777da4;293;Réception (B.L. : 1800333582);1800333582;;FOURNISSEUR CENTRALE;;Pas de commande associée;O;24/03/2026 00:00;;24/03/2026 17:15;0.000
bf86d0f4-75a2-44a1-aa6f-af23db1fd18f;080;Réception (B.L. : 1800333097);1800333097;;FOURNISSEUR CENTRALE;;Pas de commande associée;O;22/03/2026 00:00;;23/03/2026 12:30;39.000
bf87b5de-e7a9-4c46-86b3-e3b7ffe42dc9;293;Réception (B.L. : 1700235490);1700235490;;FOURNISSEUR CENTRALE;;Pas de commande associée;O;30/03/2026 00:00;;30/03/2026 12:18;0.000
bf8a22ff-cbaa-40a1-accb-e223c0a3b580;291;Réception (B.L. : 1700231860);1700231860;;FOURNISSEUR CENTRALE;;Pas de commande associée;O;11/03/2026 00:00;;11/03/2026 12:25;0.000
bf978a7b-a7d3-4a6c-adc5-bd9d938a31bb;293;Réception (B.L. : 1100215545);1100215545;;FOURNISSEUR CENTRALE;;Pas de commande associée;O;03/04/2026 00:00;;03/04/2026 12:18;0.000
c019e3ea-23cc-4024-89ea-323a1e4db1ea;293;Réception (B.L. : 1800333131);1800333131;;FOURNISSEUR CENTRALE;;Pas de commande associée;O;23/03/2026 00:00;;23/03/2026 12:31;0.000
c0455ac7-d884-4dc7-8926-cf4050574015;291;Réception (B.L. : 1800332935);1800332935;;FOURNISSEUR CENTRALE;;Pas de commande associée;O;20/03/2026 00:00;;20/03/2026 17:05;0.000
c05e3b10-8616-48b7-9339-d05dc4644c42;293;Réception (B.L. : 1800332293);1800332293;;FOURNISSEUR CENTRALE;;Pas de commande associée;O;18/03/2026 00:00;;19/03/2026 12:18;0.000
c061e9fc-1544-4404-aea1-75d26bdb75c5;292;Réception (B.L. : 1700232407);1700232407;;FOURNISSEUR CENTRALE;;Pas de commande associée;O;13/03/2026 00:00;;13/03/2026 17:01;6.000
c067468f-5167-480a-9e63-331e53a15e61;292;Réception (B.L. : 1200107222);1200107222;;FOURNISSEUR CENTRALE;;Pas de commande associée;O;26/03/2026 00:00;;26/03/2026 12:12;4.000
c0716c6b-7f63-43d7-bd3b-f19fd6eb3d83;291;Réception (B.L. : 1100214607);1100214607;;FOURNISSEUR CENTRALE;;Pas de commande associée;O;30/03/2026 00:00;;30/03/2026 12:15;0.000
c08a7fd9-6136-43ff-9b29-0d91918fce63;291;Réception (B.L. : 1700233187);1700233187;;FOURNISSEUR CENTRALE;;Pas de commande associée;O;18/03/2026 00:00;;18/03/2026 12:33;0.000
c091be9a-c0fb-4ff4-bc8a-3afc33253695;080;Réception (B.L. : 1800336459);1800336459;;FOURNISSEUR CENTRALE;;Pas de commande associée;O;03/04/2026 00:00;;04/04/2026 12:13;26.000
c0ebc588-5534-4d0e-9be4-270ce2d172bf;293;Réception (B.L. : 1700233260);1700233260;;FOURNISSEUR CENTRALE;;Pas de commande associée;O;18/03/2026 00:00;;18/03/2026 12:28;0.000
c0f04f94-e0e9-41cc-b365-e36472895b0c;293;Réception (B.L. : 1800334350);1800334350;;FOURNISSEUR CENTRALE;;Pas de commande associée;O;26/03/2026 00:00;;27/03/2026 12:35;0.000
c104f4d4-a2f2-4d2d-ae2c-86c77be1d0f8;293;Réception (B.L. : 1800331098);1800331098;;FOURNISSEUR CENTRALE;;Pas de commande associée;O;13/03/2026 00:00;;13/03/2026 23:34;0.000
c125fe27-fc74-42fd-9aa9-0af06d537dab;080;Réception (B.L. : 1700233541);1700233541;;FOURNISSEUR CENTRALE;;Pas de commande associée;O;19/03/2026 00:00;;19/03/2026 23:36;69.000
c12ed777-f7c0-4ce0-96f0-640288e90fd0;080;Réception (B.L. : 1700236630);1700236630;;FOURNISSEUR CENTRALE;;Pas de commande associée;O;03/04/2026 00:00;;03/04/2026 17:15;19.000
c1333370-cb98-44d5-98d8-f5c739c60792;292;Réception (B.L. : 1700236724);1700236724;;FOURNISSEUR CENTRALE;;Pas de commande associée;O;04/04/2026 00:00;;04/04/2026 12:13;240.000
c1518ef7-d245-4fb5-9e5a-abbb705ae649;292;Réception (B.L. : 1100213880);1100213880;;FOURNISSEUR CENTRALE;;Pas de commande associée;O;25/03/2026 00:00;;25/03/2026 12:14;6.000
c15ae3ea-2ac2-4ba6-bbcd-0ab06c16ff79;291;Réception (B.L. : 1200107264);1200107264;;FOURNISSEUR CENTRALE;;Pas de commande associée;O;26/03/2026 00:00;;26/03/2026 17:11;0.000
c16709f6-da7a-40fe-81b9-7dbecf6c1f48;293;Réception (B.L. : 1800334157);1800334157;;FOURNISSEUR CENTRALE;;Pas de commande associée;O;26/03/2026 00:00;;26/03/2026 12:22;0.000
c178be93-62d1-4bc2-b111-f31cf1b870b7;291;Réception (B.L. : 1800331607);1800331607;;FOURNISSEUR CENTRALE;;Pas de commande associée;O;16/03/2026 00:00;;17/03/2026 12:08;0.000
c1941921-7415-4e80-944c-347a396e0c34;293;Réception (B.L. : 1800328899);1800328899;;FOURNISSEUR CENTRALE;;Pas de commande associée;O;05/03/2026 00:00;;06/03/2026 12:37;0.000
c1c953bf-661b-4049-8d5a-12efec5f428b;291;Réception (B.L. : 1800335133);1800335133;;FOURNISSEUR CENTRALE;;Pas de commande associée;O;30/03/2026 00:00;;31/03/2026 12:17;0.000
c1e9d155-16cf-4a8e-933b-f9666038a8e8;080;Réception (B.L. : 1700230306);1700230306;;FOURNISSEUR CENTRALE;;Pas de commande associée;O;04/03/2026 00:00;;04/03/2026 12:14;66.000
c1ec4aff-7714-4634-ba9d-7732ab14198a;080;Réception (B.L. : 1200105749);1200105749;;FOURNISSEUR CENTRALE;;Pas de commande associée;O;04/03/2026 00:00;;04/03/2026 17:02;1.000
c1f2edc5-409b-4623-884f-bb77ac1fc5d7;293;Réception (B.L. : 1800329184);1800329184;;FOURNISSEUR CENTRALE;;Pas de commande associée;O;06/03/2026 00:00;;06/03/2026 17:20;0.000
c21c80ac-6228-46da-86b4-df0e300e6bc9;293;Réception (B.L. : 1700237416);1700237416;;FOURNISSEUR CENTRALE;;Pas de commande associée;O;08/04/2026 00:00;;08/04/2026 12:25;0.000
c21c9a58-3f19-4d80-8ddb-c5b8b73da603;293;Réception (B.L. : 1800330127);1800330127;;FOURNISSEUR CENTRALE;;Pas de commande associée;O;11/03/2026 00:00;;11/03/2026 12:28;0.000
c22ac252-03b0-43f1-b867-a1914c37e1b9;292;Réception (B.L. : 1800329738);1800329738;;FOURNISSEUR CENTRALE;;Pas de commande associée;O;10/03/2026 00:00;;10/03/2026 12:07;593.000
c257f1f1-d11e-42c2-a958-e2cf688318fc;291;Réception (B.L. : 1800334376);1800334376;;FOURNISSEUR CENTRALE;;Pas de commande associée;O;26/03/2026 00:00;;27/03/2026 12:18;0.000
c27d4f02-062d-4dc7-bacd-11c62a2791cf;293;Réception (B.L. : 1800333354);1800333354;;FOURNISSEUR CENTRALE;;Pas de commande associée;O;24/03/2026 00:00;;24/03/2026 12:12;0.000
c2c3e16b-e33e-402f-8c12-6046fe49828c;080;Réception (B.L. : 1700233267);1700233267;;FOURNISSEUR CENTRALE;;Pas de commande associée;O;18/03/2026 00:00;;18/03/2026 17:03;733.000
c2f05e26-0241-4c3b-911f-476255fa6a4e;080;Réception (B.L. : 1700233625);1700233625;;FOURNISSEUR CENTRALE;;Pas de commande associée;O;19/03/2026 00:00;;20/03/2026 12:08;310.000
c327874f-19a4-44d7-a42e-f7f93b5d225e;292;Réception (B.L. : 1700233883);1700233883;;FOURNISSEUR CENTRALE;;Pas de commande associée;O;20/03/2026 00:00;;20/03/2026 12:10;8.000
c335ac79-8711-452d-a8ba-27ca731a70f4;291;Réception (B.L. : 1800331270);1800331270;;FOURNISSEUR CENTRALE;;Pas de commande associée;O;14/03/2026 00:00;;14/03/2026 17:14;0.000
c3404a82-9a9b-4099-8c9f-1088136d78fc;293;Réception (B.L. : 1100210044);1100210044;;FOURNISSEUR CENTRALE;;Pas de commande associée;O;02/03/2026 00:00;;02/03/2026 12:15;0.000
c34640d4-dc2a-4054-8493-f54230d43bbf;080;Réception (B.L. : 1100215462);1100215462;;FOURNISSEUR CENTRALE;;Pas de commande associée;O;03/04/2026 00:00;;03/04/2026 12:18;6.000
c353a50a-eb9c-4005-abb0-baba40b7a49d;292;Réception (B.L. : 1700231974);1700231974;;FOURNISSEUR CENTRALE;;Pas de commande associée;O;11/03/2026 00:00;;11/03/2026 17:06;12.000
c3764515-1573-4c08-abd7-5685663efeb6;293;Réception (B.L. : 1700232721);1700232721;;FOURNISSEUR CENTRALE;;Pas de commande associée;O;16/03/2026 00:00;;16/03/2026 12:29;0.000
c385d93c-e850-401a-a514-ff17a8c5c79d;291;Réception (B.L. : 1800328333);1800328333;;FOURNISSEUR CENTRALE;;Pas de commande associée;O;03/03/2026 00:00;;04/03/2026 12:30;0.000
c38c6442-0ca5-4b22-901b-428879d7b02f;291;Réception (B.L. : 1800335916);1800335916;;FOURNISSEUR CENTRALE;;Pas de commande associée;O;02/04/2026 00:00;;02/04/2026 17:12;0.000
c3a77eeb-f16a-4de1-b5ee-b8fdc5d2042c;293;Réception (B.L. : 1800328968);1800328968;;FOURNISSEUR CENTRALE;;Pas de commande associée;O;05/03/2026 00:00;;06/03/2026 12:38;0.000
c3ad026c-433d-4dd2-89fa-e7483558ead3;291;Réception (B.L. : 1800330541);1800330541;;FOURNISSEUR CENTRALE;;Pas de commande associée;O;12/03/2026 00:00;;12/03/2026 12:17;0.000
c3c3ff7f-29d0-4024-9197-3149c42085e5;080;Réception (B.L. : 1700232776);1700232776;;FOURNISSEUR CENTRALE;;Pas de commande associée;O;16/03/2026 00:00;;16/03/2026 23:09;32.000
c3ec22de-ade9-4122-8085-61af8660701c;291;Réception (B.L. : 1100214913);1100214913;;FOURNISSEUR CENTRALE;;Pas de commande associée;O;01/04/2026 00:00;;01/04/2026 12:15;0.000
c3ef339d-9052-46f5-bbf3-5c0070c42479;291;Réception (B.L. : 1700230367);1700230367;;FOURNISSEUR CENTRALE;;Pas de commande associée;O;04/03/2026 00:00;;04/03/2026 12:27;0.000
c40d23df-85a3-43e1-baef-8a4672ad6bd0;293;Réception (B.L. : 1800336800);1800336800;;FOURNISSEUR CENTRALE;;Pas de commande associée;O;06/04/2026 00:00;;06/04/2026 12:28;0.000
c41b3175-d38b-4ecd-91ce-56a7968ccafb;291;Réception (B.L. : 1800329743);1800329743;;FOURNISSEUR CENTRALE;;Pas de commande associée;O;10/03/2026 00:00;;10/03/2026 12:05;0.000
c424c7e2-6264-4a5a-a82a-41d8603099e8;080;Réception (B.L. : 1700234150);1700234150;;FOURNISSEUR CENTRALE;;Pas de commande associée;O;23/03/2026 00:00;;23/03/2026 12:21;57.000
c42ec21c-47e7-4462-9650-259e5b7af8f3;080;Réception (B.L. : 1800334656);1800334656;;FOURNISSEUR CENTRALE;;Pas de commande associée;O;27/03/2026 00:00;;27/03/2026 23:40;718.700
c43a21bd-0321-478a-9e6f-c0533c0a2e3a;293;Réception (B.L. : 1100211933);1100211933;;FOURNISSEUR CENTRALE;;Pas de commande associée;O;13/03/2026 00:00;;13/03/2026 12:22;0.000
c46137af-8dbd-4d68-b532-c8d14bdc2fee;291;Réception (B.L. : 1800335499);1800335499;;FOURNISSEUR CENTRALE;;Pas de commande associée;O;31/03/2026 00:00;;01/04/2026 12:23;0.000
c471e90c-6341-4aef-83ea-7dd16c770b54;293;Réception (B.L. : 1700237123);1700237123;;FOURNISSEUR CENTRALE;;Pas de commande associée;O;07/04/2026 00:00;;07/04/2026 12:12;0.000
c4822bac-02f2-46dd-94d5-3770705f6ea9;293;Réception (B.L. : 1700235170);1700235170;;FOURNISSEUR CENTRALE;;Pas de commande associée;O;27/03/2026 00:00;;27/03/2026 12:27;0.000
c49f04e4-bacb-4cc7-a7d1-81f8deec198a;080;Réception (B.L. : 1700235515);1700235515;;FOURNISSEUR CENTRALE;;Pas de commande associée;O;30/03/2026 00:00;;30/03/2026 12:16;560.000
c4b3baa3-97b7-4d14-aeda-ba60df4d1636;080;Réception (B.L. : 1200107392);1200107392;;FOURNISSEUR CENTRALE;;Pas de commande associée;O;27/03/2026 00:00;;27/03/2026 17:11;1.000
c4cbb3b5-544c-4ab4-8ce1-0417e1d4d324;291;Réception (B.L. : 1100212125);1100212125;;FOURNISSEUR CENTRALE;;Pas de commande associée;O;16/03/2026 00:00;;16/03/2026 12:12;0.000
c4d20248-c767-45e7-a5df-19a79e48831c;293;Réception (B.L. : 1100210761);1100210761;;FOURNISSEUR CENTRALE;;Pas de commande associée;O;06/03/2026 00:00;;06/03/2026 12:13;0.000
c532e39d-e74d-4737-b6d0-01b637677117;080;Réception (B.L. : 1200107148);1200107148;;FOURNISSEUR CENTRALE;;Pas de commande associée;O;25/03/2026 00:00;;25/03/2026 12:12;6.000
c56a60b6-cc0c-4c29-9eb1-841cfb90d25d;291;Réception (B.L. : 1100211504);1100211504;;FOURNISSEUR CENTRALE;;Pas de commande associée;O;11/03/2026 00:00;;11/03/2026 12:20;0.000
c56b909c-f1ff-4fb7-80a4-01bf7e11734f;291;Réception (B.L. : 1700230684);1700230684;;FOURNISSEUR CENTRALE;;Pas de commande associée;O;06/03/2026 00:00;;06/03/2026 12:16;0.000
c5817662-b524-46fa-95e8-f5852c3a72c9;080;Réception (B.L. : 1800328438);1800328438;;FOURNISSEUR CENTRALE;;Pas de commande associée;O;04/03/2026 00:00;;04/03/2026 12:25;18.000
c58a4127-6c76-4ef0-aae4-425d968bbd01;293;Réception (B.L. : 1700234115);1700234115;;FOURNISSEUR CENTRALE;;Pas de commande associée;O;23/03/2026 00:00;;23/03/2026 12:29;0.000
c5b38af8-082b-41f3-a8b1-225b26871a98;291;Réception (B.L. : 1800335393);1800335393;;FOURNISSEUR CENTRALE;;Pas de commande associée;O;31/03/2026 00:00;;31/03/2026 17:20;0.000
c5c59642-50a9-4f1a-9509-0e3c4bc9cf9c;292;Réception (B.L. : 1800334155);1800334155;;FOURNISSEUR CENTRALE;;Pas de commande associée;O;26/03/2026 00:00;;26/03/2026 12:28;66.000
c5fff5b7-b79f-46bb-aabd-b0f90a9592f0;293;Réception (B.L. : 1800329178);1800329178;;FOURNISSEUR CENTRALE;;Pas de commande associée;O;06/03/2026 00:00;;06/03/2026 17:14;0.000
c6122ea1-544d-477a-9047-46888c75269d;291;Réception (B.L. : 1700235534);1700235534;;FOURNISSEUR CENTRALE;;Pas de commande associée;O;30/03/2026 00:00;;30/03/2026 12:21;0.000
c62cf52f-98e4-4086-ac85-f54c507fb8f3;292;Réception (B.L. : 1100212175);1100212175;;FOURNISSEUR CENTRALE;;Pas de commande associée;O;16/03/2026 00:00;;16/03/2026 12:13;66.000
c6325456-260f-4766-b8e1-578ecf368348;080;Réception (B.L. : 1800335681);1800335681;;FOURNISSEUR CENTRALE;;Pas de commande associée;O;02/04/2026 00:00;;02/04/2026 12:24;4.000
c6538018-600f-47aa-92ce-d7cd14f0310a;292;Réception (B.L. : 1800328937);1800328937;;FOURNISSEUR CENTRALE;;Pas de commande associée;O;05/03/2026 00:00;;06/03/2026 12:18;99.000
c65cdb3c-775b-4a65-8963-fe4e81f4a128;293;Réception (B.L. : 1800328377);1800328377;;FOURNISSEUR CENTRALE;;Pas de commande associée;O;04/03/2026 00:00;;04/03/2026 12:35;0.000
c67df4f1-d054-41e9-863c-592c6df233a0;293;Réception (B.L. : 1100216244);1100216244;;FOURNISSEUR CENTRALE;;Pas de commande associée;O;08/04/2026 00:00;;08/04/2026 12:15;0.000
c67f1bec-b7fc-4017-8a65-19ec578a9ed8;293;Réception (B.L. : 1700236520);1700236520;;FOURNISSEUR CENTRALE;;Pas de commande associée;O;03/04/2026 00:00;;03/04/2026 12:21;0.000
c6851268-5cc0-458c-9d83-9e5090624593;293;Réception (B.L. : 1100212164);1100212164;;FOURNISSEUR CENTRALE;;Pas de commande associée;O;16/03/2026 00:00;;16/03/2026 12:11;0.000
c6a13e3e-da34-4387-9f4c-766a604f1345;292;Réception (B.L. : 1800330713);1800330713;;FOURNISSEUR CENTRALE;;Pas de commande associée;O;12/03/2026 00:00;;13/03/2026 12:26;425.500
c6ae0ebc-893a-43da-89d9-f586ee2e8115;291;Réception (B.L. : 1800333125);1800333125;;FOURNISSEUR CENTRALE;;Pas de commande associée;O;23/03/2026 00:00;;23/03/2026 12:45;0.000
c6d4b4cb-844b-499e-80ab-995f51108434;293;Réception (B.L. : 1100212170);1100212170;;FOURNISSEUR CENTRALE;;Pas de commande associée;O;16/03/2026 00:00;;16/03/2026 12:17;0.000
c6d7e00f-925f-4115-8a96-f21f09e1462e;292;Réception (B.L. : 1800333576);1800333576;;FOURNISSEUR CENTRALE;;Pas de commande associée;O;24/03/2026 00:00;;24/03/2026 17:18;8.000
c708f1fc-7d71-47ae-99eb-e9877c87819d;291;Réception (B.L. : 1100215186);1100215186;;FOURNISSEUR CENTRALE;;Pas de commande associée;O;02/04/2026 00:00;;02/04/2026 12:15;0.000
c724818a-bdba-4ea7-b126-34585d3e6a00;293;Réception (B.L. : 1100211087);1100211087;;FOURNISSEUR CENTRALE;;Pas de commande associée;O;09/03/2026 00:00;;09/03/2026 12:15;0.000
c74f2cfb-d194-4d13-aeb5-310127d83a0b;292;Réception (B.L. : 1700235565);1700235565;;FOURNISSEUR CENTRALE;;Pas de commande associée;O;30/03/2026 00:00;;30/03/2026 12:24;6.000
c753626c-0aac-4b3f-ae6a-5d686efca40c;293;Réception (B.L. : 1800334633);1800334633;;FOURNISSEUR CENTRALE;;Pas de commande associée;O;27/03/2026 00:00;;27/03/2026 23:47;0.000
c7687359-95e7-4d64-8a78-aa60ff54b983;291;Réception (B.L. : 1800328599);1800328599;;FOURNISSEUR CENTRALE;;Pas de commande associée;O;05/03/2026 00:00;;05/03/2026 12:14;0.000
c773742a-141a-4743-9094-4a51e7154d2e;080;Réception (B.L. : 1800331395);1800331395;;FOURNISSEUR CENTRALE;;Pas de commande associée;O;15/03/2026 00:00;;16/03/2026 12:32;1200.000
c7a2a547-65d9-4438-98fe-0e6c59c14090;291;Réception (B.L. : 1100212129);1100212129;;FOURNISSEUR CENTRALE;;Pas de commande associée;O;16/03/2026 00:00;;16/03/2026 12:16;0.000
c7aa6a16-bdd0-43c6-84ba-c11f6ff77f99;292;Réception (B.L. : 1700236063);1700236063;;FOURNISSEUR CENTRALE;;Pas de commande associée;O;01/04/2026 00:00;;01/04/2026 17:13;114.000
c7b4fcf3-fc2a-4889-be1c-745761d04cdc;293;Réception (B.L. : 1700233645);1700233645;;FOURNISSEUR CENTRALE;;Pas de commande associée;O;19/03/2026 00:00;;20/03/2026 12:17;0.000
c7bf7897-71fc-447e-97a4-121174014ad1;291;Réception (B.L. : 1100212997);1100212997;;FOURNISSEUR CENTRALE;;Pas de commande associée;O;20/03/2026 00:00;;20/03/2026 12:03;0.000
c7c32c00-05c2-4676-be66-3c86adf6723f;080;Réception (B.L. : 1800333979);1800333979;;FOURNISSEUR CENTRALE;;Pas de commande associée;O;25/03/2026 00:00;;26/03/2026 12:14;2.000
c7cd03b1-e800-4c43-9cd5-bd6394c27a25;292;Réception (B.L. : 1800331374);1800331374;;FOURNISSEUR CENTRALE;;Pas de commande associée;O;15/03/2026 00:00;;16/03/2026 12:23;400.000
c7d0db32-5415-4486-9806-fd1dd108f445;291;Réception (B.L. : 1800329461);1800329461;;FOURNISSEUR CENTRALE;;Pas de commande associée;O;09/03/2026 00:00;;09/03/2026 12:31;0.000
c7dbafde-e170-4d19-9fd5-0c9a49a0006d;080;Réception (B.L. : 1800332302);1800332302;;FOURNISSEUR CENTRALE;;Pas de commande associée;O;18/03/2026 00:00;;19/03/2026 12:15;48.200
c7e01b59-8c3f-4003-b991-3258d834b7cb;291;Réception (B.L. : 1800330469);1800330469;;FOURNISSEUR CENTRALE;;Pas de commande associée;O;11/03/2026 00:00;;12/03/2026 12:13;0.000
c7e77085-fa4e-4872-8bb5-3cad4521644a;293;Réception (B.L. : 1800329498);1800329498;;FOURNISSEUR CENTRALE;;Pas de commande associée;O;09/03/2026 00:00;;09/03/2026 12:35;0.000
c833cb84-2afe-45fc-a0e4-4c07599bedc4;292;Réception (B.L. : 1700231842);1700231842;;FOURNISSEUR CENTRALE;;Pas de commande associée;O;11/03/2026 00:00;;11/03/2026 12:11;1531.000
c837a1e3-9338-4cc2-9052-aa6c11581333;080;Réception (B.L. : 1700235212);1700235212;;FOURNISSEUR CENTRALE;;Pas de commande associée;O;27/03/2026 00:00;;27/03/2026 12:24;5.000
c864e64c-088a-4ebe-815b-07c3d74a9d17;080;Réception (B.L. : 1700231841);1700231841;;FOURNISSEUR CENTRALE;;Pas de commande associée;O;11/03/2026 00:00;;11/03/2026 12:19;2263.000
c86f4005-8325-4c24-94ae-7f6d06f85dc8;293;Réception (B.L. : 1700233636);1700233636;;FOURNISSEUR CENTRALE;;Pas de commande associée;O;19/03/2026 00:00;;20/03/2026 12:08;0.000
c8761a20-152e-4859-9c1d-656b3bc0237c;080;Réception (B.L. : 1800328888);1800328888;;FOURNISSEUR CENTRALE;;Pas de commande associée;O;05/03/2026 00:00;;06/03/2026 12:21;961.500
c8764d3b-39cd-4d9f-a70e-65361c86b7d5;291;Réception (B.L. : 1100212550);1100212550;;FOURNISSEUR CENTRALE;;Pas de commande associée;O;18/03/2026 00:00;;18/03/2026 12:17;0.000
c89512e9-26ce-458d-b0e6-c1552cb67c3c;293;Réception (B.L. : 1100212820);1100212820;;FOURNISSEUR CENTRALE;;Pas de commande associée;O;19/03/2026 00:00;;19/03/2026 17:12;0.000
c898bf53-f206-4d82-9860-76bd3038f42e;292;Réception (B.L. : 1800335344);1800335344;;FOURNISSEUR CENTRALE;;Pas de commande associée;O;31/03/2026 00:00;;31/03/2026 17:15;22.000
c8a70b3e-a055-417f-9a0c-28ac87e7a96d;291;Réception (B.L. : 1200106196);1200106196;;FOURNISSEUR CENTRALE;;Pas de commande associée;O;11/03/2026 00:00;;11/03/2026 12:12;0.000
c8a82a05-1fe6-4887-8a18-f9c799576401;292;Réception (B.L. : 1700229801);1700229801;;FOURNISSEUR CENTRALE;;Pas de commande associée;O;02/03/2026 00:00;;02/03/2026 12:18;508.000
c8c05c4b-3135-4508-9964-6aa6b5ffee24;293;Réception (B.L. : 1800332627);1800332627;;FOURNISSEUR CENTRALE;;Pas de commande associée;O;19/03/2026 00:00;;20/03/2026 12:23;0.000
c8de20e1-dbd8-448c-9377-257605d3f090;293;Réception (B.L. : 1100212808);1100212808;;FOURNISSEUR CENTRALE;;Pas de commande associée;O;19/03/2026 00:00;;19/03/2026 17:11;0.000
c8e1559e-b458-4098-9851-fb51051af651;293;Réception (B.L. : 1800330680);1800330680;;FOURNISSEUR CENTRALE;;Pas de commande associée;O;12/03/2026 00:00;;13/03/2026 12:31;0.000
c92307f3-07c5-479f-9fbd-18b907ffd543;293;Réception (B.L. : 1700232722);1700232722;;FOURNISSEUR CENTRALE;;Pas de commande associée;O;16/03/2026 00:00;;16/03/2026 12:30;0.000
c924bd20-b898-463b-b096-315f5ed2dc75;292;Réception (B.L. : 1100212583);1100212583;;FOURNISSEUR CENTRALE;;Pas de commande associée;O;18/03/2026 00:00;;18/03/2026 12:14;9.000
c9261ae2-1451-4eab-8eb3-064a79f383ba;292;Réception (B.L. : 1700235306);1700235306;;FOURNISSEUR CENTRALE;;Pas de commande associée;O;28/03/2026 00:00;;28/03/2026 12:18;3130.000
c934987b-ee45-448d-818b-fe48d4a2e177;291;Réception (B.L. : 1800337208);1800337208;;FOURNISSEUR CENTRALE;;Pas de commande associée;O;07/04/2026 00:00;;08/04/2026 12:32;0.000
c9817604-0960-4a19-9f66-b1cc871ef1c4;080;Réception (B.L. : 1800330531);1800330531;;FOURNISSEUR CENTRALE;;Pas de commande associée;O;12/03/2026 00:00;;12/03/2026 12:16;11.000
c98d39c2-3f86-45f0-b387-4e4b7161b73a;080;Réception (B.L. : 1800336925);1800336925;;FOURNISSEUR CENTRALE;;Pas de commande associée;O;06/04/2026 00:00;;07/04/2026 12:21;28.900
c99b67d3-b6ef-4e1b-a210-2460b6d3300e;292;Réception (B.L. : 1800337173);1800337173;;FOURNISSEUR CENTRALE;;Pas de commande associée;O;07/04/2026 00:00;;08/04/2026 12:16;60.000
c9ada7f7-51a1-4aa7-a531-088b925f37f8;293;Réception (B.L. : 1800329430);1800329430;;FOURNISSEUR CENTRALE;;Pas de commande associée;O;09/03/2026 00:00;;09/03/2026 12:32;0.000
c9b0667b-39a0-42fc-95d5-6f283ae8f103;291;Réception (B.L. : 1100211926);1100211926;;FOURNISSEUR CENTRALE;;Pas de commande associée;O;13/03/2026 00:00;;13/03/2026 12:12;0.000
c9edd545-7ac1-47c4-a7ec-82580c36fed8;293;Réception (B.L. : 1800332297);1800332297;;FOURNISSEUR CENTRALE;;Pas de commande associée;O;18/03/2026 00:00;;19/03/2026 12:22;0.000
c9f7996a-1f1f-4c0e-ad1e-763ec4217afe;292;Réception (B.L. : 1800334461);1800334461;;FOURNISSEUR CENTRALE;;Pas de commande associée;O;27/03/2026 00:00;;27/03/2026 12:20;91.000
c9f7d0b8-9d2f-44bc-8925-98b4ada31f4b;291;Réception (B.L. : 1100213874);1100213874;;FOURNISSEUR CENTRALE;;Pas de commande associée;O;25/03/2026 00:00;;25/03/2026 12:16;0.000
ca0501a8-467f-4856-8242-93310c61e4f4;292;Réception (B.L. : 1800330709);1800330709;;FOURNISSEUR CENTRALE;;Pas de commande associée;O;12/03/2026 00:00;;13/03/2026 12:22;60.000
ca0c7996-77fa-4c6a-8f80-4ef587ebfd62;292;Réception (B.L. : 1800336586);1800336586;;FOURNISSEUR CENTRALE;;Pas de commande associée;O;06/04/2026 00:00;;06/04/2026 12:25;40.000
ca5658dd-012d-431f-be6d-52e13dd9f1db;293;Réception (B.L. : 1700230287);1700230287;;FOURNISSEUR CENTRALE;;Pas de commande associée;O;04/03/2026 00:00;;04/03/2026 12:21;0.000
ca5cc40c-34bc-4692-bce3-11dd28d3d8f4;291;Réception (B.L. : 1800330847);1800330847;;FOURNISSEUR CENTRALE;;Pas de commande associée;O;13/03/2026 00:00;;13/03/2026 12:34;0.000
ca6ba795-e734-465b-b5a2-ce02501d913d;080;Réception (B.L. : 1800334358);1800334358;;FOURNISSEUR CENTRALE;;Pas de commande associée;O;26/03/2026 00:00;;27/03/2026 12:26;14.000
ca71955c-8714-4135-8577-6119d9b6d2ae;292;Réception (B.L. : 1200106029);1200106029;;FOURNISSEUR CENTRALE;;Pas de commande associée;O;09/03/2026 00:00;;09/03/2026 12:11;300.000
ca77bc5f-53e0-4cfb-95c6-917c800fa4f8;080;Réception (B.L. : 1700233233);1700233233;;FOURNISSEUR CENTRALE;;Pas de commande associée;O;18/03/2026 00:00;;18/03/2026 12:14;9.000
ca8466ef-93e2-4566-bef1-fb29e50290ce;292;Réception (B.L. : 1800337175);1800337175;;FOURNISSEUR CENTRALE;;Pas de commande associée;O;07/04/2026 00:00;;08/04/2026 12:18;1560.000
ca8cb403-ac7c-4a37-8b6a-697a2ea0e6e3;080;Réception (B.L. : 1800329712);1800329712;;FOURNISSEUR CENTRALE;;Pas de commande associée;O;10/03/2026 00:00;;10/03/2026 12:05;833.988
ca9b2a0f-bfb7-4005-8281-00525175e915;293;Réception (B.L. : 1700235166);1700235166;;FOURNISSEUR CENTRALE;;Pas de commande associée;O;27/03/2026 00:00;;27/03/2026 12:23;0.000
caac2587-e28a-498e-81b4-8c3529955c8e;080;Réception (B.L. : 1800331968);1800331968;;FOURNISSEUR CENTRALE;;Pas de commande associée;O;17/03/2026 00:00;;18/03/2026 12:28;73.000
cab93843-a7c6-4e0a-bc1c-7631551b176c;080;Réception (B.L. : 1100213881);1100213881;;FOURNISSEUR CENTRALE;;Pas de commande associée;O;25/03/2026 00:00;;25/03/2026 12:13;1560.000
cae1fa01-0b53-4328-8341-e74fdd775b51;292;Réception (B.L. : 1700231417);1700231417;;FOURNISSEUR CENTRALE;;Pas de commande associée;O;09/03/2026 00:00;;09/03/2026 17:13;608.000
cb401c28-39ba-4532-8ac7-2a45e811abba;293;Réception (B.L. : 1800334158);1800334158;;FOURNISSEUR CENTRALE;;Pas de commande associée;O;26/03/2026 00:00;;26/03/2026 12:23;0.000
cb5f5983-8027-402d-9dd2-9c5fa11e41e7;080;Réception (B.L. : 1800330449);1800330449;;FOURNISSEUR CENTRALE;;Pas de commande associée;O;11/03/2026 00:00;;12/03/2026 12:03;20.000
cb7d4009-2c72-4c9e-aebc-22158c07f453;293;Réception (B.L. : 1800330126);1800330126;;FOURNISSEUR CENTRALE;;Pas de commande associée;O;11/03/2026 00:00;;11/03/2026 12:27;0.000
cb82c46f-5751-4903-9c3e-376d32f0c859;293;Réception (B.L. : 1100212563);1100212563;;FOURNISSEUR CENTRALE;;Pas de commande associée;O;18/03/2026 00:00;;18/03/2026 12:15;0.000
cb8cfc56-53a3-4759-8629-4a2dbca2d307;292;Réception (B.L. : 1800335973);1800335973;;FOURNISSEUR CENTRALE;;Pas de commande associée;O;02/04/2026 00:00;;02/04/2026 17:16;1.000
cbb8a4ea-9eb1-4244-95cf-9bbd5b4fa572;291;Réception (B.L. : 1800336914);1800336914;;FOURNISSEUR CENTRALE;;Pas de commande associée;O;06/04/2026 00:00;;07/04/2026 12:22;120.000
cbbfac39-64fc-49ae-8ed7-f76ec52e0094;080;Réception (B.L. : 1700235155);1700235155;;FOURNISSEUR CENTRALE;;Pas de commande associée;O;27/03/2026 00:00;;27/03/2026 12:20;394.000
cbc3bb87-4fa2-4262-8f82-d933fd45f1ae;292;Réception (B.L. : 1700232708);1700232708;;FOURNISSEUR CENTRALE;;Pas de commande associée;O;16/03/2026 00:00;;16/03/2026 12:16;460.000
cbf06814-b9a2-4976-beef-f260401b7f86;080;Réception (B.L. : 1800327978);1800327978;;FOURNISSEUR CENTRALE;;Pas de commande associée;O;02/03/2026 00:00;;03/03/2026 12:05;480.000
cbf36c19-ae23-4ca2-a9d9-079b7815d4fd;291;Réception (B.L. : 1800333123);1800333123;;FOURNISSEUR CENTRALE;;Pas de commande associée;O;23/03/2026 00:00;;23/03/2026 12:43;0.000
cbf8ab23-5600-4109-a4de-4ff588d4ff2b;293;Réception (B.L. : 1800328214);1800328214;;FOURNISSEUR CENTRALE;;Pas de commande associée;O;03/03/2026 00:00;;03/03/2026 17:07;0.000
cc152ce7-431b-4214-ab3d-469ae37576c6;080;Réception (B.L. : 1800327977);1800327977;;FOURNISSEUR CENTRALE;;Pas de commande associée;O;02/03/2026 00:00;;03/03/2026 12:04;28.000
cc20d25f-816b-4f7c-ba32-f1555806c694;291;Réception (B.L. : 1800333753);1800333753;;FOURNISSEUR CENTRALE;;Pas de commande associée;O;24/03/2026 00:00;;25/03/2026 12:40;0.000
cc41e6e5-eaa9-4b36-9cdc-2cf607ab3916;291;Réception (B.L. : 1100211927);1100211927;;FOURNISSEUR CENTRALE;;Pas de commande associée;O;13/03/2026 00:00;;13/03/2026 12:13;0.000
cc461cf3-500c-4fce-8d69-a9221efb56a7;080;Réception (B.L. : 1800328164);1800328164;;FOURNISSEUR CENTRALE;;Pas de commande associée;O;03/03/2026 00:00;;03/03/2026 17:07;8.000
cc5ca7e1-731d-4926-870d-037e418be3c8;291;Réception (B.L. : 1700234100);1700234100;;FOURNISSEUR CENTRALE;;Pas de commande associée;O;23/03/2026 00:00;;23/03/2026 12:26;0.000
cc65774b-3f11-4e85-bd13-ca0b7e93a365;080;Réception (B.L. : 1800330912);1800330912;;FOURNISSEUR CENTRALE;;Pas de commande associée;O;13/03/2026 00:00;;13/03/2026 12:17;7.810
cc83ba49-2f1e-4294-9581-c950e73e6a83;080;Réception (B.L. : 1800333679);1800333679;;FOURNISSEUR CENTRALE;;Pas de commande associée;O;24/03/2026 00:00;;25/03/2026 12:34;118.000
cca6cf81-efd8-4669-bb1d-a7109904da5d;291;Réception (B.L. : 1100212700);1100212700;;FOURNISSEUR CENTRALE;;Pas de commande associée;O;19/03/2026 00:00;;19/03/2026 12:15;0.000
ccf46754-bd23-422e-90f5-2aae8a4befa0;291;Réception (B.L. : 1100214605);1100214605;;FOURNISSEUR CENTRALE;;Pas de commande associée;O;30/03/2026 00:00;;30/03/2026 12:13;0.000
ccff043c-bcf5-41ea-96b5-316e2e2b3358;291;Réception (B.L. : 1800328339);1800328339;;FOURNISSEUR CENTRALE;;Pas de commande associée;O;03/03/2026 00:00;;04/03/2026 12:36;0.000
cd18c2c6-5705-457d-9bf4-77f9a3bf4840;291;Réception (B.L. : 1700234942);1700234942;;FOURNISSEUR CENTRALE;;Pas de commande associée;O;26/03/2026 00:00;;26/03/2026 17:16;0.000
cd90c182-a092-49c7-ad41-f83207f91b2a;293;Réception (B.L. : 1100214014);1100214014;;FOURNISSEUR CENTRALE;;Pas de commande associée;O;25/03/2026 00:00;;25/03/2026 12:23;0.000
cd9ce3ca-9014-4f8c-ac09-3bdd0d4f76f7;292;Réception (B.L. : 1100213648);1100213648;;FOURNISSEUR CENTRALE;;Pas de commande associée;O;24/03/2026 00:00;;24/03/2026 17:10;12.000
cda7f8c5-daa6-4c35-87ef-b22c2a459531;291;Réception (B.L. : 1800329230);1800329230;;FOURNISSEUR CENTRALE;;Pas de commande associée;O;06/03/2026 00:00;;06/03/2026 17:17;0.000
cda9537e-0067-4474-a959-5df297535097;080;Réception (B.L. : 1200105782);1200105782;;FOURNISSEUR CENTRALE;;Pas de commande associée;O;05/03/2026 00:00;;05/03/2026 12:10;1.000
cdb83190-2532-45e9-906d-d746e93ac132;291;Réception (B.L. : 1700229806);1700229806;;FOURNISSEUR CENTRALE;;Pas de commande associée;O;02/03/2026 00:00;;02/03/2026 12:25;0.000
cdba0541-2c01-4e6c-80bc-23de798aede5;291;Réception (B.L. : 1700230363);1700230363;;FOURNISSEUR CENTRALE;;Pas de commande associée;O;04/03/2026 00:00;;04/03/2026 12:23;0.000
cdbaff46-311e-4747-abb8-d7b41f301fa0;080;Réception (B.L. : 1100212150);1100212150;;FOURNISSEUR CENTRALE;;Pas de commande associée;O;16/03/2026 00:00;;16/03/2026 12:14;360.000
cdcb3a58-0100-4b65-aab8-c77d6054d2f7;291;Réception (B.L. : 1800328951);1800328951;;FOURNISSEUR CENTRALE;;Pas de commande associée;O;05/03/2026 00:00;;06/03/2026 12:38;0.000
cdce9fc4-b374-496a-831c-0618ac4ab403;291;Réception (B.L. : 1800336919);1800336919;;FOURNISSEUR CENTRALE;;Pas de commande associée;O;06/04/2026 00:00;;07/04/2026 12:27;0.000
ce021d7d-c659-4b4d-9418-bd32c99332b6;080;Réception (B.L. : 1800334093);1800334093;;FOURNISSEUR CENTRALE;;Pas de commande associée;O;26/03/2026 00:00;;26/03/2026 12:21;80.000
ce3902a9-c9ea-4637-b66b-6275bdd186e7;292;Réception (B.L. : 1700235559);1700235559;;FOURNISSEUR CENTRALE;;Pas de commande associée;O;30/03/2026 00:00;;30/03/2026 12:18;923.000
ce3970a7-f3a7-4fe3-a317-323f55dc8c49;292;Réception (B.L. : 1100210450);1100210450;;FOURNISSEUR CENTRALE;;Pas de commande associée;O;04/03/2026 00:00;;04/03/2026 12:14;444.000
ce40b915-c752-4b1f-a9af-7e8b56510bd5;080;Réception (B.L. : 1700234146);1700234146;;FOURNISSEUR CENTRALE;;Pas de commande associée;O;23/03/2026 00:00;;23/03/2026 12:17;3000.000
ce4e4485-85da-4d31-9641-6b2a70bf3547;292;Réception (B.L. : 1700235327);1700235327;;FOURNISSEUR CENTRALE;;Pas de commande associée;O;28/03/2026 00:00;;28/03/2026 12:22;310.000
ce5628f7-1902-4e98-baaa-9e892fa371b9;291;Réception (B.L. : 1100212139);1100212139;;FOURNISSEUR CENTRALE;;Pas de commande associée;O;16/03/2026 00:00;;16/03/2026 12:17;0.000
ce86fdc9-f0f2-490b-a2c9-097b73f2c7f5;080;Réception (B.L. : 1800330074);1800330074;;FOURNISSEUR CENTRALE;;Pas de commande associée;O;11/03/2026 00:00;;11/03/2026 12:22;397.000
ce99cd83-d251-498c-bf1b-acfdefbe496b;080;Réception (B.L. : 1100212204);1100212204;;FOURNISSEUR CENTRALE;;Pas de commande associée;O;16/03/2026 00:00;;16/03/2026 12:18;10.000
ceac324b-3093-46bf-989e-9d413601460d;291;Réception (B.L. : 1800332815);1800332815;;FOURNISSEUR CENTRALE;;Pas de commande associée;O;20/03/2026 00:00;;20/03/2026 12:34;0.000
cef12786-d0a2-4fcb-914c-8c7479fac81d;291;Réception (B.L. : 1100214141);1100214141;;FOURNISSEUR CENTRALE;;Pas de commande associée;O;26/03/2026 00:00;;26/03/2026 12:14;0.000
cef14feb-c172-48b7-ba25-391cda91da7b;291;Réception (B.L. : 1800327771);1800327771;;FOURNISSEUR CENTRALE;;Pas de commande associée;O;02/03/2026 00:00;;02/03/2026 12:28;0.000
cf008dce-83d9-466d-9f5c-66c1214c7455;080;Réception (B.L. : 1800332408);1800332408;;FOURNISSEUR CENTRALE;;Pas de commande associée;O;19/03/2026 00:00;;19/03/2026 17:23;9.000
cf2b54d9-2b20-407d-937b-9b13a9eca3e5;293;Réception (B.L. : 1700230874);1700230874;;FOURNISSEUR CENTRALE;;Pas de commande associée;O;06/03/2026 00:00;;06/03/2026 12:29;0.000
cf2c1cf7-3621-4118-9d1b-2b523edba334;291;Réception (B.L. : 1800328751);1800328751;;FOURNISSEUR CENTRALE;;Pas de commande associée;O;05/03/2026 00:00;;05/03/2026 17:14;0.000
cf35a545-fd66-45ef-a7e7-d8b9b0e8b3ad;291;Réception (B.L. : 1800329460);1800329460;;FOURNISSEUR CENTRALE;;Pas de commande associée;O;09/03/2026 00:00;;09/03/2026 12:30;0.000
cf476500-cdbf-4858-bf99-e1ff7cabfb3a;291;Réception (B.L. : 1800329747);1800329747;;FOURNISSEUR CENTRALE;;Pas de commande associée;O;10/03/2026 00:00;;10/03/2026 12:09;0.000
cf52165d-5bca-4779-b85c-a9e96c9ecdca;293;Réception (B.L. : 1100213688);1100213688;;FOURNISSEUR CENTRALE;;Pas de commande associée;O;24/03/2026 00:00;;24/03/2026 17:11;0.000
cf79ac04-3b6d-4c30-b54a-2b7c9377e7d7;293;Réception (B.L. : 1700230286);1700230286;;FOURNISSEUR CENTRALE;;Pas de commande associée;O;04/03/2026 00:00;;04/03/2026 12:20;0.000
cf8b0080-b144-4c83-92a0-9c14d4e8a802;291;Réception (B.L. : 1800335337);1800335337;;FOURNISSEUR CENTRALE;;Pas de commande associée;O;31/03/2026 00:00;;31/03/2026 17:15;0.000
cf95caec-e2c5-4f0b-b8ea-589b532525b4;293;Réception (B.L. : 1700231874);1700231874;;FOURNISSEUR CENTRALE;;Pas de commande associée;O;11/03/2026 00:00;;11/03/2026 12:25;0.000
cfd3bf5c-fe22-4d1e-a23e-0a7e79b4512d;291;Réception (B.L. : 1800335918);1800335918;;FOURNISSEUR CENTRALE;;Pas de commande associée;O;02/04/2026 00:00;;02/04/2026 17:14;0.000
cffeea60-01d5-4631-9353-6ea7290a0260;080;Réception (B.L. : 1700230412);1700230412;;FOURNISSEUR CENTRALE;;Pas de commande associée;O;04/03/2026 00:00;;04/03/2026 23:23;16.000
d0229e72-8bb9-4cd2-b3b2-e8683e688963;080;Réception (B.L. : 1800333092);1800333092;;FOURNISSEUR CENTRALE;;Pas de commande associée;O;22/03/2026 00:00;;23/03/2026 12:25;400.000
d034934f-cc56-4b59-a2fe-1eefd7ec2fd0;291;Réception (B.L. : 1800328175);1800328175;;FOURNISSEUR CENTRALE;;Pas de commande associée;O;03/03/2026 00:00;;03/03/2026 17:08;0.000
d0558fd7-2564-41cf-bdd1-739db5d56013;291;Réception (B.L. : 1200106025);1200106025;;FOURNISSEUR CENTRALE;;Pas de commande associée;O;09/03/2026 00:00;;09/03/2026 12:11;0.000
d0673a1b-b018-4d45-bb3f-1e7ebfa96802;291;Réception (B.L. : 1100212841);1100212841;;FOURNISSEUR CENTRALE;;Pas de commande associée;O;19/03/2026 00:00;;19/03/2026 17:17;0.000
d0725de6-96cd-4fec-8867-8240e2ec92f2;291;Réception (B.L. : 1700230362);1700230362;;FOURNISSEUR CENTRALE;;Pas de commande associée;O;04/03/2026 00:00;;04/03/2026 12:22;0.000
d08c730f-ab2b-431b-9612-37f0cdcec361;293;Réception (B.L. : 1800335349);1800335349;;FOURNISSEUR CENTRALE;;Pas de commande associée;O;31/03/2026 00:00;;31/03/2026 17:14;0.000
d0951b9d-5933-4cb2-bd25-3cc41548f3ed;292;Réception (B.L. : 1100212557);1100212557;;FOURNISSEUR CENTRALE;;Pas de commande associée;O;18/03/2026 00:00;;18/03/2026 12:12;3329.000
d0ccfbaf-d159-417c-9b62-c4d82806b5ec;291;Réception (B.L. : 1800332673);1800332673;;FOURNISSEUR CENTRALE;;Pas de commande associée;O;19/03/2026 00:00;;20/03/2026 12:30;0.000
d0fa8932-af18-4b1a-9e07-c51f87868612;291;Réception (B.L. : 1100212545);1100212545;;FOURNISSEUR CENTRALE;;Pas de commande associée;O;18/03/2026 00:00;;18/03/2026 12:12;0.000
d146df58-e8a0-4b09-85ae-5a91f399fdc6;292;Réception (B.L. : 1100210474);1100210474;;FOURNISSEUR CENTRALE;;Pas de commande associée;O;04/03/2026 00:00;;04/03/2026 12:16;13.000
d16c9bbd-feff-4094-a137-200bfce91974;293;Réception (B.L. : 1700237411);1700237411;;FOURNISSEUR CENTRALE;;Pas de commande associée;O;08/04/2026 00:00;;08/04/2026 12:20;0.000
d16f09e7-e3f7-4005-a7a6-5b0a571d9efd;293;Réception (B.L. : 1700235164);1700235164;;FOURNISSEUR CENTRALE;;Pas de commande associée;O;27/03/2026 00:00;;27/03/2026 12:21;0.000
d173e9d9-7a92-4b33-a5ba-bb5e441e2513;293;Réception (B.L. : 1800336132);1800336132;;FOURNISSEUR CENTRALE;;Pas de commande associée;O;02/04/2026 00:00;;03/04/2026 12:25;0.000
d187f390-ad23-46e0-ac71-4a84575d234b;291;Réception (B.L. : 1800329231);1800329231;;FOURNISSEUR CENTRALE;;Pas de commande associée;O;06/03/2026 00:00;;06/03/2026 17:18;0.000
d188788b-c24d-43e2-8b0d-4f33240dc4e0;291;Réception (B.L. : 1800334153);1800334153;;FOURNISSEUR CENTRALE;;Pas de commande associée;O;26/03/2026 00:00;;26/03/2026 12:32;0.000
d19a58d1-806c-4758-a3a5-e57dc1ff0521;291;Réception (B.L. : 1800327770);1800327770;;FOURNISSEUR CENTRALE;;Pas de commande associée;O;02/03/2026 00:00;;02/03/2026 12:27;0.000
d19edda6-4d01-44fc-8953-85fd5d3f400b;080;Réception (B.L. : 1800331965);1800331965;;FOURNISSEUR CENTRALE;;Pas de commande associée;O;17/03/2026 00:00;;18/03/2026 12:25;34.508
d1a01587-2c5c-4796-95d8-a57e8c70fb67;293;Réception (B.L. : 1100213332);1100213332;;FOURNISSEUR CENTRALE;;Pas de commande associée;O;23/03/2026 00:00;;23/03/2026 12:11;0.000
d1a186a6-be59-4e8c-bfbc-5453d4bda463;292;Réception (B.L. : 1700236136);1700236136;;FOURNISSEUR CENTRALE;;Pas de commande associée;O;01/04/2026 00:00;;02/04/2026 12:13;24.000
d1c6fdfa-945b-414d-9a35-43df306fba4d;292;Réception (B.L. : 1700231844);1700231844;;FOURNISSEUR CENTRALE;;Pas de commande associée;O;11/03/2026 00:00;;11/03/2026 12:13;1760.000
d1cbbc65-31de-4d04-b41a-336d0e0cc7fe;293;Réception (B.L. : 1700230873);1700230873;;FOURNISSEUR CENTRALE;;Pas de commande associée;O;06/03/2026 00:00;;06/03/2026 12:28;0.000
d1fed8bb-b01f-489d-b31e-b763cd12eb02;291;Réception (B.L. : 1700237114);1700237114;;FOURNISSEUR CENTRALE;;Pas de commande associée;O;07/04/2026 00:00;;07/04/2026 12:13;0.000
d2058511-1557-4c05-8e83-c40b20b6759f;291;Réception (B.L. : 1700237113);1700237113;;FOURNISSEUR CENTRALE;;Pas de commande associée;O;07/04/2026 00:00;;07/04/2026 12:12;0.000
d21105ce-adde-4c51-9982-fe80ae2f855a;291;Réception (B.L. : 1700234206);1700234206;;FOURNISSEUR CENTRALE;;Pas de commande associée;O;23/03/2026 00:00;;23/03/2026 12:36;0.000
d21230ef-e25b-4a4f-bc82-d47e030f7ff5;080;Réception (B.L. : 1700235157);1700235157;;FOURNISSEUR CENTRALE;;Pas de commande associée;O;27/03/2026 00:00;;27/03/2026 12:22;2885.000
d2133145-782e-4875-bff1-32328845cbf3;291;Réception (B.L. : 1700234940);1700234940;;FOURNISSEUR CENTRALE;;Pas de commande associée;O;26/03/2026 00:00;;26/03/2026 17:14;0.000
d22fd598-d20b-4c55-8128-f0a1bbc594fe;080;Réception (B.L. : 1800334948);1800334948;;FOURNISSEUR CENTRALE;;Pas de commande associée;O;30/03/2026 00:00;;30/03/2026 12:32;9.000
d2348389-f397-4651-87a6-ce1a2e653f80;291;Réception (B.L. : 1700236043);1700236043;;FOURNISSEUR CENTRALE;;Pas de commande associée;O;01/04/2026 00:00;;01/04/2026 17:13;0.000
d26052c0-e84c-45a5-9f07-f00710d3c136;080;Réception (B.L. : 1700230302);1700230302;;FOURNISSEUR CENTRALE;;Pas de commande associée;O;04/03/2026 00:00;;04/03/2026 12:10;600.000
d2a13737-5a46-44e4-8be6-be928e9d9e6b;080;Réception (B.L. : 1800337216);1800337216;;FOURNISSEUR CENTRALE;;Pas de commande associée;O;08/04/2026 00:00;;08/04/2026 12:23;25.000
d2b36185-ad30-4cbc-83b6-fd7ec7bf9120;080;Réception (B.L. : 1800335675);1800335675;;FOURNISSEUR CENTRALE;;Pas de commande associée;O;02/04/2026 00:00;;02/04/2026 12:18;1385.000
d2ba8606-a136-4f32-b6af-ba3006c84652;293;Réception (B.L. : 1800328562);1800328562;;FOURNISSEUR CENTRALE;;Pas de commande associée;O;05/03/2026 00:00;;05/03/2026 12:11;0.000
d2bed448-ffbd-4bf8-9b94-90ab5cc937b3;291;Réception (B.L. : 1700229793);1700229793;;FOURNISSEUR CENTRALE;;Pas de commande associée;O;02/03/2026 00:00;;02/03/2026 12:19;0.000
d318a743-ec75-4a2f-bf06-0ae6c2fc0f53;293;Réception (B.L. : 1700234652);1700234652;;FOURNISSEUR CENTRALE;;Pas de commande associée;O;25/03/2026 00:00;;25/03/2026 12:34;0.000
d354af70-a73e-4bf5-b632-5a0703536c9d;080;Réception (B.L. : 1800330484);1800330484;;FOURNISSEUR CENTRALE;;Pas de commande associée;O;12/03/2026 00:00;;12/03/2026 12:13;10.000
d36270d2-b9dc-47bc-8425-419507830081;080;Réception (B.L. : 1700235519);1700235519;;FOURNISSEUR CENTRALE;;Pas de commande associée;O;30/03/2026 00:00;;30/03/2026 12:20;44.000
d38f4723-787c-4343-9e3c-8c7f7aba1d31;291;Réception (B.L. : 1800333571);1800333571;;FOURNISSEUR CENTRALE;;Pas de commande associée;O;24/03/2026 00:00;;24/03/2026 17:22;0.000
d3a83010-23f8-4835-aec7-e899a738086e;291;Réception (B.L. : 1700237242);1700237242;;FOURNISSEUR CENTRALE;;Pas de commande associée;O;07/04/2026 00:00;;07/04/2026 17:15;0.000
d3a94134-6918-4cb5-8bd4-b8775ff6e05c;291;Réception (B.L. : 1700236047);1700236047;;FOURNISSEUR CENTRALE;;Pas de commande associée;O;01/04/2026 00:00;;01/04/2026 17:17;0.000
d3e1352a-5981-4825-86f2-3c02d205befe;291;Réception (B.L. : 1100211090);1100211090;;FOURNISSEUR CENTRALE;;Pas de commande associée;O;09/03/2026 00:00;;09/03/2026 12:12;0.000
d3f93763-9876-4b64-b7e0-cf9af99db54a;291;Réception (B.L. : 1200106821);1200106821;;FOURNISSEUR CENTRALE;;Pas de commande associée;O;19/03/2026 00:00;;19/03/2026 17:11;0.000
d4016a65-28f5-4da7-a8f0-3cd6a9c2de9d;292;Réception (B.L. : 1800331375);1800331375;;FOURNISSEUR CENTRALE;;Pas de commande associée;O;15/03/2026 00:00;;16/03/2026 12:24;92.388
d48fcf8a-d826-4569-a450-bd423ed0af5b;291;Réception (B.L. : 1100210316);1100210316;;FOURNISSEUR CENTRALE;;Pas de commande associée;O;03/03/2026 00:00;;03/03/2026 17:01;0.000
d4922f41-d1dd-423f-b03b-46f2e9e66f6c;292;Réception (B.L. : 1800334374);1800334374;;FOURNISSEUR CENTRALE;;Pas de commande associée;O;26/03/2026 00:00;;27/03/2026 12:17;607.700
d4b1cc7d-df3a-42dd-ac41-a77f3464fe55;291;Réception (B.L. : 1100215411);1100215411;;FOURNISSEUR CENTRALE;;Pas de commande associée;O;03/04/2026 00:00;;03/04/2026 12:15;0.000
d4b77c26-266f-4600-8b16-31160e47a51c;080;Réception (B.L. : 1800334860);1800334860;;FOURNISSEUR CENTRALE;;Pas de commande associée;O;29/03/2026 00:00;;30/03/2026 12:29;781.400
d4c9a56c-474d-4366-be28-e7f91c508a74;291;Réception (B.L. : 1800327789);1800327789;;FOURNISSEUR CENTRALE;;Pas de commande associée;O;01/03/2026 00:00;;02/03/2026 12:32;0.000
d4eb986c-4f30-4586-afa9-403ef7cf68e8;292;Réception (B.L. : 1100213051);1100213051;;FOURNISSEUR CENTRALE;;Pas de commande associée;O;20/03/2026 00:00;;20/03/2026 12:01;2616.000
d4f3b05d-7a18-4796-8155-ba4517bb5b25;293;Réception (B.L. : 1100216071);1100216071;;FOURNISSEUR CENTRALE;;Pas de commande associée;O;07/04/2026 00:00;;07/04/2026 17:12;0.000
d4fd0a60-8263-49ae-986c-e7909913b022;291;Réception (B.L. : 1800335746);1800335746;;FOURNISSEUR CENTRALE;;Pas de commande associée;O;02/04/2026 00:00;;02/04/2026 12:25;0.000
d50312af-df16-457f-a33a-db84468465b3;293;Réception (B.L. : 1700230871);1700230871;;FOURNISSEUR CENTRALE;;Pas de commande associée;O;06/03/2026 00:00;;06/03/2026 12:26;0.000
d514ad07-9b87-4a04-aa64-cfa2b2cb2bea;080;Réception (B.L. : 1700236157);1700236157;;FOURNISSEUR CENTRALE;;Pas de commande associée;O;02/04/2026 00:00;;02/04/2026 12:13;6.000
d532b98c-f08a-468f-9877-e2418fe3a70c;293;Réception (B.L. : 1800331381);1800331381;;FOURNISSEUR CENTRALE;;Pas de commande associée;O;15/03/2026 00:00;;16/03/2026 12:36;0.000
d5349984-2d6a-4814-8056-39c45c098a75;291;Réception (B.L. : 1800331089);1800331089;;FOURNISSEUR CENTRALE;;Pas de commande associée;O;13/03/2026 00:00;;13/03/2026 23:31;0.000
d555ee4c-c049-41fc-9f4b-a89219aca9cb;293;Réception (B.L. : 1800333708);1800333708;;FOURNISSEUR CENTRALE;;Pas de commande associée;O;24/03/2026 00:00;;25/03/2026 12:37;0.000
d559a1a3-bdf2-4d1b-8e94-70fac0cfdc8f;291;Réception (B.L. : 1700237402);1700237402;;FOURNISSEUR CENTRALE;;Pas de commande associée;O;08/04/2026 00:00;;08/04/2026 12:19;0.000
d581b277-799b-4caf-a926-c78ae04c24f6;080;Réception (B.L. : 1700234148);1700234148;;FOURNISSEUR CENTRALE;;Pas de commande associée;O;23/03/2026 00:00;;23/03/2026 12:19;308.000
d58d320d-aa56-420f-876a-dea932a7ff43;293;Réception (B.L. : 1700234648);1700234648;;FOURNISSEUR CENTRALE;;Pas de commande associée;O;25/03/2026 00:00;;25/03/2026 12:30;0.000
d58d7197-35dc-4be4-ad91-097bdb8653ba;291;Réception (B.L. : 1700237118);1700237118;;FOURNISSEUR CENTRALE;;Pas de commande associée;O;07/04/2026 00:00;;07/04/2026 12:17;0.000
d58dd866-b0e0-4223-a23e-df326a4ca11e;293;Réception (B.L. : 1800332479);1800332479;;FOURNISSEUR CENTRALE;;Pas de commande associée;O;19/03/2026 00:00;;19/03/2026 17:23;0.000
d5b745f8-772b-4d03-94f9-830e42195b21;080;Réception (B.L. : 1800335858);1800335858;;FOURNISSEUR CENTRALE;;Pas de commande associée;O;02/04/2026 00:00;;02/04/2026 17:16;60.500
d5ca5454-5bc9-4daa-8aa1-c1bbfc893b99;080;Réception (B.L. : 1800334891);1800334891;;FOURNISSEUR CENTRALE;;Pas de commande associée;O;29/03/2026 00:00;;30/03/2026 12:30;29.000
d5e007d5-8984-40fb-be83-a7dfd7062b3e;292;Réception (B.L. : 1700230688);1700230688;;FOURNISSEUR CENTRALE;;Pas de commande associée;O;06/03/2026 00:00;;06/03/2026 12:17;944.000
d5f03046-8c2e-45cb-b826-7b443b5d86d4;080;Réception (B.L. : 1800328068);1800328068;;FOURNISSEUR CENTRALE;;Pas de commande associée;O;03/03/2026 00:00;;03/03/2026 17:04;4.000
d6014cd9-d331-4c45-952d-9ae9b73e8cd9;293;Réception (B.L. : 1800333356);1800333356;;FOURNISSEUR CENTRALE;;Pas de commande associée;O;24/03/2026 00:00;;24/03/2026 12:14;0.000
d608342e-6a57-4d8e-af24-59206cbfead3;293;Réception (B.L. : 1100212977);1100212977;;FOURNISSEUR CENTRALE;;Pas de commande associée;O;20/03/2026 00:00;;20/03/2026 12:01;0.000
d6092ac1-41bf-43ed-a432-f57e46866949;291;Réception (B.L. : 1700234672);1700234672;;FOURNISSEUR CENTRALE;;Pas de commande associée;O;25/03/2026 00:00;;25/03/2026 12:32;0.000
d60f6695-b6f4-40ed-bcf5-ed4a27f1b81e;291;Réception (B.L. : 1700233179);1700233179;;FOURNISSEUR CENTRALE;;Pas de commande associée;O;18/03/2026 00:00;;18/03/2026 12:25;0.000
d62d46c8-4425-449f-bf0c-3170e969d1d1;080;Réception (B.L. : 1800329384);1800329384;;FOURNISSEUR CENTRALE;;Pas de commande associée;O;09/03/2026 00:00;;09/03/2026 12:22;70.000
d62db4a1-5634-4b41-ab42-ed4743199bcc;293;Réception (B.L. : 1100213687);1100213687;;FOURNISSEUR CENTRALE;;Pas de commande associée;O;24/03/2026 00:00;;24/03/2026 17:10;0.000
d62fb7e8-b786-4e6e-8895-cee547db02a1;293;Réception (B.L. : 1800331782);1800331782;;FOURNISSEUR CENTRALE;;Pas de commande associée;O;17/03/2026 00:00;;17/03/2026 17:04;0.000
d66fc6be-811d-4ecc-9a71-68d1e15d782d;293;Réception (B.L. : 1800337227);1800337227;;FOURNISSEUR CENTRALE;;Pas de commande associée;O;08/04/2026 00:00;;08/04/2026 12:35;0.000
d69d21ce-5d87-48bf-b588-df3616ec4456;292;Réception (B.L. : 1100212018);1100212018;;FOURNISSEUR CENTRALE;;Pas de commande associée;O;14/03/2026 00:00;;14/03/2026 12:12;3.000
d6a285fc-ac7e-48db-ae99-53e514677750;291;Réception (B.L. : 1700233848);1700233848;;FOURNISSEUR CENTRALE;;Pas de commande associée;O;20/03/2026 00:00;;20/03/2026 12:11;0.000
d6be2d29-4558-4d74-a558-0a4886333f36;080;Réception (B.L. : 1800329217);1800329217;;FOURNISSEUR CENTRALE;;Pas de commande associée;O;06/03/2026 00:00;;06/03/2026 17:16;30.000
d6d12c16-537c-4986-82ff-2fc9eeff22f6;291;Réception (B.L. : 1800328605);1800328605;;FOURNISSEUR CENTRALE;;Pas de commande associée;O;05/03/2026 00:00;;05/03/2026 12:20;0.000
d6e1f7e2-32f7-4f28-b684-3d00032e6b19;291;Réception (B.L. : 1100212552);1100212552;;FOURNISSEUR CENTRALE;;Pas de commande associée;O;18/03/2026 00:00;;18/03/2026 12:19;0.000
d6ea6e10-59e8-4bef-9ed9-f5c58e199989;293;Réception (B.L. : 1700237410);1700237410;;FOURNISSEUR CENTRALE;;Pas de commande associée;O;08/04/2026 00:00;;08/04/2026 12:19;0.000
d705c73f-ed9b-484f-b1e9-ee9857adaf3b;080;Réception (B.L. : 1700233634);1700233634;;FOURNISSEUR CENTRALE;;Pas de commande associée;O;19/03/2026 00:00;;20/03/2026 12:17;28.000
d719299e-b9a8-4a8b-b87f-03d931aec9a6;293;Réception (B.L. : 1800329580);1800329580;;FOURNISSEUR CENTRALE;;Pas de commande associée;O;09/03/2026 00:00;;09/03/2026 12:36;0.000
d7201a67-6513-4186-8ba1-d2c5c9bc8cc9;291;Réception (B.L. : 1800328005);1800328005;;FOURNISSEUR CENTRALE;;Pas de commande associée;O;02/03/2026 00:00;;03/03/2026 12:02;0.000
d733532c-4e8e-4e78-90a4-db06701977b8;291;Réception (B.L. : 1800329463);1800329463;;FOURNISSEUR CENTRALE;;Pas de commande associée;O;09/03/2026 00:00;;09/03/2026 12:33;0.000
d75d4cf2-a990-47e3-b163-f3039a478798;080;Réception (B.L. : 1700230298);1700230298;;FOURNISSEUR CENTRALE;;Pas de commande associée;O;04/03/2026 00:00;;04/03/2026 12:06;894.000
d772d0a0-ad3f-42a7-afde-b2e5fb651aec;292;Réception (B.L. : 1800333578);1800333578;;FOURNISSEUR CENTRALE;;Pas de commande associée;O;24/03/2026 00:00;;24/03/2026 17:20;7.000
d783d324-161f-4069-ad19-da4b0c94118f;293;Réception (B.L. : 1700229775);1700229775;;FOURNISSEUR CENTRALE;;Pas de commande associée;O;02/03/2026 00:00;;02/03/2026 12:27;0.000
d78b63ba-6f95-4d87-b158-bd15514ec0cc;293;Réception (B.L. : 1700235269);1700235269;;FOURNISSEUR CENTRALE;;Pas de commande associée;O;27/03/2026 00:00;;27/03/2026 17:11;0.000
d796e51d-b912-44ba-b5fc-d7ac2873e8bb;293;Réception (B.L. : 1700237125);1700237125;;FOURNISSEUR CENTRALE;;Pas de commande associée;O;07/04/2026 00:00;;07/04/2026 12:14;0.000
d7d26088-7427-4eba-a257-7e2c97340088;293;Réception (B.L. : 1700231325);1700231325;;FOURNISSEUR CENTRALE;;Pas de commande associée;O;09/03/2026 00:00;;09/03/2026 12:20;0.000
d7f2cf6e-ca1a-442e-aed8-034ffd103351;291;Réception (B.L. : 1800331249);1800331249;;FOURNISSEUR CENTRALE;;Pas de commande associée;O;14/03/2026 00:00;;14/03/2026 17:11;0.000
d7f9c6dd-e1a3-4a29-a01b-0890b437ebd5;292;Réception (B.L. : 1800335347);1800335347;;FOURNISSEUR CENTRALE;;Pas de commande associée;O;31/03/2026 00:00;;31/03/2026 17:18;10.000
d7fd4366-d126-4940-a196-3561d89c798d;080;Réception (B.L. : 1700230341);1700230341;;FOURNISSEUR CENTRALE;;Pas de commande associée;O;04/03/2026 00:00;;04/03/2026 12:15;13.000
d80e16cd-cba0-4205-99e6-b7411acead17;292;Réception (B.L. : 1100215905);1100215905;;FOURNISSEUR CENTRALE;;Pas de commande associée;O;06/04/2026 00:00;;06/04/2026 12:14;5.000
d8103e56-0cf6-41d4-9392-56adc35924ac;080;Réception (B.L. : 1800328887);1800328887;;FOURNISSEUR CENTRALE;;Pas de commande associée;O;05/03/2026 00:00;;06/03/2026 12:20;145.000
d8576b64-ce20-4393-91ee-35b2f3d84468;292;Réception (B.L. : 1800329469);1800329469;;FOURNISSEUR CENTRALE;;Pas de commande associée;O;09/03/2026 00:00;;09/03/2026 12:17;815.000
d893855c-cb1d-4126-804d-4edbaf38a7dd;080;Réception (B.L. : 1800334859);1800334859;;FOURNISSEUR CENTRALE;;Pas de commande associée;O;29/03/2026 00:00;;30/03/2026 12:28;32.800
d8bad44a-4a31-4654-a4f4-a1b6239088f7;080;Réception (B.L. : 1800329814);1800329814;;FOURNISSEUR CENTRALE;;Pas de commande associée;O;10/03/2026 00:00;;10/03/2026 12:08;4.000
d8dc60b4-a4a1-414f-bd68-a91235147852;293;Réception (B.L. : 1100213615);1100213615;;FOURNISSEUR CENTRALE;;Pas de commande associée;O;24/03/2026 00:00;;24/03/2026 12:10;0.000
d8e8dd87-850c-47a2-9819-05bdf390371f;293;Réception (B.L. : 1800329432);1800329432;;FOURNISSEUR CENTRALE;;Pas de commande associée;O;09/03/2026 00:00;;09/03/2026 12:34;0.000
d921db4d-d02c-4b7d-812f-b4c8ac744229;291;Réception (B.L. : 1700231351);1700231351;;FOURNISSEUR CENTRALE;;Pas de commande associée;O;09/03/2026 00:00;;09/03/2026 12:22;0.000
d94d44f4-67ee-4a66-a7e3-f546861b1f97;292;Réception (B.L. : 1800331136);1800331136;;FOURNISSEUR CENTRALE;;Pas de commande associée;O;13/03/2026 00:00;;13/03/2026 23:29;562.980
d959bf40-fdc2-4bb7-a879-86dee5c9ba4b;291;Réception (B.L. : 1800334057);1800334057;;FOURNISSEUR CENTRALE;;Pas de commande associée;O;25/03/2026 00:00;;26/03/2026 12:21;0.000
d97213c8-ccc4-409a-987c-caba341e2ed8;293;Réception (B.L. : 1800329429);1800329429;;FOURNISSEUR CENTRALE;;Pas de commande associée;O;09/03/2026 00:00;;09/03/2026 12:31;0.000
d9857320-0fb6-42e1-b555-4d14e7889b1b;293;Réception (B.L. : 1800331781);1800331781;;FOURNISSEUR CENTRALE;;Pas de commande associée;O;17/03/2026 00:00;;17/03/2026 17:03;0.000
d9a2d461-4378-4d92-a169-693bd5e71751;291;Réception (B.L. : 1800335004);1800335004;;FOURNISSEUR CENTRALE;;Pas de commande associée;O;30/03/2026 00:00;;30/03/2026 17:11;0.000
d9d91ed8-521d-44ea-8995-88d675dfc318;080;Réception (B.L. : 1800333091);1800333091;;FOURNISSEUR CENTRALE;;Pas de commande associée;O;22/03/2026 00:00;;23/03/2026 12:24;73.000
d9d9fbc0-6c57-4f20-8cf3-90928f903981;293;Réception (B.L. : 1800332398);1800332398;;FOURNISSEUR CENTRALE;;Pas de commande associée;O;19/03/2026 00:00;;19/03/2026 12:28;0.000
d9fc0ca2-8817-4df5-be75-86921718de54;291;Réception (B.L. : 1700234405);1700234405;;FOURNISSEUR CENTRALE;;Pas de commande associée;O;24/03/2026 00:00;;24/03/2026 12:13;0.000
da060913-e5c5-491a-ab32-5af9a9c72fbe;292;Réception (B.L. : 1700232487);1700232487;;FOURNISSEUR CENTRALE;;Pas de commande associée;O;14/03/2026 00:00;;14/03/2026 17:10;24.000
da072cc8-e267-4025-ba9e-397f9c91e50c;292;Réception (B.L. : 1800328321);1800328321;;FOURNISSEUR CENTRALE;;Pas de commande associée;O;03/03/2026 00:00;;04/03/2026 12:27;225.000
da31fca2-7a90-4020-adc9-fe22ebd5d2f2;291;Réception (B.L. : 1800331772);1800331772;;FOURNISSEUR CENTRALE;;Pas de commande associée;O;17/03/2026 00:00;;17/03/2026 17:09;0.000
da3d1afc-247e-4d18-a7e4-4be0c7d7e803;291;Réception (B.L. : 1700234097);1700234097;;FOURNISSEUR CENTRALE;;Pas de commande associée;O;23/03/2026 00:00;;23/03/2026 12:23;0.000
da60da6e-90c2-401b-9b67-51dda33277e7;293;Réception (B.L. : 1800334348);1800334348;;FOURNISSEUR CENTRALE;;Pas de commande associée;O;26/03/2026 00:00;;27/03/2026 12:33;0.000
da6373a6-795c-4ef4-b99c-7c73443c0200;293;Réception (B.L. : 1800336537);1800336537;;FOURNISSEUR CENTRALE;;Pas de commande associée;O;04/04/2026 00:00;;04/04/2026 12:14;0.000
da66898a-9e52-4d4b-86b7-e4e511f9b33c;293;Réception (B.L. : 1700229766);1700229766;;FOURNISSEUR CENTRALE;;Pas de commande associée;O;02/03/2026 00:00;;02/03/2026 12:18;0.000
da711e9d-5d97-4d85-aaa9-5533fad2b5be;080;Réception (B.L. : 1700236099);1700236099;;FOURNISSEUR CENTRALE;;Pas de commande associée;O;01/04/2026 00:00;;02/04/2026 12:11;48.000
da780b16-5fbe-4f46-a75b-0212866f1859;292;Réception (B.L. : 1100210818);1100210818;;FOURNISSEUR CENTRALE;;Pas de commande associée;O;06/03/2026 00:00;;06/03/2026 12:12;1886.000
da7c74d8-7953-4683-b064-15980c1cc552;291;Réception (B.L. : 1200107928);1200107928;;FOURNISSEUR CENTRALE;;Pas de commande associée;O;03/04/2026 00:00;;03/04/2026 12:12;0.000
da8a6c19-27a4-4b2b-80b1-0213f88af378;080;Réception (B.L. : 1800333424);1800333424;;FOURNISSEUR CENTRALE;;Pas de commande associée;O;23/03/2026 00:00;;24/03/2026 12:19;24.000
da8ffc1a-a0f6-4b4c-9e05-9f4041079426;291;Réception (B.L. : 1100215913);1100215913;;FOURNISSEUR CENTRALE;;Pas de commande associée;O;06/04/2026 00:00;;06/04/2026 12:18;0.000
dae19951-b8af-4da7-9c28-6c290816a784;080;Réception (B.L. : 1200108198);1200108198;;FOURNISSEUR CENTRALE;;Pas de commande associée;O;08/04/2026 00:00;;08/04/2026 12:12;4.000
daf4d4ee-6a80-4c5c-8ca8-f13520c96fcb;291;Réception (B.L. : 1800333743);1800333743;;FOURNISSEUR CENTRALE;;Pas de commande associée;O;24/03/2026 00:00;;25/03/2026 12:36;0.000
db07375e-bf8c-430e-b029-a2bb546d4170;293;Réception (B.L. : 1800334140);1800334140;;FOURNISSEUR CENTRALE;;Pas de commande associée;O;26/03/2026 00:00;;26/03/2026 12:20;0.000
db150cba-16ae-4216-9014-63dfccdac245;291;Réception (B.L. : 1700230368);1700230368;;FOURNISSEUR CENTRALE;;Pas de commande associée;O;04/03/2026 00:00;;04/03/2026 12:28;0.000
db276769-b667-4fef-b088-777668364056;080;Réception (B.L. : 1800335856);1800335856;;FOURNISSEUR CENTRALE;;Pas de commande associée;O;02/04/2026 00:00;;02/04/2026 17:14;12.000
db2fe2e8-987a-4f61-96e3-abfc16582301;293;Réception (B.L. : 1800334861);1800334861;;FOURNISSEUR CENTRALE;;Pas de commande associée;O;29/03/2026 00:00;;30/03/2026 12:24;0.000
db3f288d-5185-4948-85f3-845cf4429630;293;Réception (B.L. : 1800331780);1800331780;;FOURNISSEUR CENTRALE;;Pas de commande associée;O;17/03/2026 00:00;;17/03/2026 17:02;0.000
db5a8b43-e136-4e84-a3a4-914eee5f6fba;080;Réception (B.L. : 1700229817);1700229817;;FOURNISSEUR CENTRALE;;Pas de commande associée;O;02/03/2026 00:00;;02/03/2026 12:19;4.000
db8388c0-e5c9-4cb2-8096-eb6a55c1ec5f;291;Réception (B.L. : 1100210023);1100210023;;FOURNISSEUR CENTRALE;;Pas de commande associée;O;02/03/2026 00:00;;02/03/2026 12:14;0.000
db96b22c-46cd-4959-9194-343be3c26159;293;Réception (B.L. : 1800332982);1800332982;;FOURNISSEUR CENTRALE;;Pas de commande associée;O;20/03/2026 00:00;;20/03/2026 17:01;0.000
dba0625c-660a-4be2-a678-04453f06cf23;080;Réception (B.L. : 1800332306);1800332306;;FOURNISSEUR CENTRALE;;Pas de commande associée;O;18/03/2026 00:00;;19/03/2026 12:19;177.606
dbdfdea9-598e-46e6-a00c-36d923cf1917;293;Réception (B.L. : 1100211902);1100211902;;FOURNISSEUR CENTRALE;;Pas de commande associée;O;13/03/2026 00:00;;13/03/2026 12:15;0.000
dbea4344-90ac-4639-b943-7e01af1785b7;292;Réception (B.L. : 1800333997);1800333997;;FOURNISSEUR CENTRALE;;Pas de commande associée;O;25/03/2026 00:00;;26/03/2026 12:19;94.000
dbeea97d-1773-400d-9dbb-32daa95b442a;292;Réception (B.L. : 1800328967);1800328967;;FOURNISSEUR CENTRALE;;Pas de commande associée;O;05/03/2026 00:00;;06/03/2026 12:22;31.000
dbf824d4-aae5-46d3-b8fd-e6c1a991f0c8;291;Réception (B.L. : 1800329742);1800329742;;FOURNISSEUR CENTRALE;;Pas de commande associée;O;10/03/2026 00:00;;10/03/2026 12:04;0.000
dbf96c4f-0cf6-4bb2-9ccc-3974bd5486e9;292;Réception (B.L. : 1700231845);1700231845;;FOURNISSEUR CENTRALE;;Pas de commande associée;O;11/03/2026 00:00;;11/03/2026 12:14;562.000
dc0c4313-e0f0-4716-8297-eca38b661df7;291;Réception (B.L. : 1100215881);1100215881;;FOURNISSEUR CENTRALE;;Pas de commande associée;O;06/04/2026 00:00;;06/04/2026 12:12;0.000
dc109f69-5c28-4aae-bfb9-6433e6e1d1c0;292;Réception (B.L. : 1800337172);1800337172;;FOURNISSEUR CENTRALE;;Pas de commande associée;O;07/04/2026 00:00;;08/04/2026 12:15;44.000
dc40e6fe-559a-400c-ae38-1320e6dc250d;291;Réception (B.L. : 1700234941);1700234941;;FOURNISSEUR CENTRALE;;Pas de commande associée;O;26/03/2026 00:00;;26/03/2026 17:15;0.000
dc47a05d-24c3-4141-befd-e1fe65a2562c;291;Réception (B.L. : 1100212553);1100212553;;FOURNISSEUR CENTRALE;;Pas de commande associée;O;18/03/2026 00:00;;18/03/2026 12:20;0.000
dc53f3d4-b55b-48d9-ae3d-acf8f398486d;291;Réception (B.L. : 1800329861);1800329861;;FOURNISSEUR CENTRALE;;Pas de commande associée;O;10/03/2026 00:00;;10/03/2026 12:17;0.000
dc61615f-7ce9-4ddb-9ccf-9b3d9abb2c82;291;Réception (B.L. : 1700236045);1700236045;;FOURNISSEUR CENTRALE;;Pas de commande associée;O;01/04/2026 00:00;;01/04/2026 17:15;0.000
dc6cf5e7-4ca0-420d-80bd-1e6e46a6d901;292;Réception (B.L. : 1800334076);1800334076;;FOURNISSEUR CENTRALE;;Pas de commande associée;O;26/03/2026 00:00;;26/03/2026 12:24;20.000
dc761491-655c-4b7f-989a-fabe2e7ba4e7;291;Réception (B.L. : 1800331768);1800331768;;FOURNISSEUR CENTRALE;;Pas de commande associée;O;17/03/2026 00:00;;17/03/2026 17:05;0.000
dc825fdd-f6c9-4f76-9ca4-a597fe452947;291;Réception (B.L. : 1100215897);1100215897;;FOURNISSEUR CENTRALE;;Pas de commande associée;O;06/04/2026 00:00;;06/04/2026 12:17;0.000
dcaf90a6-6fdf-4b96-97e1-c0cb7d277a03;293;Réception (B.L. : 1800335101);1800335101;;FOURNISSEUR CENTRALE;;Pas de commande associée;O;30/03/2026 00:00;;31/03/2026 12:15;0.000
dcbe87b2-4205-41a9-b952-eb8311c56da7;291;Réception (B.L. : 1800329749);1800329749;;FOURNISSEUR CENTRALE;;Pas de commande associée;O;10/03/2026 00:00;;10/03/2026 12:11;0.000
dcccaddb-48dc-4017-bb76-ea7edb0fd3ed;293;Réception (B.L. : 1200107342);1200107342;;FOURNISSEUR CENTRALE;;Pas de commande associée;O;27/03/2026 00:00;;27/03/2026 12:13;0.000
dcd5d605-8554-43a2-a111-1fc8525350b0;291;Réception (B.L. : 1700230858);1700230858;;FOURNISSEUR CENTRALE;;Pas de commande associée;O;06/03/2026 00:00;;06/03/2026 12:23;0.000
dce2ad5e-0940-4599-a77a-42b7fac164cb;292;Réception (B.L. : 1800332817);1800332817;;FOURNISSEUR CENTRALE;;Pas de commande associée;O;20/03/2026 00:00;;20/03/2026 12:17;1.000
dce45daf-401e-4b84-b5e6-458fa891ddda;080;Réception (B.L. : 1800328710);1800328710;;FOURNISSEUR CENTRALE;;Pas de commande associée;O;05/03/2026 00:00;;05/03/2026 17:14;4.000
dd3ba240-ea1e-4b68-bae6-4f35933604b0;293;Réception (B.L. : 1800329717);1800329717;;FOURNISSEUR CENTRALE;;Pas de commande associée;O;10/03/2026 00:00;;10/03/2026 12:04;0.000
dd4dc4e9-32a1-4ed5-b177-3019b66ea0ba;291;Réception (B.L. : 1800337204);1800337204;;FOURNISSEUR CENTRALE;;Pas de commande associée;O;07/04/2026 00:00;;08/04/2026 12:28;0.000
dd844ccc-5549-4dae-a115-e07ac5b39a20;080;Réception (B.L. : 1700234547);1700234547;;FOURNISSEUR CENTRALE;;Pas de commande associée;O;25/03/2026 00:00;;25/03/2026 12:22;60.000
ddbcc8d0-036f-49d1-a730-fe1d93718767;080;Réception (B.L. : 1100211110);1100211110;;FOURNISSEUR CENTRALE;;Pas de commande associée;O;08/03/2026 00:00;;09/03/2026 12:15;24.000
ddbda028-28f5-498b-8f57-56c4b63b35c2;080;Réception (B.L. : 1100215849);1100215849;;FOURNISSEUR CENTRALE;;Pas de commande associée;O;06/04/2026 00:00;;06/04/2026 12:13;18.000
ddef8207-05e9-4a54-960a-9b39f2625fb2;291;Réception (B.L. : 1800328948);1800328948;;FOURNISSEUR CENTRALE;;Pas de commande associée;O;05/03/2026 00:00;;06/03/2026 12:35;0.000
ddfb84bc-a5a5-4b93-aa4b-21283b0a7723;291;Réception (B.L. : 1800332933);1800332933;;FOURNISSEUR CENTRALE;;Pas de commande associée;O;20/03/2026 00:00;;20/03/2026 17:03;0.000
de119e1f-ebc3-41e6-8a33-5bcb2763eff7;293;Réception (B.L. : 1800332818);1800332818;;FOURNISSEUR CENTRALE;;Pas de commande associée;O;20/03/2026 00:00;;20/03/2026 12:34;0.000
de160394-7b52-4fef-8fce-86ca4a3e42c8;293;Réception (B.L. : 1800330895);1800330895;;FOURNISSEUR CENTRALE;;Pas de commande associée;O;13/03/2026 00:00;;13/03/2026 12:36;0.000
de308db2-d2da-4824-9ebe-5cb40496cced;293;Réception (B.L. : 1700236056);1700236056;;FOURNISSEUR CENTRALE;;Pas de commande associée;O;01/04/2026 00:00;;01/04/2026 17:15;0.000
de43936c-e7ae-4f7a-8720-91279cbf522d;080;Réception (B.L. : 1800327983);1800327983;;FOURNISSEUR CENTRALE;;Pas de commande associée;O;02/03/2026 00:00;;03/03/2026 12:10;300.000
de57f867-a0a1-4ee1-b70c-b11307720a3c;291;Réception (B.L. : 1100214109);1100214109;;FOURNISSEUR CENTRALE;;Pas de commande associée;O;26/03/2026 00:00;;26/03/2026 12:13;0.000
de6906fb-e3cb-4b7b-9695-66f569061a1d;291;Réception (B.L. : 1800330144);1800330144;;FOURNISSEUR CENTRALE;;Pas de commande associée;O;11/03/2026 00:00;;11/03/2026 12:35;0.000
de79c5e1-3be7-4732-854c-87fa1eb7d8ec;293;Réception (B.L. : 1700230284);1700230284;;FOURNISSEUR CENTRALE;;Pas de commande associée;O;04/03/2026 00:00;;04/03/2026 12:18;0.000
deb594d1-5d7e-4fa3-a08b-8b10a034a61b;292;Réception (B.L. : 1100213465);1100213465;;FOURNISSEUR CENTRALE;;Pas de commande associée;O;23/03/2026 00:00;;23/03/2026 17:11;30.000
deb95a8e-818e-40da-b367-eb5f35541aff;291;Réception (B.L. : 1800335339);1800335339;;FOURNISSEUR CENTRALE;;Pas de commande associée;O;31/03/2026 00:00;;31/03/2026 17:17;0.000
debb511c-a81a-4e05-853e-1280ea27d5e6;293;Réception (B.L. : 1800335834);1800335834;;FOURNISSEUR CENTRALE;;Pas de commande associée;O;02/04/2026 00:00;;02/04/2026 12:24;0.000
debeb6e0-91c5-46b5-9664-acb8af124488;080;Réception (B.L. : 1800336677);1800336677;;FOURNISSEUR CENTRALE;;Pas de commande associée;O;06/04/2026 00:00;;06/04/2026 12:20;124.130
dee079ff-3e6f-47ed-a53d-95944ee150e8;292;Réception (B.L. : 1100212011);1100212011;;FOURNISSEUR CENTRALE;;Pas de commande associée;O;14/03/2026 00:00;;14/03/2026 12:11;2376.000
dee5e4ae-1995-4ba8-86d4-234d36a46541;293;Réception (B.L. : 1700233194);1700233194;;FOURNISSEUR CENTRALE;;Pas de commande associée;O;18/03/2026 00:00;;18/03/2026 12:18;0.000
df1b8b0b-9c14-4591-91ee-95212cbb3e26;080;Réception (B.L. : 1800334092);1800334092;;FOURNISSEUR CENTRALE;;Pas de commande associée;O;26/03/2026 00:00;;26/03/2026 12:20;12.000
df1bfb1a-5e51-4492-8adc-86044be27ef4;292;Réception (B.L. : 1200106806);1200106806;;FOURNISSEUR CENTRALE;;Pas de commande associée;O;19/03/2026 00:00;;19/03/2026 12:12;318.000
df25a46a-edfa-412c-a04e-e2378adb54b6;293;Réception (B.L. : 1700235213);1700235213;;FOURNISSEUR CENTRALE;;Pas de commande associée;O;27/03/2026 00:00;;27/03/2026 12:30;0.000
df767e35-7634-4bbe-a96d-5b6d118f532a;291;Réception (B.L. : 1100211457);1100211457;;FOURNISSEUR CENTRALE;;Pas de commande associée;O;11/03/2026 00:00;;11/03/2026 12:19;0.000
df7e8ebf-9ce0-4dbc-a73a-7467de2fa571;293;Réception (B.L. : 1800331997);1800331997;;FOURNISSEUR CENTRALE;;Pas de commande associée;O;17/03/2026 00:00;;18/03/2026 12:37;0.000
df89a8d7-4281-41f0-bb31-4cbb6c808442;291;Réception (B.L. : 1800333573);1800333573;;FOURNISSEUR CENTRALE;;Pas de commande associée;O;24/03/2026 00:00;;24/03/2026 17:24;0.000
df9ba70d-7f81-4040-9d27-e3cbe9fe7053;291;Réception (B.L. : 1800336820);1800336820;;FOURNISSEUR CENTRALE;;Pas de commande associée;O;06/04/2026 00:00;;06/04/2026 12:30;0.000
dfa23f9a-d2b4-4fad-a9ab-d63a4f3d2e95;292;Réception (B.L. : 1700230687);1700230687;;FOURNISSEUR CENTRALE;;Pas de commande associée;O;06/03/2026 00:00;;06/03/2026 12:16;30.000
dfbfe527-0d67-4d0b-b29b-d0bd110ea08e;080;Réception (B.L. : 1800330459);1800330459;;FOURNISSEUR CENTRALE;;Pas de commande associée;O;11/03/2026 00:00;;12/03/2026 12:12;21.000
dfc21a6b-9097-487c-adca-4d82f0bd44c2;291;Réception (B.L. : 1800333177);1800333177;;FOURNISSEUR CENTRALE;;Pas de commande associée;O;23/03/2026 00:00;;23/03/2026 12:46;0.000
dfc8c001-6c15-49ab-9f28-efa3b062008f;293;Réception (B.L. : 1800332292);1800332292;;FOURNISSEUR CENTRALE;;Pas de commande associée;O;18/03/2026 00:00;;19/03/2026 12:17;0.000
e004ef75-512b-4d9b-8b9c-079c35c88d92;293;Réception (B.L. : 1700234107);1700234107;;FOURNISSEUR CENTRALE;;Pas de commande associée;O;23/03/2026 00:00;;23/03/2026 12:21;0.000
e00b203b-6b48-4c32-b1d6-c1174ed4d51a;291;Réception (B.L. : 1800334396);1800334396;;FOURNISSEUR CENTRALE;;Pas de commande associée;O;26/03/2026 00:00;;27/03/2026 12:27;0.000
e017e0e1-0323-4532-87c9-f04e9fcc305c;080;Réception (B.L. : 1100213317);1100213317;;FOURNISSEUR CENTRALE;;Pas de commande associée;O;23/03/2026 00:00;;23/03/2026 12:11;480.000
e05a3dbf-9fb8-423b-94ef-c36b940a52aa;080;Réception (B.L. : 1800336325);1800336325;;FOURNISSEUR CENTRALE;;Pas de commande associée;O;03/04/2026 00:00;;04/04/2026 01:38;64.000
e07695c3-cf4e-4bb7-864e-c6c980764796;291;Réception (B.L. : 1100215412);1100215412;;FOURNISSEUR CENTRALE;;Pas de commande associée;O;03/04/2026 00:00;;03/04/2026 12:16;0.000
e0c73d2b-5011-4da5-a349-4847c3d74549;291;Réception (B.L. : 1800334382);1800334382;;FOURNISSEUR CENTRALE;;Pas de commande associée;O;26/03/2026 00:00;;27/03/2026 12:24;200.000
e0ce4bef-4c57-4eaa-806e-68b7590014f2;080;Réception (B.L. : 1800330017);1800330017;;FOURNISSEUR CENTRALE;;Pas de commande associée;O;10/03/2026 00:00;;10/03/2026 17:05;6.000
e0d6f2e5-4a14-4b33-9116-5f206271664b;291;Réception (B.L. : 1800332938);1800332938;;FOURNISSEUR CENTRALE;;Pas de commande associée;O;20/03/2026 00:00;;20/03/2026 17:08;0.000
e0df28b6-b81e-46c6-b785-a7dc5421da3d;291;Réception (B.L. : 1800333744);1800333744;;FOURNISSEUR CENTRALE;;Pas de commande associée;O;24/03/2026 00:00;;25/03/2026 12:37;0.000
e110c3bf-1b66-4aa9-b012-b64240c87d95;293;Réception (B.L. : 1200107659);1200107659;;FOURNISSEUR CENTRALE;;Pas de commande associée;O;31/03/2026 00:00;;31/03/2026 12:12;0.000
e12cfcb3-6d4d-412d-981a-856c32bc9de4;292;Réception (B.L. : 1700236969);1700236969;;FOURNISSEUR CENTRALE;;Pas de commande associée;O;06/04/2026 00:00;;06/04/2026 12:17;608.000
e1382a8d-6a6e-4617-9360-10d3454f7935;293;Réception (B.L. : 1200107917);1200107917;;FOURNISSEUR CENTRALE;;Pas de commande associée;O;03/04/2026 00:00;;03/04/2026 12:12;0.000
e13a3aab-bc15-450c-a630-e0f2362181f4;291;Réception (B.L. : 1800334239);1800334239;;FOURNISSEUR CENTRALE;;Pas de commande associée;O;26/03/2026 00:00;;26/03/2026 17:23;0.000
e145dd05-df64-45fd-bf2e-ec255bc244c0;080;Réception (B.L. : 1800336680);1800336680;;FOURNISSEUR CENTRALE;;Pas de commande associée;O;06/04/2026 00:00;;06/04/2026 12:23;532.600
e15797d4-50c4-4dfc-8109-41313278b9ed;291;Réception (B.L. : 1800335523);1800335523;;FOURNISSEUR CENTRALE;;Pas de commande associée;O;01/04/2026 00:00;;01/04/2026 12:30;0.000
e189dda6-b93b-46de-91c5-6128ebe1158d;080;Réception (B.L. : 1800330561);1800330561;;FOURNISSEUR CENTRALE;;Pas de commande associée;O;12/03/2026 00:00;;12/03/2026 17:11;2.000
e199df23-d899-42c9-b0a7-ee4fd0f68f82;293;Réception (B.L. : 1100213339);1100213339;;FOURNISSEUR CENTRALE;;Pas de commande associée;O;23/03/2026 00:00;;23/03/2026 12:18;0.000
e1b8968f-2914-424e-9be2-4bcd20071586;291;Réception (B.L. : 1700234189);1700234189;;FOURNISSEUR CENTRALE;;Pas de commande associée;O;23/03/2026 00:00;;23/03/2026 12:34;0.000
e1cef466-9594-489c-890d-7cb1492a2774;292;Réception (B.L. : 1800333435);1800333435;;FOURNISSEUR CENTRALE;;Pas de commande associée;O;23/03/2026 00:00;;24/03/2026 12:18;27.000
e1e5b322-830b-469d-8d37-951bed2818de;292;Réception (B.L. : 1800331135);1800331135;;FOURNISSEUR CENTRALE;;Pas de commande associée;O;13/03/2026 00:00;;13/03/2026 23:28;91.000
e1ed9e13-c165-45a1-a237-0d3d8ad45a24;080;Réception (B.L. : 1800329977);1800329977;;FOURNISSEUR CENTRALE;;Pas de commande associée;O;10/03/2026 00:00;;10/03/2026 17:02;2.000
e23d9e45-bb0d-44cb-be2a-8c4ba0691e6e;291;Réception (B.L. : 1100215668);1100215668;;FOURNISSEUR CENTRALE;;Pas de commande associée;O;04/04/2026 00:00;;04/04/2026 12:10;0.000
e24ac747-69a2-4953-ab13-957b72d0f5ca;291;Réception (B.L. : 1800328121);1800328121;;FOURNISSEUR CENTRALE;;Pas de commande associée;O;03/03/2026 00:00;;03/03/2026 17:04;0.000
e261db43-8d48-463e-aa53-0abb3f571f4e;292;Réception (B.L. : 1800332403);1800332403;;FOURNISSEUR CENTRALE;;Pas de commande associée;O;19/03/2026 00:00;;19/03/2026 12:21;2.000
e27815e8-a2ab-4673-8616-e7ffe0bb2d50;291;Réception (B.L. : 1700232762);1700232762;;FOURNISSEUR CENTRALE;;Pas de commande associée;O;16/03/2026 00:00;;16/03/2026 12:27;0.000
e283e59e-4fca-48b6-81a0-80de1c9a8c36;293;Réception (B.L. : 1800334626);1800334626;;FOURNISSEUR CENTRALE;;Pas de commande associée;O;27/03/2026 00:00;;27/03/2026 23:40;0.000
e29ca016-dec6-4480-aeda-b4ca9d88aa23;293;Réception (B.L. : 1800331994);1800331994;;FOURNISSEUR CENTRALE;;Pas de commande associée;O;17/03/2026 00:00;;18/03/2026 12:34;0.000
e2bb22f7-727a-4461-8898-4d07c99ba8b1;292;Réception (B.L. : 1100213877);1100213877;;FOURNISSEUR CENTRALE;;Pas de commande associée;O;25/03/2026 00:00;;25/03/2026 12:11;1193.000
e2c11794-e3c2-44c8-b29e-df8b15c27c6b;293;Réception (B.L. : 1100213081);1100213081;;FOURNISSEUR CENTRALE;;Pas de commande associée;O;20/03/2026 00:00;;20/03/2026 12:07;0.000
e2e18e35-e094-436c-926a-b5b225655f5a;291;Réception (B.L. : 1800336915);1800336915;;FOURNISSEUR CENTRALE;;Pas de commande associée;O;06/04/2026 00:00;;07/04/2026 12:23;0.000
e3229e8a-e0c0-441a-b99b-a927c03b000e;293;Réception (B.L. : 1700231332);1700231332;;FOURNISSEUR CENTRALE;;Pas de commande associée;O;09/03/2026 00:00;;09/03/2026 12:27;0.000
e34a1a9e-24e9-4f94-bf1a-b559f36180a7;291;Réception (B.L. : 1700234188);1700234188;;FOURNISSEUR CENTRALE;;Pas de commande associée;O;23/03/2026 00:00;;23/03/2026 12:33;0.000
e35d6aeb-4119-4d02-8ab9-4af23e9be8bb;291;Réception (B.L. : 1800332265);1800332265;;FOURNISSEUR CENTRALE;;Pas de commande associée;O;18/03/2026 00:00;;19/03/2026 12:20;0.000
e3a8a9a8-b9bd-497b-9e77-f055433f85bb;293;Réception (B.L. : 1800335877);1800335877;;FOURNISSEUR CENTRALE;;Pas de commande associée;O;02/04/2026 00:00;;02/04/2026 17:17;0.000
e3c71aa1-f116-42d5-8b3a-c7d0effd0118;293;Réception (B.L. : 1800330128);1800330128;;FOURNISSEUR CENTRALE;;Pas de commande associée;O;11/03/2026 00:00;;11/03/2026 12:29;0.000
e3c75b77-1640-4ff2-9e84-714860a82b79;080;Réception (B.L. : 1700230959);1700230959;;FOURNISSEUR CENTRALE;;Pas de commande associée;O;06/03/2026 00:00;;06/03/2026 17:08;34.000
e3ce28f8-14ad-42dd-9b67-547e6f53f7ec;293;Réception (B.L. : 1700231331);1700231331;;FOURNISSEUR CENTRALE;;Pas de commande associée;O;09/03/2026 00:00;;09/03/2026 12:26;0.000
e3d7e837-507d-41a3-8b8e-6f5b5b9082f8;293;Réception (B.L. : 1700236725);1700236725;;FOURNISSEUR CENTRALE;;Pas de commande associée;O;04/04/2026 00:00;;04/04/2026 12:11;0.000
e3ef4956-a657-49e7-ba56-2a13544ab34a;293;Réception (B.L. : 1800331589);1800331589;;FOURNISSEUR CENTRALE;;Pas de commande associée;O;17/03/2026 00:00;;17/03/2026 12:01;0.000
e413d65d-c009-47df-bfd3-c7282e044ce3;291;Réception (B.L. : 1700234669);1700234669;;FOURNISSEUR CENTRALE;;Pas de commande associée;O;25/03/2026 00:00;;25/03/2026 12:29;0.000
e424cf4c-b4f6-4937-bf65-432cb4b8a57e;292;Réception (B.L. : 1800336582);1800336582;;FOURNISSEUR CENTRALE;;Pas de commande associée;O;06/04/2026 00:00;;06/04/2026 12:21;56.000
e425b061-0704-4276-b017-2c3f4e0a1895;291;Réception (B.L. : 1700231383);1700231383;;FOURNISSEUR CENTRALE;;Pas de commande associée;O;09/03/2026 00:00;;09/03/2026 12:29;0.000
e429f1de-44f8-4595-ad10-778bd7cca968;291;Réception (B.L. : 1700236049);1700236049;;FOURNISSEUR CENTRALE;;Pas de commande associée;O;01/04/2026 00:00;;01/04/2026 17:19;0.000
e42f10a1-8f58-4733-bf46-420beb1bd50d;291;Réception (B.L. : 1700233181);1700233181;;FOURNISSEUR CENTRALE;;Pas de commande associée;O;18/03/2026 00:00;;18/03/2026 12:27;0.000
e43f9f2a-6bd7-433b-9eda-f54f8f17b318;293;Réception (B.L. : 1200107706);1200107706;;FOURNISSEUR CENTRALE;;Pas de commande associée;O;01/04/2026 00:00;;01/04/2026 12:11;0.000
e46d875d-254d-4001-9057-61d27052bb05;080;Réception (B.L. : 1800334655);1800334655;;FOURNISSEUR CENTRALE;;Pas de commande associée;O;27/03/2026 00:00;;27/03/2026 23:39;30.000
e4a8e870-ef59-4ea6-9b13-1d7fc6115343;291;Réception (B.L. : 1800330511);1800330511;;FOURNISSEUR CENTRALE;;Pas de commande associée;O;12/03/2026 00:00;;12/03/2026 12:16;0.000
e4dd11f6-de7e-4971-ab0c-a8635eb0400c;291;Réception (B.L. : 1100212671);1100212671;;FOURNISSEUR CENTRALE;;Pas de commande associée;O;19/03/2026 00:00;;19/03/2026 12:14;0.000
e5171311-b668-4e8c-b5a9-7c9f595f71e0;292;Réception (B.L. : 1800329736);1800329736;;FOURNISSEUR CENTRALE;;Pas de commande associée;O;10/03/2026 00:00;;10/03/2026 12:05;56.000
e530600c-b966-4428-a6e6-bf93ba7e3c30;080;Réception (B.L. : 1800330452);1800330452;;FOURNISSEUR CENTRALE;;Pas de commande associée;O;11/03/2026 00:00;;12/03/2026 12:06;6.000
e5586b1a-020e-4325-a3a2-e9d62e217eb1;080;Réception (B.L. : 1700232737);1700232737;;FOURNISSEUR CENTRALE;;Pas de commande associée;O;16/03/2026 00:00;;16/03/2026 12:19;1468.000
e5689615-746a-4085-b7f8-866037b67ecf;080;Réception (B.L. : 1800335957);1800335957;;FOURNISSEUR CENTRALE;;Pas de commande associée;O;02/04/2026 00:00;;02/04/2026 17:20;1.000
e56cdb28-fb04-4192-b8a6-434b20879094;292;Réception (B.L. : 1800336585);1800336585;;FOURNISSEUR CENTRALE;;Pas de commande associée;O;06/04/2026 00:00;;06/04/2026 12:24;270.000
e577598b-c928-473a-8b4d-37d224ed558b;292;Réception (B.L. : 1700231029);1700231029;;FOURNISSEUR CENTRALE;;Pas de commande associée;O;06/03/2026 00:00;;06/03/2026 17:21;12.000
e5846dac-c2c4-4ff1-8a43-746107f4706d;080;Réception (B.L. : 1800328521);1800328521;;FOURNISSEUR CENTRALE;;Pas de commande associée;O;05/03/2026 00:00;;05/03/2026 12:13;60.000
e58703e9-d446-4607-bd6d-0266096bbec3;080;Réception (B.L. : 1800327982);1800327982;;FOURNISSEUR CENTRALE;;Pas de commande associée;O;02/03/2026 00:00;;03/03/2026 12:09;60.000
e5adee91-91bf-45b7-8413-1289f8534177;292;Réception (B.L. : 1800333747);1800333747;;FOURNISSEUR CENTRALE;;Pas de commande associée;O;24/03/2026 00:00;;25/03/2026 12:31;32.000
e5dce1fb-499c-4e44-8f7d-690abfb62d75;293;Réception (B.L. : 1700237409);1700237409;;FOURNISSEUR CENTRALE;;Pas de commande associée;O;08/04/2026 00:00;;08/04/2026 12:18;0.000
e5ed7048-25ca-497b-9fe2-cfe2c64de626;293;Réception (B.L. : 1100214968);1100214968;;FOURNISSEUR CENTRALE;;Pas de commande associée;O;01/04/2026 00:00;;01/04/2026 12:12;0.000
e5f4b933-81a4-41b7-9cee-37f126364072;293;Réception (B.L. : 1700233200);1700233200;;FOURNISSEUR CENTRALE;;Pas de commande associée;O;18/03/2026 00:00;;18/03/2026 12:24;0.000
e622edf2-76dd-47f3-b09f-2dc8bed54567;292;Réception (B.L. : 1800332765);1800332765;;FOURNISSEUR CENTRALE;;Pas de commande associée;O;20/03/2026 00:00;;20/03/2026 12:15;27.000
e63ae573-e733-488b-bfe8-ae5f5a216b6b;293;Réception (B.L. : 1800329721);1800329721;;FOURNISSEUR CENTRALE;;Pas de commande associée;O;10/03/2026 00:00;;10/03/2026 12:08;0.000
e6534296-847c-49d5-b603-d1e7bfc5c60a;080;Réception (B.L. : 1700237079);1700237079;;FOURNISSEUR CENTRALE;;Pas de commande associée;O;07/04/2026 00:00;;07/04/2026 12:16;59.000
e658c896-5741-4d64-8a79-ab9a45550750;293;Réception (B.L. : 1800328761);1800328761;;FOURNISSEUR CENTRALE;;Pas de commande associée;O;05/03/2026 00:00;;05/03/2026 17:13;0.000
e674ba8b-824b-42d3-988d-e976dae3ffcc;080;Réception (B.L. : 1100215460);1100215460;;FOURNISSEUR CENTRALE;;Pas de commande associée;O;03/04/2026 00:00;;03/04/2026 12:16;100.000
e6861ded-3848-4dc1-a8c9-526df9b7e935;292;Réception (B.L. : 1800329208);1800329208;;FOURNISSEUR CENTRALE;;Pas de commande associée;O;06/03/2026 00:00;;06/03/2026 17:25;32.792
e6996f93-6b70-4854-b32a-98bf7a37fab0;080;Réception (B.L. : 1800329697);1800329697;;FOURNISSEUR CENTRALE;;Pas de commande associée;O;10/03/2026 00:00;;10/03/2026 12:03;54.000
e6c02727-2973-4ff4-996b-03fee0bcd4ab;291;Réception (B.L. : 1800329465);1800329465;;FOURNISSEUR CENTRALE;;Pas de commande associée;O;09/03/2026 00:00;;09/03/2026 12:35;0.000
e6cb1cdb-d230-4b34-bccf-b82362c2a242;291;Réception (B.L. : 1700234945);1700234945;;FOURNISSEUR CENTRALE;;Pas de commande associée;O;26/03/2026 00:00;;26/03/2026 17:19;0.000
e6ece8e7-b06e-40d4-95cb-c3d95c3c4aca;293;Réception (B.L. : 1800335484);1800335484;;FOURNISSEUR CENTRALE;;Pas de commande associée;O;31/03/2026 00:00;;01/04/2026 12:23;0.000
e6ef7ce5-e5da-4755-9ce6-51425ca7b6a5;293;Réception (B.L. : 1700233650);1700233650;;FOURNISSEUR CENTRALE;;Pas de commande associée;O;19/03/2026 00:00;;20/03/2026 12:22;0.000
e6f66e9e-ead8-41c5-afbc-5bf66802d371;293;Réception (B.L. : 1800332636);1800332636;;FOURNISSEUR CENTRALE;;Pas de commande associée;O;19/03/2026 00:00;;20/03/2026 12:32;0.000
e72c46f9-0cc5-4180-a9eb-53f238dcc65b;293;Réception (B.L. : 1800334632);1800334632;;FOURNISSEUR CENTRALE;;Pas de commande associée;O;27/03/2026 00:00;;27/03/2026 23:46;0.000
e73f828c-c952-4358-a788-060dc87fea56;292;Réception (B.L. : 1100214454);1100214454;;FOURNISSEUR CENTRALE;;Pas de commande associée;O;27/03/2026 00:00;;27/03/2026 17:11;1710.000
e761b422-9785-43b4-95af-10315c5aaaf3;291;Réception (B.L. : 1100210648);1100210648;;FOURNISSEUR CENTRALE;;Pas de commande associée;O;05/03/2026 00:00;;05/03/2026 17:10;0.000
e7a2d574-4e8f-4137-beb8-28e6e714a110;291;Réception (B.L. : 1700233178);1700233178;;FOURNISSEUR CENTRALE;;Pas de commande associée;O;18/03/2026 00:00;;18/03/2026 12:24;0.000
e7a40f3e-d5bd-499f-8175-e71a87e18490;291;Réception (B.L. : 1800331604);1800331604;;FOURNISSEUR CENTRALE;;Pas de commande associée;O;16/03/2026 00:00;;17/03/2026 12:05;0.000
e7ba3e4a-995a-4a08-8080-82c6795a1c40;293;Réception (B.L. : 1200105899);1200105899;;FOURNISSEUR CENTRALE;;Pas de commande associée;O;06/03/2026 00:00;;06/03/2026 12:11;0.000
e7ec7bb1-a006-4806-b6b7-0ee6ae16cd8b;080;Réception (B.L. : 1800335083);1800335083;;FOURNISSEUR CENTRALE;;Pas de commande associée;O;30/03/2026 00:00;;31/03/2026 12:16;793.000
e7eeec7c-7c94-4415-b8e1-9bcf00735b7c;291;Réception (B.L. : 1100210531);1100210531;;FOURNISSEUR CENTRALE;;Pas de commande associée;O;05/03/2026 00:00;;05/03/2026 12:10;0.000
e811243f-033b-4a14-a8fd-75b06e31b9b3;292;Réception (B.L. : 1100213117);1100213117;;FOURNISSEUR CENTRALE;;Pas de commande associée;O;21/03/2026 00:00;;21/03/2026 12:10;1572.000
e83a47bc-f260-4d55-8461-62e34711c033;293;Réception (B.L. : 1700232401);1700232401;;FOURNISSEUR CENTRALE;;Pas de commande associée;O;13/03/2026 00:00;;13/03/2026 17:02;0.000
e85588ba-a148-4e7c-8cbe-088f113d776d;292;Réception (B.L. : 1700236967);1700236967;;FOURNISSEUR CENTRALE;;Pas de commande associée;O;06/04/2026 00:00;;06/04/2026 12:15;280.000
e86f86f2-0e2d-43eb-a922-9c0fa88fe91d;293;Réception (B.L. : 1800334863);1800334863;;FOURNISSEUR CENTRALE;;Pas de commande associée;O;29/03/2026 00:00;;30/03/2026 12:26;0.000
e879f0af-641e-4b1b-8ba9-45cbf9ee3d07;291;Réception (B.L. : 1100215154);1100215154;;FOURNISSEUR CENTRALE;;Pas de commande associée;O;02/04/2026 00:00;;02/04/2026 12:14;0.000
e88d77e0-a4a5-41fb-bf73-e96d27e6b2af;291;Réception (B.L. : 1800328945);1800328945;;FOURNISSEUR CENTRALE;;Pas de commande associée;O;05/03/2026 00:00;;06/03/2026 12:32;0.000
e89c932f-a299-478b-96a4-0719bce6843d;080;Réception (B.L. : 1100214917);1100214917;;FOURNISSEUR CENTRALE;;Pas de commande associée;O;01/04/2026 00:00;;01/04/2026 12:11;2034.000
e8ac484a-d01f-4cd6-a260-0a31017d1ae8;291;Réception (B.L. : 1800330150);1800330150;;FOURNISSEUR CENTRALE;;Pas de commande associée;O;11/03/2026 00:00;;11/03/2026 12:41;0.000
e8b205fc-bc86-4365-8100-a9f03cdd4230;292;Réception (B.L. : 1800336584);1800336584;;FOURNISSEUR CENTRALE;;Pas de commande associée;O;06/04/2026 00:00;;06/04/2026 12:23;180.000
e8b4474f-6804-4aaa-96f2-f61e877714b5;292;Réception (B.L. : 1800330513);1800330513;;FOURNISSEUR CENTRALE;;Pas de commande associée;O;12/03/2026 00:00;;12/03/2026 12:08;64.000
e8bc7e6e-f0cb-4aa1-9ed5-b31d4541ecd8;292;Réception (B.L. : 1800328126);1800328126;;FOURNISSEUR CENTRALE;;Pas de commande associée;O;03/03/2026 00:00;;03/03/2026 17:05;3.000
e8bdb355-2eaa-4576-a781-36cd6eeef86d;291;Réception (B.L. : 1100215717);1100215717;;FOURNISSEUR CENTRALE;;Pas de commande associée;O;04/04/2026 00:00;;04/04/2026 17:12;0.000
e8e3fd46-3e80-4801-a99e-1b4171b352a5;080;Réception (B.L. : 1800333889);1800333889;;FOURNISSEUR CENTRALE;;Pas de commande associée;O;25/03/2026 00:00;;25/03/2026 17:12;6.000
e8fa7a66-d9ba-40cd-a37f-19f484218adc;293;Réception (B.L. : 1700233647);1700233647;;FOURNISSEUR CENTRALE;;Pas de commande associée;O;19/03/2026 00:00;;20/03/2026 12:19;0.000
e8fbd06e-dd7c-462a-8c45-309b7a3f2ab7;291;Réception (B.L. : 1100213964);1100213964;;FOURNISSEUR CENTRALE;;Pas de commande associée;O;25/03/2026 00:00;;25/03/2026 12:20;0.000
e90785da-ab06-4b75-a9c0-8bcc4e99ac9a;080;Réception (B.L. : 1800334364);1800334364;;FOURNISSEUR CENTRALE;;Pas de commande associée;O;26/03/2026 00:00;;27/03/2026 12:32;79.000
e910e0d0-777c-4e8e-b063-47e102bd9f24;291;Réception (B.L. : 1700231357);1700231357;;FOURNISSEUR CENTRALE;;Pas de commande associée;O;09/03/2026 00:00;;09/03/2026 12:28;0.000
e911add2-12ee-4ccc-8429-a5366e110c38;291;Réception (B.L. : 1800336918);1800336918;;FOURNISSEUR CENTRALE;;Pas de commande associée;O;06/04/2026 00:00;;07/04/2026 12:26;0.000
e93aac47-3e64-42cc-ab95-fc4548f5cce5;080;Réception (B.L. : 1100214354);1100214354;;FOURNISSEUR CENTRALE;;Pas de commande associée;O;27/03/2026 00:00;;27/03/2026 12:12;4270.000
e960f46b-cf2e-491e-bf2c-e268db5bfd4d;080;Réception (B.L. : 1100214385);1100214385;;FOURNISSEUR CENTRALE;;Pas de commande associée;O;27/03/2026 00:00;;27/03/2026 12:15;13.000
e97c0b9a-fdb9-4b9f-b874-9eaac50b93d0;293;Réception (B.L. : 1700229767);1700229767;;FOURNISSEUR CENTRALE;;Pas de commande associée;O;02/03/2026 00:00;;02/03/2026 12:19;0.000
e97de460-0a06-4d95-ba9d-445b92cadee4;080;Réception (B.L. : 1100213883);1100213883;;FOURNISSEUR CENTRALE;;Pas de commande associée;O;25/03/2026 00:00;;25/03/2026 12:15;36.000
e98240fd-e487-4890-a364-abbbfa5fed4f;293;Réception (B.L. : 1700231873);1700231873;;FOURNISSEUR CENTRALE;;Pas de commande associée;O;11/03/2026 00:00;;11/03/2026 12:24;0.000
e9a8d8a8-468a-453f-a999-bc662b663572;291;Réception (B.L. : 1800331603);1800331603;;FOURNISSEUR CENTRALE;;Pas de commande associée;O;16/03/2026 00:00;;17/03/2026 12:04;0.000
e9b6ac26-e347-45b1-86e2-93f24ca49554;080;Réception (B.L. : 1800335677);1800335677;;FOURNISSEUR CENTRALE;;Pas de commande associée;O;02/04/2026 00:00;;02/04/2026 12:20;160.000
e9deb552-27a6-4084-bc9f-5647a8905014;291;Réception (B.L. : 1800332934);1800332934;;FOURNISSEUR CENTRALE;;Pas de commande associée;O;20/03/2026 00:00;;20/03/2026 17:04;0.000
ea075e74-70b1-41e6-b9d0-e7d481e98210;293;Réception (B.L. : 1700234111);1700234111;;FOURNISSEUR CENTRALE;;Pas de commande associée;O;23/03/2026 00:00;;23/03/2026 12:25;0.000
ea1d969d-03b6-45d2-9442-8a868ecdc18a;293;Réception (B.L. : 1700232346);1700232346;;FOURNISSEUR CENTRALE;;Pas de commande associée;O;13/03/2026 00:00;;13/03/2026 12:25;0.000
ea3445b4-1a41-4945-bf59-281ef61f39ab;293;Réception (B.L. : 1800330852);1800330852;;FOURNISSEUR CENTRALE;;Pas de commande associée;O;13/03/2026 00:00;;13/03/2026 12:35;0.000
ea4207cf-3e06-4072-baed-43333be3d9c2;291;Réception (B.L. : 1800336392);1800336392;;FOURNISSEUR CENTRALE;;Pas de commande associée;O;03/04/2026 00:00;;04/04/2026 01:45;0.000
ea546348-9278-4e7b-87d8-fa9c2ed2c161;292;Réception (B.L. : 1100213989);1100213989;;FOURNISSEUR CENTRALE;;Pas de commande associée;O;25/03/2026 00:00;;25/03/2026 12:17;24.000
ea56939a-9938-4826-baaa-027e12680c03;293;Réception (B.L. : 1800330189);1800330189;;FOURNISSEUR CENTRALE;;Pas de commande associée;O;10/03/2026 00:00;;11/03/2026 12:34;0.000
ea92f889-207e-4422-8326-2e7083234294;291;Réception (B.L. : 1100213352);1100213352;;FOURNISSEUR CENTRALE;;Pas de commande associée;O;23/03/2026 00:00;;23/03/2026 12:18;0.000
ea957879-2e5b-4e16-be73-9bd2a91c179e;291;Réception (B.L. : 1700231077);1700231077;;FOURNISSEUR CENTRALE;;Pas de commande associée;O;07/03/2026 00:00;;07/03/2026 12:14;0.000
eaa3d002-ab60-40a8-916b-9edcb30dd4b3;292;Réception (B.L. : 1700234915);1700234915;;FOURNISSEUR CENTRALE;;Pas de commande associée;O;26/03/2026 00:00;;26/03/2026 17:11;6.000
eaa3f336-823c-4efd-8383-aff7854cd729;291;Réception (B.L. : 1700237116);1700237116;;FOURNISSEUR CENTRALE;;Pas de commande associée;O;07/04/2026 00:00;;07/04/2026 12:15;0.000
eac255dc-b9e8-4c88-96ec-9eb04e8cfcb6;292;Réception (B.L. : 1200105540);1200105540;;FOURNISSEUR CENTRALE;;Pas de commande associée;O;02/03/2026 00:00;;02/03/2026 17:10;160.000
eb1b20d3-b3a4-43ac-81cb-55079420dc61;080;Réception (B.L. : 1100210637);1100210637;;FOURNISSEUR CENTRALE;;Pas de commande associée;O;05/03/2026 00:00;;05/03/2026 17:10;24.000
eb568591-dc0d-4943-b8ef-c54816be52cc;291;Réception (B.L. : 1800334381);1800334381;;FOURNISSEUR CENTRALE;;Pas de commande associée;O;26/03/2026 00:00;;27/03/2026 12:23;0.000
eb5b9926-2309-4244-b9e9-34766c8497a2;292;Réception (B.L. : 1100213618);1100213618;;FOURNISSEUR CENTRALE;;Pas de commande associée;O;24/03/2026 00:00;;24/03/2026 12:10;1.000
eb6d547d-dde9-4909-8fc2-025e797596f8;080;Réception (B.L. : 1700237188);1700237188;;FOURNISSEUR CENTRALE;;Pas de commande associée;O;07/04/2026 00:00;;07/04/2026 12:17;3.000
eb8bd4e4-6a71-4931-803c-e8e303bd6c1a;292;Réception (B.L. : 1800330124);1800330124;;FOURNISSEUR CENTRALE;;Pas de commande associée;O;11/03/2026 00:00;;11/03/2026 12:18;36.224
eb995def-bd3e-4d05-bc52-7327284d4aa7;293;Réception (B.L. : 1700236953);1700236953;;FOURNISSEUR CENTRALE;;Pas de commande associée;O;06/04/2026 00:00;;06/04/2026 12:14;0.000
ebbe75d9-5ac8-4b7c-9320-5e09a1ffa280;291;Réception (B.L. : 1800330510);1800330510;;FOURNISSEUR CENTRALE;;Pas de commande associée;O;12/03/2026 00:00;;12/03/2026 12:15;0.000
ebc24eae-d645-4ef4-ae80-b47c8c760d4b;080;Réception (B.L. : 1800335621);1800335621;;FOURNISSEUR CENTRALE;;Pas de commande associée;O;01/04/2026 00:00;;01/04/2026 17:20;30.517
ebec34f2-ffbe-48bd-8777-c3e8f6617c6d;292;Réception (B.L. : 1800334721);1800334721;;FOURNISSEUR CENTRALE;;Pas de commande associée;O;28/03/2026 00:00;;28/03/2026 12:24;3.000
ec1ebf49-e8f7-4017-b2fc-09ab09042859;293;Réception (B.L. : 1700237168);1700237168;;FOURNISSEUR CENTRALE;;Pas de commande associée;O;07/04/2026 00:00;;07/04/2026 12:22;0.000
ec3c17cc-70c1-430a-a718-0c9793a7ec23;080;Réception (B.L. : 1700233540);1700233540;;FOURNISSEUR CENTRALE;;Pas de commande associée;O;19/03/2026 00:00;;19/03/2026 23:35;36.000
ec444a74-859a-4a87-9326-eef4fa31bfc0;291;Réception (B.L. : 1100211721);1100211721;;FOURNISSEUR CENTRALE;;Pas de commande associée;O;12/03/2026 00:00;;12/03/2026 17:12;0.000
ec4d1fed-c392-42ee-a05c-a88bb710bec3;292;Réception (B.L. : 1800332980);1800332980;;FOURNISSEUR CENTRALE;;Pas de commande associée;O;20/03/2026 00:00;;20/03/2026 17:05;728.600
ec505de7-d078-43a5-b0fb-f3dcce39ede9;080;Réception (B.L. : 1100216247);1100216247;;FOURNISSEUR CENTRALE;;Pas de commande associée;O;08/04/2026 00:00;;08/04/2026 12:14;1631.000
ec51117d-a341-400e-97bc-8bfce552f894;292;Réception (B.L. : 1800335524);1800335524;;FOURNISSEUR CENTRALE;;Pas de commande associée;O;01/04/2026 00:00;;01/04/2026 12:20;20.000
ec55286e-8906-4a89-9f82-f6987098e492;080;Réception (B.L. : 1800331967);1800331967;;FOURNISSEUR CENTRALE;;Pas de commande associée;O;17/03/2026 00:00;;18/03/2026 12:27;664.700
ec5d9248-649c-482d-ab98-7a3954ac9e94;292;Réception (B.L. : 1100213355);1100213355;;FOURNISSEUR CENTRALE;;Pas de commande associée;O;23/03/2026 00:00;;23/03/2026 12:12;4011.000
ec5f3769-328e-49f3-8718-3f781dd4f5f4;080;Réception (B.L. : 1700232338);1700232338;;FOURNISSEUR CENTRALE;;Pas de commande associée;O;13/03/2026 00:00;;13/03/2026 12:04;1221.000
ec6378c9-ec89-4347-9691-e878d3d905dc;292;Réception (B.L. : 1800334156);1800334156;;FOURNISSEUR CENTRALE;;Pas de commande associée;O;26/03/2026 00:00;;26/03/2026 12:29;44.000
ec707fdc-bec8-43d6-be9d-2ea45619fc97;291;Réception (B.L. : 1800333865);1800333865;;FOURNISSEUR CENTRALE;;Pas de commande associée;O;25/03/2026 00:00;;25/03/2026 17:11;0.000
ec747c55-ee42-4497-aa19-f59887ce8d38;292;Réception (B.L. : 1700235305);1700235305;;FOURNISSEUR CENTRALE;;Pas de commande associée;O;28/03/2026 00:00;;28/03/2026 12:17;404.000
ec7b0c58-9a60-4788-9b10-9a5561025913;292;Réception (B.L. : 1100215321);1100215321;;FOURNISSEUR CENTRALE;;Pas de commande associée;O;02/04/2026 00:00;;02/04/2026 17:11;72.000
ec8295d6-cb91-4712-b130-6fe257cad01e;293;Réception (B.L. : 1800328564);1800328564;;FOURNISSEUR CENTRALE;;Pas de commande associée;O;05/03/2026 00:00;;05/03/2026 12:13;0.000
ecc74c20-91b1-4a2b-9a1c-e2bd8e55371f;080;Réception (B.L. : 1700231840);1700231840;;FOURNISSEUR CENTRALE;;Pas de commande associée;O;11/03/2026 00:00;;11/03/2026 12:18;96.000
ed277a89-c660-48da-ab89-eb993da37f7c;292;Réception (B.L. : 1700230948);1700230948;;FOURNISSEUR CENTRALE;;Pas de commande associée;O;06/03/2026 00:00;;06/03/2026 17:12;850.000
ed59ba30-6608-4ec4-9bc5-a12d2870ffe1;293;Réception (B.L. : 1800332290);1800332290;;FOURNISSEUR CENTRALE;;Pas de commande associée;O;18/03/2026 00:00;;19/03/2026 12:15;0.000
edad5b42-67bf-44dc-8769-bc2d5b1a2a2c;291;Réception (B.L. : 1800332814);1800332814;;FOURNISSEUR CENTRALE;;Pas de commande associée;O;20/03/2026 00:00;;20/03/2026 12:33;0.000
eddc22a9-ccab-451c-b492-19fe4bee9487;292;Réception (B.L. : 1100211555);1100211555;;FOURNISSEUR CENTRALE;;Pas de commande associée;O;11/03/2026 00:00;;11/03/2026 17:04;90.000
eddcf18f-6115-4bea-b014-8aa4251fe24e;080;Réception (B.L. : 1700235153);1700235153;;FOURNISSEUR CENTRALE;;Pas de commande associée;O;27/03/2026 00:00;;27/03/2026 12:18;12.000
ee21287f-723e-4e0a-aa8a-531c6114e755;291;Réception (B.L. : 1800336920);1800336920;;FOURNISSEUR CENTRALE;;Pas de commande associée;O;06/04/2026 00:00;;07/04/2026 12:28;0.000
ee2a6421-2c78-4948-b2cc-de91bdd22e5f;293;Réception (B.L. : 1800336136);1800336136;;FOURNISSEUR CENTRALE;;Pas de commande associée;O;02/04/2026 00:00;;03/04/2026 12:29;0.000
ee466f83-337c-477c-b4d3-10b8ca3ac057;293;Réception (B.L. : 1700235169);1700235169;;FOURNISSEUR CENTRALE;;Pas de commande associée;O;27/03/2026 00:00;;27/03/2026 12:26;0.000
ee5142da-988f-4a00-86f0-5f1cc75a722c;293;Réception (B.L. : 1800333004);1800333004;;FOURNISSEUR CENTRALE;;Pas de commande associée;O;21/03/2026 00:00;;21/03/2026 12:13;0.000
ee64d09e-941d-441b-912a-58dde541902b;293;Réception (B.L. : 1700229765);1700229765;;FOURNISSEUR CENTRALE;;Pas de commande associée;O;02/03/2026 00:00;;02/03/2026 12:17;0.000
ee6c7428-7f4b-4b7d-9ed2-cf34a5667fc8;291;Réception (B.L. : 1800330438);1800330438;;FOURNISSEUR CENTRALE;;Pas de commande associée;O;11/03/2026 00:00;;12/03/2026 12:08;0.000
ee7dd11b-aa2e-4b4b-9ddb-253bda484ad2;291;Réception (B.L. : 1700235219);1700235219;;FOURNISSEUR CENTRALE;;Pas de commande associée;O;27/03/2026 00:00;;27/03/2026 12:17;0.000
ee95baf9-233a-4f50-a22f-4e33112acb8d;292;Réception (B.L. : 1800334101);1800334101;;FOURNISSEUR CENTRALE;;Pas de commande associée;O;26/03/2026 00:00;;26/03/2026 12:25;6.000
ee981c4e-1b94-42ee-aa10-997f836c7a6d;293;Réception (B.L. : 1100214629);1100214629;;FOURNISSEUR CENTRALE;;Pas de commande associée;O;30/03/2026 00:00;;30/03/2026 12:11;0.000
eea33d30-7c31-45cf-9434-6b1e3a9bbe03;291;Réception (B.L. : 1700236048);1700236048;;FOURNISSEUR CENTRALE;;Pas de commande associée;O;01/04/2026 00:00;;01/04/2026 17:18;0.000
eeafbcde-49c4-4765-a5bc-dbe9bffaec8b;292;Réception (B.L. : 1100214460);1100214460;;FOURNISSEUR CENTRALE;;Pas de commande associée;O;28/03/2026 00:00;;28/03/2026 12:11;240.000
eec30a25-8c62-4f94-b831-d698e076afd5;292;Réception (B.L. : 1800332344);1800332344;;FOURNISSEUR CENTRALE;;Pas de commande associée;O;18/03/2026 00:00;;19/03/2026 12:19;449.400
eecd6007-5892-4bbc-ad16-fa5e4bb436e2;291;Réception (B.L. : 1100213872);1100213872;;FOURNISSEUR CENTRALE;;Pas de commande associée;O;25/03/2026 00:00;;25/03/2026 12:14;0.000
eed2f8c7-3e07-41b3-8569-cb41392d2e84;293;Réception (B.L. : 1800328896);1800328896;;FOURNISSEUR CENTRALE;;Pas de commande associée;O;05/03/2026 00:00;;06/03/2026 12:34;0.000
ef0fc964-e64e-4aaf-80d5-88ad19ea7e53;080;Réception (B.L. : 1700236626);1700236626;;FOURNISSEUR CENTRALE;;Pas de commande associée;O;03/04/2026 00:00;;03/04/2026 17:11;374.000
ef171516-297e-412d-868c-403d8132fcd9;291;Réception (B.L. : 1800333565);1800333565;;FOURNISSEUR CENTRALE;;Pas de commande associée;O;24/03/2026 00:00;;24/03/2026 17:16;0.000
ef41edda-640f-4192-a70f-54b53f19e190;292;Réception (B.L. : 1800336128);1800336128;;FOURNISSEUR CENTRALE;;Pas de commande associée;O;02/04/2026 00:00;;03/04/2026 12:17;574.300
ef630a52-76e7-4823-a50d-4c7e96a56f06;291;Réception (B.L. : 1800335504);1800335504;;FOURNISSEUR CENTRALE;;Pas de commande associée;O;31/03/2026 00:00;;01/04/2026 12:28;0.000
ef78a934-0d05-45d0-86c9-f813fbb8c67d;292;Réception (B.L. : 1800336580);1800336580;;FOURNISSEUR CENTRALE;;Pas de commande associée;O;06/04/2026 00:00;;06/04/2026 12:19;5.000
ef7941e0-8dbf-4a47-b5a9-75914606b192;080;Réception (B.L. : 1700231423);1700231423;;FOURNISSEUR CENTRALE;;Pas de commande associée;O;09/03/2026 00:00;;09/03/2026 17:12;1227.000
ef7b88c3-ebde-4d6f-bdc7-8195f3aded6e;293;Réception (B.L. : 1800332760);1800332760;;FOURNISSEUR CENTRALE;;Pas de commande associée;O;20/03/2026 00:00;;20/03/2026 12:33;0.000
ef89ed82-063a-4098-b220-d3654ddc0d1e;080;Réception (B.L. : 1700229730);1700229730;;FOURNISSEUR CENTRALE;;Pas de commande associée;O;02/03/2026 00:00;;02/03/2026 12:15;1375.000
ef8c565d-982a-4ff0-b4c5-16902518281e;292;Réception (B.L. : 1100212173);1100212173;;FOURNISSEUR CENTRALE;;Pas de commande associée;O;16/03/2026 00:00;;16/03/2026 12:11;1500.000
ef923582-c6c9-4af1-9325-5247fda8a726;291;Réception (B.L. : 1800328799);1800328799;;FOURNISSEUR CENTRALE;;Pas de commande associée;O;05/03/2026 00:00;;05/03/2026 17:19;0.000
efb262b7-478c-4d1d-b424-9210bf9ac724;291;Réception (B.L. : 1800332370);1800332370;;FOURNISSEUR CENTRALE;;Pas de commande associée;O;19/03/2026 00:00;;19/03/2026 12:29;0.000
efc594de-bf12-4088-a7f1-a55565ffefaf;080;Réception (B.L. : 1100216248);1100216248;;FOURNISSEUR CENTRALE;;Pas de commande associée;O;08/04/2026 00:00;;08/04/2026 12:15;78.000
eff2d857-6dde-4ea4-98e9-64b5cc74aa80;291;Réception (B.L. : 1700233853);1700233853;;FOURNISSEUR CENTRALE;;Pas de commande associée;O;20/03/2026 00:00;;20/03/2026 12:16;0.000
f019695d-dae8-4c3c-ad8e-0d564bae5c24;293;Réception (B.L. : 1100212211);1100212211;;FOURNISSEUR CENTRALE;;Pas de commande associée;O;16/03/2026 00:00;;16/03/2026 12:18;0.000
f0654485-9d80-497a-8d63-5657821437db;293;Réception (B.L. : 1800336643);1800336643;;FOURNISSEUR CENTRALE;;Pas de commande associée;O;06/04/2026 00:00;;06/04/2026 12:18;0.000
f065e6af-13ff-4c17-9143-594c39962ff3;293;Réception (B.L. : 1700234916);1700234916;;FOURNISSEUR CENTRALE;;Pas de commande associée;O;26/03/2026 00:00;;26/03/2026 17:11;0.000
f071b4b7-db6a-44e2-b34e-ca2ae27523c0;291;Réception (B.L. : 1700229791);1700229791;;FOURNISSEUR CENTRALE;;Pas de commande associée;O;02/03/2026 00:00;;02/03/2026 12:17;0.000
f08a231c-db68-453d-88af-f462edee7615;291;Réception (B.L. : 1800332459);1800332459;;FOURNISSEUR CENTRALE;;Pas de commande associée;O;19/03/2026 00:00;;19/03/2026 17:24;0.000
f08a7644-e3f2-403f-82f5-f0159d17f200;293;Réception (B.L. : 1700235495);1700235495;;FOURNISSEUR CENTRALE;;Pas de commande associée;O;30/03/2026 00:00;;30/03/2026 12:23;0.000
f099bee5-fca0-494c-a093-b5c67c6a81ec;080;Réception (B.L. : 1700236078);1700236078;;FOURNISSEUR CENTRALE;;Pas de commande associée;O;01/04/2026 00:00;;01/04/2026 17:19;4.000
f0a76314-bb4f-42c2-bd67-d124139eb1b1;080;Réception (B.L. : 1800333096);1800333096;;FOURNISSEUR CENTRALE;;Pas de commande associée;O;22/03/2026 00:00;;23/03/2026 12:29;72.000
f0c22565-a969-40c4-8983-c896f8af007e;293;Réception (B.L. : 1100211085);1100211085;;FOURNISSEUR CENTRALE;;Pas de commande associée;O;09/03/2026 00:00;;09/03/2026 12:13;0.000
f0c45bf3-fcca-41ec-9e30-1c1678052e91;080;Réception (B.L. : 1800328959);1800328959;;FOURNISSEUR CENTRALE;;Pas de commande associée;O;05/03/2026 00:00;;06/03/2026 12:22;39.000
f121c917-9df6-40e2-8459-790452d668ea;291;Réception (B.L. : 1800330436);1800330436;;FOURNISSEUR CENTRALE;;Pas de commande associée;O;11/03/2026 00:00;;12/03/2026 12:06;0.000
f14ba18c-0a71-448f-98ad-b8194823f160;292;Réception (B.L. : 1700236699);1700236699;;FOURNISSEUR CENTRALE;;Pas de commande associée;O;04/04/2026 00:00;;04/04/2026 12:12;12.000
f195a8bb-deae-4fef-a623-7aea1d8f4fc3;293;Réception (B.L. : 1100213338);1100213338;;FOURNISSEUR CENTRALE;;Pas de commande associée;O;23/03/2026 00:00;;23/03/2026 12:17;0.000
f19bfdbc-2155-4b86-a4cf-abe271a94398;291;Réception (B.L. : 1100210377);1100210377;;FOURNISSEUR CENTRALE;;Pas de commande associée;O;04/03/2026 00:00;;04/03/2026 12:13;0.000
f1c64e83-ad16-43d8-b470-2ea818970494;291;Réception (B.L. : 1800328602);1800328602;;FOURNISSEUR CENTRALE;;Pas de commande associée;O;05/03/2026 00:00;;05/03/2026 12:17;0.000
f1d7b731-a8db-4832-aefb-a544edd15181;293;Réception (B.L. : 1100216241);1100216241;;FOURNISSEUR CENTRALE;;Pas de commande associée;O;08/04/2026 00:00;;08/04/2026 12:12;0.000
f1e49801-2a28-48ff-be8d-4f7a30f81605;080;Réception (B.L. : 1100216251);1100216251;;FOURNISSEUR CENTRALE;;Pas de commande associée;O;08/04/2026 00:00;;08/04/2026 12:18;6.000
f1f8ae55-d275-4fd9-a6a9-e059b4ef6415;291;Réception (B.L. : 1100214315);1100214315;;FOURNISSEUR CENTRALE;;Pas de commande associée;O;27/03/2026 00:00;;27/03/2026 12:15;0.000
f20003a7-8874-455c-89a4-87a4c082c49a;080;Réception (B.L. : 1100213400);1100213400;;FOURNISSEUR CENTRALE;;Pas de commande associée;O;23/03/2026 00:00;;23/03/2026 12:12;1.000
f20db1ed-5e1a-49ba-90ee-7d339dae0d53;080;Réception (B.L. : 1800331396);1800331396;;FOURNISSEUR CENTRALE;;Pas de commande associée;O;15/03/2026 00:00;;16/03/2026 12:33;40.000
f220e0ce-a682-47fa-a680-e6c617fb916c;292;Réception (B.L. : 1800330002);1800330002;;FOURNISSEUR CENTRALE;;Pas de commande associée;O;10/03/2026 00:00;;10/03/2026 17:04;5.000
f22d1dcd-ebb9-4ff5-ba3e-96e8595476f6;291;Réception (B.L. : 1700236634);1700236634;;FOURNISSEUR CENTRALE;;Pas de commande associée;O;03/04/2026 00:00;;03/04/2026 17:12;0.000
f2305a73-23e2-49a4-90f7-04f319e21080;291;Réception (B.L. : 1700230857);1700230857;;FOURNISSEUR CENTRALE;;Pas de commande associée;O;06/03/2026 00:00;;06/03/2026 12:22;0.000
f23e7f58-7988-484e-a8f3-4936f0187fae;291;Réception (B.L. : 1700230855);1700230855;;FOURNISSEUR CENTRALE;;Pas de commande associée;O;06/03/2026 00:00;;06/03/2026 12:20;0.000
f2416472-d107-4383-9138-e688f9236365;292;Réception (B.L. : 1800328320);1800328320;;FOURNISSEUR CENTRALE;;Pas de commande associée;O;03/03/2026 00:00;;04/03/2026 12:26;710.376
f2a07934-b261-450d-bfe1-7d56018f5873;293;Réception (B.L. : 1800331591);1800331591;;FOURNISSEUR CENTRALE;;Pas de commande associée;O;17/03/2026 00:00;;17/03/2026 12:03;0.000
f2a23611-7297-4fcd-ae1d-719506b19eee;291;Réception (B.L. : 1100213625);1100213625;;FOURNISSEUR CENTRALE;;Pas de commande associée;O;24/03/2026 00:00;;24/03/2026 12:11;0.000
f2bc98bc-1295-4b24-8ae1-203b9916ba16;292;Réception (B.L. : 1800332979);1800332979;;FOURNISSEUR CENTRALE;;Pas de commande associée;O;20/03/2026 00:00;;20/03/2026 17:04;80.000
f2ea70e0-1b62-4965-94c1-b6847104cec8;291;Réception (B.L. : 1800331154);1800331154;;FOURNISSEUR CENTRALE;;Pas de commande associée;O;14/03/2026 00:00;;14/03/2026 12:14;0.000
f3023473-8504-4969-a1d8-faff14fa458f;293;Réception (B.L. : 1700231086);1700231086;;FOURNISSEUR CENTRALE;;Pas de commande associée;O;07/03/2026 00:00;;07/03/2026 12:15;0.000
f3084c1d-bccf-4e1f-9384-b7e151ca926b;080;Réception (B.L. : 1100211147);1100211147;;FOURNISSEUR CENTRALE;;Pas de commande associée;O;09/03/2026 00:00;;09/03/2026 12:18;11.000
f31f29c7-fcd6-4688-98e7-44a96e9fd69b;080;Réception (B.L. : 1800336676);1800336676;;FOURNISSEUR CENTRALE;;Pas de commande associée;O;06/04/2026 00:00;;06/04/2026 12:19;50.000
f3273f0f-2c05-405d-ab1b-245e97111e42;080;Réception (B.L. : 1700233268);1700233268;;FOURNISSEUR CENTRALE;;Pas de commande associée;O;18/03/2026 00:00;;18/03/2026 17:04;2998.000
f347dfe5-1f19-4197-b7d0-752ed5badf46;292;Réception (B.L. : 1700232709);1700232709;;FOURNISSEUR CENTRALE;;Pas de commande associée;O;16/03/2026 00:00;;16/03/2026 12:17;789.000
f34c0f41-bc9e-4885-b220-d0d6b3d3e56c;080;Réception (B.L. : 1800334654);1800334654;;FOURNISSEUR CENTRALE;;Pas de commande associée;O;27/03/2026 00:00;;27/03/2026 23:38;116.000
f3b243f4-fec7-407a-ab0b-085579a2edea;293;Réception (B.L. : 1800333580);1800333580;;FOURNISSEUR CENTRALE;;Pas de commande associée;O;24/03/2026 00:00;;24/03/2026 17:13;0.000
f3d071a2-c9d2-4413-a77c-d9e62df9c51d;080;Réception (B.L. : 1800332010);1800332010;;FOURNISSEUR CENTRALE;;Pas de commande associée;O;17/03/2026 00:00;;18/03/2026 12:29;27.000
f3d8804d-0cce-4b00-bce3-f7ff0aed902d;293;Réception (B.L. : 1700236612);1700236612;;FOURNISSEUR CENTRALE;;Pas de commande associée;O;03/04/2026 00:00;;03/04/2026 17:12;0.000
f3df7442-aee3-45c7-b04b-f7ff669e0779;080;Réception (B.L. : 1800328066);1800328066;;FOURNISSEUR CENTRALE;;Pas de commande associée;O;03/03/2026 00:00;;03/03/2026 17:02;21.000
f44ece71-9588-462f-8a7b-c23683621466;080;Réception (B.L. : 1100211478);1100211478;;FOURNISSEUR CENTRALE;;Pas de commande associée;O;11/03/2026 00:00;;11/03/2026 12:11;1988.000
f492f60f-d047-45ee-9877-ecd0a2a500c4;291;Réception (B.L. : 1700236135);1700236135;;FOURNISSEUR CENTRALE;;Pas de commande associée;O;01/04/2026 00:00;;02/04/2026 12:17;0.000
f49761b8-d19b-4389-a2f8-1fa82f4f9f1f;291;Réception (B.L. : 1700232755);1700232755;;FOURNISSEUR CENTRALE;;Pas de commande associée;O;16/03/2026 00:00;;16/03/2026 12:20;0.000
f49d6118-c37c-4fbf-a127-5efdb29c0e83;293;Réception (B.L. : 1100214317);1100214317;;FOURNISSEUR CENTRALE;;Pas de commande associée;O;27/03/2026 00:00;;27/03/2026 12:17;0.000
f4aff443-06d2-4c74-980f-05c00ae85d8d;292;Réception (B.L. : 1700232529);1700232529;;FOURNISSEUR CENTRALE;;Pas de commande associée;O;15/03/2026 00:00;;15/03/2026 23:19;1.000
f4c3a964-8c48-4f6e-8302-da03e2a3a382;292;Réception (B.L. : 1700235775);1700235775;;FOURNISSEUR CENTRALE;;Pas de commande associée;O;31/03/2026 00:00;;31/03/2026 12:11;6.000
f4ceb000-2ee6-4178-8d95-190e2b9483af;080;Réception (B.L. : 1700235156);1700235156;;FOURNISSEUR CENTRALE;;Pas de commande associée;O;27/03/2026 00:00;;27/03/2026 12:21;1442.000
f4dda832-f4bb-4446-b1b3-ed676edc62ea;293;Réception (B.L. : 1800330733);1800330733;;FOURNISSEUR CENTRALE;;Pas de commande associée;O;12/03/2026 00:00;;13/03/2026 12:34;0.000
f4e99649-d429-4b04-9f20-3db2f77d245f;293;Réception (B.L. : 1800333584);1800333584;;FOURNISSEUR CENTRALE;;Pas de commande associée;O;24/03/2026 00:00;;24/03/2026 17:17;0.000
f4f803b3-1232-48b5-99c8-d051b47eb501;292;Réception (B.L. : 1700230686);1700230686;;FOURNISSEUR CENTRALE;;Pas de commande associée;O;06/03/2026 00:00;;06/03/2026 12:15;184.000
f539ab93-561a-4f84-ab67-c9c9b35baf3f;292;Réception (B.L. : 1100215538);1100215538;;FOURNISSEUR CENTRALE;;Pas de commande associée;O;03/04/2026 00:00;;03/04/2026 12:12;1863.000
f58efb8c-fb10-4111-9b31-1d6ec5ef4aa7;291;Réception (B.L. : 1700234548);1700234548;;FOURNISSEUR CENTRALE;;Pas de commande associée;O;25/03/2026 00:00;;25/03/2026 12:25;0.000
f5e91a34-b7d9-4ed7-9f8d-c412a0a2cbab;291;Réception (B.L. : 1800329744);1800329744;;FOURNISSEUR CENTRALE;;Pas de commande associée;O;10/03/2026 00:00;;10/03/2026 12:06;0.000
f606bf94-6a71-4668-adc8-854e70265dcc;291;Réception (B.L. : 1700230359);1700230359;;FOURNISSEUR CENTRALE;;Pas de commande associée;O;04/03/2026 00:00;;04/03/2026 12:19;0.000
f616fa51-4624-4a18-ac2b-afdeca65e36f;291;Réception (B.L. : 1700235536);1700235536;;FOURNISSEUR CENTRALE;;Pas de commande associée;O;30/03/2026 00:00;;30/03/2026 12:23;0.000
f6185bd1-1fdf-4dc7-bd7f-d5b70be2b88b;292;Réception (B.L. : 1100211335);1100211335;;FOURNISSEUR CENTRALE;;Pas de commande associée;O;10/03/2026 00:00;;10/03/2026 12:04;24.000
f67b749a-f17e-49d8-b358-ddfc6bf34581;293;Réception (B.L. : 1100215846);1100215846;;FOURNISSEUR CENTRALE;;Pas de commande associée;O;06/04/2026 00:00;;06/04/2026 12:12;0.000
f698a138-8dce-4104-8732-20eacd6ae83e;291;Réception (B.L. : 1800327773);1800327773;;FOURNISSEUR CENTRALE;;Pas de commande associée;O;02/03/2026 00:00;;02/03/2026 12:30;0.000
f69a5e7c-7a8d-4bda-a47c-fcd69029d43e;080;Réception (B.L. : 1100216281);1100216281;;FOURNISSEUR CENTRALE;;Pas de commande associée;O;08/04/2026 00:00;;08/04/2026 12:19;7.000
f6b1c338-4f2a-486c-8987-e0f7325d7cdd;291;Réception (B.L. : 1700234104);1700234104;;FOURNISSEUR CENTRALE;;Pas de commande associée;O;23/03/2026 00:00;;23/03/2026 12:30;0.000
f6b5529d-2270-4499-a24a-d1e0052e9f4b;080;Réception (B.L. : 1100212507);1100212507;;FOURNISSEUR CENTRALE;;Pas de commande associée;O;18/03/2026 00:00;;18/03/2026 12:11;2400.000
f6c844d6-ccff-4bf1-b653-eabe0de0ba02;293;Réception (B.L. : 1800332465);1800332465;;FOURNISSEUR CENTRALE;;Pas de commande associée;O;19/03/2026 00:00;;19/03/2026 17:20;0.000
f6cc8130-70d3-4281-8ce6-833b7d7d122f;293;Réception (B.L. : 1100211966);1100211966;;FOURNISSEUR CENTRALE;;Pas de commande associée;O;13/03/2026 00:00;;13/03/2026 17:01;0.000
f6e1949d-1ce5-4191-8406-82dc1972ea3b;293;Réception (B.L. : 1800334351);1800334351;;FOURNISSEUR CENTRALE;;Pas de commande associée;O;26/03/2026 00:00;;27/03/2026 12:36;0.000
f6e965b8-d484-4c2a-a971-959f4b59b1c6;293;Réception (B.L. : 1200107669);1200107669;;FOURNISSEUR CENTRALE;;Pas de commande associée;O;31/03/2026 00:00;;31/03/2026 12:13;0.000
f6eb025e-c8c8-4f0d-afd7-a9d835baa408;080;Réception (B.L. : 1800333982);1800333982;;FOURNISSEUR CENTRALE;;Pas de commande associée;O;25/03/2026 00:00;;26/03/2026 12:17;1003.500
f7033968-6fde-4bda-8b6c-fc7488b1580c;293;Réception (B.L. : 1700231867);1700231867;;FOURNISSEUR CENTRALE;;Pas de commande associée;O;11/03/2026 00:00;;11/03/2026 12:18;0.000
f74802f0-d230-47e6-88b9-b0541a48e32f;291;Réception (B.L. : 1100211957);1100211957;;FOURNISSEUR CENTRALE;;Pas de commande associée;O;13/03/2026 00:00;;13/03/2026 17:01;0.000
f75aab05-509f-46e0-ab30-bfb00f008dcb;293;Réception (B.L. : 1700233641);1700233641;;FOURNISSEUR CENTRALE;;Pas de commande associée;O;19/03/2026 00:00;;20/03/2026 12:13;0.000
f76c5ba3-cad0-47d5-abc1-4c76d5e6e39b;292;Réception (B.L. : 1800334375);1800334375;;FOURNISSEUR CENTRALE;;Pas de commande associée;O;26/03/2026 00:00;;27/03/2026 12:18;6.000
f783da1c-0d08-4fba-8875-b7df254f578f;291;Réception (B.L. : 1800329578);1800329578;;FOURNISSEUR CENTRALE;;Pas de commande associée;O;09/03/2026 00:00;;09/03/2026 12:37;0.000
f7ab015c-6d5e-46ae-b332-5a3e9cc41a66;291;Réception (B.L. : 1100215413);1100215413;;FOURNISSEUR CENTRALE;;Pas de commande associée;O;03/04/2026 00:00;;03/04/2026 12:17;0.000
f7b0bdc6-b541-43e9-8cd7-348b90a2665c;293;Réception (B.L. : 1100214663);1100214663;;FOURNISSEUR CENTRALE;;Pas de commande associée;O;30/03/2026 00:00;;30/03/2026 12:14;0.000
f7b28280-37bc-48af-ae0c-24a86d37e0a7;291;Réception (B.L. : 1800329979);1800329979;;FOURNISSEUR CENTRALE;;Pas de commande associée;O;10/03/2026 00:00;;10/03/2026 17:02;0.000
f7b99299-7bf3-4fd1-af70-3d3528953b19;080;Réception (B.L. : 1100215303);1100215303;;FOURNISSEUR CENTRALE;;Pas de commande associée;O;02/04/2026 00:00;;02/04/2026 17:11;66.000
f7c59ea9-1b88-4234-b7a9-8c8e5d04f388;080;Réception (B.L. : 1800333467);1800333467;;FOURNISSEUR CENTRALE;;Pas de commande associée;O;24/03/2026 00:00;;24/03/2026 17:12;10.000
f7c998a7-22bb-4f3c-99d3-bda0f4bc0624;080;Réception (B.L. : 1700233631);1700233631;;FOURNISSEUR CENTRALE;;Pas de commande associée;O;19/03/2026 00:00;;20/03/2026 12:14;1.000
f7cd160c-ba34-4514-80b3-9d9328c29e61;292;Réception (B.L. : 1800328786);1800328786;;FOURNISSEUR CENTRALE;;Pas de commande associée;O;05/03/2026 00:00;;05/03/2026 17:17;2.000
f7dd7d71-10b5-4246-a48e-026458d3bc33;292;Réception (B.L. : 1800334063);1800334063;;FOURNISSEUR CENTRALE;;Pas de commande associée;O;25/03/2026 00:00;;26/03/2026 12:23;12.000
f7f37cfb-6096-42f6-9f05-d6e27dd45dd2;080;Réception (B.L. : 1800327694);1800327694;;FOURNISSEUR CENTRALE;;Pas de commande associée;O;01/03/2026 00:00;;02/03/2026 12:20;88.000
f80afde7-8397-475d-a7e8-624c30e80f2f;292;Réception (B.L. : 1800328032);1800328032;;FOURNISSEUR CENTRALE;;Pas de commande associée;O;03/03/2026 00:00;;03/03/2026 12:07;31.000
f81fb817-449f-4d70-864a-199afb125b24;292;Réception (B.L. : 1100213167);1100213167;;FOURNISSEUR CENTRALE;;Pas de commande associée;O;21/03/2026 00:00;;21/03/2026 17:00;240.000
f84a76d3-1084-480f-93b7-2b31a527bb45;292;Réception (B.L. : 1800331776);1800331776;;FOURNISSEUR CENTRALE;;Pas de commande associée;O;17/03/2026 00:00;;17/03/2026 17:05;1.000
f86ad542-5e5b-475d-9be0-ae32a9a74030;291;Réception (B.L. : 1100212999);1100212999;;FOURNISSEUR CENTRALE;;Pas de commande associée;O;20/03/2026 00:00;;20/03/2026 12:05;0.000
f880a22f-f7ef-45b2-8c63-12f4953015cb;292;Réception (B.L. : 1800329206);1800329206;;FOURNISSEUR CENTRALE;;Pas de commande associée;O;06/03/2026 00:00;;06/03/2026 17:23;21.000
f888f8c3-8d70-4e99-992a-75a363bf408c;080;Réception (B.L. : 1800327981);1800327981;;FOURNISSEUR CENTRALE;;Pas de commande associée;O;02/03/2026 00:00;;03/03/2026 12:08;875.500
f8933c55-98bf-4172-b1f6-765af1be60b3;292;Réception (B.L. : 1800327713);1800327713;;FOURNISSEUR CENTRALE;;Pas de commande associée;O;01/03/2026 00:00;;02/03/2026 12:22;308.000
f8bd26f0-1f11-48c2-9ef4-c2dd9b3c6e28;080;Réception (B.L. : 1800328708);1800328708;;FOURNISSEUR CENTRALE;;Pas de commande associée;O;05/03/2026 00:00;;05/03/2026 17:12;56.000
f8cd4639-28d9-4304-989b-5667dc6d027a;080;Réception (B.L. : 1800333398);1800333398;;FOURNISSEUR CENTRALE;;Pas de commande associée;O;24/03/2026 00:00;;24/03/2026 12:13;1654.000
f8d9987c-10f9-4095-9986-b3fe50cc8419;291;Réception (B.L. : 1800330702);1800330702;;FOURNISSEUR CENTRALE;;Pas de commande associée;O;12/03/2026 00:00;;13/03/2026 12:27;760.000
f8e0fe90-67fb-402d-bea8-8155124a58a1;293;Réception (B.L. : 1700231333);1700231333;;FOURNISSEUR CENTRALE;;Pas de commande associée;O;09/03/2026 00:00;;09/03/2026 12:28;0.000
f8e2e58b-b0c9-4aeb-94ea-86b018dee067;080;Réception (B.L. : 1800328520);1800328520;;FOURNISSEUR CENTRALE;;Pas de commande associée;O;05/03/2026 00:00;;05/03/2026 12:12;847.788
f91dd26a-46b5-4bd8-8fc2-aea286a23299;293;Réception (B.L. : 1100213127);1100213127;;FOURNISSEUR CENTRALE;;Pas de commande associée;O;21/03/2026 00:00;;21/03/2026 12:12;0.000
f9434895-d514-41bf-99ed-1cf742a536be;293;Réception (B.L. : 1700233196);1700233196;;FOURNISSEUR CENTRALE;;Pas de commande associée;O;18/03/2026 00:00;;18/03/2026 12:20;0.000
f96ec82e-466b-46bc-9982-935518542a53;291;Réception (B.L. : 1700233856);1700233856;;FOURNISSEUR CENTRALE;;Pas de commande associée;O;20/03/2026 00:00;;20/03/2026 12:19;0.000
f982e0b4-2274-4d19-9f00-00f5e98ba278;291;Réception (B.L. : 1800330001);1800330001;;FOURNISSEUR CENTRALE;;Pas de commande associée;O;10/03/2026 00:00;;10/03/2026 17:04;0.000
f98b3523-1a07-4ab2-ade5-d768f48e9ace;080;Réception (B.L. : 1700236705);1700236705;;FOURNISSEUR CENTRALE;;Pas de commande associée;O;04/04/2026 00:00;;04/04/2026 12:10;240.000
f9a370c9-e0e0-4746-989e-1b0db608f059;293;Réception (B.L. : 1800328898);1800328898;;FOURNISSEUR CENTRALE;;Pas de commande associée;O;05/03/2026 00:00;;06/03/2026 12:36;0.000
f9bc08c0-d4a4-4670-8786-78749d9041f9;292;Réception (B.L. : 1800327714);1800327714;;FOURNISSEUR CENTRALE;;Pas de commande associée;O;01/03/2026 00:00;;02/03/2026 12:23;379.000
f9ea864a-7fc2-4e5d-ae22-30a9462f01df;080;Réception (B.L. : 1700233629);1700233629;;FOURNISSEUR CENTRALE;;Pas de commande associée;O;19/03/2026 00:00;;20/03/2026 12:12;258.000
fa1d0bfd-1907-4a7b-8e4d-71dba8455256;293;Réception (B.L. : 1700230870);1700230870;;FOURNISSEUR CENTRALE;;Pas de commande associée;O;06/03/2026 00:00;;06/03/2026 12:25;0.000
fa2caa16-9ac7-48d8-8128-3d9f26573b75;080;Réception (B.L. : 1100212149);1100212149;;FOURNISSEUR CENTRALE;;Pas de commande associée;O;16/03/2026 00:00;;16/03/2026 12:13;48.000
fab63930-d69d-4fe6-8838-8d44dcb0be86;292;Réception (B.L. : 1700234202);1700234202;;FOURNISSEUR CENTRALE;;Pas de commande associée;O;23/03/2026 00:00;;23/03/2026 12:22;9.000
fab72060-b5c6-4022-bd42-7e079abe6ab0;080;Réception (B.L. : 1100213432);1100213432;;FOURNISSEUR CENTRALE;;Pas de commande associée;O;23/03/2026 00:00;;23/03/2026 17:11;42.000
fab94602-caa2-4361-ba3c-f33df45c99f0;080;Réception (B.L. : 1800328069);1800328069;;FOURNISSEUR CENTRALE;;Pas de commande associée;O;03/03/2026 00:00;;03/03/2026 17:05;41.000
fb15d54d-1954-4c27-8a25-8cccb77fe23e;293;Réception (B.L. : 1100215024);1100215024;;FOURNISSEUR CENTRALE;;Pas de commande associée;O;01/04/2026 00:00;;01/04/2026 12:18;0.000
fb1a17e1-bf5f-407c-9ba1-30249e7b238c;291;Réception (B.L. : 1800329860);1800329860;;FOURNISSEUR CENTRALE;;Pas de commande associée;O;10/03/2026 00:00;;10/03/2026 12:16;0.000
fb51cd04-8372-4ac7-a632-862f52edc179;293;Réception (B.L. : 1700235168);1700235168;;FOURNISSEUR CENTRALE;;Pas de commande associée;O;27/03/2026 00:00;;27/03/2026 12:25;0.000
fb66a17f-3659-497c-b13e-4835b5eff82b;293;Réception (B.L. : 1800328760);1800328760;;FOURNISSEUR CENTRALE;;Pas de commande associée;O;05/03/2026 00:00;;05/03/2026 17:12;0.000
fb74b3b7-3a3b-42c1-94c2-832e6e622dcb;292;Réception (B.L. : 1800337174);1800337174;;FOURNISSEUR CENTRALE;;Pas de commande associée;O;07/04/2026 00:00;;08/04/2026 12:17;111.000
fb7d5526-d293-4010-b500-8153e9d1b3b4;291;Réception (B.L. : 1100211094);1100211094;;FOURNISSEUR CENTRALE;;Pas de commande associée;O;09/03/2026 00:00;;09/03/2026 12:16;0.000
fb81af86-a9c2-4d95-9609-3075524a0e28;291;Réception (B.L. : 1800330146);1800330146;;FOURNISSEUR CENTRALE;;Pas de commande associée;O;11/03/2026 00:00;;11/03/2026 12:37;0.000
fb8d9233-0342-452a-937f-735950d89cbe;080;Réception (B.L. : 1100211910);1100211910;;FOURNISSEUR CENTRALE;;Pas de commande associée;O;13/03/2026 00:00;;13/03/2026 12:02;600.000
fbc82146-f252-4ca4-9b5e-68a6923c533d;293;Réception (B.L. : 1800332984);1800332984;;FOURNISSEUR CENTRALE;;Pas de commande associée;O;20/03/2026 00:00;;20/03/2026 17:03;0.000
fbd2c940-e466-4922-b3c8-0e945a75b68a;291;Réception (B.L. : 1800331988);1800331988;;FOURNISSEUR CENTRALE;;Pas de commande associée;O;17/03/2026 00:00;;18/03/2026 12:48;0.000
fbdb2af4-3af0-421d-8fad-f515d58aad04;080;Réception (B.L. : 1800335445);1800335445;;FOURNISSEUR CENTRALE;;Pas de commande associée;O;31/03/2026 00:00;;01/04/2026 12:18;26.800
fbf7ca9b-bb2a-4630-bfcc-f5ad44e041c7;292;Réception (B.L. : 1100212854);1100212854;;FOURNISSEUR CENTRALE;;Pas de commande associée;O;19/03/2026 00:00;;19/03/2026 17:16;240.000
fc05aa2b-dd09-4d53-a78b-3ef69ae3f231;291;Réception (B.L. : 1800333124);1800333124;;FOURNISSEUR CENTRALE;;Pas de commande associée;O;23/03/2026 00:00;;23/03/2026 12:44;0.000
fc1b7203-916c-49d8-ad1b-514c91f805dd;080;Réception (B.L. : 1800334206);1800334206;;FOURNISSEUR CENTRALE;;Pas de commande associée;O;26/03/2026 00:00;;26/03/2026 17:13;10.000
fc2de7ee-788d-4f7b-a67c-fead5634cb66;292;Réception (B.L. : 1100214470);1100214470;;FOURNISSEUR CENTRALE;;Pas de commande associée;O;28/03/2026 00:00;;28/03/2026 12:14;12.000
fc4555e6-ca78-4452-8a34-ffad505e3da9;291;Réception (B.L. : 1700236639);1700236639;;FOURNISSEUR CENTRALE;;Pas de commande associée;O;03/04/2026 00:00;;03/04/2026 17:17;0.000
fc4f3996-ee8f-4966-8feb-2a8cd0bc44b2;291;Réception (B.L. : 1700231973);1700231973;;FOURNISSEUR CENTRALE;;Pas de commande associée;O;11/03/2026 00:00;;11/03/2026 17:03;0.000
fc91a9cf-1cd9-4718-931b-a58a8c737100;080;Réception (B.L. : 1800329385);1800329385;;FOURNISSEUR CENTRALE;;Pas de commande associée;O;09/03/2026 00:00;;09/03/2026 12:23;39.000
fca6bfba-b215-488e-b3a2-20e27c8ae43a;080;Réception (B.L. : 1800335005);1800335005;;FOURNISSEUR CENTRALE;;Pas de commande associée;O;30/03/2026 00:00;;30/03/2026 17:11;18.000
fca894fa-a722-4a72-877c-92b6d2dbedd4;080;Réception (B.L. : 1800329381);1800329381;;FOURNISSEUR CENTRALE;;Pas de commande associée;O;09/03/2026 00:00;;09/03/2026 12:19;34.000
fcddca7b-24c9-4242-88bc-c41a88184153;293;Réception (B.L. : 1800334005);1800334005;;FOURNISSEUR CENTRALE;;Pas de commande associée;O;25/03/2026 00:00;;26/03/2026 12:15;0.000
fce7a400-1d74-4d52-acee-244e285cf2cf;293;Réception (B.L. : 1800333355);1800333355;;FOURNISSEUR CENTRALE;;Pas de commande associée;O;24/03/2026 00:00;;24/03/2026 12:13;0.000
fcef77ea-4e50-47ab-bb59-1fa199bee6a7;293;Réception (B.L. : 1800331379);1800331379;;FOURNISSEUR CENTRALE;;Pas de commande associée;O;15/03/2026 00:00;;16/03/2026 12:34;0.000
fd30a6a0-7e23-4dab-91f8-e35b9c1ef818;080;Réception (B.L. : 1800335672);1800335672;;FOURNISSEUR CENTRALE;;Pas de commande associée;O;02/04/2026 00:00;;02/04/2026 12:15;40.000
fd3789dc-55d3-485f-8f98-5d8a2ae819a9;292;Réception (B.L. : 1800330125);1800330125;;FOURNISSEUR CENTRALE;;Pas de commande associée;O;11/03/2026 00:00;;11/03/2026 12:19;371.400
fd4282ef-bb10-4016-83f0-3c9b91998947;291;Réception (B.L. : 1800331090);1800331090;;FOURNISSEUR CENTRALE;;Pas de commande associée;O;13/03/2026 00:00;;13/03/2026 23:32;0.000
fd451c14-523a-469d-8fa4-a0bf04fa30c9;080;Réception (B.L. : 1700232744);1700232744;;FOURNISSEUR CENTRALE;;Pas de commande associée;O;16/03/2026 00:00;;16/03/2026 12:26;6.000
fd695165-669a-438e-aab5-b7a26aec0a0a;291;Réception (B.L. : 1800331637);1800331637;;FOURNISSEUR CENTRALE;;Pas de commande associée;O;16/03/2026 00:00;;17/03/2026 12:09;0.000
fd943c7d-5696-4233-91ba-32e8fa1bdfef;292;Réception (B.L. : 1700232394);1700232394;;FOURNISSEUR CENTRALE;;Pas de commande associée;O;13/03/2026 00:00;;13/03/2026 12:20;390.000
fdc67247-168d-4c45-a6a9-2bbf34e6fc68;291;Réception (B.L. : 1700236051);1700236051;;FOURNISSEUR CENTRALE;;Pas de commande associée;O;01/04/2026 00:00;;01/04/2026 17:21;0.000
fdd2b397-4672-4b8b-94df-70a1bdfde047;292;Réception (B.L. : 1800336296);1800336296;;FOURNISSEUR CENTRALE;;Pas de commande associée;O;03/04/2026 00:00;;03/04/2026 17:16;6.000
fde60a0e-d274-471a-9848-f78336b8c319;291;Réception (B.L. : 1800331601);1800331601;;FOURNISSEUR CENTRALE;;Pas de commande associée;O;16/03/2026 00:00;;17/03/2026 12:02;0.000
fdf53d4c-cf23-4073-9e4e-7f4cf9c128fd;293;Réception (B.L. : 1200106807);1200106807;;FOURNISSEUR CENTRALE;;Pas de commande associée;O;19/03/2026 00:00;;19/03/2026 12:14;0.000
fe456984-4256-477d-992a-dd59c03540f0;293;Réception (B.L. : 1800332631);1800332631;;FOURNISSEUR CENTRALE;;Pas de commande associée;O;19/03/2026 00:00;;20/03/2026 12:27;0.000
fe48c37b-e838-4385-91df-fe1d09b3464b;293;Réception (B.L. : 1700233198);1700233198;;FOURNISSEUR CENTRALE;;Pas de commande associée;O;18/03/2026 00:00;;18/03/2026 12:22;0.000
fe80b5aa-9d56-45e6-bd4f-aceb65c5b609;080;Réception (B.L. : 1700232341);1700232341;;FOURNISSEUR CENTRALE;;Pas de commande associée;O;13/03/2026 00:00;;13/03/2026 12:07;96.000
fe895f5d-642c-49c7-9e3d-84c3ec51e93b;291;Réception (B.L. : 1100214608);1100214608;;FOURNISSEUR CENTRALE;;Pas de commande associée;O;30/03/2026 00:00;;30/03/2026 12:16;0.000
fe92c599-8088-49a8-8169-b550e19915d7;291;Réception (B.L. : 1800337205);1800337205;;FOURNISSEUR CENTRALE;;Pas de commande associée;O;07/04/2026 00:00;;08/04/2026 12:29;380.000
feb04d6a-639f-4a65-b4d9-dba5c2d58a80;080;Réception (B.L. : 1800328885);1800328885;;FOURNISSEUR CENTRALE;;Pas de commande associée;O;05/03/2026 00:00;;06/03/2026 12:18;175.200
fec470a4-56ac-40ba-8b17-faddb3ab9c47;080;Réception (B.L. : 1700236072);1700236072;;FOURNISSEUR CENTRALE;;Pas de commande associée;O;01/04/2026 00:00;;01/04/2026 17:14;3524.000
fef6ac52-0541-46b7-8668-27b2b983dd4d;291;Réception (B.L. : 1800328647);1800328647;;FOURNISSEUR CENTRALE;;Pas de commande associée;O;05/03/2026 00:00;;05/03/2026 17:12;0.000
fef93f49-d581-47d6-8bd5-1c7db817d60d;292;Réception (B.L. : 1100212174);1100212174;;FOURNISSEUR CENTRALE;;Pas de commande associée;O;16/03/2026 00:00;;16/03/2026 12:12;1154.000
ff0b9639-6b14-418d-988f-e1282209def2;293;Réception (B.L. : 1700235165);1700235165;;FOURNISSEUR CENTRALE;;Pas de commande associée;O;27/03/2026 00:00;;27/03/2026 12:22;0.000
ff1de8ab-04c2-413c-9e60-e754e11d0cf0;293;Réception (B.L. : 1800327761);1800327761;;FOURNISSEUR CENTRALE;;Pas de commande associée;O;02/03/2026 00:00;;02/03/2026 12:36;0.000
ff71268f-0b03-4884-be0b-adb8214f34fc;292;Réception (B.L. : 1700236765);1700236765;;FOURNISSEUR CENTRALE;;Pas de commande associée;O;04/04/2026 00:00;;04/04/2026 17:11;2.000
ff76aeab-96ca-494d-93e2-ff49c4182b9b;291;Réception (B.L. : 1700233185);1700233185;;FOURNISSEUR CENTRALE;;Pas de commande associée;O;18/03/2026 00:00;;18/03/2026 12:31;0.000
ffa520bb-3f61-45da-9279-a1c5f459232f;080;Réception (B.L. : 1700234145);1700234145;;FOURNISSEUR CENTRALE;;Pas de commande associée;O;23/03/2026 00:00;;23/03/2026 12:16;24.000
ffadadee-91c2-4055-9fc6-491b51357e67;291;Réception (B.L. : 1800335130);1800335130;;FOURNISSEUR CENTRALE;;Pas de commande associée;O;30/03/2026 00:00;;31/03/2026 12:14;0.000
ffaf1964-432b-463a-92b9-1f4ac405dde3;293;Réception (B.L. : 1800330132);1800330132;;FOURNISSEUR CENTRALE;;Pas de commande associée;O;11/03/2026 00:00;;11/03/2026 12:33;0.000
ffce34fd-dc07-49af-adac-f4e42f541465;293;Réception (B.L. : 1800332291);1800332291;;FOURNISSEUR CENTRALE;;Pas de commande associée;O;18/03/2026 00:00;;19/03/2026 12:16;0.000
fff971a0-ec47-4da3-aee5-0bfdc5047476;080;Réception (B.L. : 1200106278);1200106278;;FOURNISSEUR CENTRALE;;Pas de commande associée;O;12/03/2026 00:00;;12/03/2026 12:01;16.000
