Id;Magasin;Nom affiché;N° bon livraison;Type réception;Fournisseur;Commande fournisseur;Statut commande;Validée;Date réception;Date création;Date validation;Quantité totale;Valorisation HT;Valorisation TTC
0050f782-1568-4af4-acf5-78d0b4302124;312;Réception (B.L. : FA00407228);FA00407228;;FOURNISSEUR CENTRALE;;Pas de commande associée;O;10/03/2026 00:00;;10/03/2026 12:14;0.000
01deb695-9b40-4c5e-9fc7-bae30cb47915;312;Réception (B.L. : FA00407852);FA00407852;;FOURNISSEUR CENTRALE;;Pas de commande associée;O;12/03/2026 00:00;;12/03/2026 12:17;0.000
021c6d00-9f81-46f2-b18e-502d6d3a3bac;303;Réception (B.L. : FA00404075);FA00404075;;FOURNISSEUR CENTRALE;;Pas de commande associée;O;25/02/2026 00:00;;25/02/2026 23:28;650.000
024282aa-2f50-42a8-8dad-baa5c6c6971e;303;Réception (B.L. : FA00391561);FA00391561;;FOURNISSEUR CENTRALE;;Pas de commande associée;O;07/01/2026 00:00;;07/01/2026 17:02;43.000
026a58a8-5b3e-4d85-ba7e-312f0e5a7550;303;Réception (B.L. : FA00396796);FA00396796;;FOURNISSEUR CENTRALE;;Pas de commande associée;O;29/01/2026 00:00;;28/01/2026 23:29;25826.000
02f7a2cd-5823-46db-b3ad-ed8475fdcc7e;312;Réception (B.L. : FA00407226);FA00407226;;FOURNISSEUR CENTRALE;;Pas de commande associée;O;10/03/2026 00:00;;10/03/2026 12:12;0.000
02f93e3d-25ab-4215-b584-53f8a17eaefd;303;Réception (B.L. : FA00393215);FA00393215;;FOURNISSEUR CENTRALE;;Pas de commande associée;O;15/01/2026 00:00;;14/01/2026 23:26;1298.000
0362a153-b465-419e-8b7c-4710a5b36b96;303;Réception (B.L. : FA00393262);FA00393262;;FOURNISSEUR CENTRALE;;Pas de commande associée;O;15/01/2026 00:00;;15/01/2026 12:15;1100.000
03df409d-93a9-475d-89ff-e12898f5c5fe;307;Réception (B.L. : FA00410779);FA00410779;;FOURNISSEUR CENTRALE;;Pas de commande associée;O;25/03/2026 00:00;;25/03/2026 17:14;0.000
044a109d-f681-49e1-a1c7-cc653779bc9b;312;Réception (B.L. : FA00408614);FA00408614;;FOURNISSEUR CENTRALE;;Pas de commande associée;O;17/03/2026 00:00;;17/03/2026 12:01;0.000
04562adc-f417-47b5-a32b-c706ebb4f094;307;Réception (B.L. : FA00407632);FA00407632;;FOURNISSEUR CENTRALE;;Pas de commande associée;O;11/03/2026 00:00;;11/03/2026 17:00;0.000
046a0453-ff30-4191-8cba-a6648dc560f1;307;Réception (B.L. : FA00404444);FA00404444;;FOURNISSEUR CENTRALE;;Pas de commande associée;O;27/02/2026 00:00;;27/02/2026 12:14;0.000
04a98ca5-a2a8-4cc3-935b-040cee80f4a0;307;Réception (B.L. : FA00409626);FA00409626;;FOURNISSEUR CENTRALE;;Pas de commande associée;O;20/03/2026 00:00;;20/03/2026 12:13;0.000
04d2151f-8889-4e9b-b1a3-9171c44dcf5c;312;Réception (B.L. : FA00405251);FA00405251;;FOURNISSEUR CENTRALE;;Pas de commande associée;O;03/03/2026 00:00;;03/03/2026 12:04;0.000
054a218b-cb14-4bc9-8d9d-5fc815945144;303;Réception (B.L. : FA00400647);FA00400647;;FOURNISSEUR CENTRALE;;Pas de commande associée;O;12/02/2026 00:00;;12/02/2026 12:23;1284.000
06011419-f371-4043-b228-b7eefc26f0b6;303;Réception (B.L. : FA00408535);FA00408535;;FOURNISSEUR CENTRALE;;Pas de commande associée;O;16/03/2026 00:00;;16/03/2026 12:20;1031.000
060af769-12bb-4b09-be0d-b980580c43ab;303;Réception (B.L. : FA00398456);FA00398456;;FOURNISSEUR CENTRALE;;Pas de commande associée;O;04/02/2026 00:00;;04/02/2026 17:04;774.000
064933f1-a99c-47d5-b36c-d4a7ad0b5c56;303;Réception (B.L. : FA00398571);FA00398571;;FOURNISSEUR CENTRALE;;Pas de commande associée;O;05/02/2026 00:00;;05/02/2026 12:13;60.000
06950c0b-1429-47fc-8cee-7dee6d2ed9c0;307;Réception (B.L. : FA00405750);FA00405750;;FOURNISSEUR CENTRALE;;Pas de commande associée;O;04/03/2026 00:00;;04/03/2026 17:02;0.000
07dddb58-61b7-4302-aa87-28b68599182e;307;Réception (B.L. : FA00412418);FA00412418;;FOURNISSEUR CENTRALE;;Pas de commande associée;O;01/04/2026 00:00;;01/04/2026 17:14;0.000
0823279a-379a-4f55-ae81-2a0a57246eb3;303;Réception (B.L. : FA00403140);FA00403140;;FOURNISSEUR CENTRALE;;Pas de commande associée;O;23/02/2026 00:00;;23/02/2026 12:16;7.470
08802b77-e40c-404d-9af4-a94d3f228f07;312;Réception (B.L. : FA00404790);FA00404790;;FOURNISSEUR CENTRALE;;Pas de commande associée;O;01/03/2026 00:00;;02/03/2026 12:14;0.000
0880bcdd-0bc3-4902-bec1-1eeafe595097;303;Réception (B.L. : FA00393806);FA00393806;;FOURNISSEUR CENTRALE;;Pas de commande associée;O;16/01/2026 00:00;;16/01/2026 12:00;34.000
0883fbf9-69ba-441d-9c10-3a0f7538315c;303;Réception (B.L. : FA00396798);FA00396798;;FOURNISSEUR CENTRALE;;Pas de commande associée;O;29/01/2026 00:00;;28/01/2026 23:31;312.000
09346626-4557-49a0-a78f-d7f32fa2b9a0;309;Réception (B.L. : FA00408537);FA00408537;;FOURNISSEUR CENTRALE;;Pas de commande associée;O;16/03/2026 00:00;;16/03/2026 12:12;0.000
095d92aa-f9ea-43dc-b683-45e8532aef5a;303;Réception (B.L. : FA00412858);FA00412858;;FOURNISSEUR CENTRALE;;Pas de commande associée;O;02/04/2026 00:00;;02/04/2026 12:26;965.000
097c3110-042c-4719-8e7a-af8d204948f9;303;Réception (B.L. : FA00405730);FA00405730;;FOURNISSEUR CENTRALE;;Pas de commande associée;O;04/03/2026 00:00;;04/03/2026 17:03;1688.200
0a1e160d-6f86-4704-baf5-2bdb286c874a;303;Réception (B.L. : FA00397377);FA00397377;;FOURNISSEUR CENTRALE;;Pas de commande associée;O;02/02/2026 00:00;;02/02/2026 12:11;65.666
0bcd536b-e9fb-4c9e-9fac-5431bce22b8a;303;Réception (B.L. : FA00391560);FA00391560;;FOURNISSEUR CENTRALE;;Pas de commande associée;O;07/01/2026 00:00;;07/01/2026 17:01;4603.000
0cd99ccd-2bea-48ca-9fb1-6d8ac5d0ee6c;303;Réception (B.L. : FA00400460);FA00400460;;FOURNISSEUR CENTRALE;;Pas de commande associée;O;11/02/2026 00:00;;11/02/2026 17:03;115.840
0cff345b-32a4-4302-82ae-a51224d87007;303;Réception (B.L. : FA00405918);FA00405918;;FOURNISSEUR CENTRALE;;Pas de commande associée;O;05/03/2026 00:00;;05/03/2026 12:21;5.000
0d48be2d-b945-44fe-b363-2341e3d4a8dd;312;Réception (B.L. : FA00412932);FA00412932;;FOURNISSEUR CENTRALE;;Pas de commande associée;O;02/04/2026 00:00;;02/04/2026 17:11;0.000
0e839686-aa4b-4812-9406-f05b825e89e4;303;Réception (B.L. : FA00402267);FA00402267;;FOURNISSEUR CENTRALE;;Pas de commande associée;O;18/02/2026 00:00;;18/02/2026 17:14;61.370
0ea5e1dd-d1b3-46e0-bce2-6babfece717b;303;Réception (B.L. : FA00405914);FA00405914;;FOURNISSEUR CENTRALE;;Pas de commande associée;O;05/03/2026 00:00;;05/03/2026 12:17;1239.000
101aa57c-01bd-45dc-8c4e-3b686ea18a59;303;Réception (B.L. : FA00405921);FA00405921;;FOURNISSEUR CENTRALE;;Pas de commande associée;O;05/03/2026 00:00;;05/03/2026 12:24;12.000
10d7d96b-634f-404f-8e33-13e661e22120;303;Réception (B.L. : FA00408512);FA00408512;;FOURNISSEUR CENTRALE;;Pas de commande associée;O;16/03/2026 00:00;;16/03/2026 12:15;150.000
1183fdef-3e5a-4555-8dbf-74e9ab139813;309;Réception (B.L. : FA00409211);FA00409211;;FOURNISSEUR CENTRALE;;Pas de commande associée;O;19/03/2026 00:00;;19/03/2026 12:12;0.000
11f5fd4d-155e-4989-a6e9-aabd395d07cc;312;Réception (B.L. : FA00409230);FA00409230;;FOURNISSEUR CENTRALE;;Pas de commande associée;O;19/03/2026 00:00;;19/03/2026 12:13;0.000
12d056ab-54f0-41e2-a9da-da7f08d8776c;312;Réception (B.L. : FA00404449);FA00404449;;FOURNISSEUR CENTRALE;;Pas de commande associée;O;26/02/2026 00:00;;27/02/2026 12:11;0.000
12f5a088-c464-438a-ab9c-239e3e25cb8c;307;Réception (B.L. : FA00410777);FA00410777;;FOURNISSEUR CENTRALE;;Pas de commande associée;O;25/03/2026 00:00;;25/03/2026 17:12;0.000
1368cbbc-722c-4e0d-a92c-5ca90951d20a;303;Réception (B.L. : FA00402265);FA00402265;;FOURNISSEUR CENTRALE;;Pas de commande associée;O;18/02/2026 00:00;;18/02/2026 17:12;4902.295
1405bfce-7ac9-428a-b946-9100e088e7ee;307;Réception (B.L. : FA00408086);FA00408086;;FOURNISSEUR CENTRALE;;Pas de commande associée;O;13/03/2026 00:00;;13/03/2026 12:14;0.000
15df9eac-9f94-4a4b-8caf-1be8008dbcd4;303;Réception (B.L. : FA00410869);FA00410869;;FOURNISSEUR CENTRALE;;Pas de commande associée;O;26/03/2026 00:00;;26/03/2026 12:22;1000.000
1624a4ec-64fd-42f5-9bac-f62167f0895c;303;Réception (B.L. : FA00408515);FA00408515;;FOURNISSEUR CENTRALE;;Pas de commande associée;O;16/03/2026 00:00;;16/03/2026 12:18;1.000
18c9dfaf-1328-4aad-aec2-350eb2e27396;303;Réception (B.L. : FA00391647);FA00391647;;FOURNISSEUR CENTRALE;;Pas de commande associée;O;08/01/2026 00:00;;08/01/2026 12:12;786.000
18ea1c74-9ec0-4063-8cdc-1e07bca9a67d;303;Réception (B.L. : FA00402387);FA00402387;;FOURNISSEUR CENTRALE;;Pas de commande associée;O;19/02/2026 00:00;;19/02/2026 12:23;240.000
196af632-2c5b-45df-8dee-4aeea58e9210;303;Réception (B.L. : FA00403114);FA00403114;;FOURNISSEUR CENTRALE;;Pas de commande associée;O;23/02/2026 00:00;;23/02/2026 12:12;1923.378
19e789d8-4d47-44f6-af90-3f88ffeb6e52;309;Réception (B.L. : FA00407747);FA00407747;;FOURNISSEUR CENTRALE;;Pas de commande associée;O;12/03/2026 00:00;;12/03/2026 12:11;0.000
1ac68904-edb6-445c-b115-10d758410761;307;Réception (B.L. : FA00407634);FA00407634;;FOURNISSEUR CENTRALE;;Pas de commande associée;O;11/03/2026 00:00;;11/03/2026 17:02;0.000
1adfe313-0388-47be-bb3d-9ec82712de3c;307;Réception (B.L. : FA00405752);FA00405752;;FOURNISSEUR CENTRALE;;Pas de commande associée;O;04/03/2026 00:00;;04/03/2026 17:04;0.000
1afe53f1-d1a1-4a8d-8748-87a903ddcbbb;303;Réception (B.L. : FA00402268);FA00402268;;FOURNISSEUR CENTRALE;;Pas de commande associée;O;18/02/2026 00:00;;18/02/2026 17:15;2795.100
1b1aa899-325c-4e54-8118-9cd016e36ff8;303;Réception (B.L. : FA00412399);FA00412399;;FOURNISSEUR CENTRALE;;Pas de commande associée;O;01/04/2026 00:00;;01/04/2026 17:12;99.916
1b95948f-67a7-48bb-b07b-04e02279f5b1;303;Réception (B.L. : FA00412652);FA00412652;;FOURNISSEUR CENTRALE;;Pas de commande associée;O;02/04/2026 00:00;;02/04/2026 12:25;258.000
1bb61225-f6fc-4da9-97ff-385957f2b4a8;309;Réception (B.L. : FA00410838);FA00410838;;FOURNISSEUR CENTRALE;;Pas de commande associée;O;25/03/2026 00:00;;26/03/2026 12:12;0.000
1be40ac1-6b0c-4e1c-a1f5-fdc920e31d6d;312;Réception (B.L. : FA00412679);FA00412679;;FOURNISSEUR CENTRALE;;Pas de commande associée;O;02/04/2026 00:00;;02/04/2026 12:17;0.000
1c65348d-5682-4953-b9cc-99c32dc194f4;303;Réception (B.L. : FA00400645);FA00400645;;FOURNISSEUR CENTRALE;;Pas de commande associée;O;12/02/2026 00:00;;12/02/2026 12:21;180.000
1c672306-5db8-4860-bf19-07a2eb6667e8;303;Réception (B.L. : FA00405763);FA00405763;;FOURNISSEUR CENTRALE;;Pas de commande associée;O;04/03/2026 00:00;;04/03/2026 17:07;1.000
1c7f8458-5836-4d55-bf15-864b34695b0c;303;Réception (B.L. : FA00391153);FA00391153;;FOURNISSEUR CENTRALE;;Pas de commande associée;O;02/01/2026 00:00;;02/01/2026 12:02;4128.000
1d3d2e40-ea3d-4ccd-a9de-45b2aee427f8;312;Réception (B.L. : FA00412533);FA00412533;;FOURNISSEUR CENTRALE;;Pas de commande associée;O;02/04/2026 00:00;;02/04/2026 00:44;0.000
1d81d117-4e47-4b8f-967d-ef157d942c76;312;Réception (B.L. : FA00409284);FA00409284;;FOURNISSEUR CENTRALE;;Pas de commande associée;O;19/03/2026 00:00;;19/03/2026 12:23;0.000
1de2813e-bf29-4963-b894-4f8a8c4900c5;303;Réception (B.L. : FA00407679);FA00407679;;FOURNISSEUR CENTRALE;;Pas de commande associée;O;11/03/2026 00:00;;11/03/2026 17:03;1044.000
1df6d5fa-c91e-4586-ac9b-cee01b4ebdda;303;Réception (B.L. : FA00410848);FA00410848;;FOURNISSEUR CENTRALE;;Pas de commande associée;O;26/03/2026 00:00;;26/03/2026 12:12;5620.000
1e61774e-9c45-4eca-9da5-2af8f7552d14;312;Réception (B.L. : FA00409237);FA00409237;;FOURNISSEUR CENTRALE;;Pas de commande associée;O;19/03/2026 00:00;;19/03/2026 12:18;0.000
1e9e8f9f-b25f-43e4-a1dc-bfbbefc06d55;312;Réception (B.L. : FA00410816);FA00410816;;FOURNISSEUR CENTRALE;;Pas de commande associée;O;26/03/2026 00:00;;26/03/2026 12:13;0.000
1fa371bf-d257-4702-9d03-84752536941b;307;Réception (B.L. : FA00409089);FA00409089;;FOURNISSEUR CENTRALE;;Pas de commande associée;O;18/03/2026 00:00;;18/03/2026 17:02;0.000
2035fb9c-fc41-4295-a9ed-a47417b70ac1;303;Réception (B.L. : FA00401236);FA00401236;;FOURNISSEUR CENTRALE;;Pas de commande associée;O;16/02/2026 00:00;;16/02/2026 12:11;34.826
203849ba-d11c-4266-86f7-7b7212534131;312;Réception (B.L. : FA00408616);FA00408616;;FOURNISSEUR CENTRALE;;Pas de commande associée;O;17/03/2026 00:00;;17/03/2026 12:03;0.000
2088b2c8-a0f3-4752-9cb0-2df1c9ef0d7e;303;Réception (B.L. : FA00409184);FA00409184;;FOURNISSEUR CENTRALE;;Pas de commande associée;O;18/03/2026 00:00;;18/03/2026 17:05;5262.000
20a374aa-2348-4f56-91f2-b9026a5a0884;303;Réception (B.L. : FA00395724);FA00395724;;FOURNISSEUR CENTRALE;;Pas de commande associée;O;26/01/2026 00:00;;26/01/2026 12:14;19.800
20aa52b2-bec8-4a02-8181-879452ac343f;303;Réception (B.L. : FA00410850);FA00410850;;FOURNISSEUR CENTRALE;;Pas de commande associée;O;26/03/2026 00:00;;26/03/2026 12:14;120.000
20ed8567-df1d-48bc-bf6d-98571a334ae1;307;Réception (B.L. : FA00404443);FA00404443;;FOURNISSEUR CENTRALE;;Pas de commande associée;O;27/02/2026 00:00;;27/02/2026 12:13;0.000
20fb1fd6-2fbe-4aec-b93b-71bccb39068e;303;Réception (B.L. : FA00393019);FA00393019;;FOURNISSEUR CENTRALE;;Pas de commande associée;O;14/01/2026 00:00;;14/01/2026 17:02;18.554
21297b89-1cbd-40ed-81c3-b5ad3c8873f4;309;Réception (B.L. : FA00409091);FA00409091;;FOURNISSEUR CENTRALE;;Pas de commande associée;O;18/03/2026 00:00;;18/03/2026 17:01;0.000
21817bef-c6dc-4b7a-9457-f10559eb2942;303;Réception (B.L. : FA00402337);FA00402337;;FOURNISSEUR CENTRALE;;Pas de commande associée;O;19/02/2026 00:00;;19/02/2026 12:11;11522.000
21f9c176-95f7-4b8c-8f3d-dd79760185db;307;Réception (B.L. : FA00406271);FA00406271;;FOURNISSEUR CENTRALE;;Pas de commande associée;O;06/03/2026 00:00;;06/03/2026 12:16;0.000
21fde03e-b604-4e34-87fa-e719b32d1e72;303;Réception (B.L. : FA00407805);FA00407805;;FOURNISSEUR CENTRALE;;Pas de commande associée;O;12/03/2026 00:00;;12/03/2026 12:15;15550.000
22e727c0-7ef2-4fc4-bfab-2ae4054a3e5a;309;Réception (B.L. : FA00412963);FA00412963;;FOURNISSEUR CENTRALE;;Pas de commande associée;O;02/04/2026 00:00;;02/04/2026 17:11;0.000
239f7d14-ac32-4890-985c-3856c4ddc164;312;Réception (B.L. : FA00410814);FA00410814;;FOURNISSEUR CENTRALE;;Pas de commande associée;O;26/03/2026 00:00;;26/03/2026 12:11;0.000
23a823e8-79b3-48db-9105-cfee5b3e9e58;303;Réception (B.L. : FA00407807);FA00407807;;FOURNISSEUR CENTRALE;;Pas de commande associée;O;12/03/2026 00:00;;12/03/2026 12:17;4327.000
23dd9295-9777-45c6-9d64-a371c4dd63bd;303;Réception (B.L. : FA00391562);FA00391562;;FOURNISSEUR CENTRALE;;Pas de commande associée;O;07/01/2026 00:00;;07/01/2026 17:03;31.702
23eaf32f-5e8d-4f62-94aa-34ef6ff4ecdd;303;Réception (B.L. : FA00403113);FA00403113;;FOURNISSEUR CENTRALE;;Pas de commande associée;O;23/02/2026 00:00;;23/02/2026 12:11;119.674
249d328b-ed49-46d8-9d8f-d7967b4489de;307;Réception (B.L. : FA00411642);FA00411642;;FOURNISSEUR CENTRALE;;Pas de commande associée;O;29/03/2026 00:00;;30/03/2026 12:11;0.000
24dff365-77e4-445e-859b-110e541cb9a2;309;Réception (B.L. : FA00407817);FA00407817;;FOURNISSEUR CENTRALE;;Pas de commande associée;O;12/03/2026 00:00;;12/03/2026 12:14;0.000
24e86339-2eac-4a6a-9a92-b44ed6aed472;309;Réception (B.L. : FA00412420);FA00412420;;FOURNISSEUR CENTRALE;;Pas de commande associée;O;01/04/2026 00:00;;01/04/2026 17:12;0.000
25f26de8-955b-46a5-9bc4-1b72fbfc34c2;303;Réception (B.L. : FA00393534);FA00393534;;FOURNISSEUR CENTRALE;;Pas de commande associée;O;15/01/2026 00:00;;15/01/2026 12:21;660.000
25f51b92-86f1-494e-ae8a-c67d6389079a;303;Réception (B.L. : FA00403948);FA00403948;;FOURNISSEUR CENTRALE;;Pas de commande associée;O;25/02/2026 00:00;;25/02/2026 17:16;624.000
263d6a1b-fa62-4fbe-ad43-b36c4447e48e;309;Réception (B.L. : FA00408536);FA00408536;;FOURNISSEUR CENTRALE;;Pas de commande associée;O;16/03/2026 00:00;;16/03/2026 12:11;0.000
2643331f-e3a9-48f7-95fc-db347ac49db3;309;Réception (B.L. : FA00409629);FA00409629;;FOURNISSEUR CENTRALE;;Pas de commande associée;O;20/03/2026 00:00;;20/03/2026 12:12;0.000
26a3f74f-444c-46e1-9ccc-4a64edd7f520;312;Réception (B.L. : FA00405171);FA00405171;;FOURNISSEUR CENTRALE;;Pas de commande associée;O;03/03/2026 00:00;;03/03/2026 12:00;0.000
27aa8e3c-5265-4f6a-a29e-1154877a1680;312;Réception (B.L. : FA00412680);FA00412680;;FOURNISSEUR CENTRALE;;Pas de commande associée;O;02/04/2026 00:00;;02/04/2026 12:18;0.000
27cb5eb2-32e3-4bcc-9852-c7453360282a;303;Réception (B.L. : FA00391678);FA00391678;;FOURNISSEUR CENTRALE;;Pas de commande associée;O;08/01/2026 00:00;;08/01/2026 12:15;18280.000
28351d9e-e31d-430c-9565-471e75af0d74;312;Réception (B.L. : FA00411708);FA00411708;;FOURNISSEUR CENTRALE;;Pas de commande associée;O;30/03/2026 00:00;;30/03/2026 12:15;0.000
28bfe27b-e8fe-497f-b708-826b31d33a5b;307;Réception (B.L. : FA00404834);FA00404834;;FOURNISSEUR CENTRALE;;Pas de commande associée;O;02/03/2026 00:00;;02/03/2026 12:11;0.000
293c5015-3d35-41c7-8fd9-0d811200bec5;312;Réception (B.L. : FA00407796);FA00407796;;FOURNISSEUR CENTRALE;;Pas de commande associée;O;11/03/2026 00:00;;12/03/2026 12:15;0.000
296da4d6-c849-4113-b671-6040d6c7559a;312;Réception (B.L. : FA00412634);FA00412634;;FOURNISSEUR CENTRALE;;Pas de commande associée;O;02/04/2026 00:00;;02/04/2026 12:16;0.000
2975de6a-9534-4eca-9c97-e6de97db5bdc;307;Réception (B.L. : FA00408087);FA00408087;;FOURNISSEUR CENTRALE;;Pas de commande associée;O;13/03/2026 00:00;;13/03/2026 12:15;0.000
297e1d2f-39c9-49fa-a384-277c9718ceb4;303;Réception (B.L. : FA00402338);FA00402338;;FOURNISSEUR CENTRALE;;Pas de commande associée;O;19/02/2026 00:00;;19/02/2026 12:12;1512.000
2abc985b-9a76-44c1-8fd5-4c33c6fd202d;303;Réception (B.L. : FA00391172);FA00391172;;FOURNISSEUR CENTRALE;;Pas de commande associée;O;02/01/2026 00:00;;02/01/2026 12:07;52.646
2ae1f487-9e67-4f17-8a26-84d43e4e8dd8;303;Réception (B.L. : FA00400597);FA00400597;;FOURNISSEUR CENTRALE;;Pas de commande associée;O;12/02/2026 00:00;;12/02/2026 12:12;3432.000
2b106c66-501c-449d-835c-065ac730d713;303;Réception (B.L. : FA00402349);FA00402349;;FOURNISSEUR CENTRALE;;Pas de commande associée;O;19/02/2026 00:00;;19/02/2026 12:13;60.000
2b13537a-1387-4275-8042-ce2393907fe7;303;Réception (B.L. : FA00394050);FA00394050;;FOURNISSEUR CENTRALE;;Pas de commande associée;O;19/01/2026 00:00;;19/01/2026 12:11;129.390
2b7a47e7-02e3-407f-bfbb-d54107b0158d;303;Réception (B.L. : FA00392331);FA00392331;;FOURNISSEUR CENTRALE;;Pas de commande associée;O;12/01/2026 00:00;;12/01/2026 12:13;40.000
2c831d70-ddfd-4028-b2c2-91f0eeba1b64;303;Réception (B.L. : FA00409223);FA00409223;;FOURNISSEUR CENTRALE;;Pas de commande associée;O;19/03/2026 00:00;;19/03/2026 12:16;1056.000
2dd30c22-21d0-49e2-b918-e9fbe91d000f;312;Réception (B.L. : FA00407225);FA00407225;;FOURNISSEUR CENTRALE;;Pas de commande associée;O;10/03/2026 00:00;;10/03/2026 12:11;0.000
2dd3c3be-d91f-420f-a166-6e538e55707c;307;Réception (B.L. : FA00409550);FA00409550;;FOURNISSEUR CENTRALE;;Pas de commande associée;O;19/03/2026 00:00;;19/03/2026 17:10;0.000
2dd7d97d-f047-464e-9a75-f340da80d2da;303;Réception (B.L. : FA00402379);FA00402379;;FOURNISSEUR CENTRALE;;Pas de commande associée;O;19/02/2026 00:00;;19/02/2026 12:15;14978.000
2ee3a0f4-30bb-4668-8f44-45495029e41a;303;Réception (B.L. : FA00394985);FA00394985;;FOURNISSEUR CENTRALE;;Pas de commande associée;O;22/01/2026 00:00;;22/01/2026 12:12;60.000
2fddc85a-1226-406d-9a0a-e2584b28fdda;303;Réception (B.L. : FA00412541);FA00412541;;FOURNISSEUR CENTRALE;;Pas de commande associée;O;02/04/2026 00:00;;02/04/2026 12:13;120.000
311f413a-0145-471b-a079-efbc6fe5f1c8;303;Réception (B.L. : FA00408514);FA00408514;;FOURNISSEUR CENTRALE;;Pas de commande associée;O;16/03/2026 00:00;;16/03/2026 12:17;15.725
3121bde4-7084-4006-bfac-33c33c6f7c54;303;Réception (B.L. : FA00405693);FA00405693;;FOURNISSEUR CENTRALE;;Pas de commande associée;O;04/03/2026 00:00;;04/03/2026 17:02;1200.000
313d8448-2f65-41af-a28f-e9b210fe43a1;303;Réception (B.L. : FA00410866);FA00410866;;FOURNISSEUR CENTRALE;;Pas de commande associée;O;26/03/2026 00:00;;26/03/2026 12:19;544.000
31bef597-3b6b-4056-b467-ee71ceb6aacd;307;Réception (B.L. : FA00408524);FA00408524;;FOURNISSEUR CENTRALE;;Pas de commande associée;O;16/03/2026 00:00;;16/03/2026 12:13;0.000
320d6260-3a09-4064-8448-9f65d5da55ef;303;Réception (B.L. : FA00391171);FA00391171;;FOURNISSEUR CENTRALE;;Pas de commande associée;O;02/01/2026 00:00;;02/01/2026 12:06;1305.600
329621b0-ae97-4872-8715-819ddf10e1fe;309;Réception (B.L. : FA00407638);FA00407638;;FOURNISSEUR CENTRALE;;Pas de commande associée;O;11/03/2026 00:00;;11/03/2026 17:02;0.000
32b20935-5e6b-4c14-ad6a-81b324cac665;303;Réception (B.L. : FA00398433);FA00398433;;FOURNISSEUR CENTRALE;;Pas de commande associée;O;04/02/2026 00:00;;04/02/2026 17:02;1590.300
32d85677-a4cf-4a77-a0c4-5d24be757d5e;307;Réception (B.L. : FA00408522);FA00408522;;FOURNISSEUR CENTRALE;;Pas de commande associée;O;16/03/2026 00:00;;16/03/2026 12:11;0.000
334274de-4f7f-4168-bbae-e0e0d82fcae7;303;Réception (B.L. : FA00410863);FA00410863;;FOURNISSEUR CENTRALE;;Pas de commande associée;O;26/03/2026 00:00;;26/03/2026 12:16;796.000
336d5159-3843-4fff-8707-36a9f9104dd3;303;Réception (B.L. : FA00411632);FA00411632;;FOURNISSEUR CENTRALE;;Pas de commande associée;O;29/03/2026 00:00;;30/03/2026 12:13;109.244
33cfa689-3adf-45f4-af5b-07a177af095a;303;Réception (B.L. : FA00404063);FA00404063;;FOURNISSEUR CENTRALE;;Pas de commande associée;O;26/02/2026 00:00;;25/02/2026 23:25;67865.000
34301323-ad5e-45bd-88a4-efa9e322591b;303;Réception (B.L. : FA00409227);FA00409227;;FOURNISSEUR CENTRALE;;Pas de commande associée;O;19/03/2026 00:00;;19/03/2026 12:20;462.000
34adb7a2-69f4-4b2a-a3e0-7582b19691e1;303;Réception (B.L. : FA00398603);FA00398603;;FOURNISSEUR CENTRALE;;Pas de commande associée;O;05/02/2026 00:00;;05/02/2026 12:22;1023.000
36fc4b10-7f95-4845-a310-c38707257ab0;303;Réception (B.L. : FA00393018);FA00393018;;FOURNISSEUR CENTRALE;;Pas de commande associée;O;14/01/2026 00:00;;14/01/2026 17:01;1712.488
38757c16-a06a-4d92-818e-1031b2e32f2b;303;Réception (B.L. : FA00410868);FA00410868;;FOURNISSEUR CENTRALE;;Pas de commande associée;O;26/03/2026 00:00;;26/03/2026 12:21;48.000
38814908-edba-4d15-816d-6a61d51fc38c;309;Réception (B.L. : FA00407746);FA00407746;;FOURNISSEUR CENTRALE;;Pas de commande associée;O;12/03/2026 00:00;;12/03/2026 12:10;0.000
390bfee3-48bf-4b58-ac0f-2ce1d02cf333;303;Réception (B.L. : FA00396551);FA00396551;;FOURNISSEUR CENTRALE;;Pas de commande associée;O;28/01/2026 00:00;;28/01/2026 12:12;20.850
39247cc2-c228-43da-80e8-29d119effce9;303;Réception (B.L. : FA00402549);FA00402549;;FOURNISSEUR CENTRALE;;Pas de commande associée;O;19/02/2026 00:00;;19/02/2026 12:24;6.000
395a1b9d-5350-414e-a1bf-54a9bd7c9394;303;Réception (B.L. : FA00411633);FA00411633;;FOURNISSEUR CENTRALE;;Pas de commande associée;O;29/03/2026 00:00;;30/03/2026 12:14;62.000
399d6c4e-03e5-417f-b790-435e062dad8e;303;Réception (B.L. : FA00400511);FA00400511;;FOURNISSEUR CENTRALE;;Pas de commande associée;O;11/02/2026 00:00;;11/02/2026 17:07;1044.000
39f88301-358d-47df-ac3b-500e626527c7;307;Réception (B.L. : FA00409768);FA00409768;;FOURNISSEUR CENTRALE;;Pas de commande associée;O;21/03/2026 00:00;;21/03/2026 17:00;0.000
3a59f229-d624-4bc2-bfba-37af28639312;303;Réception (B.L. : FA00393214);FA00393214;;FOURNISSEUR CENTRALE;;Pas de commande associée;O;15/01/2026 00:00;;14/01/2026 23:25;700.000
3a6218e1-eb5c-4b9a-9b29-8527557503eb;307;Réception (B.L. : FA00408083);FA00408083;;FOURNISSEUR CENTRALE;;Pas de commande associée;O;13/03/2026 00:00;;13/03/2026 12:11;0.000
3abfbce6-b731-4b81-9566-07951b7d0ba7;312;Réception (B.L. : FA00410890);FA00410890;;FOURNISSEUR CENTRALE;;Pas de commande associée;O;26/03/2026 00:00;;26/03/2026 12:18;0.000
3b4f4b28-d474-4d68-bb9b-9a27942e9ae9;309;Réception (B.L. : FA00407818);FA00407818;;FOURNISSEUR CENTRALE;;Pas de commande associée;O;12/03/2026 00:00;;12/03/2026 12:15;0.000
3bb4b21e-3d8f-4624-b4dd-a0c99e473b44;303;Réception (B.L. : FA00409219);FA00409219;;FOURNISSEUR CENTRALE;;Pas de commande associée;O;19/03/2026 00:00;;19/03/2026 12:12;4924.000
3c028a21-8ba9-4e7a-bf33-efaf881086de;312;Réception (B.L. : FA00410256);FA00410256;;FOURNISSEUR CENTRALE;;Pas de commande associée;O;24/03/2026 00:00;;24/03/2026 12:12;0.000
3c08c4f9-e275-4df0-92a7-1d4a6ee8645d;303;Réception (B.L. : FA00407658);FA00407658;;FOURNISSEUR CENTRALE;;Pas de commande associée;O;11/03/2026 00:00;;11/03/2026 17:01;962.600
3c25b0c2-471d-44b6-bc63-08d249e74d70;307;Réception (B.L. : FA00411205);FA00411205;;FOURNISSEUR CENTRALE;;Pas de commande associée;O;26/03/2026 00:00;;26/03/2026 17:12;0.000
3c82f593-a9b9-4c87-9142-f868b78d98ec;303;Réception (B.L. : FA00391564);FA00391564;;FOURNISSEUR CENTRALE;;Pas de commande associée;O;07/01/2026 00:00;;07/01/2026 17:05;53.000
3cb550ed-6b9a-462e-9bf8-e9da76ace22e;309;Réception (B.L. : FA00405753);FA00405753;;FOURNISSEUR CENTRALE;;Pas de commande associée;O;04/03/2026 00:00;;04/03/2026 17:01;0.000
3ce77065-2504-49ef-90e7-22cc1fd3871c;309;Réception (B.L. : FA00409865);FA00409865;;FOURNISSEUR CENTRALE;;Pas de commande associée;O;22/03/2026 00:00;;23/03/2026 12:14;0.000
3dc77c54-692b-4e25-b861-10b36ac37e01;303;Réception (B.L. : FA00391684);FA00391684;;FOURNISSEUR CENTRALE;;Pas de commande associée;O;08/01/2026 00:00;;08/01/2026 12:21;2029.000
3e49b8a4-2c2b-410e-a283-cfc4820ce86e;303;Réception (B.L. : FA00404821);FA00404821;;FOURNISSEUR CENTRALE;;Pas de commande associée;O;02/03/2026 00:00;;02/03/2026 12:10;626.000
3e875ecf-8f37-4bb6-939d-8292d9445ff0;303;Réception (B.L. : FA00405853);FA00405853;;FOURNISSEUR CENTRALE;;Pas de commande associée;O;05/03/2026 00:00;;05/03/2026 12:13;24.000
3e97f2f2-31dd-498d-88a5-4161765f1d32;303;Réception (B.L. : FA00408511);FA00408511;;FOURNISSEUR CENTRALE;;Pas de commande associée;O;16/03/2026 00:00;;16/03/2026 12:14;36.000
3fc50079-3e39-452e-9fc9-f96e54dc8004;312;Réception (B.L. : FA00407003);FA00407003;;FOURNISSEUR CENTRALE;;Pas de commande associée;O;10/03/2026 00:00;;10/03/2026 12:10;0.000
40525a3a-8a9d-4580-bf5d-f9cd4cdd0dea;303;Réception (B.L. : FA00391679);FA00391679;;FOURNISSEUR CENTRALE;;Pas de commande associée;O;08/01/2026 00:00;;08/01/2026 12:16;16658.000
405dcdaf-d1ec-44bd-85c3-8a619d1042bc;303;Réception (B.L. : FA00395723);FA00395723;;FOURNISSEUR CENTRALE;;Pas de commande associée;O;26/01/2026 00:00;;26/01/2026 12:13;1470.600
40fb8a95-8172-4d60-8e69-3bd232895a8b;309;Réception (B.L. : FA00407637);FA00407637;;FOURNISSEUR CENTRALE;;Pas de commande associée;O;11/03/2026 00:00;;11/03/2026 17:01;0.000
420f573c-02c8-42dc-91d2-ca088ad6802f;303;Réception (B.L. : FA00411630);FA00411630;;FOURNISSEUR CENTRALE;;Pas de commande associée;O;29/03/2026 00:00;;30/03/2026 12:11;120.000
4262a325-7be3-4f75-88c9-828b8c6bdebb;303;Réception (B.L. : FA00393258);FA00393258;;FOURNISSEUR CENTRALE;;Pas de commande associée;O;15/01/2026 00:00;;15/01/2026 12:11;35232.000
428df57f-03e9-4674-9f28-d5e8607bff5c;309;Réception (B.L. : FA00405754);FA00405754;;FOURNISSEUR CENTRALE;;Pas de commande associée;O;04/03/2026 00:00;;04/03/2026 17:02;0.000
42a91aff-535c-4669-80aa-daa04711c3b2;303;Réception (B.L. : FA00410847);FA00410847;;FOURNISSEUR CENTRALE;;Pas de commande associée;O;26/03/2026 00:00;;26/03/2026 12:11;62166.000
42b77007-8b8f-4dbd-bc9b-9d0680afccfb;307;Réception (B.L. : FA00408082);FA00408082;;FOURNISSEUR CENTRALE;;Pas de commande associée;O;13/03/2026 00:00;;13/03/2026 12:10;0.000
43b27323-c772-4155-9b3b-85f2750ef611;303;Réception (B.L. : FA00394984);FA00394984;;FOURNISSEUR CENTRALE;;Pas de commande associée;O;22/01/2026 00:00;;22/01/2026 12:11;49332.000
4492c17b-4a74-4036-aa76-a327af41f6d3;303;Réception (B.L. : FA00410767);FA00410767;;FOURNISSEUR CENTRALE;;Pas de commande associée;O;25/03/2026 00:00;;25/03/2026 17:11;3810.242
44dae559-95f8-4dfd-b91a-7d6836ef457a;309;Réception (B.L. : FA00410839);FA00410839;;FOURNISSEUR CENTRALE;;Pas de commande associée;O;25/03/2026 00:00;;26/03/2026 12:13;0.000
451f202a-73bf-496f-a955-06ce31b52771;303;Réception (B.L. : FA00391681);FA00391681;;FOURNISSEUR CENTRALE;;Pas de commande associée;O;08/01/2026 00:00;;08/01/2026 12:18;73.000
454e4b8c-f96d-4c7f-9a65-59ff4e0a263f;303;Réception (B.L. : FA00400646);FA00400646;;FOURNISSEUR CENTRALE;;Pas de commande associée;O;12/02/2026 00:00;;12/02/2026 12:22;24.000
4563a345-fe73-4bf2-b8f4-ccfcc9f644f6;307;Réception (B.L. : FA00404833);FA00404833;;FOURNISSEUR CENTRALE;;Pas de commande associée;O;02/03/2026 00:00;;02/03/2026 12:10;0.000
461aa53a-01f9-48fe-b7f9-4e060596f609;303;Réception (B.L. : FA00407744);FA00407744;;FOURNISSEUR CENTRALE;;Pas de commande associée;O;12/03/2026 00:00;;12/03/2026 12:12;576.000
478d9a3c-7b6d-430e-a6e7-3781b2719105;303;Réception (B.L. : FA00405762);FA00405762;;FOURNISSEUR CENTRALE;;Pas de commande associée;O;04/03/2026 00:00;;04/03/2026 17:06;44.000
495cbd90-4251-4029-8a6a-09b1a277b149;312;Réception (B.L. : FA00412682);FA00412682;;FOURNISSEUR CENTRALE;;Pas de commande associée;O;02/04/2026 00:00;;02/04/2026 12:20;0.000
4966138f-b755-4f3d-8e97-3d29682c2a24;303;Réception (B.L. : FA00412641);FA00412641;;FOURNISSEUR CENTRALE;;Pas de commande associée;O;02/04/2026 00:00;;02/04/2026 12:14;8683.000
49ce884f-ce08-4289-b3f0-5edc276c15f8;309;Réception (B.L. : FA00411644);FA00411644;;FOURNISSEUR CENTRALE;;Pas de commande associée;O;29/03/2026 00:00;;30/03/2026 12:11;0.000
49ffa84c-0c9b-402e-81fd-18120d00920e;307;Réception (B.L. : FA00406222);FA00406222;;FOURNISSEUR CENTRALE;;Pas de commande associée;O;06/03/2026 00:00;;06/03/2026 12:12;0.000
4b2704c0-05b5-4297-9753-401938f17e31;303;Réception (B.L. : FA00409185);FA00409185;;FOURNISSEUR CENTRALE;;Pas de commande associée;O;18/03/2026 00:00;;18/03/2026 17:06;60.000
4b4eedc6-4526-4c59-9c25-769eb758ee92;303;Réception (B.L. : FA00391791);FA00391791;;FOURNISSEUR CENTRALE;;Pas de commande associée;O;08/01/2026 00:00;;08/01/2026 12:23;850.000
4bfc24a1-a1cc-4ca4-82f7-490a09a5ad0d;303;Réception (B.L. : FA00408513);FA00408513;;FOURNISSEUR CENTRALE;;Pas de commande associée;O;16/03/2026 00:00;;16/03/2026 12:16;108.000
4c2606cd-bf36-4ee6-99bf-f11dc3014bed;303;Réception (B.L. : FA00407742);FA00407742;;FOURNISSEUR CENTRALE;;Pas de commande associée;O;12/03/2026 00:00;;12/03/2026 12:10;61684.000
4cfd2f22-ecf1-4150-a8e5-7a82c1bdc11c;307;Réception (B.L. : FA00408540);FA00408540;;FOURNISSEUR CENTRALE;;Pas de commande associée;O;16/03/2026 00:00;;16/03/2026 12:15;0.000
4d55d237-59bc-432e-8afa-bee05518fb8c;307;Réception (B.L. : FA00406221);FA00406221;;FOURNISSEUR CENTRALE;;Pas de commande associée;O;06/03/2026 00:00;;06/03/2026 12:11;0.000
4dc78473-34d4-4f60-aff2-95d195ad4ac1;303;Réception (B.L. : FA00409842);FA00409842;;FOURNISSEUR CENTRALE;;Pas de commande associée;O;22/03/2026 00:00;;23/03/2026 12:12;1332.096
4e4339a1-a9f9-4bef-be27-eae6a0ed9ee9;303;Réception (B.L. : FA00398605);FA00398605;;FOURNISSEUR CENTRALE;;Pas de commande associée;O;05/02/2026 00:00;;05/02/2026 12:24;120.000
4e738b94-4359-4e40-b98f-eca47c4870de;312;Réception (B.L. : FA00411611);FA00411611;;FOURNISSEUR CENTRALE;;Pas de commande associée;O;29/03/2026 00:00;;30/03/2026 12:13;0.000
4e801303-1ddd-4b2a-95f5-c827ac4350b5;303;Réception (B.L. : FA00405850);FA00405850;;FOURNISSEUR CENTRALE;;Pas de commande associée;O;05/03/2026 00:00;;05/03/2026 12:10;47204.000
4ffa809d-cf2a-412d-8491-cc45954410fb;312;Réception (B.L. : FA00409231);FA00409231;;FOURNISSEUR CENTRALE;;Pas de commande associée;O;19/03/2026 00:00;;19/03/2026 12:14;0.000
505f8f59-adfe-4d79-8f35-55392e1b3d7c;303;Réception (B.L. : FA00409224);FA00409224;;FOURNISSEUR CENTRALE;;Pas de commande associée;O;19/03/2026 00:00;;19/03/2026 12:17;912.000
5087c2c2-ae6c-4c61-96d6-8e1de6ba5d80;303;Réception (B.L. : FA00391173);FA00391173;;FOURNISSEUR CENTRALE;;Pas de commande associée;O;02/01/2026 00:00;;02/01/2026 12:08;7.876
5147563c-2ae2-4fe7-806b-cfe3d413d3c5;303;Réception (B.L. : FA00409841);FA00409841;;FOURNISSEUR CENTRALE;;Pas de commande associée;O;22/03/2026 00:00;;23/03/2026 12:11;100.000
518146dd-5374-4dc1-a941-5ac711bc1df4;303;Réception (B.L. : FA00398752);FA00398752;;FOURNISSEUR CENTRALE;;Pas de commande associée;O;05/02/2026 00:00;;05/02/2026 12:26;272.000
524da5fd-dfcb-483e-8ce7-4f4392f8008a;303;Réception (B.L. : FA00409226);FA00409226;;FOURNISSEUR CENTRALE;;Pas de commande associée;O;19/03/2026 00:00;;19/03/2026 12:19;5.000
526b6498-38ad-4b3d-b762-9bcf6d6effb4;303;Réception (B.L. : FA00402386);FA00402386;;FOURNISSEUR CENTRALE;;Pas de commande associée;O;19/02/2026 00:00;;19/02/2026 12:22;20.000
5290cdef-bb63-45ff-8151-0b853f01818d;303;Réception (B.L. : FA00404076);FA00404076;;FOURNISSEUR CENTRALE;;Pas de commande associée;O;25/02/2026 00:00;;25/02/2026 23:29;792.000
52e57854-5a46-415b-9251-0e5e5a57b68e;307;Réception (B.L. : FA00409631);FA00409631;;FOURNISSEUR CENTRALE;;Pas de commande associée;O;20/03/2026 00:00;;20/03/2026 12:14;0.000
5307d866-2fa3-4e1c-b851-6c8783d69209;312;Réception (B.L. : FA00409215);FA00409215;;FOURNISSEUR CENTRALE;;Pas de commande associée;O;19/03/2026 00:00;;19/03/2026 12:11;0.000
53af9fdb-38ec-4673-ab68-4b81a789ebdd;303;Réception (B.L. : FA00393264);FA00393264;;FOURNISSEUR CENTRALE;;Pas de commande associée;O;15/01/2026 00:00;;15/01/2026 12:17;72.000
53c20f28-ad01-4261-ae2c-b6471d74fccd;303;Réception (B.L. : FA00403912);FA00403912;;FOURNISSEUR CENTRALE;;Pas de commande associée;O;25/02/2026 00:00;;25/02/2026 17:14;1794.100
554f30ef-509e-4ccf-9239-901066ef6d46;312;Réception (B.L. : FA00412622);FA00412622;;FOURNISSEUR CENTRALE;;Pas de commande associée;O;02/04/2026 00:00;;02/04/2026 12:14;0.000
55528442-04a1-4c71-8eef-3e7947f88bcc;303;Réception (B.L. : FA00399499);FA00399499;;FOURNISSEUR CENTRALE;;Pas de commande associée;O;09/02/2026 00:00;;09/02/2026 12:15;3427.400
5580d296-958f-41e8-9412-660149fe390b;303;Réception (B.L. : FA00391680);FA00391680;;FOURNISSEUR CENTRALE;;Pas de commande associée;O;08/01/2026 00:00;;08/01/2026 12:17;3472.000
56917713-d281-40f9-818d-3ef22731e5e6;303;Réception (B.L. : FA00391683);FA00391683;;FOURNISSEUR CENTRALE;;Pas de commande associée;O;08/01/2026 00:00;;08/01/2026 12:20;576.000
57062238-a6c1-476d-a99e-697c629dec36;303;Réception (B.L. : FA00393257);FA00393257;;FOURNISSEUR CENTRALE;;Pas de commande associée;O;15/01/2026 00:00;;15/01/2026 12:10;440.000
5752fa34-134f-4d82-8968-cd59f694038a;303;Réception (B.L. : FA00394052);FA00394052;;FOURNISSEUR CENTRALE;;Pas de commande associée;O;19/01/2026 00:00;;19/01/2026 12:13;3857.330
57815acf-57c8-47e0-b160-456ea4825125;312;Réception (B.L. : FA00412852);FA00412852;;FOURNISSEUR CENTRALE;;Pas de commande associée;O;02/04/2026 00:00;;02/04/2026 12:21;0.000
57f1579e-b87d-4105-b8a2-7cf3583e275d;303;Réception (B.L. : FA00409846);FA00409846;;FOURNISSEUR CENTRALE;;Pas de commande associée;O;22/03/2026 00:00;;23/03/2026 12:16;1327.000
5816440b-0219-4a4d-8440-7894516a0d09;307;Réception (B.L. : FA00412417);FA00412417;;FOURNISSEUR CENTRALE;;Pas de commande associée;O;01/04/2026 00:00;;01/04/2026 17:13;0.000
5848acf5-dde7-43d1-bae5-332fd6ee9645;303;Réception (B.L. : FA00412645);FA00412645;;FOURNISSEUR CENTRALE;;Pas de commande associée;O;02/04/2026 00:00;;02/04/2026 12:18;100.000
5916c8a2-08da-4510-841a-b90e0564e78e;303;Réception (B.L. : FA00400596);FA00400596;;FOURNISSEUR CENTRALE;;Pas de commande associée;O;12/02/2026 00:00;;12/02/2026 12:11;60.000
5993fde1-8376-498b-a294-0f2361e24994;303;Réception (B.L. : FA00396680);FA00396680;;FOURNISSEUR CENTRALE;;Pas de commande associée;O;28/01/2026 00:00;;28/01/2026 17:02;30.000
599ca484-19da-440e-b705-af409b1dba7f;303;Réception (B.L. : FA00406645);FA00406645;;FOURNISSEUR CENTRALE;;Pas de commande associée;O;09/03/2026 00:00;;09/03/2026 12:10;36.000
5ab5b531-62ce-4df5-864a-1cf31bad02d0;309;Réception (B.L. : FA00409774);FA00409774;;FOURNISSEUR CENTRALE;;Pas de commande associée;O;21/03/2026 00:00;;21/03/2026 17:00;0.000
5b67e613-94d9-4f3b-a8b3-d1617fbd1718;303;Réception (B.L. : FA00393217);FA00393217;;FOURNISSEUR CENTRALE;;Pas de commande associée;O;15/01/2026 00:00;;14/01/2026 23:28;12.000
5ba30641-f088-46ee-a230-298bc5fa934d;303;Réception (B.L. : FA00406648);FA00406648;;FOURNISSEUR CENTRALE;;Pas de commande associée;O;09/03/2026 00:00;;09/03/2026 12:13;1633.032
5bc4ebfd-4a53-4d77-bf4c-cf5cfd835f1c;303;Réception (B.L. : FA00407804);FA00407804;;FOURNISSEUR CENTRALE;;Pas de commande associée;O;12/03/2026 00:00;;12/03/2026 12:14;3000.000
5c79bb98-e6e8-4e72-a142-8a4913c9a77c;303;Réception (B.L. : FA00403909);FA00403909;;FOURNISSEUR CENTRALE;;Pas de commande associée;O;25/02/2026 00:00;;25/02/2026 17:11;63.890
5c90f050-4ecc-484f-8a16-335575032363;303;Réception (B.L. : FA00398599);FA00398599;;FOURNISSEUR CENTRALE;;Pas de commande associée;O;05/02/2026 00:00;;05/02/2026 12:18;163.000
5cba0a07-a0ec-4862-8602-0f97c2cecbd2;312;Réception (B.L. : FA00407258);FA00407258;;FOURNISSEUR CENTRALE;;Pas de commande associée;O;10/03/2026 00:00;;10/03/2026 17:01;0.000
5d0f7d7e-762c-408b-8ef4-2f7cdb0665aa;307;Réception (B.L. : FA00404353);FA00404353;;FOURNISSEUR CENTRALE;;Pas de commande associée;O;26/02/2026 00:00;;27/02/2026 07:42;0.000
5d5e2793-3a7a-4f65-b6a1-4a8b0ccaedff;303;Réception (B.L. : FA00407808);FA00407808;;FOURNISSEUR CENTRALE;;Pas de commande associée;O;12/03/2026 00:00;;12/03/2026 12:18;36.000
5e099ae8-c212-4444-a52b-4a5ac41d3a54;312;Réception (B.L. : FA00407814);FA00407814;;FOURNISSEUR CENTRALE;;Pas de commande associée;O;12/03/2026 00:00;;12/03/2026 12:16;0.000
5e4f151c-b4de-4ac1-b25c-da31b8f3e5b7;312;Réception (B.L. : FA00408479);FA00408479;;FOURNISSEUR CENTRALE;;Pas de commande associée;O;15/03/2026 00:00;;16/03/2026 12:13;0.000
5f3835e2-0f17-4dfa-a0a0-5a6771159379;303;Réception (B.L. : FA00409075);FA00409075;;FOURNISSEUR CENTRALE;;Pas de commande associée;O;18/03/2026 00:00;;18/03/2026 17:02;705.600
5f42b6ef-f65a-455b-a20c-e6c71d3b6bf6;303;Réception (B.L. : FA00396815);FA00396815;;FOURNISSEUR CENTRALE;;Pas de commande associée;O;28/01/2026 00:00;;29/01/2026 12:10;4909.000
5f42e384-f8ad-401a-9325-13cd141bc6f2;309;Réception (B.L. : FA00412421);FA00412421;;FOURNISSEUR CENTRALE;;Pas de commande associée;O;01/04/2026 00:00;;01/04/2026 17:13;0.000
5fd1c1f2-291a-4221-b6bc-4ce4dd005511;312;Réception (B.L. : FA00409216);FA00409216;;FOURNISSEUR CENTRALE;;Pas de commande associée;O;19/03/2026 00:00;;19/03/2026 12:12;0.000
5fed4940-7597-48d1-9df9-eeccc3feef01;307;Réception (B.L. : FA00405748);FA00405748;;FOURNISSEUR CENTRALE;;Pas de commande associée;O;04/03/2026 00:00;;04/03/2026 17:00;0.000
600631cd-1413-4bde-99ab-ac6e0163af79;307;Réception (B.L. : FA00408117);FA00408117;;FOURNISSEUR CENTRALE;;Pas de commande associée;O;13/03/2026 00:00;;13/03/2026 12:20;0.000
61367371-19f5-42de-92a8-67887462881a;312;Réception (B.L. : FA00407786);FA00407786;;FOURNISSEUR CENTRALE;;Pas de commande associée;O;11/03/2026 00:00;;12/03/2026 12:13;0.000
61bed2c9-c59d-4b24-bbe8-b99a68e1e1e6;309;Réception (B.L. : FA00407636);FA00407636;;FOURNISSEUR CENTRALE;;Pas de commande associée;O;11/03/2026 00:00;;11/03/2026 17:00;0.000
61c91647-7cde-497b-ac44-bba30f3221d4;309;Réception (B.L. : FA00410791);FA00410791;;FOURNISSEUR CENTRALE;;Pas de commande associée;O;25/03/2026 00:00;;25/03/2026 17:13;0.000
620ad9bb-209c-4ced-8f08-efdd02b6099d;312;Réception (B.L. : FA00408477);FA00408477;;FOURNISSEUR CENTRALE;;Pas de commande associée;O;15/03/2026 00:00;;16/03/2026 12:11;0.000
62fede8e-ff4e-4ef8-b210-1813c8651b80;303;Réception (B.L. : FA00403115);FA00403115;;FOURNISSEUR CENTRALE;;Pas de commande associée;O;23/02/2026 00:00;;23/02/2026 12:13;200.000
6328dbab-04d6-412b-9c40-76d9e8f67dc4;312;Réception (B.L. : FA00409241);FA00409241;;FOURNISSEUR CENTRALE;;Pas de commande associée;O;19/03/2026 00:00;;19/03/2026 12:22;0.000
6377b9d6-aca0-4e4a-b8f7-3134def8d954;312;Réception (B.L. : FA00412531);FA00412531;;FOURNISSEUR CENTRALE;;Pas de commande associée;O;02/04/2026 00:00;;02/04/2026 00:42;0.000
64108b6e-06da-48d7-b9f7-69d2b78a410a;303;Réception (B.L. : FA00395018);FA00395018;;FOURNISSEUR CENTRALE;;Pas de commande associée;O;22/01/2026 00:00;;22/01/2026 12:16;11236.000
64291ea2-6cd2-4526-b897-eae427cb297d;303;Réception (B.L. : FA00400457);FA00400457;;FOURNISSEUR CENTRALE;;Pas de commande associée;O;11/02/2026 00:00;;11/02/2026 17:00;2239.414
65551b09-8c02-4199-8dd8-7e8e30d9c520;309;Réception (B.L. : FA00405690);FA00405690;;FOURNISSEUR CENTRALE;;Pas de commande associée;O;04/03/2026 00:00;;04/03/2026 17:00;0.000
657c82b6-046b-4a7a-9b6e-5b5027c199ea;303;Réception (B.L. : FA00391606);FA00391606;;FOURNISSEUR CENTRALE;;Pas de commande associée;O;07/01/2026 00:00;;07/01/2026 17:08;12.000
65893e70-6f38-4c72-bf00-5331668a576a;303;Réception (B.L. : FA00406646);FA00406646;;FOURNISSEUR CENTRALE;;Pas de commande associée;O;09/03/2026 00:00;;09/03/2026 12:11;117.000
65cc7fc3-8fa0-454f-9c06-23cf7657d291;312;Réception (B.L. : FA00405882);FA00405882;;FOURNISSEUR CENTRALE;;Pas de commande associée;O;04/03/2026 00:00;;05/03/2026 12:12;0.000
66399648-5b66-4872-8837-0257b7a20361;307;Réception (B.L. : FA00408095);FA00408095;;FOURNISSEUR CENTRALE;;Pas de commande associée;O;13/03/2026 00:00;;13/03/2026 12:18;0.000
663c42a4-bd73-4de5-8f78-5e598bdd32a2;307;Réception (B.L. : FA00409624);FA00409624;;FOURNISSEUR CENTRALE;;Pas de commande associée;O;20/03/2026 00:00;;20/03/2026 12:11;0.000
66ccdb57-a80c-46d0-b221-4c284848a159;309;Réception (B.L. : FA00407816);FA00407816;;FOURNISSEUR CENTRALE;;Pas de commande associée;O;12/03/2026 00:00;;12/03/2026 12:13;0.000
673735b6-8788-4be4-8c27-24de88fb53a2;303;Réception (B.L. : FA00412646);FA00412646;;FOURNISSEUR CENTRALE;;Pas de commande associée;O;02/04/2026 00:00;;02/04/2026 12:19;10.000
68fe0c28-2b89-45f3-aa0f-56276d489659;303;Réception (B.L. : FA00398601);FA00398601;;FOURNISSEUR CENTRALE;;Pas de commande associée;O;05/02/2026 00:00;;05/02/2026 12:20;5.000
6957e40d-7a00-4f81-b44d-8666a50ade32;303;Réception (B.L. : FA00405912);FA00405912;;FOURNISSEUR CENTRALE;;Pas de commande associée;O;05/03/2026 00:00;;05/03/2026 12:15;628.000
69866a30-6a05-473f-9cbb-6516149e27f1;303;Réception (B.L. : FA00393263);FA00393263;;FOURNISSEUR CENTRALE;;Pas de commande associée;O;15/01/2026 00:00;;15/01/2026 12:16;15.000
69c81315-655b-46a7-9556-267c096ae395;303;Réception (B.L. : FA00393267);FA00393267;;FOURNISSEUR CENTRALE;;Pas de commande associée;O;15/01/2026 00:00;;15/01/2026 12:20;36.000
69d4a047-d8a0-4780-ba92-c4e665741c8c;303;Réception (B.L. : FA00403911);FA00403911;;FOURNISSEUR CENTRALE;;Pas de commande associée;O;25/02/2026 00:00;;25/02/2026 17:13;40.106
6a1f86cc-7758-45ee-8211-0e235e753539;303;Réception (B.L. : FA00410990);FA00410990;;FOURNISSEUR CENTRALE;;Pas de commande associée;O;26/03/2026 00:00;;26/03/2026 12:25;1.000
6ae2989c-765f-4893-b217-4ef41e98ae3d;307;Réception (B.L. : FA00405749);FA00405749;;FOURNISSEUR CENTRALE;;Pas de commande associée;O;04/03/2026 00:00;;04/03/2026 17:01;0.000
6af5e969-1e17-40ea-ab9b-86eb0769ec7e;303;Réception (B.L. : FA00391169);FA00391169;;FOURNISSEUR CENTRALE;;Pas de commande associée;O;02/01/2026 00:00;;02/01/2026 12:05;2760.166
6af9a691-8d40-4c2d-aba6-b2d72605a521;312;Réception (B.L. : FA00407229);FA00407229;;FOURNISSEUR CENTRALE;;Pas de commande associée;O;10/03/2026 00:00;;10/03/2026 12:15;0.000
6bbe119e-2566-4754-9392-62b53b34b6aa;312;Réception (B.L. : FA00410125);FA00410125;;FOURNISSEUR CENTRALE;;Pas de commande associée;O;23/03/2026 00:00;;23/03/2026 17:11;0.000
6c288bb3-ea88-4180-ad69-66514360ed73;303;Réception (B.L. : FA00404822);FA00404822;;FOURNISSEUR CENTRALE;;Pas de commande associée;O;02/03/2026 00:00;;02/03/2026 12:11;25.435
6c57aeb9-f89e-4538-a720-ba3904267c69;309;Réception (B.L. : FA00410840);FA00410840;;FOURNISSEUR CENTRALE;;Pas de commande associée;O;26/03/2026 00:00;;26/03/2026 12:14;0.000
6c77318e-2832-400b-bb4d-d02f45f27287;303;Réception (B.L. : FA00391604);FA00391604;;FOURNISSEUR CENTRALE;;Pas de commande associée;O;07/01/2026 00:00;;07/01/2026 17:06;1470.000
6c992dfd-bfb6-430a-9d44-95c773e8f4dc;309;Réception (B.L. : FA00407639);FA00407639;;FOURNISSEUR CENTRALE;;Pas de commande associée;O;11/03/2026 00:00;;11/03/2026 17:03;0.000
6cc7f627-1256-4f4b-9691-b891f8d0cd05;309;Réception (B.L. : FA00409090);FA00409090;;FOURNISSEUR CENTRALE;;Pas de commande associée;O;18/03/2026 00:00;;18/03/2026 17:00;0.000
6d60785f-008d-4d36-8087-0b6c07d1295c;303;Réception (B.L. : FA00391305);FA00391305;;FOURNISSEUR CENTRALE;;Pas de commande associée;O;05/01/2026 00:00;;05/01/2026 12:15;925.400
6e26cd9a-1dec-482e-8422-8244e0f9293c;303;Réception (B.L. : FA00399494);FA00399494;;FOURNISSEUR CENTRALE;;Pas de commande associée;O;09/02/2026 00:00;;09/02/2026 12:10;20.200
6eb2e042-a58b-4981-aad2-dd990d249b30;303;Réception (B.L. : FA00395308);FA00395308;;FOURNISSEUR CENTRALE;;Pas de commande associée;O;22/01/2026 00:00;;22/01/2026 17:01;2460.000
6ec7627b-2f73-4f0f-99bf-9ca080c25813;312;Réception (B.L. : FA00405174);FA00405174;;FOURNISSEUR CENTRALE;;Pas de commande associée;O;03/03/2026 00:00;;03/03/2026 12:03;0.000
6ee21828-6dee-4da6-8582-057035a16523;303;Réception (B.L. : FA00393085);FA00393085;;FOURNISSEUR CENTRALE;;Pas de commande associée;O;14/01/2026 00:00;;14/01/2026 17:05;1140.000
6f8e5e92-9c4a-42f8-8b2f-9f98f85fb53e;309;Réception (B.L. : FA00405795);FA00405795;;FOURNISSEUR CENTRALE;;Pas de commande associée;O;04/03/2026 00:00;;04/03/2026 17:03;0.000
6fa4a7c4-abc5-40a4-a5de-b0d7cf605780;312;Réception (B.L. : FA00405859);FA00405859;;FOURNISSEUR CENTRALE;;Pas de commande associée;O;05/03/2026 00:00;;05/03/2026 12:10;0.000
6fdf1b45-884e-4fa0-8a91-9b01781c7190;303;Réception (B.L. : FA00405915);FA00405915;;FOURNISSEUR CENTRALE;;Pas de commande associée;O;05/03/2026 00:00;;05/03/2026 12:18;17.000
703b1455-5c4a-4156-a468-183fc5ddfba6;303;Réception (B.L. : FA00398568);FA00398568;;FOURNISSEUR CENTRALE;;Pas de commande associée;O;05/02/2026 00:00;;05/02/2026 12:10;24880.000
703de0bf-b0c4-4931-8962-289c8d87a1a0;303;Réception (B.L. : FA00405691);FA00405691;;FOURNISSEUR CENTRALE;;Pas de commande associée;O;04/03/2026 00:00;;04/03/2026 17:00;1950.000
705be62e-5ded-4bc2-937d-99a9f0eef486;307;Réception (B.L. : FA00409087);FA00409087;;FOURNISSEUR CENTRALE;;Pas de commande associée;O;18/03/2026 00:00;;18/03/2026 17:00;0.000
708d5fac-0667-4bfd-bb27-2e850564c41f;303;Réception (B.L. : FA00402378);FA00402378;;FOURNISSEUR CENTRALE;;Pas de commande associée;O;19/02/2026 00:00;;19/02/2026 12:14;3314.000
70da733b-aeec-4d91-8eb1-a8f9b834a67f;312;Réception (B.L. : FA00404769);FA00404769;;FOURNISSEUR CENTRALE;;Pas de commande associée;O;02/03/2026 00:00;;02/03/2026 12:11;0.000
72049c44-e2f0-4369-a34c-00125447f6da;312;Réception (B.L. : FA00409806);FA00409806;;FOURNISSEUR CENTRALE;;Pas de commande associée;O;23/03/2026 00:00;;23/03/2026 12:12;0.000
72a873e6-f312-49eb-98a0-3a4e23483ab8;303;Réception (B.L. : FA00404078);FA00404078;;FOURNISSEUR CENTRALE;;Pas de commande associée;O;25/02/2026 00:00;;25/02/2026 23:31;54.000
72be2fc5-5fee-4ebe-834d-c430222e8128;312;Réception (B.L. : FA00407227);FA00407227;;FOURNISSEUR CENTRALE;;Pas de commande associée;O;10/03/2026 00:00;;10/03/2026 12:13;0.000
739c7d07-0f7e-4f3d-85b8-5dba3097533a;303;Réception (B.L. : FA00391682);FA00391682;;FOURNISSEUR CENTRALE;;Pas de commande associée;O;08/01/2026 00:00;;08/01/2026 12:19;1240.000
74d95628-56be-4172-a86d-ff9ffa568feb;303;Réception (B.L. : FA00400459);FA00400459;;FOURNISSEUR CENTRALE;;Pas de commande associée;O;11/02/2026 00:00;;11/02/2026 17:02;2029.570
74e50d05-1836-4803-b0a9-c32db004de18;303;Réception (B.L. : FA00406647);FA00406647;;FOURNISSEUR CENTRALE;;Pas de commande associée;O;09/03/2026 00:00;;09/03/2026 12:12;300.000
760539b0-e26e-47ef-aee7-acf7f62a0ea1;303;Réception (B.L. : FA00400638);FA00400638;;FOURNISSEUR CENTRALE;;Pas de commande associée;O;12/02/2026 00:00;;12/02/2026 12:14;3872.000
76778334-e216-41c0-af66-157ad7d1e84e;303;Réception (B.L. : FA00404064);FA00404064;;FOURNISSEUR CENTRALE;;Pas de commande associée;O;26/02/2026 00:00;;25/02/2026 23:26;522.000
770c92c7-223b-4126-a3a7-c0662ec696df;307;Réception (B.L. : FA00408525);FA00408525;;FOURNISSEUR CENTRALE;;Pas de commande associée;O;16/03/2026 00:00;;16/03/2026 12:14;0.000
774db0ba-3ed5-4219-b426-34677f3293f3;312;Réception (B.L. : FA00409805);FA00409805;;FOURNISSEUR CENTRALE;;Pas de commande associée;O;23/03/2026 00:00;;23/03/2026 12:11;0.000
77a3d14f-1e2b-44f0-b9a7-2cba67966eeb;309;Réception (B.L. : FA00409210);FA00409210;;FOURNISSEUR CENTRALE;;Pas de commande associée;O;19/03/2026 00:00;;19/03/2026 12:11;0.000
788b0746-5f67-448a-921a-80bf26e893a5;303;Réception (B.L. : FA00395022);FA00395022;;FOURNISSEUR CENTRALE;;Pas de commande associée;O;22/01/2026 00:00;;22/01/2026 12:20;432.000
79303c9e-47b7-42a9-8337-aa4a2daa2a21;303;Réception (B.L. : FA00391605);FA00391605;;FOURNISSEUR CENTRALE;;Pas de commande associée;O;07/01/2026 00:00;;07/01/2026 17:07;12.000
794cb7dd-b699-41b1-909f-20c527e07de3;309;Réception (B.L. : FA00406093);FA00406093;;FOURNISSEUR CENTRALE;;Pas de commande associée;O;05/03/2026 00:00;;05/03/2026 17:10;0.000
79707eb6-0cd5-4157-a06a-ebbba0b3f462;312;Réception (B.L. : FA00406717);FA00406717;;FOURNISSEUR CENTRALE;;Pas de commande associée;O;09/03/2026 00:00;;09/03/2026 12:10;0.000
797e55ed-813d-483d-84ff-ea8ecf2dc0c6;303;Réception (B.L. : FA00405920);FA00405920;;FOURNISSEUR CENTRALE;;Pas de commande associée;O;05/03/2026 00:00;;05/03/2026 12:23;24.000
79ac9d8b-59c7-4eb4-bdb1-775a579435ad;303;Réception (B.L. : FA00400648);FA00400648;;FOURNISSEUR CENTRALE;;Pas de commande associée;O;12/02/2026 00:00;;12/02/2026 12:24;40.000
79e31cb6-4c87-4bcf-a4be-3b8a3f389f08;303;Réception (B.L. : FA00412644);FA00412644;;FOURNISSEUR CENTRALE;;Pas de commande associée;O;02/04/2026 00:00;;02/04/2026 12:17;95.000
79ec3bd2-1931-45e1-8d88-d1f5b590c81f;303;Réception (B.L. : FA00394920);FA00394920;;FOURNISSEUR CENTRALE;;Pas de commande associée;O;21/01/2026 00:00;;21/01/2026 17:01;324.000
79f9ad62-89c4-42b4-8bca-b49c06c00609;312;Réception (B.L. : FA00407754);FA00407754;;FOURNISSEUR CENTRALE;;Pas de commande associée;O;12/03/2026 00:00;;12/03/2026 12:11;0.000
7a6ddf32-ec64-4fec-ad70-97e160de3a1c;303;Réception (B.L. : FA00409218);FA00409218;;FOURNISSEUR CENTRALE;;Pas de commande associée;O;19/03/2026 00:00;;19/03/2026 12:11;660.000
7aecafd1-73d2-4953-b782-23575f7e31c2;307;Réception (B.L. : FA00404442);FA00404442;;FOURNISSEUR CENTRALE;;Pas de commande associée;O;27/02/2026 00:00;;27/02/2026 12:12;0.000
7b5f18a4-907a-49c6-a771-28e382cc002d;303;Réception (B.L. : FA00412651);FA00412651;;FOURNISSEUR CENTRALE;;Pas de commande associée;O;02/04/2026 00:00;;02/04/2026 12:24;48.000
7b679352-19a0-4355-84cb-4c0aacd94520;303;Réception (B.L. : FA00397376);FA00397376;;FOURNISSEUR CENTRALE;;Pas de commande associée;O;02/02/2026 00:00;;02/02/2026 12:10;2258.030
7b7ceb64-ba10-4961-8526-63e09e4663bf;309;Réception (B.L. : FA00407815);FA00407815;;FOURNISSEUR CENTRALE;;Pas de commande associée;O;12/03/2026 00:00;;12/03/2026 12:12;0.000
7b891d45-f6ab-438c-af26-f7a5fcb146b7;307;Réception (B.L. : FA00406202);FA00406202;;FOURNISSEUR CENTRALE;;Pas de commande associée;O;05/03/2026 00:00;;05/03/2026 17:10;0.000
7c70f057-297b-4c40-81e7-05ab43184edf;303;Réception (B.L. : FA00398600);FA00398600;;FOURNISSEUR CENTRALE;;Pas de commande associée;O;05/02/2026 00:00;;05/02/2026 12:19;1000.000
7c84edeb-d143-461b-bb77-1e24e64076e8;303;Réception (B.L. : FA00399497);FA00399497;;FOURNISSEUR CENTRALE;;Pas de commande associée;O;09/02/2026 00:00;;09/02/2026 12:13;2762.180
7ca4a3e2-4cdd-4686-8834-6f22d24e1ad3;303;Réception (B.L. : FA00391563);FA00391563;;FOURNISSEUR CENTRALE;;Pas de commande associée;O;07/01/2026 00:00;;07/01/2026 17:04;1226.000
7d50de25-43cd-457d-b9a7-b10207a89eee;307;Réception (B.L. : FA00410776);FA00410776;;FOURNISSEUR CENTRALE;;Pas de commande associée;O;25/03/2026 00:00;;25/03/2026 17:11;0.000
7defd27c-c824-4032-b59c-c95389541eff;303;Réception (B.L. : FA00398570);FA00398570;;FOURNISSEUR CENTRALE;;Pas de commande associée;O;05/02/2026 00:00;;05/02/2026 12:12;1314.000
7e3f515b-b06e-4d5f-8a44-d090381d730f;303;Réception (B.L. : FA00407812);FA00407812;;FOURNISSEUR CENTRALE;;Pas de commande associée;O;12/03/2026 00:00;;12/03/2026 12:22;25.000
7ebe2395-374b-44a7-ae91-046bff69d1d8;303;Réception (B.L. : FA00401240);FA00401240;;FOURNISSEUR CENTRALE;;Pas de commande associée;O;16/02/2026 00:00;;16/02/2026 12:15;42.000
7f316f3b-cf35-4612-b662-dccc2f00e60b;312;Réception (B.L. : FA00404768);FA00404768;;FOURNISSEUR CENTRALE;;Pas de commande associée;O;02/03/2026 00:00;;02/03/2026 12:10;0.000
7f38d0ab-00b6-4bf0-8434-54fcecab504b;303;Réception (B.L. : FA00405732);FA00405732;;FOURNISSEUR CENTRALE;;Pas de commande associée;O;04/03/2026 00:00;;04/03/2026 17:05;1585.000
80337271-2953-4f4d-9ad9-a268824708b6;309;Réception (B.L. : FA00406660);FA00406660;;FOURNISSEUR CENTRALE;;Pas de commande associée;O;09/03/2026 00:00;;09/03/2026 12:10;0.000
809e9709-6826-4250-8f33-fb9bfe817452;307;Réception (B.L. : FA00408170);FA00408170;;FOURNISSEUR CENTRALE;;Pas de commande associée;O;13/03/2026 00:00;;13/03/2026 12:21;0.000
8104ddcb-7c5e-4659-b7a4-9fb031719c44;303;Réception (B.L. : FA00403112);FA00403112;;FOURNISSEUR CENTRALE;;Pas de commande associée;O;23/02/2026 00:00;;23/02/2026 12:10;405.000
8147ff16-e0b0-4a6f-983a-ada5d26d1c11;307;Réception (B.L. : FA00406268);FA00406268;;FOURNISSEUR CENTRALE;;Pas de commande associée;O;06/03/2026 00:00;;06/03/2026 12:13;0.000
815eb716-b209-4afc-a42c-af90ec03cdb5;307;Réception (B.L. : FA00412961);FA00412961;;FOURNISSEUR CENTRALE;;Pas de commande associée;O;02/04/2026 00:00;;02/04/2026 17:11;0.000
816c45f1-d5ad-45b4-9255-66d86e92b598;303;Réception (B.L. : FA00400643);FA00400643;;FOURNISSEUR CENTRALE;;Pas de commande associée;O;12/02/2026 00:00;;12/02/2026 12:19;15.000
81851554-9814-4e3e-8ea0-e8326af12b3f;309;Réception (B.L. : FA00410841);FA00410841;;FOURNISSEUR CENTRALE;;Pas de commande associée;O;26/03/2026 00:00;;26/03/2026 12:15;0.000
825f1b00-5fa5-40d0-9e3e-5cec1ca8aa1e;303;Réception (B.L. : FA00402380);FA00402380;;FOURNISSEUR CENTRALE;;Pas de commande associée;O;19/02/2026 00:00;;19/02/2026 12:16;6870.000
82c9f82a-24e3-4ade-bd0e-0cc7d7d23a1c;303;Réception (B.L. : FA00401238);FA00401238;;FOURNISSEUR CENTRALE;;Pas de commande associée;O;16/02/2026 00:00;;16/02/2026 12:13;1436.900
838853eb-28b2-4ffb-9f97-cb4fdb1695f8;303;Réception (B.L. : FA00398596);FA00398596;;FOURNISSEUR CENTRALE;;Pas de commande associée;O;05/02/2026 00:00;;05/02/2026 12:15;2149.000
84072814-da1e-4095-adc5-7273b17aa3e0;309;Réception (B.L. : FA00405887);FA00405887;;FOURNISSEUR CENTRALE;;Pas de commande associée;O;05/03/2026 00:00;;05/03/2026 12:12;0.000
841002b7-4c36-4a71-a3ca-cc9afcac9e24;303;Réception (B.L. : FA00406651);FA00406651;;FOURNISSEUR CENTRALE;;Pas de commande associée;O;09/03/2026 00:00;;09/03/2026 12:16;1504.000
843e82cd-7205-425d-960c-8f7fd3d55550;303;Réception (B.L. : FA00394053);FA00394053;;FOURNISSEUR CENTRALE;;Pas de commande associée;O;19/01/2026 00:00;;19/01/2026 12:14;43.226
8479ec0d-e862-476d-b640-167fdf8d7bc5;309;Réception (B.L. : FA00405890);FA00405890;;FOURNISSEUR CENTRALE;;Pas de commande associée;O;05/03/2026 00:00;;05/03/2026 12:15;0.000
849962e7-e56a-47fe-8f51-4ebac702b8af;303;Réception (B.L. : FA00412539);FA00412539;;FOURNISSEUR CENTRALE;;Pas de commande associée;O;02/04/2026 00:00;;02/04/2026 12:11;26112.000
8499834f-d681-4217-a218-56c166bbb21b;312;Réception (B.L. : FA00407755);FA00407755;;FOURNISSEUR CENTRALE;;Pas de commande associée;O;12/03/2026 00:00;;12/03/2026 12:12;0.000
84a0c167-8a1a-4489-96b5-7ee6d334ac68;303;Réception (B.L. : FA00391152);FA00391152;;FOURNISSEUR CENTRALE;;Pas de commande associée;O;02/01/2026 00:00;;02/01/2026 12:01;36036.000
85db05ff-7fc2-44c0-baf7-8d7699bd1d92;307;Réception (B.L. : FA00411643);FA00411643;;FOURNISSEUR CENTRALE;;Pas de commande associée;O;29/03/2026 00:00;;30/03/2026 12:12;0.000
85f711f5-a098-4074-bf1e-2b782b2277fe;307;Réception (B.L. : FA00408096);FA00408096;;FOURNISSEUR CENTRALE;;Pas de commande associée;O;13/03/2026 00:00;;13/03/2026 12:19;0.000
8610030f-ee51-4555-9752-9fe470d8640c;303;Réception (B.L. : FA00409845);FA00409845;;FOURNISSEUR CENTRALE;;Pas de commande associée;O;22/03/2026 00:00;;23/03/2026 12:15;50.000
868bb320-72a7-4081-93c5-0d85c65828a8;307;Réception (B.L. : FA00411209);FA00411209;;FOURNISSEUR CENTRALE;;Pas de commande associée;O;27/03/2026 00:00;;26/03/2026 23:31;0.000
86ab87eb-5cef-440b-9743-a242b40dd337;309;Réception (B.L. : FA00405856);FA00405856;;FOURNISSEUR CENTRALE;;Pas de commande associée;O;05/03/2026 00:00;;05/03/2026 12:11;0.000
8736370e-56b4-4f04-b6a7-7b754863dec2;312;Réception (B.L. : FA00410843);FA00410843;;FOURNISSEUR CENTRALE;;Pas de commande associée;O;25/03/2026 00:00;;26/03/2026 12:14;0.000
87cb57d2-272f-4312-b0cc-929ca5bf2fca;303;Réception (B.L. : FA00395310);FA00395310;;FOURNISSEUR CENTRALE;;Pas de commande associée;O;22/01/2026 00:00;;22/01/2026 17:03;12.000
8838bef0-6a22-48b5-96dc-c75e9bb4f954;303;Réception (B.L. : FA00391685);FA00391685;;FOURNISSEUR CENTRALE;;Pas de commande associée;O;08/01/2026 00:00;;08/01/2026 12:22;156.000
88f7a15c-4264-473a-bbfc-d7ff0e469291;303;Réception (B.L. : FA00400458);FA00400458;;FOURNISSEUR CENTRALE;;Pas de commande associée;O;11/02/2026 00:00;;11/02/2026 17:01;100.000
8946e9cc-e341-422e-9249-6ead6854d073;303;Réception (B.L. : FA00407810);FA00407810;;FOURNISSEUR CENTRALE;;Pas de commande associée;O;12/03/2026 00:00;;12/03/2026 12:20;91.000
89cd67cf-3666-413e-aeb9-3afaf7d3fd76;303;Réception (B.L. : FA00407809);FA00407809;;FOURNISSEUR CENTRALE;;Pas de commande associée;O;12/03/2026 00:00;;12/03/2026 12:19;1000.000
8a0d5808-8158-40fc-bb04-d35b5bb402bb;303;Réception (B.L. : FA00400463);FA00400463;;FOURNISSEUR CENTRALE;;Pas de commande associée;O;11/02/2026 00:00;;11/02/2026 17:06;360.000
8a959df4-dd04-41bd-a97d-0d5bf195378c;309;Réception (B.L. : FA00409092);FA00409092;;FOURNISSEUR CENTRALE;;Pas de commande associée;O;18/03/2026 00:00;;18/03/2026 17:02;0.000
8ab46a92-6171-4c2b-98c1-9b6759721fe6;312;Réception (B.L. : FA00409240);FA00409240;;FOURNISSEUR CENTRALE;;Pas de commande associée;O;19/03/2026 00:00;;19/03/2026 12:21;0.000
8af3d9c0-1246-4e49-b106-98bb0a4d4abd;303;Réception (B.L. : FA00410851);FA00410851;;FOURNISSEUR CENTRALE;;Pas de commande associée;O;26/03/2026 00:00;;26/03/2026 12:15;20.000
8b2038f5-dff0-4f4c-9093-b4ddcb18cf79;309;Réception (B.L. : FA00409627);FA00409627;;FOURNISSEUR CENTRALE;;Pas de commande associée;O;20/03/2026 00:00;;20/03/2026 12:10;0.000
8b241969-efb7-4df0-a6f4-dbe00f19e071;303;Réception (B.L. : FA00409222);FA00409222;;FOURNISSEUR CENTRALE;;Pas de commande associée;O;19/03/2026 00:00;;19/03/2026 12:15;12.000
8bd9e0ff-734d-411c-b376-f701a095aea3;312;Réception (B.L. : FA00408615);FA00408615;;FOURNISSEUR CENTRALE;;Pas de commande associée;O;17/03/2026 00:00;;17/03/2026 12:02;0.000
8bdf0c57-e65e-458e-b523-6257574bd86f;303;Réception (B.L. : FA00396679);FA00396679;;FOURNISSEUR CENTRALE;;Pas de commande associée;O;28/01/2026 00:00;;28/01/2026 17:01;24.000
8c10eaa7-34da-4a75-bd41-6877fe6ee881;303;Réception (B.L. : FA00398569);FA00398569;;FOURNISSEUR CENTRALE;;Pas de commande associée;O;05/02/2026 00:00;;05/02/2026 12:11;240.000
8c19d2cb-9823-4261-b77d-d863af50001d;307;Réception (B.L. : FA00408094);FA00408094;;FOURNISSEUR CENTRALE;;Pas de commande associée;O;13/03/2026 00:00;;13/03/2026 12:17;0.000
8db11e7c-6777-48ab-8dd9-cf1e63821e58;303;Réception (B.L. : FA00400462);FA00400462;;FOURNISSEUR CENTRALE;;Pas de commande associée;O;11/02/2026 00:00;;11/02/2026 17:05;1038.600
8dec5d00-7a75-4d19-b321-ae3f7867aed8;312;Réception (B.L. : FA00404771);FA00404771;;FOURNISSEUR CENTRALE;;Pas de commande associée;O;02/03/2026 00:00;;02/03/2026 12:13;0.000
8e0fe1e0-a9fd-435f-9e78-1900601824b8;312;Réception (B.L. : FA00412621);FA00412621;;FOURNISSEUR CENTRALE;;Pas de commande associée;O;02/04/2026 00:00;;02/04/2026 12:13;0.000
8e578d9e-64b8-45cc-9c35-fbc0dc5d9d7b;303;Réception (B.L. : FA00405731);FA00405731;;FOURNISSEUR CENTRALE;;Pas de commande associée;O;04/03/2026 00:00;;04/03/2026 17:04;300.000
8f343ed7-f6be-4165-b3fc-fbaa27548ac6;303;Réception (B.L. : FA00402381);FA00402381;;FOURNISSEUR CENTRALE;;Pas de commande associée;O;19/02/2026 00:00;;19/02/2026 12:17;1828.000
8f34cfa7-fd12-42ba-a9f9-e39d43ab1b1a;307;Réception (B.L. : FA00411184);FA00411184;;FOURNISSEUR CENTRALE;;Pas de commande associée;O;26/03/2026 00:00;;26/03/2026 17:11;0.000
8fa1b919-4e88-4e9d-9e6d-c115121f0a76;303;Réception (B.L. : FA00396552);FA00396552;;FOURNISSEUR CENTRALE;;Pas de commande associée;O;28/01/2026 00:00;;28/01/2026 12:13;1383.700
90458210-6420-415a-bc14-2e13669e0c88;312;Réception (B.L. : FA00412681);FA00412681;;FOURNISSEUR CENTRALE;;Pas de commande associée;O;02/04/2026 00:00;;02/04/2026 12:19;0.000
904b4298-04e2-428c-aced-63f4bdd2b313;312;Réception (B.L. : FA00407857);FA00407857;;FOURNISSEUR CENTRALE;;Pas de commande associée;O;12/03/2026 00:00;;12/03/2026 12:18;0.000
9129e3b7-bfb3-4cfa-b842-990183c98561;312;Réception (B.L. : FA00408478);FA00408478;;FOURNISSEUR CENTRALE;;Pas de commande associée;O;15/03/2026 00:00;;16/03/2026 12:12;0.000
9180da5a-e7c0-460c-a644-cb2e31528e85;303;Réception (B.L. : FA00402383);FA00402383;;FOURNISSEUR CENTRALE;;Pas de commande associée;O;19/02/2026 00:00;;19/02/2026 12:19;1012.000
9188ffd9-8360-4cc9-9744-8c6321290fd4;303;Réception (B.L. : FA00409844);FA00409844;;FOURNISSEUR CENTRALE;;Pas de commande associée;O;22/03/2026 00:00;;23/03/2026 12:14;245.000
92927d3c-2904-446b-b6b9-081d58c5dd4f;303;Réception (B.L. : FA00412643);FA00412643;;FOURNISSEUR CENTRALE;;Pas de commande associée;O;02/04/2026 00:00;;02/04/2026 12:16;4557.000
92b11dab-c559-4cd5-8f52-f8c385427be1;303;Réception (B.L. : FA00398595);FA00398595;;FOURNISSEUR CENTRALE;;Pas de commande associée;O;05/02/2026 00:00;;05/02/2026 12:14;7470.000
92d2a232-7c8f-486e-a1f2-688658ed3c51;309;Réception (B.L. : FA00408538);FA00408538;;FOURNISSEUR CENTRALE;;Pas de commande associée;O;16/03/2026 00:00;;16/03/2026 12:13;0.000
95524793-4f52-47e8-a84a-ba30b37a25ff;303;Réception (B.L. : FA00409074);FA00409074;;FOURNISSEUR CENTRALE;;Pas de commande associée;O;18/03/2026 00:00;;18/03/2026 17:01;2252.000
9567a8ce-32a8-4276-8b8d-b2529df34822;303;Réception (B.L. : FA00404824);FA00404824;;FOURNISSEUR CENTRALE;;Pas de commande associée;O;02/03/2026 00:00;;02/03/2026 12:13;1473.400
959d3d09-4ffb-48f2-8101-58b15e1f6892;307;Réception (B.L. : FA00409625);FA00409625;;FOURNISSEUR CENTRALE;;Pas de commande associée;O;20/03/2026 00:00;;20/03/2026 12:12;0.000
98410569-5483-49bb-94f0-0adc71f2dbdf;303;Réception (B.L. : FA00400641);FA00400641;;FOURNISSEUR CENTRALE;;Pas de commande associée;O;12/02/2026 00:00;;12/02/2026 12:17;4165.000
99e53c03-b06d-465a-b5ae-fa2d94948a79;307;Réception (B.L. : FA00408085);FA00408085;;FOURNISSEUR CENTRALE;;Pas de commande associée;O;13/03/2026 00:00;;13/03/2026 12:13;0.000
9ac6d6ed-73cf-481c-ac33-f1497b0a4781;307;Réception (B.L. : FA00409769);FA00409769;;FOURNISSEUR CENTRALE;;Pas de commande associée;O;21/03/2026 00:00;;21/03/2026 17:01;0.000
9b8092a2-5c4e-4eed-9d5f-b6370bac3b9b;303;Réception (B.L. : FA00393020);FA00393020;;FOURNISSEUR CENTRALE;;Pas de commande associée;O;14/01/2026 00:00;;14/01/2026 17:03;7.670
9d23f39a-468e-412a-b0b8-48ce4e595341;312;Réception (B.L. : FA00410275);FA00410275;;FOURNISSEUR CENTRALE;;Pas de commande associée;O;24/03/2026 00:00;;24/03/2026 12:15;0.000
9d3ab429-4262-454a-a37a-4bab606a44b9;303;Réception (B.L. : FA00393261);FA00393261;;FOURNISSEUR CENTRALE;;Pas de commande associée;O;15/01/2026 00:00;;15/01/2026 12:14;5398.000
9d9b6466-1686-4682-a9b5-3776c54ab984;303;Réception (B.L. : FA00393216);FA00393216;;FOURNISSEUR CENTRALE;;Pas de commande associée;O;15/01/2026 00:00;;14/01/2026 23:27;60.000
9df895fc-9991-42be-8029-0c68cc7aa9f1;303;Réception (B.L. : FA00405919);FA00405919;;FOURNISSEUR CENTRALE;;Pas de commande associée;O;05/03/2026 00:00;;05/03/2026 12:22;72.000
9e053fd5-90ec-4bfb-b8de-18662c66cff1;303;Réception (B.L. : FA00404074);FA00404074;;FOURNISSEUR CENTRALE;;Pas de commande associée;O;25/02/2026 00:00;;25/02/2026 23:27;232.000
9e0ef112-94ef-48df-a62a-dbe2678e0e98;303;Réception (B.L. : FA00405917);FA00405917;;FOURNISSEUR CENTRALE;;Pas de commande associée;O;05/03/2026 00:00;;05/03/2026 12:20;1000.000
9f95d35d-fddd-446d-84a0-c3418371d5e4;303;Réception (B.L. : FA00399498);FA00399498;;FOURNISSEUR CENTRALE;;Pas de commande associée;O;09/02/2026 00:00;;09/02/2026 12:14;213.341
9f98608b-5746-4c03-86e3-33fb2a017ca8;303;Réception (B.L. : FA00411631);FA00411631;;FOURNISSEUR CENTRALE;;Pas de commande associée;O;29/03/2026 00:00;;30/03/2026 12:12;435.210
9fc6b046-d64f-4b9e-9641-fe028455296f;309;Réception (B.L. : FA00405889);FA00405889;;FOURNISSEUR CENTRALE;;Pas de commande associée;O;05/03/2026 00:00;;05/03/2026 12:14;0.000
9fd7eb97-c06a-4119-b790-7338667ad799;309;Réception (B.L. : FA00410766);FA00410766;;FOURNISSEUR CENTRALE;;Pas de commande associée;O;25/03/2026 00:00;;25/03/2026 17:12;0.000
9ffd0cb3-665e-491a-a6e3-466716a4a632;303;Réception (B.L. : FA00398432);FA00398432;;FOURNISSEUR CENTRALE;;Pas de commande associée;O;04/02/2026 00:00;;04/02/2026 17:01;3325.628
a1912843-3b1a-4cdf-93c2-3e5a1e47c4ec;312;Réception (B.L. : FA00412620);FA00412620;;FOURNISSEUR CENTRALE;;Pas de commande associée;O;02/04/2026 00:00;;02/04/2026 12:12;0.000
a199014d-5a06-4de6-89cd-b1252f0148dd;309;Réception (B.L. : FA00409862);FA00409862;;FOURNISSEUR CENTRALE;;Pas de commande associée;O;22/03/2026 00:00;;23/03/2026 12:11;0.000
a1be357e-d8b1-4f94-b9fe-2f21eea019cd;307;Réception (B.L. : FA00408026);FA00408026;;FOURNISSEUR CENTRALE;;Pas de commande associée;O;12/03/2026 00:00;;12/03/2026 17:10;0.000
a25353e7-0018-48c3-8c38-cb11ac1b6f71;303;Réception (B.L. : FA00402385);FA00402385;;FOURNISSEUR CENTRALE;;Pas de commande associée;O;19/02/2026 00:00;;19/02/2026 12:21;2712.000
a29a8593-52c5-4392-93ec-01ad07e5ef42;312;Réception (B.L. : FA00408631);FA00408631;;FOURNISSEUR CENTRALE;;Pas de commande associée;O;17/03/2026 00:00;;17/03/2026 12:04;0.000
a2b64481-f059-4e1f-ac7b-9a0229b2073d;307;Réception (B.L. : FA00410778);FA00410778;;FOURNISSEUR CENTRALE;;Pas de commande associée;O;25/03/2026 00:00;;25/03/2026 17:13;0.000
a2d29cb5-b49f-42fa-9427-68a5c3a32255;307;Réception (B.L. : FA00404445);FA00404445;;FOURNISSEUR CENTRALE;;Pas de commande associée;O;27/02/2026 00:00;;27/02/2026 12:15;0.000
a37fbfcd-e361-4a22-b90f-21371254b010;309;Réception (B.L. : FA00411000);FA00411000;;FOURNISSEUR CENTRALE;;Pas de commande associée;O;26/03/2026 00:00;;26/03/2026 12:16;0.000
a3de7680-f874-461c-9046-61b8f3413123;303;Réception (B.L. : FA00411103);FA00411103;;FOURNISSEUR CENTRALE;;Pas de commande associée;O;26/03/2026 00:00;;26/03/2026 12:26;12.000
a43c56d1-fa27-440a-ba6a-d4b13dcea117;303;Réception (B.L. : FA00400461);FA00400461;;FOURNISSEUR CENTRALE;;Pas de commande associée;O;11/02/2026 00:00;;11/02/2026 17:04;43.438
a47e84f6-8901-4e0a-b4db-f06e4451dac4;303;Réception (B.L. : FA00391154);FA00391154;;FOURNISSEUR CENTRALE;;Pas de commande associée;O;02/01/2026 00:00;;02/01/2026 12:03;24.000
a4a890f9-9a17-442d-9d81-c159422101a2;303;Réception (B.L. : FA00394685);FA00394685;;FOURNISSEUR CENTRALE;;Pas de commande associée;O;21/01/2026 00:00;;21/01/2026 12:11;12.000
a4e07a91-a920-477f-92dd-c21ed875b732;303;Réception (B.L. : FA00391155);FA00391155;;FOURNISSEUR CENTRALE;;Pas de commande associée;O;02/01/2026 00:00;;02/01/2026 12:04;2004.000
a5919931-3699-40a0-a8cf-da657ccb0a1a;303;Réception (B.L. : FA00398604);FA00398604;;FOURNISSEUR CENTRALE;;Pas de commande associée;O;05/02/2026 00:00;;05/02/2026 12:23;28.000
a5d07504-58dc-4fe7-afdd-cb4b73b76668;303;Réception (B.L. : FA00408509);FA00408509;;FOURNISSEUR CENTRALE;;Pas de commande associée;O;16/03/2026 00:00;;16/03/2026 12:12;17.600
a60ee130-e8e6-49b9-b722-5ef6d0a864df;303;Réception (B.L. : FA00391304);FA00391304;;FOURNISSEUR CENTRALE;;Pas de commande associée;O;05/01/2026 00:00;;05/01/2026 12:14;26.000
a772f410-a5c5-4bb2-b07b-f44d45117a31;303;Réception (B.L. : FA00391303);FA00391303;;FOURNISSEUR CENTRALE;;Pas de commande associée;O;05/01/2026 00:00;;05/01/2026 12:13;21.530
a84121fa-1c6e-4f1f-93c4-c5c9975d59ea;303;Réception (B.L. : FA00400535);FA00400535;;FOURNISSEUR CENTRALE;;Pas de commande associée;O;11/02/2026 00:00;;11/02/2026 17:08;42.000
a8e0af1e-d4dc-4c3e-8d0a-b9fb328b7070;312;Réception (B.L. : FA00407787);FA00407787;;FOURNISSEUR CENTRALE;;Pas de commande associée;O;11/03/2026 00:00;;12/03/2026 12:14;0.000
a8fce7c3-c97a-47a9-bf77-4f2abed1bc43;312;Réception (B.L. : FA00411221);FA00411221;;FOURNISSEUR CENTRALE;;Pas de commande associée;O;26/03/2026 00:00;;27/03/2026 12:11;0.000
ab121958-3414-45ef-a91d-01cb53d77429;312;Réception (B.L. : FA00411609);FA00411609;;FOURNISSEUR CENTRALE;;Pas de commande associée;O;29/03/2026 00:00;;30/03/2026 12:11;0.000
ab224d95-2c70-4488-bd1f-079d81b2b6e1;307;Réception (B.L. : FA00406220);FA00406220;;FOURNISSEUR CENTRALE;;Pas de commande associée;O;06/03/2026 00:00;;06/03/2026 12:10;0.000
ab4de51a-40e5-4627-900c-412349fcbd93;312;Réception (B.L. : FA00411610);FA00411610;;FOURNISSEUR CENTRALE;;Pas de commande associée;O;29/03/2026 00:00;;30/03/2026 12:12;0.000
abd3d4af-5d55-4604-8e1d-715b1fb90667;312;Réception (B.L. : FA00404770);FA00404770;;FOURNISSEUR CENTRALE;;Pas de commande associée;O;02/03/2026 00:00;;02/03/2026 12:12;0.000
abeaca4c-8a4a-4ce5-8a0a-34ae630e54ca;312;Réception (B.L. : FA00410844);FA00410844;;FOURNISSEUR CENTRALE;;Pas de commande associée;O;25/03/2026 00:00;;26/03/2026 12:15;0.000
ac166467-2a81-445b-b538-c38ae6a1a1a8;307;Réception (B.L. : FA00404835);FA00404835;;FOURNISSEUR CENTRALE;;Pas de commande associée;O;02/03/2026 00:00;;02/03/2026 12:12;0.000
acf9164a-8966-440c-af72-e6a4924bac7b;303;Réception (B.L. : FA00409772);FA00409772;;FOURNISSEUR CENTRALE;;Pas de commande associée;O;21/03/2026 00:00;;21/03/2026 17:00;23496.000
ad543bb8-7828-4372-b0cb-5b02d8df1337;303;Réception (B.L. : FA00400723);FA00400723;;FOURNISSEUR CENTRALE;;Pas de commande associée;O;12/02/2026 00:00;;12/02/2026 12:26;248.000
ad68b361-4104-4313-8c40-740cc46acd96;307;Réception (B.L. : FA00412416);FA00412416;;FOURNISSEUR CENTRALE;;Pas de commande associée;O;01/04/2026 00:00;;01/04/2026 17:12;0.000
ae037f1a-06f9-48c3-ac77-a725bd74043d;303;Réception (B.L. : FA00399500);FA00399500;;FOURNISSEUR CENTRALE;;Pas de commande associée;O;09/02/2026 00:00;;09/02/2026 12:16;2410.000
aed36ef6-db02-40a5-b8c1-1ad6e5f05016;303;Réception (B.L. : FA00391142);FA00391142;;FOURNISSEUR CENTRALE;;Pas de commande associée;O;02/01/2026 00:00;;02/01/2026 12:00;12.000
aef644a6-d47a-4658-9e57-ec189568d599;303;Réception (B.L. : FA00395722);FA00395722;;FOURNISSEUR CENTRALE;;Pas de commande associée;O;26/01/2026 00:00;;26/01/2026 12:12;610.904
af45435f-a15d-4f49-b09b-c7b1a2bfd5ab;303;Réception (B.L. : FA00404077);FA00404077;;FOURNISSEUR CENTRALE;;Pas de commande associée;O;25/02/2026 00:00;;25/02/2026 23:30;480.000
af5bf866-1306-4c58-b104-4464e02836a3;312;Réception (B.L. : FA00409238);FA00409238;;FOURNISSEUR CENTRALE;;Pas de commande associée;O;19/03/2026 00:00;;19/03/2026 12:19;0.000
af89e68a-1dc5-4a7c-b640-8848361eea1d;303;Réception (B.L. : FA00412540);FA00412540;;FOURNISSEUR CENTRALE;;Pas de commande associée;O;02/04/2026 00:00;;02/04/2026 12:12;876.000
afd81d14-5c0c-449e-9ef9-315d09933006;303;Réception (B.L. : FA00400598);FA00400598;;FOURNISSEUR CENTRALE;;Pas de commande associée;O;12/02/2026 00:00;;12/02/2026 12:13;224.000
b02ca184-deb0-414b-b613-783ef01a7dac;303;Réception (B.L. : FA00393213);FA00393213;;FOURNISSEUR CENTRALE;;Pas de commande associée;O;15/01/2026 00:00;;14/01/2026 23:24;39544.000
b06ce7bd-cafb-4a76-b359-43754f093606;303;Réception (B.L. : FA00412469);FA00412469;;FOURNISSEUR CENTRALE;;Pas de commande associée;O;01/04/2026 00:00;;01/04/2026 17:13;240.000
b0f97619-bd5e-4ec0-89e9-a2e11abae042;303;Réception (B.L. : FA00405851);FA00405851;;FOURNISSEUR CENTRALE;;Pas de commande associée;O;05/03/2026 00:00;;05/03/2026 12:11;2460.000
b1148926-6029-4102-ac8e-b40df40e5ef0;303;Réception (B.L. : FA00402269);FA00402269;;FOURNISSEUR CENTRALE;;Pas de commande associée;O;18/02/2026 00:00;;18/02/2026 17:16;50.000
b181394d-f526-44da-8b4e-eef1214e45be;312;Réception (B.L. : FA00412623);FA00412623;;FOURNISSEUR CENTRALE;;Pas de commande associée;O;02/04/2026 00:00;;02/04/2026 12:15;0.000
b18afe72-439a-4e8a-962a-96d272f9d73e;303;Réception (B.L. : FA00399496);FA00399496;;FOURNISSEUR CENTRALE;;Pas de commande associée;O;09/02/2026 00:00;;09/02/2026 12:12;58.280
b1ac6a6e-8baf-4357-9e2c-36c4d1e2429b;303;Réception (B.L. : FA00401241);FA00401241;;FOURNISSEUR CENTRALE;;Pas de commande associée;O;16/02/2026 00:00;;16/02/2026 12:16;27.800
b1b79370-5425-49b1-af96-3e158590a468;303;Réception (B.L. : FA00403116);FA00403116;;FOURNISSEUR CENTRALE;;Pas de commande associée;O;23/02/2026 00:00;;23/02/2026 12:14;2267.300
b262366e-b092-4434-acfa-e1ff8407e9be;303;Réception (B.L. : FA00409773);FA00409773;;FOURNISSEUR CENTRALE;;Pas de commande associée;O;21/03/2026 00:00;;21/03/2026 17:01;504.000
b2750e74-3b60-4f7e-ab77-e8f5a86d9248;312;Réception (B.L. : FA00409232);FA00409232;;FOURNISSEUR CENTRALE;;Pas de commande associée;O;19/03/2026 00:00;;19/03/2026 12:15;0.000
b29ffac0-20d5-4d0e-917e-735f06e74dc4;303;Réception (B.L. : FA00396684);FA00396684;;FOURNISSEUR CENTRALE;;Pas de commande associée;O;28/01/2026 00:00;;28/01/2026 17:03;2034.000
b2e7924e-c5cc-4af2-854a-85d3bf41cd19;303;Réception (B.L. : FA00392213);FA00392213;;FOURNISSEUR CENTRALE;;Pas de commande associée;O;12/01/2026 00:00;;12/01/2026 12:10;103.572
b4cf7423-809f-45ec-9ffa-6c75655bddf4;303;Réception (B.L. : FA00402384);FA00402384;;FOURNISSEUR CENTRALE;;Pas de commande associée;O;19/02/2026 00:00;;19/02/2026 12:20;792.000
b4eefe0d-048c-4b5d-936f-148526bfba6c;303;Réception (B.L. : FA00410870);FA00410870;;FOURNISSEUR CENTRALE;;Pas de commande associée;O;26/03/2026 00:00;;26/03/2026 12:23;17.000
b4fa5691-8d89-49c4-880f-3fdc8c3e151a;312;Réception (B.L. : FA00409297);FA00409297;;FOURNISSEUR CENTRALE;;Pas de commande associée;O;19/03/2026 00:00;;19/03/2026 12:24;0.000
b50d00c4-0758-4c96-86d1-ea554bfe81d9;303;Réception (B.L. : FA00406284);FA00406284;;FOURNISSEUR CENTRALE;;Pas de commande associée;O;06/03/2026 00:00;;06/03/2026 12:10;1279.000
b54c9b13-c72b-4082-8c98-816f961ce479;303;Réception (B.L. : FA00395161);FA00395161;;FOURNISSEUR CENTRALE;;Pas de commande associée;O;22/01/2026 00:00;;22/01/2026 12:21;264.000
b59e433c-7d72-49bc-b8bb-dc7f96fde4da;303;Réception (B.L. : FA00410768);FA00410768;;FOURNISSEUR CENTRALE;;Pas de commande associée;O;25/03/2026 00:00;;25/03/2026 17:12;56.030
b5f42985-9256-4d54-8be6-7f0ce14f73d5;307;Réception (B.L. : FA00404351);FA00404351;;FOURNISSEUR CENTRALE;;Pas de commande associée;O;26/02/2026 00:00;;27/02/2026 07:40;0.000
b6f00bfb-28b2-4bd1-8411-17bbd9dbb53a;303;Réception (B.L. : FA00409225);FA00409225;;FOURNISSEUR CENTRALE;;Pas de commande associée;O;19/03/2026 00:00;;19/03/2026 12:18;749.000
b72b5ebc-47cc-4e82-b71c-1f651975d46c;303;Réception (B.L. : FA00398597);FA00398597;;FOURNISSEUR CENTRALE;;Pas de commande associée;O;05/02/2026 00:00;;05/02/2026 12:16;26347.000
b789c375-c8f0-4e9f-9135-f30a218972a5;307;Réception (B.L. : FA00405751);FA00405751;;FOURNISSEUR CENTRALE;;Pas de commande associée;O;04/03/2026 00:00;;04/03/2026 17:03;0.000
b7f69baa-f4b2-4014-a862-b1586f63f8d6;312;Réception (B.L. : FA00410255);FA00410255;;FOURNISSEUR CENTRALE;;Pas de commande associée;O;24/03/2026 00:00;;24/03/2026 12:11;0.000
b87fe4c3-dff5-4c48-aedb-7699548402fb;312;Réception (B.L. : FA00405907);FA00405907;;FOURNISSEUR CENTRALE;;Pas de commande associée;O;05/03/2026 00:00;;05/03/2026 12:14;0.000
b8edc434-7754-4fbe-bbc1-8afd19eabc09;312;Réception (B.L. : FA00410854);FA00410854;;FOURNISSEUR CENTRALE;;Pas de commande associée;O;26/03/2026 00:00;;26/03/2026 12:17;0.000
b92e6948-5d22-4b9c-9f08-379766415dc9;303;Réception (B.L. : FA00398431);FA00398431;;FOURNISSEUR CENTRALE;;Pas de commande associée;O;04/02/2026 00:00;;04/02/2026 17:00;55.640
b93957d6-8699-4651-b517-4b3fe676827c;303;Réception (B.L. : FA00400642);FA00400642;;FOURNISSEUR CENTRALE;;Pas de commande associée;O;12/02/2026 00:00;;12/02/2026 12:18;33.000
b9ad915c-326d-4ebd-a34c-03b5e5779413;303;Réception (B.L. : FA00412642);FA00412642;;FOURNISSEUR CENTRALE;;Pas de commande associée;O;02/04/2026 00:00;;02/04/2026 12:15;8148.000
ba8af92e-efa5-4090-a4f9-9f1695c38d9c;303;Réception (B.L. : FA00401239);FA00401239;;FOURNISSEUR CENTRALE;;Pas de commande associée;O;16/02/2026 00:00;;16/02/2026 12:14;1892.948
bad703e2-d80a-43c7-970d-7e215cc7e5b5;303;Réception (B.L. : FA00398754);FA00398754;;FOURNISSEUR CENTRALE;;Pas de commande associée;O;05/02/2026 00:00;;05/02/2026 12:27;23.000
bb39a3b7-b85e-4888-b96a-8c7d03ec9275;307;Réception (B.L. : FA00404352);FA00404352;;FOURNISSEUR CENTRALE;;Pas de commande associée;O;26/02/2026 00:00;;27/02/2026 07:41;0.000
bc2da925-2c3e-462a-9954-f2ca534c6496;312;Réception (B.L. : FA00408553);FA00408553;;FOURNISSEUR CENTRALE;;Pas de commande associée;O;16/03/2026 00:00;;16/03/2026 12:14;0.000
bc44fc8a-43e5-4d74-a795-2e173848fa12;312;Réception (B.L. : FA00407753);FA00407753;;FOURNISSEUR CENTRALE;;Pas de commande associée;O;12/03/2026 00:00;;12/03/2026 12:10;0.000
bc797440-a074-438d-b423-645bf0f9d276;303;Réception (B.L. : FA00406650);FA00406650;;FOURNISSEUR CENTRALE;;Pas de commande associée;O;09/03/2026 00:00;;09/03/2026 12:15;44.000
be0cdb84-4a0c-49c8-b13d-e2715c28124c;303;Réception (B.L. : FA00398606);FA00398606;;FOURNISSEUR CENTRALE;;Pas de commande associée;O;05/02/2026 00:00;;05/02/2026 12:25;72.000
be65a4cf-04d5-4a76-8e4d-4b1958c40770;303;Réception (B.L. : FA00406652);FA00406652;;FOURNISSEUR CENTRALE;;Pas de commande associée;O;09/03/2026 00:00;;09/03/2026 12:17;8.000
bebc50a7-5e24-4f2a-91da-318d6fc52a59;312;Réception (B.L. : FA00410258);FA00410258;;FOURNISSEUR CENTRALE;;Pas de commande associée;O;24/03/2026 00:00;;24/03/2026 12:14;0.000
bf58b914-6edb-4b84-9334-87260192d830;309;Réception (B.L. : FA00405855);FA00405855;;FOURNISSEUR CENTRALE;;Pas de commande associée;O;05/03/2026 00:00;;05/03/2026 12:10;0.000
bfc08da0-ea6a-495e-859b-26eaa89ecfb5;309;Réception (B.L. : FA00404839);FA00404839;;FOURNISSEUR CENTRALE;;Pas de commande associée;O;02/03/2026 00:00;;02/03/2026 12:11;0.000
c0313e9e-2a01-4108-8f5a-02d0ee8cb8fd;312;Réception (B.L. : FA00405172);FA00405172;;FOURNISSEUR CENTRALE;;Pas de commande associée;O;03/03/2026 00:00;;03/03/2026 12:01;0.000
c0602cd8-79d5-4fdc-b182-fdaf323ce2eb;303;Réception (B.L. : FA00409847);FA00409847;;FOURNISSEUR CENTRALE;;Pas de commande associée;O;22/03/2026 00:00;;23/03/2026 12:17;213.000
c075b0a6-6662-4cb7-8fda-11e3bb798c39;307;Réception (B.L. : FA00409860);FA00409860;;FOURNISSEUR CENTRALE;;Pas de commande associée;O;22/03/2026 00:00;;23/03/2026 12:12;0.000
c09d3164-2c95-41e0-bb14-e52e9be445f2;309;Réception (B.L. : FA00404838);FA00404838;;FOURNISSEUR CENTRALE;;Pas de commande associée;O;02/03/2026 00:00;;02/03/2026 12:10;0.000
c1adbc1d-4f5d-4b33-b0b2-58d92b2acca3;303;Réception (B.L. : FA00391301);FA00391301;;FOURNISSEUR CENTRALE;;Pas de commande associée;O;05/01/2026 00:00;;05/01/2026 12:11;4295.605
c28d163f-6701-4657-8695-c5909f2ca52b;303;Réception (B.L. : FA00400595);FA00400595;;FOURNISSEUR CENTRALE;;Pas de commande associée;O;12/02/2026 00:00;;12/02/2026 12:10;6812.000
c2bc7e81-3459-4006-b71f-2fcfa9107302;303;Réception (B.L. : FA00394055);FA00394055;;FOURNISSEUR CENTRALE;;Pas de commande associée;O;19/01/2026 00:00;;19/01/2026 12:16;598.800
c33ba8dc-9a5e-42b1-ad51-471131e14d28;303;Réception (B.L. : FA00402270);FA00402270;;FOURNISSEUR CENTRALE;;Pas de commande associée;O;18/02/2026 00:00;;18/02/2026 17:17;75.868
c3a61ba3-ebbd-4b60-9a55-6045ca85f3f8;309;Réception (B.L. : FA00409775);FA00409775;;FOURNISSEUR CENTRALE;;Pas de commande associée;O;21/03/2026 00:00;;21/03/2026 17:01;0.000
c4c0d9e8-6ee0-4e2f-bb0c-aae29f66d780;312;Réception (B.L. : FA00410815);FA00410815;;FOURNISSEUR CENTRALE;;Pas de commande associée;O;26/03/2026 00:00;;26/03/2026 12:12;0.000
c4cdb6a0-2100-4511-8107-8e85fc6c7a8b;303;Réception (B.L. : FA00412398);FA00412398;;FOURNISSEUR CENTRALE;;Pas de commande associée;O;01/04/2026 00:00;;01/04/2026 17:11;505.615
c569bed7-18f3-4b96-aae8-db8c2e4f2fef;303;Réception (B.L. : FA00409849);FA00409849;;FOURNISSEUR CENTRALE;;Pas de commande associée;O;22/03/2026 00:00;;23/03/2026 12:19;300.000
c5c99f08-f5e3-4064-81a9-5d6df9d8d693;309;Réception (B.L. : FA00410837);FA00410837;;FOURNISSEUR CENTRALE;;Pas de commande associée;O;25/03/2026 00:00;;26/03/2026 12:11;0.000
c69ba6a3-e713-4ff6-8d08-c1b7ac2f0af7;303;Réception (B.L. : FA00402266);FA00402266;;FOURNISSEUR CENTRALE;;Pas de commande associée;O;18/02/2026 00:00;;18/02/2026 17:13;40.000
c6c37b71-9423-4c8f-a47e-7d62708a40c8;303;Réception (B.L. : FA00391183);FA00391183;;FOURNISSEUR CENTRALE;;Pas de commande associée;O;02/01/2026 00:00;;02/01/2026 17:00;12.000
c84cebdf-1c34-4cff-ad86-830c70c3b5e5;303;Réception (B.L. : FA00403117);FA00403117;;FOURNISSEUR CENTRALE;;Pas de commande associée;O;23/02/2026 00:00;;23/02/2026 12:15;37.500
c9350a01-145e-4e2e-9825-d3b33b880fd5;312;Réception (B.L. : FA00405906);FA00405906;;FOURNISSEUR CENTRALE;;Pas de commande associée;O;05/03/2026 00:00;;05/03/2026 12:13;0.000
c95f896a-e0ed-4edc-a1e5-717292ccdfdd;309;Réception (B.L. : FA00409864);FA00409864;;FOURNISSEUR CENTRALE;;Pas de commande associée;O;22/03/2026 00:00;;23/03/2026 12:13;0.000
c96451ad-7281-4320-acac-4c326eebbd08;307;Réception (B.L. : FA00408523);FA00408523;;FOURNISSEUR CENTRALE;;Pas de commande associée;O;16/03/2026 00:00;;16/03/2026 12:12;0.000
c9cf704f-2fd3-461a-b4b9-322d62488523;303;Réception (B.L. : FA00404079);FA00404079;;FOURNISSEUR CENTRALE;;Pas de commande associée;O;25/02/2026 00:00;;25/02/2026 23:32;80.000
c9f9c0cf-78e5-4b11-9ffe-00a514af8fb8;303;Réception (B.L. : FA00407659);FA00407659;;FOURNISSEUR CENTRALE;;Pas de commande associée;O;11/03/2026 00:00;;11/03/2026 17:02;65.764
ca0207ad-7aa4-4a69-aca0-e03a9efcad98;303;Réception (B.L. : FA00392215);FA00392215;;FOURNISSEUR CENTRALE;;Pas de commande associée;O;12/01/2026 00:00;;12/01/2026 12:12;1346.600
ca3ca79b-b018-4c56-bee6-57cb57d55d47;303;Réception (B.L. : FA00394051);FA00394051;;FOURNISSEUR CENTRALE;;Pas de commande associée;O;19/01/2026 00:00;;19/01/2026 12:12;792.000
cc3638c9-53e6-41f0-bf5d-d48864bb5276;312;Réception (B.L. : FA00409234);FA00409234;;FOURNISSEUR CENTRALE;;Pas de commande associée;O;19/03/2026 00:00;;19/03/2026 12:17;0.000
cdf71595-5055-40a5-9a71-3f003bd5e4ff;303;Réception (B.L. : FA00407743);FA00407743;;FOURNISSEUR CENTRALE;;Pas de commande associée;O;12/03/2026 00:00;;12/03/2026 12:11;360.000
ce48fa2c-6646-4f2a-a0e2-5d3cb2562e4a;312;Réception (B.L. : FA00409807);FA00409807;;FOURNISSEUR CENTRALE;;Pas de commande associée;O;23/03/2026 00:00;;23/03/2026 12:13;0.000
ceed7c06-6283-4d60-bb21-246de996a82d;303;Réception (B.L. : FA00400639);FA00400639;;FOURNISSEUR CENTRALE;;Pas de commande associée;O;12/02/2026 00:00;;12/02/2026 12:15;4574.000
cf6b4090-d6a0-4338-b141-4dc7afe4ad21;309;Réception (B.L. : FA00409187);FA00409187;;FOURNISSEUR CENTRALE;;Pas de commande associée;O;18/03/2026 00:00;;18/03/2026 17:03;0.000
cfda36d3-8699-4521-bf22-fc23ab5d9bc1;307;Réception (B.L. : FA00409859);FA00409859;;FOURNISSEUR CENTRALE;;Pas de commande associée;O;22/03/2026 00:00;;23/03/2026 12:11;0.000
d0a4324e-05e5-4158-8337-44528425444a;303;Réception (B.L. : FA00408508);FA00408508;;FOURNISSEUR CENTRALE;;Pas de commande associée;O;16/03/2026 00:00;;16/03/2026 12:11;994.000
d1002efd-1109-4c02-acff-1824287f887e;303;Réception (B.L. : FA00412649);FA00412649;;FOURNISSEUR CENTRALE;;Pas de commande associée;O;02/04/2026 00:00;;02/04/2026 12:22;304.000
d275de47-241d-4acf-925f-3fb005facdd7;312;Réception (B.L. : FA00409233);FA00409233;;FOURNISSEUR CENTRALE;;Pas de commande associée;O;19/03/2026 00:00;;19/03/2026 12:16;0.000
d29fe62b-7b5a-449d-906a-7ce7cef1ae66;307;Réception (B.L. : FA00404446);FA00404446;;FOURNISSEUR CENTRALE;;Pas de commande associée;O;27/02/2026 00:00;;27/02/2026 12:16;0.000
d2fa86ee-6018-416c-afb0-fa9529ddb766;309;Réception (B.L. : FA00407681);FA00407681;;FOURNISSEUR CENTRALE;;Pas de commande associée;O;11/03/2026 00:00;;11/03/2026 17:04;0.000
d3580cf2-09ae-4d6e-9d1c-7c03b3e46473;303;Réception (B.L. : FA00410867);FA00410867;;FOURNISSEUR CENTRALE;;Pas de commande associée;O;26/03/2026 00:00;;26/03/2026 12:20;572.000
d395b525-e3eb-4a26-8984-9db73a006f73;303;Réception (B.L. : FA00408510);FA00408510;;FOURNISSEUR CENTRALE;;Pas de commande associée;O;16/03/2026 00:00;;16/03/2026 12:13;290.000
d3b556a8-fe08-47b1-9981-4277273602ec;303;Réception (B.L. : FA00393266);FA00393266;;FOURNISSEUR CENTRALE;;Pas de commande associée;O;15/01/2026 00:00;;15/01/2026 12:19;82.000
d3d743cd-5721-4933-a255-b6afc2ac1a97;303;Réception (B.L. : FA00391649);FA00391649;;FOURNISSEUR CENTRALE;;Pas de commande associée;O;08/01/2026 00:00;;08/01/2026 12:14;12.000
d4069039-ed85-4036-b7b5-403dd893611a;309;Réception (B.L. : FA00410765);FA00410765;;FOURNISSEUR CENTRALE;;Pas de commande associée;O;25/03/2026 00:00;;25/03/2026 17:11;0.000
d46b664d-d5c4-4a65-a45f-1832e2a5f66f;303;Réception (B.L. : FA00403910);FA00403910;;FOURNISSEUR CENTRALE;;Pas de commande associée;O;25/02/2026 00:00;;25/02/2026 17:12;2510.000
d48a3a45-3be1-46a2-bc33-77286bb7bb1b;303;Réception (B.L. : FA00407806);FA00407806;;FOURNISSEUR CENTRALE;;Pas de commande associée;O;12/03/2026 00:00;;12/03/2026 12:16;11805.000
d5e4271f-62d3-4ea8-8d90-64d06d99e572;303;Réception (B.L. : FA00398598);FA00398598;;FOURNISSEUR CENTRALE;;Pas de commande associée;O;05/02/2026 00:00;;05/02/2026 12:17;2297.000
d768b626-17d3-4a6b-9d0b-7b5d9a0b1777;303;Réception (B.L. : FA00396816);FA00396816;;FOURNISSEUR CENTRALE;;Pas de commande associée;O;28/01/2026 00:00;;29/01/2026 12:11;3128.000
d783381b-3dea-40a4-a38c-bf2d3c9fa31d;303;Réception (B.L. : FA00408137);FA00408137;;FOURNISSEUR CENTRALE;;Pas de commande associée;O;13/03/2026 00:00;;13/03/2026 12:10;4081.736
d7b14604-c6de-4901-9019-55fef832b3a3;303;Réception (B.L. : FA00401237);FA00401237;;FOURNISSEUR CENTRALE;;Pas de commande associée;O;16/02/2026 00:00;;16/02/2026 12:12;15.301
d87707fa-1d1e-447a-8510-624888f2666b;303;Réception (B.L. : FA00405854);FA00405854;;FOURNISSEUR CENTRALE;;Pas de commande associée;O;05/03/2026 00:00;;05/03/2026 12:14;120.000
d8c2c5a2-3a93-4cdf-849b-caeaf73ab8b4;303;Réception (B.L. : FA00405916);FA00405916;;FOURNISSEUR CENTRALE;;Pas de commande associée;O;05/03/2026 00:00;;05/03/2026 12:19;3850.000
d94689b8-1212-4ac3-b7c9-4c3d60640d52;303;Réception (B.L. : FA00391646);FA00391646;;FOURNISSEUR CENTRALE;;Pas de commande associée;O;08/01/2026 00:00;;08/01/2026 12:11;29390.000
d9912a5d-e05c-48e5-9ecf-9d4109d5c845;303;Réception (B.L. : FA00410871);FA00410871;;FOURNISSEUR CENTRALE;;Pas de commande associée;O;26/03/2026 00:00;;26/03/2026 12:24;12.000
d9c5ecdc-6789-4310-95c0-2976051b75de;312;Réception (B.L. : FA00409239);FA00409239;;FOURNISSEUR CENTRALE;;Pas de commande associée;O;19/03/2026 00:00;;19/03/2026 12:20;0.000
da01ca8b-e4ee-44d7-8c44-154a687f8c40;312;Réception (B.L. : FA00412532);FA00412532;;FOURNISSEUR CENTRALE;;Pas de commande associée;O;02/04/2026 00:00;;02/04/2026 00:43;0.000
da1db69c-cfc5-42fc-9e0a-c81ed199bc02;303;Réception (B.L. : FA00394921);FA00394921;;FOURNISSEUR CENTRALE;;Pas de commande associée;O;21/01/2026 00:00;;21/01/2026 17:02;1311.600
da391ed7-e1ac-41e1-99ed-81af42e5c616;303;Réception (B.L. : FA00402382);FA00402382;;FOURNISSEUR CENTRALE;;Pas de commande associée;O;19/02/2026 00:00;;19/02/2026 12:18;78.000
da48ee42-2991-4876-8c61-031a0137d266;303;Réception (B.L. : FA00392214);FA00392214;;FOURNISSEUR CENTRALE;;Pas de commande associée;O;12/01/2026 00:00;;12/01/2026 12:11;773.290
da61bbc0-f1e7-4901-93fb-06587ba23c93;307;Réception (B.L. : FA00412415);FA00412415;;FOURNISSEUR CENTRALE;;Pas de commande associée;O;01/04/2026 00:00;;01/04/2026 17:11;0.000
dabcb9d0-78af-4720-a359-76159c42bbb4;307;Réception (B.L. : FA00407635);FA00407635;;FOURNISSEUR CENTRALE;;Pas de commande associée;O;11/03/2026 00:00;;11/03/2026 17:03;0.000
dbb2d646-b70d-49e6-8350-84a4a767e21b;303;Réception (B.L. : FA00395721);FA00395721;;FOURNISSEUR CENTRALE;;Pas de commande associée;O;26/01/2026 00:00;;26/01/2026 12:11;56.000
dbdb28ca-ccd6-4c8f-8b3c-52a5626e6e7e;307;Réception (B.L. : FA00409623);FA00409623;;FOURNISSEUR CENTRALE;;Pas de commande associée;O;20/03/2026 00:00;;20/03/2026 12:10;0.000
dc5d6e13-2e7c-4b53-8cfa-1cca1a4b63e3;303;Réception (B.L. : FA00410800);FA00410800;;FOURNISSEUR CENTRALE;;Pas de commande associée;O;25/03/2026 00:00;;25/03/2026 17:14;7260.000
dc8decbc-ca68-4d50-af6e-fbd40419add3;307;Réception (B.L. : FA00408088);FA00408088;;FOURNISSEUR CENTRALE;;Pas de commande associée;O;13/03/2026 00:00;;13/03/2026 12:16;0.000
dd090c8c-bce2-401d-996b-855c03c5bbbc;303;Réception (B.L. : FA00391792);FA00391792;;FOURNISSEUR CENTRALE;;Pas de commande associée;O;08/01/2026 00:00;;08/01/2026 12:24;449.000
dd09900f-fe89-4c43-83c1-8cd6c4bf3f9b;303;Réception (B.L. : FA00410865);FA00410865;;FOURNISSEUR CENTRALE;;Pas de commande associée;O;26/03/2026 00:00;;26/03/2026 12:18;3888.000
ddca7def-9f9e-4b1b-83a4-c5aab9897821;303;Réception (B.L. : FA00404823);FA00404823;;FOURNISSEUR CENTRALE;;Pas de commande associée;O;02/03/2026 00:00;;02/03/2026 12:12;300.000
de5e2686-9478-48f3-bf5e-a5e9888f2240;303;Réception (B.L. : FA00411635);FA00411635;;FOURNISSEUR CENTRALE;;Pas de commande associée;O;29/03/2026 00:00;;30/03/2026 12:16;969.400
df363b44-0d94-4e99-9eca-2e78b385f3cf;303;Réception (B.L. : FA00400649);FA00400649;;FOURNISSEUR CENTRALE;;Pas de commande associée;O;12/02/2026 00:00;;12/02/2026 12:25;128.000
dfe07f48-d0a0-46a5-9157-f87f6e152ccf;303;Réception (B.L. : FA00409848);FA00409848;;FOURNISSEUR CENTRALE;;Pas de commande associée;O;22/03/2026 00:00;;23/03/2026 12:18;150.000
dff82992-1a13-46cd-ad6d-23529633c62a;303;Réception (B.L. : FA00395016);FA00395016;;FOURNISSEUR CENTRALE;;Pas de commande associée;O;22/01/2026 00:00;;22/01/2026 12:14;6234.000
dfffec99-cc46-425b-a18c-60505d36d069;309;Réception (B.L. : FA00411646);FA00411646;;FOURNISSEUR CENTRALE;;Pas de commande associée;O;29/03/2026 00:00;;30/03/2026 12:13;0.000
e00f1054-807f-4d76-8c21-08bdc9227141;303;Réception (B.L. : FA00407813);FA00407813;;FOURNISSEUR CENTRALE;;Pas de commande associée;O;12/03/2026 00:00;;12/03/2026 12:23;756.000
e07163fe-10d3-4b59-8ba1-c2857badd109;303;Réception (B.L. : FA00393259);FA00393259;;FOURNISSEUR CENTRALE;;Pas de commande associée;O;15/01/2026 00:00;;15/01/2026 12:12;4023.000
e07b7709-388c-4077-ba3b-9952ce24bad9;312;Réception (B.L. : FA00411616);FA00411616;;FOURNISSEUR CENTRALE;;Pas de commande associée;O;29/03/2026 00:00;;30/03/2026 12:14;0.000
e0e2166d-9ba1-4846-813d-b36c6a389b9a;303;Réception (B.L. : FA00402271);FA00402271;;FOURNISSEUR CENTRALE;;Pas de commande associée;O;18/02/2026 00:00;;18/02/2026 17:18;7.425
e0fbcad7-e0e2-4b89-b135-0f09e1a22ff0;303;Réception (B.L. : FA00407657);FA00407657;;FOURNISSEUR CENTRALE;;Pas de commande associée;O;11/03/2026 00:00;;11/03/2026 17:00;5035.252
e214a751-52dd-4411-9996-7a3a8cb7b55f;307;Réception (B.L. : FA00408084);FA00408084;;FOURNISSEUR CENTRALE;;Pas de commande associée;O;13/03/2026 00:00;;13/03/2026 12:12;0.000
e24b25b0-c991-42fb-9f7b-e368dcc3548e;303;Réception (B.L. : FA00391648);FA00391648;;FOURNISSEUR CENTRALE;;Pas de commande associée;O;08/01/2026 00:00;;08/01/2026 12:13;900.000
e3804ac4-447b-4d8f-859b-397abc74ec76;303;Réception (B.L. : FA00410769);FA00410769;;FOURNISSEUR CENTRALE;;Pas de commande associée;O;25/03/2026 00:00;;25/03/2026 17:13;1359.600
e3c4e1d7-092c-498f-9f69-25ade0bf4249;309;Réception (B.L. : FA00409628);FA00409628;;FOURNISSEUR CENTRALE;;Pas de commande associée;O;20/03/2026 00:00;;20/03/2026 12:11;0.000
e4843de2-75dd-47f6-9f16-907012b2c208;309;Réception (B.L. : FA00405888);FA00405888;;FOURNISSEUR CENTRALE;;Pas de commande associée;O;05/03/2026 00:00;;05/03/2026 12:13;0.000
e4921874-e61b-4e46-8596-9e5c27a4a7c5;303;Réception (B.L. : FA00409077);FA00409077;;FOURNISSEUR CENTRALE;;Pas de commande associée;O;18/03/2026 00:00;;18/03/2026 17:04;67.532
e5096b03-47eb-497a-ae80-db8d08756347;303;Réception (B.L. : FA00409221);FA00409221;;FOURNISSEUR CENTRALE;;Pas de commande associée;O;19/03/2026 00:00;;19/03/2026 12:14;240.000
e514b8c2-31a7-4b5a-bc9e-a3036a36db8a;303;Réception (B.L. : FA00412650);FA00412650;;FOURNISSEUR CENTRALE;;Pas de commande associée;O;02/04/2026 00:00;;02/04/2026 12:23;48.000
e53112bb-f8a4-4014-b6c7-658a7d86aa0d;307;Réception (B.L. : FA00410141);FA00410141;;FOURNISSEUR CENTRALE;;Pas de commande associée;O;24/03/2026 00:00;;24/03/2026 12:11;0.000
e54c7b1b-4088-4cb8-a502-5551ebd1ff13;312;Réception (B.L. : FA00405933);FA00405933;;FOURNISSEUR CENTRALE;;Pas de commande associée;O;05/03/2026 00:00;;05/03/2026 12:15;0.000
e56eaab0-5974-42dc-a45b-f20c05ea8023;303;Réception (B.L. : FA00405852);FA00405852;;FOURNISSEUR CENTRALE;;Pas de commande associée;O;05/03/2026 00:00;;05/03/2026 12:12;24.000
e58a0576-cf03-47d8-a30b-ffe5f9977a95;303;Réception (B.L. : FA00391302);FA00391302;;FOURNISSEUR CENTRALE;;Pas de commande associée;O;05/01/2026 00:00;;05/01/2026 12:12;398.000
e6380351-1731-44d3-82df-ce30bd09e67a;312;Réception (B.L. : FA00410257);FA00410257;;FOURNISSEUR CENTRALE;;Pas de commande associée;O;24/03/2026 00:00;;24/03/2026 12:13;0.000
e6457a1c-2df6-41ba-8c64-aa5a3ad6b313;303;Réception (B.L. : FA00405692);FA00405692;;FOURNISSEUR CENTRALE;;Pas de commande associée;O;04/03/2026 00:00;;04/03/2026 17:01;60.000
e888d177-4178-4ac6-bb16-479d08cd9555;303;Réception (B.L. : FA00400640);FA00400640;;FOURNISSEUR CENTRALE;;Pas de commande associée;O;12/02/2026 00:00;;12/02/2026 12:16;7106.000
e8fd17b5-9e69-419c-a1c9-1cec848ef77f;307;Réception (B.L. : FA00407633);FA00407633;;FOURNISSEUR CENTRALE;;Pas de commande associée;O;11/03/2026 00:00;;11/03/2026 17:01;0.000
e92efc14-59c8-480a-8f5f-643d88456f86;303;Réception (B.L. : FA00403908);FA00403908;;FOURNISSEUR CENTRALE;;Pas de commande associée;O;25/02/2026 00:00;;25/02/2026 17:10;20.000
eab443e0-670a-4bf2-a3b0-938b4de89b5e;312;Réception (B.L. : FA00409825);FA00409825;;FOURNISSEUR CENTRALE;;Pas de commande associée;O;23/03/2026 00:00;;23/03/2026 12:14;0.000
eadac4cc-9eb0-4f58-a242-bdb480adcc47;309;Réception (B.L. : FA00412419);FA00412419;;FOURNISSEUR CENTRALE;;Pas de commande associée;O;01/04/2026 00:00;;01/04/2026 17:11;0.000
eaf7ee89-ce89-485e-a060-82adfb0da4d3;309;Réception (B.L. : FA00409863);FA00409863;;FOURNISSEUR CENTRALE;;Pas de commande associée;O;22/03/2026 00:00;;23/03/2026 12:12;0.000
eb21f3fe-99ca-4899-bc89-5cc052038df0;303;Réception (B.L. : FA00391612);FA00391612;;FOURNISSEUR CENTRALE;;Pas de commande associée;O;07/01/2026 00:00;;07/01/2026 17:09;24.000
eb359bd0-5733-46d3-adcc-34ecaae91fe6;303;Réception (B.L. : FA00412647);FA00412647;;FOURNISSEUR CENTRALE;;Pas de commande associée;O;02/04/2026 00:00;;02/04/2026 12:20;3614.000
eb4cc694-af07-4809-9610-d971fd9a7210;309;Réception (B.L. : FA00409630);FA00409630;;FOURNISSEUR CENTRALE;;Pas de commande associée;O;20/03/2026 00:00;;20/03/2026 12:13;0.000
ebd4a048-b399-4ef7-81aa-6f9142bd382d;303;Réception (B.L. : FA00399495);FA00399495;;FOURNISSEUR CENTRALE;;Pas de commande associée;O;09/02/2026 00:00;;09/02/2026 12:11;914.000
ebd9e84b-3a32-4907-adc9-5f1ab6e1361e;303;Réception (B.L. : FA00410849);FA00410849;;FOURNISSEUR CENTRALE;;Pas de commande associée;O;26/03/2026 00:00;;26/03/2026 12:13;490.000
ebf1f2c7-0f1d-4626-aeaf-c42d063d1666;303;Réception (B.L. : FA00412859);FA00412859;;FOURNISSEUR CENTRALE;;Pas de commande associée;O;02/04/2026 00:00;;02/04/2026 12:27;3.000
ec97dfcd-7cb0-448b-9b65-e69e66fb7b90;303;Réception (B.L. : FA00391944);FA00391944;;FOURNISSEUR CENTRALE;;Pas de commande associée;O;09/01/2026 00:00;;09/01/2026 12:01;66.400
ecbad844-84e2-4b20-9f81-298912c20d57;303;Réception (B.L. : FA00393017);FA00393017;;FOURNISSEUR CENTRALE;;Pas de commande associée;O;14/01/2026 00:00;;14/01/2026 17:00;40.000
edb30be1-b632-4483-988e-41a55e9b54b3;303;Réception (B.L. : FA00398602);FA00398602;;FOURNISSEUR CENTRALE;;Pas de commande associée;O;05/02/2026 00:00;;05/02/2026 12:21;78.000
ee7a7b03-7549-4165-a80d-f25a56e17133;303;Réception (B.L. : FA00398434);FA00398434;;FOURNISSEUR CENTRALE;;Pas de commande associée;O;04/02/2026 00:00;;04/02/2026 17:03;89.039
ef2f0286-ce33-4968-8e48-6611ca7f6155;303;Réception (B.L. : FA00410864);FA00410864;;FOURNISSEUR CENTRALE;;Pas de commande associée;O;26/03/2026 00:00;;26/03/2026 12:17;396.000
ef35efc2-fea5-4ac1-97e3-ff82d04b67be;303;Réception (B.L. : FA00408516);FA00408516;;FOURNISSEUR CENTRALE;;Pas de commande associée;O;16/03/2026 00:00;;16/03/2026 12:19;64.268
f0228252-4d25-44ac-aa6f-4078b869e165;312;Réception (B.L. : FA00405860);FA00405860;;FOURNISSEUR CENTRALE;;Pas de commande associée;O;05/03/2026 00:00;;05/03/2026 12:11;0.000
f03693b8-a834-4ea4-b233-2eb25060f9b7;309;Réception (B.L. : FA00411645);FA00411645;;FOURNISSEUR CENTRALE;;Pas de commande associée;O;29/03/2026 00:00;;30/03/2026 12:12;0.000
f0b84dfa-e7a8-4310-a157-d27191718e3a;303;Réception (B.L. : FA00393260);FA00393260;;FOURNISSEUR CENTRALE;;Pas de commande associée;O;15/01/2026 00:00;;15/01/2026 12:13;50.000
f0d91c5c-ceaf-4503-8b90-965dd0c6a770;303;Réception (B.L. : FA00395017);FA00395017;;FOURNISSEUR CENTRALE;;Pas de commande associée;O;22/01/2026 00:00;;22/01/2026 12:15;45773.000
f103c9b3-9abd-4960-9ece-d20a46989948;303;Réception (B.L. : FA00401242);FA00401242;;FOURNISSEUR CENTRALE;;Pas de commande associée;O;16/02/2026 00:00;;16/02/2026 12:17;100.000
f104c4dc-4f40-4987-94a9-b57b10c09fad;303;Réception (B.L. : FA00403913);FA00403913;;FOURNISSEUR CENTRALE;;Pas de commande associée;O;25/02/2026 00:00;;25/02/2026 17:15;240.200
f120bee4-b646-4569-ac5c-51042d6bfed5;312;Réception (B.L. : FA00410845);FA00410845;;FOURNISSEUR CENTRALE;;Pas de commande associée;O;25/03/2026 00:00;;26/03/2026 12:16;0.000
f299e5c1-9041-4467-b3f2-678eff0ffa97;303;Réception (B.L. : FA00400644);FA00400644;;FOURNISSEUR CENTRALE;;Pas de commande associée;O;12/02/2026 00:00;;12/02/2026 12:20;102.000
f384e608-77bf-4782-a71a-51cb49c924fb;303;Réception (B.L. : FA00407811);FA00407811;;FOURNISSEUR CENTRALE;;Pas de commande associée;O;12/03/2026 00:00;;12/03/2026 12:21;960.000
f386a256-c534-4c56-aecb-9882327da327;303;Réception (B.L. : FA00395021);FA00395021;;FOURNISSEUR CENTRALE;;Pas de commande associée;O;22/01/2026 00:00;;22/01/2026 12:19;60.000
f38d07c6-17ea-4777-97df-9d381ccb3d5a;307;Réception (B.L. : FA00406269);FA00406269;;FOURNISSEUR CENTRALE;;Pas de commande associée;O;06/03/2026 00:00;;06/03/2026 12:14;0.000
f3d2eaf6-9341-4e10-9017-615e7fb691a8;303;Réception (B.L. : FA00409073);FA00409073;;FOURNISSEUR CENTRALE;;Pas de commande associée;O;18/03/2026 00:00;;18/03/2026 17:00;3767.241
f404df5b-0df8-4854-9c28-de59be580438;303;Réception (B.L. : FA00394054);FA00394054;;FOURNISSEUR CENTRALE;;Pas de commande associée;O;19/01/2026 00:00;;19/01/2026 12:15;20.200
f485c152-ffd4-45e7-858d-14d22600e4c7;303;Réception (B.L. : FA00407745);FA00407745;;FOURNISSEUR CENTRALE;;Pas de commande associée;O;12/03/2026 00:00;;12/03/2026 12:13;1260.000
f617b0f6-c5a8-43bb-8874-7d62af0bbd9f;309;Réception (B.L. : FA00409255);FA00409255;;FOURNISSEUR CENTRALE;;Pas de commande associée;O;19/03/2026 00:00;;19/03/2026 12:13;0.000
f65b4cc1-8ea7-43a0-a75c-55d9337342af;307;Réception (B.L. : FA00409861);FA00409861;;FOURNISSEUR CENTRALE;;Pas de commande associée;O;22/03/2026 00:00;;23/03/2026 12:13;0.000
f664892e-4d2c-4c66-8ec7-360182794322;307;Réception (B.L. : FA00404407);FA00404407;;FOURNISSEUR CENTRALE;;Pas de commande associée;O;27/02/2026 00:00;;27/02/2026 12:11;0.000
f710bc75-fe69-4b9e-ae0b-f998e850c7e7;303;Réception (B.L. : FA00395019);FA00395019;;FOURNISSEUR CENTRALE;;Pas de commande associée;O;22/01/2026 00:00;;22/01/2026 12:17;1909.000
f7922de9-08cb-4d00-9c66-8720d5aa8cfe;303;Réception (B.L. : FA00402244);FA00402244;;FOURNISSEUR CENTRALE;;Pas de commande associée;O;18/02/2026 00:00;;18/02/2026 17:11;2388.000
f7b2bee7-bd3e-4228-8568-da0a9e08342b;307;Réception (B.L. : FA00409088);FA00409088;;FOURNISSEUR CENTRALE;;Pas de commande associée;O;18/03/2026 00:00;;18/03/2026 17:01;0.000
f7d278f7-3326-4592-9607-1c4725d82c1a;303;Réception (B.L. : FA00411634);FA00411634;;FOURNISSEUR CENTRALE;;Pas de commande associée;O;29/03/2026 00:00;;30/03/2026 12:15;82.000
f8665ff4-2027-4f09-a233-5fa9b317d036;303;Réception (B.L. : FA00410123);FA00410123;;FOURNISSEUR CENTRALE;;Pas de commande associée;O;23/03/2026 00:00;;23/03/2026 17:11;40.000
f8c94b3f-5b22-430a-a0d5-eacb1cfc505b;312;Réception (B.L. : FA00412611);FA00412611;;FOURNISSEUR CENTRALE;;Pas de commande associée;O;02/04/2026 00:00;;02/04/2026 12:11;0.000
f8d50cca-d01a-4f30-878c-de25bf39c59b;303;Réception (B.L. : FA00406649);FA00406649;;FOURNISSEUR CENTRALE;;Pas de commande associée;O;09/03/2026 00:00;;09/03/2026 12:14;26.938
f90bac59-d1b2-465e-bf01-494ad821e8e8;303;Réception (B.L. : FA00395309);FA00395309;;FOURNISSEUR CENTRALE;;Pas de commande associée;O;22/01/2026 00:00;;22/01/2026 17:02;60.000
f92944ba-6a5e-4f0a-82c0-d53e3778ad27;303;Réception (B.L. : FA00396550);FA00396550;;FOURNISSEUR CENTRALE;;Pas de commande associée;O;28/01/2026 00:00;;28/01/2026 12:11;2097.440
f9bb43ce-1d60-47c8-b6fd-1b96c10f86f9;303;Réception (B.L. : FA00395020);FA00395020;;FOURNISSEUR CENTRALE;;Pas de commande associée;O;22/01/2026 00:00;;22/01/2026 12:18;5.000
fa2a5185-76cb-4b41-8245-dc62c843de62;303;Réception (B.L. : FA00412648);FA00412648;;FOURNISSEUR CENTRALE;;Pas de commande associée;O;02/04/2026 00:00;;02/04/2026 12:21;480.000
fa2a6804-138e-4b8b-9698-d1ed336e04e9;303;Réception (B.L. : FA00407905);FA00407905;;FOURNISSEUR CENTRALE;;Pas de commande associée;O;12/03/2026 00:00;;12/03/2026 12:24;74.000
fae84846-f481-48b2-a7a1-9842f89faf68;303;Réception (B.L. : FA00409217);FA00409217;;FOURNISSEUR CENTRALE;;Pas de commande associée;O;19/03/2026 00:00;;19/03/2026 12:10;18436.000
fb26bd80-0116-4a15-9c23-e95e017bf4f5;303;Réception (B.L. : FA00397378);FA00397378;;FOURNISSEUR CENTRALE;;Pas de commande associée;O;02/02/2026 00:00;;02/02/2026 12:12;1461.342
fbdb4472-f442-467d-a649-d1bc0901f8dd;312;Réception (B.L. : FA00405173);FA00405173;;FOURNISSEUR CENTRALE;;Pas de commande associée;O;03/03/2026 00:00;;03/03/2026 12:02;0.000
fbfb3072-7b45-40d6-b281-3ae2d9304650;307;Réception (B.L. : FA00406270);FA00406270;;FOURNISSEUR CENTRALE;;Pas de commande associée;O;06/03/2026 00:00;;06/03/2026 12:15;0.000
fc07a51a-bdca-4cf3-96fd-60b4393dea68;303;Réception (B.L. : FA00409076);FA00409076;;FOURNISSEUR CENTRALE;;Pas de commande associée;O;18/03/2026 00:00;;18/03/2026 17:03;235.000
fc766bec-2788-4e27-b340-fa436e98e9da;303;Réception (B.L. : FA00393265);FA00393265;;FOURNISSEUR CENTRALE;;Pas de commande associée;O;15/01/2026 00:00;;15/01/2026 12:18;24.000
fd427c70-072c-4e13-ae46-a38132f32990;303;Réception (B.L. : FA00409220);FA00409220;;FOURNISSEUR CENTRALE;;Pas de commande associée;O;19/03/2026 00:00;;19/03/2026 12:13;480.000
fe1c8da7-dbe5-4ffa-b378-e4dc51667f18;303;Réception (B.L. : FA00405913);FA00405913;;FOURNISSEUR CENTRALE;;Pas de commande associée;O;05/03/2026 00:00;;05/03/2026 12:16;10654.000
fe6a61b9-eb7b-4f45-8a54-13326462c51a;303;Réception (B.L. : FA00393021);FA00393021;;FOURNISSEUR CENTRALE;;Pas de commande associée;O;14/01/2026 00:00;;14/01/2026 17:04;1249.200
feb01f45-3b24-4bf4-b686-7d150fdfd953;303;Réception (B.L. : FA00396775);FA00396775;;FOURNISSEUR CENTRALE;;Pas de commande associée;O;28/01/2026 00:00;;28/01/2026 17:04;37.000
feedbb3d-24e0-4625-9b14-04918569584e;303;Réception (B.L. : FA00409843);FA00409843;;FOURNISSEUR CENTRALE;;Pas de commande associée;O;22/03/2026 00:00;;23/03/2026 12:13;46.772
ff3db7f1-70b4-4ad2-9d58-7ee7ece915ff;303;Réception (B.L. : FA00396797);FA00396797;;FOURNISSEUR CENTRALE;;Pas de commande associée;O;29/01/2026 00:00;;28/01/2026 23:30;200.000
ffb193fd-9aa8-4d95-82ad-69fa207a3699;303;Réception (B.L. : FA00394986);FA00394986;;FOURNISSEUR CENTRALE;;Pas de commande associée;O;22/01/2026 00:00;;22/01/2026 12:13;642.000
