Id;Magasin;Nom affiché;N° bon livraison;Type réception;Fournisseur;Commande fournisseur;Statut commande;Validée;Date réception;Date création;Date validation;Quantité totale;Valorisation HT;Valorisation TTC
003f8ccd-264b-4d73-b7f4-1fe94d761679;356;Réception (B.L. : 1100211360);1100211360;;FOURNISSEUR CENTRALE;;Pas de commande associée;O;10/03/2026 00:00;;10/03/2026 17:01;0.000
00480f42-fb31-4e6b-b9bc-d0e7b62f9807;410;Réception (B.L. : 1700235384);1700235384;;FOURNISSEUR CENTRALE;;Pas de commande associée;O;30/03/2026 00:00;;30/03/2026 12:26;0.000
0062ad2c-fedb-44b8-9c8b-155ccc1d54f6;413;Réception (B.L. : 1700231505);1700231505;;FOURNISSEUR CENTRALE;;Pas de commande associée;O;10/03/2026 00:00;;10/03/2026 12:27;0.000
00699a75-e915-47fd-85eb-7988b0a7aad2;410;Réception (B.L. : 1700230733);1700230733;;FOURNISSEUR CENTRALE;;Pas de commande associée;O;06/03/2026 00:00;;06/03/2026 12:21;0.000
00a51490-e62d-4da1-b22e-effae9c46cfa;411;Réception (B.L. : 1700232157);1700232157;;FOURNISSEUR CENTRALE;;Pas de commande associée;O;13/03/2026 00:00;;13/03/2026 12:16;0.000
00de2e4b-19e8-45d9-8413-f2ea14acf1f0;410;Réception (B.L. : 1100214884);1100214884;;FOURNISSEUR CENTRALE;;Pas de commande associée;O;01/04/2026 00:00;;01/04/2026 12:19;0.000
01176015-a222-4a06-a613-f3c4eb1f31ac;356;Réception (B.L. : 1700230196);1700230196;;FOURNISSEUR CENTRALE;;Pas de commande associée;O;04/03/2026 00:00;;04/03/2026 12:24;0.000
01333ebc-c631-403f-8987-ad362b878cfb;353;Réception (B.L. : 1700233715);1700233715;;FOURNISSEUR CENTRALE;;Pas de commande associée;O;20/03/2026 00:00;;20/03/2026 12:15;626.000
0140dc58-a504-4ef5-9a38-07e48f7a2871;413;Réception (B.L. : 1700237005);1700237005;;FOURNISSEUR CENTRALE;;Pas de commande associée;O;07/04/2026 00:00;;07/04/2026 12:14;96.000
0147ea97-1107-4a4d-aa23-bf38e6895f9f;353;Réception (B.L. : 1700232979);1700232979;;FOURNISSEUR CENTRALE;;Pas de commande associée;O;17/03/2026 00:00;;18/03/2026 12:15;36.000
0151dbee-e480-4c13-89e5-c8e35f9bedb7;413;Réception (B.L. : 1100212330);1100212330;;FOURNISSEUR CENTRALE;;Pas de commande associée;O;17/03/2026 00:00;;17/03/2026 12:15;0.000
0156e572-0fc5-45cc-a1cc-fcfee0a6222d;411;Réception (B.L. : 1700229949);1700229949;;FOURNISSEUR CENTRALE;;Pas de commande associée;O;03/03/2026 00:00;;03/03/2026 12:20;0.000
016f6677-375a-46ee-9d76-6579498314e1;411;Réception (B.L. : 1100216501);1100216501;;FOURNISSEUR CENTRALE;;Pas de commande associée;O;10/04/2026 00:00;;10/04/2026 12:11;0.000
018859dc-1341-4f17-a14f-275c060d78b4;356;Réception (B.L. : 1700232139);1700232139;;FOURNISSEUR CENTRALE;;Pas de commande associée;O;13/03/2026 00:00;;13/03/2026 12:18;0.000
01a5bc2d-0d43-4c9e-9712-7ddd64d1f9dc;410;Réception (B.L. : 1100213134);1100213134;;FOURNISSEUR CENTRALE;;Pas de commande associée;O;21/03/2026 00:00;;21/03/2026 12:11;0.000
01bb13c9-470a-4696-9dc5-564522776432;410;Réception (B.L. : 1100214544);1100214544;;FOURNISSEUR CENTRALE;;Pas de commande associée;O;30/03/2026 00:00;;30/03/2026 12:15;0.000
01d60d39-dc0e-4f2b-a906-e3728d0f738c;410;Réception (B.L. : 1100210990);1100210990;;FOURNISSEUR CENTRALE;;Pas de commande associée;O;08/03/2026 00:00;;08/03/2026 23:24;0.000
01dcc85c-281d-4167-98b3-32bf7eef0d1f;356;Réception (B.L. : 1100215363);1100215363;;FOURNISSEUR CENTRALE;;Pas de commande associée;O;03/04/2026 00:00;;03/04/2026 12:13;0.000
021d596e-78a6-4f32-930b-9defa265e9d9;356;Réception (B.L. : 1200107578);1200107578;;FOURNISSEUR CENTRALE;;Pas de commande associée;O;30/03/2026 00:00;;30/03/2026 17:11;0.000
027fb9e7-477a-46e7-8d4f-603ac5165465;411;Réception (B.L. : 1700232789);1700232789;;FOURNISSEUR CENTRALE;;Pas de commande associée;O;16/03/2026 00:00;;17/03/2026 12:25;0.000
02889dde-ebc0-4523-b31d-b66ffcb000b6;353;Réception (B.L. : 1700232561);1700232561;;FOURNISSEUR CENTRALE;;Pas de commande associée;O;16/03/2026 00:00;;16/03/2026 12:17;66.000
028bbfd5-a066-4e33-855f-b37446a28b21;356;Réception (B.L. : 1100210304);1100210304;;FOURNISSEUR CENTRALE;;Pas de commande associée;O;03/03/2026 00:00;;03/03/2026 17:01;0.000
02919f1e-cbc1-40ef-949a-b306085af8b8;353;Réception (B.L. : 1800334408);1800334408;;FOURNISSEUR CENTRALE;;Pas de commande associée;O;27/03/2026 00:00;;27/03/2026 12:25;122.000
02c5301c-f3c2-43c3-b6a3-d79835040b71;356;Réception (B.L. : 1800332703);1800332703;;FOURNISSEUR CENTRALE;;Pas de commande associée;O;20/03/2026 00:00;;20/03/2026 12:21;0.000
02e769de-cd52-4a16-9d3a-2fb68813d527;411;Réception (B.L. : 1700232162);1700232162;;FOURNISSEUR CENTRALE;;Pas de commande associée;O;13/03/2026 00:00;;13/03/2026 12:21;0.000
02f10b10-ea7a-4d0b-9239-55ee677b9873;411;Réception (B.L. : 1800336733);1800336733;;FOURNISSEUR CENTRALE;;Pas de commande associée;O;06/04/2026 00:00;;06/04/2026 12:16;0.000
03129eb1-08f5-4ec5-be72-e8066e68803a;356;Réception (B.L. : 1700231713);1700231713;;FOURNISSEUR CENTRALE;;Pas de commande associée;O;11/03/2026 00:00;;11/03/2026 12:20;0.000
033d0f73-0824-4e0c-a203-a96665df4cb2;411;Réception (B.L. : 1700231488);1700231488;;FOURNISSEUR CENTRALE;;Pas de commande associée;O;10/03/2026 00:00;;10/03/2026 12:21;0.000
0348ed6d-3740-4ef1-9df0-3829af81f54d;413;Réception (B.L. : 1100215969);1100215969;;FOURNISSEUR CENTRALE;;Pas de commande associée;O;07/04/2026 00:00;;06/04/2026 23:20;500.000
034cae56-635b-4701-8edb-adb27c41eaf2;413;Réception (B.L. : 1100210697);1100210697;;FOURNISSEUR CENTRALE;;Pas de commande associée;O;06/03/2026 00:00;;06/03/2026 12:14;66.000
03640165-5cf4-4240-8509-d83782f27711;353;Réception (B.L. : 1700237251);1700237251;;FOURNISSEUR CENTRALE;;Pas de commande associée;O;07/04/2026 00:00;;08/04/2026 12:17;768.000
0375b65c-a15f-458f-935c-98cdb86017da;411;Réception (B.L. : 1100212265);1100212265;;FOURNISSEUR CENTRALE;;Pas de commande associée;O;17/03/2026 00:00;;17/03/2026 12:14;0.000
03a8855f-64c2-4f2d-8096-c2298488448e;410;Réception (B.L. : 1100212909);1100212909;;FOURNISSEUR CENTRALE;;Pas de commande associée;O;20/03/2026 00:00;;20/03/2026 12:15;0.000
03af022a-9dd7-4f34-b82d-3af9ea787a7a;353;Réception (B.L. : 1100214941);1100214941;;FOURNISSEUR CENTRALE;;Pas de commande associée;O;01/04/2026 00:00;;01/04/2026 12:19;7.000
03af2eeb-e232-4e40-96c4-2bc2b7848cc4;411;Réception (B.L. : 1100212915);1100212915;;FOURNISSEUR CENTRALE;;Pas de commande associée;O;20/03/2026 00:00;;20/03/2026 12:16;0.000
03bdb3bc-c1f6-4fb9-9dd3-3e8afc94c9e2;413;Réception (B.L. : 1100210146);1100210146;;FOURNISSEUR CENTRALE;;Pas de commande associée;O;03/03/2026 00:00;;03/03/2026 12:15;60.000
03d71b60-21c9-4f46-85f9-a736b1912dcd;353;Réception (B.L. : 1100211822);1100211822;;FOURNISSEUR CENTRALE;;Pas de commande associée;O;13/03/2026 00:00;;13/03/2026 12:14;4.000
03eceb3e-0582-4f5b-ad84-aee8340f7867;411;Réception (B.L. : 1700234268);1700234268;;FOURNISSEUR CENTRALE;;Pas de commande associée;O;24/03/2026 00:00;;24/03/2026 12:23;0.000
03ef714b-a455-4b86-b9dc-f6a7d7a6e171;356;Réception (B.L. : 1700233507);1700233507;;FOURNISSEUR CENTRALE;;Pas de commande associée;O;19/03/2026 00:00;;19/03/2026 17:16;0.000
040be5c6-24d0-4133-8256-c52b2c526054;364;Réception (B.L. : 1100212255);1100212255;;FOURNISSEUR CENTRALE;;Pas de commande associée;O;17/03/2026 00:00;;17/03/2026 12:12;1138.000
0431df4f-574b-4e96-9172-1bf6fcfbc68b;410;Réception (B.L. : 1700230150);1700230150;;FOURNISSEUR CENTRALE;;Pas de commande associée;O;04/03/2026 00:00;;04/03/2026 12:29;0.000
04377121-0dd6-43d7-9223-6a93c0950427;356;Réception (B.L. : 1100214335);1100214335;;FOURNISSEUR CENTRALE;;Pas de commande associée;O;27/03/2026 00:00;;27/03/2026 12:15;0.000
049c0383-c8f0-49e1-b2f5-134626632607;411;Réception (B.L. : 1700237311);1700237311;;FOURNISSEUR CENTRALE;;Pas de commande associée;O;08/04/2026 00:00;;08/04/2026 12:24;0.000
04af861a-c0f2-4ef4-bea7-91c882b2d102;353;Réception (B.L. : 1800329503);1800329503;;FOURNISSEUR CENTRALE;;Pas de commande associée;O;09/03/2026 00:00;;09/03/2026 12:22;800.000
04d168fb-ed3f-404b-a510-5778c0f71a6b;353;Réception (B.L. : 1700231087);1700231087;;FOURNISSEUR CENTRALE;;Pas de commande associée;O;09/03/2026 00:00;;09/03/2026 12:13;360.000
04d22c97-8e8c-4445-add9-fad732fa9a71;356;Réception (B.L. : 1700237806);1700237806;;FOURNISSEUR CENTRALE;;Pas de commande associée;O;09/04/2026 00:00;;10/04/2026 12:21;0.000
04edb0d8-b2b4-4f0d-9b97-e721a67a81c6;413;Réception (B.L. : 1100210143);1100210143;;FOURNISSEUR CENTRALE;;Pas de commande associée;O;03/03/2026 00:00;;03/03/2026 12:12;556.000
04efe155-b0e4-4e4c-9254-86d489deb207;413;Réception (B.L. : 1700231499);1700231499;;FOURNISSEUR CENTRALE;;Pas de commande associée;O;10/03/2026 00:00;;10/03/2026 12:21;1236.000
0503e9f3-be7b-4e17-ac10-1d7fc83d4e83;353;Réception (B.L. : 1200105906);1200105906;;FOURNISSEUR CENTRALE;;Pas de commande associée;O;06/03/2026 00:00;;06/03/2026 12:11;1.000
0518c1c9-843b-4f22-855b-0da93ba8aef3;411;Réception (B.L. : 1100212861);1100212861;;FOURNISSEUR CENTRALE;;Pas de commande associée;O;19/03/2026 00:00;;19/03/2026 17:10;0.000
05396389-c0ac-4f4a-a482-f03c98d6d39d;410;Réception (B.L. : 1800337735);1800337735;;FOURNISSEUR CENTRALE;;Pas de commande associée;O;09/04/2026 00:00;;09/04/2026 12:11;0.000
05755909-b26c-477c-83a4-9c29738c4b03;356;Réception (B.L. : 1800336214);1800336214;;FOURNISSEUR CENTRALE;;Pas de commande associée;O;03/04/2026 00:00;;03/04/2026 12:23;0.000
0593f416-efb9-4e96-b72c-b943c8ca5606;410;Réception (B.L. : 1100214542);1100214542;;FOURNISSEUR CENTRALE;;Pas de commande associée;O;30/03/2026 00:00;;30/03/2026 12:13;0.000
059e0ba6-957c-423c-86de-27df7c92772d;353;Réception (B.L. : 1700235842);1700235842;;FOURNISSEUR CENTRALE;;Pas de commande associée;O;01/04/2026 00:00;;01/04/2026 12:24;70.000
05ae0ce2-1b23-42b7-933c-766351043a46;411;Réception (B.L. : 1800330817);1800330817;;FOURNISSEUR CENTRALE;;Pas de commande associée;O;13/03/2026 00:00;;13/03/2026 12:31;0.000
05b2ae1e-1c0a-464f-aac7-474ee82e75a9;356;Réception (B.L. : 1700232728);1700232728;;FOURNISSEUR CENTRALE;;Pas de commande associée;O;16/03/2026 00:00;;16/03/2026 12:18;0.000
05c91e0c-d4ed-40ee-a577-51e960695c11;411;Réception (B.L. : 1700234266);1700234266;;FOURNISSEUR CENTRALE;;Pas de commande associée;O;24/03/2026 00:00;;24/03/2026 12:21;0.000
05cb85eb-ec24-477c-bf2d-670611f04a46;356;Réception (B.L. : 1800336708);1800336708;;FOURNISSEUR CENTRALE;;Pas de commande associée;O;06/04/2026 00:00;;06/04/2026 12:25;0.000
05ef4b38-fa48-4b25-a93f-1c13a25345c3;411;Réception (B.L. : 1100212695);1100212695;;FOURNISSEUR CENTRALE;;Pas de commande associée;O;19/03/2026 00:00;;19/03/2026 12:11;0.000
0607dd82-4fdd-40f8-9cd3-a646161a97c0;410;Réception (B.L. : 1800336193);1800336193;;FOURNISSEUR CENTRALE;;Pas de commande associée;O;03/04/2026 00:00;;03/04/2026 12:36;0.000
0621c161-2178-452a-afb4-bb22a86482ef;356;Réception (B.L. : 1100209994);1100209994;;FOURNISSEUR CENTRALE;;Pas de commande associée;O;02/03/2026 00:00;;02/03/2026 12:14;0.000
063c9557-b266-4ace-93b1-7d192274d316;413;Réception (B.L. : 1700235752);1700235752;;FOURNISSEUR CENTRALE;;Pas de commande associée;O;31/03/2026 00:00;;31/03/2026 12:27;0.000
063e6691-0258-4eea-bc65-1ccb4c142df0;411;Réception (B.L. : 1100216503);1100216503;;FOURNISSEUR CENTRALE;;Pas de commande associée;O;10/04/2026 00:00;;10/04/2026 12:13;0.000
0719c082-8462-45bd-8ea1-77641ff69232;411;Réception (B.L. : 1700236396);1700236396;;FOURNISSEUR CENTRALE;;Pas de commande associée;O;03/04/2026 00:00;;03/04/2026 12:26;0.000
071f1991-c3dc-45d5-9de4-79ffa947e3f3;411;Réception (B.L. : 1100215382);1100215382;;FOURNISSEUR CENTRALE;;Pas de commande associée;O;03/04/2026 00:00;;03/04/2026 12:17;0.000
07214fc3-fe11-4fe1-98c5-125aec489ba4;353;Réception (B.L. : 1800331470);1800331470;;FOURNISSEUR CENTRALE;;Pas de commande associée;O;16/03/2026 00:00;;16/03/2026 12:28;15.000
073e759c-efea-42d4-bdea-ca3ce1b540df;413;Réception (B.L. : 1700232835);1700232835;;FOURNISSEUR CENTRALE;;Pas de commande associée;O;17/03/2026 00:00;;17/03/2026 12:24;0.000
077d0779-5545-4a10-896c-f86d6727ad93;353;Réception (B.L. : 1100214889);1100214889;;FOURNISSEUR CENTRALE;;Pas de commande associée;O;01/04/2026 00:00;;01/04/2026 12:13;18.000
079ea93e-8270-4841-9716-5daf987668a9;410;Réception (B.L. : 1200105919);1200105919;;FOURNISSEUR CENTRALE;;Pas de commande associée;O;06/03/2026 00:00;;06/03/2026 12:12;0.000
07b9ae27-9d42-40fb-91b3-33ed0572fb3b;411;Réception (B.L. : 1700231484);1700231484;;FOURNISSEUR CENTRALE;;Pas de commande associée;O;10/03/2026 00:00;;10/03/2026 12:17;0.000
07d6feec-db49-40d1-80d3-32cccab272a9;364;Réception (B.L. : 1800337950);1800337950;;FOURNISSEUR CENTRALE;;Pas de commande associée;O;10/04/2026 00:00;;10/04/2026 12:19;274.700
07f0a20f-7eda-4895-8d55-aef8c8f357ac;356;Réception (B.L. : 1100210319);1100210319;;FOURNISSEUR CENTRALE;;Pas de commande associée;O;03/03/2026 00:00;;03/03/2026 17:02;0.000
0827180a-1498-4fbf-9dfd-f680b63100d7;356;Réception (B.L. : 1100215706);1100215706;;FOURNISSEUR CENTRALE;;Pas de commande associée;O;04/04/2026 00:00;;04/04/2026 17:11;0.000
083185e4-ef50-4778-932d-f537a4bd144e;410;Réception (B.L. : 1800336742);1800336742;;FOURNISSEUR CENTRALE;;Pas de commande associée;O;06/04/2026 00:00;;06/04/2026 12:31;0.000
08341567-33ea-4685-a7f7-898aaa484d11;413;Réception (B.L. : 1100211218);1100211218;;FOURNISSEUR CENTRALE;;Pas de commande associée;O;10/03/2026 00:00;;10/03/2026 12:12;1648.000
086196d8-c7ca-4dae-9744-494b534d1b49;413;Réception (B.L. : 1200107243);1200107243;;FOURNISSEUR CENTRALE;;Pas de commande associée;O;26/03/2026 00:00;;26/03/2026 12:11;80.000
087582ae-2b8a-4b00-b718-e1138685ecba;411;Réception (B.L. : 1100212327);1100212327;;FOURNISSEUR CENTRALE;;Pas de commande associée;O;17/03/2026 00:00;;17/03/2026 12:17;0.000
088bc487-adcf-485b-97df-69f6bff326be;411;Réception (B.L. : 1100212916);1100212916;;FOURNISSEUR CENTRALE;;Pas de commande associée;O;20/03/2026 00:00;;20/03/2026 12:17;0.000
08d09c4f-0077-47da-8c80-4c14a995e2cc;356;Réception (B.L. : 1700234951);1700234951;;FOURNISSEUR CENTRALE;;Pas de commande associée;O;26/03/2026 00:00;;27/03/2026 12:19;0.000
08dd1eb4-cc46-41f1-a589-0f7f9038752c;356;Réception (B.L. : 1700235443);1700235443;;FOURNISSEUR CENTRALE;;Pas de commande associée;O;30/03/2026 00:00;;30/03/2026 12:25;0.000
09196bfd-1c34-4d69-8c99-eee29cd7cfe1;353;Réception (B.L. : 1100212051);1100212051;;FOURNISSEUR CENTRALE;;Pas de commande associée;O;15/03/2026 00:00;;16/03/2026 12:10;2750.000
093340b9-5a9c-4ec5-8d6f-0a5aa6dfa116;410;Réception (B.L. : 1700230142);1700230142;;FOURNISSEUR CENTRALE;;Pas de commande associée;O;04/03/2026 00:00;;04/03/2026 12:21;0.000
094102f5-2d80-456f-acae-80f8aa735497;413;Réception (B.L. : 1800333871);1800333871;;FOURNISSEUR CENTRALE;;Pas de commande associée;O;25/03/2026 00:00;;25/03/2026 17:11;0.000
0967edea-a189-4873-a0c1-24cba9974e07;411;Réception (B.L. : 1100211794);1100211794;;FOURNISSEUR CENTRALE;;Pas de commande associée;O;13/03/2026 00:00;;13/03/2026 12:12;0.000
09695616-d412-4b5b-92e6-4357e649c55d;356;Réception (B.L. : 1800331472);1800331472;;FOURNISSEUR CENTRALE;;Pas de commande associée;O;16/03/2026 00:00;;16/03/2026 12:28;0.000
09c42874-1ff5-4da4-ad6b-ece555938c86;356;Réception (B.L. : 1800329515);1800329515;;FOURNISSEUR CENTRALE;;Pas de commande associée;O;09/03/2026 00:00;;09/03/2026 12:27;0.000
09f006b7-3556-45a8-a15e-89d31147b3cb;356;Réception (B.L. : 1700234532);1700234532;;FOURNISSEUR CENTRALE;;Pas de commande associée;O;25/03/2026 00:00;;25/03/2026 12:18;0.000
0a251455-42ea-481e-8914-ffaa089c194e;353;Réception (B.L. : 1100216535);1100216535;;FOURNISSEUR CENTRALE;;Pas de commande associée;O;10/04/2026 00:00;;10/04/2026 12:11;364.000
0a354f07-f853-42cf-ac16-ac87d0f91902;353;Réception (B.L. : 1100213737);1100213737;;FOURNISSEUR CENTRALE;;Pas de commande associée;O;25/03/2026 00:00;;25/03/2026 12:13;42.000
0a69603c-2852-4db2-8b52-186abdfe9d91;353;Réception (B.L. : 1800336165);1800336165;;FOURNISSEUR CENTRALE;;Pas de commande associée;O;03/04/2026 00:00;;03/04/2026 12:28;56.000
0a71c348-a36e-4451-8ae5-7b478960f97f;413;Réception (B.L. : 1700236545);1700236545;;FOURNISSEUR CENTRALE;;Pas de commande associée;O;03/04/2026 00:00;;03/04/2026 12:27;0.000
0af0d337-3f96-439e-a112-e9350354df19;411;Réception (B.L. : 1700229945);1700229945;;FOURNISSEUR CENTRALE;;Pas de commande associée;O;03/03/2026 00:00;;03/03/2026 12:16;0.000
0af3bd80-a364-4f02-8b3e-a139e3d6dbf9;364;Réception (B.L. : 1800330783);1800330783;;FOURNISSEUR CENTRALE;;Pas de commande associée;O;13/03/2026 00:00;;13/03/2026 12:24;36.216
0b1fd167-440c-47ab-9525-cd4c321f9315;413;Réception (B.L. : 1800335175);1800335175;;FOURNISSEUR CENTRALE;;Pas de commande associée;O;31/03/2026 00:00;;31/03/2026 12:31;248.000
0b2bfd50-3082-4c98-8e40-defce90a93d2;410;Réception (B.L. : 1800329545);1800329545;;FOURNISSEUR CENTRALE;;Pas de commande associée;O;09/03/2026 00:00;;09/03/2026 12:25;0.000
0b38c33d-8937-45eb-adbe-d3029e40ba66;356;Réception (B.L. : 1100211045);1100211045;;FOURNISSEUR CENTRALE;;Pas de commande associée;O;09/03/2026 00:00;;09/03/2026 12:16;0.000
0b686aaa-233d-4d7d-a066-72948a5b6f71;411;Réception (B.L. : 1800335000);1800335000;;FOURNISSEUR CENTRALE;;Pas de commande associée;O;30/03/2026 00:00;;30/03/2026 17:13;0.000
0b7f64ae-4f25-4676-862a-75be933130a1;410;Réception (B.L. : 1800333799);1800333799;;FOURNISSEUR CENTRALE;;Pas de commande associée;O;24/03/2026 00:00;;25/03/2026 12:31;0.000
0b9e37ee-9c7b-401b-b73c-f7becbd27331;356;Réception (B.L. : 1800337248);1800337248;;FOURNISSEUR CENTRALE;;Pas de commande associée;O;08/04/2026 00:00;;08/04/2026 12:28;0.000
0bb54bc5-496e-4b71-a20e-ef071818c100;356;Réception (B.L. : 1100210709);1100210709;;FOURNISSEUR CENTRALE;;Pas de commande associée;O;06/03/2026 00:00;;06/03/2026 12:13;0.000
0bcdeaf5-5ef6-417c-b323-caac028830fc;353;Réception (B.L. : 1800333762);1800333762;;FOURNISSEUR CENTRALE;;Pas de commande associée;O;24/03/2026 00:00;;25/03/2026 12:31;60.600
0bdc3df1-4028-4885-a2bc-afddfca6141b;356;Réception (B.L. : 1100211442);1100211442;;FOURNISSEUR CENTRALE;;Pas de commande associée;O;11/03/2026 00:00;;11/03/2026 12:17;0.000
0bdc5a86-df1b-4b60-b9c8-5fa732f3901f;410;Réception (B.L. : 1200107722);1200107722;;FOURNISSEUR CENTRALE;;Pas de commande associée;O;01/04/2026 00:00;;01/04/2026 12:14;0.000
0bf4fbdd-1298-45f9-b3bf-959910b47ade;364;Réception (B.L. : 1100215326);1100215326;;FOURNISSEUR CENTRALE;;Pas de commande associée;O;02/04/2026 00:00;;02/04/2026 17:13;102.000
0c356e58-a596-47f5-a087-4c8ad39299b8;410;Réception (B.L. : 1200105863);1200105863;;FOURNISSEUR CENTRALE;;Pas de commande associée;O;06/03/2026 00:00;;06/03/2026 12:11;0.000
0cbc811b-c723-44c9-8b2b-2e230809e30d;356;Réception (B.L. : 1100215365);1100215365;;FOURNISSEUR CENTRALE;;Pas de commande associée;O;03/04/2026 00:00;;03/04/2026 12:15;0.000
0cffead4-05b9-4613-8ad2-e16b06feb53d;364;Réception (B.L. : 1100211200);1100211200;;FOURNISSEUR CENTRALE;;Pas de commande associée;O;10/03/2026 00:00;;10/03/2026 12:11;1786.000
0d1c0ce1-6a37-4593-8c05-f1dad0d9ad03;410;Réception (B.L. : 1800336732);1800336732;;FOURNISSEUR CENTRALE;;Pas de commande associée;O;06/04/2026 00:00;;06/04/2026 12:30;0.000
0da98ff5-7c75-4d97-8c7b-95b1980919d5;353;Réception (B.L. : 1100214538);1100214538;;FOURNISSEUR CENTRALE;;Pas de commande associée;O;30/03/2026 00:00;;30/03/2026 12:16;162.000
0db0f53e-cf3e-45ec-bc91-13e9a217a6f7;364;Réception (B.L. : 1800332713);1800332713;;FOURNISSEUR CENTRALE;;Pas de commande associée;O;20/03/2026 00:00;;20/03/2026 12:21;204.000
0dd7b47f-856a-4126-a221-4c1c9b8d4fba;411;Réception (B.L. : 1800327817);1800327817;;FOURNISSEUR CENTRALE;;Pas de commande associée;O;02/03/2026 00:00;;02/03/2026 12:11;0.000
0de3cbf9-7bae-465f-bd18-dec1297afba3;410;Réception (B.L. : 1700233672);1700233672;;FOURNISSEUR CENTRALE;;Pas de commande associée;O;19/03/2026 00:00;;20/03/2026 12:17;0.000
0e174564-3321-456a-b821-e3fa6de05e72;411;Réception (B.L. : 1100214764);1100214764;;FOURNISSEUR CENTRALE;;Pas de commande associée;O;31/03/2026 00:00;;31/03/2026 12:16;0.000
0e4494fc-06fd-4716-a812-37b8d383c8c5;353;Réception (B.L. : 1100216537);1100216537;;FOURNISSEUR CENTRALE;;Pas de commande associée;O;10/04/2026 00:00;;10/04/2026 12:13;120.000
0e52b329-1fb8-4955-b447-842b5c557079;356;Réception (B.L. : 1700232521);1700232521;;FOURNISSEUR CENTRALE;;Pas de commande associée;O;14/03/2026 00:00;;14/03/2026 17:11;0.000
0e545437-f7db-46da-a7d2-522c59861044;410;Réception (B.L. : 1800337269);1800337269;;FOURNISSEUR CENTRALE;;Pas de commande associée;O;08/04/2026 00:00;;08/04/2026 12:28;0.000
0e586b22-cc6c-498a-8de0-a7435b7de082;356;Réception (B.L. : 1100212405);1100212405;;FOURNISSEUR CENTRALE;;Pas de commande associée;O;18/03/2026 00:00;;18/03/2026 12:15;0.000
0e58ec6c-8b81-42f8-aca9-83819bb4cfdb;410;Réception (B.L. : 1700236338);1700236338;;FOURNISSEUR CENTRALE;;Pas de commande associée;O;03/04/2026 00:00;;03/04/2026 12:24;0.000
0e5e88a7-6ef6-4993-bdb5-e06cfb9e2c9e;413;Réception (B.L. : 1700235050);1700235050;;FOURNISSEUR CENTRALE;;Pas de commande associée;O;27/03/2026 00:00;;27/03/2026 12:20;410.000
0e7e7c7a-f0f7-4438-a518-7df100190d1e;353;Réception (B.L. : 1100215804);1100215804;;FOURNISSEUR CENTRALE;;Pas de commande associée;O;06/04/2026 00:00;;06/04/2026 12:17;48.000
0ea41ff9-a38e-4b10-a7c7-a2c9af83f44d;353;Réception (B.L. : 1100213851);1100213851;;FOURNISSEUR CENTRALE;;Pas de commande associée;O;25/03/2026 00:00;;25/03/2026 12:18;4.000
0eec9652-55b5-4a5c-ba48-7e87e0095bdd;411;Réception (B.L. : 1100213028);1100213028;;FOURNISSEUR CENTRALE;;Pas de commande associée;O;20/03/2026 00:00;;20/03/2026 12:18;0.000
0f204611-2ce9-4951-91ca-4ac7894f3962;364;Réception (B.L. : 1700231543);1700231543;;FOURNISSEUR CENTRALE;;Pas de commande associée;O;10/03/2026 00:00;;10/03/2026 12:24;14.000
0f313bb0-d068-4bee-9901-4a162cf42772;411;Réception (B.L. : 1100211305);1100211305;;FOURNISSEUR CENTRALE;;Pas de commande associée;O;10/03/2026 00:00;;10/03/2026 12:16;0.000
0f4297d6-6b73-46f9-90a8-0b89b0c8a073;356;Réception (B.L. : 1100212077);1100212077;;FOURNISSEUR CENTRALE;;Pas de commande associée;O;16/03/2026 00:00;;16/03/2026 12:14;0.000
0f579d8a-f364-4786-95cb-0b702a61e8ca;411;Réception (B.L. : 1800336735);1800336735;;FOURNISSEUR CENTRALE;;Pas de commande associée;O;06/04/2026 00:00;;06/04/2026 12:18;0.000
0f6140ac-79f3-497c-867e-3ea83ef960b9;356;Réception (B.L. : 1800331409);1800331409;;FOURNISSEUR CENTRALE;;Pas de commande associée;O;16/03/2026 00:00;;16/03/2026 12:22;0.000
0f75c6ef-6b5d-4fff-980a-bdcd1df3e1ae;411;Réception (B.L. : 1800330875);1800330875;;FOURNISSEUR CENTRALE;;Pas de commande associée;O;13/03/2026 00:00;;13/03/2026 12:33;0.000
0f7a5eeb-4949-4d39-98b2-3abcdfcc5a64;353;Réception (B.L. : 1700237250);1700237250;;FOURNISSEUR CENTRALE;;Pas de commande associée;O;07/04/2026 00:00;;08/04/2026 12:16;753.000
0faec73f-0f9d-4564-a199-d2712d9f3d7b;413;Réception (B.L. : 1700236541);1700236541;;FOURNISSEUR CENTRALE;;Pas de commande associée;O;03/04/2026 00:00;;03/04/2026 12:23;48.000
0fbf2c79-0b87-4223-a936-c9cac12e7a6e;356;Réception (B.L. : 1700235845);1700235845;;FOURNISSEUR CENTRALE;;Pas de commande associée;O;01/04/2026 00:00;;01/04/2026 12:17;0.000
0fd741c2-dbe4-4280-9ef1-89341a84a6df;353;Réception (B.L. : 1700237756);1700237756;;FOURNISSEUR CENTRALE;;Pas de commande associée;O;09/04/2026 00:00;;10/04/2026 12:17;152.000
0fe9ad71-67ed-4d4a-9b18-e2534b0e1a5c;410;Réception (B.L. : 1700233674);1700233674;;FOURNISSEUR CENTRALE;;Pas de commande associée;O;19/03/2026 00:00;;20/03/2026 12:19;0.000
0fee7219-d78e-4ccb-9a26-15d4a36a8d73;411;Réception (B.L. : 1100211793);1100211793;;FOURNISSEUR CENTRALE;;Pas de commande associée;O;13/03/2026 00:00;;13/03/2026 12:11;0.000
1018e44d-e9d2-466a-b0aa-24d6b96a0480;353;Réception (B.L. : 1700236784);1700236784;;FOURNISSEUR CENTRALE;;Pas de commande associée;O;06/04/2026 00:00;;06/04/2026 12:20;674.000
10303e5d-e5fd-4979-bc7b-56b3bf86f622;413;Réception (B.L. : 1200106165);1200106165;;FOURNISSEUR CENTRALE;;Pas de commande associée;O;11/03/2026 00:00;;11/03/2026 12:11;0.000
103fe34e-4a14-40fa-92e7-06a560539359;353;Réception (B.L. : 1700232560);1700232560;;FOURNISSEUR CENTRALE;;Pas de commande associée;O;16/03/2026 00:00;;16/03/2026 12:16;38.000
1041fbd1-b1d9-4260-952a-0fef5fa90bd1;413;Réception (B.L. : 1100215386);1100215386;;FOURNISSEUR CENTRALE;;Pas de commande associée;O;03/04/2026 00:00;;03/04/2026 12:15;552.000
10be00fe-52b6-4d88-91fb-03ed00397ef2;356;Réception (B.L. : 1800329585);1800329585;;FOURNISSEUR CENTRALE;;Pas de commande associée;O;09/03/2026 00:00;;09/03/2026 12:30;0.000
11169bab-afcc-49b2-a07c-957fa9252233;413;Réception (B.L. : 1100210145);1100210145;;FOURNISSEUR CENTRALE;;Pas de commande associée;O;03/03/2026 00:00;;03/03/2026 12:14;0.000
111807b3-5cf0-4cc7-b7da-2c6616911b8a;364;Réception (B.L. : 1700237061);1700237061;;FOURNISSEUR CENTRALE;;Pas de commande associée;O;07/04/2026 00:00;;07/04/2026 12:11;371.000
111aa1e0-d970-4a81-86b6-85e91997fd93;413;Réception (B.L. : 1700237724);1700237724;;FOURNISSEUR CENTRALE;;Pas de commande associée;O;09/04/2026 00:00;;09/04/2026 17:12;164.000
1129e526-e253-4dc7-bc2d-395c15e39d71;356;Réception (B.L. : 1700235437);1700235437;;FOURNISSEUR CENTRALE;;Pas de commande associée;O;30/03/2026 00:00;;30/03/2026 12:23;0.000
113378a7-4e0d-4f42-aca0-dfec00214e64;411;Réception (B.L. : 1700237817);1700237817;;FOURNISSEUR CENTRALE;;Pas de commande associée;O;09/04/2026 00:00;;10/04/2026 12:15;0.000
11386f0b-ad79-497b-8f4f-fd5ca6e3e31b;410;Réception (B.L. : 1700232205);1700232205;;FOURNISSEUR CENTRALE;;Pas de commande associée;O;13/03/2026 00:00;;13/03/2026 12:21;0.000
11482db2-ebda-4f4c-9bc8-c2b350694113;413;Réception (B.L. : 1700233818);1700233818;;FOURNISSEUR CENTRALE;;Pas de commande associée;O;20/03/2026 00:00;;20/03/2026 12:21;140.000
114992b0-a93b-4eb9-825c-519eecb72a2e;411;Réception (B.L. : 1800334934);1800334934;;FOURNISSEUR CENTRALE;;Pas de commande associée;O;29/03/2026 00:00;;30/03/2026 12:12;0.000
117877cd-da86-4635-9ac0-bd92bbf4e363;410;Réception (B.L. : 1100215360);1100215360;;FOURNISSEUR CENTRALE;;Pas de commande associée;O;03/04/2026 00:00;;03/04/2026 12:20;0.000
11950b01-32ec-4684-b26f-d086276e3f7b;410;Réception (B.L. : 1700230151);1700230151;;FOURNISSEUR CENTRALE;;Pas de commande associée;O;04/03/2026 00:00;;04/03/2026 12:30;0.000
11aa746a-2c85-4e5d-981b-e25daf167eb4;364;Réception (B.L. : 1800332785);1800332785;;FOURNISSEUR CENTRALE;;Pas de commande associée;O;20/03/2026 00:00;;20/03/2026 12:23;6.000
11b1ac95-6a6b-4a6e-a2a0-acc79da08281;411;Réception (B.L. : 1700236394);1700236394;;FOURNISSEUR CENTRALE;;Pas de commande associée;O;03/04/2026 00:00;;03/04/2026 12:24;0.000
11b5fe90-02d0-4b71-aa66-3b31ec19bd95;411;Réception (B.L. : 1800337273);1800337273;;FOURNISSEUR CENTRALE;;Pas de commande associée;O;08/04/2026 00:00;;08/04/2026 12:29;0.000
11bc516e-47a9-4401-ae48-07650999baa7;353;Réception (B.L. : 1100215801);1100215801;;FOURNISSEUR CENTRALE;;Pas de commande associée;O;06/04/2026 00:00;;06/04/2026 12:14;24.000
11d9ddb2-a888-4612-86e5-d118e9c782a9;413;Réception (B.L. : 1700233816);1700233816;;FOURNISSEUR CENTRALE;;Pas de commande associée;O;20/03/2026 00:00;;20/03/2026 12:19;248.000
11ea85a2-e60c-4aa2-8bdf-10d11fbb9cce;356;Réception (B.L. : 1100214873);1100214873;;FOURNISSEUR CENTRALE;;Pas de commande associée;O;01/04/2026 00:00;;01/04/2026 12:13;0.000
11ee5794-8b1a-479a-93ec-68be893b24b4;356;Réception (B.L. : 1100216186);1100216186;;FOURNISSEUR CENTRALE;;Pas de commande associée;O;08/04/2026 00:00;;08/04/2026 12:14;0.000
11fff667-0e85-4d45-aa27-cb0f5d3a3519;410;Réception (B.L. : 1100211370);1100211370;;FOURNISSEUR CENTRALE;;Pas de commande associée;O;11/03/2026 00:00;;11/03/2026 12:14;0.000
1286b79d-855f-40dc-9494-cce12335889e;410;Réception (B.L. : 1800335564);1800335564;;FOURNISSEUR CENTRALE;;Pas de commande associée;O;01/04/2026 00:00;;01/04/2026 12:41;0.000
1337a152-422f-47d3-a5e2-95d2278af9ff;410;Réception (B.L. : 1800336276);1800336276;;FOURNISSEUR CENTRALE;;Pas de commande associée;O;03/04/2026 00:00;;03/04/2026 12:38;0.000
133e74b5-3ecb-4d5f-8d67-b72d33cf2923;410;Réception (B.L. : 1800332097);1800332097;;FOURNISSEUR CENTRALE;;Pas de commande associée;O;18/03/2026 00:00;;18/03/2026 12:39;0.000
133fac4b-170a-4ccd-a450-8709af968cd3;411;Réception (B.L. : 1100215437);1100215437;;FOURNISSEUR CENTRALE;;Pas de commande associée;O;03/04/2026 00:00;;03/04/2026 12:18;0.000
13432e3e-1b7c-4bce-8942-77ae59a71873;364;Réception (B.L. : 1700231511);1700231511;;FOURNISSEUR CENTRALE;;Pas de commande associée;O;10/03/2026 00:00;;10/03/2026 12:20;5000.000
138e32f0-9496-4364-b5be-9e3cdbe76626;410;Réception (B.L. : 1700230147);1700230147;;FOURNISSEUR CENTRALE;;Pas de commande associée;O;04/03/2026 00:00;;04/03/2026 12:26;0.000
1391b2a0-ed49-47a1-b0ce-ec2de087266a;364;Réception (B.L. : 1800337257);1800337257;;FOURNISSEUR CENTRALE;;Pas de commande associée;O;08/04/2026 00:00;;08/04/2026 12:22;161.600
13a83733-ed1a-40d3-abbd-b13d8670785a;410;Réception (B.L. : 1800337268);1800337268;;FOURNISSEUR CENTRALE;;Pas de commande associée;O;08/04/2026 00:00;;08/04/2026 12:27;0.000
13b612b4-bde4-4f6c-8c44-7a25aaaa2330;410;Réception (B.L. : 1700231135);1700231135;;FOURNISSEUR CENTRALE;;Pas de commande associée;O;09/03/2026 00:00;;09/03/2026 12:18;0.000
13d41d87-18f6-4c93-8b69-919020f6adcc;411;Réception (B.L. : 1800336538);1800336538;;FOURNISSEUR CENTRALE;;Pas de commande associée;O;04/04/2026 00:00;;04/04/2026 17:12;0.000
141f6e64-6aa8-42d8-9e55-c390ca35d87e;356;Réception (B.L. : 1700236571);1700236571;;FOURNISSEUR CENTRALE;;Pas de commande associée;O;03/04/2026 00:00;;03/04/2026 17:11;0.000
1479023e-f6cc-429e-8ff1-5e3c95c8a828;356;Réception (B.L. : 1800334985);1800334985;;FOURNISSEUR CENTRALE;;Pas de commande associée;O;30/03/2026 00:00;;30/03/2026 17:12;0.000
1491f2b4-9dfd-43d6-979d-242858dbff0e;364;Réception (B.L. : 1100211202);1100211202;;FOURNISSEUR CENTRALE;;Pas de commande associée;O;10/03/2026 00:00;;10/03/2026 12:13;204.000
14b87ffe-472b-4492-9ecb-16c45eee6a1d;353;Réception (B.L. : 1800335529);1800335529;;FOURNISSEUR CENTRALE;;Pas de commande associée;O;01/04/2026 00:00;;01/04/2026 12:29;196.000
14c2925d-7be9-4ced-b3e2-a53bfa9e2d09;410;Réception (B.L. : 1800336731);1800336731;;FOURNISSEUR CENTRALE;;Pas de commande associée;O;06/04/2026 00:00;;06/04/2026 12:29;0.000
14c890eb-2c10-484d-a37b-d971165466fe;413;Réception (B.L. : 1100211742);1100211742;;FOURNISSEUR CENTRALE;;Pas de commande associée;O;13/03/2026 00:00;;13/03/2026 12:13;0.000
14e94050-6c3e-4fd5-8736-329fde5f3601;364;Réception (B.L. : 1700230472);1700230472;;FOURNISSEUR CENTRALE;;Pas de commande associée;O;04/03/2026 00:00;;04/03/2026 23:24;1680.000
14ed3446-8563-4083-bc9a-d5ec1226fb0d;356;Réception (B.L. : 1100215805);1100215805;;FOURNISSEUR CENTRALE;;Pas de commande associée;O;06/04/2026 00:00;;06/04/2026 12:11;0.000
14f8f168-1657-4c37-99ec-351a970944e5;411;Réception (B.L. : 1700237821);1700237821;;FOURNISSEUR CENTRALE;;Pas de commande associée;O;09/04/2026 00:00;;10/04/2026 12:19;0.000
151bf38d-fede-4f87-95fc-e5e0396235d2;410;Réception (B.L. : 1100210350);1100210350;;FOURNISSEUR CENTRALE;;Pas de commande associée;O;04/03/2026 00:00;;04/03/2026 12:15;0.000
153550bf-b23d-4573-b58c-bc61a878ae34;410;Réception (B.L. : 1800335617);1800335617;;FOURNISSEUR CENTRALE;;Pas de commande associée;O;01/04/2026 00:00;;01/04/2026 12:44;0.000
159a6113-c604-47f0-bf6b-0a78eddad77d;410;Réception (B.L. : 1800334436);1800334436;;FOURNISSEUR CENTRALE;;Pas de commande associée;O;27/03/2026 00:00;;27/03/2026 12:25;0.000
159f3067-e9c3-404a-9167-a7acf0c18939;364;Réception (B.L. : 1800330781);1800330781;;FOURNISSEUR CENTRALE;;Pas de commande associée;O;13/03/2026 00:00;;13/03/2026 12:22;144.000
15a51afe-9733-43dd-b3d8-8c7996087196;411;Réception (B.L. : 1700229951);1700229951;;FOURNISSEUR CENTRALE;;Pas de commande associée;O;03/03/2026 00:00;;03/03/2026 12:22;0.000
15eeee81-936d-442f-ba08-629564e43130;353;Réception (B.L. : 1800336162);1800336162;;FOURNISSEUR CENTRALE;;Pas de commande associée;O;03/04/2026 00:00;;03/04/2026 12:25;540.000
15f50fd8-e444-48c6-a3b8-e723b6070049;356;Réception (B.L. : 1800335540);1800335540;;FOURNISSEUR CENTRALE;;Pas de commande associée;O;01/04/2026 00:00;;01/04/2026 12:35;0.000
162d6c39-754c-496f-94c0-2e0cb4a343c4;364;Réception (B.L. : 1700234250);1700234250;;FOURNISSEUR CENTRALE;;Pas de commande associée;O;23/03/2026 00:00;;24/03/2026 12:19;971.000
16500537-87ec-40eb-8010-ebcb1ac27f32;364;Réception (B.L. : 1800330779);1800330779;;FOURNISSEUR CENTRALE;;Pas de commande associée;O;13/03/2026 00:00;;13/03/2026 12:20;2900.000
16679bb9-84db-4598-a3ae-632e256728a1;353;Réception (B.L. : 1100215798);1100215798;;FOURNISSEUR CENTRALE;;Pas de commande associée;O;06/04/2026 00:00;;06/04/2026 12:11;1782.000
16a450ea-a410-47ab-b06f-03ef4a0e95e0;411;Réception (B.L. : 1700237306);1700237306;;FOURNISSEUR CENTRALE;;Pas de commande associée;O;08/04/2026 00:00;;08/04/2026 12:19;0.000
16d0e187-b168-43a6-9079-f736dc880d3c;410;Réception (B.L. : 1100210702);1100210702;;FOURNISSEUR CENTRALE;;Pas de commande associée;O;06/03/2026 00:00;;06/03/2026 12:14;0.000
16fd0e0c-2864-4934-a737-7659d2ae81a3;411;Réception (B.L. : 1700229953);1700229953;;FOURNISSEUR CENTRALE;;Pas de commande associée;O;03/03/2026 00:00;;03/03/2026 12:24;0.000
17057a76-7747-4ac3-9125-a895e19c89c4;410;Réception (B.L. : 1700233054);1700233054;;FOURNISSEUR CENTRALE;;Pas de commande associée;O;18/03/2026 00:00;;18/03/2026 12:30;0.000
17094b84-09d4-4d95-9531-d5726d625bae;353;Réception (B.L. : 1800328385);1800328385;;FOURNISSEUR CENTRALE;;Pas de commande associée;O;04/03/2026 00:00;;04/03/2026 12:31;543.000
170b7c4c-bb6e-41a7-897b-4f9f3b2c2ea2;411;Réception (B.L. : 1200107231);1200107231;;FOURNISSEUR CENTRALE;;Pas de commande associée;O;26/03/2026 00:00;;26/03/2026 12:11;0.000
1719bfd7-0801-41f0-8ff0-4dfd84b2777e;410;Réception (B.L. : 1800335563);1800335563;;FOURNISSEUR CENTRALE;;Pas de commande associée;O;01/04/2026 00:00;;01/04/2026 12:40;0.000
172b67c3-e91d-42d4-87c1-c14c88859e9d;356;Réception (B.L. : 1700231712);1700231712;;FOURNISSEUR CENTRALE;;Pas de commande associée;O;11/03/2026 00:00;;11/03/2026 12:19;0.000
174a01f8-9743-49f8-8fd3-1d44429e7d51;356;Réception (B.L. : 1800330771);1800330771;;FOURNISSEUR CENTRALE;;Pas de commande associée;O;13/03/2026 00:00;;13/03/2026 12:23;0.000
174b0045-162a-45e0-9d95-2c076dd1132f;413;Réception (B.L. : 1700235744);1700235744;;FOURNISSEUR CENTRALE;;Pas de commande associée;O;31/03/2026 00:00;;31/03/2026 12:23;12.000
178be06d-9842-40ba-a2fe-98df475df4e5;353;Réception (B.L. : 1700235022);1700235022;;FOURNISSEUR CENTRALE;;Pas de commande associée;O;27/03/2026 00:00;;27/03/2026 12:16;149.000
179addf0-62c7-4ef7-94b4-d30138002e9e;353;Réception (B.L. : 1700232571);1700232571;;FOURNISSEUR CENTRALE;;Pas de commande associée;O;16/03/2026 00:00;;16/03/2026 12:20;16.000
179d8028-0443-4939-a45c-83b5bd32e094;410;Réception (B.L. : 1800332686);1800332686;;FOURNISSEUR CENTRALE;;Pas de commande associée;O;20/03/2026 00:00;;20/03/2026 12:25;0.000
17ae3338-8600-45f3-901f-9183167eb1a7;411;Réception (B.L. : 1700234371);1700234371;;FOURNISSEUR CENTRALE;;Pas de commande associée;O;23/03/2026 00:00;;24/03/2026 12:28;0.000
182c55d5-a04b-4636-b67e-840b692e899a;411;Réception (B.L. : 1200105662);1200105662;;FOURNISSEUR CENTRALE;;Pas de commande associée;O;03/03/2026 00:00;;03/03/2026 17:02;0.000
183429aa-df4f-4358-921d-c6e78d9542fb;364;Réception (B.L. : 1800331411);1800331411;;FOURNISSEUR CENTRALE;;Pas de commande associée;O;16/03/2026 00:00;;16/03/2026 12:11;29.000
184d616a-b809-4679-a09b-9c85642ef8fa;353;Réception (B.L. : 1800328618);1800328618;;FOURNISSEUR CENTRALE;;Pas de commande associée;O;05/03/2026 00:00;;05/03/2026 12:10;46.000
186d6c00-6a95-4932-bf7a-697b11586655;411;Réception (B.L. : 1700232159);1700232159;;FOURNISSEUR CENTRALE;;Pas de commande associée;O;13/03/2026 00:00;;13/03/2026 12:18;0.000
18761467-68d2-4493-94f2-c2f16ccd8c32;413;Réception (B.L. : 1200107028);1200107028;;FOURNISSEUR CENTRALE;;Pas de commande associée;O;24/03/2026 00:00;;24/03/2026 12:11;3.000
18892218-af3e-4382-bdf5-9c11d904c5c8;413;Réception (B.L. : 1700230047);1700230047;;FOURNISSEUR CENTRALE;;Pas de commande associée;O;03/03/2026 00:00;;03/03/2026 17:03;72.000
189e8fab-3d0a-4ad2-b4d8-064a47052aec;353;Réception (B.L. : 1800330199);1800330199;;FOURNISSEUR CENTRALE;;Pas de commande associée;O;11/03/2026 00:00;;11/03/2026 12:27;600.000
1900dde2-a2cf-4376-a836-b1b0087e7f76;356;Réception (B.L. : 1100213746);1100213746;;FOURNISSEUR CENTRALE;;Pas de commande associée;O;25/03/2026 00:00;;25/03/2026 12:15;0.000
190484a8-faaa-4dfa-b755-842569287a79;364;Réception (B.L. : 1800332050);1800332050;;FOURNISSEUR CENTRALE;;Pas de commande associée;O;18/03/2026 00:00;;18/03/2026 12:14;635.500
19216b36-197c-4031-819e-1262ca657e55;410;Réception (B.L. : 1100216121);1100216121;;FOURNISSEUR CENTRALE;;Pas de commande associée;O;08/04/2026 00:00;;08/04/2026 12:16;0.000
196e7d07-dccb-4537-8b1f-82ec723ad09b;411;Réception (B.L. : 1700236397);1700236397;;FOURNISSEUR CENTRALE;;Pas de commande associée;O;03/04/2026 00:00;;03/04/2026 12:27;0.000
197db545-9463-4271-891e-268cd2dbe26e;410;Réception (B.L. : 1100210701);1100210701;;FOURNISSEUR CENTRALE;;Pas de commande associée;O;06/03/2026 00:00;;06/03/2026 12:13;0.000
1a1ac850-d7f0-44a7-9ac6-31a093879c17;411;Réception (B.L. : 1800332732);1800332732;;FOURNISSEUR CENTRALE;;Pas de commande associée;O;20/03/2026 00:00;;20/03/2026 12:30;0.000
1a229132-ffa6-4bf5-8bf8-0575d574afb6;413;Réception (B.L. : 1200106666);1200106666;;FOURNISSEUR CENTRALE;;Pas de commande associée;O;18/03/2026 00:00;;18/03/2026 12:10;1.000
1a42c474-cada-4ed5-b625-d160440f4eb1;413;Réception (B.L. : 1100212273);1100212273;;FOURNISSEUR CENTRALE;;Pas de commande associée;O;17/03/2026 00:00;;17/03/2026 12:13;0.000
1a433efb-2f12-4f9c-ad31-41d421fd6427;413;Réception (B.L. : 1100211220);1100211220;;FOURNISSEUR CENTRALE;;Pas de commande associée;O;10/03/2026 00:00;;10/03/2026 12:14;42.000
1a4b55ca-56fc-4bf0-8dc7-91ef47cc9fa7;410;Réception (B.L. : 1700237300);1700237300;;FOURNISSEUR CENTRALE;;Pas de commande associée;O;08/04/2026 00:00;;08/04/2026 12:23;0.000
1a8beeeb-d5fc-4cb5-8740-3cd50913c073;411;Réception (B.L. : 1800329547);1800329547;;FOURNISSEUR CENTRALE;;Pas de commande associée;O;09/03/2026 00:00;;09/03/2026 12:12;0.000
1a9ada6f-9b0a-4fa8-b2ed-bd657d577d74;353;Réception (B.L. : 1700235023);1700235023;;FOURNISSEUR CENTRALE;;Pas de commande associée;O;27/03/2026 00:00;;27/03/2026 12:17;81.000
1a9f8f12-d73d-4d67-94f4-f1c26304707c;410;Réception (B.L. : 1700230140);1700230140;;FOURNISSEUR CENTRALE;;Pas de commande associée;O;04/03/2026 00:00;;04/03/2026 12:19;0.000
1adc7282-4c88-4a3e-bb66-366a66ee0655;353;Réception (B.L. : 1700233719);1700233719;;FOURNISSEUR CENTRALE;;Pas de commande associée;O;20/03/2026 00:00;;20/03/2026 12:19;1481.000
1b0d5f02-febd-477b-a8c0-7928b20d10f8;410;Réception (B.L. : 1700230747);1700230747;;FOURNISSEUR CENTRALE;;Pas de commande associée;O;06/03/2026 00:00;;06/03/2026 12:33;0.000
1b19640c-300a-4d3a-90d0-397007deff3d;411;Réception (B.L. : 1700236395);1700236395;;FOURNISSEUR CENTRALE;;Pas de commande associée;O;03/04/2026 00:00;;03/04/2026 12:25;0.000
1b333fce-d973-400a-afcb-f120cc5c6332;364;Réception (B.L. : 1700237289);1700237289;;FOURNISSEUR CENTRALE;;Pas de commande associée;O;08/04/2026 00:00;;08/04/2026 12:16;735.000
1b4bcde6-6ecf-40ea-9106-079260f0541a;413;Réception (B.L. : 1800328046);1800328046;;FOURNISSEUR CENTRALE;;Pas de commande associée;O;03/03/2026 00:00;;03/03/2026 12:19;205.000
1b66ed35-6885-4311-8375-28d2a7fcff02;410;Réception (B.L. : 1200105743);1200105743;;FOURNISSEUR CENTRALE;;Pas de commande associée;O;04/03/2026 00:00;;04/03/2026 17:01;0.000
1b8bd111-afc9-4f37-9d82-794512a7541e;413;Réception (B.L. : 1700236543);1700236543;;FOURNISSEUR CENTRALE;;Pas de commande associée;O;03/04/2026 00:00;;03/04/2026 12:25;0.000
1c3c8526-6291-4038-b2f3-b26970f6ff1e;356;Réception (B.L. : 1100211010);1100211010;;FOURNISSEUR CENTRALE;;Pas de commande associée;O;09/03/2026 00:00;;09/03/2026 12:15;0.000
1c51a288-3994-453b-812f-24627833671e;356;Réception (B.L. : 1700229714);1700229714;;FOURNISSEUR CENTRALE;;Pas de commande associée;O;02/03/2026 00:00;;02/03/2026 12:28;0.000
1c55b19a-eab1-437b-82e5-46066aa3a77b;364;Réception (B.L. : 1800336174);1800336174;;FOURNISSEUR CENTRALE;;Pas de commande associée;O;03/04/2026 00:00;;03/04/2026 12:26;376.000
1c56f3a8-2652-4032-b13a-fd1afa6478ee;410;Réception (B.L. : 1700235385);1700235385;;FOURNISSEUR CENTRALE;;Pas de commande associée;O;30/03/2026 00:00;;30/03/2026 12:27;0.000
1c586206-7ae8-4caf-9837-a5b7c7030186;410;Réception (B.L. : 1700233047);1700233047;;FOURNISSEUR CENTRALE;;Pas de commande associée;O;18/03/2026 00:00;;18/03/2026 12:23;0.000
1c828059-a7b2-4530-89cd-a68f6ea3f70d;410;Réception (B.L. : 1700230143);1700230143;;FOURNISSEUR CENTRALE;;Pas de commande associée;O;04/03/2026 00:00;;04/03/2026 12:22;0.000
1ce2052b-389b-4ecb-b016-b235ce1145d3;413;Réception (B.L. : 1800337322);1800337322;;FOURNISSEUR CENTRALE;;Pas de commande associée;O;08/04/2026 00:00;;08/04/2026 17:11;0.000
1cebf194-e153-4692-843f-4a939b76aa14;410;Réception (B.L. : 1800329546);1800329546;;FOURNISSEUR CENTRALE;;Pas de commande associée;O;09/03/2026 00:00;;09/03/2026 12:26;0.000
1d866167-0bae-41dd-959a-fe5fcad03504;413;Réception (B.L. : 1100216444);1100216444;;FOURNISSEUR CENTRALE;;Pas de commande associée;O;09/04/2026 00:00;;09/04/2026 17:11;204.000
1dbb2009-e51a-4ec6-8a90-d2f8043fa033;410;Réception (B.L. : 1800332064);1800332064;;FOURNISSEUR CENTRALE;;Pas de commande associée;O;18/03/2026 00:00;;18/03/2026 12:35;0.000
1dbeb7ec-134d-4c5d-8ef6-897e8c3c6246;356;Réception (B.L. : 1700234918);1700234918;;FOURNISSEUR CENTRALE;;Pas de commande associée;O;26/03/2026 00:00;;26/03/2026 17:15;0.000
1e29cd09-2a81-455d-990b-569931e3d42b;356;Réception (B.L. : 1100212939);1100212939;;FOURNISSEUR CENTRALE;;Pas de commande associée;O;20/03/2026 00:00;;20/03/2026 12:13;0.000
1e3dec03-4efc-4af8-8c1c-b165cc6ac93f;356;Réception (B.L. : 1800336707);1800336707;;FOURNISSEUR CENTRALE;;Pas de commande associée;O;06/04/2026 00:00;;06/04/2026 12:24;0.000
1e4b5c9c-3ef1-49e0-987d-b37f3a9d525c;356;Réception (B.L. : 1700230194);1700230194;;FOURNISSEUR CENTRALE;;Pas de commande associée;O;04/03/2026 00:00;;04/03/2026 12:22;0.000
1e98e0a8-c44a-4c37-a52a-5b7a38659b79;410;Réception (B.L. : 1700233055);1700233055;;FOURNISSEUR CENTRALE;;Pas de commande associée;O;18/03/2026 00:00;;18/03/2026 12:31;0.000
1ea4d3b6-068c-4205-87bb-e39765748312;411;Réception (B.L. : 1700232163);1700232163;;FOURNISSEUR CENTRALE;;Pas de commande associée;O;13/03/2026 00:00;;13/03/2026 12:22;0.000
1eb06b14-bd44-4e2a-99a2-b17ade70b63c;356;Réception (B.L. : 1700232751);1700232751;;FOURNISSEUR CENTRALE;;Pas de commande associée;O;16/03/2026 00:00;;16/03/2026 12:20;0.000
1ebbf120-f05b-4932-9c86-9550876d80ab;410;Réception (B.L. : 1700235475);1700235475;;FOURNISSEUR CENTRALE;;Pas de commande associée;O;30/03/2026 00:00;;30/03/2026 12:34;0.000
1ebd03ec-e11f-4c34-825d-c4984d8bf2de;410;Réception (B.L. : 1800337971);1800337971;;FOURNISSEUR CENTRALE;;Pas de commande associée;O;10/04/2026 00:00;;10/04/2026 12:24;0.000
1ee46195-0c1d-42ee-8d6d-06afc23c8fdc;353;Réception (B.L. : 1700230131);1700230131;;FOURNISSEUR CENTRALE;;Pas de commande associée;O;04/03/2026 00:00;;04/03/2026 12:24;12.000
1f05b1ce-9882-44c3-b813-71729f62c119;410;Réception (B.L. : 1800334459);1800334459;;FOURNISSEUR CENTRALE;;Pas de commande associée;O;27/03/2026 00:00;;27/03/2026 12:27;0.000
1f0fc8b4-22ad-4b2c-bffe-0e035d1cb1d8;413;Réception (B.L. : 1100211221);1100211221;;FOURNISSEUR CENTRALE;;Pas de commande associée;O;10/03/2026 00:00;;10/03/2026 12:15;12.000
1f365377-9cfd-4f95-81a2-65a712fd40a6;411;Réception (B.L. : 1100213508);1100213508;;FOURNISSEUR CENTRALE;;Pas de commande associée;O;24/03/2026 00:00;;24/03/2026 12:19;0.000
1f4946ad-9203-4c47-a3c4-05efa542d0ea;353;Réception (B.L. : 1800335530);1800335530;;FOURNISSEUR CENTRALE;;Pas de commande associée;O;01/04/2026 00:00;;01/04/2026 12:30;590.800
1f495caf-e8bd-4f79-88f0-ed1d3e76a942;364;Réception (B.L. : 1200106163);1200106163;;FOURNISSEUR CENTRALE;;Pas de commande associée;O;11/03/2026 00:00;;11/03/2026 12:10;2.000
1f49a2e8-4511-4a4c-9f9e-c1ef35d82778;410;Réception (B.L. : 1100214945);1100214945;;FOURNISSEUR CENTRALE;;Pas de commande associée;O;01/04/2026 00:00;;01/04/2026 12:22;0.000
1fb8c4e9-71a6-42db-b15f-846aea2bd456;364;Réception (B.L. : 1800333780);1800333780;;FOURNISSEUR CENTRALE;;Pas de commande associée;O;24/03/2026 00:00;;25/03/2026 12:14;341.100
1fe07cd5-f6dc-4438-ae95-df7da73d173a;364;Réception (B.L. : 1800328975);1800328975;;FOURNISSEUR CENTRALE;;Pas de commande associée;O;05/03/2026 00:00;;06/03/2026 12:15;2500.000
1fef5d19-4954-4fa0-a288-2337eeaf5578;364;Réception (B.L. : 1700234251);1700234251;;FOURNISSEUR CENTRALE;;Pas de commande associée;O;23/03/2026 00:00;;24/03/2026 12:20;1492.000
1ffa8163-6fa6-419a-a7fb-3ae91a4ca435;356;Réception (B.L. : 1700233473);1700233473;;FOURNISSEUR CENTRALE;;Pas de commande associée;O;19/03/2026 00:00;;19/03/2026 12:11;0.000
200ca404-f9ac-4043-a52c-494d72fe5233;413;Réception (B.L. : 1700230986);1700230986;;FOURNISSEUR CENTRALE;;Pas de commande associée;O;06/03/2026 00:00;;06/03/2026 17:16;0.000
2019ec04-b1b7-472c-a1aa-47b885287727;356;Réception (B.L. : 1100211381);1100211381;;FOURNISSEUR CENTRALE;;Pas de commande associée;O;11/03/2026 00:00;;11/03/2026 12:14;0.000
2033bb83-9082-4bc8-b99f-a714ce3cbf49;353;Réception (B.L. : 1800333761);1800333761;;FOURNISSEUR CENTRALE;;Pas de commande associée;O;24/03/2026 00:00;;25/03/2026 12:30;690.000
2067208a-7c1b-4d01-89eb-022e31860071;364;Réception (B.L. : 1100211755);1100211755;;FOURNISSEUR CENTRALE;;Pas de commande associée;O;13/03/2026 00:00;;13/03/2026 12:12;772.000
20704a08-8277-43c8-82fb-131e54c4fbc0;353;Réception (B.L. : 1200106504);1200106504;;FOURNISSEUR CENTRALE;;Pas de commande associée;O;14/03/2026 00:00;;14/03/2026 12:11;25.000
20957f9a-ff7b-4ace-9413-499e043eac6f;411;Réception (B.L. : 1800334511);1800334511;;FOURNISSEUR CENTRALE;;Pas de commande associée;O;27/03/2026 00:00;;27/03/2026 17:11;0.000
209be2f6-4acb-4ab8-9dd0-f9da2083fe11;356;Réception (B.L. : 1100214529);1100214529;;FOURNISSEUR CENTRALE;;Pas de commande associée;O;30/03/2026 00:00;;30/03/2026 12:16;0.000
20aed66c-4705-449b-b4f4-09b38831aec8;411;Réception (B.L. : 1800328766);1800328766;;FOURNISSEUR CENTRALE;;Pas de commande associée;O;05/03/2026 00:00;;05/03/2026 17:12;0.000
20e12953-1a44-4231-a85a-866214f059fc;410;Réception (B.L. : 1100210752);1100210752;;FOURNISSEUR CENTRALE;;Pas de commande associée;O;06/03/2026 00:00;;06/03/2026 12:19;0.000
20ec9fcc-7c4a-4af1-8eee-39d843d5046e;364;Réception (B.L. : 1800328622);1800328622;;FOURNISSEUR CENTRALE;;Pas de commande associée;O;05/03/2026 00:00;;05/03/2026 12:10;12.000
2122bd96-77a5-43ed-8b41-4ac7940f1a8f;413;Réception (B.L. : 1100216507);1100216507;;FOURNISSEUR CENTRALE;;Pas de commande associée;O;10/04/2026 00:00;;10/04/2026 12:11;434.000
2128ef44-dc67-44f9-8f94-732012568508;411;Réception (B.L. : 1800332071);1800332071;;FOURNISSEUR CENTRALE;;Pas de commande associée;O;18/03/2026 00:00;;18/03/2026 12:15;0.000
212ab42b-43ff-45d0-a083-4104d2d06dfd;356;Réception (B.L. : 1100215367);1100215367;;FOURNISSEUR CENTRALE;;Pas de commande associée;O;03/04/2026 00:00;;03/04/2026 12:17;0.000
212f42aa-3bf9-4acf-aabd-25e54fe5e7b3;356;Réception (B.L. : 1800329028);1800329028;;FOURNISSEUR CENTRALE;;Pas de commande associée;O;06/03/2026 00:00;;06/03/2026 12:26;0.000
21344972-a035-4bfb-875b-649b849ada01;413;Réception (B.L. : 1100215296);1100215296;;FOURNISSEUR CENTRALE;;Pas de commande associée;O;02/04/2026 00:00;;02/04/2026 17:11;60.000
2135deb6-fdef-4298-ba46-a43e7025aef2;353;Réception (B.L. : 1700236381);1700236381;;FOURNISSEUR CENTRALE;;Pas de commande associée;O;03/04/2026 00:00;;03/04/2026 12:19;3.000
216c2a62-55c0-4cca-badc-7c6fef08a2b4;356;Réception (B.L. : 1100214527);1100214527;;FOURNISSEUR CENTRALE;;Pas de commande associée;O;30/03/2026 00:00;;30/03/2026 12:14;0.000
21727211-8eb8-4172-85d3-a4d563676273;413;Réception (B.L. : 1800331618);1800331618;;FOURNISSEUR CENTRALE;;Pas de commande associée;O;16/03/2026 00:00;;17/03/2026 12:25;92.000
21889999-bcf3-4bb5-9c7a-963c51f53962;353;Réception (B.L. : 1800333296);1800333296;;FOURNISSEUR CENTRALE;;Pas de commande associée;O;23/03/2026 00:00;;23/03/2026 17:10;7.000
21c20ade-4369-47d8-988d-c0ed4b199d99;356;Réception (B.L. : 1700237805);1700237805;;FOURNISSEUR CENTRALE;;Pas de commande associée;O;09/04/2026 00:00;;10/04/2026 12:20;0.000
21e2e612-4c3a-4dc6-8806-74b8a7d7375f;353;Réception (B.L. : 1800337237);1800337237;;FOURNISSEUR CENTRALE;;Pas de commande associée;O;08/04/2026 00:00;;08/04/2026 12:27;545.100
21edc233-2722-474d-82d5-89e4e3dde4ec;411;Réception (B.L. : 1100212266);1100212266;;FOURNISSEUR CENTRALE;;Pas de commande associée;O;17/03/2026 00:00;;17/03/2026 12:15;0.000
22200aa2-bed8-425e-b1f7-74e204aa3965;411;Réception (B.L. : 1700233684);1700233684;;FOURNISSEUR CENTRALE;;Pas de commande associée;O;19/03/2026 00:00;;20/03/2026 12:23;0.000
223bdcb9-3d44-4423-a937-0158d1d5ca72;364;Réception (B.L. : 1100214732);1100214732;;FOURNISSEUR CENTRALE;;Pas de commande associée;O;31/03/2026 00:00;;30/03/2026 23:35;90.000
22518419-4db5-4170-9013-53d6d6d9e144;411;Réception (B.L. : 1100210137);1100210137;;FOURNISSEUR CENTRALE;;Pas de commande associée;O;03/03/2026 00:00;;03/03/2026 12:12;0.000
2274928d-c070-4b13-a44c-b141f2ec163d;413;Réception (B.L. : 1100212944);1100212944;;FOURNISSEUR CENTRALE;;Pas de commande associée;O;20/03/2026 00:00;;20/03/2026 12:11;3280.000
2279925e-08f0-47b2-96c0-e0803af90f0f;410;Réception (B.L. : 1100214882);1100214882;;FOURNISSEUR CENTRALE;;Pas de commande associée;O;01/04/2026 00:00;;01/04/2026 12:17;0.000
22bc6f94-f234-40a6-96f1-ea56b81d1500;410;Réception (B.L. : 1800334458);1800334458;;FOURNISSEUR CENTRALE;;Pas de commande associée;O;27/03/2026 00:00;;27/03/2026 12:26;0.000
22ee1640-bf2d-4af8-bca3-3f08a337c4c3;364;Réception (B.L. : 1700235641);1700235641;;FOURNISSEUR CENTRALE;;Pas de commande associée;O;30/03/2026 00:00;;31/03/2026 12:18;4.000
22f32031-1790-4b01-89ad-1f5962ae311d;364;Réception (B.L. : 1100215764);1100215764;;FOURNISSEUR CENTRALE;;Pas de commande associée;O;06/04/2026 00:00;;06/04/2026 12:13;18.000
22fae607-1d6d-4dc9-96ae-e5039f5ead25;410;Réception (B.L. : 1100211832);1100211832;;FOURNISSEUR CENTRALE;;Pas de commande associée;O;13/03/2026 00:00;;13/03/2026 12:18;0.000
230ed747-1d08-47ec-a7ad-8fba3e24809a;364;Réception (B.L. : 1800330782);1800330782;;FOURNISSEUR CENTRALE;;Pas de commande associée;O;13/03/2026 00:00;;13/03/2026 12:23;381.500
23125d89-f2b8-4d5f-9f6a-8882ce619701;356;Réception (B.L. : 1800333215);1800333215;;FOURNISSEUR CENTRALE;;Pas de commande associée;O;22/03/2026 00:00;;23/03/2026 12:32;0.000
233a698e-1603-47a3-be17-acfa6f2347aa;411;Réception (B.L. : 1100210659);1100210659;;FOURNISSEUR CENTRALE;;Pas de commande associée;O;05/03/2026 00:00;;05/03/2026 17:11;0.000
235e0090-fc6d-4099-bdce-9d0fd4f4c5ea;353;Réception (B.L. : 1800336166);1800336166;;FOURNISSEUR CENTRALE;;Pas de commande associée;O;03/04/2026 00:00;;03/04/2026 12:29;482.900
23778dec-8e58-4503-b725-d0f8e0401515;411;Réception (B.L. : 1800330812);1800330812;;FOURNISSEUR CENTRALE;;Pas de commande associée;O;13/03/2026 00:00;;13/03/2026 12:26;0.000
239939c1-fe5c-4fca-93fd-f013c8b9e76d;356;Réception (B.L. : 1800327799);1800327799;;FOURNISSEUR CENTRALE;;Pas de commande associée;O;02/03/2026 00:00;;02/03/2026 12:33;0.000
23b22046-bc4f-4a11-a412-593a316160d6;411;Réception (B.L. : 1800330267);1800330267;;FOURNISSEUR CENTRALE;;Pas de commande associée;O;11/03/2026 00:00;;11/03/2026 12:14;0.000
23c25497-4f54-4d0a-909d-5f173f5a76e1;356;Réception (B.L. : 1700230920);1700230920;;FOURNISSEUR CENTRALE;;Pas de commande associée;O;06/03/2026 00:00;;06/03/2026 12:20;0.000
23c9c671-25aa-4d16-963e-6593302b25e2;356;Réception (B.L. : 1800332704);1800332704;;FOURNISSEUR CENTRALE;;Pas de commande associée;O;20/03/2026 00:00;;20/03/2026 12:22;0.000
23d721a0-be3c-42f4-a48f-ec8979dd35c6;353;Réception (B.L. : 1700231678);1700231678;;FOURNISSEUR CENTRALE;;Pas de commande associée;O;11/03/2026 00:00;;11/03/2026 12:15;2620.000
240d1030-c04d-4e1d-a7a2-1bed060b38df;413;Réception (B.L. : 1700232195);1700232195;;FOURNISSEUR CENTRALE;;Pas de commande associée;O;13/03/2026 00:00;;13/03/2026 12:17;68.000
2411bc5f-9719-459c-be8e-6ed8377e841c;353;Réception (B.L. : 1100216110);1100216110;;FOURNISSEUR CENTRALE;;Pas de commande associée;O;07/04/2026 00:00;;07/04/2026 17:11;384.000
241593ba-bd8b-450a-8a27-6f387f70d88f;356;Réception (B.L. : 1700233502);1700233502;;FOURNISSEUR CENTRALE;;Pas de commande associée;O;19/03/2026 00:00;;19/03/2026 17:11;0.000
244f43a2-0d2e-4a34-b1bf-c55c90e388f5;413;Réception (B.L. : 1100212946);1100212946;;FOURNISSEUR CENTRALE;;Pas de commande associée;O;20/03/2026 00:00;;20/03/2026 12:13;12.000
2451b0ad-362c-4478-a214-de4377b32a1f;411;Réception (B.L. : 1700233685);1700233685;;FOURNISSEUR CENTRALE;;Pas de commande associée;O;19/03/2026 00:00;;20/03/2026 12:24;0.000
245b2cb3-6b4d-48d8-b10f-79b6e92ac463;364;Réception (B.L. : 1700235640);1700235640;;FOURNISSEUR CENTRALE;;Pas de commande associée;O;30/03/2026 00:00;;31/03/2026 12:17;848.000
2497cda4-bc1f-4d2b-a545-7576388a2b98;356;Réception (B.L. : 1700229627);1700229627;;FOURNISSEUR CENTRALE;;Pas de commande associée;O;02/03/2026 00:00;;02/03/2026 12:26;0.000
24fa93e4-f4e6-4aac-9dc1-f02bca603e67;410;Réception (B.L. : 1100210704);1100210704;;FOURNISSEUR CENTRALE;;Pas de commande associée;O;06/03/2026 00:00;;06/03/2026 12:16;0.000
25022861-0d52-48b9-b605-467f1c3f55de;356;Réception (B.L. : 1100214526);1100214526;;FOURNISSEUR CENTRALE;;Pas de commande associée;O;30/03/2026 00:00;;30/03/2026 12:13;0.000
25156441-f3f0-4749-b7a8-ef2b537afe9a;410;Réception (B.L. : 1100210987);1100210987;;FOURNISSEUR CENTRALE;;Pas de commande associée;O;08/03/2026 00:00;;08/03/2026 23:21;0.000
25bdd031-5d6d-43f8-a29d-edde46c96a17;364;Réception (B.L. : 1800335542);1800335542;;FOURNISSEUR CENTRALE;;Pas de commande associée;O;01/04/2026 00:00;;01/04/2026 12:11;418.200
25bea21a-8282-4aa6-8712-78ea3295dc73;356;Réception (B.L. : 1700237804);1700237804;;FOURNISSEUR CENTRALE;;Pas de commande associée;O;09/04/2026 00:00;;10/04/2026 12:19;0.000
25d2ba53-4af4-44c3-8f64-403d5714668b;411;Réception (B.L. : 1800333875);1800333875;;FOURNISSEUR CENTRALE;;Pas de commande associée;O;25/03/2026 00:00;;25/03/2026 17:11;0.000
2606c39f-488f-4c70-a8b2-6a04e4e80c1b;410;Réception (B.L. : 1100216117);1100216117;;FOURNISSEUR CENTRALE;;Pas de commande associée;O;08/04/2026 00:00;;08/04/2026 12:12;0.000
2613670d-6d2c-4686-84c6-1d68618ed1f2;356;Réception (B.L. : 1700234540);1700234540;;FOURNISSEUR CENTRALE;;Pas de commande associée;O;25/03/2026 00:00;;25/03/2026 12:26;0.000
2630c722-69ea-4cc8-8097-3df9b5412f15;413;Réception (B.L. : 1100212948);1100212948;;FOURNISSEUR CENTRALE;;Pas de commande associée;O;20/03/2026 00:00;;20/03/2026 12:15;12.000
26353ed1-be3c-4515-abbd-ab896ddedc1f;410;Réception (B.L. : 1100210658);1100210658;;FOURNISSEUR CENTRALE;;Pas de commande associée;O;05/03/2026 00:00;;05/03/2026 17:10;0.000
26972048-b9d9-499f-b811-c8a504004057;411;Réception (B.L. : 1800331480);1800331480;;FOURNISSEUR CENTRALE;;Pas de commande associée;O;16/03/2026 00:00;;16/03/2026 12:13;0.000
26e2bc77-29a3-4352-b081-03d5cd7a1acd;353;Réception (B.L. : 1800333758);1800333758;;FOURNISSEUR CENTRALE;;Pas de commande associée;O;24/03/2026 00:00;;25/03/2026 12:27;580.000
26f1decc-7857-4170-a22a-1f576f701e15;364;Réception (B.L. : 1800331434);1800331434;;FOURNISSEUR CENTRALE;;Pas de commande associée;O;16/03/2026 00:00;;16/03/2026 12:13;128.000
270d7e92-2ea0-413d-bb94-4c58e92dbf6d;410;Réception (B.L. : 1700237784);1700237784;;FOURNISSEUR CENTRALE;;Pas de commande associée;O;09/04/2026 00:00;;10/04/2026 12:16;0.000
270ed126-e20d-47d0-8415-84c05716b142;364;Réception (B.L. : 1700230976);1700230976;;FOURNISSEUR CENTRALE;;Pas de commande associée;O;06/03/2026 00:00;;06/03/2026 17:11;773.000
272a3f70-87a9-4f48-a3ce-7e6a3bd230dd;411;Réception (B.L. : 1100216502);1100216502;;FOURNISSEUR CENTRALE;;Pas de commande associée;O;10/04/2026 00:00;;10/04/2026 12:12;0.000
2734d268-bd30-49a0-837f-beeca11fbf47;353;Réception (B.L. : 1700233982);1700233982;;FOURNISSEUR CENTRALE;;Pas de commande associée;O;23/03/2026 00:00;;23/03/2026 12:23;634.000
27450465-2281-483b-9a10-484fca319548;410;Réception (B.L. : 1800336190);1800336190;;FOURNISSEUR CENTRALE;;Pas de commande associée;O;03/04/2026 00:00;;03/04/2026 12:33;0.000
2762b6d3-0525-44fd-93f5-09eabedbdbbb;411;Réception (B.L. : 1100215114);1100215114;;FOURNISSEUR CENTRALE;;Pas de commande associée;O;02/04/2026 00:00;;02/04/2026 00:42;0.000
2769cc3e-7ad2-446c-99fc-45063321fc8a;413;Réception (B.L. : 1800334505);1800334505;;FOURNISSEUR CENTRALE;;Pas de commande associée;O;27/03/2026 00:00;;27/03/2026 17:11;0.000
2780dd43-bf74-4d13-91da-9229672fa3fa;413;Réception (B.L. : 1100215383);1100215383;;FOURNISSEUR CENTRALE;;Pas de commande associée;O;03/04/2026 00:00;;03/04/2026 12:12;962.000
27afcc7e-755f-40f8-aa53-30b613ff9eb8;364;Réception (B.L. : 1700230977);1700230977;;FOURNISSEUR CENTRALE;;Pas de commande associée;O;06/03/2026 00:00;;06/03/2026 17:12;1158.000
27b7226d-822d-4dba-93d9-b0c26aa2cf47;364;Réception (B.L. : 1200107635);1200107635;;FOURNISSEUR CENTRALE;;Pas de commande associée;O;31/03/2026 00:00;;31/03/2026 12:13;1.000
27bc9f23-fc74-40aa-867c-3c195a74480b;413;Réception (B.L. : 1700237178);1700237178;;FOURNISSEUR CENTRALE;;Pas de commande associée;O;07/04/2026 00:00;;07/04/2026 12:17;0.000
27cbe5db-6cb0-45e4-8e3e-ed81f57e936e;364;Réception (B.L. : 1800336240);1800336240;;FOURNISSEUR CENTRALE;;Pas de commande associée;O;03/04/2026 00:00;;03/04/2026 12:30;15.000
2807294b-976e-4cec-aa07-a6d3874fc720;356;Réception (B.L. : 1700237807);1700237807;;FOURNISSEUR CENTRALE;;Pas de commande associée;O;09/04/2026 00:00;;10/04/2026 12:22;0.000
283cfa79-631f-459c-ad89-473cad9c4d42;410;Réception (B.L. : 1700231775);1700231775;;FOURNISSEUR CENTRALE;;Pas de commande associée;O;11/03/2026 00:00;;11/03/2026 12:24;0.000
285f814e-b202-414c-8544-e1e9ba0c5787;364;Réception (B.L. : 1700232932);1700232932;;FOURNISSEUR CENTRALE;;Pas de commande associée;O;17/03/2026 00:00;;17/03/2026 12:17;934.000
286899b7-4b15-4804-a196-cfcefb47646d;411;Réception (B.L. : 1700230902);1700230902;;FOURNISSEUR CENTRALE;;Pas de commande associée;O;06/03/2026 00:00;;06/03/2026 12:33;0.000
289a1806-a99a-4033-ad17-95fd46b76a07;410;Réception (B.L. : 1700233678);1700233678;;FOURNISSEUR CENTRALE;;Pas de commande associée;O;19/03/2026 00:00;;20/03/2026 12:23;0.000
28a11aa0-389c-48ad-9cdf-789614427ddb;413;Réception (B.L. : 1100213098);1100213098;;FOURNISSEUR CENTRALE;;Pas de commande associée;O;20/03/2026 00:00;;20/03/2026 12:17;0.000
28b44240-a846-4362-849b-1e2caf1c6e12;356;Réception (B.L. : 1100216225);1100216225;;FOURNISSEUR CENTRALE;;Pas de commande associée;O;08/04/2026 00:00;;08/04/2026 12:15;0.000
28c79db8-5f27-4d0b-8b6f-e03dbec0f7ee;353;Réception (B.L. : 1100216152);1100216152;;FOURNISSEUR CENTRALE;;Pas de commande associée;O;08/04/2026 00:00;;08/04/2026 12:12;1489.000
2906bc15-bdaf-4b83-8cf1-c2bb921714ea;413;Réception (B.L. : 1100216616);1100216616;;FOURNISSEUR CENTRALE;;Pas de commande associée;O;10/04/2026 00:00;;10/04/2026 12:14;0.000
2922664d-76f1-447f-8659-ece1a9090c36;364;Réception (B.L. : 1700231509);1700231509;;FOURNISSEUR CENTRALE;;Pas de commande associée;O;10/03/2026 00:00;;10/03/2026 12:18;3986.000
299c4d1c-229f-43c0-8cd4-088fa1f7b99b;356;Réception (B.L. : 1700236791);1700236791;;FOURNISSEUR CENTRALE;;Pas de commande associée;O;06/04/2026 00:00;;06/04/2026 12:18;0.000
29e77c51-953b-46db-a990-2f5f9632618f;411;Réception (B.L. : 1800330228);1800330228;;FOURNISSEUR CENTRALE;;Pas de commande associée;O;11/03/2026 00:00;;11/03/2026 12:12;0.000
29ea008a-fe8f-415a-9afe-481710eea729;411;Réception (B.L. : 1700236399);1700236399;;FOURNISSEUR CENTRALE;;Pas de commande associée;O;03/04/2026 00:00;;03/04/2026 12:29;0.000
2a13eed8-4dc4-49f1-97e0-42a1af19feec;410;Réception (B.L. : 1100213693);1100213693;;FOURNISSEUR CENTRALE;;Pas de commande associée;O;24/03/2026 00:00;;24/03/2026 17:11;0.000
2a4f5884-f68c-494b-a198-274b3db1c37b;411;Réception (B.L. : 1100210719);1100210719;;FOURNISSEUR CENTRALE;;Pas de commande associée;O;06/03/2026 00:00;;06/03/2026 12:18;0.000
2a8635db-c715-4466-a437-2d41ab3ef6df;364;Réception (B.L. : 1100213092);1100213092;;FOURNISSEUR CENTRALE;;Pas de commande associée;O;20/03/2026 00:00;;20/03/2026 12:14;6.000
2b116c6d-c221-48d6-b018-97b99457e463;410;Réception (B.L. : 1100214546);1100214546;;FOURNISSEUR CENTRALE;;Pas de commande associée;O;30/03/2026 00:00;;30/03/2026 12:17;0.000
2b200793-5b1e-49f2-8b89-5a338ca99b63;411;Réception (B.L. : 1100216124);1100216124;;FOURNISSEUR CENTRALE;;Pas de commande associée;O;08/04/2026 00:00;;08/04/2026 12:12;0.000
2b26431d-7529-45c9-805d-dac11d953510;411;Réception (B.L. : 1700229946);1700229946;;FOURNISSEUR CENTRALE;;Pas de commande associée;O;03/03/2026 00:00;;03/03/2026 12:17;0.000
2b497966-b15c-421e-bbe6-3fd85f0437ca;356;Réception (B.L. : 1100213281);1100213281;;FOURNISSEUR CENTRALE;;Pas de commande associée;O;23/03/2026 00:00;;23/03/2026 12:18;0.000
2b53172e-0a88-41b2-88de-f559349be56d;364;Réception (B.L. : 1700231510);1700231510;;FOURNISSEUR CENTRALE;;Pas de commande associée;O;10/03/2026 00:00;;10/03/2026 12:19;77.000
2b546299-4453-4214-9916-819fecfa170c;356;Réception (B.L. : 1800335586);1800335586;;FOURNISSEUR CENTRALE;;Pas de commande associée;O;01/04/2026 00:00;;01/04/2026 12:37;0.000
2b60696f-64af-46d9-b2f9-b0bf1a4fe126;353;Réception (B.L. : 1700233757);1700233757;;FOURNISSEUR CENTRALE;;Pas de commande associée;O;20/03/2026 00:00;;20/03/2026 12:22;5.000
2b6457cd-8165-4ddc-aa74-ccef1b2add79;353;Réception (B.L. : 1200107446);1200107446;;FOURNISSEUR CENTRALE;;Pas de commande associée;O;28/03/2026 00:00;;28/03/2026 12:11;1.000
2ba7c820-231f-4a4a-ba0b-3f68f60ce855;356;Réception (B.L. : 1800334918);1800334918;;FOURNISSEUR CENTRALE;;Pas de commande associée;O;29/03/2026 00:00;;30/03/2026 12:28;0.000
2bf5bf69-e6f5-4057-ac19-4e7b8cdbebb3;413;Réception (B.L. : 1100214231);1100214231;;FOURNISSEUR CENTRALE;;Pas de commande associée;O;27/03/2026 00:00;;27/03/2026 12:12;730.000
2c1e25c6-5667-4c20-9760-ac827be88ba2;356;Réception (B.L. : 1700232142);1700232142;;FOURNISSEUR CENTRALE;;Pas de commande associée;O;13/03/2026 00:00;;13/03/2026 12:21;0.000
2c534bd5-cbbc-414d-9fc2-6e01a90ea583;413;Réception (B.L. : 1200107498);1200107498;;FOURNISSEUR CENTRALE;;Pas de commande associée;O;30/03/2026 00:00;;30/03/2026 12:11;0.000
2c595c32-0937-4158-b821-7538089846a1;410;Réception (B.L. : 1800327855);1800327855;;FOURNISSEUR CENTRALE;;Pas de commande associée;O;02/03/2026 00:00;;02/03/2026 17:13;0.000
2c77b195-8cb5-4d41-bff4-0c6dc0d545ae;413;Réception (B.L. : 1200107570);1200107570;;FOURNISSEUR CENTRALE;;Pas de commande associée;O;30/03/2026 00:00;;30/03/2026 12:12;1.000
2c781046-10ab-42c1-b1ad-1f69044d29df;353;Réception (B.L. : 1700231092);1700231092;;FOURNISSEUR CENTRALE;;Pas de commande associée;O;09/03/2026 00:00;;09/03/2026 12:18;12.000
2cdc1572-92bb-4b37-8928-de25c0ba91ac;356;Réception (B.L. : 1800332039);1800332039;;FOURNISSEUR CENTRALE;;Pas de commande associée;O;18/03/2026 00:00;;18/03/2026 12:30;0.000
2d086d72-bbd0-4164-ba66-e724ab417f99;411;Réception (B.L. : 1700234993);1700234993;;FOURNISSEUR CENTRALE;;Pas de commande associée;O;27/03/2026 00:00;;27/03/2026 12:20;0.000
2d0c0d43-54dc-49a5-bf27-ad05a8c4b5eb;411;Réception (B.L. : 1100213503);1100213503;;FOURNISSEUR CENTRALE;;Pas de commande associée;O;24/03/2026 00:00;;24/03/2026 12:14;0.000
2d0d96b5-6997-4c58-b213-b21113544ae9;410;Réception (B.L. : 1100212421);1100212421;;FOURNISSEUR CENTRALE;;Pas de commande associée;O;18/03/2026 00:00;;18/03/2026 12:19;0.000
2d1c9899-7d50-4212-8ecf-5540a1de4372;356;Réception (B.L. : 1700231717);1700231717;;FOURNISSEUR CENTRALE;;Pas de commande associée;O;11/03/2026 00:00;;11/03/2026 12:24;0.000
2d21214c-aac5-4b64-8640-33a52a0559a7;411;Réception (B.L. : 1100215293);1100215293;;FOURNISSEUR CENTRALE;;Pas de commande associée;O;02/04/2026 00:00;;02/04/2026 17:11;0.000
2d3a264d-c0fd-4d3f-b0ac-fa952f900232;411;Réception (B.L. : 1700237336);1700237336;;FOURNISSEUR CENTRALE;;Pas de commande associée;O;08/04/2026 00:00;;08/04/2026 12:26;0.000
2d8a91c4-0a30-45e7-b6c2-436c480beeea;411;Réception (B.L. : 1700234997);1700234997;;FOURNISSEUR CENTRALE;;Pas de commande associée;O;27/03/2026 00:00;;27/03/2026 12:24;0.000
2e4c1bfa-f968-48af-b09e-9098231acc03;356;Réception (B.L. : 1700235851);1700235851;;FOURNISSEUR CENTRALE;;Pas de commande associée;O;01/04/2026 00:00;;01/04/2026 12:23;0.000
2eb46f05-d849-4f12-917a-87d1361090d2;411;Réception (B.L. : 1700230898);1700230898;;FOURNISSEUR CENTRALE;;Pas de commande associée;O;06/03/2026 00:00;;06/03/2026 12:29;0.000
2f0d28d3-05b2-425e-9ce7-cdd8c4750334;356;Réception (B.L. : 1200107565);1200107565;;FOURNISSEUR CENTRALE;;Pas de commande associée;O;30/03/2026 00:00;;30/03/2026 12:11;0.000
2f2f0a7c-4ca1-4ec2-9b47-6c20a1f1a831;413;Réception (B.L. : 1100215945);1100215945;;FOURNISSEUR CENTRALE;;Pas de commande associée;O;06/04/2026 00:00;;06/04/2026 12:12;6.000
2f84dcbe-50dd-4b1a-8e59-02431927412f;353;Réception (B.L. : 1700230633);1700230633;;FOURNISSEUR CENTRALE;;Pas de commande associée;O;06/03/2026 00:00;;06/03/2026 12:20;24.000
2f9c8efc-e8ee-4ee6-804d-6f3b5c09929f;356;Réception (B.L. : 1800327795);1800327795;;FOURNISSEUR CENTRALE;;Pas de commande associée;O;02/03/2026 00:00;;02/03/2026 12:29;0.000
2fb12b21-ac54-4ea1-b82d-373546c25374;413;Réception (B.L. : 1100215385);1100215385;;FOURNISSEUR CENTRALE;;Pas de commande associée;O;03/04/2026 00:00;;03/04/2026 12:14;30.000
2fd2cb45-409c-4f0f-bfa7-0bc7e64fc598;364;Réception (B.L. : 1800329525);1800329525;;FOURNISSEUR CENTRALE;;Pas de commande associée;O;09/03/2026 00:00;;09/03/2026 12:13;108.000
2fe5d03f-d15c-4560-9c32-d023843b8dd4;410;Réception (B.L. : 1100212860);1100212860;;FOURNISSEUR CENTRALE;;Pas de commande associée;O;19/03/2026 00:00;;19/03/2026 17:10;0.000
2ff06196-04b7-4655-9cd2-001a8ec30806;356;Réception (B.L. : 1700231718);1700231718;;FOURNISSEUR CENTRALE;;Pas de commande associée;O;11/03/2026 00:00;;11/03/2026 12:25;0.000
30591c95-3e58-414a-a015-0f2b9fb97e7d;353;Réception (B.L. : 1700236786);1700236786;;FOURNISSEUR CENTRALE;;Pas de commande associée;O;06/04/2026 00:00;;06/04/2026 12:22;87.000
30682c09-020b-4734-8206-c8040d4b9d6c;356;Réception (B.L. : 1100212857);1100212857;;FOURNISSEUR CENTRALE;;Pas de commande associée;O;19/03/2026 00:00;;19/03/2026 17:10;0.000
306cd8a9-44d3-47eb-a87a-b03d1f04ecd3;413;Réception (B.L. : 1700235743);1700235743;;FOURNISSEUR CENTRALE;;Pas de commande associée;O;31/03/2026 00:00;;31/03/2026 12:22;1596.000
30762b2a-92b0-4593-9afb-8ae1098676ba;411;Réception (B.L. : 1800336196);1800336196;;FOURNISSEUR CENTRALE;;Pas de commande associée;O;03/04/2026 00:00;;03/04/2026 12:36;0.000
3078e355-10ac-444e-8b20-1848adc387ea;410;Réception (B.L. : 1700236341);1700236341;;FOURNISSEUR CENTRALE;;Pas de commande associée;O;03/04/2026 00:00;;03/04/2026 12:27;0.000
307b22e4-aa47-4300-bcf9-dd852c9b8583;353;Réception (B.L. : 1100213236);1100213236;;FOURNISSEUR CENTRALE;;Pas de commande associée;O;23/03/2026 00:00;;23/03/2026 12:16;12.000
309276b7-2295-4a5d-980c-e290359edb7b;353;Réception (B.L. : 1100210672);1100210672;;FOURNISSEUR CENTRALE;;Pas de commande associée;O;06/03/2026 00:00;;06/03/2026 12:14;12.000
30ca2e72-7c1f-46c8-bb7f-6cf7ac16da34;411;Réception (B.L. : 1700230900);1700230900;;FOURNISSEUR CENTRALE;;Pas de commande associée;O;06/03/2026 00:00;;06/03/2026 12:31;0.000
30d40282-1d55-443b-9e58-4b706cb036ef;411;Réception (B.L. : 1800327873);1800327873;;FOURNISSEUR CENTRALE;;Pas de commande associée;O;02/03/2026 00:00;;02/03/2026 17:13;0.000
30ecb097-3363-4069-8c35-6d6a139a0e14;410;Réception (B.L. : 1700231694);1700231694;;FOURNISSEUR CENTRALE;;Pas de commande associée;O;11/03/2026 00:00;;11/03/2026 12:17;0.000
311c44a8-1b00-46b3-a59b-82d7b4331746;413;Réception (B.L. : 1100212862);1100212862;;FOURNISSEUR CENTRALE;;Pas de commande associée;O;19/03/2026 00:00;;19/03/2026 17:10;34.000
31353292-e45c-4e38-a578-1e968660b295;411;Réception (B.L. : 1700232785);1700232785;;FOURNISSEUR CENTRALE;;Pas de commande associée;O;16/03/2026 00:00;;17/03/2026 12:21;0.000
313da981-fdcd-4ba6-a90c-4b8ffa42f7bf;356;Réception (B.L. : 1700237282);1700237282;;FOURNISSEUR CENTRALE;;Pas de commande associée;O;08/04/2026 00:00;;08/04/2026 12:18;0.000
31404683-9b7b-45cd-ae89-8c57e1797bfc;411;Réception (B.L. : 1700231486);1700231486;;FOURNISSEUR CENTRALE;;Pas de commande associée;O;10/03/2026 00:00;;10/03/2026 12:19;0.000
314538bd-432c-4a18-ab80-d3011629557f;410;Réception (B.L. : 1100215713);1100215713;;FOURNISSEUR CENTRALE;;Pas de commande associée;O;04/04/2026 00:00;;04/04/2026 17:11;0.000
315e0c56-0a63-483b-8733-e70e2b05b604;356;Réception (B.L. : 1700229623);1700229623;;FOURNISSEUR CENTRALE;;Pas de commande associée;O;02/03/2026 00:00;;02/03/2026 12:22;0.000
3173483b-303c-45cf-91be-c9f12aa882fb;353;Réception (B.L. : 1100214369);1100214369;;FOURNISSEUR CENTRALE;;Pas de commande associée;O;27/03/2026 00:00;;27/03/2026 12:15;4.000
31759b57-25d3-44cc-9f58-0875066a36c9;410;Réception (B.L. : 1700231696);1700231696;;FOURNISSEUR CENTRALE;;Pas de commande associée;O;11/03/2026 00:00;;11/03/2026 12:19;0.000
3187f7f0-f709-4147-b274-a945058c7bf8;353;Réception (B.L. : 1800336701);1800336701;;FOURNISSEUR CENTRALE;;Pas de commande associée;O;06/04/2026 00:00;;06/04/2026 12:29;655.600
31a5a217-5415-4676-9961-2e871c38bfe4;353;Réception (B.L. : 1700234448);1700234448;;FOURNISSEUR CENTRALE;;Pas de commande associée;O;24/03/2026 00:00;;25/03/2026 12:19;78.000
31bb68b6-649b-44c0-b78c-4e7a63d6e9ef;411;Réception (B.L. : 1100210714);1100210714;;FOURNISSEUR CENTRALE;;Pas de commande associée;O;06/03/2026 00:00;;06/03/2026 12:13;0.000
31c131e2-4982-4094-bf64-650e4d0fbc1b;364;Réception (B.L. : 1100212943);1100212943;;FOURNISSEUR CENTRALE;;Pas de commande associée;O;20/03/2026 00:00;;20/03/2026 12:13;60.000
31f8f2e2-61fb-4706-89fd-1a4e961f6401;356;Réception (B.L. : 1100214293);1100214293;;FOURNISSEUR CENTRALE;;Pas de commande associée;O;27/03/2026 00:00;;27/03/2026 12:13;0.000
32170e2a-0baf-43ca-ad9e-da6303e5e71f;353;Réception (B.L. : 1700231093);1700231093;;FOURNISSEUR CENTRALE;;Pas de commande associée;O;09/03/2026 00:00;;09/03/2026 12:19;52.000
32179a71-932c-41bf-91b6-99d7b570a342;411;Réception (B.L. : 1700232783);1700232783;;FOURNISSEUR CENTRALE;;Pas de commande associée;O;16/03/2026 00:00;;17/03/2026 12:19;0.000
32180f52-de68-4621-a143-deb9ed9806d6;410;Réception (B.L. : 1100214547);1100214547;;FOURNISSEUR CENTRALE;;Pas de commande associée;O;30/03/2026 00:00;;30/03/2026 12:18;0.000
321b0c6b-0d5d-4f13-820e-bde6e925e67b;356;Réception (B.L. : 1100211834);1100211834;;FOURNISSEUR CENTRALE;;Pas de commande associée;O;13/03/2026 00:00;;13/03/2026 12:16;0.000
323e265f-9a68-4732-912e-776c04ea3bf4;364;Réception (B.L. : 1700231629);1700231629;;FOURNISSEUR CENTRALE;;Pas de commande associée;O;10/03/2026 00:00;;10/03/2026 12:25;1125.000
323ffc8e-5f5d-4a1c-b3c9-914162feadea;410;Réception (B.L. : 1100212072);1100212072;;FOURNISSEUR CENTRALE;;Pas de commande associée;O;16/03/2026 00:00;;16/03/2026 12:12;0.000
32862524-8cf0-4f5e-a6e5-602a9f93dec7;413;Réception (B.L. : 1800334442);1800334442;;FOURNISSEUR CENTRALE;;Pas de commande associée;O;27/03/2026 00:00;;27/03/2026 12:27;306.800
329bc3ca-fd5e-4f7b-a445-240a9ab33b08;413;Réception (B.L. : 1100214234);1100214234;;FOURNISSEUR CENTRALE;;Pas de commande associée;O;27/03/2026 00:00;;27/03/2026 12:15;6.000
32bbe4cf-0f13-4f8c-be4d-e21557470c4a;356;Réception (B.L. : 1700229622);1700229622;;FOURNISSEUR CENTRALE;;Pas de commande associée;O;02/03/2026 00:00;;02/03/2026 12:21;0.000
32e61ea5-c1df-447a-aa77-ed7eb96554b4;356;Réception (B.L. : 1700235438);1700235438;;FOURNISSEUR CENTRALE;;Pas de commande associée;O;30/03/2026 00:00;;30/03/2026 12:24;0.000
32f53e4c-725b-4347-9230-815b64aea052;353;Réception (B.L. : 1700235094);1700235094;;FOURNISSEUR CENTRALE;;Pas de commande associée;O;27/03/2026 00:00;;27/03/2026 12:20;1.000
331030cb-209c-46de-827a-a6b48b887efe;411;Réception (B.L. : 1700236398);1700236398;;FOURNISSEUR CENTRALE;;Pas de commande associée;O;03/04/2026 00:00;;03/04/2026 12:28;0.000
335844c8-d683-48cb-893f-5bdd960c418e;356;Réception (B.L. : 1200106505);1200106505;;FOURNISSEUR CENTRALE;;Pas de commande associée;O;14/03/2026 00:00;;14/03/2026 12:11;0.000
33591d13-9850-45db-824d-f6ce97a0704a;353;Réception (B.L. : 1700232609);1700232609;;FOURNISSEUR CENTRALE;;Pas de commande associée;O;16/03/2026 00:00;;16/03/2026 12:21;2.000
3363ffab-8f9d-4243-a471-5475abe789f4;353;Réception (B.L. : 1100214888);1100214888;;FOURNISSEUR CENTRALE;;Pas de commande associée;O;01/04/2026 00:00;;01/04/2026 12:12;3189.000
33775b55-8b3c-40ea-823a-31bec0ed280a;411;Réception (B.L. : 1700230890);1700230890;;FOURNISSEUR CENTRALE;;Pas de commande associée;O;06/03/2026 00:00;;06/03/2026 12:21;0.000
33b6e17a-bd6a-4583-bc2a-f8afe100affd;413;Réception (B.L. : 1700232831);1700232831;;FOURNISSEUR CENTRALE;;Pas de commande associée;O;17/03/2026 00:00;;17/03/2026 12:22;0.000
33b976c3-9f50-4607-b1b1-1ed5084695ec;411;Réception (B.L. : 1100212264);1100212264;;FOURNISSEUR CENTRALE;;Pas de commande associée;O;17/03/2026 00:00;;17/03/2026 12:13;0.000
33c8e7d4-f215-429c-baa1-244554f54593;411;Réception (B.L. : 1100210138);1100210138;;FOURNISSEUR CENTRALE;;Pas de commande associée;O;03/03/2026 00:00;;03/03/2026 12:13;0.000
33ca2d59-79cf-47b8-8e65-d73363a2a385;411;Réception (B.L. : 1700232164);1700232164;;FOURNISSEUR CENTRALE;;Pas de commande associée;O;13/03/2026 00:00;;13/03/2026 12:23;0.000
33edf8c7-c4d0-4365-a57a-20bfa18aa28b;411;Réception (B.L. : 1100212911);1100212911;;FOURNISSEUR CENTRALE;;Pas de commande associée;O;20/03/2026 00:00;;20/03/2026 12:12;0.000
3425fdfa-c57b-4e8f-802b-e3e3805ee89d;364;Réception (B.L. : 1700230069);1700230069;;FOURNISSEUR CENTRALE;;Pas de commande associée;O;03/03/2026 00:00;;03/03/2026 17:07;3.000
3429fde4-c51e-4393-a741-18b9ac0847e3;353;Réception (B.L. : 1700236385);1700236385;;FOURNISSEUR CENTRALE;;Pas de commande associée;O;03/04/2026 00:00;;03/04/2026 12:23;50.000
343912a2-9957-4091-a698-3612147d3a94;411;Réception (B.L. : 1700230891);1700230891;;FOURNISSEUR CENTRALE;;Pas de commande associée;O;06/03/2026 00:00;;06/03/2026 12:22;0.000
344cb9cd-3c8b-4848-8f15-4d9908f9d194;410;Réception (B.L. : 1100212416);1100212416;;FOURNISSEUR CENTRALE;;Pas de commande associée;O;18/03/2026 00:00;;18/03/2026 12:14;0.000
349102ed-241b-4d54-8fa1-3fd512f77731;411;Réception (B.L. : 1800337271);1800337271;;FOURNISSEUR CENTRALE;;Pas de commande associée;O;08/04/2026 00:00;;08/04/2026 12:27;0.000
349b4d91-257a-40bc-8df8-008e58ea6c93;356;Réception (B.L. : 1700235847);1700235847;;FOURNISSEUR CENTRALE;;Pas de commande associée;O;01/04/2026 00:00;;01/04/2026 12:19;0.000
34ad1986-9cc4-4062-bfad-552bcd2e6088;353;Réception (B.L. : 1800331424);1800331424;;FOURNISSEUR CENTRALE;;Pas de commande associée;O;16/03/2026 00:00;;16/03/2026 12:25;157.000
355f5fa2-d467-4fc3-858f-905b8b5f594e;410;Réception (B.L. : 1800335595);1800335595;;FOURNISSEUR CENTRALE;;Pas de commande associée;O;01/04/2026 00:00;;01/04/2026 12:43;0.000
35a2b10a-00c9-419b-a97d-7df62e62779d;410;Réception (B.L. : 1200107094);1200107094;;FOURNISSEUR CENTRALE;;Pas de commande associée;O;25/03/2026 00:00;;25/03/2026 12:11;0.000
35b0e0e1-1093-4e32-af44-b912fa396bf3;356;Réception (B.L. : 1700236621);1700236621;;FOURNISSEUR CENTRALE;;Pas de commande associée;O;03/04/2026 00:00;;03/04/2026 17:13;0.000
35d34a66-292c-479e-a448-3c4123d4873a;356;Réception (B.L. : 1700237802);1700237802;;FOURNISSEUR CENTRALE;;Pas de commande associée;O;09/04/2026 00:00;;10/04/2026 12:17;0.000
35da7112-cdb5-4022-9236-9d8e48ad0c20;353;Réception (B.L. : 1800332028);1800332028;;FOURNISSEUR CENTRALE;;Pas de commande associée;O;18/03/2026 00:00;;18/03/2026 12:24;621.804
3612e741-98f5-4c2b-b730-b5b7b6bda3fe;413;Réception (B.L. : 1700232194);1700232194;;FOURNISSEUR CENTRALE;;Pas de commande associée;O;13/03/2026 00:00;;13/03/2026 12:16;142.000
365dd540-b670-4172-82d5-88566dd83691;364;Réception (B.L. : 1100216164);1100216164;;FOURNISSEUR CENTRALE;;Pas de commande associée;O;08/04/2026 00:00;;08/04/2026 12:13;600.000
36671506-2d90-4cb8-915d-f6e380559000;364;Réception (B.L. : 1700232219);1700232219;;FOURNISSEUR CENTRALE;;Pas de commande associée;O;13/03/2026 00:00;;13/03/2026 12:18;36.000
36b5b489-2e6a-406e-a8d7-30535658a32b;410;Réception (B.L. : 1700230736);1700230736;;FOURNISSEUR CENTRALE;;Pas de commande associée;O;06/03/2026 00:00;;06/03/2026 12:24;0.000
36c9b5fe-d048-4707-a855-6c959da523a6;410;Réception (B.L. : 1800329544);1800329544;;FOURNISSEUR CENTRALE;;Pas de commande associée;O;09/03/2026 00:00;;09/03/2026 12:24;0.000
36fec95a-2bf0-4afc-aee6-416536e9295c;353;Réception (B.L. : 1700230127);1700230127;;FOURNISSEUR CENTRALE;;Pas de commande associée;O;04/03/2026 00:00;;04/03/2026 12:20;456.000
3739b728-4a00-4f4f-a0d6-b70ae39df35c;353;Réception (B.L. : 1700234454);1700234454;;FOURNISSEUR CENTRALE;;Pas de commande associée;O;24/03/2026 00:00;;25/03/2026 12:25;14.000
3745553f-1ad3-40f6-b23d-15990302d553;411;Réception (B.L. : 1800337324);1800337324;;FOURNISSEUR CENTRALE;;Pas de commande associée;O;08/04/2026 00:00;;08/04/2026 17:11;0.000
374dd7b8-ce06-4fc2-87b1-71abea7f9718;353;Réception (B.L. : 1700231089);1700231089;;FOURNISSEUR CENTRALE;;Pas de commande associée;O;09/03/2026 00:00;;09/03/2026 12:15;1214.000
37506d2e-d160-4657-8488-db584374dca6;364;Réception (B.L. : 1200106537);1200106537;;FOURNISSEUR CENTRALE;;Pas de commande associée;O;14/03/2026 00:00;;14/03/2026 17:11;1.000
3768fbf8-08af-4ddc-9832-d0bbb834db81;410;Réception (B.L. : 1700236340);1700236340;;FOURNISSEUR CENTRALE;;Pas de commande associée;O;03/04/2026 00:00;;03/04/2026 12:26;0.000
37760937-7d8b-41cd-8b85-2360c2787997;353;Réception (B.L. : 1100211773);1100211773;;FOURNISSEUR CENTRALE;;Pas de commande associée;O;13/03/2026 00:00;;13/03/2026 12:12;1287.000
37875988-b545-4efb-a109-63ae9b2e144b;353;Réception (B.L. : 1200107559);1200107559;;FOURNISSEUR CENTRALE;;Pas de commande associée;O;30/03/2026 00:00;;30/03/2026 12:13;1.000
378d36c9-9f4c-4e02-9171-002e2452481c;411;Réception (B.L. : 1100213504);1100213504;;FOURNISSEUR CENTRALE;;Pas de commande associée;O;24/03/2026 00:00;;24/03/2026 12:15;0.000
37a58a13-50bc-48d8-ad51-58680aaf0e21;411;Réception (B.L. : 1700234991);1700234991;;FOURNISSEUR CENTRALE;;Pas de commande associée;O;27/03/2026 00:00;;27/03/2026 12:18;0.000
37a72c9c-7c0f-4dc9-a616-5dddff2252aa;353;Réception (B.L. : 1700232134);1700232134;;FOURNISSEUR CENTRALE;;Pas de commande associée;O;13/03/2026 00:00;;13/03/2026 12:16;570.000
37c35204-79f3-4b19-b080-5b9da16dbfb3;364;Réception (B.L. : 1700237775);1700237775;;FOURNISSEUR CENTRALE;;Pas de commande associée;O;09/04/2026 00:00;;10/04/2026 12:15;759.000
37ca3ba6-ae8c-4d8c-bcca-0086c9de64e9;356;Réception (B.L. : 1700229628);1700229628;;FOURNISSEUR CENTRALE;;Pas de commande associée;O;02/03/2026 00:00;;02/03/2026 12:27;0.000
380c5dfb-7586-4c3e-8247-95c9ede9cc3a;410;Réception (B.L. : 1100213183);1100213183;;FOURNISSEUR CENTRALE;;Pas de commande associée;O;23/03/2026 00:00;;22/03/2026 23:20;0.000
38106a86-ae89-4ae0-a8e4-2edc63ce1d4d;411;Réception (B.L. : 1100212262);1100212262;;FOURNISSEUR CENTRALE;;Pas de commande associée;O;17/03/2026 00:00;;17/03/2026 12:11;0.000
382291fd-2c5a-4fb5-987f-10766835fbe7;356;Réception (B.L. : 1100213743);1100213743;;FOURNISSEUR CENTRALE;;Pas de commande associée;O;25/03/2026 00:00;;25/03/2026 12:12;0.000
383db946-fd1e-441e-9d65-ba6484d88166;364;Réception (B.L. : 1100212242);1100212242;;FOURNISSEUR CENTRALE;;Pas de commande associée;O;16/03/2026 00:00;;16/03/2026 12:10;60.000
38763f6e-fbb7-403a-b306-b84973014933;413;Réception (B.L. : 1700232825);1700232825;;FOURNISSEUR CENTRALE;;Pas de commande associée;O;17/03/2026 00:00;;17/03/2026 12:16;164.000
387f6c2e-b6a4-456b-b7f6-f241a19b969d;413;Réception (B.L. : 1700231504);1700231504;;FOURNISSEUR CENTRALE;;Pas de commande associée;O;10/03/2026 00:00;;10/03/2026 12:26;2100.000
388c7e5f-8dbb-4e10-8078-1afae91f78ac;410;Réception (B.L. : 1700235387);1700235387;;FOURNISSEUR CENTRALE;;Pas de commande associée;O;30/03/2026 00:00;;30/03/2026 12:29;0.000
389f098f-a0f4-4ec2-a4de-8fad7fa7ca8f;411;Réception (B.L. : 1800336245);1800336245;;FOURNISSEUR CENTRALE;;Pas de commande associée;O;03/04/2026 00:00;;03/04/2026 12:40;0.000
38beb970-e1ac-46fe-b9a2-9185098e6874;356;Réception (B.L. : 1100216530);1100216530;;FOURNISSEUR CENTRALE;;Pas de commande associée;O;10/04/2026 00:00;;10/04/2026 12:11;0.000
38dd4293-5568-4380-a7c9-a6b18ffdc8f6;356;Réception (B.L. : 1700233995);1700233995;;FOURNISSEUR CENTRALE;;Pas de commande associée;O;23/03/2026 00:00;;23/03/2026 12:22;0.000
391107e5-433f-44cd-9da0-62c0eee6bf53;364;Réception (B.L. : 1700230052);1700230052;;FOURNISSEUR CENTRALE;;Pas de commande associée;O;03/03/2026 00:00;;03/03/2026 17:01;2934.000
39130e3d-3bad-489d-b4e0-f17cf5f66591;353;Réception (B.L. : 1100214892);1100214892;;FOURNISSEUR CENTRALE;;Pas de commande associée;O;01/04/2026 00:00;;01/04/2026 12:16;30.000
396d9d48-5d67-4e5a-8051-7032a82ec3c9;353;Réception (B.L. : 1100213234);1100213234;;FOURNISSEUR CENTRALE;;Pas de commande associée;O;23/03/2026 00:00;;23/03/2026 12:14;42.000
3979b5ab-a63e-44cb-ad45-8fbf41c3667d;356;Réception (B.L. : 1100211382);1100211382;;FOURNISSEUR CENTRALE;;Pas de commande associée;O;11/03/2026 00:00;;11/03/2026 12:15;0.000
397fa5cf-b1f2-4a26-931c-b59e1927a8f7;353;Réception (B.L. : 1100213231);1100213231;;FOURNISSEUR CENTRALE;;Pas de commande associée;O;23/03/2026 00:00;;23/03/2026 12:11;1146.000
398651f0-107b-44e9-b29b-5f176138408f;410;Réception (B.L. : 1100212908);1100212908;;FOURNISSEUR CENTRALE;;Pas de commande associée;O;20/03/2026 00:00;;20/03/2026 12:14;0.000
39aee8c0-ef33-46cb-876c-707791b395b0;353;Réception (B.L. : 1700232137);1700232137;;FOURNISSEUR CENTRALE;;Pas de commande associée;O;13/03/2026 00:00;;13/03/2026 12:19;12.000
39b3806d-27e7-4d17-a00a-65183bbb3b20;410;Réception (B.L. : 1200107716);1200107716;;FOURNISSEUR CENTRALE;;Pas de commande associée;O;01/04/2026 00:00;;01/04/2026 12:13;0.000
39d5c8aa-8dc1-4f32-90ba-45647a405aa4;410;Réception (B.L. : 1100215023);1100215023;;FOURNISSEUR CENTRALE;;Pas de commande associée;O;01/04/2026 00:00;;01/04/2026 12:23;0.000
39d869ce-58b9-40e3-b470-539aac37e531;364;Réception (B.L. : 1800334998);1800334998;;FOURNISSEUR CENTRALE;;Pas de commande associée;O;30/03/2026 00:00;;30/03/2026 17:12;21.000
39da4197-1eac-463d-a524-598b6cc54f54;411;Réception (B.L. : 1700230892);1700230892;;FOURNISSEUR CENTRALE;;Pas de commande associée;O;06/03/2026 00:00;;06/03/2026 12:23;0.000
3a175be7-d23e-4793-96e8-9aebf68a418e;411;Réception (B.L. : 1800336734);1800336734;;FOURNISSEUR CENTRALE;;Pas de commande associée;O;06/04/2026 00:00;;06/04/2026 12:17;0.000
3a18dbb2-159b-4f97-b3e4-00a39773f06d;364;Réception (B.L. : 1800336173);1800336173;;FOURNISSEUR CENTRALE;;Pas de commande associée;O;03/04/2026 00:00;;03/04/2026 12:25;1160.000
3a852000-414f-461a-8e86-22daaa84ba0e;356;Réception (B.L. : 1800337249);1800337249;;FOURNISSEUR CENTRALE;;Pas de commande associée;O;08/04/2026 00:00;;08/04/2026 12:29;0.000
3aa2a803-4a2c-49c5-863c-92619c0c8c29;353;Réception (B.L. : 1700236378);1700236378;;FOURNISSEUR CENTRALE;;Pas de commande associée;O;03/04/2026 00:00;;03/04/2026 12:16;1088.000
3aaa403e-2961-4b0d-9b1c-8503069a5a6e;353;Réception (B.L. : 1800336266);1800336266;;FOURNISSEUR CENTRALE;;Pas de commande associée;O;03/04/2026 00:00;;03/04/2026 12:32;25.000
3aac46e2-5ffe-46e4-b675-fae7cc3217a5;364;Réception (B.L. : 1800327808);1800327808;;FOURNISSEUR CENTRALE;;Pas de commande associée;O;02/03/2026 00:00;;02/03/2026 12:12;527.000
3ab6b8fa-d9a8-49d3-a51f-cd618ca678ad;413;Réception (B.L. : 1700237963);1700237963;;FOURNISSEUR CENTRALE;;Pas de commande associée;O;10/04/2026 00:00;;10/04/2026 12:15;216.000
3adabe62-b919-47b4-8c33-c3073d95953e;364;Réception (B.L. : 1700237186);1700237186;;FOURNISSEUR CENTRALE;;Pas de commande associée;O;07/04/2026 00:00;;07/04/2026 12:15;3.000
3ae74e6c-7578-43ee-944d-333c15287ba5;413;Réception (B.L. : 1200107634);1200107634;;FOURNISSEUR CENTRALE;;Pas de commande associée;O;31/03/2026 00:00;;31/03/2026 12:12;0.000
3aee71b6-7f2f-41cb-96a1-235f0a8cf890;356;Réception (B.L. : 1200108308);1200108308;;FOURNISSEUR CENTRALE;;Pas de commande associée;O;09/04/2026 00:00;;09/04/2026 17:11;0.000
3b05ea74-fc44-4745-9e7d-5c29fe150262;356;Réception (B.L. : 1100212403);1100212403;;FOURNISSEUR CENTRALE;;Pas de commande associée;O;18/03/2026 00:00;;18/03/2026 12:13;0.000
3b074184-ea0a-42fd-b574-dfea58e884df;410;Réception (B.L. : 1800337270);1800337270;;FOURNISSEUR CENTRALE;;Pas de commande associée;O;08/04/2026 00:00;;08/04/2026 12:29;0.000
3b29329b-3a6e-4ee6-aff4-6de797e14555;411;Réception (B.L. : 1100214191);1100214191;;FOURNISSEUR CENTRALE;;Pas de commande associée;O;26/03/2026 00:00;;26/03/2026 17:11;0.000
3b4b9095-eed3-44a1-9b3e-0c79d534da97;410;Réception (B.L. : 1800328995);1800328995;;FOURNISSEUR CENTRALE;;Pas de commande associée;O;05/03/2026 00:00;;06/03/2026 12:37;0.000
3b58f750-8411-4842-b9f3-c6e7b491ef24;356;Réception (B.L. : 1100210708);1100210708;;FOURNISSEUR CENTRALE;;Pas de commande associée;O;06/03/2026 00:00;;06/03/2026 12:12;0.000
3bab02e9-1212-48fb-ae2d-beb036bc3419;410;Réception (B.L. : 1700233621);1700233621;;FOURNISSEUR CENTRALE;;Pas de commande associée;O;19/03/2026 00:00;;19/03/2026 23:35;0.000
3bb836b3-281f-4f44-ac90-4840b854740c;411;Réception (B.L. : 1800333245);1800333245;;FOURNISSEUR CENTRALE;;Pas de commande associée;O;22/03/2026 00:00;;23/03/2026 12:13;0.000
3bbf72a6-9f97-4636-be1c-82254630b977;364;Réception (B.L. : 1100215371);1100215371;;FOURNISSEUR CENTRALE;;Pas de commande associée;O;03/04/2026 00:00;;03/04/2026 12:12;915.000
3beb8f38-cdb6-4c95-9a83-fca2ce507bb9;353;Réception (B.L. : 1700237758);1700237758;;FOURNISSEUR CENTRALE;;Pas de commande associée;O;09/04/2026 00:00;;10/04/2026 12:19;240.000
3bf6582c-6ade-4c26-b715-ce087808b1f1;356;Réception (B.L. : 1700232522);1700232522;;FOURNISSEUR CENTRALE;;Pas de commande associée;O;14/03/2026 00:00;;14/03/2026 17:12;0.000
3c14e095-00de-491a-a9a8-69c7c10ba0a7;411;Réception (B.L. : 1700237059);1700237059;;FOURNISSEUR CENTRALE;;Pas de commande associée;O;07/04/2026 00:00;;07/04/2026 12:18;0.000
3c613eb1-f044-4d1f-944b-14f4b6ee9708;410;Réception (B.L. : 1100210348);1100210348;;FOURNISSEUR CENTRALE;;Pas de commande associée;O;04/03/2026 00:00;;04/03/2026 12:13;0.000
3c62fa11-bb1c-4615-a81c-8f31729b073f;353;Réception (B.L. : 1100213239);1100213239;;FOURNISSEUR CENTRALE;;Pas de commande associée;O;23/03/2026 00:00;;23/03/2026 12:19;24.000
3c6848f6-8203-4b64-99bd-0ef5d2115d02;411;Réception (B.L. : 1100214761);1100214761;;FOURNISSEUR CENTRALE;;Pas de commande associée;O;31/03/2026 00:00;;31/03/2026 12:13;0.000
3c8fc318-6abc-4c2a-82cd-fc7e1249fc91;410;Réception (B.L. : 1700233049);1700233049;;FOURNISSEUR CENTRALE;;Pas de commande associée;O;18/03/2026 00:00;;18/03/2026 12:25;0.000
3cadcdf6-47c8-4486-b11a-b6596d5c4354;411;Réception (B.L. : 1800330813);1800330813;;FOURNISSEUR CENTRALE;;Pas de commande associée;O;13/03/2026 00:00;;13/03/2026 12:27;0.000
3cb940fc-3deb-4377-9a3f-488d8be46759;356;Réception (B.L. : 1800331428);1800331428;;FOURNISSEUR CENTRALE;;Pas de commande associée;O;16/03/2026 00:00;;16/03/2026 12:24;0.000
3cbca92d-7a69-4f80-8fb0-1bfb53d70231;411;Réception (B.L. : 1800332070);1800332070;;FOURNISSEUR CENTRALE;;Pas de commande associée;O;18/03/2026 00:00;;18/03/2026 12:13;0.000
3cee3cfb-f746-4b57-9a26-a49e3925f0e1;356;Réception (B.L. : 1200106072);1200106072;;FOURNISSEUR CENTRALE;;Pas de commande associée;O;09/03/2026 00:00;;09/03/2026 17:10;0.000
3d13149d-0eaa-4d87-b530-321e66005352;364;Réception (B.L. : 1200107042);1200107042;;FOURNISSEUR CENTRALE;;Pas de commande associée;O;24/03/2026 00:00;;24/03/2026 12:12;200.000
3d6c90af-678f-447f-b9d3-1792080a6266;353;Réception (B.L. : 1100213270);1100213270;;FOURNISSEUR CENTRALE;;Pas de commande associée;O;23/03/2026 00:00;;23/03/2026 12:21;7.000
3d923907-f5b1-4a86-a4f8-4cb46f822ff4;356;Réception (B.L. : 1100215362);1100215362;;FOURNISSEUR CENTRALE;;Pas de commande associée;O;03/04/2026 00:00;;03/04/2026 12:12;0.000
3da1759b-0406-4fe9-b4ae-a5831c7f6bc1;413;Réception (B.L. : 1700235047);1700235047;;FOURNISSEUR CENTRALE;;Pas de commande associée;O;27/03/2026 00:00;;27/03/2026 12:17;231.000
3da7cfa3-2531-47f7-998e-4f1fa7ae1899;353;Réception (B.L. : 1100213690);1100213690;;FOURNISSEUR CENTRALE;;Pas de commande associée;O;24/03/2026 00:00;;24/03/2026 17:11;176.000
3dc4088b-f220-4006-a409-6f7728945e28;356;Réception (B.L. : 1700229621);1700229621;;FOURNISSEUR CENTRALE;;Pas de commande associée;O;02/03/2026 00:00;;02/03/2026 12:20;0.000
3dc62188-a777-4741-a1a4-c72545fae3fa;410;Réception (B.L. : 1100214880);1100214880;;FOURNISSEUR CENTRALE;;Pas de commande associée;O;01/04/2026 00:00;;01/04/2026 12:15;0.000
3e168418-1696-4625-8c44-3e0d6794312b;411;Réception (B.L. : 1700229952);1700229952;;FOURNISSEUR CENTRALE;;Pas de commande associée;O;03/03/2026 00:00;;03/03/2026 12:23;0.000
3e3e38b3-47e7-412b-918b-35dd670a5da6;411;Réception (B.L. : 1800335567);1800335567;;FOURNISSEUR CENTRALE;;Pas de commande associée;O;01/04/2026 00:00;;01/04/2026 12:14;0.000
3e3f9ff1-6378-405e-8d4d-d7be7411ab02;410;Réception (B.L. : 1100210988);1100210988;;FOURNISSEUR CENTRALE;;Pas de commande associée;O;08/03/2026 00:00;;08/03/2026 23:22;0.000
3e476929-aa2c-451b-b9b7-9090f512ce40;410;Réception (B.L. : 1100211052);1100211052;;FOURNISSEUR CENTRALE;;Pas de commande associée;O;09/03/2026 00:00;;09/03/2026 12:11;0.000
3e5dca46-2b04-44e6-8b51-61598fab1710;353;Réception (B.L. : 1700236382);1700236382;;FOURNISSEUR CENTRALE;;Pas de commande associée;O;03/04/2026 00:00;;03/04/2026 12:20;1543.000
3e640cae-8ee5-45ac-aa3a-2ac8d4d36c6c;356;Réception (B.L. : 1800332038);1800332038;;FOURNISSEUR CENTRALE;;Pas de commande associée;O;18/03/2026 00:00;;18/03/2026 12:29;0.000
3e872ca6-8360-45b9-bb2d-dcde435eceb0;356;Réception (B.L. : 1100216074);1100216074;;FOURNISSEUR CENTRALE;;Pas de commande associée;O;07/04/2026 00:00;;07/04/2026 17:11;0.000
3eb138d1-7cd8-425f-98b6-146f1063044a;353;Réception (B.L. : 1100216559);1100216559;;FOURNISSEUR CENTRALE;;Pas de commande associée;O;10/04/2026 00:00;;10/04/2026 12:15;3.000
3ed7aac7-6529-48db-b516-fea1d0718c8c;410;Réception (B.L. : 1800328444);1800328444;;FOURNISSEUR CENTRALE;;Pas de commande associée;O;04/03/2026 00:00;;04/03/2026 12:37;0.000
3f1cfc25-9155-4cf5-885f-2e54c040820d;411;Réception (B.L. : 1800330874);1800330874;;FOURNISSEUR CENTRALE;;Pas de commande associée;O;13/03/2026 00:00;;13/03/2026 12:32;0.000
3f5f03f2-c43e-4639-915d-a8df9a7fcce5;411;Réception (B.L. : 1700237818);1700237818;;FOURNISSEUR CENTRALE;;Pas de commande associée;O;09/04/2026 00:00;;10/04/2026 12:16;0.000
3f7ec15b-18d3-4b93-a855-0706d9732916;410;Réception (B.L. : 1800330258);1800330258;;FOURNISSEUR CENTRALE;;Pas de commande associée;O;11/03/2026 00:00;;11/03/2026 12:29;0.000
3f8d51eb-f1d5-4400-8400-80ced54b14b8;410;Réception (B.L. : 1700230740);1700230740;;FOURNISSEUR CENTRALE;;Pas de commande associée;O;06/03/2026 00:00;;06/03/2026 12:28;0.000
3faaa05a-1689-4f53-96bf-18430437e765;353;Réception (B.L. : 1700232136);1700232136;;FOURNISSEUR CENTRALE;;Pas de commande associée;O;13/03/2026 00:00;;13/03/2026 12:18;172.000
3fafc4a5-6dd8-4166-8251-e3b10aca53dd;410;Réception (B.L. : 1700234464);1700234464;;FOURNISSEUR CENTRALE;;Pas de commande associée;O;24/03/2026 00:00;;25/03/2026 12:23;0.000
3fbf785b-f1bf-4886-9646-cc7ad03e7906;356;Réception (B.L. : 1700237283);1700237283;;FOURNISSEUR CENTRALE;;Pas de commande associée;O;08/04/2026 00:00;;08/04/2026 12:19;0.000
3fd7ce31-4f20-489c-8b21-e3aecb47b0a6;410;Réception (B.L. : 1100210307);1100210307;;FOURNISSEUR CENTRALE;;Pas de commande associée;O;03/03/2026 00:00;;03/03/2026 17:02;0.000
3ffd71da-c4f2-40dc-9220-05f38301ebd8;410;Réception (B.L. : 1700232208);1700232208;;FOURNISSEUR CENTRALE;;Pas de commande associée;O;13/03/2026 00:00;;13/03/2026 12:24;0.000
4020b3fa-8c6b-4679-b472-b99674ffb77d;356;Réception (B.L. : 1700233993);1700233993;;FOURNISSEUR CENTRALE;;Pas de commande associée;O;23/03/2026 00:00;;23/03/2026 12:20;0.000
402b4eb4-f2f8-4875-97cb-d6180a33dc19;356;Réception (B.L. : 1700237716);1700237716;;FOURNISSEUR CENTRALE;;Pas de commande associée;O;09/04/2026 00:00;;09/04/2026 17:14;0.000
404955b7-370f-44ba-91fd-6aa4bc30728a;410;Réception (B.L. : 1700234021);1700234021;;FOURNISSEUR CENTRALE;;Pas de commande associée;O;23/03/2026 00:00;;23/03/2026 12:16;0.000
404e3d04-b0e5-4970-9be4-254c7eb8ceaa;364;Réception (B.L. : 1100210662);1100210662;;FOURNISSEUR CENTRALE;;Pas de commande associée;O;05/03/2026 00:00;;05/03/2026 17:10;60.000
4062788b-a190-4bd7-a48e-d128a1252040;410;Réception (B.L. : 1700233677);1700233677;;FOURNISSEUR CENTRALE;;Pas de commande associée;O;19/03/2026 00:00;;20/03/2026 12:22;0.000
40837ab2-8d08-49ca-b788-1ef75bcfd2d1;410;Réception (B.L. : 1100216122);1100216122;;FOURNISSEUR CENTRALE;;Pas de commande associée;O;08/04/2026 00:00;;08/04/2026 12:17;0.000
4085b62a-56ab-492e-992a-f7c07e9258e3;356;Réception (B.L. : 1800337944);1800337944;;FOURNISSEUR CENTRALE;;Pas de commande associée;O;10/04/2026 00:00;;10/04/2026 12:28;0.000
409232f8-846e-469b-a773-4f90c715cf12;410;Réception (B.L. : 1100212048);1100212048;;FOURNISSEUR CENTRALE;;Pas de commande associée;O;14/03/2026 00:00;;14/03/2026 12:11;0.000
409f42b2-b08d-45e0-a158-7d3fde5ee1de;353;Réception (B.L. : 1800334507);1800334507;;FOURNISSEUR CENTRALE;;Pas de commande associée;O;27/03/2026 00:00;;27/03/2026 17:11;40.000
40b6e783-d67e-4263-ab96-69439499a70b;356;Réception (B.L. : 1100214208);1100214208;;FOURNISSEUR CENTRALE;;Pas de commande associée;O;26/03/2026 00:00;;26/03/2026 17:14;0.000
4134806f-cd7a-4363-ae09-bb5de7ac98e6;353;Réception (B.L. : 1700237255);1700237255;;FOURNISSEUR CENTRALE;;Pas de commande associée;O;07/04/2026 00:00;;08/04/2026 12:21;12.000
41358963-6b14-44a6-a008-6dc1855ae16a;364;Réception (B.L. : 1200107041);1200107041;;FOURNISSEUR CENTRALE;;Pas de commande associée;O;24/03/2026 00:00;;24/03/2026 12:11;6.000
41441fa9-8013-4099-8e39-72fb31ea219f;353;Réception (B.L. : 1800328382);1800328382;;FOURNISSEUR CENTRALE;;Pas de commande associée;O;04/03/2026 00:00;;04/03/2026 12:28;1140.000
414872d2-eeee-44c7-9caa-938686443895;356;Réception (B.L. : 1700234953);1700234953;;FOURNISSEUR CENTRALE;;Pas de commande associée;O;26/03/2026 00:00;;27/03/2026 12:21;0.000
41541880-b527-4ad7-8948-5a178bb796cf;413;Réception (B.L. : 1700232197);1700232197;;FOURNISSEUR CENTRALE;;Pas de commande associée;O;13/03/2026 00:00;;13/03/2026 12:19;24.000
416ca6f6-6c69-4242-a251-fa601f5b9af4;411;Réception (B.L. : 1800328804);1800328804;;FOURNISSEUR CENTRALE;;Pas de commande associée;O;05/03/2026 00:00;;05/03/2026 17:13;0.000
416fa6b6-bd78-4731-96f6-31baae16ffb2;356;Réception (B.L. : 1800336706);1800336706;;FOURNISSEUR CENTRALE;;Pas de commande associée;O;06/04/2026 00:00;;06/04/2026 12:23;0.000
419a4379-9afc-4dbe-bdd9-8ca10a5dd39c;411;Réception (B.L. : 1800333803);1800333803;;FOURNISSEUR CENTRALE;;Pas de commande associée;O;24/03/2026 00:00;;25/03/2026 12:14;0.000
41b4d646-9323-4ac1-9988-47ddad670cc1;356;Réception (B.L. : 1100215806);1100215806;;FOURNISSEUR CENTRALE;;Pas de commande associée;O;06/04/2026 00:00;;06/04/2026 12:12;0.000
41cfe82c-1b7e-4fa7-b67c-ec3207a45c3b;411;Réception (B.L. : 1700237305);1700237305;;FOURNISSEUR CENTRALE;;Pas de commande associée;O;08/04/2026 00:00;;08/04/2026 12:18;0.000
41f30a3b-46c5-4eef-8c31-97fc6d0abc8f;411;Réception (B.L. : 1700232804);1700232804;;FOURNISSEUR CENTRALE;;Pas de commande associée;O;17/03/2026 00:00;;17/03/2026 12:28;0.000
41f7ab0a-2d4e-4120-abc1-85f3bdc96225;356;Réception (B.L. : 1800332706);1800332706;;FOURNISSEUR CENTRALE;;Pas de commande associée;O;20/03/2026 00:00;;20/03/2026 12:24;0.000
4219e6ad-8b01-4da8-a107-eba6254de36a;356;Réception (B.L. : 1100213742);1100213742;;FOURNISSEUR CENTRALE;;Pas de commande associée;O;25/03/2026 00:00;;25/03/2026 12:11;0.000
422375f5-aff1-4ea9-9983-e99bff8b4cbc;410;Réception (B.L. : 1700234467);1700234467;;FOURNISSEUR CENTRALE;;Pas de commande associée;O;24/03/2026 00:00;;25/03/2026 12:26;0.000
42311d11-6aab-4e1e-a8b2-8b431a63822f;410;Réception (B.L. : 1700233052);1700233052;;FOURNISSEUR CENTRALE;;Pas de commande associée;O;18/03/2026 00:00;;18/03/2026 12:28;0.000
42698443-0ff3-4181-a23f-dbdcd5c29c94;353;Réception (B.L. : 1800332026);1800332026;;FOURNISSEUR CENTRALE;;Pas de commande associée;O;18/03/2026 00:00;;18/03/2026 12:22;225.000
427c99d4-4d43-4e4b-b923-ea6d69721b30;353;Réception (B.L. : 1100214539);1100214539;;FOURNISSEUR CENTRALE;;Pas de commande associée;O;30/03/2026 00:00;;30/03/2026 12:17;24.000
42a1ad62-81d7-4d98-9919-2429e67e4a6f;413;Réception (B.L. : 1700234241);1700234241;;FOURNISSEUR CENTRALE;;Pas de commande associée;O;23/03/2026 00:00;;24/03/2026 12:22;72.000
42d18e7d-c2ea-4ce0-8fe1-819a3485c00c;413;Réception (B.L. : 1100214727);1100214727;;FOURNISSEUR CENTRALE;;Pas de commande associée;O;30/03/2026 00:00;;30/03/2026 17:11;72.000
42ddbb71-04bf-4b12-b479-2a282916e36f;410;Réception (B.L. : 1700231131);1700231131;;FOURNISSEUR CENTRALE;;Pas de commande associée;O;09/03/2026 00:00;;09/03/2026 12:14;0.000
42f943c1-96f5-42f6-a677-4fb0b55c1aed;364;Réception (B.L. : 1800332712);1800332712;;FOURNISSEUR CENTRALE;;Pas de commande associée;O;20/03/2026 00:00;;20/03/2026 12:20;1536.000
43030510-07b9-4f53-8d6d-5d348ce8ea4b;413;Réception (B.L. : 1100214230);1100214230;;FOURNISSEUR CENTRALE;;Pas de commande associée;O;27/03/2026 00:00;;27/03/2026 12:11;472.000
43a76086-e0e3-4443-807f-c6964d5896e5;411;Réception (B.L. : 1700236402);1700236402;;FOURNISSEUR CENTRALE;;Pas de commande associée;O;03/04/2026 00:00;;03/04/2026 12:32;0.000
43c112c5-c127-4a6e-abca-91dafc5eb2c7;411;Réception (B.L. : 1700229950);1700229950;;FOURNISSEUR CENTRALE;;Pas de commande associée;O;03/03/2026 00:00;;03/03/2026 12:21;0.000
4415ec4b-d243-4975-9565-abf78d89c3df;410;Réception (B.L. : 1100213038);1100213038;;FOURNISSEUR CENTRALE;;Pas de commande associée;O;20/03/2026 00:00;;20/03/2026 12:16;0.000
445ad0d8-aad2-4d7d-b7bb-3793a56609b8;364;Réception (B.L. : 1700233379);1700233379;;FOURNISSEUR CENTRALE;;Pas de commande associée;O;19/03/2026 00:00;;19/03/2026 12:12;428.000
4475a035-96c3-4e7e-9a50-8a5d82bed1ee;356;Réception (B.L. : 1200108321);1200108321;;FOURNISSEUR CENTRALE;;Pas de commande associée;O;09/04/2026 00:00;;09/04/2026 17:12;0.000
44915dee-a4bd-4a25-9a7f-2fbe7994b020;356;Réception (B.L. : 1100213192);1100213192;;FOURNISSEUR CENTRALE;;Pas de commande associée;O;23/03/2026 00:00;;23/03/2026 12:13;0.000
4496df23-502a-40d1-8366-903b4e760800;410;Réception (B.L. : 1700236345);1700236345;;FOURNISSEUR CENTRALE;;Pas de commande associée;O;03/04/2026 00:00;;03/04/2026 12:31;0.000
449f81a2-1243-4977-b5bd-64de9d024cea;356;Réception (B.L. : 1700233999);1700233999;;FOURNISSEUR CENTRALE;;Pas de commande associée;O;23/03/2026 00:00;;23/03/2026 12:26;0.000
44d86535-a660-450c-8def-3d37c8355446;410;Réception (B.L. : 1800329067);1800329067;;FOURNISSEUR CENTRALE;;Pas de commande associée;O;06/03/2026 00:00;;06/03/2026 12:39;0.000
44dc9d8d-9268-451f-be49-88c4eb158c94;413;Réception (B.L. : 1700235220);1700235220;;FOURNISSEUR CENTRALE;;Pas de commande associée;O;27/03/2026 00:00;;27/03/2026 12:26;0.000
45259a25-d492-46fc-ad56-6e3f54d0f28c;411;Réception (B.L. : 1700233681);1700233681;;FOURNISSEUR CENTRALE;;Pas de commande associée;O;19/03/2026 00:00;;20/03/2026 12:20;0.000
456c5997-5f14-4836-82bc-f5f0b20797c0;413;Réception (B.L. : 1700233817);1700233817;;FOURNISSEUR CENTRALE;;Pas de commande associée;O;20/03/2026 00:00;;20/03/2026 12:20;1842.000
45950e26-3fd3-4da0-9998-aa151ab3997c;353;Réception (B.L. : 1700235025);1700235025;;FOURNISSEUR CENTRALE;;Pas de commande associée;O;27/03/2026 00:00;;27/03/2026 12:19;8.000
45cbe7b0-3a32-4a8a-8e0d-91b7dfc03e2b;353;Réception (B.L. : 1800331405);1800331405;;FOURNISSEUR CENTRALE;;Pas de commande associée;O;16/03/2026 00:00;;16/03/2026 12:23;30.000
45e058b2-cf20-44c6-a228-7e2371c4becb;353;Réception (B.L. : 1100212116);1100212116;;FOURNISSEUR CENTRALE;;Pas de commande associée;O;16/03/2026 00:00;;16/03/2026 12:13;5.000
45e0ad7e-50b0-4e6c-b54d-83691e2146c0;410;Réception (B.L. : 1700236337);1700236337;;FOURNISSEUR CENTRALE;;Pas de commande associée;O;03/04/2026 00:00;;03/04/2026 12:23;0.000
460afcf0-da27-466c-b22d-dff8ae2e12f9;410;Réception (B.L. : 1100210346);1100210346;;FOURNISSEUR CENTRALE;;Pas de commande associée;O;04/03/2026 00:00;;04/03/2026 12:11;0.000
46227b38-3bdb-421b-94b9-d12f4520db01;410;Réception (B.L. : 1800328993);1800328993;;FOURNISSEUR CENTRALE;;Pas de commande associée;O;05/03/2026 00:00;;06/03/2026 12:35;0.000
463f6a35-0016-4f48-8604-74fe85b91854;353;Réception (B.L. : 1700237757);1700237757;;FOURNISSEUR CENTRALE;;Pas de commande associée;O;09/04/2026 00:00;;10/04/2026 12:18;195.000
46997a2d-7de2-4cd9-8685-90a44241fe66;413;Réception (B.L. : 1700234373);1700234373;;FOURNISSEUR CENTRALE;;Pas de commande associée;O;23/03/2026 00:00;;24/03/2026 12:24;0.000
469a7195-6af2-4e51-9045-b07185a86dca;410;Réception (B.L. : 1700230737);1700230737;;FOURNISSEUR CENTRALE;;Pas de commande associée;O;06/03/2026 00:00;;06/03/2026 12:25;0.000
46a84086-91b6-4a06-9919-80e221b0da2b;364;Réception (B.L. : 1700237774);1700237774;;FOURNISSEUR CENTRALE;;Pas de commande associée;O;09/04/2026 00:00;;10/04/2026 12:14;18.000
46cea821-b4a5-49cb-89f1-020319e613a9;353;Réception (B.L. : 1800329504);1800329504;;FOURNISSEUR CENTRALE;;Pas de commande associée;O;09/03/2026 00:00;;09/03/2026 12:23;505.000
46d98f2f-49ab-48d4-8773-06b41d4b7336;353;Réception (B.L. : 1100214908);1100214908;;FOURNISSEUR CENTRALE;;Pas de commande associée;O;01/04/2026 00:00;;01/04/2026 12:18;48.000
46f36e3c-1531-47ea-976a-c6dbf45e0b22;413;Réception (B.L. : 1200106151);1200106151;;FOURNISSEUR CENTRALE;;Pas de commande associée;O;10/03/2026 00:00;;10/03/2026 17:01;10.000
46f85e8d-b617-4491-8597-4764f7381e81;353;Réception (B.L. : 1700232133);1700232133;;FOURNISSEUR CENTRALE;;Pas de commande associée;O;13/03/2026 00:00;;13/03/2026 12:15;359.000
472f5dcd-ff15-4400-8b38-1617bd48b78e;356;Réception (B.L. : 1700230270);1700230270;;FOURNISSEUR CENTRALE;;Pas de commande associée;O;04/03/2026 00:00;;04/03/2026 12:28;0.000
478fe024-6ada-4668-80cd-e939eb6a87ea;411;Réception (B.L. : 1100216552);1100216552;;FOURNISSEUR CENTRALE;;Pas de commande associée;O;10/04/2026 00:00;;10/04/2026 12:14;0.000
47955185-c2b6-4d60-8789-02cb912e9f53;356;Réception (B.L. : 1800329514);1800329514;;FOURNISSEUR CENTRALE;;Pas de commande associée;O;09/03/2026 00:00;;09/03/2026 12:26;0.000
47c9d7de-8726-498e-a525-499feab93054;364;Réception (B.L. : 1800329597);1800329597;;FOURNISSEUR CENTRALE;;Pas de commande associée;O;09/03/2026 00:00;;09/03/2026 12:16;7.000
47dc9e56-1a71-444e-a0b8-622bd68b8640;413;Réception (B.L. : 1200105586);1200105586;;FOURNISSEUR CENTRALE;;Pas de commande associée;O;03/03/2026 00:00;;03/03/2026 12:11;120.000
480373ae-6e44-45c5-aedb-4599a4d436cb;411;Réception (B.L. : 1100214813);1100214813;;FOURNISSEUR CENTRALE;;Pas de commande associée;O;31/03/2026 00:00;;31/03/2026 12:18;0.000
48067133-2293-4d4a-ae97-83723d088e80;413;Réception (B.L. : 1700230984);1700230984;;FOURNISSEUR CENTRALE;;Pas de commande associée;O;06/03/2026 00:00;;06/03/2026 17:14;4.000
4875fb03-1be7-43a9-8c7f-7f578ca9e999;356;Réception (B.L. : 1800332035);1800332035;;FOURNISSEUR CENTRALE;;Pas de commande associée;O;18/03/2026 00:00;;18/03/2026 12:26;0.000
487da07a-bffa-45da-9972-32134c9dcc41;356;Réception (B.L. : 1800333769);1800333769;;FOURNISSEUR CENTRALE;;Pas de commande associée;O;24/03/2026 00:00;;25/03/2026 12:30;0.000
4885f08e-68f7-4ff0-862a-a4ba178de34b;353;Réception (B.L. : 1700237249);1700237249;;FOURNISSEUR CENTRALE;;Pas de commande associée;O;07/04/2026 00:00;;08/04/2026 12:15;2536.000
4895ab5e-6600-4f44-9c47-77a5b3d928c2;353;Réception (B.L. : 1100214890);1100214890;;FOURNISSEUR CENTRALE;;Pas de commande associée;O;01/04/2026 00:00;;01/04/2026 12:14;130.000
489f2169-4b7d-4b69-8906-94836209df55;356;Réception (B.L. : 1800328431);1800328431;;FOURNISSEUR CENTRALE;;Pas de commande associée;O;04/03/2026 00:00;;04/03/2026 12:32;0.000
48a27b0e-eacd-4380-b704-bf7af789ef91;411;Réception (B.L. : 1700231367);1700231367;;FOURNISSEUR CENTRALE;;Pas de commande associée;O;09/03/2026 00:00;;09/03/2026 12:11;0.000
48af7c73-56e0-4f0a-a3d8-2bd6e1cbb40b;413;Réception (B.L. : 1100215970);1100215970;;FOURNISSEUR CENTRALE;;Pas de commande associée;O;07/04/2026 00:00;;06/04/2026 23:21;30.000
48f198a0-c006-412b-924c-05f209c94a27;353;Réception (B.L. : 1100213233);1100213233;;FOURNISSEUR CENTRALE;;Pas de commande associée;O;23/03/2026 00:00;;23/03/2026 12:13;450.000
48f9e940-01a1-491f-bb49-4dce82324fca;356;Réception (B.L. : 1800335537);1800335537;;FOURNISSEUR CENTRALE;;Pas de commande associée;O;01/04/2026 00:00;;01/04/2026 12:32;0.000
49213ce0-c7d3-4e6b-84db-59df35ff9561;353;Réception (B.L. : 1700237252);1700237252;;FOURNISSEUR CENTRALE;;Pas de commande associée;O;07/04/2026 00:00;;08/04/2026 12:18;585.000
4925b0da-e5c4-4571-8fe7-a75160642051;410;Réception (B.L. : 1700231697);1700231697;;FOURNISSEUR CENTRALE;;Pas de commande associée;O;11/03/2026 00:00;;11/03/2026 12:20;0.000
4987bbf1-fa6c-418c-a388-90bff1a27052;364;Réception (B.L. : 1100210821);1100210821;;FOURNISSEUR CENTRALE;;Pas de commande associée;O;06/03/2026 00:00;;06/03/2026 12:13;180.000
49a83312-4b77-4bb9-b997-a02ee2575aad;364;Réception (B.L. : 1100215372);1100215372;;FOURNISSEUR CENTRALE;;Pas de commande associée;O;03/04/2026 00:00;;03/04/2026 12:13;126.000
49db733d-cbea-4f6a-8515-fbb1840d3f9f;411;Réception (B.L. : 1100215377);1100215377;;FOURNISSEUR CENTRALE;;Pas de commande associée;O;03/04/2026 00:00;;03/04/2026 12:12;0.000
49fbdbc1-a0ff-4628-8652-a565962be58d;411;Réception (B.L. : 1100210755);1100210755;;FOURNISSEUR CENTRALE;;Pas de commande associée;O;06/03/2026 00:00;;06/03/2026 12:19;0.000
4a174707-a7e9-4e31-9999-c16d3632524a;353;Réception (B.L. : 1800337937);1800337937;;FOURNISSEUR CENTRALE;;Pas de commande associée;O;10/04/2026 00:00;;10/04/2026 12:28;40.000
4a252d93-a076-47a0-a080-d86f410eb400;356;Réception (B.L. : 1800332034);1800332034;;FOURNISSEUR CENTRALE;;Pas de commande associée;O;18/03/2026 00:00;;18/03/2026 12:25;0.000
4a4da577-e511-422e-86ad-b93dd5f2732d;356;Réception (B.L. : 1700233042);1700233042;;FOURNISSEUR CENTRALE;;Pas de commande associée;O;18/03/2026 00:00;;18/03/2026 12:20;0.000
4a832df7-ab31-4289-9d00-1a1befde0082;413;Réception (B.L. : 1700232829);1700232829;;FOURNISSEUR CENTRALE;;Pas de commande associée;O;17/03/2026 00:00;;17/03/2026 12:20;42.000
4a9e9748-04af-41c1-b800-07b3550339e3;353;Réception (B.L. : 1800330195);1800330195;;FOURNISSEUR CENTRALE;;Pas de commande associée;O;11/03/2026 00:00;;11/03/2026 12:23;500.000
4ac7d29b-4f02-4651-9b09-0f57d97d6521;356;Réception (B.L. : 1100213745);1100213745;;FOURNISSEUR CENTRALE;;Pas de commande associée;O;25/03/2026 00:00;;25/03/2026 12:14;0.000
4aee54df-d040-4d19-b476-0212fe39387b;410;Réception (B.L. : 1700229680);1700229680;;FOURNISSEUR CENTRALE;;Pas de commande associée;O;02/03/2026 00:00;;02/03/2026 12:15;0.000
4af6b1fa-14b8-4c7e-860d-761649538ab8;411;Réception (B.L. : 1100215380);1100215380;;FOURNISSEUR CENTRALE;;Pas de commande associée;O;03/04/2026 00:00;;03/04/2026 12:15;0.000
4af9a2d5-f234-4cfc-87a7-dcfe4229a070;413;Réception (B.L. : 1700230046);1700230046;;FOURNISSEUR CENTRALE;;Pas de commande associée;O;03/03/2026 00:00;;03/03/2026 17:02;668.000
4b1aeb6e-4026-428f-b341-39f5b720671a;364;Réception (B.L. : 1700232111);1700232111;;FOURNISSEUR CENTRALE;;Pas de commande associée;O;12/03/2026 00:00;;12/03/2026 12:10;8.000
4b5a94d0-c87a-4fa2-965c-338fd0697f21;364;Réception (B.L. : 1100212942);1100212942;;FOURNISSEUR CENTRALE;;Pas de commande associée;O;20/03/2026 00:00;;20/03/2026 12:12;861.000
4b890287-6875-4f12-9128-1601641f6140;353;Réception (B.L. : 1800332695);1800332695;;FOURNISSEUR CENTRALE;;Pas de commande associée;O;20/03/2026 00:00;;20/03/2026 12:24;158.000
4b9b52e2-865e-4ea9-b0a5-e227ef0d9b54;353;Réception (B.L. : 1800333205);1800333205;;FOURNISSEUR CENTRALE;;Pas de commande associée;O;22/03/2026 00:00;;23/03/2026 12:30;110.000
4b9de9e2-1811-462e-bda6-e61685a30e48;353;Réception (B.L. : 1800328970);1800328970;;FOURNISSEUR CENTRALE;;Pas de commande associée;O;05/03/2026 00:00;;06/03/2026 12:23;435.800
4c0cb19e-9f81-4403-b2c9-efd5dfa85b5c;410;Réception (B.L. : 1700235860);1700235860;;FOURNISSEUR CENTRALE;;Pas de commande associée;O;01/04/2026 00:00;;01/04/2026 12:27;0.000
4c4358ec-acf8-4602-8a99-495b6b1db6f1;353;Réception (B.L. : 1700231090);1700231090;;FOURNISSEUR CENTRALE;;Pas de commande associée;O;09/03/2026 00:00;;09/03/2026 12:16;1745.000
4c6444a4-39e2-4ca4-b974-cd5498d1cdd3;411;Réception (B.L. : 1200107437);1200107437;;FOURNISSEUR CENTRALE;;Pas de commande associée;O;28/03/2026 00:00;;28/03/2026 12:11;0.000
4c72c100-f7e9-4b9b-8744-b8b5f1f0c4ac;353;Réception (B.L. : 1100214891);1100214891;;FOURNISSEUR CENTRALE;;Pas de commande associée;O;01/04/2026 00:00;;01/04/2026 12:15;12.000
4c7ec656-9869-4f98-8f2c-1cbc85cf1b0e;356;Réception (B.L. : 1700231904);1700231904;;FOURNISSEUR CENTRALE;;Pas de commande associée;O;11/03/2026 00:00;;11/03/2026 12:28;0.000
4c7f5e90-c6e2-4f13-b66c-fc19929a7596;410;Réception (B.L. : 1800336192);1800336192;;FOURNISSEUR CENTRALE;;Pas de commande associée;O;03/04/2026 00:00;;03/04/2026 12:35;0.000
4c9a4598-fc97-4f41-ad27-b204f2d45476;410;Réception (B.L. : 1100216106);1100216106;;FOURNISSEUR CENTRALE;;Pas de commande associée;O;07/04/2026 00:00;;07/04/2026 17:13;0.000
4ca5cfec-287c-457c-9fed-99314749be38;411;Réception (B.L. : 1100210139);1100210139;;FOURNISSEUR CENTRALE;;Pas de commande associée;O;03/03/2026 00:00;;03/03/2026 12:14;0.000
4cb3f005-34dc-4cb8-aca7-6c5a642596f6;364;Réception (B.L. : 1800334418);1800334418;;FOURNISSEUR CENTRALE;;Pas de commande associée;O;27/03/2026 00:00;;27/03/2026 12:16;1000.000
4d05d07b-6d15-48b8-9053-9a26719f3a12;364;Réception (B.L. : 1700237445);1700237445;;FOURNISSEUR CENTRALE;;Pas de commande associée;O;08/04/2026 00:00;;08/04/2026 12:17;3.000
4d876a53-661c-493f-a6e8-b26cddf732b2;410;Réception (B.L. : 1100212417);1100212417;;FOURNISSEUR CENTRALE;;Pas de commande associée;O;18/03/2026 00:00;;18/03/2026 12:15;0.000
4dcc023d-7158-4c2f-a112-314b58aecd48;356;Réception (B.L. : 1100210707);1100210707;;FOURNISSEUR CENTRALE;;Pas de commande associée;O;06/03/2026 00:00;;06/03/2026 12:11;0.000
4dd50102-bdf4-4264-8c84-0101bcd09a49;410;Réception (B.L. : 1100210703);1100210703;;FOURNISSEUR CENTRALE;;Pas de commande associée;O;06/03/2026 00:00;;06/03/2026 12:15;0.000
4dde91ac-a2ad-4724-830f-9337bfa120ca;411;Réception (B.L. : 1800337975);1800337975;;FOURNISSEUR CENTRALE;;Pas de commande associée;O;10/04/2026 00:00;;10/04/2026 12:26;0.000
4df50b15-b3b1-4a52-896d-cc8945e6ea06;356;Réception (B.L. : 1700230922);1700230922;;FOURNISSEUR CENTRALE;;Pas de commande associée;O;06/03/2026 00:00;;06/03/2026 12:22;0.000
4e014840-6bb9-44ab-bd79-b89407b4dd00;356;Réception (B.L. : 1100213854);1100213854;;FOURNISSEUR CENTRALE;;Pas de commande associée;O;25/03/2026 00:00;;25/03/2026 12:17;0.000
4e3959ab-6fe2-4f3b-8a1e-c5e1c92d0869;410;Réception (B.L. : 1100216498);1100216498;;FOURNISSEUR CENTRALE;;Pas de commande associée;O;10/04/2026 00:00;;10/04/2026 12:11;0.000
4e4b8423-5637-406d-b633-f9f05d72dcc4;356;Réception (B.L. : 1700234539);1700234539;;FOURNISSEUR CENTRALE;;Pas de commande associée;O;25/03/2026 00:00;;25/03/2026 12:25;0.000
4e6da945-4c4b-4802-a26e-4bb6fb331802;410;Réception (B.L. : 1700232203);1700232203;;FOURNISSEUR CENTRALE;;Pas de commande associée;O;13/03/2026 00:00;;13/03/2026 12:19;0.000
4e951627-d056-4030-8b7d-b5ea115c69bc;411;Réception (B.L. : 1100215113);1100215113;;FOURNISSEUR CENTRALE;;Pas de commande associée;O;02/04/2026 00:00;;02/04/2026 00:41;0.000
4ea001cc-a706-4c67-a951-42fbbe6aed6e;410;Réception (B.L. : 1100210965);1100210965;;FOURNISSEUR CENTRALE;;Pas de commande associée;O;07/03/2026 00:00;;07/03/2026 12:12;0.000
4ec598a3-5630-4fda-87df-9539faf7b113;413;Réception (B.L. : 1700232196);1700232196;;FOURNISSEUR CENTRALE;;Pas de commande associée;O;13/03/2026 00:00;;13/03/2026 12:18;1056.000
4ef0d011-32a4-4cf0-bd2f-b01587f5324b;364;Réception (B.L. : 1100213554);1100213554;;FOURNISSEUR CENTRALE;;Pas de commande associée;O;24/03/2026 00:00;;24/03/2026 12:16;7.000
4f0481f7-5cc5-438b-beea-67abf7307612;411;Réception (B.L. : 1700234998);1700234998;;FOURNISSEUR CENTRALE;;Pas de commande associée;O;27/03/2026 00:00;;27/03/2026 12:25;0.000
4f2010dc-5191-4db4-9371-becdcb8efeec;410;Réception (B.L. : 1800334932);1800334932;;FOURNISSEUR CENTRALE;;Pas de commande associée;O;29/03/2026 00:00;;30/03/2026 12:35;0.000
4f4400a7-6485-4f40-9d6d-f389edb900d3;353;Réception (B.L. : 1700234594);1700234594;;FOURNISSEUR CENTRALE;;Pas de commande associée;O;25/03/2026 00:00;;25/03/2026 12:26;2.000
4f9a42d5-8087-4ac7-8631-8b7f2faa7c47;410;Réception (B.L. : 1100213185);1100213185;;FOURNISSEUR CENTRALE;;Pas de commande associée;O;23/03/2026 00:00;;22/03/2026 23:22;0.000
4fc59bbf-86bf-4e4c-9383-127cc2983655;353;Réception (B.L. : 1100212412);1100212412;;FOURNISSEUR CENTRALE;;Pas de commande associée;O;18/03/2026 00:00;;18/03/2026 12:12;1104.000
4fd3ff3d-28ca-476a-b794-e1262d8dd557;353;Réception (B.L. : 1800336699);1800336699;;FOURNISSEUR CENTRALE;;Pas de commande associée;O;06/04/2026 00:00;;06/04/2026 12:27;18.000
4fdb0424-996d-4fcd-aa26-179bb6fdcf4e;353;Réception (B.L. : 1800334981);1800334981;;FOURNISSEUR CENTRALE;;Pas de commande associée;O;30/03/2026 00:00;;30/03/2026 17:11;618.800
4fdfb6a4-4354-4da9-a409-8eff5e24c7ff;353;Réception (B.L. : 1800337938);1800337938;;FOURNISSEUR CENTRALE;;Pas de commande associée;O;10/04/2026 00:00;;10/04/2026 12:29;701.532
4fe04eb8-aabb-423e-ac2e-742989624efe;353;Réception (B.L. : 1100215704);1100215704;;FOURNISSEUR CENTRALE;;Pas de commande associée;O;04/04/2026 00:00;;04/04/2026 17:13;6.000
5006df28-ffad-4dea-ad0e-458441362dd4;356;Réception (B.L. : 1200105953);1200105953;;FOURNISSEUR CENTRALE;;Pas de commande associée;O;06/03/2026 00:00;;06/03/2026 17:11;0.000
503983a6-faf6-4c8f-81a0-fab9a386ec03;410;Réception (B.L. : 1700229682);1700229682;;FOURNISSEUR CENTRALE;;Pas de commande associée;O;02/03/2026 00:00;;02/03/2026 12:17;0.000
503a830d-dd2f-45b7-a1fb-5c3a45df9e98;364;Réception (B.L. : 1800335609);1800335609;;FOURNISSEUR CENTRALE;;Pas de commande associée;O;01/04/2026 00:00;;01/04/2026 12:14;80.000
50a18b4f-672e-42c6-a5ef-cfaeebaa39e3;411;Réception (B.L. : 1800336197);1800336197;;FOURNISSEUR CENTRALE;;Pas de commande associée;O;03/04/2026 00:00;;03/04/2026 12:37;0.000
51020e7b-9f22-4f34-b985-3a26e0f5c947;413;Réception (B.L. : 1800329002);1800329002;;FOURNISSEUR CENTRALE;;Pas de commande associée;O;05/03/2026 00:00;;06/03/2026 12:19;309.104
510375fa-32e3-43e9-acb5-316659b51520;411;Réception (B.L. : 1700235634);1700235634;;FOURNISSEUR CENTRALE;;Pas de commande associée;O;30/03/2026 00:00;;31/03/2026 12:21;0.000
5110ccb7-8371-458a-a0e8-6be4f5b04dff;364;Réception (B.L. : 1800329526);1800329526;;FOURNISSEUR CENTRALE;;Pas de commande associée;O;09/03/2026 00:00;;09/03/2026 12:14;322.000
511385dd-4274-4785-ab53-20e983a6573b;413;Réception (B.L. : 1700230985);1700230985;;FOURNISSEUR CENTRALE;;Pas de commande associée;O;06/03/2026 00:00;;06/03/2026 17:15;135.000
515dbfa7-1051-4852-954e-1141fc12c869;410;Réception (B.L. : 1800333289);1800333289;;FOURNISSEUR CENTRALE;;Pas de commande associée;O;23/03/2026 00:00;;23/03/2026 17:10;0.000
516601b3-9951-415a-bcf1-147e9e9654fe;413;Réception (B.L. : 1700231369);1700231369;;FOURNISSEUR CENTRALE;;Pas de commande associée;O;09/03/2026 00:00;;09/03/2026 12:11;360.000
5175faca-c689-43ba-87ff-913e25365a9b;410;Réception (B.L. : 1100214203);1100214203;;FOURNISSEUR CENTRALE;;Pas de commande associée;O;26/03/2026 00:00;;26/03/2026 17:12;0.000
51a787f2-becf-452f-bb12-ab7cb8575801;364;Réception (B.L. : 1100213492);1100213492;;FOURNISSEUR CENTRALE;;Pas de commande associée;O;24/03/2026 00:00;;24/03/2026 12:15;96.000
51a91379-c32d-456e-8efe-7a608192e921;353;Réception (B.L. : 1100212053);1100212053;;FOURNISSEUR CENTRALE;;Pas de commande associée;O;15/03/2026 00:00;;16/03/2026 12:12;18.000
51aed220-9251-4165-b018-d7bb50963885;353;Réception (B.L. : 1100215443);1100215443;;FOURNISSEUR CENTRALE;;Pas de commande associée;O;03/04/2026 00:00;;03/04/2026 12:14;4.000
51afa0ff-0cfd-402d-94f5-aeaa978a35e8;413;Réception (B.L. : 1700234239);1700234239;;FOURNISSEUR CENTRALE;;Pas de commande associée;O;23/03/2026 00:00;;24/03/2026 12:20;62.000
51b84ff8-3bc6-4fa2-8df3-1157cbdbffd9;410;Réception (B.L. : 1800336829);1800336829;;FOURNISSEUR CENTRALE;;Pas de commande associée;O;06/04/2026 00:00;;06/04/2026 12:34;0.000
51d20335-ec86-47fb-b9b2-cfea24d8d245;411;Réception (B.L. : 1800328628);1800328628;;FOURNISSEUR CENTRALE;;Pas de commande associée;O;05/03/2026 00:00;;05/03/2026 12:10;0.000
51e8c240-6d27-4b69-8aad-24bb6fa9e15a;411;Réception (B.L. : 1700231882);1700231882;;FOURNISSEUR CENTRALE;;Pas de commande associée;O;11/03/2026 00:00;;11/03/2026 12:10;0.000
51ee0c6f-0cdf-4473-8e28-a3e66ccd1e9a;411;Réception (B.L. : 1100215376);1100215376;;FOURNISSEUR CENTRALE;;Pas de commande associée;O;03/04/2026 00:00;;03/04/2026 12:11;0.000
51f1b558-8205-4933-974d-09590e2d0267;356;Réception (B.L. : 1100212940);1100212940;;FOURNISSEUR CENTRALE;;Pas de commande associée;O;20/03/2026 00:00;;20/03/2026 12:14;0.000
52323083-0754-4ca6-a1a8-5cf8b83f1166;413;Réception (B.L. : 1700235747);1700235747;;FOURNISSEUR CENTRALE;;Pas de commande associée;O;31/03/2026 00:00;;31/03/2026 12:26;36.000
52391658-c3af-476b-a123-acdb26ba6752;410;Réception (B.L. : 1100214885);1100214885;;FOURNISSEUR CENTRALE;;Pas de commande associée;O;01/04/2026 00:00;;01/04/2026 12:20;0.000
52501a92-be82-4c25-bdd1-50abd93cb767;353;Réception (B.L. : 1700231679);1700231679;;FOURNISSEUR CENTRALE;;Pas de commande associée;O;11/03/2026 00:00;;11/03/2026 12:16;582.000
5257e904-e872-4a33-8779-aecd6ecbcbc7;410;Réception (B.L. : 1200106674);1200106674;;FOURNISSEUR CENTRALE;;Pas de commande associée;O;18/03/2026 00:00;;18/03/2026 12:10;0.000
5266d3cb-86b2-4dd7-8b94-417b1093ce4b;411;Réception (B.L. : 1800333243);1800333243;;FOURNISSEUR CENTRALE;;Pas de commande associée;O;22/03/2026 00:00;;23/03/2026 12:11;0.000
528034bd-a3ac-4143-b17b-015d1ffe5bec;356;Réception (B.L. : 1700233994);1700233994;;FOURNISSEUR CENTRALE;;Pas de commande associée;O;23/03/2026 00:00;;23/03/2026 12:21;0.000
52811cbf-d445-41f5-87a2-0959a4ca93df;411;Réception (B.L. : 1100211189);1100211189;;FOURNISSEUR CENTRALE;;Pas de commande associée;O;09/03/2026 00:00;;09/03/2026 17:10;0.000
529fac31-8daa-437b-83b6-e0bd0d79381c;410;Réception (B.L. : 1100212905);1100212905;;FOURNISSEUR CENTRALE;;Pas de commande associée;O;20/03/2026 00:00;;20/03/2026 12:11;0.000
52ae5700-15c5-44d3-b968-a81500a0c06f;410;Réception (B.L. : 1700235390);1700235390;;FOURNISSEUR CENTRALE;;Pas de commande associée;O;30/03/2026 00:00;;30/03/2026 12:32;0.000
52b7074f-d91a-456a-a54e-e401315f5431;410;Réception (B.L. : 1800329543);1800329543;;FOURNISSEUR CENTRALE;;Pas de commande associée;O;09/03/2026 00:00;;09/03/2026 12:23;0.000
52e4719d-a1d0-4e9f-ba31-e3d613a4b1c6;410;Réception (B.L. : 1200107261);1200107261;;FOURNISSEUR CENTRALE;;Pas de commande associée;O;26/03/2026 00:00;;26/03/2026 17:11;0.000
52fb8223-96d4-448e-aed7-886f3429cd03;353;Réception (B.L. : 1700230761);1700230761;;FOURNISSEUR CENTRALE;;Pas de commande associée;O;06/03/2026 00:00;;06/03/2026 12:22;2.000
53074b69-0c15-4c5a-b55a-bb863ebcb6ab;410;Réception (B.L. : 1800332098);1800332098;;FOURNISSEUR CENTRALE;;Pas de commande associée;O;18/03/2026 00:00;;18/03/2026 12:40;0.000
530f287e-b097-4e16-956a-bf055da3baf6;364;Réception (B.L. : 1800334517);1800334517;;FOURNISSEUR CENTRALE;;Pas de commande associée;O;27/03/2026 00:00;;27/03/2026 17:11;1.000
53154ab1-d544-41c9-884e-fc02bef3c6b5;410;Réception (B.L. : 1700231132);1700231132;;FOURNISSEUR CENTRALE;;Pas de commande associée;O;09/03/2026 00:00;;09/03/2026 12:15;0.000
5330527e-1d70-4380-8d67-f0414f7ce4ff;410;Réception (B.L. : 1800327812);1800327812;;FOURNISSEUR CENTRALE;;Pas de commande associée;O;02/03/2026 00:00;;02/03/2026 12:21;0.000
53679236-1380-43b5-85df-eb4acdb799c1;356;Réception (B.L. : 1100211383);1100211383;;FOURNISSEUR CENTRALE;;Pas de commande associée;O;11/03/2026 00:00;;11/03/2026 12:16;0.000
5371c50f-d51f-48e7-ac32-0c1f8d6808ed;413;Réception (B.L. : 1800334444);1800334444;;FOURNISSEUR CENTRALE;;Pas de commande associée;O;27/03/2026 00:00;;27/03/2026 12:29;400.000
539b8597-9ac7-4a46-8f65-9204a19e9299;411;Réception (B.L. : 1700232156);1700232156;;FOURNISSEUR CENTRALE;;Pas de commande associée;O;13/03/2026 00:00;;13/03/2026 12:15;0.000
539e7f6b-9607-43b5-b1d4-0ecdea2e722c;411;Réception (B.L. : 1800334933);1800334933;;FOURNISSEUR CENTRALE;;Pas de commande associée;O;29/03/2026 00:00;;30/03/2026 12:11;0.000
539ef691-8582-4c76-9e75-2425f4f84dc5;356;Réception (B.L. : 1100209995);1100209995;;FOURNISSEUR CENTRALE;;Pas de commande associée;O;02/03/2026 00:00;;02/03/2026 12:15;0.000
53e29a73-53e5-45d8-9ca9-ef87fa06da1c;356;Réception (B.L. : 1800330205);1800330205;;FOURNISSEUR CENTRALE;;Pas de commande associée;O;11/03/2026 00:00;;11/03/2026 12:31;0.000
53fe115b-084f-4a0b-a58f-70b2ba38138a;353;Réception (B.L. : 1100215799);1100215799;;FOURNISSEUR CENTRALE;;Pas de commande associée;O;06/04/2026 00:00;;06/04/2026 12:12;3080.000
540c9d65-1afc-4f30-8b4a-9b3e75866e57;356;Réception (B.L. : 1200107269);1200107269;;FOURNISSEUR CENTRALE;;Pas de commande associée;O;26/03/2026 00:00;;26/03/2026 17:11;0.000
541f1ebf-193b-4d58-b1d2-59fd28d83208;410;Réception (B.L. : 1800334995);1800334995;;FOURNISSEUR CENTRALE;;Pas de commande associée;O;30/03/2026 00:00;;30/03/2026 17:12;0.000
548e3d58-9f38-4807-867b-32044d04ae00;356;Réception (B.L. : 1700233723);1700233723;;FOURNISSEUR CENTRALE;;Pas de commande associée;O;20/03/2026 00:00;;20/03/2026 12:17;0.000
54aa6c3a-6d51-44a1-9d17-a1dc5f3b8837;410;Réception (B.L. : 1700231134);1700231134;;FOURNISSEUR CENTRALE;;Pas de commande associée;O;09/03/2026 00:00;;09/03/2026 12:17;0.000
54efcd2a-127d-495c-8244-b1eeb61c4250;356;Réception (B.L. : 1700234595);1700234595;;FOURNISSEUR CENTRALE;;Pas de commande associée;O;25/03/2026 00:00;;25/03/2026 12:27;0.000
54fbf573-0608-4882-bf7f-bb2fff154370;413;Réception (B.L. : 1800332737);1800332737;;FOURNISSEUR CENTRALE;;Pas de commande associée;O;20/03/2026 00:00;;20/03/2026 12:24;54.000
551d14d0-8f5f-4cfc-915b-75336ca55560;413;Réception (B.L. : 1800334443);1800334443;;FOURNISSEUR CENTRALE;;Pas de commande associée;O;27/03/2026 00:00;;27/03/2026 12:28;1360.000
55238f51-4dbc-40d3-ba3f-c883861005c3;364;Réception (B.L. : 1800328976);1800328976;;FOURNISSEUR CENTRALE;;Pas de commande associée;O;05/03/2026 00:00;;06/03/2026 12:16;26.000
553b8791-28b9-476c-a996-2ce05191af5c;411;Réception (B.L. : 1700232736);1700232736;;FOURNISSEUR CENTRALE;;Pas de commande associée;O;16/03/2026 00:00;;16/03/2026 12:10;0.000
5572527b-20c5-43b3-912c-e5af9f53bef3;410;Réception (B.L. : 1700235389);1700235389;;FOURNISSEUR CENTRALE;;Pas de commande associée;O;30/03/2026 00:00;;30/03/2026 12:31;0.000
5576762b-2bf6-487a-b310-644d9a950daf;356;Réception (B.L. : 1800330203);1800330203;;FOURNISSEUR CENTRALE;;Pas de commande associée;O;11/03/2026 00:00;;11/03/2026 12:29;0.000
55aaa11f-9b38-43bb-8f9d-6cdc309c2206;353;Réception (B.L. : 1100213232);1100213232;;FOURNISSEUR CENTRALE;;Pas de commande associée;O;23/03/2026 00:00;;23/03/2026 12:12;1844.000
55ab3826-3ac1-427c-a398-8a7d9a54b436;356;Réception (B.L. : 1800337245);1800337245;;FOURNISSEUR CENTRALE;;Pas de commande associée;O;08/04/2026 00:00;;08/04/2026 12:25;0.000
55ae6c02-18dd-41ea-9118-bbcc801eca74;356;Réception (B.L. : 1100210751);1100210751;;FOURNISSEUR CENTRALE;;Pas de commande associée;O;06/03/2026 00:00;;06/03/2026 12:16;0.000
55aeecf4-5dd6-43d8-95e5-6c150e5f7837;353;Réception (B.L. : 1800334911);1800334911;;FOURNISSEUR CENTRALE;;Pas de commande associée;O;29/03/2026 00:00;;30/03/2026 12:28;40.000
55ba9d55-c50f-4c4d-b795-2802a3b1fbbd;356;Réception (B.L. : 1800327796);1800327796;;FOURNISSEUR CENTRALE;;Pas de commande associée;O;02/03/2026 00:00;;02/03/2026 12:30;0.000
55d76d26-b88f-43e0-a6f8-526fa9398a5e;410;Réception (B.L. : 1200107715);1200107715;;FOURNISSEUR CENTRALE;;Pas de commande associée;O;01/04/2026 00:00;;01/04/2026 12:12;0.000
55daa19a-964d-4547-89d5-ddae3bb204a5;411;Réception (B.L. : 1700230894);1700230894;;FOURNISSEUR CENTRALE;;Pas de commande associée;O;06/03/2026 00:00;;06/03/2026 12:25;0.000
55e92c06-d9cb-42ed-a25b-244d4a16afb9;364;Réception (B.L. : 1700234962);1700234962;;FOURNISSEUR CENTRALE;;Pas de commande associée;O;26/03/2026 00:00;;27/03/2026 12:14;738.000
560115e0-f117-4d6e-ac7c-a7cd80ce440a;411;Réception (B.L. : 1100214258);1100214258;;FOURNISSEUR CENTRALE;;Pas de commande associée;O;27/03/2026 00:00;;27/03/2026 12:15;0.000
5618ad77-55dd-45be-ae6e-ce56bf16e3a6;410;Réception (B.L. : 1700237789);1700237789;;FOURNISSEUR CENTRALE;;Pas de commande associée;O;09/04/2026 00:00;;10/04/2026 12:21;0.000
565dd9a7-93e8-4d24-81a1-c113ca5cb2ed;356;Réception (B.L. : 1100212075);1100212075;;FOURNISSEUR CENTRALE;;Pas de commande associée;O;16/03/2026 00:00;;16/03/2026 12:12;0.000
5688e667-86a1-41c9-9230-14fc9ee1e566;356;Réception (B.L. : 1800332701);1800332701;;FOURNISSEUR CENTRALE;;Pas de commande associée;O;20/03/2026 00:00;;20/03/2026 12:19;0.000
56974625-ab00-459f-a136-0ffbf68b4345;353;Réception (B.L. : 1100215803);1100215803;;FOURNISSEUR CENTRALE;;Pas de commande associée;O;06/04/2026 00:00;;06/04/2026 12:16;1.000
569cea91-09c5-4022-97df-b395ce72dba8;364;Réception (B.L. : 1100214391);1100214391;;FOURNISSEUR CENTRALE;;Pas de commande associée;O;27/03/2026 00:00;;27/03/2026 12:13;3.000
569d7730-658e-46d7-bb80-ad1843a8424a;411;Réception (B.L. : 1100211704);1100211704;;FOURNISSEUR CENTRALE;;Pas de commande associée;O;12/03/2026 00:00;;12/03/2026 17:10;0.000
5719e245-5252-40ca-8c4a-fd0315266d65;413;Réception (B.L. : 1800331621);1800331621;;FOURNISSEUR CENTRALE;;Pas de commande associée;O;16/03/2026 00:00;;17/03/2026 12:28;243.000
571c4d80-9f75-4fd1-bcae-b0b295d521e4;410;Réception (B.L. : 1700229721);1700229721;;FOURNISSEUR CENTRALE;;Pas de commande associée;O;02/03/2026 00:00;;02/03/2026 12:19;0.000
574a2688-e9eb-4f53-98c1-6fa6f8561744;353;Réception (B.L. : 1100212929);1100212929;;FOURNISSEUR CENTRALE;;Pas de commande associée;O;20/03/2026 00:00;;20/03/2026 12:13;24.000
576928c0-6d89-47a8-a521-67b368625f5e;410;Réception (B.L. : 1100216499);1100216499;;FOURNISSEUR CENTRALE;;Pas de commande associée;O;10/04/2026 00:00;;10/04/2026 12:12;0.000
576d6c7e-79b1-4ff3-ab98-b13e797961e7;411;Réception (B.L. : 1800330816);1800330816;;FOURNISSEUR CENTRALE;;Pas de commande associée;O;13/03/2026 00:00;;13/03/2026 12:30;0.000
578f3dd3-10db-4a93-b740-58f709a33941;410;Réception (B.L. : 1200107542);1200107542;;FOURNISSEUR CENTRALE;;Pas de commande associée;O;30/03/2026 00:00;;30/03/2026 12:11;0.000
57b15dd5-c259-4d8e-9623-94df176a7968;413;Réception (B.L. : 1100211309);1100211309;;FOURNISSEUR CENTRALE;;Pas de commande associée;O;10/03/2026 00:00;;10/03/2026 12:19;0.000
57c7bf0f-e120-4219-a5a4-ca4ad3b36575;413;Réception (B.L. : 1700234242);1700234242;;FOURNISSEUR CENTRALE;;Pas de commande associée;O;23/03/2026 00:00;;24/03/2026 12:23;72.000
57ceea96-ba7d-436e-ad39-0f47c34cc550;364;Réception (B.L. : 1700235331);1700235331;;FOURNISSEUR CENTRALE;;Pas de commande associée;O;28/03/2026 00:00;;28/03/2026 12:13;890.000
57ddcdd0-c7da-42a9-84fe-02da701fcfa5;411;Réception (B.L. : 1100215754);1100215754;;FOURNISSEUR CENTRALE;;Pas de commande associée;O;06/04/2026 00:00;;06/04/2026 12:13;0.000
57e78f6d-491c-495b-8edc-7448a8a581a0;356;Réception (B.L. : 1800332036);1800332036;;FOURNISSEUR CENTRALE;;Pas de commande associée;O;18/03/2026 00:00;;18/03/2026 12:27;0.000
57e98b0c-0618-48c3-a07b-cd75673b5bf5;413;Réception (B.L. : 1800335173);1800335173;;FOURNISSEUR CENTRALE;;Pas de commande associée;O;31/03/2026 00:00;;31/03/2026 12:29;54.000
5812a5ac-f24a-46fd-8a76-8507e9084511;356;Réception (B.L. : 1800329516);1800329516;;FOURNISSEUR CENTRALE;;Pas de commande associée;O;09/03/2026 00:00;;09/03/2026 12:28;0.000
58339ba7-89c0-40e3-a013-93b1a6f149a5;410;Réception (B.L. : 1800331458);1800331458;;FOURNISSEUR CENTRALE;;Pas de commande associée;O;16/03/2026 00:00;;16/03/2026 12:23;0.000
583d7e54-d980-4865-82c5-9c6c0a6b717c;356;Réception (B.L. : 1200107686);1200107686;;FOURNISSEUR CENTRALE;;Pas de commande associée;O;31/03/2026 00:00;;31/03/2026 17:11;0.000
583fbf6a-ad78-4e08-be6b-0c44877b4903;364;Réception (B.L. : 1100210862);1100210862;;FOURNISSEUR CENTRALE;;Pas de commande associée;O;06/03/2026 00:00;;06/03/2026 12:14;4.000
5843e8ec-e019-402d-9ffa-1e880c6c18e1;413;Réception (B.L. : 1800336202);1800336202;;FOURNISSEUR CENTRALE;;Pas de commande associée;O;03/04/2026 00:00;;03/04/2026 12:28;2340.000
584ef40a-5dbb-4bb0-9859-0a4c496ed25c;356;Réception (B.L. : 1800330204);1800330204;;FOURNISSEUR CENTRALE;;Pas de commande associée;O;11/03/2026 00:00;;11/03/2026 12:30;0.000
585e3155-07c3-4de7-bc8c-5d7615aa19ef;410;Réception (B.L. : 1100210306);1100210306;;FOURNISSEUR CENTRALE;;Pas de commande associée;O;03/03/2026 00:00;;03/03/2026 17:01;0.000
58850db8-8f58-4c92-bed9-f9605df801e8;410;Réception (B.L. : 1700234597);1700234597;;FOURNISSEUR CENTRALE;;Pas de commande associée;O;25/03/2026 00:00;;25/03/2026 12:28;0.000
58af524b-ab34-4084-8f8a-5a399d809749;353;Réception (B.L. : 1700234453);1700234453;;FOURNISSEUR CENTRALE;;Pas de commande associée;O;24/03/2026 00:00;;25/03/2026 12:24;12.000
58be9a39-21ae-4f7f-ab41-918c082f2887;411;Réception (B.L. : 1700233682);1700233682;;FOURNISSEUR CENTRALE;;Pas de commande associée;O;19/03/2026 00:00;;20/03/2026 12:21;0.000
58d47da0-86ea-406c-a322-47fa70a49cf1;411;Réception (B.L. : 1100213462);1100213462;;FOURNISSEUR CENTRALE;;Pas de commande associée;O;23/03/2026 00:00;;23/03/2026 17:10;0.000
58eba26e-7d5f-42cc-ac20-ab8bde71abe5;353;Réception (B.L. : 1800329584);1800329584;;FOURNISSEUR CENTRALE;;Pas de commande associée;O;09/03/2026 00:00;;09/03/2026 12:25;18.000
591de8d8-7fc9-4371-9e82-83b77c0265b7;353;Réception (B.L. : 1100211046);1100211046;;FOURNISSEUR CENTRALE;;Pas de commande associée;O;09/03/2026 00:00;;09/03/2026 12:12;4.000
5921f751-7109-430a-af40-0f7ec8fbf7e6;411;Réception (B.L. : 1700237819);1700237819;;FOURNISSEUR CENTRALE;;Pas de commande associée;O;09/04/2026 00:00;;10/04/2026 12:17;0.000
5935de95-3959-446e-83d8-0dfbfe82f478;353;Réception (B.L. : 1700234451);1700234451;;FOURNISSEUR CENTRALE;;Pas de commande associée;O;24/03/2026 00:00;;25/03/2026 12:22;11.000
593fcf82-7add-4dd5-9efc-b09f84552f39;413;Réception (B.L. : 1100212271);1100212271;;FOURNISSEUR CENTRALE;;Pas de commande associée;O;17/03/2026 00:00;;17/03/2026 12:11;20.000
5982185a-72da-4846-94ca-5bc76bdddc59;410;Réception (B.L. : 1100215749);1100215749;;FOURNISSEUR CENTRALE;;Pas de commande associée;O;06/04/2026 00:00;;06/04/2026 12:16;0.000
599f4117-93a8-4382-8d51-f0aafdfb7233;364;Réception (B.L. : 1700230979);1700230979;;FOURNISSEUR CENTRALE;;Pas de commande associée;O;06/03/2026 00:00;;06/03/2026 17:14;34.000
59e2beda-3f93-43c8-959c-536e81977a4f;410;Réception (B.L. : 1100214543);1100214543;;FOURNISSEUR CENTRALE;;Pas de commande associée;O;30/03/2026 00:00;;30/03/2026 12:14;0.000
5a01ec68-d64a-4dee-ae91-05f00f8567ac;410;Réception (B.L. : 1100211365);1100211365;;FOURNISSEUR CENTRALE;;Pas de commande associée;O;10/03/2026 00:00;;10/03/2026 17:01;0.000
5a35396a-1ea2-48b9-b2fc-ffb039237cfb;411;Réception (B.L. : 1200105686);1200105686;;FOURNISSEUR CENTRALE;;Pas de commande associée;O;04/03/2026 00:00;;04/03/2026 12:11;0.000
5a48b4d0-725b-41bf-9910-91d3cc988505;356;Réception (B.L. : 1200107282);1200107282;;FOURNISSEUR CENTRALE;;Pas de commande associée;O;26/03/2026 00:00;;26/03/2026 17:12;0.000
5a78890d-b585-4f17-9914-42126c36dea4;356;Réception (B.L. : 1700233998);1700233998;;FOURNISSEUR CENTRALE;;Pas de commande associée;O;23/03/2026 00:00;;23/03/2026 12:25;0.000
5a7cd86d-aff9-40f6-b8ee-82b5294eee06;364;Réception (B.L. : 1200106502);1200106502;;FOURNISSEUR CENTRALE;;Pas de commande associée;O;14/03/2026 00:00;;14/03/2026 12:11;5.000
5a808546-0091-4b6f-96fa-e100f8752639;411;Réception (B.L. : 1200108279);1200108279;;FOURNISSEUR CENTRALE;;Pas de commande associée;O;09/04/2026 00:00;;09/04/2026 12:11;0.000
5aa40466-1dd6-42ba-83c1-9ab80cb53d14;353;Réception (B.L. : 1100213151);1100213151;;FOURNISSEUR CENTRALE;;Pas de commande associée;O;21/03/2026 00:00;;21/03/2026 12:11;114.000
5ab26bc5-4fcb-4222-ba9d-585b60d4e14b;410;Réception (B.L. : 1700233053);1700233053;;FOURNISSEUR CENTRALE;;Pas de commande associée;O;18/03/2026 00:00;;18/03/2026 12:29;0.000
5ac46bb6-bcc8-4b73-bd65-f0d9a12469d7;410;Réception (B.L. : 1100213755);1100213755;;FOURNISSEUR CENTRALE;;Pas de commande associée;O;25/03/2026 00:00;;25/03/2026 12:20;0.000
5acae10f-cef4-4ee8-8fdf-62d4b44409e3;413;Réception (B.L. : 1700230983);1700230983;;FOURNISSEUR CENTRALE;;Pas de commande associée;O;06/03/2026 00:00;;06/03/2026 17:13;418.000
5b0c3855-ec47-4dcc-abac-e91461222e1b;410;Réception (B.L. : 1100215039);1100215039;;FOURNISSEUR CENTRALE;;Pas de commande associée;O;01/04/2026 00:00;;01/04/2026 12:24;0.000
5b955564-61cb-4f3e-9749-730b56c16ff6;410;Réception (B.L. : 1800328994);1800328994;;FOURNISSEUR CENTRALE;;Pas de commande associée;O;05/03/2026 00:00;;06/03/2026 12:36;0.000
5b9adb14-dbf7-4e70-9b96-ff9e77409039;353;Réception (B.L. : 1700230128);1700230128;;FOURNISSEUR CENTRALE;;Pas de commande associée;O;04/03/2026 00:00;;04/03/2026 12:21;4567.000
5bbaa72a-d0c9-4372-bd8a-086f8124e553;411;Réception (B.L. : 1700230759);1700230759;;FOURNISSEUR CENTRALE;;Pas de commande associée;O;06/03/2026 00:00;;06/03/2026 12:20;0.000
5bc557a0-2fff-4dda-be5b-826f75c0656b;356;Réception (B.L. : 1800335536);1800335536;;FOURNISSEUR CENTRALE;;Pas de commande associée;O;01/04/2026 00:00;;01/04/2026 12:31;0.000
5bc8f668-db9b-4806-ae3d-633efde4894a;411;Réception (B.L. : 1700235633);1700235633;;FOURNISSEUR CENTRALE;;Pas de commande associée;O;30/03/2026 00:00;;31/03/2026 12:20;0.000
5be4045a-7dca-40d8-a286-34ee914b7937;413;Réception (B.L. : 1800332074);1800332074;;FOURNISSEUR CENTRALE;;Pas de commande associée;O;18/03/2026 00:00;;18/03/2026 12:11;192.200
5bf2f052-4287-4861-8342-9de1831b0703;413;Réception (B.L. : 1100211223);1100211223;;FOURNISSEUR CENTRALE;;Pas de commande associée;O;10/03/2026 00:00;;10/03/2026 12:17;0.000
5c04fec7-9b32-41d6-9193-ec0a98310eef;356;Réception (B.L. : 1800333212);1800333212;;FOURNISSEUR CENTRALE;;Pas de commande associée;O;22/03/2026 00:00;;23/03/2026 12:29;0.000
5c12f7f4-c4bd-4c78-8296-10b5fbd5c4f0;410;Réception (B.L. : 1100215355);1100215355;;FOURNISSEUR CENTRALE;;Pas de commande associée;O;03/04/2026 00:00;;03/04/2026 12:15;0.000
5c16a6a9-5004-4355-a308-01322bfb89f2;356;Réception (B.L. : 1100211380);1100211380;;FOURNISSEUR CENTRALE;;Pas de commande associée;O;11/03/2026 00:00;;11/03/2026 12:13;0.000
5c2dfd34-6005-4104-a3b0-f05c11fca072;410;Réception (B.L. : 1800330807);1800330807;;FOURNISSEUR CENTRALE;;Pas de commande associée;O;13/03/2026 00:00;;13/03/2026 12:26;0.000
5c40a34d-15db-4958-bb40-3bd19192d520;411;Réception (B.L. : 1100216126);1100216126;;FOURNISSEUR CENTRALE;;Pas de commande associée;O;08/04/2026 00:00;;08/04/2026 12:14;0.000
5c4e5d2e-e99a-462f-a712-a401c1b8662c;356;Réception (B.L. : 1100210653);1100210653;;FOURNISSEUR CENTRALE;;Pas de commande associée;O;05/03/2026 00:00;;05/03/2026 17:12;0.000
5c81e23d-d854-41f8-96f4-6e56bf7291f1;353;Réception (B.L. : 1700237974);1700237974;;FOURNISSEUR CENTRALE;;Pas de commande associée;O;10/04/2026 00:00;;10/04/2026 12:24;3.000
5cae0931-4a24-4e7e-b627-c62c9cd780e2;356;Réception (B.L. : 1700230193);1700230193;;FOURNISSEUR CENTRALE;;Pas de commande associée;O;04/03/2026 00:00;;04/03/2026 12:21;0.000
5d27cd64-2634-4f30-b6c0-96d5b21fffc7;364;Réception (B.L. : 1700231646);1700231646;;FOURNISSEUR CENTRALE;;Pas de commande associée;O;10/03/2026 00:00;;10/03/2026 12:26;2.000
5d604c84-70f5-4d27-b9e6-66bcfbfcc4ad;356;Réception (B.L. : 1100215364);1100215364;;FOURNISSEUR CENTRALE;;Pas de commande associée;O;03/04/2026 00:00;;03/04/2026 12:14;0.000
5d78dab4-3ee2-4885-b404-2f64bb76da97;410;Réception (B.L. : 1100214549);1100214549;;FOURNISSEUR CENTRALE;;Pas de commande associée;O;30/03/2026 00:00;;30/03/2026 12:20;0.000
5d86b23e-6421-4159-93a9-5eaa5fcb31d3;413;Réception (B.L. : 1800337980);1800337980;;FOURNISSEUR CENTRALE;;Pas de commande associée;O;10/04/2026 00:00;;10/04/2026 12:27;282.200
5dceccd2-50bf-4473-98f3-53d5a975d1fa;410;Réception (B.L. : 1700233051);1700233051;;FOURNISSEUR CENTRALE;;Pas de commande associée;O;18/03/2026 00:00;;18/03/2026 12:27;0.000
5de9702d-40e9-41f0-ae50-cec8f61e11d3;410;Réception (B.L. : 1700231695);1700231695;;FOURNISSEUR CENTRALE;;Pas de commande associée;O;11/03/2026 00:00;;11/03/2026 12:18;0.000
5e3d7ecc-c094-4d99-a3a1-3c20fbf93edf;356;Réception (B.L. : 1700237809);1700237809;;FOURNISSEUR CENTRALE;;Pas de commande associée;O;09/04/2026 00:00;;10/04/2026 12:24;0.000
5e705eac-c01f-4866-8483-0fad3ec7e5f6;411;Réception (B.L. : 1100213507);1100213507;;FOURNISSEUR CENTRALE;;Pas de commande associée;O;24/03/2026 00:00;;24/03/2026 12:18;0.000
5e865252-daa4-4d90-9d96-85eb99ebce81;356;Réception (B.L. : 1700236790);1700236790;;FOURNISSEUR CENTRALE;;Pas de commande associée;O;06/04/2026 00:00;;06/04/2026 12:17;0.000
5eaae80a-906e-4fe4-910f-57d2645e7af4;364;Réception (B.L. : 1200108138);1200108138;;FOURNISSEUR CENTRALE;;Pas de commande associée;O;07/04/2026 00:00;;07/04/2026 17:11;1.000
5ebd493d-5410-4f23-806a-f9f8d009230c;353;Réception (B.L. : 1700230132);1700230132;;FOURNISSEUR CENTRALE;;Pas de commande associée;O;04/03/2026 00:00;;04/03/2026 12:25;16.000
5ee1e093-3637-410a-bdf1-59e041cd0074;353;Réception (B.L. : 1700232563);1700232563;;FOURNISSEUR CENTRALE;;Pas de commande associée;O;16/03/2026 00:00;;16/03/2026 12:19;10.000
5f2c8339-3406-46fb-ba1b-5e11cea12e6a;356;Réception (B.L. : 1100216531);1100216531;;FOURNISSEUR CENTRALE;;Pas de commande associée;O;10/04/2026 00:00;;10/04/2026 12:12;0.000
5f589576-5168-43d0-9530-a752b95ee48b;410;Réception (B.L. : 1700237299);1700237299;;FOURNISSEUR CENTRALE;;Pas de commande associée;O;08/04/2026 00:00;;08/04/2026 12:22;0.000
5f61c35f-65de-4130-80c1-edcc6c45b97b;353;Réception (B.L. : 1800337935);1800337935;;FOURNISSEUR CENTRALE;;Pas de commande associée;O;10/04/2026 00:00;;10/04/2026 12:26;480.000
5f8d03d5-714e-4081-9e17-263a84d6e6fd;410;Réception (B.L. : 1700235864);1700235864;;FOURNISSEUR CENTRALE;;Pas de commande associée;O;01/04/2026 00:00;;01/04/2026 12:31;0.000
5f9ec332-e73a-4a66-b0c4-e9e66b210744;356;Réception (B.L. : 1100216104);1100216104;;FOURNISSEUR CENTRALE;;Pas de commande associée;O;07/04/2026 00:00;;07/04/2026 17:12;0.000
5fa13395-5c4e-4f1d-a6ae-3c4d68a28a53;353;Réception (B.L. : 1800328384);1800328384;;FOURNISSEUR CENTRALE;;Pas de commande associée;O;04/03/2026 00:00;;04/03/2026 12:30;40.000
5fa2de68-6982-47f4-ad56-5eff05d22a1b;364;Réception (B.L. : 1800333866);1800333866;;FOURNISSEUR CENTRALE;;Pas de commande associée;O;25/03/2026 00:00;;25/03/2026 17:11;17.000
5fa87a24-8e0f-416d-9b73-f3c4d05b48cb;353;Réception (B.L. : 1800331464);1800331464;;FOURNISSEUR CENTRALE;;Pas de commande associée;O;16/03/2026 00:00;;16/03/2026 12:27;11.000
5fb3c61b-d051-4085-91e5-d4b3e247ba8d;410;Réception (B.L. : 1700233676);1700233676;;FOURNISSEUR CENTRALE;;Pas de commande associée;O;19/03/2026 00:00;;20/03/2026 12:21;0.000
5fc17016-132e-40cb-a496-51ab8d8b703f;356;Réception (B.L. : 1700236793);1700236793;;FOURNISSEUR CENTRALE;;Pas de commande associée;O;06/04/2026 00:00;;06/04/2026 12:20;0.000
5fc7cf92-e806-4709-ad64-21e0efad9242;410;Réception (B.L. : 1700230139);1700230139;;FOURNISSEUR CENTRALE;;Pas de commande associée;O;04/03/2026 00:00;;04/03/2026 12:18;0.000
5fd67247-a93d-4e15-afee-1f91e84009a9;411;Réception (B.L. : 1700231485);1700231485;;FOURNISSEUR CENTRALE;;Pas de commande associée;O;10/03/2026 00:00;;10/03/2026 12:18;0.000
5fe0050d-4b19-4127-99ac-d511e6c6f6e3;410;Réception (B.L. : 1700230148);1700230148;;FOURNISSEUR CENTRALE;;Pas de commande associée;O;04/03/2026 00:00;;04/03/2026 12:27;0.000
601fd18e-c448-458d-8845-c04ba58b63cb;413;Réception (B.L. : 1800331620);1800331620;;FOURNISSEUR CENTRALE;;Pas de commande associée;O;16/03/2026 00:00;;17/03/2026 12:27;2720.000
6045dbc9-9ad7-47ab-835b-7c71708a2ef6;411;Réception (B.L. : 1100212913);1100212913;;FOURNISSEUR CENTRALE;;Pas de commande associée;O;20/03/2026 00:00;;20/03/2026 12:14;0.000
6048cc12-bc2a-4912-b515-6b9400aa5d0f;353;Réception (B.L. : 1700230634);1700230634;;FOURNISSEUR CENTRALE;;Pas de commande associée;O;06/03/2026 00:00;;06/03/2026 12:21;24.000
60777e8e-ad19-46ec-b8f5-eac6139c4e73;353;Réception (B.L. : 1700233718);1700233718;;FOURNISSEUR CENTRALE;;Pas de commande associée;O;20/03/2026 00:00;;20/03/2026 12:18;276.000
60854819-54e9-4157-97e7-9b91e1e309c8;353;Réception (B.L. : 1700231091);1700231091;;FOURNISSEUR CENTRALE;;Pas de commande associée;O;09/03/2026 00:00;;09/03/2026 12:17;36.000
60950fde-3b57-46e7-aa85-e76482b957df;353;Réception (B.L. : 1800332781);1800332781;;FOURNISSEUR CENTRALE;;Pas de commande associée;O;20/03/2026 00:00;;20/03/2026 12:27;8.000
60c350e0-5512-44b8-a14e-eed8f0b1dcbf;411;Réception (B.L. : 1800333801);1800333801;;FOURNISSEUR CENTRALE;;Pas de commande associée;O;24/03/2026 00:00;;25/03/2026 12:12;0.000
61421bb6-125b-4257-8a1d-4ea2aa57a8b9;364;Réception (B.L. : 1800332049);1800332049;;FOURNISSEUR CENTRALE;;Pas de commande associée;O;18/03/2026 00:00;;18/03/2026 12:13;1286.000
615016e9-ebb6-4068-8b63-dd81d005cc94;411;Réception (B.L. : 1700232803);1700232803;;FOURNISSEUR CENTRALE;;Pas de commande associée;O;17/03/2026 00:00;;17/03/2026 12:27;0.000
6168c47e-dce0-4229-919a-d520d42b6d52;411;Réception (B.L. : 1700231489);1700231489;;FOURNISSEUR CENTRALE;;Pas de commande associée;O;10/03/2026 00:00;;10/03/2026 12:22;0.000
61733f51-02b1-4c08-9fb1-b1d61d44d784;410;Réception (B.L. : 1100212422);1100212422;;FOURNISSEUR CENTRALE;;Pas de commande associée;O;18/03/2026 00:00;;18/03/2026 12:20;0.000
61b14f1b-f218-46d0-b157-aa8c1ada267d;413;Réception (B.L. : 1800329001);1800329001;;FOURNISSEUR CENTRALE;;Pas de commande associée;O;05/03/2026 00:00;;06/03/2026 12:18;18.000
61d4614d-7f8f-4c95-8697-a5dfac25430c;410;Réception (B.L. : 1100211761);1100211761;;FOURNISSEUR CENTRALE;;Pas de commande associée;O;13/03/2026 00:00;;13/03/2026 12:16;0.000
61e8f531-4b2f-483e-8638-566297cda736;410;Réception (B.L. : 1700237302);1700237302;;FOURNISSEUR CENTRALE;;Pas de commande associée;O;08/04/2026 00:00;;08/04/2026 12:25;0.000
62279aff-8a8d-4bd1-b4d5-e6192acafb6b;411;Réception (B.L. : 1800332733);1800332733;;FOURNISSEUR CENTRALE;;Pas de commande associée;O;20/03/2026 00:00;;20/03/2026 12:31;0.000
622a847a-9346-47fa-9209-dad3f1e51414;410;Réception (B.L. : 1200107115);1200107115;;FOURNISSEUR CENTRALE;;Pas de commande associée;O;25/03/2026 00:00;;25/03/2026 12:12;0.000
6232b176-e728-4bb6-8d47-b3a4fbf2eda9;364;Réception (B.L. : 1700231508);1700231508;;FOURNISSEUR CENTRALE;;Pas de commande associée;O;10/03/2026 00:00;;10/03/2026 12:17;3387.000
6240b4b6-a818-4736-b4fc-db51e8f4822c;413;Réception (B.L. : 1700237965);1700237965;;FOURNISSEUR CENTRALE;;Pas de commande associée;O;10/04/2026 00:00;;10/04/2026 12:17;657.000
62432ab2-3c02-463b-9f39-ad60424dea25;410;Réception (B.L. : 1700236778);1700236778;;FOURNISSEUR CENTRALE;;Pas de commande associée;O;05/04/2026 00:00;;06/04/2026 12:21;0.000
6259df26-6ec9-4223-95a6-4973f3109e6a;411;Réception (B.L. : 1700233687);1700233687;;FOURNISSEUR CENTRALE;;Pas de commande associée;O;19/03/2026 00:00;;20/03/2026 12:26;0.000
62612649-957c-40c9-a6c9-27ded5d424de;353;Réception (B.L. : 1800337234);1800337234;;FOURNISSEUR CENTRALE;;Pas de commande associée;O;08/04/2026 00:00;;08/04/2026 12:24;38.000
626587fe-af7f-4b1b-9eef-a86e90ff8c38;353;Réception (B.L. : 1700232562);1700232562;;FOURNISSEUR CENTRALE;;Pas de commande associée;O;16/03/2026 00:00;;16/03/2026 12:18;2.000
627ae932-8fff-4ec0-94c9-4f03eed0a413;410;Réception (B.L. : 1100214857);1100214857;;FOURNISSEUR CENTRALE;;Pas de commande associée;O;31/03/2026 00:00;;31/03/2026 17:11;0.000
62bc3147-b871-4834-9fee-c6c395882580;353;Réception (B.L. : 1700230468);1700230468;;FOURNISSEUR CENTRALE;;Pas de commande associée;O;04/03/2026 00:00;;04/03/2026 23:24;1680.000
62d1e238-2aa0-4972-a63a-30afec3d2aef;353;Réception (B.L. : 1100214907);1100214907;;FOURNISSEUR CENTRALE;;Pas de commande associée;O;01/04/2026 00:00;;01/04/2026 12:17;150.000
62e94758-945c-4a90-a488-362e72ad35e5;411;Réception (B.L. : 1100214255);1100214255;;FOURNISSEUR CENTRALE;;Pas de commande associée;O;27/03/2026 00:00;;27/03/2026 12:12;0.000
62e9c6d1-927e-49c3-bb8a-511c7e64ac0d;411;Réception (B.L. : 1100213506);1100213506;;FOURNISSEUR CENTRALE;;Pas de commande associée;O;24/03/2026 00:00;;24/03/2026 12:17;0.000
62ea7721-fa91-4592-aeb2-bfdc8243498e;410;Réception (B.L. : 1100211366);1100211366;;FOURNISSEUR CENTRALE;;Pas de commande associée;O;11/03/2026 00:00;;11/03/2026 12:10;0.000
62fc4b1b-d3f0-4bdd-b9ac-aa6ad21dab3a;353;Réception (B.L. : 1800329505);1800329505;;FOURNISSEUR CENTRALE;;Pas de commande associée;O;09/03/2026 00:00;;09/03/2026 12:24;391.600
6317350b-2329-4121-b7f1-6799775dc36a;411;Réception (B.L. : 1100213501);1100213501;;FOURNISSEUR CENTRALE;;Pas de commande associée;O;24/03/2026 00:00;;24/03/2026 12:12;0.000
63342449-e24a-40ff-98d4-7c29b1a94fab;356;Réception (B.L. : 1700231107);1700231107;;FOURNISSEUR CENTRALE;;Pas de commande associée;O;09/03/2026 00:00;;09/03/2026 12:21;0.000
63346dc2-1a89-4fdb-8290-ca9ca4a00945;410;Réception (B.L. : 1800330226);1800330226;;FOURNISSEUR CENTRALE;;Pas de commande associée;O;11/03/2026 00:00;;11/03/2026 12:26;0.000
634d198d-f6d2-4af7-a309-51eb48623b7e;413;Réception (B.L. : 1700232832);1700232832;;FOURNISSEUR CENTRALE;;Pas de commande associée;O;17/03/2026 00:00;;17/03/2026 12:23;24.000
63ab0550-fb7a-4627-8fed-1b67157bb0dc;413;Réception (B.L. : 1800330824);1800330824;;FOURNISSEUR CENTRALE;;Pas de commande associée;O;13/03/2026 00:00;;13/03/2026 12:23;35.000
63ab6ed7-dac4-4868-a772-93030d875646;411;Réception (B.L. : 1700237054);1700237054;;FOURNISSEUR CENTRALE;;Pas de commande associée;O;07/04/2026 00:00;;07/04/2026 12:13;0.000
63c05482-1b4d-4818-97b5-e6e6692d6ca7;364;Réception (B.L. : 1800336176);1800336176;;FOURNISSEUR CENTRALE;;Pas de commande associée;O;03/04/2026 00:00;;03/04/2026 12:28;148.200
63c9b2f7-d9f3-4d82-9fcf-08af088d1f8f;410;Réception (B.L. : 1100215353);1100215353;;FOURNISSEUR CENTRALE;;Pas de commande associée;O;03/04/2026 00:00;;03/04/2026 12:13;0.000
64577915-dd2f-4e9b-861f-123d843cda81;364;Réception (B.L. : 1700233785);1700233785;;FOURNISSEUR CENTRALE;;Pas de commande associée;O;20/03/2026 00:00;;20/03/2026 12:17;1830.000
648a085a-20be-4fa4-a5fb-6544ab844433;410;Réception (B.L. : 1800330811);1800330811;;FOURNISSEUR CENTRALE;;Pas de commande associée;O;13/03/2026 00:00;;13/03/2026 12:30;0.000
648f5444-0c08-4e93-9081-df97d9fac0a9;353;Réception (B.L. : 1700236788);1700236788;;FOURNISSEUR CENTRALE;;Pas de commande associée;O;06/04/2026 00:00;;06/04/2026 12:24;36.000
64bda277-3ee5-4d82-b115-85a06d3d3de5;356;Réception (B.L. : 1700230921);1700230921;;FOURNISSEUR CENTRALE;;Pas de commande associée;O;06/03/2026 00:00;;06/03/2026 12:21;0.000
64d93a79-e250-4d16-a6c3-9c877b9f36aa;410;Réception (B.L. : 1700234175);1700234175;;FOURNISSEUR CENTRALE;;Pas de commande associée;O;23/03/2026 00:00;;23/03/2026 12:17;0.000
64e14444-0884-49a3-821a-a61bde4d8f90;410;Réception (B.L. : 1700231700);1700231700;;FOURNISSEUR CENTRALE;;Pas de commande associée;O;11/03/2026 00:00;;11/03/2026 12:23;0.000
64f84756-484c-4060-afba-695403efce96;356;Réception (B.L. : 1700233997);1700233997;;FOURNISSEUR CENTRALE;;Pas de commande associée;O;23/03/2026 00:00;;23/03/2026 12:24;0.000
6504640b-24c1-48fb-bcc1-604c43647b18;364;Réception (B.L. : 1700233784);1700233784;;FOURNISSEUR CENTRALE;;Pas de commande associée;O;20/03/2026 00:00;;20/03/2026 12:16;1302.000
65431d22-3739-4153-9f80-21c1332ba14d;410;Réception (B.L. : 1100216439);1100216439;;FOURNISSEUR CENTRALE;;Pas de commande associée;O;09/04/2026 00:00;;09/04/2026 17:12;0.000
654c6695-f3aa-4193-aa62-2c14514c3cdb;410;Réception (B.L. : 1800332066);1800332066;;FOURNISSEUR CENTRALE;;Pas de commande associée;O;18/03/2026 00:00;;18/03/2026 12:37;0.000
654f37c2-853c-4380-b6bc-55eb03a4be52;353;Réception (B.L. : 1100213030);1100213030;;FOURNISSEUR CENTRALE;;Pas de commande associée;O;20/03/2026 00:00;;20/03/2026 12:14;3.000
657bff0b-6b8b-43a3-bc8c-873c0bece942;410;Réception (B.L. : 1800327815);1800327815;;FOURNISSEUR CENTRALE;;Pas de commande associée;O;02/03/2026 00:00;;02/03/2026 12:24;0.000
65aa54d6-fc9d-4ba2-85b9-4a44728009ac;356;Réception (B.L. : 1800332705);1800332705;;FOURNISSEUR CENTRALE;;Pas de commande associée;O;20/03/2026 00:00;;20/03/2026 12:23;0.000
65c1cb68-5461-4406-ac14-8d8e4302f041;413;Réception (B.L. : 1800337979);1800337979;;FOURNISSEUR CENTRALE;;Pas de commande associée;O;10/04/2026 00:00;;10/04/2026 12:26;68.000
65cb006b-e7e8-422e-89c5-31372220bca8;356;Réception (B.L. : 1700236841);1700236841;;FOURNISSEUR CENTRALE;;Pas de commande associée;O;06/04/2026 00:00;;06/04/2026 12:22;0.000
65cbdddc-55a0-4473-bf0c-cb30cce10b1f;356;Réception (B.L. : 1800328430);1800328430;;FOURNISSEUR CENTRALE;;Pas de commande associée;O;04/03/2026 00:00;;04/03/2026 12:31;0.000
65dd1876-ce76-49d5-b0f2-6818925d8f40;413;Réception (B.L. : 1100211192);1100211192;;FOURNISSEUR CENTRALE;;Pas de commande associée;O;09/03/2026 00:00;;09/03/2026 17:11;24.000
665e61ec-d5b3-48df-9563-cc3f30a3eff9;356;Réception (B.L. : 1100215369);1100215369;;FOURNISSEUR CENTRALE;;Pas de commande associée;O;03/04/2026 00:00;;03/04/2026 12:19;0.000
668ff23e-8f3c-4439-b2ee-ffa0bc6da6b0;410;Réception (B.L. : 1100212071);1100212071;;FOURNISSEUR CENTRALE;;Pas de commande associée;O;16/03/2026 00:00;;16/03/2026 12:11;0.000
66ec31d7-9cdf-4321-84f6-43a957efc756;413;Réception (B.L. : 1100213487);1100213487;;FOURNISSEUR CENTRALE;;Pas de commande associée;O;24/03/2026 00:00;;24/03/2026 12:14;12.000
6707b8e3-4aab-444e-9c58-c4543ac1b348;364;Réception (B.L. : 1700234375);1700234375;;FOURNISSEUR CENTRALE;;Pas de commande associée;O;23/03/2026 00:00;;24/03/2026 12:23;3.000
67140a8b-0d21-4278-a2cd-6f61fd054592;410;Réception (B.L. : 1700230738);1700230738;;FOURNISSEUR CENTRALE;;Pas de commande associée;O;06/03/2026 00:00;;06/03/2026 12:26;0.000
67559447-5269-452e-85f8-3b140cb06130;356;Réception (B.L. : 1800333214);1800333214;;FOURNISSEUR CENTRALE;;Pas de commande associée;O;22/03/2026 00:00;;23/03/2026 12:31;0.000
67695be5-19a1-4213-8ab3-51d0ad83c217;413;Réception (B.L. : 1800331622);1800331622;;FOURNISSEUR CENTRALE;;Pas de commande associée;O;16/03/2026 00:00;;17/03/2026 12:29;0.000
67ca623d-0524-47ed-97bb-1b71f4cb82c6;410;Réception (B.L. : 1700235078);1700235078;;FOURNISSEUR CENTRALE;;Pas de commande associée;O;27/03/2026 00:00;;27/03/2026 12:23;0.000
67ed6e9f-f00e-4fc6-a1bf-8c878ef1c39d;364;Réception (B.L. : 1800336172);1800336172;;FOURNISSEUR CENTRALE;;Pas de commande associée;O;03/04/2026 00:00;;03/04/2026 12:24;236.000
680ae4b3-74d0-4eac-9bdd-e0196878e920;353;Réception (B.L. : 1800328387);1800328387;;FOURNISSEUR CENTRALE;;Pas de commande associée;O;04/03/2026 00:00;;04/03/2026 12:33;12.000
68268283-e1fe-49df-a4de-848ba23b487e;356;Réception (B.L. : 1200105846);1200105846;;FOURNISSEUR CENTRALE;;Pas de commande associée;O;05/03/2026 00:00;;05/03/2026 17:10;0.000
682be7d3-09d5-473c-9b5e-0610777d577b;353;Réception (B.L. : 1700235365);1700235365;;FOURNISSEUR CENTRALE;;Pas de commande associée;O;30/03/2026 00:00;;30/03/2026 12:21;525.000
686e17e0-2382-491d-8e13-d4e776131514;410;Réception (B.L. : 1700230734);1700230734;;FOURNISSEUR CENTRALE;;Pas de commande associée;O;06/03/2026 00:00;;06/03/2026 12:22;0.000
6884a5ad-c061-4853-96a9-b26520024841;411;Réception (B.L. : 1700234270);1700234270;;FOURNISSEUR CENTRALE;;Pas de commande associée;O;24/03/2026 00:00;;24/03/2026 12:25;0.000
68a939ce-e71f-4735-8687-b3d76acaedf9;410;Réception (B.L. : 1700233046);1700233046;;FOURNISSEUR CENTRALE;;Pas de commande associée;O;18/03/2026 00:00;;18/03/2026 12:22;0.000
68b84753-fb9c-4dc7-bd54-8b13d98f6ef9;353;Réception (B.L. : 1100210333);1100210333;;FOURNISSEUR CENTRALE;;Pas de commande associée;O;04/03/2026 00:00;;04/03/2026 12:12;180.000
68b99a4a-55c7-4b23-9e0b-df598ae6d985;411;Réception (B.L. : 1800332068);1800332068;;FOURNISSEUR CENTRALE;;Pas de commande associée;O;18/03/2026 00:00;;18/03/2026 12:12;0.000
68bdf7c0-989d-480f-97ce-fcdaf2c7e1d6;364;Réception (B.L. : 1800334925);1800334925;;FOURNISSEUR CENTRALE;;Pas de commande associée;O;29/03/2026 00:00;;30/03/2026 12:13;314.000
68bf5759-b190-4d4f-acac-fc37b3ae1d89;411;Réception (B.L. : 1100213505);1100213505;;FOURNISSEUR CENTRALE;;Pas de commande associée;O;24/03/2026 00:00;;24/03/2026 12:16;0.000
68e3054a-7298-4e33-90db-bf276cfd0c31;411;Réception (B.L. : 1100211209);1100211209;;FOURNISSEUR CENTRALE;;Pas de commande associée;O;10/03/2026 00:00;;10/03/2026 12:11;0.000
68f169df-1bf2-4d20-ab34-458df2091c64;410;Réception (B.L. : 1200107348);1200107348;;FOURNISSEUR CENTRALE;;Pas de commande associée;O;27/03/2026 00:00;;27/03/2026 12:11;0.000
6957dee0-4359-4e35-b9db-9c9a3b37806e;411;Réception (B.L. : 1700229955);1700229955;;FOURNISSEUR CENTRALE;;Pas de commande associée;O;03/03/2026 00:00;;03/03/2026 12:26;0.000
6972a843-611d-4a85-a66f-1397c534cd18;353;Réception (B.L. : 1800330256);1800330256;;FOURNISSEUR CENTRALE;;Pas de commande associée;O;11/03/2026 00:00;;11/03/2026 12:28;30.000
6981c7e3-a00f-43b4-9f7f-1cec03fadb26;410;Réception (B.L. : 1100214550);1100214550;;FOURNISSEUR CENTRALE;;Pas de commande associée;O;30/03/2026 00:00;;30/03/2026 12:21;0.000
69aec0e4-c163-4db1-b2fd-57cb9acd75b4;410;Réception (B.L. : 1700234989);1700234989;;FOURNISSEUR CENTRALE;;Pas de commande associée;O;27/03/2026 00:00;;27/03/2026 12:22;0.000
69c9e818-e0b1-4063-97f6-4a62818777e5;410;Réception (B.L. : 1100212420);1100212420;;FOURNISSEUR CENTRALE;;Pas de commande associée;O;18/03/2026 00:00;;18/03/2026 12:18;0.000
69d66f17-2e73-4324-9335-cc46f3e5b137;364;Réception (B.L. : 1800332136);1800332136;;FOURNISSEUR CENTRALE;;Pas de commande associée;O;18/03/2026 00:00;;18/03/2026 12:16;16.000
69da74e7-5715-4d83-a0a5-efa0aa4b9569;411;Réception (B.L. : 1800333290);1800333290;;FOURNISSEUR CENTRALE;;Pas de commande associée;O;23/03/2026 00:00;;23/03/2026 17:11;0.000
69e7942c-e305-4f53-98e9-9855cac1d2f2;410;Réception (B.L. : 1700230756);1700230756;;FOURNISSEUR CENTRALE;;Pas de commande associée;O;06/03/2026 00:00;;06/03/2026 12:34;0.000
69f2130b-1388-4090-a71f-838ae5ddbb9b;353;Réception (B.L. : 1700232982);1700232982;;FOURNISSEUR CENTRALE;;Pas de commande associée;O;17/03/2026 00:00;;18/03/2026 12:18;355.000
69f35538-eec7-4a7d-a15f-24160f14881a;411;Réception (B.L. : 1700232788);1700232788;;FOURNISSEUR CENTRALE;;Pas de commande associée;O;16/03/2026 00:00;;17/03/2026 12:24;0.000
6a2d7c2e-6552-4830-b6fa-3c50265a05fc;413;Réception (B.L. : 1100214781);1100214781;;FOURNISSEUR CENTRALE;;Pas de commande associée;O;31/03/2026 00:00;;31/03/2026 12:15;48.000
6a589dea-d803-47f9-b6cd-38a34beb2120;410;Réception (B.L. : 1100213750);1100213750;;FOURNISSEUR CENTRALE;;Pas de commande associée;O;25/03/2026 00:00;;25/03/2026 12:15;0.000
6a7985c3-e222-4160-ad9b-b6b782b78912;353;Réception (B.L. : 1700237253);1700237253;;FOURNISSEUR CENTRALE;;Pas de commande associée;O;07/04/2026 00:00;;08/04/2026 12:19;41.000
6a871458-49b0-428a-92d8-425cbbe7d8c8;411;Réception (B.L. : 1100210712);1100210712;;FOURNISSEUR CENTRALE;;Pas de commande associée;O;06/03/2026 00:00;;06/03/2026 12:11;0.000
6b0f9c10-1cb7-4d84-9d09-21d1e5e8369b;411;Réception (B.L. : 1800328412);1800328412;;FOURNISSEUR CENTRALE;;Pas de commande associée;O;04/03/2026 00:00;;04/03/2026 12:12;0.000
6b73a89e-8698-4868-ae3c-09fa810b2a23;356;Réception (B.L. : 1700233452);1700233452;;FOURNISSEUR CENTRALE;;Pas de commande associée;O;19/03/2026 00:00;;19/03/2026 12:10;0.000
6b73b2a4-9582-48b7-908b-da872a94d3c0;410;Réception (B.L. : 1700236779);1700236779;;FOURNISSEUR CENTRALE;;Pas de commande associée;O;05/04/2026 00:00;;06/04/2026 12:22;0.000
6b83b616-c540-490d-bf51-cbdade432215;411;Réception (B.L. : 1700234992);1700234992;;FOURNISSEUR CENTRALE;;Pas de commande associée;O;27/03/2026 00:00;;27/03/2026 12:19;0.000
6b940c5f-36e3-428d-ad0a-f49500308abd;364;Réception (B.L. : 1100216163);1100216163;;FOURNISSEUR CENTRALE;;Pas de commande associée;O;08/04/2026 00:00;;08/04/2026 12:12;2707.000
6bfcf892-938c-4a97-af1d-fed735931b95;413;Réception (B.L. : 1800330822);1800330822;;FOURNISSEUR CENTRALE;;Pas de commande associée;O;13/03/2026 00:00;;13/03/2026 12:21;0.000
6bfda5c5-80ac-4f15-9606-1d674b941827;353;Réception (B.L. : 1700232559);1700232559;;FOURNISSEUR CENTRALE;;Pas de commande associée;O;16/03/2026 00:00;;16/03/2026 12:15;147.000
6c088895-7904-4bd1-aaac-d920c584e595;353;Réception (B.L. : 1700236384);1700236384;;FOURNISSEUR CENTRALE;;Pas de commande associée;O;03/04/2026 00:00;;03/04/2026 12:22;10.000
6c144625-55c0-434a-8cca-7fc7f1f37dca;353;Réception (B.L. : 1100214536);1100214536;;FOURNISSEUR CENTRALE;;Pas de commande associée;O;30/03/2026 00:00;;30/03/2026 12:14;264.000
6c34302d-f2a0-4097-86f6-3162a5b3b47a;413;Réception (B.L. : 1700234238);1700234238;;FOURNISSEUR CENTRALE;;Pas de commande associée;O;23/03/2026 00:00;;24/03/2026 12:19;0.000
6c710cdc-62da-412b-a347-cc700aa49c4d;356;Réception (B.L. : 1700229626);1700229626;;FOURNISSEUR CENTRALE;;Pas de commande associée;O;02/03/2026 00:00;;02/03/2026 12:25;0.000
6c7a3a9d-0ca2-461d-b182-2ef8a6b1b2b4;413;Réception (B.L. : 1700231503);1700231503;;FOURNISSEUR CENTRALE;;Pas de commande associée;O;10/03/2026 00:00;;10/03/2026 12:25;0.000
6c8e09fc-c7e7-4777-9f51-78f93cec44f6;413;Réception (B.L. : 1700235051);1700235051;;FOURNISSEUR CENTRALE;;Pas de commande associée;O;27/03/2026 00:00;;27/03/2026 12:21;48.000
6ca7ff49-0d48-49f7-8dd3-28a77af921de;410;Réception (B.L. : 1800333241);1800333241;;FOURNISSEUR CENTRALE;;Pas de commande associée;O;22/03/2026 00:00;;23/03/2026 12:20;0.000
6cb01ed3-d290-46ef-af2b-644c609e33b4;410;Réception (B.L. : 1700235862);1700235862;;FOURNISSEUR CENTRALE;;Pas de commande associée;O;01/04/2026 00:00;;01/04/2026 12:29;0.000
6d13a4aa-d1df-45f8-889f-bf52ba5961b2;356;Réception (B.L. : 1700237280);1700237280;;FOURNISSEUR CENTRALE;;Pas de commande associée;O;08/04/2026 00:00;;08/04/2026 12:16;0.000
6d25cbe1-216c-4fc2-85b8-84773191c38c;410;Réception (B.L. : 1100212419);1100212419;;FOURNISSEUR CENTRALE;;Pas de commande associée;O;18/03/2026 00:00;;18/03/2026 12:17;0.000
6d74e7d8-d490-4f55-a71c-c140a5ad9756;410;Réception (B.L. : 1700233048);1700233048;;FOURNISSEUR CENTRALE;;Pas de commande associée;O;18/03/2026 00:00;;18/03/2026 12:24;0.000
6d78e0bd-81b4-4b0b-9a4e-31f055142423;411;Réception (B.L. : 1700232784);1700232784;;FOURNISSEUR CENTRALE;;Pas de commande associée;O;16/03/2026 00:00;;17/03/2026 12:20;0.000
6d7a77fd-bcc1-4bb3-81d9-c797936991d5;410;Réception (B.L. : 1100213749);1100213749;;FOURNISSEUR CENTRALE;;Pas de commande associée;O;25/03/2026 00:00;;25/03/2026 12:14;0.000
6d7ff26b-fc65-45cc-be20-f58950de7daa;356;Réception (B.L. : 1700233041);1700233041;;FOURNISSEUR CENTRALE;;Pas de commande associée;O;18/03/2026 00:00;;18/03/2026 12:19;0.000
6d9caac8-3b3c-440b-8ddb-26cc49806460;410;Réception (B.L. : 1100216214);1100216214;;FOURNISSEUR CENTRALE;;Pas de commande associée;O;08/04/2026 00:00;;08/04/2026 12:18;0.000
6da9c74a-3c5a-4e30-8ad1-da46f9922055;353;Réception (B.L. : 1700234450);1700234450;;FOURNISSEUR CENTRALE;;Pas de commande associée;O;24/03/2026 00:00;;25/03/2026 12:21;128.000
6dac3c87-2fc6-4cac-a397-d830e4daa823;356;Réception (B.L. : 1700230470);1700230470;;FOURNISSEUR CENTRALE;;Pas de commande associée;O;04/03/2026 00:00;;04/03/2026 23:24;0.000
6e7cc979-8dba-448b-abd5-d60a5601023f;364;Réception (B.L. : 1100214734);1100214734;;FOURNISSEUR CENTRALE;;Pas de commande associée;O;31/03/2026 00:00;;30/03/2026 23:37;6.000
6e81f92d-87fb-48a2-8b69-d0eec0739381;364;Réception (B.L. : 1700232930);1700232930;;FOURNISSEUR CENTRALE;;Pas de commande associée;O;17/03/2026 00:00;;17/03/2026 12:15;1114.000
6eec0561-0b32-4662-bc85-c0e012adfe88;411;Réception (B.L. : 1100215381);1100215381;;FOURNISSEUR CENTRALE;;Pas de commande associée;O;03/04/2026 00:00;;03/04/2026 12:16;0.000
6ef88076-db97-4a24-9175-c13813fdecfd;353;Réception (B.L. : 1100210335);1100210335;;FOURNISSEUR CENTRALE;;Pas de commande associée;O;04/03/2026 00:00;;04/03/2026 12:14;6.000
6ef89362-4b01-482f-8180-5bc12197f6c7;411;Réception (B.L. : 1700229954);1700229954;;FOURNISSEUR CENTRALE;;Pas de commande associée;O;03/03/2026 00:00;;03/03/2026 12:25;0.000
6f181897-d594-4a33-8b07-296e6260c6cf;410;Réception (B.L. : 1700232595);1700232595;;FOURNISSEUR CENTRALE;;Pas de commande associée;O;16/03/2026 00:00;;16/03/2026 12:18;0.000
6f1e6f30-a944-42cd-8397-998b57e28131;364;Réception (B.L. : 1700233786);1700233786;;FOURNISSEUR CENTRALE;;Pas de commande associée;O;20/03/2026 00:00;;20/03/2026 12:18;2888.000
6f235ce1-8a1c-430d-84e8-f692228f6c7b;410;Réception (B.L. : 1700234018);1700234018;;FOURNISSEUR CENTRALE;;Pas de commande associée;O;23/03/2026 00:00;;23/03/2026 12:13;0.000
6f256892-f5c2-4b0f-bb1b-e5475624d6e0;410;Réception (B.L. : 1800334989);1800334989;;FOURNISSEUR CENTRALE;;Pas de commande associée;O;30/03/2026 00:00;;30/03/2026 17:11;0.000
6f2732a0-5e8b-4947-a750-dd2d2334b287;356;Réception (B.L. : 1100215368);1100215368;;FOURNISSEUR CENTRALE;;Pas de commande associée;O;03/04/2026 00:00;;03/04/2026 12:18;0.000
6f3f6021-a35c-4e7b-a13b-874a2c86363b;410;Réception (B.L. : 1700237298);1700237298;;FOURNISSEUR CENTRALE;;Pas de commande associée;O;08/04/2026 00:00;;08/04/2026 12:21;0.000
6f4194fb-f4ce-4861-8bda-4834fe07150b;364;Réception (B.L. : 1800333818);1800333818;;FOURNISSEUR CENTRALE;;Pas de commande associée;O;25/03/2026 00:00;;25/03/2026 12:15;116.000
6f5980ae-8516-4433-b79c-c2aec21a36e9;364;Réception (B.L. : 1700237062);1700237062;;FOURNISSEUR CENTRALE;;Pas de commande associée;O;07/04/2026 00:00;;07/04/2026 12:12;372.000
6f877739-f8fa-4c5a-aa79-53f973b9be70;353;Réception (B.L. : 1800336700);1800336700;;FOURNISSEUR CENTRALE;;Pas de commande associée;O;06/04/2026 00:00;;06/04/2026 12:28;14.000
6fc5dbcc-2dc6-40c8-844a-dbfe31030185;413;Réception (B.L. : 1100211336);1100211336;;FOURNISSEUR CENTRALE;;Pas de commande associée;O;10/03/2026 00:00;;10/03/2026 12:20;0.000
6fcb5ab9-ffb7-4905-b2e2-011e2b28afa1;356;Réception (B.L. : 1800332702);1800332702;;FOURNISSEUR CENTRALE;;Pas de commande associée;O;20/03/2026 00:00;;20/03/2026 12:20;0.000
6fcc480e-e8c2-47bb-bcd8-da58bd5e1295;356;Réception (B.L. : 1800333768);1800333768;;FOURNISSEUR CENTRALE;;Pas de commande associée;O;24/03/2026 00:00;;25/03/2026 12:29;0.000
6fe48478-4139-4642-a716-eae4ed8eb6a0;410;Réception (B.L. : 1700235919);1700235919;;FOURNISSEUR CENTRALE;;Pas de commande associée;O;01/04/2026 00:00;;01/04/2026 12:34;0.000
6ffea70f-5cec-4f4b-9cdc-731ab222fcc9;411;Réception (B.L. : 1800333800);1800333800;;FOURNISSEUR CENTRALE;;Pas de commande associée;O;24/03/2026 00:00;;25/03/2026 12:11;0.000
700d24ae-b812-4db9-ace4-800bccaf063b;364;Réception (B.L. : 1800337319);1800337319;;FOURNISSEUR CENTRALE;;Pas de commande associée;O;08/04/2026 00:00;;08/04/2026 17:11;9.000
701c7883-c3b4-420d-9b64-6cb7082ab84e;411;Réception (B.L. : 1100211213);1100211213;;FOURNISSEUR CENTRALE;;Pas de commande associée;O;10/03/2026 00:00;;10/03/2026 12:15;0.000
70332ebb-62f6-4816-b516-115bed4ee96a;353;Réception (B.L. : 1100210336);1100210336;;FOURNISSEUR CENTRALE;;Pas de commande associée;O;04/03/2026 00:00;;04/03/2026 12:15;48.000
7041927d-1e6a-4ca0-9934-d6fa8954f185;364;Réception (B.L. : 1800337256);1800337256;;FOURNISSEUR CENTRALE;;Pas de commande associée;O;08/04/2026 00:00;;08/04/2026 12:21;146.000
7079be30-678b-4730-b5db-90a06cc66e2a;356;Réception (B.L. : 1800329026);1800329026;;FOURNISSEUR CENTRALE;;Pas de commande associée;O;06/03/2026 00:00;;06/03/2026 12:24;0.000
7093b73b-6604-40dc-a3c9-d903dde7a353;364;Réception (B.L. : 1800337255);1800337255;;FOURNISSEUR CENTRALE;;Pas de commande associée;O;08/04/2026 00:00;;08/04/2026 12:20;18.000
70b24cb1-66f8-4709-92f5-a2e18e36abf5;413;Réception (B.L. : 1700231545);1700231545;;FOURNISSEUR CENTRALE;;Pas de commande associée;O;10/03/2026 00:00;;10/03/2026 12:28;0.000
70c4790c-3f21-44b0-8764-0ca18ce93a3b;410;Réception (B.L. : 1800331467);1800331467;;FOURNISSEUR CENTRALE;;Pas de commande associée;O;16/03/2026 00:00;;16/03/2026 12:24;0.000
70d215aa-c4ac-4fb9-a313-dd69e78123be;353;Réception (B.L. : 1700235446);1700235446;;FOURNISSEUR CENTRALE;;Pas de commande associée;O;30/03/2026 00:00;;30/03/2026 12:27;2.000
70d75824-bfd1-4218-8438-437fa008ad6f;364;Réception (B.L. : 1700236534);1700236534;;FOURNISSEUR CENTRALE;;Pas de commande associée;O;03/04/2026 00:00;;03/04/2026 12:19;13.000
70e00612-7f07-4a20-841a-6871a57c466d;364;Réception (B.L. : 1800333779);1800333779;;FOURNISSEUR CENTRALE;;Pas de commande associée;O;24/03/2026 00:00;;25/03/2026 12:13;230.000
70e08dd1-0692-4583-bc25-4d020fc302bd;411;Réception (B.L. : 1700229948);1700229948;;FOURNISSEUR CENTRALE;;Pas de commande associée;O;03/03/2026 00:00;;03/03/2026 12:19;0.000
70e14b0d-d7c1-40b0-89ae-a70fdafb0bfd;413;Réception (B.L. : 1800336279);1800336279;;FOURNISSEUR CENTRALE;;Pas de commande associée;O;03/04/2026 00:00;;03/04/2026 12:31;0.000
70ec2f70-6341-49c6-ac23-06532e84b72a;364;Réception (B.L. : 1100212329);1100212329;;FOURNISSEUR CENTRALE;;Pas de commande associée;O;17/03/2026 00:00;;17/03/2026 12:14;6.000
712d1e00-4401-47aa-939d-c46cd9025b66;356;Réception (B.L. : 1100216532);1100216532;;FOURNISSEUR CENTRALE;;Pas de commande associée;O;10/04/2026 00:00;;10/04/2026 12:13;0.000
7142721f-ac23-438c-8da6-fa5f7dccc2b4;413;Réception (B.L. : 1800330882);1800330882;;FOURNISSEUR CENTRALE;;Pas de commande associée;O;13/03/2026 00:00;;13/03/2026 12:24;0.000
718b7433-6f88-4906-9b07-a599f7ae9e54;356;Réception (B.L. : 1100210327);1100210327;;FOURNISSEUR CENTRALE;;Pas de commande associée;O;04/03/2026 00:00;;04/03/2026 12:16;0.000
71b30493-7052-4593-8a0f-04b8812ccf89;364;Réception (B.L. : 1100216094);1100216094;;FOURNISSEUR CENTRALE;;Pas de commande associée;O;07/04/2026 00:00;;07/04/2026 17:13;72.000
71cb64d4-aeef-4473-8a23-682197582b5f;353;Réception (B.L. : 1100215419);1100215419;;FOURNISSEUR CENTRALE;;Pas de commande associée;O;03/04/2026 00:00;;03/04/2026 12:13;102.000
71d43937-3826-42b6-adbb-8f871e01cc1e;353;Réception (B.L. : 1800336840);1800336840;;FOURNISSEUR CENTRALE;;Pas de commande associée;O;06/04/2026 00:00;;06/04/2026 12:31;35.000
71d4be9d-a836-4d6e-aa07-1faff6b20d4a;410;Réception (B.L. : 1100212906);1100212906;;FOURNISSEUR CENTRALE;;Pas de commande associée;O;20/03/2026 00:00;;20/03/2026 12:12;0.000
71ed5a1b-67fd-49dd-a632-82e5420e8803;411;Réception (B.L. : 1800333825);1800333825;;FOURNISSEUR CENTRALE;;Pas de commande associée;O;25/03/2026 00:00;;25/03/2026 12:15;0.000
720876bd-7f27-4d7c-922a-f39daa65584b;410;Réception (B.L. : 1700234987);1700234987;;FOURNISSEUR CENTRALE;;Pas de commande associée;O;27/03/2026 00:00;;27/03/2026 12:20;0.000
720e3684-fb1c-421c-9998-728276444502;364;Réception (B.L. : 1100212858);1100212858;;FOURNISSEUR CENTRALE;;Pas de commande associée;O;19/03/2026 00:00;;19/03/2026 17:10;138.000
72119b07-bca1-4245-ada0-e78ea69e31f2;410;Réception (B.L. : 1700231912);1700231912;;FOURNISSEUR CENTRALE;;Pas de commande associée;O;11/03/2026 00:00;;11/03/2026 12:25;0.000
72298fd6-05a3-487e-8f71-595960165e19;364;Réception (B.L. : 1700232361);1700232361;;FOURNISSEUR CENTRALE;;Pas de commande associée;O;13/03/2026 00:00;;13/03/2026 12:19;3.000
723218ee-aad2-4eb5-9158-487702ce5886;411;Réception (B.L. : 1100213552);1100213552;;FOURNISSEUR CENTRALE;;Pas de commande associée;O;24/03/2026 00:00;;24/03/2026 12:20;0.000
7235bdce-aef9-4aa0-ab11-348ab3ebf6c5;410;Réception (B.L. : 1700233056);1700233056;;FOURNISSEUR CENTRALE;;Pas de commande associée;O;18/03/2026 00:00;;18/03/2026 12:32;0.000
7243733e-6c3f-498e-9c61-271b64d7c014;364;Réception (B.L. : 1700232218);1700232218;;FOURNISSEUR CENTRALE;;Pas de commande associée;O;13/03/2026 00:00;;13/03/2026 12:17;1170.000
7250f0f7-192e-4a99-88c4-920954418bf8;356;Réception (B.L. : 1700234538);1700234538;;FOURNISSEUR CENTRALE;;Pas de commande associée;O;25/03/2026 00:00;;25/03/2026 12:24;0.000
725d553c-5974-4a96-9bd3-92d0a877fef1;356;Réception (B.L. : 1700233722);1700233722;;FOURNISSEUR CENTRALE;;Pas de commande associée;O;20/03/2026 00:00;;20/03/2026 12:16;0.000
72813803-e162-4d4b-a626-dced20c4d346;364;Réception (B.L. : 1100213491);1100213491;;FOURNISSEUR CENTRALE;;Pas de commande associée;O;24/03/2026 00:00;;24/03/2026 12:14;2730.000
728e055b-28e3-466c-b88b-d8b2ef949dcf;410;Réception (B.L. : 1700230168);1700230168;;FOURNISSEUR CENTRALE;;Pas de commande associée;O;04/03/2026 00:00;;04/03/2026 12:31;0.000
72bc4969-3b19-4285-8c63-4e0208ba816b;356;Réception (B.L. : 1700233805);1700233805;;FOURNISSEUR CENTRALE;;Pas de commande associée;O;20/03/2026 00:00;;20/03/2026 12:18;0.000
72ec59e1-10ce-414f-8a00-3636156018f8;411;Réception (B.L. : 1100212914);1100212914;;FOURNISSEUR CENTRALE;;Pas de commande associée;O;20/03/2026 00:00;;20/03/2026 12:15;0.000
7321a5d1-8088-4e56-b648-cdf210eb686c;410;Réception (B.L. : 1700236452);1700236452;;FOURNISSEUR CENTRALE;;Pas de commande associée;O;03/04/2026 00:00;;03/04/2026 12:32;0.000
73798f4f-7e3f-4400-9b1f-c7fedbdfe84d;411;Réception (B.L. : 1800332795);1800332795;;FOURNISSEUR CENTRALE;;Pas de commande associée;O;20/03/2026 00:00;;20/03/2026 12:32;0.000
739e2f9e-f66a-4993-8aa9-af77ea21fe22;356;Réception (B.L. : 1800337947);1800337947;;FOURNISSEUR CENTRALE;;Pas de commande associée;O;10/04/2026 00:00;;10/04/2026 12:31;0.000
740f543b-e2eb-4764-85dd-513266f19331;364;Réception (B.L. : 1800327807);1800327807;;FOURNISSEUR CENTRALE;;Pas de commande associée;O;02/03/2026 00:00;;02/03/2026 12:11;36.000
7425207c-172c-44df-abab-e6aadc64306e;356;Réception (B.L. : 1800327854);1800327854;;FOURNISSEUR CENTRALE;;Pas de commande associée;O;02/03/2026 00:00;;02/03/2026 17:12;0.000
7428f21f-b1aa-45cc-846d-842d9ed5636d;353;Réception (B.L. : 1800329502);1800329502;;FOURNISSEUR CENTRALE;;Pas de commande associée;O;09/03/2026 00:00;;09/03/2026 12:21;176.000
74a2e296-d02a-4d2d-b742-8fb627cb061d;364;Réception (B.L. : 1700235660);1700235660;;FOURNISSEUR CENTRALE;;Pas de commande associée;O;31/03/2026 00:00;;31/03/2026 12:19;3.000
74d6d4be-38dc-4509-9f89-8c13608d08c6;356;Réception (B.L. : 1100211008);1100211008;;FOURNISSEUR CENTRALE;;Pas de commande associée;O;09/03/2026 00:00;;09/03/2026 12:13;0.000
74e9721d-3e97-4730-8e02-5d0dea0e86e9;356;Réception (B.L. : 1700237285);1700237285;;FOURNISSEUR CENTRALE;;Pas de commande associée;O;08/04/2026 00:00;;08/04/2026 12:21;0.000
7508aee1-96a6-400b-ae45-52fa55fe67ea;411;Réception (B.L. : 1700237310);1700237310;;FOURNISSEUR CENTRALE;;Pas de commande associée;O;08/04/2026 00:00;;08/04/2026 12:23;0.000
7522848f-6452-403f-975a-f89d481cd46a;356;Réception (B.L. : 1800330772);1800330772;;FOURNISSEUR CENTRALE;;Pas de commande associée;O;13/03/2026 00:00;;13/03/2026 12:24;0.000
752ff45f-25a8-4f5f-bf4f-886886008060;411;Réception (B.L. : 1700230899);1700230899;;FOURNISSEUR CENTRALE;;Pas de commande associée;O;06/03/2026 00:00;;06/03/2026 12:30;0.000
7537b588-0b07-4e3e-811e-9eec55eafc29;411;Réception (B.L. : 1100215107);1100215107;;FOURNISSEUR CENTRALE;;Pas de commande associée;O;01/04/2026 00:00;;01/04/2026 17:12;0.000
754b4910-c4af-4fd7-b859-0a38c9587ed6;410;Réception (B.L. : 1100215747);1100215747;;FOURNISSEUR CENTRALE;;Pas de commande associée;O;06/04/2026 00:00;;06/04/2026 12:14;0.000
759f667e-7b82-4a5b-98d4-1bb359a55653;411;Réception (B.L. : 1100215294);1100215294;;FOURNISSEUR CENTRALE;;Pas de commande associée;O;02/04/2026 00:00;;02/04/2026 17:12;0.000
75d65cb5-a7b9-48e5-9a75-14a9344126ea;411;Réception (B.L. : 1800336277);1800336277;;FOURNISSEUR CENTRALE;;Pas de commande associée;O;03/04/2026 00:00;;03/04/2026 12:41;0.000
75db983a-3f58-431e-9e5f-13ad8a5672c2;413;Réception (B.L. : 1100211222);1100211222;;FOURNISSEUR CENTRALE;;Pas de commande associée;O;10/03/2026 00:00;;10/03/2026 12:16;6.000
75e37bfc-4704-4ccd-b3ce-30c376e62317;413;Réception (B.L. : 1800332797);1800332797;;FOURNISSEUR CENTRALE;;Pas de commande associée;O;20/03/2026 00:00;;20/03/2026 12:26;0.000
75e7d18c-5e46-4531-b609-0209fb1e79dc;410;Réception (B.L. : 1100212415);1100212415;;FOURNISSEUR CENTRALE;;Pas de commande associée;O;18/03/2026 00:00;;18/03/2026 12:13;0.000
75f5eb60-ccb2-4cef-b1ab-d06258e87b16;364;Réception (B.L. : 1200108013);1200108013;;FOURNISSEUR CENTRALE;;Pas de commande associée;O;04/04/2026 00:00;;04/04/2026 12:11;1.000
7611f5cd-ed5e-4cf9-a1ad-74936a164974;353;Réception (B.L. : 1700237760);1700237760;;FOURNISSEUR CENTRALE;;Pas de commande associée;O;09/04/2026 00:00;;10/04/2026 12:21;789.000
7612d830-4f9b-4976-94f5-1d33959dc05c;356;Réception (B.L. : 1800327865);1800327865;;FOURNISSEUR CENTRALE;;Pas de commande associée;O;02/03/2026 00:00;;02/03/2026 17:13;0.000
763a8d31-c7a5-458b-8800-0c648b94055e;356;Réception (B.L. : 1100216464);1100216464;;FOURNISSEUR CENTRALE;;Pas de commande associée;O;09/04/2026 00:00;;09/04/2026 17:13;0.000
7648e41c-5476-4614-b060-7e0afefa468b;411;Réception (B.L. : 1100214759);1100214759;;FOURNISSEUR CENTRALE;;Pas de commande associée;O;31/03/2026 00:00;;31/03/2026 12:11;0.000
766f6fb5-2824-49cb-a574-7b80ebb42542;356;Réception (B.L. : 1800337247);1800337247;;FOURNISSEUR CENTRALE;;Pas de commande associée;O;08/04/2026 00:00;;08/04/2026 12:27;0.000
76714d5c-e50d-4183-9897-a9f8a6088052;364;Réception (B.L. : 1100216093);1100216093;;FOURNISSEUR CENTRALE;;Pas de commande associée;O;07/04/2026 00:00;;07/04/2026 17:12;168.000
767666f8-1e6e-431e-91e3-6944842bd8dd;413;Réception (B.L. : 1100210864);1100210864;;FOURNISSEUR CENTRALE;;Pas de commande associée;O;06/03/2026 00:00;;06/03/2026 12:15;0.000
76987c6d-cf58-4774-8126-4e94c3293839;411;Réception (B.L. : 1100212267);1100212267;;FOURNISSEUR CENTRALE;;Pas de commande associée;O;17/03/2026 00:00;;17/03/2026 12:16;0.000
76c033d4-ba68-4fbd-9763-867e069d8d9d;353;Réception (B.L. : 1100214541);1100214541;;FOURNISSEUR CENTRALE;;Pas de commande associée;O;30/03/2026 00:00;;30/03/2026 12:19;6.000
76db946b-3947-451c-9d2e-75f34e05dea9;411;Réception (B.L. : 1800335596);1800335596;;FOURNISSEUR CENTRALE;;Pas de commande associée;O;01/04/2026 00:00;;01/04/2026 12:16;0.000
76e79a69-f944-4fe6-9f76-03738b6d502b;356;Réception (B.L. : 1100214375);1100214375;;FOURNISSEUR CENTRALE;;Pas de commande associée;O;27/03/2026 00:00;;27/03/2026 12:16;0.000
770389fe-ce99-4354-a506-fee10e842932;411;Réception (B.L. : 1800336198);1800336198;;FOURNISSEUR CENTRALE;;Pas de commande associée;O;03/04/2026 00:00;;03/04/2026 12:38;0.000
77d6af11-ba6a-4036-8ce8-fd5ded42413e;410;Réception (B.L. : 1800327872);1800327872;;FOURNISSEUR CENTRALE;;Pas de commande associée;O;02/03/2026 00:00;;02/03/2026 17:14;0.000
77e1126f-a4ea-40be-a44e-d7c9831d62d9;364;Réception (B.L. : 1800328395);1800328395;;FOURNISSEUR CENTRALE;;Pas de commande associée;O;04/03/2026 00:00;;04/03/2026 12:12;12.000
77ef0c2c-8c06-4369-b956-57fd725e522d;413;Réception (B.L. : 1800333844);1800333844;;FOURNISSEUR CENTRALE;;Pas de commande associée;O;25/03/2026 00:00;;25/03/2026 12:11;243.900
7815f129-569f-4cfe-b094-71f1a0096a07;411;Réception (B.L. : 1200105679);1200105679;;FOURNISSEUR CENTRALE;;Pas de commande associée;O;04/03/2026 00:00;;04/03/2026 12:10;0.000
785e374f-5aa3-4ef9-9b18-3a76996e0404;411;Réception (B.L. : 1100216078);1100216078;;FOURNISSEUR CENTRALE;;Pas de commande associée;O;07/04/2026 00:00;;07/04/2026 17:11;0.000
78b840ae-45fb-4596-b107-4b288a4d062b;410;Réception (B.L. : 1700236343);1700236343;;FOURNISSEUR CENTRALE;;Pas de commande associée;O;03/04/2026 00:00;;03/04/2026 12:29;0.000
791cadd2-8f4d-4887-8e6f-8e6447d4e2e5;353;Réception (B.L. : 1700236383);1700236383;;FOURNISSEUR CENTRALE;;Pas de commande associée;O;03/04/2026 00:00;;03/04/2026 12:21;24.000
79375fb2-f246-486c-bdb3-877f992ae81d;356;Réception (B.L. : 1700236572);1700236572;;FOURNISSEUR CENTRALE;;Pas de commande associée;O;03/04/2026 00:00;;03/04/2026 17:12;0.000
79b03cee-91d9-4469-aed8-e5521c77b15f;410;Réception (B.L. : 1100215750);1100215750;;FOURNISSEUR CENTRALE;;Pas de commande associée;O;06/04/2026 00:00;;06/04/2026 12:17;0.000
79bddb4b-c300-4d74-b77c-16fedb31383c;410;Réception (B.L. : 1700232592);1700232592;;FOURNISSEUR CENTRALE;;Pas de commande associée;O;16/03/2026 00:00;;16/03/2026 12:15;0.000
79f2f099-d804-4b72-8754-efee99ca2bf1;364;Réception (B.L. : 1700231507);1700231507;;FOURNISSEUR CENTRALE;;Pas de commande associée;O;10/03/2026 00:00;;10/03/2026 12:16;1080.000
7a1a2ef0-22c2-49ae-b580-a20266f9be0e;353;Réception (B.L. : 1100214887);1100214887;;FOURNISSEUR CENTRALE;;Pas de commande associée;O;01/04/2026 00:00;;01/04/2026 12:11;1302.000
7a323ed1-25b2-4042-b70f-eab3194315b5;411;Réception (B.L. : 1800337973);1800337973;;FOURNISSEUR CENTRALE;;Pas de commande associée;O;10/04/2026 00:00;;10/04/2026 12:24;0.000
7a5167a1-30b3-440b-b6f5-be8a1fe3b3a6;411;Réception (B.L. : 1100215378);1100215378;;FOURNISSEUR CENTRALE;;Pas de commande associée;O;03/04/2026 00:00;;03/04/2026 12:13;0.000
7a671bf0-4f58-4c47-b382-95fff2e6b9e1;356;Réception (B.L. : 1100211007);1100211007;;FOURNISSEUR CENTRALE;;Pas de commande associée;O;09/03/2026 00:00;;09/03/2026 12:12;0.000
7ab05586-f4f7-4e55-bcd4-7f3aa20fb370;353;Réception (B.L. : 1700235840);1700235840;;FOURNISSEUR CENTRALE;;Pas de commande associée;O;01/04/2026 00:00;;01/04/2026 12:22;966.000
7ad27b12-7432-49c7-93e8-30b01c36a6cc;410;Réception (B.L. : 1100210989);1100210989;;FOURNISSEUR CENTRALE;;Pas de commande associée;O;08/03/2026 00:00;;08/03/2026 23:23;0.000
7b256fea-f29a-43c2-9238-0d1242e6cf96;356;Réception (B.L. : 1700230192);1700230192;;FOURNISSEUR CENTRALE;;Pas de commande associée;O;04/03/2026 00:00;;04/03/2026 12:20;0.000
7b35703c-1f9f-4d2d-bfbd-d53774349693;410;Réception (B.L. : 1100210964);1100210964;;FOURNISSEUR CENTRALE;;Pas de commande associée;O;07/03/2026 00:00;;07/03/2026 12:11;0.000
7b6790c6-31c6-4e2e-bfa4-15539a3328a1;411;Réception (B.L. : 1100214256);1100214256;;FOURNISSEUR CENTRALE;;Pas de commande associée;O;27/03/2026 00:00;;27/03/2026 12:13;0.000
7bab47ff-ebf3-4689-9957-943fc1c22a2c;410;Réception (B.L. : 1800335594);1800335594;;FOURNISSEUR CENTRALE;;Pas de commande associée;O;01/04/2026 00:00;;01/04/2026 12:42;0.000
7bc4c59e-f509-4ebd-b1fd-4cdf9b266b25;353;Réception (B.L. : 1800336234);1800336234;;FOURNISSEUR CENTRALE;;Pas de commande associée;O;03/04/2026 00:00;;03/04/2026 12:31;75.000
7bf6a8a1-9f58-40ed-9f66-381cc422cad5;411;Réception (B.L. : 1100212910);1100212910;;FOURNISSEUR CENTRALE;;Pas de commande associée;O;20/03/2026 00:00;;20/03/2026 12:11;0.000
7c2cc574-ca2f-4f2a-8079-8281198827c9;364;Réception (B.L. : 1700236519);1700236519;;FOURNISSEUR CENTRALE;;Pas de commande associée;O;03/04/2026 00:00;;03/04/2026 12:15;7.000
7c4a1495-d701-4f7f-ac10-14cc101ab2bf;364;Réception (B.L. : 1700235333);1700235333;;FOURNISSEUR CENTRALE;;Pas de commande associée;O;28/03/2026 00:00;;28/03/2026 12:15;4.000
7cb8a985-036b-49e3-bf13-6f44dfccb7d1;411;Réception (B.L. : 1800328997);1800328997;;FOURNISSEUR CENTRALE;;Pas de commande associée;O;05/03/2026 00:00;;06/03/2026 12:34;0.000
7cc9b0e8-162b-4123-9429-1bb071ca2c7b;364;Réception (B.L. : 1100212256);1100212256;;FOURNISSEUR CENTRALE;;Pas de commande associée;O;17/03/2026 00:00;;17/03/2026 12:13;30.000
7ccad838-1875-4ae4-ae2e-6b37c7d38871;356;Réception (B.L. : 1700230763);1700230763;;FOURNISSEUR CENTRALE;;Pas de commande associée;O;06/03/2026 00:00;;06/03/2026 12:17;0.000
7ccb95ad-e033-44c0-8c80-90a542c51b00;410;Réception (B.L. : 1800327814);1800327814;;FOURNISSEUR CENTRALE;;Pas de commande associée;O;02/03/2026 00:00;;02/03/2026 12:23;0.000
7cd7c97d-dedd-4335-bbbc-4b7362308c69;410;Réception (B.L. : 1700232594);1700232594;;FOURNISSEUR CENTRALE;;Pas de commande associée;O;16/03/2026 00:00;;16/03/2026 12:17;0.000
7d104cb6-3632-4325-b6d6-31e3ea36e1e1;413;Réception (B.L. : 1700234240);1700234240;;FOURNISSEUR CENTRALE;;Pas de commande associée;O;23/03/2026 00:00;;24/03/2026 12:21;142.000
7d463d5f-4922-4cca-bd19-0360f4b76169;353;Réception (B.L. : 1100213741);1100213741;;FOURNISSEUR CENTRALE;;Pas de commande associée;O;25/03/2026 00:00;;25/03/2026 12:17;6.000
7d95f3d8-c030-4c51-b329-1262d382eb13;353;Réception (B.L. : 1800336224);1800336224;;FOURNISSEUR CENTRALE;;Pas de commande associée;O;03/04/2026 00:00;;03/04/2026 12:30;68.000
7dba649d-1f59-42da-b4ee-73270cc93906;353;Réception (B.L. : 1100214540);1100214540;;FOURNISSEUR CENTRALE;;Pas de commande associée;O;30/03/2026 00:00;;30/03/2026 12:18;102.000
7dd9a2f4-1aca-4686-8318-a114885d2ace;356;Réception (B.L. : 1100210324);1100210324;;FOURNISSEUR CENTRALE;;Pas de commande associée;O;04/03/2026 00:00;;04/03/2026 12:13;0.000
7e14a044-183a-4731-97b6-8d7ae917c5cc;353;Réception (B.L. : 1100214273);1100214273;;FOURNISSEUR CENTRALE;;Pas de commande associée;O;27/03/2026 00:00;;27/03/2026 12:12;708.000
7e31998f-529b-4198-bd6e-7bdfadd9e905;411;Réception (B.L. : 1700237056);1700237056;;FOURNISSEUR CENTRALE;;Pas de commande associée;O;07/04/2026 00:00;;07/04/2026 12:15;0.000
7ea6fba8-acbf-49ef-91ee-8442fce512d8;353;Réception (B.L. : 1700232558);1700232558;;FOURNISSEUR CENTRALE;;Pas de commande associée;O;16/03/2026 00:00;;16/03/2026 12:14;834.000
7f10eadb-2060-4952-b095-0af3259decef;356;Réception (B.L. : 1800333770);1800333770;;FOURNISSEUR CENTRALE;;Pas de commande associée;O;24/03/2026 00:00;;25/03/2026 12:31;0.000
7f607fcb-67c5-4a64-bf10-8e3663628509;410;Réception (B.L. : 1800335558);1800335558;;FOURNISSEUR CENTRALE;;Pas de commande associée;O;01/04/2026 00:00;;01/04/2026 12:35;0.000
7fa796ef-eacb-4b61-b608-a3f0d4d0636f;353;Réception (B.L. : 1700230130);1700230130;;FOURNISSEUR CENTRALE;;Pas de commande associée;O;04/03/2026 00:00;;04/03/2026 12:23;180.000
7fcce471-6652-4e48-97c7-775371370a77;410;Réception (B.L. : 1800329594);1800329594;;FOURNISSEUR CENTRALE;;Pas de commande associée;O;09/03/2026 00:00;;09/03/2026 12:27;0.000
7fd3720e-8795-4da1-90eb-15d85b113467;364;Réception (B.L. : 1700230055);1700230055;;FOURNISSEUR CENTRALE;;Pas de commande associée;O;03/03/2026 00:00;;03/03/2026 17:04;45.000
7ffb002e-26be-4ba9-9a7a-63943085351b;353;Réception (B.L. : 1700235367);1700235367;;FOURNISSEUR CENTRALE;;Pas de commande associée;O;30/03/2026 00:00;;30/03/2026 12:23;430.000
8002127c-5c3d-44f5-85bc-1bd4edee92ac;356;Réception (B.L. : 1800334993);1800334993;;FOURNISSEUR CENTRALE;;Pas de commande associée;O;30/03/2026 00:00;;30/03/2026 17:14;0.000
80408719-9d31-4752-9853-d3dcd7aff766;364;Réception (B.L. : 1700231513);1700231513;;FOURNISSEUR CENTRALE;;Pas de commande associée;O;10/03/2026 00:00;;10/03/2026 12:22;16.000
8078ab56-e39b-4246-a857-ac1e7fc4488b;413;Réception (B.L. : 1100211741);1100211741;;FOURNISSEUR CENTRALE;;Pas de commande associée;O;13/03/2026 00:00;;13/03/2026 12:12;0.000
8083daad-2332-4fb4-9b72-956f515a42d9;353;Réception (B.L. : 1700230632);1700230632;;FOURNISSEUR CENTRALE;;Pas de commande associée;O;06/03/2026 00:00;;06/03/2026 12:19;1.000
809ba853-fed5-4d8c-ab97-572eb2cf2e2e;411;Réception (B.L. : 1700237308);1700237308;;FOURNISSEUR CENTRALE;;Pas de commande associée;O;08/04/2026 00:00;;08/04/2026 12:21;0.000
80a0cd7f-ce9a-4577-828a-0c95a9cc27f9;410;Réception (B.L. : 1800331446);1800331446;;FOURNISSEUR CENTRALE;;Pas de commande associée;O;16/03/2026 00:00;;16/03/2026 12:22;0.000
80ab8126-af4a-4ebb-b67f-be30b4bad278;356;Réception (B.L. : 1800328428);1800328428;;FOURNISSEUR CENTRALE;;Pas de commande associée;O;04/03/2026 00:00;;04/03/2026 12:29;0.000
80faceb6-8775-40d0-9db3-a72559a1b078;413;Réception (B.L. : 1700230051);1700230051;;FOURNISSEUR CENTRALE;;Pas de commande associée;O;03/03/2026 00:00;;03/03/2026 17:07;0.000
814384a4-b5ae-4a2d-9257-5d8198028f79;353;Réception (B.L. : 1700233984);1700233984;;FOURNISSEUR CENTRALE;;Pas de commande associée;O;23/03/2026 00:00;;23/03/2026 12:25;12.000
814f574b-85b5-46a0-9b07-857d02517b74;356;Réception (B.L. : 1700234534);1700234534;;FOURNISSEUR CENTRALE;;Pas de commande associée;O;25/03/2026 00:00;;25/03/2026 12:20;0.000
818dae0b-27fe-46d7-8fcb-f3ce6e5c9197;353;Réception (B.L. : 1800330196);1800330196;;FOURNISSEUR CENTRALE;;Pas de commande associée;O;11/03/2026 00:00;;11/03/2026 12:24;44.000
81d18aef-1081-4c40-9af9-dc094c953d80;353;Réception (B.L. : 1100210303);1100210303;;FOURNISSEUR CENTRALE;;Pas de commande associée;O;03/03/2026 00:00;;03/03/2026 17:01;186.000
81fee80c-e199-46fa-8fe6-bc362f6601df;356;Réception (B.L. : 1800329511);1800329511;;FOURNISSEUR CENTRALE;;Pas de commande associée;O;09/03/2026 00:00;;09/03/2026 12:23;0.000
8203cf8c-c4fb-4a91-a51d-27a1515a251c;364;Réception (B.L. : 1700237982);1700237982;;FOURNISSEUR CENTRALE;;Pas de commande associée;O;10/04/2026 00:00;;10/04/2026 12:16;5.000
826f5241-c566-4f7e-896b-67756644d045;410;Réception (B.L. : 1100214552);1100214552;;FOURNISSEUR CENTRALE;;Pas de commande associée;O;30/03/2026 00:00;;30/03/2026 12:23;0.000
82c23574-935f-4810-abab-b46aefe354fe;413;Réception (B.L. : 1700235052);1700235052;;FOURNISSEUR CENTRALE;;Pas de commande associée;O;27/03/2026 00:00;;27/03/2026 12:22;1.000
82c4e4fa-59a3-4c02-906b-99c4210bf4a5;411;Réception (B.L. : 1700230893);1700230893;;FOURNISSEUR CENTRALE;;Pas de commande associée;O;06/03/2026 00:00;;06/03/2026 12:24;0.000
82d903ef-db53-4c25-ae7d-a4f84b12a768;364;Réception (B.L. : 1200105677);1200105677;;FOURNISSEUR CENTRALE;;Pas de commande associée;O;04/03/2026 00:00;;04/03/2026 12:10;36.000
82f5fc6c-ded2-4a2f-99c6-ab8bdab6bdc3;413;Réception (B.L. : 1700230050);1700230050;;FOURNISSEUR CENTRALE;;Pas de commande associée;O;03/03/2026 00:00;;03/03/2026 17:06;1010.000
830ef646-2588-4a28-9813-8c1fafd58982;353;Réception (B.L. : 1100213738);1100213738;;FOURNISSEUR CENTRALE;;Pas de commande associée;O;25/03/2026 00:00;;25/03/2026 12:14;22.000
8332c477-4df0-4669-b812-5d61ebaa0d65;411;Réception (B.L. : 1800330815);1800330815;;FOURNISSEUR CENTRALE;;Pas de commande associée;O;13/03/2026 00:00;;13/03/2026 12:29;0.000
833e0057-e3db-4753-937c-7ee0e6acf3e6;411;Réception (B.L. : 1100210715);1100210715;;FOURNISSEUR CENTRALE;;Pas de commande associée;O;06/03/2026 00:00;;06/03/2026 12:14;0.000
83546560-7e15-4cf8-85f6-bfb4d16281f7;413;Réception (B.L. : 1700230059);1700230059;;FOURNISSEUR CENTRALE;;Pas de commande associée;O;03/03/2026 00:00;;03/03/2026 17:08;0.000
836878d1-e57b-40f0-971c-ce51468eba8f;364;Réception (B.L. : 1800332714);1800332714;;FOURNISSEUR CENTRALE;;Pas de commande associée;O;20/03/2026 00:00;;20/03/2026 12:22;105.000
83807c77-89e7-42c6-b421-4c3ec40b729f;356;Réception (B.L. : 1800337246);1800337246;;FOURNISSEUR CENTRALE;;Pas de commande associée;O;08/04/2026 00:00;;08/04/2026 12:26;0.000
83bb53b8-1fdb-44bd-9d68-41efd6320c4b;356;Réception (B.L. : 1100212120);1100212120;;FOURNISSEUR CENTRALE;;Pas de commande associée;O;16/03/2026 00:00;;16/03/2026 12:15;0.000
83e405d9-4efc-44b0-9a07-d145b3c77c58;364;Réception (B.L. : 1800329608);1800329608;;FOURNISSEUR CENTRALE;;Pas de commande associée;O;09/03/2026 00:00;;09/03/2026 17:11;2360.000
83efaab9-d5ad-44ff-9063-f136194b4e3e;356;Réception (B.L. : 1800336268);1800336268;;FOURNISSEUR CENTRALE;;Pas de commande associée;O;03/04/2026 00:00;;03/04/2026 12:25;0.000
84041cfa-f368-4952-80aa-8b3c3c10b1af;364;Réception (B.L. : 1100213449);1100213449;;FOURNISSEUR CENTRALE;;Pas de commande associée;O;23/03/2026 00:00;;23/03/2026 17:10;228.000
8407d91f-1ae9-4bf5-89ef-0a5feced3e85;353;Réception (B.L. : 1800337328);1800337328;;FOURNISSEUR CENTRALE;;Pas de commande associée;O;08/04/2026 00:00;;08/04/2026 17:12;2.000
84428b22-8341-4dd2-a3b3-a6628cc9c78a;413;Réception (B.L. : 1700235742);1700235742;;FOURNISSEUR CENTRALE;;Pas de commande associée;O;31/03/2026 00:00;;31/03/2026 12:21;504.000
84930411-d3c2-42d2-a07e-215c86e043b3;356;Réception (B.L. : 1700232140);1700232140;;FOURNISSEUR CENTRALE;;Pas de commande associée;O;13/03/2026 00:00;;13/03/2026 12:19;0.000
84cc41cc-61ae-47ca-8fce-79f9e9b20a1a;410;Réception (B.L. : 1100213752);1100213752;;FOURNISSEUR CENTRALE;;Pas de commande associée;O;25/03/2026 00:00;;25/03/2026 12:17;0.000
84e2a839-5cd9-4087-bdf7-4baa3579de83;410;Réception (B.L. : 1800331444);1800331444;;FOURNISSEUR CENTRALE;;Pas de commande associée;O;16/03/2026 00:00;;16/03/2026 12:20;0.000
8532faa0-902a-4b53-b6af-f841f41cc703;353;Réception (B.L. : 1100210851);1100210851;;FOURNISSEUR CENTRALE;;Pas de commande associée;O;06/03/2026 00:00;;06/03/2026 12:15;4.000
8537f0f8-7d7d-4c02-82af-e231c72bbcde;356;Réception (B.L. : 1700235856);1700235856;;FOURNISSEUR CENTRALE;;Pas de commande associée;O;01/04/2026 00:00;;01/04/2026 12:28;0.000
85483f7e-8dbb-4c1d-a679-dfb1c48c1877;413;Réception (B.L. : 1100213486);1100213486;;FOURNISSEUR CENTRALE;;Pas de commande associée;O;24/03/2026 00:00;;24/03/2026 12:13;296.000
8575eddc-96a0-44c4-9114-5c799925f102;410;Réception (B.L. : 1100209976);1100209976;;FOURNISSEUR CENTRALE;;Pas de commande associée;O;02/03/2026 00:00;;02/03/2026 12:13;0.000
85786e9a-7b88-4e22-b437-0c644f624efd;410;Réception (B.L. : 1700231184);1700231184;;FOURNISSEUR CENTRALE;;Pas de commande associée;O;09/03/2026 00:00;;09/03/2026 12:21;0.000
859863f8-9b23-4bff-b301-f4a09d61f060;353;Réception (B.L. : 1700234449);1700234449;;FOURNISSEUR CENTRALE;;Pas de commande associée;O;24/03/2026 00:00;;25/03/2026 12:20;528.000
85a4a42f-9961-4542-b552-316b58444fd8;356;Réception (B.L. : 1700237976);1700237976;;FOURNISSEUR CENTRALE;;Pas de commande associée;O;10/04/2026 00:00;;10/04/2026 12:27;0.000
85a51fa3-b90f-462c-a358-899e4ad60ef8;410;Réception (B.L. : 1100216120);1100216120;;FOURNISSEUR CENTRALE;;Pas de commande associée;O;08/04/2026 00:00;;08/04/2026 12:15;0.000
85c7d559-64ae-41ff-84b8-13e42b6913bf;413;Réception (B.L. : 1100216508);1100216508;;FOURNISSEUR CENTRALE;;Pas de commande associée;O;10/04/2026 00:00;;10/04/2026 12:12;1087.000
85e5525b-cb55-4aa4-b612-1b64775d7f6e;353;Réception (B.L. : 1700235024);1700235024;;FOURNISSEUR CENTRALE;;Pas de commande associée;O;27/03/2026 00:00;;27/03/2026 12:18;272.000
85ff8a51-a033-44ca-9c5f-d3258fccb229;353;Réception (B.L. : 1800332029);1800332029;;FOURNISSEUR CENTRALE;;Pas de commande associée;O;18/03/2026 00:00;;18/03/2026 12:25;655.400
861d9bbd-f396-43a0-b558-fbe418482cb7;413;Réception (B.L. : 1700237007);1700237007;;FOURNISSEUR CENTRALE;;Pas de commande associée;O;07/04/2026 00:00;;07/04/2026 12:16;21.000
86620810-01a8-4fc3-b0c9-2ef47d86bc5c;356;Réception (B.L. : 1700233506);1700233506;;FOURNISSEUR CENTRALE;;Pas de commande associée;O;19/03/2026 00:00;;19/03/2026 17:15;0.000
866bc0fb-3889-4b2f-a6eb-28275c1eefff;410;Réception (B.L. : 1700232591);1700232591;;FOURNISSEUR CENTRALE;;Pas de commande associée;O;16/03/2026 00:00;;16/03/2026 12:14;0.000
8672b8ca-24f0-48d4-ab3f-6799f15b4211;356;Réception (B.L. : 1700231715);1700231715;;FOURNISSEUR CENTRALE;;Pas de commande associée;O;11/03/2026 00:00;;11/03/2026 12:22;0.000
86ee97f6-6a92-4bbf-83d3-c6120177bb99;413;Réception (B.L. : 1100211217);1100211217;;FOURNISSEUR CENTRALE;;Pas de commande associée;O;10/03/2026 00:00;;10/03/2026 12:11;664.000
86fe8b7c-37f0-4d3f-9803-a68244e5d6d0;413;Réception (B.L. : 1100215384);1100215384;;FOURNISSEUR CENTRALE;;Pas de commande associée;O;03/04/2026 00:00;;03/04/2026 12:13;626.000
8710b22e-1ec2-4eae-908e-387e1ec53f2a;413;Réception (B.L. : 1700237003);1700237003;;FOURNISSEUR CENTRALE;;Pas de commande associée;O;07/04/2026 00:00;;07/04/2026 12:12;178.000
871e132e-21de-4e27-b044-05262f5abe6c;413;Réception (B.L. : 1700232830);1700232830;;FOURNISSEUR CENTRALE;;Pas de commande associée;O;17/03/2026 00:00;;17/03/2026 12:21;24.000
872f1aae-bb82-440d-afdd-2ba0fd606551;356;Réception (B.L. : 1200108278);1200108278;;FOURNISSEUR CENTRALE;;Pas de commande associée;O;09/04/2026 00:00;;09/04/2026 12:11;0.000
8739a0df-51bf-484d-b997-d963562b21ca;356;Réception (B.L. : 1100214943);1100214943;;FOURNISSEUR CENTRALE;;Pas de commande associée;O;01/04/2026 00:00;;01/04/2026 12:16;0.000
878c3927-fb05-49fa-bdd4-a8eda1441555;353;Réception (B.L. : 1100212463);1100212463;;FOURNISSEUR CENTRALE;;Pas de commande associée;O;18/03/2026 00:00;;18/03/2026 12:13;4.000
878f1a8b-0d42-4af3-9840-4c0065159d36;353;Réception (B.L. : 1100211441);1100211441;;FOURNISSEUR CENTRALE;;Pas de commande associée;O;11/03/2026 00:00;;11/03/2026 12:14;5.000
8799dc4d-883c-4961-9cad-46e98f75967d;353;Réception (B.L. : 1800333760);1800333760;;FOURNISSEUR CENTRALE;;Pas de commande associée;O;24/03/2026 00:00;;25/03/2026 12:29;6.726
87fa150b-09b5-4c48-9100-db7f740c3ccc;364;Réception (B.L. : 1800333777);1800333777;;FOURNISSEUR CENTRALE;;Pas de commande associée;O;24/03/2026 00:00;;25/03/2026 12:11;5.000
88131510-3d80-4442-8944-793f54947e4d;411;Réception (B.L. : 1700232158);1700232158;;FOURNISSEUR CENTRALE;;Pas de commande associée;O;13/03/2026 00:00;;13/03/2026 12:17;0.000
887973fe-c3ce-4b11-b8f6-3adcd327cb72;411;Réception (B.L. : 1700231490);1700231490;;FOURNISSEUR CENTRALE;;Pas de commande associée;O;10/03/2026 00:00;;10/03/2026 12:23;0.000
88975b34-6e82-4890-b47e-c2d7176a1ccc;411;Réception (B.L. : 1800335566);1800335566;;FOURNISSEUR CENTRALE;;Pas de commande associée;O;01/04/2026 00:00;;01/04/2026 12:13;0.000
88a1723c-b902-489d-b1bd-12aa1a569eec;410;Réception (B.L. : 1800332688);1800332688;;FOURNISSEUR CENTRALE;;Pas de commande associée;O;20/03/2026 00:00;;20/03/2026 12:27;0.000
88a864e3-1c88-412a-8104-aa24a24f7033;364;Réception (B.L. : 1700237771);1700237771;;FOURNISSEUR CENTRALE;;Pas de commande associée;O;09/04/2026 00:00;;10/04/2026 12:11;687.000
88dd8e6a-4e52-487a-a06d-b80cd4d1bf44;410;Réception (B.L. : 1100209974);1100209974;;FOURNISSEUR CENTRALE;;Pas de commande associée;O;02/03/2026 00:00;;02/03/2026 12:11;0.000
8914950e-2609-4d87-8b5b-223f7355544a;413;Réception (B.L. : 1800330263);1800330263;;FOURNISSEUR CENTRALE;;Pas de commande associée;O;11/03/2026 00:00;;11/03/2026 12:14;0.000
89492dd1-dff0-454a-aefc-ea6f5692b425;364;Réception (B.L. : 1700235638);1700235638;;FOURNISSEUR CENTRALE;;Pas de commande associée;O;30/03/2026 00:00;;31/03/2026 12:15;190.000
898aa440-255f-4c99-8dfc-140f521cc3bf;364;Réception (B.L. : 1800334971);1800334971;;FOURNISSEUR CENTRALE;;Pas de commande associée;O;30/03/2026 00:00;;30/03/2026 17:11;503.800
89be8e1c-4337-45d2-9468-4bc15f1eeb93;410;Réception (B.L. : 1100212907);1100212907;;FOURNISSEUR CENTRALE;;Pas de commande associée;O;20/03/2026 00:00;;20/03/2026 12:13;0.000
89bfeb92-d2d6-4894-aba0-327dd400292d;413;Réception (B.L. : 1100211219);1100211219;;FOURNISSEUR CENTRALE;;Pas de commande associée;O;10/03/2026 00:00;;10/03/2026 12:13;6.000
89c6046d-400a-44e6-8565-279a6419e71f;410;Réception (B.L. : 1700234020);1700234020;;FOURNISSEUR CENTRALE;;Pas de commande associée;O;23/03/2026 00:00;;23/03/2026 12:15;0.000
89c75de3-9301-4943-b7c6-27f047d942a4;356;Réception (B.L. : 1700230923);1700230923;;FOURNISSEUR CENTRALE;;Pas de commande associée;O;06/03/2026 00:00;;06/03/2026 12:23;0.000
89c939b4-387b-4700-b9d2-71a2c35de951;411;Réception (B.L. : 1100213500);1100213500;;FOURNISSEUR CENTRALE;;Pas de commande associée;O;24/03/2026 00:00;;24/03/2026 12:11;0.000
89d8c08c-72b0-40cd-af7c-da98ea7a5a82;364;Réception (B.L. : 1100211726);1100211726;;FOURNISSEUR CENTRALE;;Pas de commande associée;O;12/03/2026 00:00;;12/03/2026 17:10;48.000
89d9970e-77b8-4d85-8a9d-5b8de342b17e;410;Réception (B.L. : 1800332063);1800332063;;FOURNISSEUR CENTRALE;;Pas de commande associée;O;18/03/2026 00:00;;18/03/2026 12:34;0.000
89d9eb1c-22f3-4238-bfc4-669e1782b467;364;Réception (B.L. : 1800328396);1800328396;;FOURNISSEUR CENTRALE;;Pas de commande associée;O;04/03/2026 00:00;;04/03/2026 12:13;588.968
8a1a65b8-4493-4bf4-a3ac-1e84a1e5b190;410;Réception (B.L. : 1700234466);1700234466;;FOURNISSEUR CENTRALE;;Pas de commande associée;O;24/03/2026 00:00;;25/03/2026 12:25;0.000
8a7ad917-9b04-44b0-8cb2-2e85ff46a630;410;Réception (B.L. : 1700237783);1700237783;;FOURNISSEUR CENTRALE;;Pas de commande associée;O;09/04/2026 00:00;;10/04/2026 12:15;0.000
8a8aab01-7db3-4f03-b93e-7e69cb270db4;364;Réception (B.L. : 1800333778);1800333778;;FOURNISSEUR CENTRALE;;Pas de commande associée;O;24/03/2026 00:00;;25/03/2026 12:12;5165.000
8aaef8a0-117b-4083-b579-2691fc37ec48;411;Réception (B.L. : 1700235636);1700235636;;FOURNISSEUR CENTRALE;;Pas de commande associée;O;30/03/2026 00:00;;31/03/2026 12:23;0.000
8ab0d803-a640-4bdd-a425-9f7d658bf6ef;410;Réception (B.L. : 1700234985);1700234985;;FOURNISSEUR CENTRALE;;Pas de commande associée;O;27/03/2026 00:00;;27/03/2026 12:18;0.000
8ab9610c-c414-4906-8c4a-9f8773947970;356;Réception (B.L. : 1700232729);1700232729;;FOURNISSEUR CENTRALE;;Pas de commande associée;O;16/03/2026 00:00;;16/03/2026 12:19;0.000
8ab9e03b-f328-4989-89fb-212f0e7c7f01;356;Réception (B.L. : 1800333286);1800333286;;FOURNISSEUR CENTRALE;;Pas de commande associée;O;23/03/2026 00:00;;23/03/2026 17:10;0.000
8b0e2579-18b9-47e5-b98d-bae0e3ec1070;353;Réception (B.L. : 1800330765);1800330765;;FOURNISSEUR CENTRALE;;Pas de commande associée;O;13/03/2026 00:00;;13/03/2026 12:22;12.000
8b3687ed-f051-4644-b94b-75bac575dc39;411;Réception (B.L. : 1700233688);1700233688;;FOURNISSEUR CENTRALE;;Pas de commande associée;O;19/03/2026 00:00;;20/03/2026 12:27;0.000
8b442d35-180d-4306-ae13-c3460f00c001;353;Réception (B.L. : 1100215842);1100215842;;FOURNISSEUR CENTRALE;;Pas de commande associée;O;06/04/2026 00:00;;06/04/2026 12:18;9.000
8b44d0e1-4830-4f8c-a1e8-ac90819d174d;410;Réception (B.L. : 1100214227);1100214227;;FOURNISSEUR CENTRALE;;Pas de commande associée;O;27/03/2026 00:00;;27/03/2026 12:12;0.000
8b69194f-690a-46b5-9e7d-74e8036750e4;353;Réception (B.L. : 1700233716);1700233716;;FOURNISSEUR CENTRALE;;Pas de commande associée;O;20/03/2026 00:00;;20/03/2026 12:16;40.000
8b6ac3a6-6262-4a86-a94f-12da75accd4b;353;Réception (B.L. : 1100210334);1100210334;;FOURNISSEUR CENTRALE;;Pas de commande associée;O;04/03/2026 00:00;;04/03/2026 12:13;6.000
8bd482ca-e26e-42ef-88c5-08127bcbe79b;353;Réception (B.L. : 1100216151);1100216151;;FOURNISSEUR CENTRALE;;Pas de commande associée;O;08/04/2026 00:00;;08/04/2026 12:11;2576.000
8bd59e1d-18cc-47f0-b697-3d8272931b62;353;Réception (B.L. : 1100212382);1100212382;;FOURNISSEUR CENTRALE;;Pas de commande associée;O;17/03/2026 00:00;;17/03/2026 17:01;12.000
8bee5f3d-1d0a-4350-b772-c21b4e81a624;356;Réception (B.L. : 1700233039);1700233039;;FOURNISSEUR CENTRALE;;Pas de commande associée;O;18/03/2026 00:00;;18/03/2026 12:17;0.000
8bf14317-f178-4d94-9ced-b6c8f1a0cacb;410;Réception (B.L. : 1100212362);1100212362;;FOURNISSEUR CENTRALE;;Pas de commande associée;O;17/03/2026 00:00;;17/03/2026 17:01;0.000
8c0019b9-1a10-4617-8ad4-36bf605c7192;413;Réception (B.L. : 1100210215);1100210215;;FOURNISSEUR CENTRALE;;Pas de commande associée;O;03/03/2026 00:00;;03/03/2026 12:16;0.000
8c307eaf-57f4-4273-adf0-1b9a6aa4ed43;411;Réception (B.L. : 1700234996);1700234996;;FOURNISSEUR CENTRALE;;Pas de commande associée;O;27/03/2026 00:00;;27/03/2026 12:23;0.000
8c4581da-49d4-49d3-9cb0-e63f764bbcbb;413;Réception (B.L. : 1100215944);1100215944;;FOURNISSEUR CENTRALE;;Pas de commande associée;O;06/04/2026 00:00;;06/04/2026 12:11;24.000
8c541b32-7d66-415b-8f29-55de2de3df48;364;Réception (B.L. : 1700232215);1700232215;;FOURNISSEUR CENTRALE;;Pas de commande associée;O;13/03/2026 00:00;;13/03/2026 12:14;72.000
8c565001-8df2-473b-b942-40ccad6c0807;356;Réception (B.L. : 1800329051);1800329051;;FOURNISSEUR CENTRALE;;Pas de commande associée;O;06/03/2026 00:00;;06/03/2026 12:28;0.000
8c57a67e-37bd-4240-9cae-77f6cf01dae2;364;Réception (B.L. : 1800330784);1800330784;;FOURNISSEUR CENTRALE;;Pas de commande associée;O;13/03/2026 00:00;;13/03/2026 12:25;45.000
8c703987-a9d6-4db6-b408-bb6d41a18644;353;Réception (B.L. : 1700232135);1700232135;;FOURNISSEUR CENTRALE;;Pas de commande associée;O;13/03/2026 00:00;;13/03/2026 12:17;724.000
8c74c9fb-7dac-4da2-b13b-d3ce01142461;356;Réception (B.L. : 1700233044);1700233044;;FOURNISSEUR CENTRALE;;Pas de commande associée;O;18/03/2026 00:00;;18/03/2026 12:23;0.000
8c8042b8-a497-44b0-ae70-2556ac62ea40;411;Réception (B.L. : 1700231487);1700231487;;FOURNISSEUR CENTRALE;;Pas de commande associée;O;10/03/2026 00:00;;10/03/2026 12:20;0.000
8c88e425-58f7-4da5-82d0-bc319d374040;353;Réception (B.L. : 1700232980);1700232980;;FOURNISSEUR CENTRALE;;Pas de commande associée;O;17/03/2026 00:00;;18/03/2026 12:16;554.000
8c947be2-3aa8-4558-82d5-37d80e25b802;411;Réception (B.L. : 1100210716);1100210716;;FOURNISSEUR CENTRALE;;Pas de commande associée;O;06/03/2026 00:00;;06/03/2026 12:15;0.000
8c9f4c15-5982-4c7c-98af-d593f5e76e88;356;Réception (B.L. : 1100212073);1100212073;;FOURNISSEUR CENTRALE;;Pas de commande associée;O;16/03/2026 00:00;;16/03/2026 12:10;0.000
8cd2adab-5a3b-4ce2-8b81-ea1dd43473c8;410;Réception (B.L. : 1200107546);1200107546;;FOURNISSEUR CENTRALE;;Pas de commande associée;O;30/03/2026 00:00;;30/03/2026 12:12;0.000
8d1e8b7e-850d-492c-bf48-19e2beedf1db;353;Réception (B.L. : 1800333820);1800333820;;FOURNISSEUR CENTRALE;;Pas de commande associée;O;25/03/2026 00:00;;25/03/2026 12:32;17.000
8d2377d9-fae1-455f-a014-21dadcb3fd4f;364;Réception (B.L. : 1200106167);1200106167;;FOURNISSEUR CENTRALE;;Pas de commande associée;O;11/03/2026 00:00;;11/03/2026 12:11;1.000
8d51a177-a681-47c3-b6d6-db2c7faf1ec6;353;Réception (B.L. : 1800332027);1800332027;;FOURNISSEUR CENTRALE;;Pas de commande associée;O;18/03/2026 00:00;;18/03/2026 12:23;58.672
8d67e753-4ce2-4f51-ae0b-1fdd90f78e13;364;Réception (B.L. : 1800330259);1800330259;;FOURNISSEUR CENTRALE;;Pas de commande associée;O;11/03/2026 00:00;;11/03/2026 12:17;8.000
8d709006-1592-4e3f-9c1e-a825671cafe1;353;Réception (B.L. : 1700237759);1700237759;;FOURNISSEUR CENTRALE;;Pas de commande associée;O;09/04/2026 00:00;;10/04/2026 12:20;18.000
8d849578-f9fb-4ef9-ac65-591d3629fede;356;Réception (B.L. : 1700233045);1700233045;;FOURNISSEUR CENTRALE;;Pas de commande associée;O;18/03/2026 00:00;;18/03/2026 12:23;0.000
8d8831ad-68b0-47dd-9c6e-22a4aa53e8b0;413;Réception (B.L. : 1800336246);1800336246;;FOURNISSEUR CENTRALE;;Pas de commande associée;O;03/04/2026 00:00;;03/04/2026 12:30;75.000
8d99b7c8-2fe9-4dfd-9bdc-d7b52ddb04a3;410;Réception (B.L. : 1700230735);1700230735;;FOURNISSEUR CENTRALE;;Pas de commande associée;O;06/03/2026 00:00;;06/03/2026 12:23;0.000
8da5b229-9f5b-4a96-bdce-2ce059f3cd26;411;Réception (B.L. : 1700234272);1700234272;;FOURNISSEUR CENTRALE;;Pas de commande associée;O;24/03/2026 00:00;;24/03/2026 12:27;0.000
8dd4c40d-fdde-43d0-b2ab-147c33852255;353;Réception (B.L. : 1700235370);1700235370;;FOURNISSEUR CENTRALE;;Pas de commande associée;O;30/03/2026 00:00;;30/03/2026 12:26;1.000
8dd87f29-b891-4e9f-9c87-0f1afe4715c9;413;Réception (B.L. : 1700237968);1700237968;;FOURNISSEUR CENTRALE;;Pas de commande associée;O;10/04/2026 00:00;;10/04/2026 12:20;316.000
8de3e3ac-4045-420c-8f4e-6c8962ecfa4a;353;Réception (B.L. : 1800334991);1800334991;;FOURNISSEUR CENTRALE;;Pas de commande associée;O;30/03/2026 00:00;;30/03/2026 17:13;19.000
8e021f03-cd4a-45e2-8f1c-e6b4e2ad3140;411;Réception (B.L. : 1100210713);1100210713;;FOURNISSEUR CENTRALE;;Pas de commande associée;O;06/03/2026 00:00;;06/03/2026 12:12;0.000
8e18d52c-7e4a-4f30-bf93-4c3171f47184;410;Réception (B.L. : 1100212070);1100212070;;FOURNISSEUR CENTRALE;;Pas de commande associée;O;16/03/2026 00:00;;16/03/2026 12:10;0.000
8e1bdc30-8239-4876-8e04-6770568ea7c1;356;Réception (B.L. : 1800336237);1800336237;;FOURNISSEUR CENTRALE;;Pas de commande associée;O;03/04/2026 00:00;;03/04/2026 12:24;0.000
8e1e76c1-0931-46f1-9731-da78836c102d;356;Réception (B.L. : 1100210325);1100210325;;FOURNISSEUR CENTRALE;;Pas de commande associée;O;04/03/2026 00:00;;04/03/2026 12:14;0.000
8e2bd24c-0567-451c-b28b-1be2a7a1b6d9;356;Réception (B.L. : 1800337320);1800337320;;FOURNISSEUR CENTRALE;;Pas de commande associée;O;08/04/2026 00:00;;08/04/2026 17:11;0.000
8e2eaae0-49c2-44fe-88e1-b0628985562c;356;Réception (B.L. : 1100211779);1100211779;;FOURNISSEUR CENTRALE;;Pas de commande associée;O;13/03/2026 00:00;;13/03/2026 12:15;0.000
8e4b253d-7f81-4b89-bf24-6bf53bac799f;356;Réception (B.L. : 1100215432);1100215432;;FOURNISSEUR CENTRALE;;Pas de commande associée;O;03/04/2026 00:00;;03/04/2026 12:20;0.000
8ed8c826-c233-451b-8419-c968ef56ea4b;410;Réception (B.L. : 1800336244);1800336244;;FOURNISSEUR CENTRALE;;Pas de commande associée;O;03/04/2026 00:00;;03/04/2026 12:37;0.000
8ede738c-9523-4ed5-99d1-2549c634dd54;353;Réception (B.L. : 1800337934);1800337934;;FOURNISSEUR CENTRALE;;Pas de commande associée;O;10/04/2026 00:00;;10/04/2026 12:25;66.000
8ef816ea-4822-43bc-8e68-d2ea9c223ec0;364;Réception (B.L. : 1800336225);1800336225;;FOURNISSEUR CENTRALE;;Pas de commande associée;O;03/04/2026 00:00;;03/04/2026 12:29;18.000
8f198c48-b4ec-4ffc-931f-6a772d5d27e6;413;Réception (B.L. : 1700237970);1700237970;;FOURNISSEUR CENTRALE;;Pas de commande associée;O;10/04/2026 00:00;;10/04/2026 12:22;0.000
8f1bb3ff-8adf-44f7-ab09-ba30435a00a4;413;Réception (B.L. : 1100215586);1100215586;;FOURNISSEUR CENTRALE;;Pas de commande associée;O;03/04/2026 00:00;;03/04/2026 12:16;0.000
8f365b51-7767-4af1-9154-56cc2adc8c16;353;Réception (B.L. : 1800334982);1800334982;;FOURNISSEUR CENTRALE;;Pas de commande associée;O;30/03/2026 00:00;;30/03/2026 17:12;11.000
8f3df266-1b45-4f47-9c6a-beeeea20cafe;353;Réception (B.L. : 1700231683);1700231683;;FOURNISSEUR CENTRALE;;Pas de commande associée;O;11/03/2026 00:00;;11/03/2026 12:20;393.000
8f3ec547-2b28-4d34-b7f7-e86a52e5ba6a;410;Réception (B.L. : 1700234016);1700234016;;FOURNISSEUR CENTRALE;;Pas de commande associée;O;23/03/2026 00:00;;23/03/2026 12:11;0.000
8f8f8808-c216-4c40-be2e-219caf699bf0;364;Réception (B.L. : 1200107848);1200107848;;FOURNISSEUR CENTRALE;;Pas de commande associée;O;02/04/2026 00:00;;02/04/2026 17:12;2.000
8fa38c48-cc8f-4626-8c4e-ea1697d8cd4f;413;Réception (B.L. : 1700230982);1700230982;;FOURNISSEUR CENTRALE;;Pas de commande associée;O;06/03/2026 00:00;;06/03/2026 17:12;500.000
8fb102f6-2443-4665-b0ec-90a798b7841c;411;Réception (B.L. : 1100211210);1100211210;;FOURNISSEUR CENTRALE;;Pas de commande associée;O;10/03/2026 00:00;;10/03/2026 12:12;0.000
8fe42607-d884-433a-87b9-e48c75d0c3e8;410;Réception (B.L. : 1800337970);1800337970;;FOURNISSEUR CENTRALE;;Pas de commande associée;O;10/04/2026 00:00;;10/04/2026 12:23;0.000
8ff6977f-2510-4e22-8cf5-8ac9a60be7de;356;Réception (B.L. : 1100215807);1100215807;;FOURNISSEUR CENTRALE;;Pas de commande associée;O;06/04/2026 00:00;;06/04/2026 12:13;0.000
901d792e-169f-4f9f-ae34-01369580da04;413;Réception (B.L. : 1800331619);1800331619;;FOURNISSEUR CENTRALE;;Pas de commande associée;O;16/03/2026 00:00;;17/03/2026 12:26;30.000
9036493b-3c39-446a-a221-aa791c7fd6d6;413;Réception (B.L. : 1700238052);1700238052;;FOURNISSEUR CENTRALE;;Pas de commande associée;O;10/04/2026 00:00;;10/04/2026 12:24;0.000
9069bf22-ec67-4941-8430-804c1a202be9;413;Réception (B.L. : 1800337276);1800337276;;FOURNISSEUR CENTRALE;;Pas de commande associée;O;08/04/2026 00:00;;08/04/2026 12:11;147.100
9075e4de-0706-4e5e-841e-03c0c08efba5;356;Réception (B.L. : 1700235433);1700235433;;FOURNISSEUR CENTRALE;;Pas de commande associée;O;30/03/2026 00:00;;30/03/2026 12:19;0.000
90a3b20f-3617-46ed-9d2e-6dc2b4c614b1;364;Réception (B.L. : 1700237063);1700237063;;FOURNISSEUR CENTRALE;;Pas de commande associée;O;07/04/2026 00:00;;07/04/2026 12:13;371.000
90aeed23-0702-4e27-a8d2-1677a0a3f988;353;Réception (B.L. : 1800335528);1800335528;;FOURNISSEUR CENTRALE;;Pas de commande associée;O;01/04/2026 00:00;;01/04/2026 12:28;177.000
90b20659-26f9-43e8-b6de-ade2b55b41fc;364;Réception (B.L. : 1700233474);1700233474;;FOURNISSEUR CENTRALE;;Pas de commande associée;O;19/03/2026 00:00;;19/03/2026 12:13;6.000
90c5d334-4303-450b-a58e-ff99c47c8eaf;353;Réception (B.L. : 1100214193);1100214193;;FOURNISSEUR CENTRALE;;Pas de commande associée;O;26/03/2026 00:00;;26/03/2026 17:11;30.000
90d47f52-01f6-43fd-a939-b918ed1fae26;353;Réception (B.L. : 1100216221);1100216221;;FOURNISSEUR CENTRALE;;Pas de commande associée;O;08/04/2026 00:00;;08/04/2026 12:14;6.000
913b7686-5b90-4cf5-b2bc-3feb875b31a1;364;Réception (B.L. : 1700235329);1700235329;;FOURNISSEUR CENTRALE;;Pas de commande associée;O;28/03/2026 00:00;;28/03/2026 12:11;793.000
91506417-1a18-4659-a7a5-b204616888ff;353;Réception (B.L. : 1700235843);1700235843;;FOURNISSEUR CENTRALE;;Pas de commande associée;O;01/04/2026 00:00;;01/04/2026 12:25;794.000
918a3ff5-de2e-4adf-975c-ffa001f637ef;356;Réception (B.L. : 1700233505);1700233505;;FOURNISSEUR CENTRALE;;Pas de commande associée;O;19/03/2026 00:00;;19/03/2026 17:14;0.000
9193f054-5c5c-485e-ae61-03d0b84a889b;353;Réception (B.L. : 1700231183);1700231183;;FOURNISSEUR CENTRALE;;Pas de commande associée;O;09/03/2026 00:00;;09/03/2026 12:20;4.000
91c8f6f7-de11-467c-8763-441ec3b817ab;413;Réception (B.L. : 1800328999);1800328999;;FOURNISSEUR CENTRALE;;Pas de commande associée;O;05/03/2026 00:00;;06/03/2026 12:16;10.000
91d630aa-69d4-4e2c-86ac-5b258a015142;413;Réception (B.L. : 1800331449);1800331449;;FOURNISSEUR CENTRALE;;Pas de commande associée;O;16/03/2026 00:00;;16/03/2026 12:10;98.400
91dff18e-b00c-4a33-b7b5-4a6eb1493a65;413;Réception (B.L. : 1200107631);1200107631;;FOURNISSEUR CENTRALE;;Pas de commande associée;O;31/03/2026 00:00;;31/03/2026 12:11;102.000
91f580da-cdde-42c8-a161-b815271d7ce7;411;Réception (B.L. : 1700237304);1700237304;;FOURNISSEUR CENTRALE;;Pas de commande associée;O;08/04/2026 00:00;;08/04/2026 12:17;0.000
92552b3d-36d2-48f8-ab7a-41351b3cffa2;411;Réception (B.L. : 1200106667);1200106667;;FOURNISSEUR CENTRALE;;Pas de commande associée;O;18/03/2026 00:00;;18/03/2026 12:10;0.000
928ce3de-2b41-4283-bbed-2878fbc8ffb5;356;Réception (B.L. : 1800333869);1800333869;;FOURNISSEUR CENTRALE;;Pas de commande associée;O;25/03/2026 00:00;;25/03/2026 17:11;0.000
92ba7468-abff-42d4-9551-6e060f74dec6;413;Réception (B.L. : 1800332738);1800332738;;FOURNISSEUR CENTRALE;;Pas de commande associée;O;20/03/2026 00:00;;20/03/2026 12:25;223.400
92c61b36-25a3-41e4-8c9a-bc263de4ac63;356;Réception (B.L. : 1100212074);1100212074;;FOURNISSEUR CENTRALE;;Pas de commande associée;O;16/03/2026 00:00;;16/03/2026 12:11;0.000
92cc057c-9faf-4890-b3ad-27ad6456af37;413;Réception (B.L. : 1700235100);1700235100;;FOURNISSEUR CENTRALE;;Pas de commande associée;O;27/03/2026 00:00;;27/03/2026 12:23;12.000
92d39417-623f-4da7-aebc-5269e5053d02;411;Réception (B.L. : 1100212263);1100212263;;FOURNISSEUR CENTRALE;;Pas de commande associée;O;17/03/2026 00:00;;17/03/2026 12:12;0.000
92fa1c38-e134-4996-a58a-705d66f17cff;411;Réception (B.L. : 1700232786);1700232786;;FOURNISSEUR CENTRALE;;Pas de commande associée;O;16/03/2026 00:00;;17/03/2026 12:22;0.000
92fc4730-502e-44ee-993f-c42bb83cb5b4;364;Réception (B.L. : 1800331474);1800331474;;FOURNISSEUR CENTRALE;;Pas de commande associée;O;16/03/2026 00:00;;16/03/2026 12:14;19.000
92fd2009-66b6-47ab-a468-0af98a32fc18;413;Réception (B.L. : 1700233815);1700233815;;FOURNISSEUR CENTRALE;;Pas de commande associée;O;20/03/2026 00:00;;20/03/2026 12:18;38.000
9302402e-ce6b-4b1c-9461-83e90d03dedf;353;Réception (B.L. : 1700235841);1700235841;;FOURNISSEUR CENTRALE;;Pas de commande associée;O;01/04/2026 00:00;;01/04/2026 12:23;414.000
930818de-5572-4ae7-ae0b-d9ec56696643;356;Réception (B.L. : 1700235434);1700235434;;FOURNISSEUR CENTRALE;;Pas de commande associée;O;30/03/2026 00:00;;30/03/2026 12:20;0.000
93244dfd-a99a-417a-a298-25e737ae256b;410;Réception (B.L. : 1700236344);1700236344;;FOURNISSEUR CENTRALE;;Pas de commande associée;O;03/04/2026 00:00;;03/04/2026 12:30;0.000
93313e68-8952-44cc-86a0-3099074e3b67;413;Réception (B.L. : 1800335174);1800335174;;FOURNISSEUR CENTRALE;;Pas de commande associée;O;31/03/2026 00:00;;31/03/2026 12:30;108.000
935451bf-202c-48ed-939f-fba74adbce9d;356;Réception (B.L. : 1700234536);1700234536;;FOURNISSEUR CENTRALE;;Pas de commande associée;O;25/03/2026 00:00;;25/03/2026 12:22;0.000
93754a30-0ff2-4dcc-b91f-d2f868a12f64;364;Réception (B.L. : 1700233799);1700233799;;FOURNISSEUR CENTRALE;;Pas de commande associée;O;20/03/2026 00:00;;20/03/2026 12:19;9.000
93c75b91-dbc5-4482-9c81-f4770b4abcab;410;Réception (B.L. : 1800333239);1800333239;;FOURNISSEUR CENTRALE;;Pas de commande associée;O;22/03/2026 00:00;;23/03/2026 12:18;0.000
93edef05-516e-4e20-b952-a8f27555c758;364;Réception (B.L. : 1700234252);1700234252;;FOURNISSEUR CENTRALE;;Pas de commande associée;O;23/03/2026 00:00;;24/03/2026 12:21;51.000
940180af-8d1f-4cd5-a516-045828d5927d;410;Réception (B.L. : 1800328408);1800328408;;FOURNISSEUR CENTRALE;;Pas de commande associée;O;04/03/2026 00:00;;04/03/2026 12:32;0.000
9421bf66-5640-4be3-874b-08412e36c547;410;Réception (B.L. : 1800330808);1800330808;;FOURNISSEUR CENTRALE;;Pas de commande associée;O;13/03/2026 00:00;;13/03/2026 12:27;0.000
94255cf1-f55b-40de-aac2-af2f7513aa89;410;Réception (B.L. : 1800333798);1800333798;;FOURNISSEUR CENTRALE;;Pas de commande associée;O;24/03/2026 00:00;;25/03/2026 12:30;0.000
943091c7-03c3-47a2-9d13-68424ce59e0c;353;Réception (B.L. : 1700235369);1700235369;;FOURNISSEUR CENTRALE;;Pas de commande associée;O;30/03/2026 00:00;;30/03/2026 12:25;6.000
943504e8-5e25-4660-a60d-e375f2c3fb9f;353;Réception (B.L. : 1700236787);1700236787;;FOURNISSEUR CENTRALE;;Pas de commande associée;O;06/04/2026 00:00;;06/04/2026 12:23;12.000
943de121-e1f7-4f44-b3a6-0a3e3954eef5;364;Réception (B.L. : 1700235330);1700235330;;FOURNISSEUR CENTRALE;;Pas de commande associée;O;28/03/2026 00:00;;28/03/2026 12:12;1327.000
9487e051-72fa-4383-aaf0-8dee8a66df2e;364;Réception (B.L. : 1700237773);1700237773;;FOURNISSEUR CENTRALE;;Pas de commande associée;O;09/04/2026 00:00;;10/04/2026 12:13;1041.000
949ba293-8985-41a6-b88b-9d12264e8f37;356;Réception (B.L. : 1100212464);1100212464;;FOURNISSEUR CENTRALE;;Pas de commande associée;O;18/03/2026 00:00;;18/03/2026 12:16;0.000
950f419c-e585-49fd-900a-bdef977b0da3;413;Réception (B.L. : 1700236517);1700236517;;FOURNISSEUR CENTRALE;;Pas de commande associée;O;03/04/2026 00:00;;03/04/2026 12:18;0.000
95129a8d-b529-4aee-ac20-7e4660529ff0;356;Réception (B.L. : 1800330773);1800330773;;FOURNISSEUR CENTRALE;;Pas de commande associée;O;13/03/2026 00:00;;13/03/2026 12:25;0.000
95215d09-39f7-4c94-9bde-ecb6682b6a52;410;Réception (B.L. : 1100215358);1100215358;;FOURNISSEUR CENTRALE;;Pas de commande associée;O;03/04/2026 00:00;;03/04/2026 12:18;0.000
953472ae-653d-46c1-8fcd-5944019870a1;411;Réception (B.L. : 1100211616);1100211616;;FOURNISSEUR CENTRALE;;Pas de commande associée;O;12/03/2026 00:00;;12/03/2026 12:11;0.000
9592603c-5ad0-47f6-a6a5-7d72edbd9777;411;Réception (B.L. : 1100211212);1100211212;;FOURNISSEUR CENTRALE;;Pas de commande associée;O;10/03/2026 00:00;;10/03/2026 12:14;0.000
95c3dc24-4640-4ef8-8869-c5795a9f6eff;364;Réception (B.L. : 1800332048);1800332048;;FOURNISSEUR CENTRALE;;Pas de commande associée;O;18/03/2026 00:00;;18/03/2026 12:12;1180.000
95f3732a-b2d3-433f-8b9e-b7d2e196351b;413;Réception (B.L. : 1700234237);1700234237;;FOURNISSEUR CENTRALE;;Pas de commande associée;O;23/03/2026 00:00;;24/03/2026 12:18;1146.000
9637c13e-7fa0-479f-a7db-f92b4feac0ea;413;Réception (B.L. : 1700230981);1700230981;;FOURNISSEUR CENTRALE;;Pas de commande associée;O;06/03/2026 00:00;;06/03/2026 17:11;383.000
9643307c-0cb7-4e65-8025-326568fbf0a7;410;Réception (B.L. : 1700231133);1700231133;;FOURNISSEUR CENTRALE;;Pas de commande associée;O;09/03/2026 00:00;;09/03/2026 12:16;0.000
964ee0ac-4d5d-4013-8700-7fbe7b3c6adf;356;Réception (B.L. : 1800331427);1800331427;;FOURNISSEUR CENTRALE;;Pas de commande associée;O;16/03/2026 00:00;;16/03/2026 12:23;0.000
96757afd-6430-44e2-93a1-075129829405;356;Réception (B.L. : 1100214871);1100214871;;FOURNISSEUR CENTRALE;;Pas de commande associée;O;01/04/2026 00:00;;01/04/2026 12:11;0.000
9685de55-0dbb-48f6-9259-2ed9eabdf8d6;410;Réception (B.L. : 1700232204);1700232204;;FOURNISSEUR CENTRALE;;Pas de commande associée;O;13/03/2026 00:00;;13/03/2026 12:20;0.000
96b2377b-4367-4de3-9979-57b216d79514;411;Réception (B.L. : 1700237058);1700237058;;FOURNISSEUR CENTRALE;;Pas de commande associée;O;07/04/2026 00:00;;07/04/2026 12:17;0.000
96bcbbb8-fbb0-4e9e-a546-20b41c30a8ef;410;Réception (B.L. : 1100210347);1100210347;;FOURNISSEUR CENTRALE;;Pas de commande associée;O;04/03/2026 00:00;;04/03/2026 12:12;0.000
96cdeaac-3e90-48b3-8f07-17200775df41;411;Réception (B.L. : 1100215036);1100215036;;FOURNISSEUR CENTRALE;;Pas de commande associée;O;01/04/2026 00:00;;01/04/2026 12:11;0.000
96ef8eea-94e2-4c04-8dcf-d04dfb87076c;364;Réception (B.L. : 1700231004);1700231004;;FOURNISSEUR CENTRALE;;Pas de commande associée;O;06/03/2026 00:00;;06/03/2026 17:16;6.000
96fe5435-d936-4bd9-9716-56bfc75f1d0b;353;Réception (B.L. : 1700235839);1700235839;;FOURNISSEUR CENTRALE;;Pas de commande associée;O;01/04/2026 00:00;;01/04/2026 12:21;1082.000
970aa83a-d2b3-4b64-8d5f-155fbd196fd0;413;Réception (B.L. : 1800329777);1800329777;;FOURNISSEUR CENTRALE;;Pas de commande associée;O;10/03/2026 00:00;;10/03/2026 12:29;1140.000
970bcfea-4f89-478e-becc-aacdee875ab4;413;Réception (B.L. : 1700233890);1700233890;;FOURNISSEUR CENTRALE;;Pas de commande associée;O;20/03/2026 00:00;;20/03/2026 12:23;0.000
971b7b09-10a9-466e-851d-960945c3cb3f;356;Réception (B.L. : 1100210032);1100210032;;FOURNISSEUR CENTRALE;;Pas de commande associée;O;02/03/2026 00:00;;02/03/2026 12:19;0.000
9730afd4-c826-4a09-97bb-4753df5aff26;364;Réception (B.L. : 1700231906);1700231906;;FOURNISSEUR CENTRALE;;Pas de commande associée;O;11/03/2026 00:00;;11/03/2026 12:12;140.000
97536466-ef14-4079-b3c9-0a263f49448f;413;Réception (B.L. : 1100211740);1100211740;;FOURNISSEUR CENTRALE;;Pas de commande associée;O;13/03/2026 00:00;;13/03/2026 12:11;236.000
97adf729-2599-4c1a-b048-dd124955de95;411;Réception (B.L. : 1100214378);1100214378;;FOURNISSEUR CENTRALE;;Pas de commande associée;O;27/03/2026 00:00;;27/03/2026 12:16;0.000
97b6eee9-6800-4853-9def-807aa015b8f6;364;Réception (B.L. : 1700233377);1700233377;;FOURNISSEUR CENTRALE;;Pas de commande associée;O;19/03/2026 00:00;;19/03/2026 12:10;457.000
97f1243b-9d0c-45e5-b732-a1acf60dee14;356;Réception (B.L. : 1100209993);1100209993;;FOURNISSEUR CENTRALE;;Pas de commande associée;O;02/03/2026 00:00;;02/03/2026 12:13;0.000
98732206-3dd5-455e-be2e-02eb2ba005ef;410;Réception (B.L. : 1700231129);1700231129;;FOURNISSEUR CENTRALE;;Pas de commande associée;O;09/03/2026 00:00;;09/03/2026 12:12;0.000
988a9859-8270-4ca3-b0ef-354b05e72e52;413;Réception (B.L. : 1100212947);1100212947;;FOURNISSEUR CENTRALE;;Pas de commande associée;O;20/03/2026 00:00;;20/03/2026 12:14;0.000
98921148-fce0-4b4c-b4ca-ad456b2ff344;356;Réception (B.L. : 1100213037);1100213037;;FOURNISSEUR CENTRALE;;Pas de commande associée;O;20/03/2026 00:00;;20/03/2026 12:15;0.000
991be5cd-ffcf-4956-bfb5-c05d919ac695;410;Réception (B.L. : 1700236842);1700236842;;FOURNISSEUR CENTRALE;;Pas de commande associée;O;06/04/2026 00:00;;06/04/2026 12:26;0.000
993c0aee-e673-4c2b-becc-3b4d7efb1712;356;Réception (B.L. : 1800329512);1800329512;;FOURNISSEUR CENTRALE;;Pas de commande associée;O;09/03/2026 00:00;;09/03/2026 12:24;0.000
996d8867-c3b2-4bc5-b704-7b5fe22a850f;410;Réception (B.L. : 1700233673);1700233673;;FOURNISSEUR CENTRALE;;Pas de commande associée;O;19/03/2026 00:00;;20/03/2026 12:18;0.000
99719ccf-c175-4774-b036-073fdf1b89ba;410;Réception (B.L. : 1800328443);1800328443;;FOURNISSEUR CENTRALE;;Pas de commande associée;O;04/03/2026 00:00;;04/03/2026 12:36;0.000
99a6d5c8-77bf-4ae8-b8ef-57c509f73d7b;353;Réception (B.L. : 1100215802);1100215802;;FOURNISSEUR CENTRALE;;Pas de commande associée;O;06/04/2026 00:00;;06/04/2026 12:15;144.000
99aee512-7296-4606-91f0-485366eae954;356;Réception (B.L. : 1700237281);1700237281;;FOURNISSEUR CENTRALE;;Pas de commande associée;O;08/04/2026 00:00;;08/04/2026 12:17;0.000
99c5e79d-0b2b-4c5f-a4b0-f67a969174c8;410;Réception (B.L. : 1100212117);1100212117;;FOURNISSEUR CENTRALE;;Pas de commande associée;O;16/03/2026 00:00;;16/03/2026 12:13;0.000
99cc2121-1af7-48f8-aabc-4b610e18bc5c;356;Réception (B.L. : 1700232727);1700232727;;FOURNISSEUR CENTRALE;;Pas de commande associée;O;16/03/2026 00:00;;16/03/2026 12:17;0.000
99d57def-04d8-4905-aa31-4370513b5dc4;413;Réception (B.L. : 1100213461);1100213461;;FOURNISSEUR CENTRALE;;Pas de commande associée;O;23/03/2026 00:00;;23/03/2026 17:10;12.000
99d5af6c-14fa-4c25-a9ec-f3ee70506371;413;Réception (B.L. : 1800329000);1800329000;;FOURNISSEUR CENTRALE;;Pas de commande associée;O;05/03/2026 00:00;;06/03/2026 12:17;1854.000
99e21f3e-5fad-49e6-9c7a-92c7034dfa06;356;Réception (B.L. : 1700235916);1700235916;;FOURNISSEUR CENTRALE;;Pas de commande associée;O;01/04/2026 00:00;;01/04/2026 12:30;0.000
9a3c7ce3-2c89-4bbc-82fd-33991b2fc0d3;353;Réception (B.L. : 1700237254);1700237254;;FOURNISSEUR CENTRALE;;Pas de commande associée;O;07/04/2026 00:00;;08/04/2026 12:20;49.000
9a493f4d-7b99-4f08-b63d-ba4e89724688;410;Réception (B.L. : 1200106774);1200106774;;FOURNISSEUR CENTRALE;;Pas de commande associée;O;19/03/2026 00:00;;19/03/2026 12:10;0.000
9abd8faa-0e0c-4870-a9c7-b55c2570f156;410;Réception (B.L. : 1700234986);1700234986;;FOURNISSEUR CENTRALE;;Pas de commande associée;O;27/03/2026 00:00;;27/03/2026 12:19;0.000
9ae89448-56c4-44aa-8440-4d48de004fc9;353;Réception (B.L. : 1700236379);1700236379;;FOURNISSEUR CENTRALE;;Pas de commande associée;O;03/04/2026 00:00;;03/04/2026 12:17;1223.000
9b281238-15c7-4f15-94c1-239fe30f8d69;410;Réception (B.L. : 1700235865);1700235865;;FOURNISSEUR CENTRALE;;Pas de commande associée;O;01/04/2026 00:00;;01/04/2026 12:32;0.000
9b47f4c8-e810-41a7-8aa9-38a7356161d8;353;Réception (B.L. : 1700231682);1700231682;;FOURNISSEUR CENTRALE;;Pas de commande associée;O;11/03/2026 00:00;;11/03/2026 12:19;11300.000
9bc0da79-c684-4c95-816e-90db883cacf3;411;Réception (B.L. : 1700237309);1700237309;;FOURNISSEUR CENTRALE;;Pas de commande associée;O;08/04/2026 00:00;;08/04/2026 12:22;0.000
9be11e4f-fd2c-4ee3-9831-432864301cda;411;Réception (B.L. : 1700229956);1700229956;;FOURNISSEUR CENTRALE;;Pas de commande associée;O;03/03/2026 00:00;;03/03/2026 12:27;0.000
9bee7b11-f7d7-468f-a65c-62ce1012dd6c;353;Réception (B.L. : 1800330767);1800330767;;FOURNISSEUR CENTRALE;;Pas de commande associée;O;13/03/2026 00:00;;13/03/2026 12:24;155.000
9bfa9f26-a947-428a-aea9-c8ff821ea189;356;Réception (B.L. : 1200105502);1200105502;;FOURNISSEUR CENTRALE;;Pas de commande associée;O;02/03/2026 00:00;;02/03/2026 12:11;0.000
9bfe2b3b-1f8c-468e-a02b-054b1bdc7be2;413;Réception (B.L. : 1800333441);1800333441;;FOURNISSEUR CENTRALE;;Pas de commande associée;O;24/03/2026 00:00;;24/03/2026 12:27;74.000
9c2b1b9e-888d-4b89-bcb9-77637fb7ca2f;411;Réception (B.L. : 1100215191);1100215191;;FOURNISSEUR CENTRALE;;Pas de commande associée;O;02/04/2026 00:00;;02/04/2026 12:11;0.000
9c3e7eea-f58f-4935-bfd5-0aaf12716708;413;Réception (B.L. : 1700236318);1700236318;;FOURNISSEUR CENTRALE;;Pas de commande associée;O;03/04/2026 00:00;;03/04/2026 12:17;0.000
9c461640-69b5-4e24-8c04-c1015e6c7afb;410;Réception (B.L. : 1700231136);1700231136;;FOURNISSEUR CENTRALE;;Pas de commande associée;O;09/03/2026 00:00;;09/03/2026 12:19;0.000
9c4dd378-1081-48f2-af55-516b2a229fd2;413;Réception (B.L. : 1700232827);1700232827;;FOURNISSEUR CENTRALE;;Pas de commande associée;O;17/03/2026 00:00;;17/03/2026 12:18;240.000
9c664833-40cc-4c6b-9063-3e57a5c2d0f9;413;Réception (B.L. : 1800335172);1800335172;;FOURNISSEUR CENTRALE;;Pas de commande associée;O;31/03/2026 00:00;;31/03/2026 12:28;635.600
9c85d4f4-82c0-42b0-a33a-f19ff4e40c91;364;Réception (B.L. : 1700237288);1700237288;;FOURNISSEUR CENTRALE;;Pas de commande associée;O;08/04/2026 00:00;;08/04/2026 12:15;2248.000
9c8bc0ee-acb4-463c-bdd4-12de4afe2b5f;411;Réception (B.L. : 1100216123);1100216123;;FOURNISSEUR CENTRALE;;Pas de commande associée;O;08/04/2026 00:00;;08/04/2026 12:11;0.000
9cd04408-ffd4-4eb5-8a9d-47165a9c310a;356;Réception (B.L. : 1700230198);1700230198;;FOURNISSEUR CENTRALE;;Pas de commande associée;O;04/03/2026 00:00;;04/03/2026 12:26;0.000
9cd138b7-a54f-4187-b069-566c887edaa6;411;Réception (B.L. : 1700231913);1700231913;;FOURNISSEUR CENTRALE;;Pas de commande associée;O;11/03/2026 00:00;;11/03/2026 12:11;0.000
9cd29385-2cb4-4eed-8a20-181eada774ba;356;Réception (B.L. : 1700237286);1700237286;;FOURNISSEUR CENTRALE;;Pas de commande associée;O;08/04/2026 00:00;;08/04/2026 12:22;0.000
9cf3c12f-985e-4804-a4e0-43680beb3666;410;Réception (B.L. : 1100216081);1100216081;;FOURNISSEUR CENTRALE;;Pas de commande associée;O;07/04/2026 00:00;;07/04/2026 17:11;0.000
9d082781-a746-4519-880c-ca0e862926f5;356;Réception (B.L. : 1700237808);1700237808;;FOURNISSEUR CENTRALE;;Pas de commande associée;O;09/04/2026 00:00;;10/04/2026 12:23;0.000
9d3044b2-a343-483a-9796-02a07737313d;364;Réception (B.L. : 1700232957);1700232957;;FOURNISSEUR CENTRALE;;Pas de commande associée;O;17/03/2026 00:00;;17/03/2026 12:19;5.000
9d358dfe-410f-4f16-8c0a-c09ea1a3dd7c;356;Réception (B.L. : 1200106933);1200106933;;FOURNISSEUR CENTRALE;;Pas de commande associée;O;23/03/2026 00:00;;23/03/2026 12:10;0.000
9d36e52a-5ae0-45c3-8914-73e1b82d4355;353;Réception (B.L. : 1700236380);1700236380;;FOURNISSEUR CENTRALE;;Pas de commande associée;O;03/04/2026 00:00;;03/04/2026 12:18;23.000
9d558505-1e1c-4bae-9014-176ac503e982;364;Réception (B.L. : 1700236533);1700236533;;FOURNISSEUR CENTRALE;;Pas de commande associée;O;03/04/2026 00:00;;03/04/2026 12:18;1858.000
9d5f1a23-9df2-4246-9b3f-33e01fa0602c;410;Réception (B.L. : 1700230145);1700230145;;FOURNISSEUR CENTRALE;;Pas de commande associée;O;04/03/2026 00:00;;04/03/2026 12:24;0.000
9d6a5972-90b3-4727-94c3-783dadbac5d5;411;Réception (B.L. : 1800334973);1800334973;;FOURNISSEUR CENTRALE;;Pas de commande associée;O;30/03/2026 00:00;;30/03/2026 17:12;0.000
9d7d43f0-d8e2-4ef0-9042-e3d5827a3998;356;Réception (B.L. : 1100213195);1100213195;;FOURNISSEUR CENTRALE;;Pas de commande associée;O;23/03/2026 00:00;;23/03/2026 12:16;0.000
9d89460e-4f9f-4028-85c3-29e6729b7e80;410;Réception (B.L. : 1700236781);1700236781;;FOURNISSEUR CENTRALE;;Pas de commande associée;O;05/04/2026 00:00;;06/04/2026 12:24;0.000
9dac2404-e855-473d-9b76-7e7793ff5ca8;356;Réception (B.L. : 1100211379);1100211379;;FOURNISSEUR CENTRALE;;Pas de commande associée;O;11/03/2026 00:00;;11/03/2026 12:12;0.000
9dc03ebc-5de5-490c-a6d9-e04feaa1116e;353;Réception (B.L. : 1700237761);1700237761;;FOURNISSEUR CENTRALE;;Pas de commande associée;O;09/04/2026 00:00;;10/04/2026 12:22;72.000
9dffd042-a908-4576-b8cb-11f3f8493417;364;Réception (B.L. : 1800336175);1800336175;;FOURNISSEUR CENTRALE;;Pas de commande associée;O;03/04/2026 00:00;;03/04/2026 12:27;10.230
9e2a4886-f6f7-42f8-8aa9-e3ef14187733;410;Réception (B.L. : 1100215946);1100215946;;FOURNISSEUR CENTRALE;;Pas de commande associée;O;06/04/2026 00:00;;06/04/2026 12:20;0.000
9e4e34c5-e9d0-4cf2-bc76-b066f66a32c6;410;Réception (B.L. : 1800335560);1800335560;;FOURNISSEUR CENTRALE;;Pas de commande associée;O;01/04/2026 00:00;;01/04/2026 12:37;0.000
9e5b25b5-40ba-454a-8043-4c4c42c87d59;413;Réception (B.L. : 1700236540);1700236540;;FOURNISSEUR CENTRALE;;Pas de commande associée;O;03/04/2026 00:00;;03/04/2026 12:22;321.000
9ea7d7bd-1d11-47c1-95ac-f8c55edc817d;353;Réception (B.L. : 1100214583);1100214583;;FOURNISSEUR CENTRALE;;Pas de commande associée;O;30/03/2026 00:00;;30/03/2026 12:20;3.000
9ec8f498-f87b-4484-b16d-33c1fbfb6185;353;Réception (B.L. : 1100210332);1100210332;;FOURNISSEUR CENTRALE;;Pas de commande associée;O;04/03/2026 00:00;;04/03/2026 12:11;3098.000
9ee0c15a-ce4c-4ddb-b600-1d0bd62f49e3;356;Réception (B.L. : 1800332093);1800332093;;FOURNISSEUR CENTRALE;;Pas de commande associée;O;18/03/2026 00:00;;18/03/2026 12:33;0.000
9ef31a6e-b91a-4e61-b644-dc55ff1d8574;413;Réception (B.L. : 1700236542);1700236542;;FOURNISSEUR CENTRALE;;Pas de commande associée;O;03/04/2026 00:00;;03/04/2026 12:24;0.000
9ef436d3-91ca-4e9e-9ede-5db16d9510fc;410;Réception (B.L. : 1100211443);1100211443;;FOURNISSEUR CENTRALE;;Pas de commande associée;O;11/03/2026 00:00;;11/03/2026 12:15;0.000
9f1c3c27-9245-44ee-9368-01399addc4b3;356;Réception (B.L. : 1100214942);1100214942;;FOURNISSEUR CENTRALE;;Pas de commande associée;O;01/04/2026 00:00;;01/04/2026 12:15;0.000
9f245769-5eee-4547-9335-1fe9e63e50cd;356;Réception (B.L. : 1800334502);1800334502;;FOURNISSEUR CENTRALE;;Pas de commande associée;O;27/03/2026 00:00;;27/03/2026 17:11;0.000
9f3c8d2c-bee2-4c61-82f1-af5b7e22b74d;356;Réception (B.L. : 1800330871);1800330871;;FOURNISSEUR CENTRALE;;Pas de commande associée;O;13/03/2026 00:00;;13/03/2026 12:26;0.000
9fdb7607-061a-4fdd-b431-e1b426de855b;413;Réception (B.L. : 1100212945);1100212945;;FOURNISSEUR CENTRALE;;Pas de commande associée;O;20/03/2026 00:00;;20/03/2026 12:12;2005.000
9ff7f017-6fc7-4ff6-a1eb-d3a33c4bbd9a;356;Réception (B.L. : 1800332134);1800332134;;FOURNISSEUR CENTRALE;;Pas de commande associée;O;18/03/2026 00:00;;18/03/2026 12:34;0.000
a0210155-69e1-4d87-b10c-a2748736e966;413;Réception (B.L. : 1700233819);1700233819;;FOURNISSEUR CENTRALE;;Pas de commande associée;O;20/03/2026 00:00;;20/03/2026 12:22;123.000
a023e831-8b31-484b-a5d7-a3f9680a4751;364;Réception (B.L. : 1700230980);1700230980;;FOURNISSEUR CENTRALE;;Pas de commande associée;O;06/03/2026 00:00;;06/03/2026 17:15;798.000
a026a8ea-f237-4759-bf4a-df3f9da23ecd;364;Réception (B.L. : 1700231359);1700231359;;FOURNISSEUR CENTRALE;;Pas de commande associée;O;09/03/2026 00:00;;09/03/2026 12:11;360.000
a084dcc4-19eb-4b8e-9680-e39317471158;410;Réception (B.L. : 1700230138);1700230138;;FOURNISSEUR CENTRALE;;Pas de commande associée;O;04/03/2026 00:00;;04/03/2026 12:17;0.000
a09fb610-944a-49ed-be0d-b4de09e83232;364;Réception (B.L. : 1200108026);1200108026;;FOURNISSEUR CENTRALE;;Pas de commande associée;O;04/04/2026 00:00;;04/04/2026 12:12;1.000
a0a8c38b-af2c-46b3-aa0d-918b11aeeb83;353;Réception (B.L. : 1800337936);1800337936;;FOURNISSEUR CENTRALE;;Pas de commande associée;O;10/04/2026 00:00;;10/04/2026 12:27;154.000
a0b739a3-8a2c-455f-9bab-925affef7551;353;Réception (B.L. : 1100213240);1100213240;;FOURNISSEUR CENTRALE;;Pas de commande associée;O;23/03/2026 00:00;;23/03/2026 12:20;12.000
a0b81424-3223-4c13-8ad8-0f08db01ed17;411;Réception (B.L. : 1700229947);1700229947;;FOURNISSEUR CENTRALE;;Pas de commande associée;O;03/03/2026 00:00;;03/03/2026 12:18;0.000
a0e47585-bf8f-4bdf-9015-0f768638a877;410;Réception (B.L. : 1800330856);1800330856;;FOURNISSEUR CENTRALE;;Pas de commande associée;O;13/03/2026 00:00;;13/03/2026 12:31;0.000
a10bc6c6-531d-4c76-b62c-9871d5fab8bf;413;Réception (B.L. : 1100214233);1100214233;;FOURNISSEUR CENTRALE;;Pas de commande associée;O;27/03/2026 00:00;;27/03/2026 12:14;96.000
a11b267d-f5cc-4f93-9f3d-0265e1e1eb37;410;Réception (B.L. : 1100214379);1100214379;;FOURNISSEUR CENTRALE;;Pas de commande associée;O;27/03/2026 00:00;;27/03/2026 12:15;0.000
a12c0feb-faa3-4bb0-acf0-018d49b2b8fe;356;Réception (B.L. : 1700235852);1700235852;;FOURNISSEUR CENTRALE;;Pas de commande associée;O;01/04/2026 00:00;;01/04/2026 12:24;0.000
a14da413-c053-4c6d-8a54-d3c85c3fa43f;413;Réception (B.L. : 1100213488);1100213488;;FOURNISSEUR CENTRALE;;Pas de commande associée;O;24/03/2026 00:00;;24/03/2026 12:15;24.000
a17443a4-7f46-4365-b509-c18215addbe0;353;Réception (B.L. : 1100210385);1100210385;;FOURNISSEUR CENTRALE;;Pas de commande associée;O;04/03/2026 00:00;;04/03/2026 12:16;10.000
a190d331-621b-43ac-a4be-119ff34f1e20;364;Réception (B.L. : 1200107846);1200107846;;FOURNISSEUR CENTRALE;;Pas de commande associée;O;02/04/2026 00:00;;02/04/2026 17:11;456.000
a1afa3dc-cf42-4224-bcfe-14dd0dc1ec9a;410;Réception (B.L. : 1700237870);1700237870;;FOURNISSEUR CENTRALE;;Pas de commande associée;O;10/04/2026 00:00;;10/04/2026 12:22;0.000
a218a542-e29a-4433-a911-656b9fc09b31;356;Réception (B.L. : 1800333213);1800333213;;FOURNISSEUR CENTRALE;;Pas de commande associée;O;22/03/2026 00:00;;23/03/2026 12:30;0.000
a227ee15-cfcd-445c-86e7-d13e0f39cffd;411;Réception (B.L. : 1100210210);1100210210;;FOURNISSEUR CENTRALE;;Pas de commande associée;O;03/03/2026 00:00;;03/03/2026 12:15;0.000
a22c9b30-d2ec-4ade-b2ca-a935d665ca09;353;Réception (B.L. : 1700236844);1700236844;;FOURNISSEUR CENTRALE;;Pas de commande associée;O;06/04/2026 00:00;;06/04/2026 12:26;4.000
a29ecfb7-c017-4998-9cf5-e38db1096c61;356;Réception (B.L. : 1100210711);1100210711;;FOURNISSEUR CENTRALE;;Pas de commande associée;O;06/03/2026 00:00;;06/03/2026 12:15;0.000
a2a622cf-7d57-4122-a72f-749791ba4372;413;Réception (B.L. : 1800337978);1800337978;;FOURNISSEUR CENTRALE;;Pas de commande associée;O;10/04/2026 00:00;;10/04/2026 12:25;780.000
a2f2d16a-2b22-4847-9863-a58a2ec9a3a2;353;Réception (B.L. : 1100215703);1100215703;;FOURNISSEUR CENTRALE;;Pas de commande associée;O;04/04/2026 00:00;;04/04/2026 17:12;6.000
a30a699f-f422-4003-a0d1-0f5c493a048d;410;Réception (B.L. : 1700235866);1700235866;;FOURNISSEUR CENTRALE;;Pas de commande associée;O;01/04/2026 00:00;;01/04/2026 12:33;0.000
a30bf690-a36f-401a-ac00-6a74266d77e2;356;Réception (B.L. : 1700231711);1700231711;;FOURNISSEUR CENTRALE;;Pas de commande associée;O;11/03/2026 00:00;;11/03/2026 12:18;0.000
a31c59f7-1aa6-43cc-8464-8a5df7d56c6d;356;Réception (B.L. : 1100216533);1100216533;;FOURNISSEUR CENTRALE;;Pas de commande associée;O;10/04/2026 00:00;;10/04/2026 12:14;0.000
a3245792-4d45-4281-873a-06a28c427308;410;Réception (B.L. : 1100214548);1100214548;;FOURNISSEUR CENTRALE;;Pas de commande associée;O;30/03/2026 00:00;;30/03/2026 12:19;0.000
a3532c7f-1524-4c80-a372-8cc904cfc2ce;353;Réception (B.L. : 1100215417);1100215417;;FOURNISSEUR CENTRALE;;Pas de commande associée;O;03/04/2026 00:00;;03/04/2026 12:11;1890.000
a361819b-1b80-4ab7-8e09-8f6d05f548b5;353;Réception (B.L. : 1700234452);1700234452;;FOURNISSEUR CENTRALE;;Pas de commande associée;O;24/03/2026 00:00;;25/03/2026 12:23;12.000
a3b34866-47d1-409c-88ea-9727ed559ef3;413;Réception (B.L. : 1800330231);1800330231;;FOURNISSEUR CENTRALE;;Pas de commande associée;O;11/03/2026 00:00;;11/03/2026 12:13;249.900
a409da65-9fbd-4e1d-bc39-66313e8d8401;411;Réception (B.L. : 1800328413);1800328413;;FOURNISSEUR CENTRALE;;Pas de commande associée;O;04/03/2026 00:00;;04/03/2026 12:13;0.000
a40ebf1f-2c7e-4089-afbb-0ca7fd79e88e;410;Réception (B.L. : 1700230746);1700230746;;FOURNISSEUR CENTRALE;;Pas de commande associée;O;06/03/2026 00:00;;06/03/2026 12:32;0.000
a4136da6-f0d5-4c74-b80f-1871d67e7470;410;Réception (B.L. : 1100210345);1100210345;;FOURNISSEUR CENTRALE;;Pas de commande associée;O;04/03/2026 00:00;;04/03/2026 12:10;0.000
a41d70d1-6669-41a8-979f-3e7e350a6e78;353;Réception (B.L. : 1700233981);1700233981;;FOURNISSEUR CENTRALE;;Pas de commande associée;O;23/03/2026 00:00;;23/03/2026 12:22;83.000
a45c03a8-39c1-45c2-86aa-7b2512a751ef;410;Réception (B.L. : 1100213278);1100213278;;FOURNISSEUR CENTRALE;;Pas de commande associée;O;23/03/2026 00:00;;23/03/2026 12:10;0.000
a4a06559-d5a4-46f6-9293-22aac83cc4d9;413;Réception (B.L. : 1100216509);1100216509;;FOURNISSEUR CENTRALE;;Pas de commande associée;O;10/04/2026 00:00;;10/04/2026 12:13;18.000
a4d6b8f8-3c83-41d4-a9f5-e982119deec6;410;Réception (B.L. : 1700237301);1700237301;;FOURNISSEUR CENTRALE;;Pas de commande associée;O;08/04/2026 00:00;;08/04/2026 12:24;0.000
a52c5b96-1e91-426d-8b89-6303478d3134;413;Réception (B.L. : 1100212274);1100212274;;FOURNISSEUR CENTRALE;;Pas de commande associée;O;17/03/2026 00:00;;17/03/2026 12:14;0.000
a5387430-cc4b-4ddd-8942-d57ad63ff868;413;Réception (B.L. : 1700237971);1700237971;;FOURNISSEUR CENTRALE;;Pas de commande associée;O;10/04/2026 00:00;;10/04/2026 12:23;45.000
a53a70c9-7612-428a-b3b1-52d885d600c6;364;Réception (B.L. : 1700234249);1700234249;;FOURNISSEUR CENTRALE;;Pas de commande associée;O;23/03/2026 00:00;;24/03/2026 12:18;256.000
a54a0551-88f2-4694-b1eb-8e11e590a4d1;410;Réception (B.L. : 1800331479);1800331479;;FOURNISSEUR CENTRALE;;Pas de commande associée;O;16/03/2026 00:00;;16/03/2026 12:25;0.000
a5533b90-d2fe-420e-a284-f81d288ab145;410;Réception (B.L. : 1800337300);1800337300;;FOURNISSEUR CENTRALE;;Pas de commande associée;O;08/04/2026 00:00;;08/04/2026 12:30;0.000
a5b35440-26ea-4874-ab64-ce5a768273fb;353;Réception (B.L. : 1700232978);1700232978;;FOURNISSEUR CENTRALE;;Pas de commande associée;O;17/03/2026 00:00;;18/03/2026 12:14;658.000
a5b4bda1-4c17-48ee-b575-f1f129b633a5;411;Réception (B.L. : 1800337972);1800337972;;FOURNISSEUR CENTRALE;;Pas de commande associée;O;10/04/2026 00:00;;10/04/2026 12:23;0.000
a5c29170-752b-46e7-9c4f-9fb76dcb6546;353;Réception (B.L. : 1700234176);1700234176;;FOURNISSEUR CENTRALE;;Pas de commande associée;O;23/03/2026 00:00;;23/03/2026 12:26;1.000
a6000c01-ac4e-4ce7-aab1-dd0702c0e518;411;Réception (B.L. : 1200106443);1200106443;;FOURNISSEUR CENTRALE;;Pas de commande associée;O;13/03/2026 00:00;;13/03/2026 17:01;0.000
a60a2daf-65a9-4d1b-a909-256bfec01160;356;Réception (B.L. : 1700230191);1700230191;;FOURNISSEUR CENTRALE;;Pas de commande associée;O;04/03/2026 00:00;;04/03/2026 12:19;0.000
a614a36b-ef1e-4b76-9bc8-0a4f67b8077b;413;Réception (B.L. : 1100214784);1100214784;;FOURNISSEUR CENTRALE;;Pas de commande associée;O;31/03/2026 00:00;;31/03/2026 12:18;0.000
a62865c4-3a39-4b99-8d58-83581e070bbd;410;Réception (B.L. : 1700232207);1700232207;;FOURNISSEUR CENTRALE;;Pas de commande associée;O;13/03/2026 00:00;;13/03/2026 12:23;0.000
a648947e-8cd8-4a52-ac7e-f2926797f943;413;Réception (B.L. : 1100211224);1100211224;;FOURNISSEUR CENTRALE;;Pas de commande associée;O;10/03/2026 00:00;;10/03/2026 12:18;12.000
a65126c1-b075-405b-93ba-f0fd81010d9f;410;Réception (B.L. : 1100210388);1100210388;;FOURNISSEUR CENTRALE;;Pas de commande associée;O;04/03/2026 00:00;;04/03/2026 12:16;0.000
a6618395-8b7e-42d3-bbcc-0b0f2a2b2883;353;Réception (B.L. : 1800332780);1800332780;;FOURNISSEUR CENTRALE;;Pas de commande associée;O;20/03/2026 00:00;;20/03/2026 12:26;7.000
a674dbf9-ae73-4002-aec5-eeeee531af6d;410;Réception (B.L. : 1700237297);1700237297;;FOURNISSEUR CENTRALE;;Pas de commande associée;O;08/04/2026 00:00;;08/04/2026 12:20;0.000
a689cd68-a3f0-440a-ab14-3cf685bc1020;356;Réception (B.L. : 1800329591);1800329591;;FOURNISSEUR CENTRALE;;Pas de commande associée;O;09/03/2026 00:00;;09/03/2026 12:31;0.000
a68af4c7-747d-43c6-ac2e-101439aa1d15;413;Réception (B.L. : 1700236538);1700236538;;FOURNISSEUR CENTRALE;;Pas de commande associée;O;03/04/2026 00:00;;03/04/2026 12:20;657.000
a69be228-7591-4143-82b2-24a7ded72b3b;356;Réception (B.L. : 1800333771);1800333771;;FOURNISSEUR CENTRALE;;Pas de commande associée;O;24/03/2026 00:00;;25/03/2026 12:32;0.000
a6a10f4c-0cf1-4ea8-afda-ab0a5696a483;411;Réception (B.L. : 1700235635);1700235635;;FOURNISSEUR CENTRALE;;Pas de commande associée;O;30/03/2026 00:00;;31/03/2026 12:22;0.000
a6cbbc4b-79e9-4398-811f-5c03aa930753;410;Réception (B.L. : 1700233675);1700233675;;FOURNISSEUR CENTRALE;;Pas de commande associée;O;19/03/2026 00:00;;20/03/2026 12:20;0.000
a6d5cc9d-5e20-476c-b8ee-3102e1d2118e;364;Réception (B.L. : 1800336170);1800336170;;FOURNISSEUR CENTRALE;;Pas de commande associée;O;03/04/2026 00:00;;03/04/2026 12:22;254.000
a6db8edc-f356-4919-9336-d0a2892c489c;411;Réception (B.L. : 1700232782);1700232782;;FOURNISSEUR CENTRALE;;Pas de commande associée;O;16/03/2026 00:00;;17/03/2026 12:18;0.000
a6dfea35-eba5-4079-a4da-2f40169537f3;353;Réception (B.L. : 1700237762);1700237762;;FOURNISSEUR CENTRALE;;Pas de commande associée;O;09/04/2026 00:00;;10/04/2026 12:23;98.000
a6ee9939-bc6a-405a-aacb-b239983644ac;353;Réception (B.L. : 1800328383);1800328383;;FOURNISSEUR CENTRALE;;Pas de commande associée;O;04/03/2026 00:00;;04/03/2026 12:29;6.000
a742a4d2-35dd-4bcb-a3b2-15daff040ef1;411;Réception (B.L. : 1700234995);1700234995;;FOURNISSEUR CENTRALE;;Pas de commande associée;O;27/03/2026 00:00;;27/03/2026 12:22;0.000
a78e0ac3-b61f-4d8f-bee6-e3d5160c66e2;410;Réception (B.L. : 1800328409);1800328409;;FOURNISSEUR CENTRALE;;Pas de commande associée;O;04/03/2026 00:00;;04/03/2026 12:33;0.000
a7b145ff-48f8-498e-8c17-c49c8f28d227;356;Réception (B.L. : 1700231106);1700231106;;FOURNISSEUR CENTRALE;;Pas de commande associée;O;09/03/2026 00:00;;09/03/2026 12:20;0.000
a7b5a7ef-a54f-4799-8920-d80b3b7902dc;410;Réception (B.L. : 1800329542);1800329542;;FOURNISSEUR CENTRALE;;Pas de commande associée;O;09/03/2026 00:00;;09/03/2026 12:22;0.000
a7d18d46-4993-4d2b-a354-6077dd84eca0;410;Réception (B.L. : 1100214659);1100214659;;FOURNISSEUR CENTRALE;;Pas de commande associée;O;30/03/2026 00:00;;30/03/2026 12:25;0.000
a7ef7389-e4a5-4c1d-9e7e-44648da9606c;410;Réception (B.L. : 1100215430);1100215430;;FOURNISSEUR CENTRALE;;Pas de commande associée;O;03/04/2026 00:00;;03/04/2026 12:21;0.000
a8199a99-84a6-4877-be9b-3a25373a4774;410;Réception (B.L. : 1100211368);1100211368;;FOURNISSEUR CENTRALE;;Pas de commande associée;O;11/03/2026 00:00;;11/03/2026 12:12;0.000
a825ad73-714f-4d07-9232-e4a41abcc022;364;Réception (B.L. : 1800330243);1800330243;;FOURNISSEUR CENTRALE;;Pas de commande associée;O;11/03/2026 00:00;;11/03/2026 12:15;20.000
a8350745-3b2d-4f55-b079-7e546746057e;413;Réception (B.L. : 1700237004);1700237004;;FOURNISSEUR CENTRALE;;Pas de commande associée;O;07/04/2026 00:00;;07/04/2026 12:13;216.000
a849d494-d4a4-40c0-933e-6ed5e672396c;353;Réception (B.L. : 1800331457);1800331457;;FOURNISSEUR CENTRALE;;Pas de commande associée;O;16/03/2026 00:00;;16/03/2026 12:26;57.000
a892f709-6fdf-4ad7-8002-bfc42b7f4e03;410;Réception (B.L. : 1800328627);1800328627;;FOURNISSEUR CENTRALE;;Pas de commande associée;O;05/03/2026 00:00;;05/03/2026 12:10;0.000
a8974f65-fa81-4564-af10-a76e223036f7;353;Réception (B.L. : 1100212052);1100212052;;FOURNISSEUR CENTRALE;;Pas de commande associée;O;15/03/2026 00:00;;16/03/2026 12:11;1441.000
a89d61e9-6cbd-4e49-84a0-23c5341f6afc;411;Réception (B.L. : 1100214257);1100214257;;FOURNISSEUR CENTRALE;;Pas de commande associée;O;27/03/2026 00:00;;27/03/2026 12:14;0.000
a8a06e9b-6474-4040-a1a6-9ce15f9a030f;411;Réception (B.L. : 1700237057);1700237057;;FOURNISSEUR CENTRALE;;Pas de commande associée;O;07/04/2026 00:00;;07/04/2026 12:16;0.000
a8d7f679-efc1-4aa0-a499-b3496583b654;410;Réception (B.L. : 1800328411);1800328411;;FOURNISSEUR CENTRALE;;Pas de commande associée;O;04/03/2026 00:00;;04/03/2026 12:35;0.000
a946bc1f-8f0e-4147-aaa0-45d4743d1b73;411;Réception (B.L. : 1700237088);1700237088;;FOURNISSEUR CENTRALE;;Pas de commande associée;O;07/04/2026 00:00;;07/04/2026 12:20;0.000
a9ab0097-e942-4246-b821-8654e299de90;410;Réception (B.L. : 1800332793);1800332793;;FOURNISSEUR CENTRALE;;Pas de commande associée;O;20/03/2026 00:00;;20/03/2026 12:29;0.000
a9dcbfb5-14ca-459f-9a97-4a35efceb5f3;410;Réception (B.L. : 1800336743);1800336743;;FOURNISSEUR CENTRALE;;Pas de commande associée;O;06/04/2026 00:00;;06/04/2026 12:32;0.000
a9e8cf21-80a0-41bf-8a0b-374f85211de4;364;Réception (B.L. : 1700232216);1700232216;;FOURNISSEUR CENTRALE;;Pas de commande associée;O;13/03/2026 00:00;;13/03/2026 12:15;733.000
a9f72812-3c5e-47d9-900f-ca03b3c7de97;413;Réception (B.L. : 1100213612);1100213612;;FOURNISSEUR CENTRALE;;Pas de commande associée;O;24/03/2026 00:00;;24/03/2026 12:17;0.000
aa0a7496-f790-42e7-a904-84fd97450d99;356;Réception (B.L. : 1700235850);1700235850;;FOURNISSEUR CENTRALE;;Pas de commande associée;O;01/04/2026 00:00;;01/04/2026 12:22;0.000
aa25620e-f77a-4233-9fa7-b417e7c67ab6;353;Réception (B.L. : 1800337734);1800337734;;FOURNISSEUR CENTRALE;;Pas de commande associée;O;09/04/2026 00:00;;09/04/2026 12:11;12.000
aa569c50-8a96-4a73-a15f-dfe2d873358a;356;Réception (B.L. : 1800333821);1800333821;;FOURNISSEUR CENTRALE;;Pas de commande associée;O;25/03/2026 00:00;;25/03/2026 12:35;0.000
aa5e895d-e965-485a-87d9-11bf8b3b5512;353;Réception (B.L. : 1200106660);1200106660;;FOURNISSEUR CENTRALE;;Pas de commande associée;O;18/03/2026 00:00;;18/03/2026 12:10;1.000
aaa3d7c8-8b7b-41e2-a17d-5c4275364dfc;411;Réception (B.L. : 1800329548);1800329548;;FOURNISSEUR CENTRALE;;Pas de commande associée;O;09/03/2026 00:00;;09/03/2026 12:13;0.000
aaa4feb2-5485-46c2-bb2b-e9d3d569a2dc;410;Réception (B.L. : 1700235388);1700235388;;FOURNISSEUR CENTRALE;;Pas de commande associée;O;30/03/2026 00:00;;30/03/2026 12:30;0.000
aaa782bb-36f9-49be-a154-accef9cc49b2;411;Réception (B.L. : 1100215752);1100215752;;FOURNISSEUR CENTRALE;;Pas de commande associée;O;06/04/2026 00:00;;06/04/2026 12:11;0.000
aae7a526-9ea6-4b1e-bd0d-163cafd15895;364;Réception (B.L. : 1700231514);1700231514;;FOURNISSEUR CENTRALE;;Pas de commande associée;O;10/03/2026 00:00;;10/03/2026 12:23;2.000
aafe354b-bee6-482b-b44e-aec48274cf1d;353;Réception (B.L. : 1800332696);1800332696;;FOURNISSEUR CENTRALE;;Pas de commande associée;O;20/03/2026 00:00;;20/03/2026 12:25;387.900
ab0a8636-823c-4a66-b30f-e6cb5db45f7d;356;Réception (B.L. : 1700236792);1700236792;;FOURNISSEUR CENTRALE;;Pas de commande associée;O;06/04/2026 00:00;;06/04/2026 12:19;0.000
ab1d3c4a-e9c2-4984-8e7f-94a2481867e9;364;Réception (B.L. : 1800330241);1800330241;;FOURNISSEUR CENTRALE;;Pas de commande associée;O;11/03/2026 00:00;;11/03/2026 12:13;116.000
ab2f8201-8c37-4ec0-8b0b-0cad45b72f33;356;Réception (B.L. : 1100211009);1100211009;;FOURNISSEUR CENTRALE;;Pas de commande associée;O;09/03/2026 00:00;;09/03/2026 12:14;0.000
ab4ac423-4fdb-4a8b-9fcf-934d3e03cd9e;410;Réception (B.L. : 1100211762);1100211762;;FOURNISSEUR CENTRALE;;Pas de commande associée;O;13/03/2026 00:00;;13/03/2026 12:17;0.000
aba58d91-8d21-4d4b-8fa8-1183941902ef;413;Réception (B.L. : 1700236539);1700236539;;FOURNISSEUR CENTRALE;;Pas de commande associée;O;03/04/2026 00:00;;03/04/2026 12:21;414.000
abbd43b4-c8c2-404a-b4f5-397920da8c34;413;Réception (B.L. : 1700230045);1700230045;;FOURNISSEUR CENTRALE;;Pas de commande associée;O;03/03/2026 00:00;;03/03/2026 17:01;210.000
abbeb76c-926b-46b9-8194-fcc4b9822614;410;Réception (B.L. : 1700229681);1700229681;;FOURNISSEUR CENTRALE;;Pas de commande associée;O;02/03/2026 00:00;;02/03/2026 12:16;0.000
abbf3eb1-c140-4800-9ac5-af3cfebcc41e;413;Réception (B.L. : 1100214783);1100214783;;FOURNISSEUR CENTRALE;;Pas de commande associée;O;31/03/2026 00:00;;31/03/2026 12:17;0.000
abc1e7f2-ac65-439a-9fa7-49684bd755f0;353;Réception (B.L. : 1100215702);1100215702;;FOURNISSEUR CENTRALE;;Pas de commande associée;O;04/04/2026 00:00;;04/04/2026 17:11;164.000
abdc50cb-b458-4efe-b3a3-5753a47a94cc;353;Réception (B.L. : 1700233721);1700233721;;FOURNISSEUR CENTRALE;;Pas de commande associée;O;20/03/2026 00:00;;20/03/2026 12:21;48.000
abf200c8-3fc9-4ad7-af56-9ea03f2c57c6;364;Réception (B.L. : 1800336270);1800336270;;FOURNISSEUR CENTRALE;;Pas de commande associée;O;03/04/2026 00:00;;03/04/2026 12:31;6.000
ac6a2919-7389-444e-94da-10a387f515b2;410;Réception (B.L. : 1700232610);1700232610;;FOURNISSEUR CENTRALE;;Pas de commande associée;O;16/03/2026 00:00;;16/03/2026 12:19;0.000
ac914acf-44ae-48d4-98bd-c523f2250a41;410;Réception (B.L. : 1100215354);1100215354;;FOURNISSEUR CENTRALE;;Pas de commande associée;O;03/04/2026 00:00;;03/04/2026 12:14;0.000
ace9067c-f2d2-458c-8a8d-5a0663f282dc;364;Réception (B.L. : 1700234248);1700234248;;FOURNISSEUR CENTRALE;;Pas de commande associée;O;23/03/2026 00:00;;24/03/2026 12:17;216.000
ad026368-53c9-404f-929c-b50a061f0f78;356;Réception (B.L. : 1700233504);1700233504;;FOURNISSEUR CENTRALE;;Pas de commande associée;O;19/03/2026 00:00;;19/03/2026 17:13;0.000
ad2cb802-07f7-4aee-a27f-c3ec22b2859a;356;Réception (B.L. : 1700231777);1700231777;;FOURNISSEUR CENTRALE;;Pas de commande associée;O;11/03/2026 00:00;;11/03/2026 12:27;0.000
ad426055-b5ac-412b-9a71-8379cc788541;410;Réception (B.L. : 1700232233);1700232233;;FOURNISSEUR CENTRALE;;Pas de commande associée;O;13/03/2026 00:00;;13/03/2026 12:25;0.000
ad754706-1d90-4f05-9293-01f95ea48927;411;Réception (B.L. : 1700230895);1700230895;;FOURNISSEUR CENTRALE;;Pas de commande associée;O;06/03/2026 00:00;;06/03/2026 12:26;0.000
ad7fe53c-fdbe-4ebb-b118-6e1c66acba94;410;Réception (B.L. : 1100210349);1100210349;;FOURNISSEUR CENTRALE;;Pas de commande associée;O;04/03/2026 00:00;;04/03/2026 12:14;0.000
ad811194-1be3-47ee-964e-8c58b810bf6b;364;Réception (B.L. : 1100215587);1100215587;;FOURNISSEUR CENTRALE;;Pas de commande associée;O;03/04/2026 00:00;;03/04/2026 12:14;4.000
ada8cc0e-c8f4-4109-af64-a71fffbcb073;411;Réception (B.L. : 1700234990);1700234990;;FOURNISSEUR CENTRALE;;Pas de commande associée;O;27/03/2026 00:00;;27/03/2026 12:17;0.000
adad50c7-fba7-40f1-b693-577f430c31ed;353;Réception (B.L. : 1200107344);1200107344;;FOURNISSEUR CENTRALE;;Pas de commande associée;O;27/03/2026 00:00;;27/03/2026 12:11;160.000
adde0102-de2b-4919-b003-0485a02bec7c;364;Réception (B.L. : 1700235234);1700235234;;FOURNISSEUR CENTRALE;;Pas de commande associée;O;27/03/2026 00:00;;27/03/2026 12:15;1.000
ade15937-2ab3-4147-ad2b-a2bc6294d9c4;353;Réception (B.L. : 1100210331);1100210331;;FOURNISSEUR CENTRALE;;Pas de commande associée;O;04/03/2026 00:00;;04/03/2026 12:10;2550.000
ae06a08d-addc-4c41-9ec2-c7eb630db7bc;353;Réception (B.L. : 1800328386);1800328386;;FOURNISSEUR CENTRALE;;Pas de commande associée;O;04/03/2026 00:00;;04/03/2026 12:32;1261.440
ae156827-81f9-49ef-8316-a54da33bf48e;413;Réception (B.L. : 1100210694);1100210694;;FOURNISSEUR CENTRALE;;Pas de commande associée;O;06/03/2026 00:00;;06/03/2026 12:11;630.000
ae1b0f8a-49b7-43e7-8260-779736953e38;364;Réception (B.L. : 1100211185);1100211185;;FOURNISSEUR CENTRALE;;Pas de commande associée;O;09/03/2026 00:00;;09/03/2026 17:10;18.000
ae21cba4-19e8-46bf-80e5-fb858bd7c74a;410;Réception (B.L. : 1700234983);1700234983;;FOURNISSEUR CENTRALE;;Pas de commande associée;O;27/03/2026 00:00;;27/03/2026 12:16;0.000
aeb5004c-76b4-46b8-adde-3b220e99936e;356;Réception (B.L. : 1700230919);1700230919;;FOURNISSEUR CENTRALE;;Pas de commande associée;O;06/03/2026 00:00;;06/03/2026 12:19;0.000
aec6708d-b8f2-49a0-b6de-4c664130890f;353;Réception (B.L. : 1700236783);1700236783;;FOURNISSEUR CENTRALE;;Pas de commande associée;O;06/04/2026 00:00;;06/04/2026 12:19;720.000
aece2146-bc03-42af-b571-e8fc4d67a647;356;Réception (B.L. : 1100213730);1100213730;;FOURNISSEUR CENTRALE;;Pas de commande associée;O;24/03/2026 00:00;;24/03/2026 17:11;0.000
aed159bb-ca75-4818-b0c4-16c5502d7095;353;Réception (B.L. : 1100212928);1100212928;;FOURNISSEUR CENTRALE;;Pas de commande associée;O;20/03/2026 00:00;;20/03/2026 12:12;593.000
aeddaa7a-beef-4652-93ff-47cc5890e17d;410;Réception (B.L. : 1800335561);1800335561;;FOURNISSEUR CENTRALE;;Pas de commande associée;O;01/04/2026 00:00;;01/04/2026 12:38;0.000
af22ab81-ac34-4ff4-af34-bc75ab23fcff;413;Réception (B.L. : 1800331684);1800331684;;FOURNISSEUR CENTRALE;;Pas de commande associée;O;17/03/2026 00:00;;17/03/2026 12:30;0.000
af38f4f5-9429-4ab6-b314-a49873470e7c;353;Réception (B.L. : 1800333206);1800333206;;FOURNISSEUR CENTRALE;;Pas de commande associée;O;22/03/2026 00:00;;23/03/2026 12:31;206.400
af62c52b-e981-419d-b33a-0f8bacaea022;411;Réception (B.L. : 1100216440);1100216440;;FOURNISSEUR CENTRALE;;Pas de commande associée;O;09/04/2026 00:00;;09/04/2026 17:14;0.000
af6e8bd1-c80a-412f-aca9-de6a71029752;356;Réception (B.L. : 1100214872);1100214872;;FOURNISSEUR CENTRALE;;Pas de commande associée;O;01/04/2026 00:00;;01/04/2026 12:12;0.000
af89f4f2-489e-46ac-95f4-d15554e90954;356;Réception (B.L. : 1700235435);1700235435;;FOURNISSEUR CENTRALE;;Pas de commande associée;O;30/03/2026 00:00;;30/03/2026 12:21;0.000
afa42c36-02ce-43cc-aac4-4aa18131be33;364;Réception (B.L. : 1200107623);1200107623;;FOURNISSEUR CENTRALE;;Pas de commande associée;O;31/03/2026 00:00;;31/03/2026 12:11;2.000
afa9dc31-81d0-48a9-8cda-b08464ab9946;411;Réception (B.L. : 1700234999);1700234999;;FOURNISSEUR CENTRALE;;Pas de commande associée;O;27/03/2026 00:00;;27/03/2026 12:26;0.000
afcbec7d-921b-4ba7-bf8d-3cc2fe2b2209;411;Réception (B.L. : 1800332069);1800332069;;FOURNISSEUR CENTRALE;;Pas de commande associée;O;18/03/2026 00:00;;18/03/2026 12:12;0.000
afe5d448-0faa-45b8-a38e-edd290992d97;411;Réception (B.L. : 1700237822);1700237822;;FOURNISSEUR CENTRALE;;Pas de commande associée;O;09/04/2026 00:00;;10/04/2026 12:20;0.000
b0032ad0-695c-4376-a13c-758d56308081;410;Réception (B.L. : 1700235859);1700235859;;FOURNISSEUR CENTRALE;;Pas de commande associée;O;01/04/2026 00:00;;01/04/2026 12:26;0.000
b0251b7f-a9d3-4c37-96cc-2718f1235c87;411;Réception (B.L. : 1100214762);1100214762;;FOURNISSEUR CENTRALE;;Pas de commande associée;O;31/03/2026 00:00;;31/03/2026 12:14;0.000
b036f5f1-f565-43b2-aa8d-b43eea476b5f;413;Réception (B.L. : 1100214780);1100214780;;FOURNISSEUR CENTRALE;;Pas de commande associée;O;31/03/2026 00:00;;31/03/2026 12:14;650.000
b071a182-c423-4d28-a9f3-961390479b14;410;Réception (B.L. : 1700235858);1700235858;;FOURNISSEUR CENTRALE;;Pas de commande associée;O;01/04/2026 00:00;;01/04/2026 12:25;0.000
b08c1c92-8624-417d-8104-86d87138017d;413;Réception (B.L. : 1700231502);1700231502;;FOURNISSEUR CENTRALE;;Pas de commande associée;O;10/03/2026 00:00;;10/03/2026 12:24;509.000
b08c450f-670e-441c-bd0d-b0fa81f6e0cd;410;Réception (B.L. : 1100212413);1100212413;;FOURNISSEUR CENTRALE;;Pas de commande associée;O;18/03/2026 00:00;;18/03/2026 12:12;0.000
b0a16e5a-4e5d-48fd-9f69-730027ffe220;364;Réception (B.L. : 1700232933);1700232933;;FOURNISSEUR CENTRALE;;Pas de commande associée;O;17/03/2026 00:00;;17/03/2026 12:18;32.000
b0e73995-4752-4fed-9c3b-8fba86faeb67;364;Réception (B.L. : 1700235639);1700235639;;FOURNISSEUR CENTRALE;;Pas de commande associée;O;30/03/2026 00:00;;31/03/2026 12:16;438.000
b0f6be7f-f295-419b-b627-1fad765f79cc;413;Réception (B.L. : 1100213489);1100213489;;FOURNISSEUR CENTRALE;;Pas de commande associée;O;24/03/2026 00:00;;24/03/2026 12:16;0.000
b128652d-86ac-4e7f-ac1b-ad669815649f;411;Réception (B.L. : 1100211211);1100211211;;FOURNISSEUR CENTRALE;;Pas de commande associée;O;10/03/2026 00:00;;10/03/2026 12:13;0.000
b12e8fc8-4e04-49f4-b868-401e1b9ba9fd;413;Réception (B.L. : 1700235745);1700235745;;FOURNISSEUR CENTRALE;;Pas de commande associée;O;31/03/2026 00:00;;31/03/2026 12:24;2450.000
b13069ff-ee84-4155-8fbe-0e1e6bf97ae2;353;Réception (B.L. : 1800331423);1800331423;;FOURNISSEUR CENTRALE;;Pas de commande associée;O;16/03/2026 00:00;;16/03/2026 12:24;612.030
b1635777-c3f6-4eb6-b112-f6249cf9edfc;356;Réception (B.L. : 1700237810);1700237810;;FOURNISSEUR CENTRALE;;Pas de commande associée;O;09/04/2026 00:00;;10/04/2026 12:25;0.000
b18ad251-21e4-4ded-a07e-46149680e690;410;Réception (B.L. : 1700235444);1700235444;;FOURNISSEUR CENTRALE;;Pas de commande associée;O;30/03/2026 00:00;;30/03/2026 12:33;0.000
b18ccbea-63cb-4fc7-b6b5-300baa9baff3;411;Réception (B.L. : 1200108292);1200108292;;FOURNISSEUR CENTRALE;;Pas de commande associée;O;09/04/2026 00:00;;09/04/2026 17:12;0.000
b18f8636-4cfa-4928-bfee-72256d8247c0;353;Réception (B.L. : 1100213691);1100213691;;FOURNISSEUR CENTRALE;;Pas de commande associée;O;24/03/2026 00:00;;24/03/2026 17:12;12.000
b1c8e547-1799-4cd9-a1d0-e018e3ec3d58;410;Réception (B.L. : 1200106790);1200106790;;FOURNISSEUR CENTRALE;;Pas de commande associée;O;19/03/2026 00:00;;19/03/2026 12:11;0.000
b2290a19-9e49-4e5f-94d2-9cc1140cae7e;356;Réception (B.L. : 1700233508);1700233508;;FOURNISSEUR CENTRALE;;Pas de commande associée;O;19/03/2026 00:00;;19/03/2026 17:17;0.000
b23ad143-c4de-4238-9ba8-01e2f3bf515f;413;Réception (B.L. : 1700232193);1700232193;;FOURNISSEUR CENTRALE;;Pas de commande associée;O;13/03/2026 00:00;;13/03/2026 12:15;388.000
b25053c9-0907-4ccc-9cfc-a04b89791548;413;Réception (B.L. : 1700231501);1700231501;;FOURNISSEUR CENTRALE;;Pas de commande associée;O;10/03/2026 00:00;;10/03/2026 12:23;517.000
b2ceb489-f636-49de-87b0-cc266591feed;356;Réception (B.L. : 1800328620);1800328620;;FOURNISSEUR CENTRALE;;Pas de commande associée;O;05/03/2026 00:00;;05/03/2026 12:10;0.000
b307c399-c091-41eb-9adb-a42477c2da63;364;Réception (B.L. : 1800330780);1800330780;;FOURNISSEUR CENTRALE;;Pas de commande associée;O;13/03/2026 00:00;;13/03/2026 12:21;3860.000
b33d852e-c322-4547-9d4f-9e6f1bb4c04f;410;Réception (B.L. : 1800335559);1800335559;;FOURNISSEUR CENTRALE;;Pas de commande associée;O;01/04/2026 00:00;;01/04/2026 12:36;0.000
b3a1dceb-767e-4894-bd6a-61c768889de7;413;Réception (B.L. : 1100214779);1100214779;;FOURNISSEUR CENTRALE;;Pas de commande associée;O;31/03/2026 00:00;;31/03/2026 12:13;1576.000
b3be07d3-f4e4-4445-bf3f-a4d66d616d1b;353;Réception (B.L. : 1100211358);1100211358;;FOURNISSEUR CENTRALE;;Pas de commande associée;O;10/03/2026 00:00;;10/03/2026 17:01;84.000
b3fa136b-a038-412e-81f4-cdeec34cc53e;364;Réception (B.L. : 1100215370);1100215370;;FOURNISSEUR CENTRALE;;Pas de commande associée;O;03/04/2026 00:00;;03/04/2026 12:11;836.000
b3fd5d0b-5df2-4943-bf6c-0b33a9e0e3ed;356;Réception (B.L. : 1100212404);1100212404;;FOURNISSEUR CENTRALE;;Pas de commande associée;O;18/03/2026 00:00;;18/03/2026 12:14;0.000
b42aa307-23c7-49c4-b05b-8614c7859acf;410;Réception (B.L. : 1800332689);1800332689;;FOURNISSEUR CENTRALE;;Pas de commande associée;O;20/03/2026 00:00;;20/03/2026 12:28;0.000
b4635607-3743-4b08-835a-5c21198f3246;356;Réception (B.L. : 1700234096);1700234096;;FOURNISSEUR CENTRALE;;Pas de commande associée;O;23/03/2026 00:00;;23/03/2026 12:27;0.000
b465b710-94c4-4c4c-8520-3f5070323c6b;356;Réception (B.L. : 1700232141);1700232141;;FOURNISSEUR CENTRALE;;Pas de commande associée;O;13/03/2026 00:00;;13/03/2026 12:20;0.000
b4767dcb-c537-4ba0-911d-33c481e71616;411;Réception (B.L. : 1800329063);1800329063;;FOURNISSEUR CENTRALE;;Pas de commande associée;O;06/03/2026 00:00;;06/03/2026 12:36;0.000
b4a36232-da65-4f86-896a-063526efab91;364;Réception (B.L. : 1200106157);1200106157;;FOURNISSEUR CENTRALE;;Pas de commande associée;O;10/03/2026 00:00;;10/03/2026 17:02;6.000
b4ba0583-0572-4462-a6d8-535db7aaeaca;410;Réception (B.L. : 1100210991);1100210991;;FOURNISSEUR CENTRALE;;Pas de commande associée;O;08/03/2026 00:00;;08/03/2026 23:25;0.000
b4ca54ac-3e05-4884-a560-53dedd37f492;411;Réception (B.L. : 1800328447);1800328447;;FOURNISSEUR CENTRALE;;Pas de commande associée;O;04/03/2026 00:00;;04/03/2026 12:16;0.000
b4d77271-f750-45a6-8e8a-484a7f038d8b;364;Réception (B.L. : 1100215763);1100215763;;FOURNISSEUR CENTRALE;;Pas de commande associée;O;06/04/2026 00:00;;06/04/2026 12:12;857.000
b4dbeade-a4f0-4e4c-a564-075b00242615;410;Réception (B.L. : 1100216119);1100216119;;FOURNISSEUR CENTRALE;;Pas de commande associée;O;08/04/2026 00:00;;08/04/2026 12:14;0.000
b51a0391-5734-444a-96d1-df38228878b7;411;Réception (B.L. : 1100215755);1100215755;;FOURNISSEUR CENTRALE;;Pas de commande associée;O;06/04/2026 00:00;;06/04/2026 12:14;0.000
b544b2fe-170c-4e9b-9b7a-72a93057ca59;356;Réception (B.L. : 1800337321);1800337321;;FOURNISSEUR CENTRALE;;Pas de commande associée;O;08/04/2026 00:00;;08/04/2026 17:12;0.000
b54b23eb-4f7e-42da-b76f-f7b521b0541c;353;Réception (B.L. : 1800330766);1800330766;;FOURNISSEUR CENTRALE;;Pas de commande associée;O;13/03/2026 00:00;;13/03/2026 12:23;365.000
b59d9bce-fbdb-4944-8435-424a9b9607a7;353;Réception (B.L. : 1100211400);1100211400;;FOURNISSEUR CENTRALE;;Pas de commande associée;O;11/03/2026 00:00;;11/03/2026 12:12;168.000
b606f6c8-5a47-4460-87ed-0fe797cf1a2a;413;Réception (B.L. : 1800329057);1800329057;;FOURNISSEUR CENTRALE;;Pas de commande associée;O;06/03/2026 00:00;;06/03/2026 12:20;0.000
b612c6ae-c375-4b47-b49f-dc25d3122406;410;Réception (B.L. : 1100213754);1100213754;;FOURNISSEUR CENTRALE;;Pas de commande associée;O;25/03/2026 00:00;;25/03/2026 12:19;0.000
b6409f1d-79f3-4e6e-abce-2a8518c346d9;356;Réception (B.L. : 1700233040);1700233040;;FOURNISSEUR CENTRALE;;Pas de commande associée;O;18/03/2026 00:00;;18/03/2026 12:18;0.000
b6424794-29d9-4639-84ec-d8efb062c9ab;411;Réception (B.L. : 1800330229);1800330229;;FOURNISSEUR CENTRALE;;Pas de commande associée;O;11/03/2026 00:00;;11/03/2026 12:13;0.000
b6463876-0d32-4589-9b7f-6adb03f8981d;356;Réception (B.L. : 1800333773);1800333773;;FOURNISSEUR CENTRALE;;Pas de commande associée;O;24/03/2026 00:00;;25/03/2026 12:34;0.000
b64dcf98-c616-4e37-bd54-e2fee221d392;411;Réception (B.L. : 1700232221);1700232221;;FOURNISSEUR CENTRALE;;Pas de commande associée;O;13/03/2026 00:00;;13/03/2026 12:24;0.000
b6c1f9f0-f176-4b80-981d-93b0debb9d45;411;Réception (B.L. : 1200105829);1200105829;;FOURNISSEUR CENTRALE;;Pas de commande associée;O;05/03/2026 00:00;;05/03/2026 17:10;0.000
b6ca0b2d-660e-4d20-a31f-532b9d018dc5;411;Réception (B.L. : 1100211795);1100211795;;FOURNISSEUR CENTRALE;;Pas de commande associée;O;13/03/2026 00:00;;13/03/2026 12:13;0.000
b6eb54e8-d8fa-48c0-8dc9-572bc19f5f80;410;Réception (B.L. : 1100213186);1100213186;;FOURNISSEUR CENTRALE;;Pas de commande associée;O;23/03/2026 00:00;;22/03/2026 23:23;0.000
b6efe2ec-548d-471e-85be-4d5b02c7bc90;411;Réception (B.L. : 1700232160);1700232160;;FOURNISSEUR CENTRALE;;Pas de commande associée;O;13/03/2026 00:00;;13/03/2026 12:19;0.000
b7394f40-22e9-4190-8955-5931ccd475d9;353;Réception (B.L. : 1800330867);1800330867;;FOURNISSEUR CENTRALE;;Pas de commande associée;O;13/03/2026 00:00;;13/03/2026 12:25;36.000
b74ee937-a0ce-4ece-b775-3adf62a07fb9;356;Réception (B.L. : 1100214292);1100214292;;FOURNISSEUR CENTRALE;;Pas de commande associée;O;27/03/2026 00:00;;27/03/2026 12:12;0.000
b75853d4-52dc-49cd-9e88-46ef2ce9a766;364;Réception (B.L. : 1100212941);1100212941;;FOURNISSEUR CENTRALE;;Pas de commande associée;O;20/03/2026 00:00;;20/03/2026 12:11;3092.000
b7a43e59-04aa-412f-8fb0-7d3299527655;356;Réception (B.L. : 1700233992);1700233992;;FOURNISSEUR CENTRALE;;Pas de commande associée;O;23/03/2026 00:00;;23/03/2026 12:19;0.000
b7b00f35-72f1-4021-ba10-18805221d863;410;Réception (B.L. : 1100213865);1100213865;;FOURNISSEUR CENTRALE;;Pas de commande associée;O;25/03/2026 00:00;;25/03/2026 12:21;0.000
b7d66f9f-ab40-469b-a376-c6d3cafb383e;410;Réception (B.L. : 1700236780);1700236780;;FOURNISSEUR CENTRALE;;Pas de commande associée;O;05/04/2026 00:00;;06/04/2026 12:23;0.000
b7f8626b-1881-4a10-8ce8-7fc16dc9a3b8;353;Réception (B.L. : 1100213692);1100213692;;FOURNISSEUR CENTRALE;;Pas de commande associée;O;24/03/2026 00:00;;24/03/2026 17:13;12.000
b7f9f503-3dd8-4dce-bf1b-1d75b754004e;413;Réception (B.L. : 1800330823);1800330823;;FOURNISSEUR CENTRALE;;Pas de commande associée;O;13/03/2026 00:00;;13/03/2026 12:22;90.000
b8232699-51e5-4302-a40a-0a99c2efc24b;411;Réception (B.L. : 1100214760);1100214760;;FOURNISSEUR CENTRALE;;Pas de commande associée;O;31/03/2026 00:00;;31/03/2026 12:12;0.000
b8323a61-84ae-4739-a6d4-6f1c6810da87;364;Réception (B.L. : 1100211325);1100211325;;FOURNISSEUR CENTRALE;;Pas de commande associée;O;10/03/2026 00:00;;10/03/2026 12:14;9.000
b8474a09-bb23-4c04-b484-d515c7a94728;413;Réception (B.L. : 1800336985);1800336985;;FOURNISSEUR CENTRALE;;Pas de commande associée;O;07/04/2026 00:00;;07/04/2026 12:18;250.100
b849dfde-15ae-4727-826a-da7e691dd228;353;Réception (B.L. : 1800337327);1800337327;;FOURNISSEUR CENTRALE;;Pas de commande associée;O;08/04/2026 00:00;;08/04/2026 17:11;38.000
b84ec8c8-7403-46b2-bc7e-af7a6097fbcb;410;Réception (B.L. : 1700233050);1700233050;;FOURNISSEUR CENTRALE;;Pas de commande associée;O;18/03/2026 00:00;;18/03/2026 12:26;0.000
b8569bcc-7c66-4f5b-af17-81e8f4d10f67;356;Réception (B.L. : 1200107241);1200107241;;FOURNISSEUR CENTRALE;;Pas de commande associée;O;26/03/2026 00:00;;26/03/2026 12:11;0.000
b877dec7-b108-4205-ad9a-b0a3006e9ec0;356;Réception (B.L. : 1700230195);1700230195;;FOURNISSEUR CENTRALE;;Pas de commande associée;O;04/03/2026 00:00;;04/03/2026 12:23;0.000
b8783b86-4e80-4352-b046-bd37d3ed629a;411;Réception (B.L. : 1100215816);1100215816;;FOURNISSEUR CENTRALE;;Pas de commande associée;O;06/04/2026 00:00;;06/04/2026 12:15;0.000
b878ddea-7a71-40b1-bf27-d26c3c3be738;413;Réception (B.L. : 1700230474);1700230474;;FOURNISSEUR CENTRALE;;Pas de commande associée;O;04/03/2026 00:00;;04/03/2026 23:24;360.000
b8794cc9-af70-4f80-a735-c388055e5884;353;Réception (B.L. : 1100211398);1100211398;;FOURNISSEUR CENTRALE;;Pas de commande associée;O;11/03/2026 00:00;;11/03/2026 12:10;1614.000
b87fc6ec-bb5c-4e41-8284-d71dae414128;411;Réception (B.L. : 1800333242);1800333242;;FOURNISSEUR CENTRALE;;Pas de commande associée;O;22/03/2026 00:00;;23/03/2026 12:10;0.000
b884873a-9705-45cf-9653-f1a2e6e7db30;411;Réception (B.L. : 1100215106);1100215106;;FOURNISSEUR CENTRALE;;Pas de commande associée;O;01/04/2026 00:00;;01/04/2026 17:11;0.000
b8c70a2b-844b-4fa9-bad6-5b4283f4c7bd;410;Réception (B.L. : 1100214228);1100214228;;FOURNISSEUR CENTRALE;;Pas de commande associée;O;27/03/2026 00:00;;27/03/2026 12:13;0.000
b92a0791-57db-41da-84bc-ab9c227842b5;353;Réception (B.L. : 1100211399);1100211399;;FOURNISSEUR CENTRALE;;Pas de commande associée;O;11/03/2026 00:00;;11/03/2026 12:11;1008.000
b96072ee-9f00-48ad-a855-15d40fed387f;410;Réception (B.L. : 1800330249);1800330249;;FOURNISSEUR CENTRALE;;Pas de commande associée;O;11/03/2026 00:00;;11/03/2026 12:28;0.000
b96a2f9f-84b0-45f5-8648-60b15d0ff1f8;356;Réception (B.L. : 1700233996);1700233996;;FOURNISSEUR CENTRALE;;Pas de commande associée;O;23/03/2026 00:00;;23/03/2026 12:23;0.000
b9e55c15-9452-4fb6-92ce-2fb9de4af2c1;410;Réception (B.L. : 1100215357);1100215357;;FOURNISSEUR CENTRALE;;Pas de commande associée;O;03/04/2026 00:00;;03/04/2026 12:17;0.000
b9f7d32e-e67c-44ef-ab20-69ce750f25fc;413;Réception (B.L. : 1800328044);1800328044;;FOURNISSEUR CENTRALE;;Pas de commande associée;O;03/03/2026 00:00;;03/03/2026 12:17;94.000
ba389415-ac0d-40fa-ae9f-cfa81fa62aa5;356;Réception (B.L. : 1800334917);1800334917;;FOURNISSEUR CENTRALE;;Pas de commande associée;O;29/03/2026 00:00;;30/03/2026 12:27;0.000
ba39dd0f-8069-4928-b147-9edbc17fd6c9;411;Réception (B.L. : 1700233683);1700233683;;FOURNISSEUR CENTRALE;;Pas de commande associée;O;19/03/2026 00:00;;20/03/2026 12:22;0.000
ba628026-789c-475f-b3eb-4699f80532be;353;Réception (B.L. : 1100212411);1100212411;;FOURNISSEUR CENTRALE;;Pas de commande associée;O;18/03/2026 00:00;;18/03/2026 12:11;1758.000
ba77741d-008a-4df2-8d39-96a776c829b1;353;Réception (B.L. : 1100213735);1100213735;;FOURNISSEUR CENTRALE;;Pas de commande associée;O;25/03/2026 00:00;;25/03/2026 12:11;674.000
ba8fd1f5-4a7e-449d-be02-6466f1748ce6;411;Réception (B.L. : 1800333802);1800333802;;FOURNISSEUR CENTRALE;;Pas de commande associée;O;24/03/2026 00:00;;25/03/2026 12:13;0.000
ba9405db-bcda-47c4-8e48-76112459a276;353;Réception (B.L. : 1700233983);1700233983;;FOURNISSEUR CENTRALE;;Pas de commande associée;O;23/03/2026 00:00;;23/03/2026 12:24;84.000
baaabca3-42fc-4218-82d9-a9711443a5ed;353;Réception (B.L. : 1800332108);1800332108;;FOURNISSEUR CENTRALE;;Pas de commande associée;O;18/03/2026 00:00;;18/03/2026 12:27;52.000
bac7f545-1ad2-4a28-9c80-b0897e49ba5f;353;Réception (B.L. : 1100210670);1100210670;;FOURNISSEUR CENTRALE;;Pas de commande associée;O;06/03/2026 00:00;;06/03/2026 12:12;604.000
bb4b6d40-7a42-4713-b582-88b073cad46e;411;Réception (B.L. : 1100216216);1100216216;;FOURNISSEUR CENTRALE;;Pas de commande associée;O;08/04/2026 00:00;;08/04/2026 12:15;0.000
bb57de53-5888-447b-a3eb-07c82ce6dec3;411;Réception (B.L. : 1100215115);1100215115;;FOURNISSEUR CENTRALE;;Pas de commande associée;O;02/04/2026 00:00;;02/04/2026 00:43;0.000
bb83c0de-01fe-43ac-9d7d-2011b795642b;364;Réception (B.L. : 1100213490);1100213490;;FOURNISSEUR CENTRALE;;Pas de commande associée;O;24/03/2026 00:00;;24/03/2026 12:13;1470.000
bb851030-d3c8-48fe-b449-1db8067dd6f2;356;Réception (B.L. : 1100216560);1100216560;;FOURNISSEUR CENTRALE;;Pas de commande associée;O;10/04/2026 00:00;;10/04/2026 12:16;0.000
bb94f4fa-ac29-42ce-a6f4-7c59216a51f7;410;Réception (B.L. : 1100211367);1100211367;;FOURNISSEUR CENTRALE;;Pas de commande associée;O;11/03/2026 00:00;;11/03/2026 12:11;0.000
bb9622f6-3158-44c9-ac94-a40f4352389f;364;Réception (B.L. : 1800336171);1800336171;;FOURNISSEUR CENTRALE;;Pas de commande associée;O;03/04/2026 00:00;;03/04/2026 12:23;2874.000
bbb18834-398b-43d8-bc09-8dbd5a9c2cd3;413;Réception (B.L. : 1100214232);1100214232;;FOURNISSEUR CENTRALE;;Pas de commande associée;O;27/03/2026 00:00;;27/03/2026 12:13;0.000
bbc34899-08fc-4b94-bc6c-99fed6e9dc16;411;Réception (B.L. : 1800334439);1800334439;;FOURNISSEUR CENTRALE;;Pas de commande associée;O;27/03/2026 00:00;;27/03/2026 12:28;0.000
bbc5899a-dba7-4aa4-9786-c0f8f928ff2c;356;Réception (B.L. : 1700229624);1700229624;;FOURNISSEUR CENTRALE;;Pas de commande associée;O;02/03/2026 00:00;;02/03/2026 12:23;0.000
bc4608c2-c2ad-471e-9b09-d9d7e50aeb87;364;Réception (B.L. : 1100214810);1100214810;;FOURNISSEUR CENTRALE;;Pas de commande associée;O;31/03/2026 00:00;;31/03/2026 12:14;2.000
bc54e718-8b37-46ee-92a9-1e45223c0ff7;410;Réception (B.L. : 1800333797);1800333797;;FOURNISSEUR CENTRALE;;Pas de commande associée;O;24/03/2026 00:00;;25/03/2026 12:29;0.000
bc67cf20-2c5d-416d-b6fe-9c498c00c0a3;356;Réception (B.L. : 1800334919);1800334919;;FOURNISSEUR CENTRALE;;Pas de commande associée;O;29/03/2026 00:00;;30/03/2026 12:29;0.000
bc6d4121-04e5-4b0d-9a72-9892e4f14891;356;Réception (B.L. : 1800328429);1800328429;;FOURNISSEUR CENTRALE;;Pas de commande associée;O;04/03/2026 00:00;;04/03/2026 12:30;0.000
bc785e10-51bd-4828-923a-a061a29252a8;356;Réception (B.L. : 1800334986);1800334986;;FOURNISSEUR CENTRALE;;Pas de commande associée;O;30/03/2026 00:00;;30/03/2026 17:13;0.000
bc89e055-73b4-400b-96b6-d62b07f4ed20;410;Réception (B.L. : 1800331445);1800331445;;FOURNISSEUR CENTRALE;;Pas de commande associée;O;16/03/2026 00:00;;16/03/2026 12:21;0.000
bc92ec32-2e8d-4699-a1c0-716eb5db200c;356;Réception (B.L. : 1700231103);1700231103;;FOURNISSEUR CENTRALE;;Pas de commande associée;O;09/03/2026 00:00;;09/03/2026 12:17;0.000
bca5d3c6-0521-43be-838e-010cd348cae4;364;Réception (B.L. : 1100210129);1100210129;;FOURNISSEUR CENTRALE;;Pas de commande associée;O;03/03/2026 00:00;;03/03/2026 12:02;1271.000
bcb16faa-8243-4fb1-a2cb-4a6d98079bcd;413;Réception (B.L. : 1100212272);1100212272;;FOURNISSEUR CENTRALE;;Pas de commande associée;O;17/03/2026 00:00;;17/03/2026 12:12;0.000
bcf42859-1ab7-4437-9e1c-cb6664a2e4e9;410;Réception (B.L. : 1100216082);1100216082;;FOURNISSEUR CENTRALE;;Pas de commande associée;O;07/04/2026 00:00;;07/04/2026 17:12;0.000
bd440776-e4b4-48ce-b463-65cb016e1a3d;410;Réception (B.L. : 1800333240);1800333240;;FOURNISSEUR CENTRALE;;Pas de commande associée;O;22/03/2026 00:00;;23/03/2026 12:19;0.000
bd602fc9-7917-4b03-afca-2269621b6da8;410;Réception (B.L. : 1100216500);1100216500;;FOURNISSEUR CENTRALE;;Pas de commande associée;O;10/04/2026 00:00;;10/04/2026 12:13;0.000
bd8f9f2d-76ff-461b-bba6-d3f6e8a5a7b3;356;Réception (B.L. : 1700237339);1700237339;;FOURNISSEUR CENTRALE;;Pas de commande associée;O;08/04/2026 00:00;;08/04/2026 12:24;0.000
bde31e2a-6e7e-40c0-bd62-4c5dc9d7b28a;410;Réception (B.L. : 1800332687);1800332687;;FOURNISSEUR CENTRALE;;Pas de commande associée;O;20/03/2026 00:00;;20/03/2026 12:26;0.000
bdf53439-3a59-431c-836d-5ca9c38c58cf;353;Réception (B.L. : 1700231902);1700231902;;FOURNISSEUR CENTRALE;;Pas de commande associée;O;11/03/2026 00:00;;11/03/2026 12:22;140.000
bdfda15b-e2de-4f8e-8a74-cb56a0ed677a;411;Réception (B.L. : 1800332730);1800332730;;FOURNISSEUR CENTRALE;;Pas de commande associée;O;20/03/2026 00:00;;20/03/2026 12:28;0.000
be49042c-d232-4fea-81a2-58284ffc62a5;356;Réception (B.L. : 1700234950);1700234950;;FOURNISSEUR CENTRALE;;Pas de commande associée;O;26/03/2026 00:00;;27/03/2026 12:18;0.000
be5dfed7-1126-4746-8d5b-03a99a3bdd28;356;Réception (B.L. : 1800327797);1800327797;;FOURNISSEUR CENTRALE;;Pas de commande associée;O;02/03/2026 00:00;;02/03/2026 12:31;0.000
be808fbc-bf19-493b-a597-6436bbc98617;356;Réception (B.L. : 1100211775);1100211775;;FOURNISSEUR CENTRALE;;Pas de commande associée;O;13/03/2026 00:00;;13/03/2026 12:11;0.000
be94bd95-7fe4-4dcd-8117-a64b07ed97a4;356;Réception (B.L. : 1100216185);1100216185;;FOURNISSEUR CENTRALE;;Pas de commande associée;O;08/04/2026 00:00;;08/04/2026 12:13;0.000
beab6af3-4dba-403d-9907-28e652575c65;356;Réception (B.L. : 1700234533);1700234533;;FOURNISSEUR CENTRALE;;Pas de commande associée;O;25/03/2026 00:00;;25/03/2026 12:19;0.000
bec88b70-a20e-46a6-870b-e8c302f57c27;364;Réception (B.L. : 1700235332);1700235332;;FOURNISSEUR CENTRALE;;Pas de commande associée;O;28/03/2026 00:00;;28/03/2026 12:14;16.000
bec8cd38-ccab-4588-9c09-a82d884310df;411;Réception (B.L. : 1700237053);1700237053;;FOURNISSEUR CENTRALE;;Pas de commande associée;O;07/04/2026 00:00;;07/04/2026 12:12;0.000
bee5f036-65eb-454c-a231-1ec239089711;353;Réception (B.L. : 1800333202);1800333202;;FOURNISSEUR CENTRALE;;Pas de commande associée;O;22/03/2026 00:00;;23/03/2026 12:27;48.000
bef5a028-131f-4fe5-a99b-dbc3ef457c2d;411;Réception (B.L. : 1800332731);1800332731;;FOURNISSEUR CENTRALE;;Pas de commande associée;O;20/03/2026 00:00;;20/03/2026 12:29;0.000
bf3677d1-9472-43e3-9c1a-57ec18f07210;356;Réception (B.L. : 1800329513);1800329513;;FOURNISSEUR CENTRALE;;Pas de commande associée;O;09/03/2026 00:00;;09/03/2026 12:25;0.000
bfa0ac71-4807-4378-8d4d-cf4326f04dd8;364;Réception (B.L. : 1800327806);1800327806;;FOURNISSEUR CENTRALE;;Pas de commande associée;O;02/03/2026 00:00;;02/03/2026 12:10;5708.000
c008830b-1564-414d-aa3a-c0682c26ddcc;411;Réception (B.L. : 1100215710);1100215710;;FOURNISSEUR CENTRALE;;Pas de commande associée;O;04/04/2026 00:00;;04/04/2026 17:11;0.000
c00b5638-b62e-413a-b2c8-79ffbcaf078b;411;Réception (B.L. : 1800328998);1800328998;;FOURNISSEUR CENTRALE;;Pas de commande associée;O;05/03/2026 00:00;;06/03/2026 12:35;0.000
c00e2725-59b5-4641-b198-964c83f66709;364;Réception (B.L. : 1700236531);1700236531;;FOURNISSEUR CENTRALE;;Pas de commande associée;O;03/04/2026 00:00;;03/04/2026 12:16;800.000
c01b3bad-878d-4e33-b012-3f2a525171be;356;Réception (B.L. : 1700230167);1700230167;;FOURNISSEUR CENTRALE;;Pas de commande associée;O;04/03/2026 00:00;;04/03/2026 12:18;0.000
c02dbebb-f5e7-43c5-be90-4d9aca7a8e22;410;Réception (B.L. : 1700230732);1700230732;;FOURNISSEUR CENTRALE;;Pas de commande associée;O;06/03/2026 00:00;;06/03/2026 12:20;0.000
c06d1035-2b89-4c28-9b99-d9b530dbf316;410;Réception (B.L. : 1700234984);1700234984;;FOURNISSEUR CENTRALE;;Pas de commande associée;O;27/03/2026 00:00;;27/03/2026 12:17;0.000
c0969031-aed7-44f3-b2ed-25a468f711e7;353;Réception (B.L. : 1800329054);1800329054;;FOURNISSEUR CENTRALE;;Pas de commande associée;O;06/03/2026 00:00;;06/03/2026 12:24;15.000
c0d0bc4d-4d46-4c57-bdfd-72507ef84d6f;364;Réception (B.L. : 1800329524);1800329524;;FOURNISSEUR CENTRALE;;Pas de commande associée;O;09/03/2026 00:00;;09/03/2026 12:12;4175.000
c0e53dcf-7470-476b-85c1-3eb4f09ff5f2;353;Réception (B.L. : 1100211014);1100211014;;FOURNISSEUR CENTRALE;;Pas de commande associée;O;09/03/2026 00:00;;09/03/2026 12:11;1839.000
c0ef8245-e69d-42d6-9fa4-931d8c370221;410;Réception (B.L. : 1800332067);1800332067;;FOURNISSEUR CENTRALE;;Pas de commande associée;O;18/03/2026 00:00;;18/03/2026 12:38;0.000
c12cbfec-3019-4611-b66f-835acc9fc713;356;Réception (B.L. : 1700237284);1700237284;;FOURNISSEUR CENTRALE;;Pas de commande associée;O;08/04/2026 00:00;;08/04/2026 12:20;0.000
c1489ba7-d08f-49ba-bb4d-c5de61eca532;411;Réception (B.L. : 1800330814);1800330814;;FOURNISSEUR CENTRALE;;Pas de commande associée;O;13/03/2026 00:00;;13/03/2026 12:28;0.000
c15ce788-ec0b-4981-9887-f1953736c907;413;Réception (B.L. : 1700232826);1700232826;;FOURNISSEUR CENTRALE;;Pas de commande associée;O;17/03/2026 00:00;;17/03/2026 12:17;350.000
c15d0f1c-342d-41cc-9ac3-c9b9c76967be;356;Réception (B.L. : 1700237287);1700237287;;FOURNISSEUR CENTRALE;;Pas de commande associée;O;08/04/2026 00:00;;08/04/2026 12:23;0.000
c161cb0a-4911-4422-96bf-90bf4de6cee7;353;Réception (B.L. : 1800333204);1800333204;;FOURNISSEUR CENTRALE;;Pas de commande associée;O;22/03/2026 00:00;;23/03/2026 12:29;54.000
c177df7c-2aad-4d40-8a1a-8abba14c8eb7;410;Réception (B.L. : 1200107711);1200107711;;FOURNISSEUR CENTRALE;;Pas de commande associée;O;01/04/2026 00:00;;01/04/2026 12:11;0.000
c18ccc01-2f4c-498b-bdf5-ee9e562c91e3;364;Réception (B.L. : 1800332109);1800332109;;FOURNISSEUR CENTRALE;;Pas de commande associée;O;18/03/2026 00:00;;18/03/2026 12:15;28.000
c19a4e73-130e-4b70-b363-458ec005f88f;356;Réception (B.L. : 1700236794);1700236794;;FOURNISSEUR CENTRALE;;Pas de commande associée;O;06/04/2026 00:00;;06/04/2026 12:21;0.000
c20e7439-6fdf-4160-bc3e-d9f8fa59fd9a;410;Réception (B.L. : 1100214483);1100214483;;FOURNISSEUR CENTRALE;;Pas de commande associée;O;28/03/2026 00:00;;28/03/2026 12:12;0.000
c23baab1-61a8-4381-993c-6f191ef958e4;410;Réception (B.L. : 1700235386);1700235386;;FOURNISSEUR CENTRALE;;Pas de commande associée;O;30/03/2026 00:00;;30/03/2026 12:28;0.000
c26a9273-823d-4b60-b96c-b145f6e39115;353;Réception (B.L. : 1800337238);1800337238;;FOURNISSEUR CENTRALE;;Pas de commande associée;O;08/04/2026 00:00;;08/04/2026 12:28;27.000
c28646f2-17f0-419f-ba58-0fd5b6939a22;411;Réception (B.L. : 1700234267);1700234267;;FOURNISSEUR CENTRALE;;Pas de commande associée;O;24/03/2026 00:00;;24/03/2026 12:22;0.000
c2ad41a4-207a-4924-b7eb-86ab1a818931;364;Réception (B.L. : 1100214219);1100214219;;FOURNISSEUR CENTRALE;;Pas de commande associée;O;27/03/2026 00:00;;27/03/2026 12:12;711.000
c2d90af3-f6aa-4be9-a680-9a2c062c2cae;364;Réception (B.L. : 1700230053);1700230053;;FOURNISSEUR CENTRALE;;Pas de commande associée;O;03/03/2026 00:00;;03/03/2026 17:02;5480.000
c2f87743-0fa9-45bf-b746-676abb8907d3;353;Réception (B.L. : 1800330764);1800330764;;FOURNISSEUR CENTRALE;;Pas de commande associée;O;13/03/2026 00:00;;13/03/2026 12:21;84.000
c308978d-c558-41db-98c5-fdb379ed67b4;410;Réception (B.L. : 1700231693);1700231693;;FOURNISSEUR CENTRALE;;Pas de commande associée;O;11/03/2026 00:00;;11/03/2026 12:16;0.000
c32102f6-9d05-4cdb-8565-fb0a6d60b2ef;356;Réception (B.L. : 1800336828);1800336828;;FOURNISSEUR CENTRALE;;Pas de commande associée;O;06/04/2026 00:00;;06/04/2026 12:26;0.000
c339ccca-27de-4ad4-9d91-4b357ff98d28;411;Réception (B.L. : 1100213502);1100213502;;FOURNISSEUR CENTRALE;;Pas de commande associée;O;24/03/2026 00:00;;24/03/2026 12:13;0.000
c3a9f21d-9905-4f16-9147-9cc01cc86c76;410;Réception (B.L. : 1800336191);1800336191;;FOURNISSEUR CENTRALE;;Pas de commande associée;O;03/04/2026 00:00;;03/04/2026 12:34;0.000
c3bb95fa-68bb-4fae-8284-91d7ce63ba2e;364;Réception (B.L. : 1800328394);1800328394;;FOURNISSEUR CENTRALE;;Pas de commande associée;O;04/03/2026 00:00;;04/03/2026 12:11;38.000
c3cf1889-965f-44cf-aa9d-7b5201b158ad;413;Réception (B.L. : 1800328216);1800328216;;FOURNISSEUR CENTRALE;;Pas de commande associée;O;03/03/2026 00:00;;03/03/2026 17:09;0.000
c3d979aa-86d5-46ec-a3b4-ab1b990f5166;410;Réception (B.L. : 1100216549);1100216549;;FOURNISSEUR CENTRALE;;Pas de commande associée;O;10/04/2026 00:00;;10/04/2026 12:14;0.000
c3e5f7dc-04f5-4c21-84c2-9a674f2177fc;356;Réception (B.L. : 1800335585);1800335585;;FOURNISSEUR CENTRALE;;Pas de commande associée;O;01/04/2026 00:00;;01/04/2026 12:36;0.000
c411e936-f49b-4aa3-a006-966fbbc225be;411;Réception (B.L. : 1700229957);1700229957;;FOURNISSEUR CENTRALE;;Pas de commande associée;O;03/03/2026 00:00;;03/03/2026 12:28;0.000
c412e557-5d08-4ebf-b84d-f95e435b435f;411;Réception (B.L. : 1700236401);1700236401;;FOURNISSEUR CENTRALE;;Pas de commande associée;O;03/04/2026 00:00;;03/04/2026 12:31;0.000
c46d8323-d4d1-4fe7-acd9-b73a002c6c63;364;Réception (B.L. : 1700236532);1700236532;;FOURNISSEUR CENTRALE;;Pas de commande associée;O;03/04/2026 00:00;;03/04/2026 12:17;1763.000
c483719f-b97d-4cd4-a309-cc1b27fa4e75;410;Réception (B.L. : 1100211760);1100211760;;FOURNISSEUR CENTRALE;;Pas de commande associée;O;13/03/2026 00:00;;13/03/2026 12:15;0.000
c49066b3-d705-47dd-9bfe-29388f38ebbf;364;Réception (B.L. : 1100211944);1100211944;;FOURNISSEUR CENTRALE;;Pas de commande associée;O;13/03/2026 00:00;;13/03/2026 12:13;3.000
c5057c89-931e-4091-8fb2-cf98c7d695d9;356;Réception (B.L. : 1100215809);1100215809;;FOURNISSEUR CENTRALE;;Pas de commande associée;O;06/04/2026 00:00;;06/04/2026 12:15;0.000
c517c09b-7797-492a-8350-ed919ab3bf42;411;Réception (B.L. : 1100212912);1100212912;;FOURNISSEUR CENTRALE;;Pas de commande associée;O;20/03/2026 00:00;;20/03/2026 12:13;0.000
c5334fe8-c788-42f4-8af0-20f90b4ae377;411;Réception (B.L. : 1700236392);1700236392;;FOURNISSEUR CENTRALE;;Pas de commande associée;O;03/04/2026 00:00;;03/04/2026 12:22;0.000
c5494254-4fd9-43ab-a9e8-82bf917f1938;356;Réception (B.L. : 1800333302);1800333302;;FOURNISSEUR CENTRALE;;Pas de commande associée;O;23/03/2026 00:00;;23/03/2026 17:11;0.000
c54a49c8-5997-4ba4-9f75-be5a4bc7ef35;356;Réception (B.L. : 1800334413);1800334413;;FOURNISSEUR CENTRALE;;Pas de commande associée;O;27/03/2026 00:00;;27/03/2026 12:23;0.000
c5960b2a-b1b8-42d0-9d56-b485b8cfc03b;411;Réception (B.L. : 1800329549);1800329549;;FOURNISSEUR CENTRALE;;Pas de commande associée;O;09/03/2026 00:00;;09/03/2026 12:14;0.000
c5be1f7d-2f3b-468f-8f35-897e9890c38b;356;Réception (B.L. : 1700233043);1700233043;;FOURNISSEUR CENTRALE;;Pas de commande associée;O;18/03/2026 00:00;;18/03/2026 12:21;0.000
c5c8a1b3-a5cc-4581-869d-8cced0a503cb;353;Réception (B.L. : 1700231681);1700231681;;FOURNISSEUR CENTRALE;;Pas de commande associée;O;11/03/2026 00:00;;11/03/2026 12:18;21.000
c5f76a5c-efcf-4996-944e-08f48d15b068;364;Réception (B.L. : 1800328977);1800328977;;FOURNISSEUR CENTRALE;;Pas de commande associée;O;05/03/2026 00:00;;06/03/2026 12:17;207.500
c60ba3fb-b472-4527-9d7e-11e4743d72be;356;Réception (B.L. : 1100214528);1100214528;;FOURNISSEUR CENTRALE;;Pas de commande associée;O;30/03/2026 00:00;;30/03/2026 12:15;0.000
c6691c5d-d912-40e3-b72e-330d48039023;413;Réception (B.L. : 1700235049);1700235049;;FOURNISSEUR CENTRALE;;Pas de commande associée;O;27/03/2026 00:00;;27/03/2026 12:19;250.000
c683ca05-ae57-426b-869f-73839351769b;410;Réception (B.L. : 1100214886);1100214886;;FOURNISSEUR CENTRALE;;Pas de commande associée;O;01/04/2026 00:00;;01/04/2026 12:21;0.000
c68b9ca8-422b-4309-a89e-d76b7e586be9;356;Réception (B.L. : 1800332707);1800332707;;FOURNISSEUR CENTRALE;;Pas de commande associée;O;20/03/2026 00:00;;20/03/2026 12:25;0.000
c6ac48ce-186e-467d-b476-98abce6f990f;410;Réception (B.L. : 1800330857);1800330857;;FOURNISSEUR CENTRALE;;Pas de commande associée;O;13/03/2026 00:00;;13/03/2026 12:32;0.000
c6bc9b1d-e197-42cf-a6e7-c8df21643e08;364;Réception (B.L. : 1700236536);1700236536;;FOURNISSEUR CENTRALE;;Pas de commande associée;O;03/04/2026 00:00;;03/04/2026 12:21;2185.000
c6cc33e8-5d4b-40e4-af3e-0562716d8f20;364;Réception (B.L. : 1800329059);1800329059;;FOURNISSEUR CENTRALE;;Pas de commande associée;O;06/03/2026 00:00;;06/03/2026 12:19;7.000
c6dd0c0e-c3e3-4d08-9fce-b159bce0ef08;356;Réception (B.L. : 1700229625);1700229625;;FOURNISSEUR CENTRALE;;Pas de commande associée;O;02/03/2026 00:00;;02/03/2026 12:24;0.000
c724cfe7-6bd9-44e8-88a9-d87f923bb37c;356;Réception (B.L. : 1700237803);1700237803;;FOURNISSEUR CENTRALE;;Pas de commande associée;O;09/04/2026 00:00;;10/04/2026 12:18;0.000
c77f4272-ca5a-4237-befc-b15a138f0a53;353;Réception (B.L. : 1700230631);1700230631;;FOURNISSEUR CENTRALE;;Pas de commande associée;O;06/03/2026 00:00;;06/03/2026 12:18;465.000
c7adbcac-14a6-4fa5-8dc5-c819260a2396;410;Réception (B.L. : 1800336752);1800336752;;FOURNISSEUR CENTRALE;;Pas de commande associée;O;06/04/2026 00:00;;06/04/2026 12:33;0.000
c848a1a7-8790-4448-a0c7-0bf3ac51b0eb;410;Réception (B.L. : 1100213751);1100213751;;FOURNISSEUR CENTRALE;;Pas de commande associée;O;25/03/2026 00:00;;25/03/2026 12:16;0.000
c85bca4f-4b77-4cac-bc75-65236c71a079;356;Réception (B.L. : 1800337945);1800337945;;FOURNISSEUR CENTRALE;;Pas de commande associée;O;10/04/2026 00:00;;10/04/2026 12:29;0.000
c86e5fde-1651-4cfe-9db3-30d93c69d8ac;413;Réception (B.L. : 1700237967);1700237967;;FOURNISSEUR CENTRALE;;Pas de commande associée;O;10/04/2026 00:00;;10/04/2026 12:19;228.000
c8855a42-8b6b-4c6b-8fa7-693dd8b2ae94;364;Réception (B.L. : 1200106669);1200106669;;FOURNISSEUR CENTRALE;;Pas de commande associée;O;18/03/2026 00:00;;18/03/2026 12:10;1.000
c8d026e9-fd65-4e1b-b3dc-5240c2ac2092;413;Réception (B.L. : 1700231002);1700231002;;FOURNISSEUR CENTRALE;;Pas de commande associée;O;06/03/2026 00:00;;06/03/2026 17:17;0.000
c8da452c-73b4-4fae-9e7f-f3dc3f96d9ee;413;Réception (B.L. : 1800335178);1800335178;;FOURNISSEUR CENTRALE;;Pas de commande associée;O;31/03/2026 00:00;;31/03/2026 12:32;0.000
c927bc19-4454-40f3-9c9c-12c86e3b45ce;410;Réception (B.L. : 1100215356);1100215356;;FOURNISSEUR CENTRALE;;Pas de commande associée;O;03/04/2026 00:00;;03/04/2026 12:16;0.000
c92e711f-ed98-41bc-802d-555239452b47;353;Réception (B.L. : 1800335582);1800335582;;FOURNISSEUR CENTRALE;;Pas de commande associée;O;01/04/2026 00:00;;01/04/2026 12:31;28.000
c94a7716-bb61-4cd5-b747-735bc93ca0e5;413;Réception (B.L. : 1700231500);1700231500;;FOURNISSEUR CENTRALE;;Pas de commande associée;O;10/03/2026 00:00;;10/03/2026 12:22;123.000
c969a7c4-fea2-4f53-9aa6-64c8bf3e8d43;410;Réception (B.L. : 1100213748);1100213748;;FOURNISSEUR CENTRALE;;Pas de commande associée;O;25/03/2026 00:00;;25/03/2026 12:13;0.000
c96c9623-0246-4987-8d5b-d3c077923c4e;356;Réception (B.L. : 1700235436);1700235436;;FOURNISSEUR CENTRALE;;Pas de commande associée;O;30/03/2026 00:00;;30/03/2026 12:22;0.000
c99835c0-235d-4384-8adf-4165a108765a;364;Réception (B.L. : 1100210674);1100210674;;FOURNISSEUR CENTRALE;;Pas de commande associée;O;06/03/2026 00:00;;06/03/2026 12:12;528.000
c9c301f7-e778-4418-84a6-a1db6cde0294;411;Réception (B.L. : 1800337325);1800337325;;FOURNISSEUR CENTRALE;;Pas de commande associée;O;08/04/2026 00:00;;08/04/2026 17:12;0.000
c9de8f01-1c6c-41f6-ae63-fc79639aae2a;364;Réception (B.L. : 1100216315);1100216315;;FOURNISSEUR CENTRALE;;Pas de commande associée;O;08/04/2026 00:00;;08/04/2026 12:14;8.000
c9e4b259-6627-4848-bc23-568698fff6ad;356;Réception (B.L. : 1800328432);1800328432;;FOURNISSEUR CENTRALE;;Pas de commande associée;O;04/03/2026 00:00;;04/03/2026 12:33;0.000
c9e7d568-6b70-4189-8fb7-ab62719e89b2;413;Réception (B.L. : 1100214394);1100214394;;FOURNISSEUR CENTRALE;;Pas de commande associée;O;27/03/2026 00:00;;27/03/2026 12:16;0.000
c9eb77cc-ec47-42a0-9afe-5af843491e6d;411;Réception (B.L. : 1700229959);1700229959;;FOURNISSEUR CENTRALE;;Pas de commande associée;O;03/03/2026 00:00;;03/03/2026 12:30;0.000
c9f200ba-da08-4a15-9d65-52dc616e66db;413;Réception (B.L. : 1700235746);1700235746;;FOURNISSEUR CENTRALE;;Pas de commande associée;O;31/03/2026 00:00;;31/03/2026 12:25;218.000
ca0cd7cb-bc34-4a5f-87e7-49241cf73d52;353;Réception (B.L. : 1100211774);1100211774;;FOURNISSEUR CENTRALE;;Pas de commande associée;O;13/03/2026 00:00;;13/03/2026 12:13;132.000
ca235bef-4bd7-46b3-9865-739887f74e5b;410;Réception (B.L. : 1100214229);1100214229;;FOURNISSEUR CENTRALE;;Pas de commande associée;O;27/03/2026 00:00;;27/03/2026 12:14;0.000
ca866012-5c28-4191-907d-6858c6e59f39;410;Réception (B.L. : 1100211703);1100211703;;FOURNISSEUR CENTRALE;;Pas de commande associée;O;12/03/2026 00:00;;12/03/2026 17:10;0.000
cab8b4c5-5fd2-48fc-a131-6fd1a2bb3ae1;364;Réception (B.L. : 1800329527);1800329527;;FOURNISSEUR CENTRALE;;Pas de commande associée;O;09/03/2026 00:00;;09/03/2026 12:15;187.500
cace9a14-2dcc-4226-b393-0daa9aef31e6;413;Réception (B.L. : 1100210695);1100210695;;FOURNISSEUR CENTRALE;;Pas de commande associée;O;06/03/2026 00:00;;06/03/2026 12:12;212.000
caee0b82-9175-48fe-b83f-7dedc5bcb268;411;Réception (B.L. : 1200105980);1200105980;;FOURNISSEUR CENTRALE;;Pas de commande associée;O;06/03/2026 00:00;;06/03/2026 17:11;0.000
cafe2744-c2e5-484e-aae2-5531f6d9625d;353;Réception (B.L. : 1800334912);1800334912;;FOURNISSEUR CENTRALE;;Pas de commande associée;O;29/03/2026 00:00;;30/03/2026 12:29;14.000
cb0f6804-04b3-4002-8d1b-3e44157d1a35;410;Réception (B.L. : 1200107447);1200107447;;FOURNISSEUR CENTRALE;;Pas de commande associée;O;28/03/2026 00:00;;28/03/2026 12:11;0.000
cb14c361-c6d7-418f-b7c4-bf2ae9b2fc89;411;Réception (B.L. : 1700237055);1700237055;;FOURNISSEUR CENTRALE;;Pas de commande associée;O;07/04/2026 00:00;;07/04/2026 12:14;0.000
cb5fa6b4-1771-4b2a-aaa6-a676b1a38737;410;Réception (B.L. : 1100215292);1100215292;;FOURNISSEUR CENTRALE;;Pas de commande associée;O;02/04/2026 00:00;;02/04/2026 17:11;0.000
cb75aaf9-dd0a-425d-a751-62a9a09dd82a;410;Réception (B.L. : 1800327813);1800327813;;FOURNISSEUR CENTRALE;;Pas de commande associée;O;02/03/2026 00:00;;02/03/2026 12:22;0.000
cbdad8f1-064e-4cdd-83a0-028fee7a2f20;410;Réception (B.L. : 1700234463);1700234463;;FOURNISSEUR CENTRALE;;Pas de commande associée;O;24/03/2026 00:00;;25/03/2026 12:22;0.000
cbe87680-5a66-408e-a651-6e6408dd5b54;356;Réception (B.L. : 1800330255);1800330255;;FOURNISSEUR CENTRALE;;Pas de commande associée;O;11/03/2026 00:00;;11/03/2026 12:32;0.000
cbf351a8-6db4-4193-8be2-9e2bfef20f2a;413;Réception (B.L. : 1700237964);1700237964;;FOURNISSEUR CENTRALE;;Pas de commande associée;O;10/04/2026 00:00;;10/04/2026 12:16;844.000
cbfa9b9e-1fd8-436e-ada6-a0c039158ecc;353;Réception (B.L. : 1100214537);1100214537;;FOURNISSEUR CENTRALE;;Pas de commande associée;O;30/03/2026 00:00;;30/03/2026 12:15;1468.000
cc040431-0044-4e65-945a-e3271339b7d1;364;Réception (B.L. : 1800337949);1800337949;;FOURNISSEUR CENTRALE;;Pas de commande associée;O;10/04/2026 00:00;;10/04/2026 12:18;4242.000
cc07c999-63a6-4b9b-ac00-581c414e952d;410;Réception (B.L. : 1700236339);1700236339;;FOURNISSEUR CENTRALE;;Pas de commande associée;O;03/04/2026 00:00;;03/04/2026 12:25;0.000
cc5687a9-5362-41a1-bc2b-5eeaa6831435;410;Réception (B.L. : 1700232593);1700232593;;FOURNISSEUR CENTRALE;;Pas de commande associée;O;16/03/2026 00:00;;16/03/2026 12:16;0.000
cc7568a6-e293-4345-b663-e6d28e3a87b3;356;Réception (B.L. : 1800333216);1800333216;;FOURNISSEUR CENTRALE;;Pas de commande associée;O;22/03/2026 00:00;;23/03/2026 12:33;0.000
ccb93528-9eb0-4d2c-a887-f1974f0d6f82;364;Réception (B.L. : 1800334924);1800334924;;FOURNISSEUR CENTRALE;;Pas de commande associée;O;29/03/2026 00:00;;30/03/2026 12:12;5989.000
ccbce621-8385-4f88-8805-7d7dcaebfa8b;364;Réception (B.L. : 1100215762);1100215762;;FOURNISSEUR CENTRALE;;Pas de commande associée;O;06/04/2026 00:00;;06/04/2026 12:11;372.000
cd1e2d1b-941b-42cd-ac41-7ecdaf05d991;411;Réception (B.L. : 1200108316);1200108316;;FOURNISSEUR CENTRALE;;Pas de commande associée;O;09/04/2026 00:00;;09/04/2026 17:13;0.000
cd206b47-7ff1-4a31-b511-8fcb5f24bbbe;411;Réception (B.L. : 1100211615);1100211615;;FOURNISSEUR CENTRALE;;Pas de commande associée;O;12/03/2026 00:00;;12/03/2026 12:10;0.000
cd21a7eb-ac61-4e8e-ae83-f161b13e7f76;353;Réception (B.L. : 1100213235);1100213235;;FOURNISSEUR CENTRALE;;Pas de commande associée;O;23/03/2026 00:00;;23/03/2026 12:15;12.000
cdca8e90-0a38-4559-99bc-ee652488c79e;353;Réception (B.L. : 1100212927);1100212927;;FOURNISSEUR CENTRALE;;Pas de commande associée;O;20/03/2026 00:00;;20/03/2026 12:11;720.000
ce142d40-10bc-440e-ab9f-ceba339535f7;353;Réception (B.L. : 1100210671);1100210671;;FOURNISSEUR CENTRALE;;Pas de commande associée;O;06/03/2026 00:00;;06/03/2026 12:13;2258.000
ce339867-c9e3-45d7-8779-35372c37a88b;411;Réception (B.L. : 1700232161);1700232161;;FOURNISSEUR CENTRALE;;Pas de commande associée;O;13/03/2026 00:00;;13/03/2026 12:20;0.000
ce6f04cf-3de8-443c-aeda-a69367abe6a6;364;Réception (B.L. : 1700230061);1700230061;;FOURNISSEUR CENTRALE;;Pas de commande associée;O;03/03/2026 00:00;;03/03/2026 17:06;15.000
ce72aa0b-8217-46c5-a739-0868fc1c03fd;410;Réception (B.L. : 1800334501);1800334501;;FOURNISSEUR CENTRALE;;Pas de commande associée;O;27/03/2026 00:00;;27/03/2026 17:11;0.000
ce94bedc-947f-4415-b869-c69c161cd7c4;356;Réception (B.L. : 1100216534);1100216534;;FOURNISSEUR CENTRALE;;Pas de commande associée;O;10/04/2026 00:00;;10/04/2026 12:15;0.000
cecab0f2-2d7d-4202-82cc-38af8f33fa2d;411;Réception (B.L. : 1100215379);1100215379;;FOURNISSEUR CENTRALE;;Pas de commande associée;O;03/04/2026 00:00;;03/04/2026 12:14;0.000
ced33fba-a90e-4220-8ca6-8539ba80ab1c;413;Réception (B.L. : 1700232828);1700232828;;FOURNISSEUR CENTRALE;;Pas de commande associée;O;17/03/2026 00:00;;17/03/2026 12:19;1510.000
ced6179d-ef90-4c26-beab-a568fd027ae7;364;Réception (B.L. : 1100215902);1100215902;;FOURNISSEUR CENTRALE;;Pas de commande associée;O;06/04/2026 00:00;;06/04/2026 12:14;3.000
cef5ce01-48e5-4d16-af81-5908b2554505;410;Réception (B.L. : 1700237788);1700237788;;FOURNISSEUR CENTRALE;;Pas de commande associée;O;09/04/2026 00:00;;10/04/2026 12:20;0.000
cf4f7823-09c4-470f-b091-063e5c688db1;356;Réception (B.L. : 1100215808);1100215808;;FOURNISSEUR CENTRALE;;Pas de commande associée;O;06/04/2026 00:00;;06/04/2026 12:14;0.000
cf5cab45-7ae0-4b08-9f82-28640b7e7d54;411;Réception (B.L. : 1700230897);1700230897;;FOURNISSEUR CENTRALE;;Pas de commande associée;O;06/03/2026 00:00;;06/03/2026 12:28;0.000
cf656ea7-d0c9-485d-b245-d102166aee86;413;Réception (B.L. : 1800336203);1800336203;;FOURNISSEUR CENTRALE;;Pas de commande associée;O;03/04/2026 00:00;;03/04/2026 12:29;270.700
cf7cf1a6-049e-45b6-8859-1e1d17555aeb;410;Réception (B.L. : 1800332141);1800332141;;FOURNISSEUR CENTRALE;;Pas de commande associée;O;18/03/2026 00:00;;18/03/2026 12:41;0.000
cf9b20f1-98f3-4ea9-a982-91b411db32af;356;Réception (B.L. : 1700235846);1700235846;;FOURNISSEUR CENTRALE;;Pas de commande associée;O;01/04/2026 00:00;;01/04/2026 12:18;0.000
cfa053a5-7c64-43b4-a6a7-7b716959b597;356;Réception (B.L. : 1200106663);1200106663;;FOURNISSEUR CENTRALE;;Pas de commande associée;O;18/03/2026 00:00;;18/03/2026 12:10;0.000
cfcba525-51dd-4b57-991a-292b469cc98f;364;Réception (B.L. : 1700233783);1700233783;;FOURNISSEUR CENTRALE;;Pas de commande associée;O;20/03/2026 00:00;;20/03/2026 12:15;302.000
cfdd5a3e-73a6-4979-9123-b1cde35491b0;364;Réception (B.L. : 1800330242);1800330242;;FOURNISSEUR CENTRALE;;Pas de commande associée;O;11/03/2026 00:00;;11/03/2026 12:14;415.000
cfeb2eaa-0376-4290-b770-31e6076294ec;353;Réception (B.L. : 1200107558);1200107558;;FOURNISSEUR CENTRALE;;Pas de commande associée;O;30/03/2026 00:00;;30/03/2026 12:12;100.000
cff53598-1b63-4c50-b173-97e3f778252d;410;Réception (B.L. : 1800328996);1800328996;;FOURNISSEUR CENTRALE;;Pas de commande associée;O;05/03/2026 00:00;;06/03/2026 12:38;0.000
cff549db-a743-4b11-800c-21fbceaa94cc;353;Réception (B.L. : 1700237755);1700237755;;FOURNISSEUR CENTRALE;;Pas de commande associée;O;09/04/2026 00:00;;10/04/2026 12:16;123.000
cff761da-7431-40ee-9dd3-b6ac9f6fd6e4;411;Réception (B.L. : 1800331447);1800331447;;FOURNISSEUR CENTRALE;;Pas de commande associée;O;16/03/2026 00:00;;16/03/2026 12:12;0.000
d000121d-03b5-4698-b9e0-4b7b0ca86591;410;Réception (B.L. : 1100211756);1100211756;;FOURNISSEUR CENTRALE;;Pas de commande associée;O;13/03/2026 00:00;;13/03/2026 12:11;0.000
d00bc961-8eeb-4920-a004-1c2c5c7286e3;411;Réception (B.L. : 1700237820);1700237820;;FOURNISSEUR CENTRALE;;Pas de commande associée;O;09/04/2026 00:00;;10/04/2026 12:18;0.000
d0273fc6-b2c2-4b95-a017-162b93630ec1;356;Réception (B.L. : 1100214874);1100214874;;FOURNISSEUR CENTRALE;;Pas de commande associée;O;01/04/2026 00:00;;01/04/2026 12:14;0.000
d02be522-5ac9-40e3-93fc-85f89d91369e;353;Réception (B.L. : 1100215034);1100215034;;FOURNISSEUR CENTRALE;;Pas de commande associée;O;01/04/2026 00:00;;01/04/2026 12:20;40.000
d02d249e-a659-44e8-b569-c79445234ae6;353;Réception (B.L. : 1700235366);1700235366;;FOURNISSEUR CENTRALE;;Pas de commande associée;O;30/03/2026 00:00;;30/03/2026 12:22;59.000
d03561d9-bed9-4c39-a994-9c0828183a48;410;Réception (B.L. : 1100211759);1100211759;;FOURNISSEUR CENTRALE;;Pas de commande associée;O;13/03/2026 00:00;;13/03/2026 12:14;0.000
d055cd8d-4e98-4340-9dff-70a54a0273f4;356;Réception (B.L. : 1100210326);1100210326;;FOURNISSEUR CENTRALE;;Pas de commande associée;O;04/03/2026 00:00;;04/03/2026 12:15;0.000
d07a4520-b301-46be-9c83-fea012f642d4;364;Réception (B.L. : 1100211201);1100211201;;FOURNISSEUR CENTRALE;;Pas de commande associée;O;10/03/2026 00:00;;10/03/2026 12:12;2752.000
d0b446f7-f41c-4cab-b4cc-2b79e716df5f;410;Réception (B.L. : 1100211369);1100211369;;FOURNISSEUR CENTRALE;;Pas de commande associée;O;11/03/2026 00:00;;11/03/2026 12:13;0.000
d0b6ae73-dbb4-40b2-854d-5f7533ac387f;413;Réception (B.L. : 1100211727);1100211727;;FOURNISSEUR CENTRALE;;Pas de commande associée;O;12/03/2026 00:00;;12/03/2026 17:10;24.000
d1043e5d-3b4b-4e62-9e69-2766bbbd06dc;353;Réception (B.L. : 1100215418);1100215418;;FOURNISSEUR CENTRALE;;Pas de commande associée;O;03/04/2026 00:00;;03/04/2026 12:12;1049.000
d13d5801-244b-4f64-8927-82cccac081f3;356;Réception (B.L. : 1100210710);1100210710;;FOURNISSEUR CENTRALE;;Pas de commande associée;O;06/03/2026 00:00;;06/03/2026 12:14;0.000
d14e2f2e-0569-4dcd-ad98-19cee890a1fd;356;Réception (B.L. : 1800333211);1800333211;;FOURNISSEUR CENTRALE;;Pas de commande associée;O;22/03/2026 00:00;;23/03/2026 12:28;0.000
d179294c-a5c7-4307-afd1-32c385d260bf;413;Réception (B.L. : 1100210144);1100210144;;FOURNISSEUR CENTRALE;;Pas de commande associée;O;03/03/2026 00:00;;03/03/2026 12:13;870.000
d17fb87f-a85f-4a30-8176-1a62b04a3a2c;356;Réception (B.L. : 1800332037);1800332037;;FOURNISSEUR CENTRALE;;Pas de commande associée;O;18/03/2026 00:00;;18/03/2026 12:28;0.000
d1cd0185-5171-4d60-9b00-f7ea54870302;413;Réception (B.L. : 1700230048);1700230048;;FOURNISSEUR CENTRALE;;Pas de commande associée;O;03/03/2026 00:00;;03/03/2026 17:04;608.000
d1cfe69c-5670-4dfc-a2ab-9d3d577141ff;356;Réception (B.L. : 1100211378);1100211378;;FOURNISSEUR CENTRALE;;Pas de commande associée;O;11/03/2026 00:00;;11/03/2026 12:11;0.000
d1df6eeb-297c-4c52-ab0b-d216be10ff36;410;Réception (B.L. : 1100210706);1100210706;;FOURNISSEUR CENTRALE;;Pas de commande associée;O;06/03/2026 00:00;;06/03/2026 12:18;0.000
d1f2eb52-7131-4a81-9322-a20f0178abd7;353;Réception (B.L. : 1800334955);1800334955;;FOURNISSEUR CENTRALE;;Pas de commande associée;O;30/03/2026 00:00;;30/03/2026 12:30;18.000
d23a17a8-642d-42d9-b36a-aaea2950cbbf;353;Réception (B.L. : 1700230629);1700230629;;FOURNISSEUR CENTRALE;;Pas de commande associée;O;06/03/2026 00:00;;06/03/2026 12:16;188.000
d280737a-5682-4e27-9cd0-f1d793241012;353;Réception (B.L. : 1100216538);1100216538;;FOURNISSEUR CENTRALE;;Pas de commande associée;O;10/04/2026 00:00;;10/04/2026 12:14;48.000
d2d99e6b-41c2-474a-b592-aea13763b6e0;353;Réception (B.L. : 1700233717);1700233717;;FOURNISSEUR CENTRALE;;Pas de commande associée;O;20/03/2026 00:00;;20/03/2026 12:17;455.000
d3420c4e-318b-43d2-b82c-42188ece9d21;411;Réception (B.L. : 1700233686);1700233686;;FOURNISSEUR CENTRALE;;Pas de commande associée;O;19/03/2026 00:00;;20/03/2026 12:25;0.000
d36b66ad-6189-46c2-9715-57a035202a1f;410;Réception (B.L. : 1800336729);1800336729;;FOURNISSEUR CENTRALE;;Pas de commande associée;O;06/04/2026 00:00;;06/04/2026 12:27;0.000
d39c9bec-d3cd-4549-8acc-21bbee65484c;411;Réception (B.L. : 1100216125);1100216125;;FOURNISSEUR CENTRALE;;Pas de commande associée;O;08/04/2026 00:00;;08/04/2026 12:13;0.000
d3eb8f55-e414-48b5-9c77-9b5423ef69fe;410;Réception (B.L. : 1700233679);1700233679;;FOURNISSEUR CENTRALE;;Pas de commande associée;O;19/03/2026 00:00;;20/03/2026 12:24;0.000
d3f5ec78-8a7d-4428-9395-18cfa12fb71c;356;Réception (B.L. : 1800336213);1800336213;;FOURNISSEUR CENTRALE;;Pas de commande associée;O;03/04/2026 00:00;;03/04/2026 12:22;0.000
d3ff6258-2fad-440e-9df0-9a76faf90536;413;Réception (B.L. : 1100211191);1100211191;;FOURNISSEUR CENTRALE;;Pas de commande associée;O;09/03/2026 00:00;;09/03/2026 17:10;60.000
d4aa0986-4471-43e4-a69c-af9e9fc5cc39;364;Réception (B.L. : 1700230056);1700230056;;FOURNISSEUR CENTRALE;;Pas de commande associée;O;03/03/2026 00:00;;03/03/2026 17:05;2553.000
d4bff2f2-0593-46ea-8037-04cfdf6c15da;411;Réception (B.L. : 1700236393);1700236393;;FOURNISSEUR CENTRALE;;Pas de commande associée;O;03/04/2026 00:00;;03/04/2026 12:23;0.000
d4c7062a-8d76-46e4-a5d7-a6b357b8de0d;410;Réception (B.L. : 1700236782);1700236782;;FOURNISSEUR CENTRALE;;Pas de commande associée;O;05/04/2026 00:00;;06/04/2026 12:25;0.000
d4cf1efb-8ca2-49c5-9ef5-460290e54ffd;353;Réception (B.L. : 1700237341);1700237341;;FOURNISSEUR CENTRALE;;Pas de commande associée;O;08/04/2026 00:00;;08/04/2026 12:23;7.000
d4d24533-a94e-40ea-9f3f-27946a0ed121;413;Réception (B.L. : 1700237006);1700237006;;FOURNISSEUR CENTRALE;;Pas de commande associée;O;07/04/2026 00:00;;07/04/2026 12:15;12.000
d4d2b9be-49cf-4745-8a63-2b8c51605219;356;Réception (B.L. : 1100213196);1100213196;;FOURNISSEUR CENTRALE;;Pas de commande associée;O;23/03/2026 00:00;;23/03/2026 12:17;0.000
d4dec5b7-ff15-42a9-89c6-401ae4fa7942;413;Réception (B.L. : 1700235741);1700235741;;FOURNISSEUR CENTRALE;;Pas de commande associée;O;31/03/2026 00:00;;31/03/2026 12:20;368.000
d53233ae-1a5e-4207-ad14-e34c86fb1851;356;Réception (B.L. : 1100211778);1100211778;;FOURNISSEUR CENTRALE;;Pas de commande associée;O;13/03/2026 00:00;;13/03/2026 12:14;0.000
d5455420-d7d6-4e75-a219-9b25da6e8d6e;356;Réception (B.L. : 1100216183);1100216183;;FOURNISSEUR CENTRALE;;Pas de commande associée;O;08/04/2026 00:00;;08/04/2026 12:11;0.000
d57fd475-af74-4e4b-a1cc-49330718a3e3;410;Réception (B.L. : 1700229683);1700229683;;FOURNISSEUR CENTRALE;;Pas de commande associée;O;02/03/2026 00:00;;02/03/2026 12:18;0.000
d59d4d99-5eb7-4686-a3ad-1ea40c529af0;411;Réception (B.L. : 1700237312);1700237312;;FOURNISSEUR CENTRALE;;Pas de commande associée;O;08/04/2026 00:00;;08/04/2026 12:25;0.000
d5cdd0a2-8151-4e76-98f1-fbb2839db758;410;Réception (B.L. : 1800330810);1800330810;;FOURNISSEUR CENTRALE;;Pas de commande associée;O;13/03/2026 00:00;;13/03/2026 12:29;0.000
d5f773f9-47c9-4665-974f-cc0b83de465d;356;Réception (B.L. : 1700235849);1700235849;;FOURNISSEUR CENTRALE;;Pas de commande associée;O;01/04/2026 00:00;;01/04/2026 12:21;0.000
d60be8f2-08a4-4b9a-bdf8-0ee6d60742b6;353;Réception (B.L. : 1800333203);1800333203;;FOURNISSEUR CENTRALE;;Pas de commande associée;O;22/03/2026 00:00;;23/03/2026 12:28;234.000
d6218f25-9425-4496-b864-67422b0aab77;411;Réception (B.L. : 1800336194);1800336194;;FOURNISSEUR CENTRALE;;Pas de commande associée;O;03/04/2026 00:00;;03/04/2026 12:34;0.000
d62c09a0-6256-4c0e-ab62-8f0e2b50fb65;353;Réception (B.L. : 1800330198);1800330198;;FOURNISSEUR CENTRALE;;Pas de commande associée;O;11/03/2026 00:00;;11/03/2026 12:26;861.200
d63d691a-377e-4744-9a7a-6438b9346635;356;Réception (B.L. : 1100215843);1100215843;;FOURNISSEUR CENTRALE;;Pas de commande associée;O;06/04/2026 00:00;;06/04/2026 12:16;0.000
d640af2f-b0a3-4118-af8e-c068cbd5809e;353;Réception (B.L. : 1700233720);1700233720;;FOURNISSEUR CENTRALE;;Pas de commande associée;O;20/03/2026 00:00;;20/03/2026 12:20;12.000
d6e24f4c-2aad-448e-b8a8-1468874b7320;410;Réception (B.L. : 1100213753);1100213753;;FOURNISSEUR CENTRALE;;Pas de commande associée;O;25/03/2026 00:00;;25/03/2026 12:18;0.000
d7045f1e-10c0-4c76-836d-2ce92e202524;353;Réception (B.L. : 1800334404);1800334404;;FOURNISSEUR CENTRALE;;Pas de commande associée;O;27/03/2026 00:00;;27/03/2026 12:21;264.000
d705563e-e5e8-41c6-9281-f3ab8a24424f;364;Réception (B.L. : 1800327809);1800327809;;FOURNISSEUR CENTRALE;;Pas de commande associée;O;02/03/2026 00:00;;02/03/2026 12:13;309.000
d706222a-ed82-429d-8c74-f88928f478cc;353;Réception (B.L. : 1700236377);1700236377;;FOURNISSEUR CENTRALE;;Pas de commande associée;O;03/04/2026 00:00;;03/04/2026 12:15;175.000
d78cc747-b2db-4554-84d9-3448ea5fe3b8;353;Réception (B.L. : 1800334407);1800334407;;FOURNISSEUR CENTRALE;;Pas de commande associée;O;27/03/2026 00:00;;27/03/2026 12:24;72.000
d799e074-0606-4ba0-b67d-a561654df100;413;Réception (B.L. : 1700235101);1700235101;;FOURNISSEUR CENTRALE;;Pas de commande associée;O;27/03/2026 00:00;;27/03/2026 12:24;0.000
d7aff2ca-7da6-4448-9865-f76beff77b42;411;Réception (B.L. : 1700237307);1700237307;;FOURNISSEUR CENTRALE;;Pas de commande associée;O;08/04/2026 00:00;;08/04/2026 12:20;0.000
d7de57ce-02c4-4d82-887a-696bea69faa4;410;Réception (B.L. : 1100211757);1100211757;;FOURNISSEUR CENTRALE;;Pas de commande associée;O;13/03/2026 00:00;;13/03/2026 12:12;0.000
d7e7e99b-fda4-47cc-bb71-91980c9cb573;410;Réception (B.L. : 1100215351);1100215351;;FOURNISSEUR CENTRALE;;Pas de commande associée;O;03/04/2026 00:00;;03/04/2026 12:11;0.000
d7f1da7e-f2b2-4393-9cdd-4b0ad5fe42e9;353;Réception (B.L. : 1700232983);1700232983;;FOURNISSEUR CENTRALE;;Pas de commande associée;O;17/03/2026 00:00;;18/03/2026 12:19;42.000
d813737d-11d5-43cd-bff8-f72b01e8f494;411;Réception (B.L. : 1700231544);1700231544;;FOURNISSEUR CENTRALE;;Pas de commande associée;O;10/03/2026 00:00;;10/03/2026 12:24;0.000
d88d968b-c45d-4331-bc51-da2680780ca1;411;Réception (B.L. : 1800334935);1800334935;;FOURNISSEUR CENTRALE;;Pas de commande associée;O;29/03/2026 00:00;;30/03/2026 12:13;0.000
d89485c8-3d79-4adb-99ab-4e365d705273;356;Réception (B.L. : 1700235113);1700235113;;FOURNISSEUR CENTRALE;;Pas de commande associée;O;27/03/2026 00:00;;27/03/2026 12:22;0.000
d8ac2663-f619-490b-9dc1-107c97987816;356;Réception (B.L. : 1100213193);1100213193;;FOURNISSEUR CENTRALE;;Pas de commande associée;O;23/03/2026 00:00;;23/03/2026 12:14;0.000
d8c9c537-e80c-44ba-87c3-e91bb9fdd351;410;Réception (B.L. : 1100214881);1100214881;;FOURNISSEUR CENTRALE;;Pas de commande associée;O;01/04/2026 00:00;;01/04/2026 12:16;0.000
d8d934d8-4ab5-4ba8-a167-da94bc0ba187;353;Réception (B.L. : 1800331404);1800331404;;FOURNISSEUR CENTRALE;;Pas de commande associée;O;16/03/2026 00:00;;16/03/2026 12:22;600.000
d913fc69-c980-4866-a6ee-2eebfeb877ef;413;Réception (B.L. : 1100214728);1100214728;;FOURNISSEUR CENTRALE;;Pas de commande associée;O;30/03/2026 00:00;;30/03/2026 17:12;36.000
d91ccda7-6d0b-4efb-a996-0022b34c8ca0;353;Réception (B.L. : 1800333870);1800333870;;FOURNISSEUR CENTRALE;;Pas de commande associée;O;25/03/2026 00:00;;25/03/2026 17:11;29.000
d9396d93-2748-42e3-be9d-c7b1b083e45c;411;Réception (B.L. : 1100211827);1100211827;;FOURNISSEUR CENTRALE;;Pas de commande associée;O;13/03/2026 00:00;;13/03/2026 12:14;0.000
d95205ea-e74c-4958-85dc-7acc5827e665;356;Réception (B.L. : 1100212402);1100212402;;FOURNISSEUR CENTRALE;;Pas de commande associée;O;18/03/2026 00:00;;18/03/2026 12:12;0.000
d987002d-7a02-4947-8fea-3690ec2dd6b9;413;Réception (B.L. : 1100211938);1100211938;;FOURNISSEUR CENTRALE;;Pas de commande associée;O;13/03/2026 00:00;;13/03/2026 12:14;0.000
d9fef10c-ebcf-4194-a074-569fa2836df7;353;Réception (B.L. : 1800337235);1800337235;;FOURNISSEUR CENTRALE;;Pas de commande associée;O;08/04/2026 00:00;;08/04/2026 12:25;1422.000
da0dcc2b-3e79-443e-8a9d-e1d330e73611;353;Réception (B.L. : 1700237256);1700237256;;FOURNISSEUR CENTRALE;;Pas de commande associée;O;07/04/2026 00:00;;08/04/2026 12:22;16.000
da2b4796-11c2-480a-862e-875912a113b5;411;Réception (B.L. : 1800337974);1800337974;;FOURNISSEUR CENTRALE;;Pas de commande associée;O;10/04/2026 00:00;;10/04/2026 12:25;0.000
da546b13-bbda-4dd3-9ad9-638973cf6789;356;Réception (B.L. : 1100214291);1100214291;;FOURNISSEUR CENTRALE;;Pas de commande associée;O;27/03/2026 00:00;;27/03/2026 12:11;0.000
da5bb7cb-9d01-452f-9704-bcf0c113dc02;411;Réception (B.L. : 1700229958);1700229958;;FOURNISSEUR CENTRALE;;Pas de commande associée;O;03/03/2026 00:00;;03/03/2026 12:29;0.000
da6813e8-0d99-4110-a835-d83c1fcb294d;410;Réception (B.L. : 1800337323);1800337323;;FOURNISSEUR CENTRALE;;Pas de commande associée;O;08/04/2026 00:00;;08/04/2026 17:11;0.000
da6f7f3e-896a-4bec-a3fb-16b0ac5db02d;413;Réception (B.L. : 1700231915);1700231915;;FOURNISSEUR CENTRALE;;Pas de commande associée;O;11/03/2026 00:00;;11/03/2026 12:12;20.000
da7f49a2-f1d5-41b3-b3c6-8a85e794c9ba;356;Réception (B.L. : 1100214205);1100214205;;FOURNISSEUR CENTRALE;;Pas de commande associée;O;26/03/2026 00:00;;26/03/2026 17:13;0.000
daa0a75e-2b56-4049-9f1a-e6562cc5830e;356;Réception (B.L. : 1800335539);1800335539;;FOURNISSEUR CENTRALE;;Pas de commande associée;O;01/04/2026 00:00;;01/04/2026 12:34;0.000
daa4bbd0-7a9d-429b-ac1d-3a8def8ece42;353;Réception (B.L. : 1700231680);1700231680;;FOURNISSEUR CENTRALE;;Pas de commande associée;O;11/03/2026 00:00;;11/03/2026 12:17;234.000
dac89050-20d3-4e34-b695-2fb10e2aadc3;411;Réception (B.L. : 1700234994);1700234994;;FOURNISSEUR CENTRALE;;Pas de commande associée;O;27/03/2026 00:00;;27/03/2026 12:21;0.000
dac8bd57-0fa3-4e36-a9fc-127545c2a396;411;Réception (B.L. : 1200107232);1200107232;;FOURNISSEUR CENTRALE;;Pas de commande associée;O;26/03/2026 00:00;;26/03/2026 12:12;0.000
daee633d-fe7d-49dc-8693-1a4aab974e7f;353;Réception (B.L. : 1800327790);1800327790;;FOURNISSEUR CENTRALE;;Pas de commande associée;O;02/03/2026 00:00;;02/03/2026 12:10;387.600
daf4ee45-3de7-44ba-8693-6960157122de;356;Réception (B.L. : 1800331466);1800331466;;FOURNISSEUR CENTRALE;;Pas de commande associée;O;16/03/2026 00:00;;16/03/2026 12:27;0.000
dafff9a0-7e38-4e59-bc9c-2eab604fbb01;410;Réception (B.L. : 1100214556);1100214556;;FOURNISSEUR CENTRALE;;Pas de commande associée;O;30/03/2026 00:00;;30/03/2026 12:24;0.000
db0a1089-2f1f-429e-8772-9f4e40202163;356;Réception (B.L. : 1100213130);1100213130;;FOURNISSEUR CENTRALE;;Pas de commande associée;O;21/03/2026 00:00;;21/03/2026 12:11;0.000
db1e4894-20f4-4113-a340-100f431692ad;364;Réception (B.L. : 1100211754);1100211754;;FOURNISSEUR CENTRALE;;Pas de commande associée;O;13/03/2026 00:00;;13/03/2026 12:11;726.000
db292920-0c6b-4f96-b399-9586f869f44f;353;Réception (B.L. : 1700235368);1700235368;;FOURNISSEUR CENTRALE;;Pas de commande associée;O;30/03/2026 00:00;;30/03/2026 12:24;358.000
db3a7843-5121-4b5d-9275-2d3b69eb462e;364;Réception (B.L. : 1700231512);1700231512;;FOURNISSEUR CENTRALE;;Pas de commande associée;O;10/03/2026 00:00;;10/03/2026 12:21;413.000
db5a7c62-f1ed-4de3-94f5-3a76e4882988;353;Réception (B.L. : 1700231088);1700231088;;FOURNISSEUR CENTRALE;;Pas de commande associée;O;09/03/2026 00:00;;09/03/2026 12:14;656.000
db68fb02-e668-4135-8821-34178783502d;413;Réception (B.L. : 1700235048);1700235048;;FOURNISSEUR CENTRALE;;Pas de commande associée;O;27/03/2026 00:00;;27/03/2026 12:18;48.000
db73a444-f807-450e-926f-3585096b818a;356;Réception (B.L. : 1700232726);1700232726;;FOURNISSEUR CENTRALE;;Pas de commande associée;O;16/03/2026 00:00;;16/03/2026 12:16;0.000
dbdb4e35-a934-4475-91cc-28e57e56742d;413;Réception (B.L. : 1100214782);1100214782;;FOURNISSEUR CENTRALE;;Pas de commande associée;O;31/03/2026 00:00;;31/03/2026 12:16;4.000
dc034452-fda8-4859-800a-9dcca2a1c83e;413;Réception (B.L. : 1700236544);1700236544;;FOURNISSEUR CENTRALE;;Pas de commande associée;O;03/04/2026 00:00;;03/04/2026 12:26;24.000
dc50f486-6cf7-4ec0-8f48-f1ff8752ca72;356;Réception (B.L. : 1700231181);1700231181;;FOURNISSEUR CENTRALE;;Pas de commande associée;O;09/03/2026 00:00;;09/03/2026 12:22;0.000
dc60591f-a8eb-48f6-b15b-6a2243cc8151;413;Réception (B.L. : 1800329779);1800329779;;FOURNISSEUR CENTRALE;;Pas de commande associée;O;10/03/2026 00:00;;10/03/2026 12:31;10.000
dc7935c3-d549-4aea-a5b4-7b727a174d3c;410;Réception (B.L. : 1700234017);1700234017;;FOURNISSEUR CENTRALE;;Pas de commande associée;O;23/03/2026 00:00;;23/03/2026 12:12;0.000
dcbc8cc0-5cdc-44cf-b228-f21ae5deb19e;356;Réception (B.L. : 1100212938);1100212938;;FOURNISSEUR CENTRALE;;Pas de commande associée;O;20/03/2026 00:00;;20/03/2026 12:12;0.000
dcd571ab-60b4-4695-b675-cc2fcc24ee35;410;Réception (B.L. : 1100212414);1100212414;;FOURNISSEUR CENTRALE;;Pas de commande associée;O;18/03/2026 00:00;;18/03/2026 12:12;0.000
dd082844-655d-438e-83c9-677bb45ccd82;356;Réception (B.L. : 1100215361);1100215361;;FOURNISSEUR CENTRALE;;Pas de commande associée;O;03/04/2026 00:00;;03/04/2026 12:11;0.000
dd120768-a3fa-49c7-bc7f-96085353d48c;410;Réception (B.L. : 1700230739);1700230739;;FOURNISSEUR CENTRALE;;Pas de commande associée;O;06/03/2026 00:00;;06/03/2026 12:27;0.000
dd1c2996-fbb2-4214-a613-ec54fed5b78e;356;Réception (B.L. : 1700233503);1700233503;;FOURNISSEUR CENTRALE;;Pas de commande associée;O;19/03/2026 00:00;;19/03/2026 17:12;0.000
dd1eda2b-cd4f-401f-97c0-bc7a11c69a1c;356;Réception (B.L. : 1800331461);1800331461;;FOURNISSEUR CENTRALE;;Pas de commande associée;O;16/03/2026 00:00;;16/03/2026 12:26;0.000
dd20f31a-edee-4b42-bd97-ace13274fffa;410;Réception (B.L. : 1800335562);1800335562;;FOURNISSEUR CENTRALE;;Pas de commande associée;O;01/04/2026 00:00;;01/04/2026 12:39;0.000
dd22c189-c12c-4d48-a682-9f0fdd6522eb;356;Réception (B.L. : 1700235855);1700235855;;FOURNISSEUR CENTRALE;;Pas de commande associée;O;01/04/2026 00:00;;01/04/2026 12:27;0.000
dd4aa3b5-697a-4c89-9eea-75969d5a311f;356;Réception (B.L. : 1100210321);1100210321;;FOURNISSEUR CENTRALE;;Pas de commande associée;O;04/03/2026 00:00;;04/03/2026 12:10;0.000
dd6cde5b-b44b-4be6-a0dd-7e5f3457523e;410;Réception (B.L. : 1100215823);1100215823;;FOURNISSEUR CENTRALE;;Pas de commande associée;O;06/04/2026 00:00;;06/04/2026 12:19;0.000
dd8dce56-dc53-41fd-a999-ba7cc9f843d8;411;Réception (B.L. : 1700232790);1700232790;;FOURNISSEUR CENTRALE;;Pas de commande associée;O;16/03/2026 00:00;;17/03/2026 12:26;0.000
dd985b61-3985-40fb-82cf-5dda1a5b79ea;413;Réception (B.L. : 1200106159);1200106159;;FOURNISSEUR CENTRALE;;Pas de commande associée;O;11/03/2026 00:00;;11/03/2026 12:10;226.000
ddc03b7f-9969-457a-85d5-65d50a11d52a;353;Réception (B.L. : 1800336757);1800336757;;FOURNISSEUR CENTRALE;;Pas de commande associée;O;06/04/2026 00:00;;06/04/2026 12:30;105.000
ddc561c4-4243-45fe-9991-4154aea202ed;410;Réception (B.L. : 1100215744);1100215744;;FOURNISSEUR CENTRALE;;Pas de commande associée;O;06/04/2026 00:00;;06/04/2026 12:11;0.000
dde7cc6b-9a61-400d-9b19-49b89203e8f8;356;Réception (B.L. : 1100213190);1100213190;;FOURNISSEUR CENTRALE;;Pas de commande associée;O;23/03/2026 00:00;;23/03/2026 12:11;0.000
de271431-77cc-44aa-a5dc-aeb716318c5e;356;Réception (B.L. : 1200105855);1200105855;;FOURNISSEUR CENTRALE;;Pas de commande associée;O;05/03/2026 00:00;;05/03/2026 17:11;0.000
de2e6ad1-4319-4ae7-8561-91e43716f50a;411;Réception (B.L. : 1700230901);1700230901;;FOURNISSEUR CENTRALE;;Pas de commande associée;O;06/03/2026 00:00;;06/03/2026 12:32;0.000
de3c895a-d95c-44cc-9fbb-8f73c1256c14;364;Réception (B.L. : 1700237772);1700237772;;FOURNISSEUR CENTRALE;;Pas de commande associée;O;09/04/2026 00:00;;10/04/2026 12:12;1030.000
de5c6fbe-9d6d-496a-837b-0c6746326e2e;410;Réception (B.L. : 1100210705);1100210705;;FOURNISSEUR CENTRALE;;Pas de commande associée;O;06/03/2026 00:00;;06/03/2026 12:17;0.000
de7f8f10-530c-4d32-b8c1-f0e2db24e110;356;Réception (B.L. : 1100212076);1100212076;;FOURNISSEUR CENTRALE;;Pas de commande associée;O;16/03/2026 00:00;;16/03/2026 12:13;0.000
de9012cb-d567-4d76-98a0-46ee58af245d;356;Réception (B.L. : 1200105526);1200105526;;FOURNISSEUR CENTRALE;;Pas de commande associée;O;02/03/2026 00:00;;02/03/2026 12:12;0.000
ded8c81a-3615-4a9f-a6d5-84e1eefab88d;411;Réception (B.L. : 1800332142);1800332142;;FOURNISSEUR CENTRALE;;Pas de commande associée;O;18/03/2026 00:00;;18/03/2026 12:16;0.000
df08916f-2b4b-4431-9041-8e81d8475d41;356;Réception (B.L. : 1100211725);1100211725;;FOURNISSEUR CENTRALE;;Pas de commande associée;O;12/03/2026 00:00;;12/03/2026 17:10;0.000
df105dfa-8005-4990-aec6-93dce7268493;364;Réception (B.L. : 1800332047);1800332047;;FOURNISSEUR CENTRALE;;Pas de commande associée;O;18/03/2026 00:00;;18/03/2026 12:11;4016.000
df13836e-2df8-4e05-848e-e722939ac584;411;Réception (B.L. : 1800336837);1800336837;;FOURNISSEUR CENTRALE;;Pas de commande associée;O;06/04/2026 00:00;;06/04/2026 12:20;0.000
df1d6c2b-cdcd-4c47-8269-e71f7853383a;356;Réception (B.L. : 1100213744);1100213744;;FOURNISSEUR CENTRALE;;Pas de commande associée;O;25/03/2026 00:00;;25/03/2026 12:13;0.000
dfdb59cf-4b6f-4e90-94d0-b51098b591be;411;Réception (B.L. : 1800336195);1800336195;;FOURNISSEUR CENTRALE;;Pas de commande associée;O;03/04/2026 00:00;;03/04/2026 12:35;0.000
dfde6271-349b-4a90-855c-d16a366ccacf;353;Réception (B.L. : 1800333759);1800333759;;FOURNISSEUR CENTRALE;;Pas de commande associée;O;24/03/2026 00:00;;25/03/2026 12:28;160.000
dfe36d9d-b276-4976-b949-f252b460d01f;410;Réception (B.L. : 1800332794);1800332794;;FOURNISSEUR CENTRALE;;Pas de commande associée;O;20/03/2026 00:00;;20/03/2026 12:30;0.000
dff04fce-81b9-4e76-9092-965e6668c904;413;Réception (B.L. : 1700232399);1700232399;;FOURNISSEUR CENTRALE;;Pas de commande associée;O;13/03/2026 00:00;;13/03/2026 17:01;0.000
e02377ad-ce3b-469d-8410-3ab312980b51;410;Réception (B.L. : 1800328410);1800328410;;FOURNISSEUR CENTRALE;;Pas de commande associée;O;04/03/2026 00:00;;04/03/2026 12:34;0.000
e0c0977a-b470-4823-94b4-605524d8efd7;356;Réception (B.L. : 1800327798);1800327798;;FOURNISSEUR CENTRALE;;Pas de commande associée;O;02/03/2026 00:00;;02/03/2026 12:32;0.000
e0f84941-ebf9-4ac1-aaaf-5358cadcc4cb;411;Réception (B.L. : 1100214765);1100214765;;FOURNISSEUR CENTRALE;;Pas de commande associée;O;31/03/2026 00:00;;31/03/2026 12:17;0.000
e158687d-2466-4866-9f6a-3e71185cd1f0;356;Réception (B.L. : 1700232752);1700232752;;FOURNISSEUR CENTRALE;;Pas de commande associée;O;16/03/2026 00:00;;16/03/2026 12:21;0.000
e15b1da2-8932-4485-909d-f65306dec9e4;411;Réception (B.L. : 1700233622);1700233622;;FOURNISSEUR CENTRALE;;Pas de commande associée;O;19/03/2026 00:00;;19/03/2026 23:35;0.000
e15eda87-64ca-45f7-9699-5ce385c603d0;413;Réception (B.L. : 1800328417);1800328417;;FOURNISSEUR CENTRALE;;Pas de commande associée;O;04/03/2026 00:00;;04/03/2026 12:10;375.168
e16e6b56-67bc-478b-b955-406ebdfccfac;410;Réception (B.L. : 1100215745);1100215745;;FOURNISSEUR CENTRALE;;Pas de commande associée;O;06/04/2026 00:00;;06/04/2026 12:12;0.000
e16f51eb-408b-472e-ae2b-94c5027ba249;356;Réception (B.L. : 1700231104);1700231104;;FOURNISSEUR CENTRALE;;Pas de commande associée;O;09/03/2026 00:00;;09/03/2026 12:18;0.000
e18654f2-38fa-481e-8563-8f8d311a900a;353;Réception (B.L. : 1800327863);1800327863;;FOURNISSEUR CENTRALE;;Pas de commande associée;O;02/03/2026 00:00;;02/03/2026 17:12;11.000
e1867eb4-a35d-4128-9275-caffc5e87463;356;Réception (B.L. : 1100214334);1100214334;;FOURNISSEUR CENTRALE;;Pas de commande associée;O;27/03/2026 00:00;;27/03/2026 12:14;0.000
e18cd017-3340-454f-9603-a36d3f58a0fb;356;Réception (B.L. : 1100215366);1100215366;;FOURNISSEUR CENTRALE;;Pas de commande associée;O;03/04/2026 00:00;;03/04/2026 12:16;0.000
e18d21d7-91ad-436a-b475-a7b1a2dc8bce;356;Réception (B.L. : 1800329027);1800329027;;FOURNISSEUR CENTRALE;;Pas de commande associée;O;06/03/2026 00:00;;06/03/2026 12:25;0.000
e1b9e2e4-6017-4d24-bce2-926529204b19;356;Réception (B.L. : 1800332092);1800332092;;FOURNISSEUR CENTRALE;;Pas de commande associée;O;18/03/2026 00:00;;18/03/2026 12:32;0.000
e1c15453-9a77-49cd-9385-de180f104fd8;410;Réception (B.L. : 1100216116);1100216116;;FOURNISSEUR CENTRALE;;Pas de commande associée;O;08/04/2026 00:00;;08/04/2026 12:11;0.000
e1d61cdf-e3b7-40a0-8b02-dbaf452101df;364;Réception (B.L. : 1800335588);1800335588;;FOURNISSEUR CENTRALE;;Pas de commande associée;O;01/04/2026 00:00;;01/04/2026 12:13;38.000
e1dd6281-91c1-43e8-9c93-684d2ff588c3;411;Réception (B.L. : 1700232787);1700232787;;FOURNISSEUR CENTRALE;;Pas de commande associée;O;16/03/2026 00:00;;17/03/2026 12:23;0.000
e1f36465-c664-46d3-b320-a91a8698d40b;356;Réception (B.L. : 1700230918);1700230918;;FOURNISSEUR CENTRALE;;Pas de commande associée;O;06/03/2026 00:00;;06/03/2026 12:18;0.000
e258c365-45ba-475f-a70d-7b841907745a;356;Réception (B.L. : 1100214525);1100214525;;FOURNISSEUR CENTRALE;;Pas de commande associée;O;30/03/2026 00:00;;30/03/2026 12:12;0.000
e26fa0c2-2052-492e-a67f-36fd37fee3ab;364;Réception (B.L. : 1100210220);1100210220;;FOURNISSEUR CENTRALE;;Pas de commande associée;O;03/03/2026 00:00;;03/03/2026 12:04;5.000
e282bc70-9a2f-4ed8-a62f-e2677ec3deb6;364;Réception (B.L. : 1200107626);1200107626;;FOURNISSEUR CENTRALE;;Pas de commande associée;O;31/03/2026 00:00;;31/03/2026 12:12;160.000
e287a07c-33da-47cc-b949-5010dfdb1a1e;410;Réception (B.L. : 1100216438);1100216438;;FOURNISSEUR CENTRALE;;Pas de commande associée;O;09/04/2026 00:00;;09/04/2026 17:11;0.000
e2a1d900-3996-4861-878f-138d6d20786d;353;Réception (B.L. : 1700235922);1700235922;;FOURNISSEUR CENTRALE;;Pas de commande associée;O;01/04/2026 00:00;;01/04/2026 12:27;6.000
e2c0d0bf-9fba-4025-92d6-ab8a757e3fa7;356;Réception (B.L. : 1100212038);1100212038;;FOURNISSEUR CENTRALE;;Pas de commande associée;O;14/03/2026 00:00;;14/03/2026 12:13;0.000
e2c868f8-32a9-46cb-af34-ae855966661e;364;Réception (B.L. : 1800330864);1800330864;;FOURNISSEUR CENTRALE;;Pas de commande associée;O;13/03/2026 00:00;;13/03/2026 12:26;2.000
e2df4bf9-bdd0-46e0-975e-445f309c90e7;356;Réception (B.L. : 1700231714);1700231714;;FOURNISSEUR CENTRALE;;Pas de commande associée;O;11/03/2026 00:00;;11/03/2026 12:21;0.000
e2e4cf66-c0dd-4bc1-98eb-c99e83bc5493;353;Réception (B.L. : 1700230129);1700230129;;FOURNISSEUR CENTRALE;;Pas de commande associée;O;04/03/2026 00:00;;04/03/2026 12:22;6.000
e2ebeeb5-27ab-4c79-855e-3b7782457cb2;410;Réception (B.L. : 1100213184);1100213184;;FOURNISSEUR CENTRALE;;Pas de commande associée;O;23/03/2026 00:00;;22/03/2026 23:21;0.000
e3425075-c11b-4b7d-ac69-62de5706c8ea;356;Réception (B.L. : 1700230197);1700230197;;FOURNISSEUR CENTRALE;;Pas de commande associée;O;04/03/2026 00:00;;04/03/2026 12:25;0.000
e34a0c91-a11e-44e4-9335-f1677d6ad8ed;353;Réception (B.L. : 1700235844);1700235844;;FOURNISSEUR CENTRALE;;Pas de commande associée;O;01/04/2026 00:00;;01/04/2026 12:26;24.000
e3567f01-1ac7-4144-9488-231f26ea9b38;353;Réception (B.L. : 1700236785);1700236785;;FOURNISSEUR CENTRALE;;Pas de commande associée;O;06/04/2026 00:00;;06/04/2026 12:21;624.000
e35e6740-ee13-48a4-bc51-51268f56c187;413;Réception (B.L. : 1100214815);1100214815;;FOURNISSEUR CENTRALE;;Pas de commande associée;O;31/03/2026 00:00;;31/03/2026 12:19;0.000
e38f2e27-411a-48cf-8702-aaf08d6fc4c8;353;Réception (B.L. : 1800332091);1800332091;;FOURNISSEUR CENTRALE;;Pas de commande associée;O;18/03/2026 00:00;;18/03/2026 12:26;116.000
e39a2768-cc50-4462-8f0d-e1db95cc47e5;410;Réception (B.L. : 1100210035);1100210035;;FOURNISSEUR CENTRALE;;Pas de commande associée;O;02/03/2026 00:00;;02/03/2026 12:14;0.000
e39bf5a6-0a5f-4b3c-8287-2867d6e02426;353;Réception (B.L. : 1700230163);1700230163;;FOURNISSEUR CENTRALE;;Pas de commande associée;O;04/03/2026 00:00;;04/03/2026 12:26;15.000
e3f6bba4-7976-4ba5-84da-0772e165c697;353;Réception (B.L. : 1100214275);1100214275;;FOURNISSEUR CENTRALE;;Pas de commande associée;O;27/03/2026 00:00;;27/03/2026 12:14;24.000
e3fdfddf-e76f-4359-9945-d7534f0d0042;413;Réception (B.L. : 1800329778);1800329778;;FOURNISSEUR CENTRALE;;Pas de commande associée;O;10/03/2026 00:00;;10/03/2026 12:30;69.000
e42b1d63-dd5c-46e9-9363-58bcfa5900c5;410;Réception (B.L. : 1700230743);1700230743;;FOURNISSEUR CENTRALE;;Pas de commande associée;O;06/03/2026 00:00;;06/03/2026 12:31;0.000
e4496668-ce36-4185-953e-d82374665fab;356;Réception (B.L. : 1100213191);1100213191;;FOURNISSEUR CENTRALE;;Pas de commande associée;O;23/03/2026 00:00;;23/03/2026 12:12;0.000
e4520b50-7e41-4603-9cc2-471fef983910;411;Réception (B.L. : 1700229985);1700229985;;FOURNISSEUR CENTRALE;;Pas de commande associée;O;03/03/2026 00:00;;03/03/2026 12:31;0.000
e487fbea-0407-472c-994f-9769e558495d;353;Réception (B.L. : 1800336164);1800336164;;FOURNISSEUR CENTRALE;;Pas de commande associée;O;03/04/2026 00:00;;03/04/2026 12:27;129.000
e48be217-afed-4b83-b3df-92e615b62494;410;Réception (B.L. : 1100215751);1100215751;;FOURNISSEUR CENTRALE;;Pas de commande associée;O;06/04/2026 00:00;;06/04/2026 12:18;0.000
e4c3d611-adaa-486a-82a5-b4c0773c74cd;356;Réception (B.L. : 1700234537);1700234537;;FOURNISSEUR CENTRALE;;Pas de commande associée;O;25/03/2026 00:00;;25/03/2026 12:23;0.000
e4da872a-5902-45c6-bd81-287580dcbb3f;411;Réception (B.L. : 1700233680);1700233680;;FOURNISSEUR CENTRALE;;Pas de commande associée;O;19/03/2026 00:00;;20/03/2026 12:19;0.000
e5599abe-e8de-4c66-b886-fc2137922fb4;353;Réception (B.L. : 1100216153);1100216153;;FOURNISSEUR CENTRALE;;Pas de commande associée;O;08/04/2026 00:00;;08/04/2026 12:13;36.000
e560f694-7770-459a-b769-8f6c476bbb33;353;Réception (B.L. : 1100213736);1100213736;;FOURNISSEUR CENTRALE;;Pas de commande associée;O;25/03/2026 00:00;;25/03/2026 12:12;687.000
e5b2e7bd-eb63-4469-94f4-4f28b9afa484;410;Réception (B.L. : 1700237296);1700237296;;FOURNISSEUR CENTRALE;;Pas de commande associée;O;08/04/2026 00:00;;08/04/2026 12:19;0.000
e5e37ec4-5c16-41fa-b0c4-6595cec19a20;353;Réception (B.L. : 1800337236);1800337236;;FOURNISSEUR CENTRALE;;Pas de commande associée;O;08/04/2026 00:00;;08/04/2026 12:26;50.200
e5e61cbd-5b8a-4f1b-a1bd-78e8dd484ccd;353;Réception (B.L. : 1700236451);1700236451;;FOURNISSEUR CENTRALE;;Pas de commande associée;O;03/04/2026 00:00;;03/04/2026 12:24;5.000
e600f9c8-ea0d-4b4d-a32e-ae4f71bf7e81;353;Réception (B.L. : 1100211772);1100211772;;FOURNISSEUR CENTRALE;;Pas de commande associée;O;13/03/2026 00:00;;13/03/2026 12:11;1112.000
e695bd1e-c881-4fae-bd4a-947529f65df5;411;Réception (B.L. : 1100214724);1100214724;;FOURNISSEUR CENTRALE;;Pas de commande associée;O;30/03/2026 00:00;;30/03/2026 17:11;0.000
e6ac52d7-9548-4606-b8ea-91dd42cca3d0;411;Réception (B.L. : 1800331418);1800331418;;FOURNISSEUR CENTRALE;;Pas de commande associée;O;16/03/2026 00:00;;16/03/2026 12:11;0.000
e6afc718-d903-4e80-af29-0f1afb9dfd9c;356;Réception (B.L. : 1700235432);1700235432;;FOURNISSEUR CENTRALE;;Pas de commande associée;O;30/03/2026 00:00;;30/03/2026 12:18;0.000
e6bf77bf-9aab-4e80-93fa-1f18bde23733;410;Réception (B.L. : 1100214551);1100214551;;FOURNISSEUR CENTRALE;;Pas de commande associée;O;30/03/2026 00:00;;30/03/2026 12:22;0.000
e6c025a9-0510-4d5a-8bce-997751fbf869;356;Réception (B.L. : 1100214658);1100214658;;FOURNISSEUR CENTRALE;;Pas de commande associée;O;30/03/2026 00:00;;30/03/2026 12:17;0.000
e6e1d7d9-da65-4bd0-a8df-77fe9d7f2078;356;Réception (B.L. : 1800334916);1800334916;;FOURNISSEUR CENTRALE;;Pas de commande associée;O;29/03/2026 00:00;;30/03/2026 12:26;0.000
e6f31269-c5e3-4a5b-85b4-4e7f57e9991d;410;Réception (B.L. : 1800330809);1800330809;;FOURNISSEUR CENTRALE;;Pas de commande associée;O;13/03/2026 00:00;;13/03/2026 12:28;0.000
e6f931c5-a0b0-4f73-a798-e565dda607a8;413;Réception (B.L. : 1100210696);1100210696;;FOURNISSEUR CENTRALE;;Pas de commande associée;O;06/03/2026 00:00;;06/03/2026 12:13;36.000
e70bd09c-5741-4bfa-9051-d7c7fd0c1171;413;Réception (B.L. : 1800333439);1800333439;;FOURNISSEUR CENTRALE;;Pas de commande associée;O;24/03/2026 00:00;;24/03/2026 12:25;760.000
e716bcea-7870-454b-9ad5-37c1baa65672;356;Réception (B.L. : 1700230199);1700230199;;FOURNISSEUR CENTRALE;;Pas de commande associée;O;04/03/2026 00:00;;04/03/2026 12:27;0.000
e72516b7-168b-41ee-b1c9-095c1b4a1290;364;Réception (B.L. : 1700231506);1700231506;;FOURNISSEUR CENTRALE;;Pas de commande associée;O;10/03/2026 00:00;;10/03/2026 12:15;5496.000
e7252806-51ad-49df-94fb-2e6d55aa5794;353;Réception (B.L. : 1200107541);1200107541;;FOURNISSEUR CENTRALE;;Pas de commande associée;O;30/03/2026 00:00;;30/03/2026 12:11;1.000
e74ef6aa-e771-47b8-ae7c-a97204c22ef1;413;Réception (B.L. : 1700235102);1700235102;;FOURNISSEUR CENTRALE;;Pas de commande associée;O;27/03/2026 00:00;;27/03/2026 12:25;0.000
e77712a2-ff38-466f-a517-05efc040a669;411;Réception (B.L. : 1700237052);1700237052;;FOURNISSEUR CENTRALE;;Pas de commande associée;O;07/04/2026 00:00;;07/04/2026 12:11;0.000
e77ea4db-7e96-4593-a64b-af7f15157950;411;Réception (B.L. : 1700236316);1700236316;;FOURNISSEUR CENTRALE;;Pas de commande associée;O;03/04/2026 00:00;;03/04/2026 12:19;0.000
e7827401-74b0-40d6-96fb-6bd361e8894b;411;Réception (B.L. : 1100210718);1100210718;;FOURNISSEUR CENTRALE;;Pas de commande associée;O;06/03/2026 00:00;;06/03/2026 12:17;0.000
e7ed0b70-0e19-4365-bbf0-f882a4b82148;413;Réception (B.L. : 1200107925);1200107925;;FOURNISSEUR CENTRALE;;Pas de commande associée;O;03/04/2026 00:00;;03/04/2026 12:11;16.000
e802738b-7842-46e6-9f51-bf9c276ed639;410;Réception (B.L. : 1100216118);1100216118;;FOURNISSEUR CENTRALE;;Pas de commande associée;O;08/04/2026 00:00;;08/04/2026 12:13;0.000
e813ed3a-70ba-4c64-9e14-732a9f7f992e;411;Réception (B.L. : 1800336199);1800336199;;FOURNISSEUR CENTRALE;;Pas de commande associée;O;03/04/2026 00:00;;03/04/2026 12:39;0.000
e81fa04f-a84b-4525-8b6c-433fc7dd6acd;411;Réception (B.L. : 1800336754);1800336754;;FOURNISSEUR CENTRALE;;Pas de commande associée;O;06/04/2026 00:00;;06/04/2026 12:19;0.000
e8255dcd-2f79-4e2c-8cb7-097af4920832;353;Réception (B.L. : 1700232981);1700232981;;FOURNISSEUR CENTRALE;;Pas de commande associée;O;17/03/2026 00:00;;18/03/2026 12:17;99.000
e82efb32-6e39-4307-a999-c8f10d905c31;356;Réception (B.L. : 1800332783);1800332783;;FOURNISSEUR CENTRALE;;Pas de commande associée;O;20/03/2026 00:00;;20/03/2026 12:26;0.000
e8673289-6f7e-4648-b286-74fb91cd2c44;353;Réception (B.L. : 1100214274);1100214274;;FOURNISSEUR CENTRALE;;Pas de commande associée;O;27/03/2026 00:00;;27/03/2026 12:13;1292.000
e867d531-040c-4c3e-88c6-a3950ed75c72;356;Réception (B.L. : 1800335538);1800335538;;FOURNISSEUR CENTRALE;;Pas de commande associée;O;01/04/2026 00:00;;01/04/2026 12:33;0.000
e8e50ecd-f4b1-49a7-9796-15a7ead3c961;364;Réception (B.L. : 1800327867);1800327867;;FOURNISSEUR CENTRALE;;Pas de commande associée;O;02/03/2026 00:00;;02/03/2026 17:11;4.000
e92814b6-6188-482d-8ceb-2b0d72cfce00;411;Réception (B.L. : 1700235632);1700235632;;FOURNISSEUR CENTRALE;;Pas de commande associée;O;30/03/2026 00:00;;31/03/2026 12:19;0.000
e937f0e4-3e49-47c7-a78a-f82f8c0caf5b;356;Réception (B.L. : 1100214847);1100214847;;FOURNISSEUR CENTRALE;;Pas de commande associée;O;31/03/2026 00:00;;31/03/2026 17:12;0.000
e9682c93-17ab-452f-b4cf-3bc791a0bbfd;410;Réception (B.L. : 1700237785);1700237785;;FOURNISSEUR CENTRALE;;Pas de commande associée;O;09/04/2026 00:00;;10/04/2026 12:17;0.000
e98a241f-1e03-44a6-abe5-969243b66aba;411;Réception (B.L. : 1700236400);1700236400;;FOURNISSEUR CENTRALE;;Pas de commande associée;O;03/04/2026 00:00;;03/04/2026 12:30;0.000
e9ca044f-b0ff-46c9-8566-c76cbaafd319;364;Réception (B.L. : 1700234253);1700234253;;FOURNISSEUR CENTRALE;;Pas de commande associée;O;23/03/2026 00:00;;24/03/2026 12:22;5.000
e9d2912e-7b4b-4864-95a5-e44da689aa7e;356;Réception (B.L. : 1700235853);1700235853;;FOURNISSEUR CENTRALE;;Pas de commande associée;O;01/04/2026 00:00;;01/04/2026 12:25;0.000
e9d31c6a-9769-4e96-ac8a-2c793c6d170f;364;Réception (B.L. : 1100214218);1100214218;;FOURNISSEUR CENTRALE;;Pas de commande associée;O;27/03/2026 00:00;;27/03/2026 12:11;838.000
ea03379b-e757-4746-bf22-2f96cc49cc23;356;Réception (B.L. : 1100211377);1100211377;;FOURNISSEUR CENTRALE;;Pas de commande associée;O;11/03/2026 00:00;;11/03/2026 12:10;0.000
ea0f404a-26f1-4c0e-a3c7-0a41c1a0bd07;364;Réception (B.L. : 1100210673);1100210673;;FOURNISSEUR CENTRALE;;Pas de commande associée;O;06/03/2026 00:00;;06/03/2026 12:11;1030.000
ea1685d2-c481-47b1-97de-6717532df420;364;Réception (B.L. : 1700237064);1700237064;;FOURNISSEUR CENTRALE;;Pas de commande associée;O;07/04/2026 00:00;;07/04/2026 12:14;84.000
ea232eaa-b65b-4d20-b2e7-c6571ecf991b;353;Réception (B.L. : 1100213238);1100213238;;FOURNISSEUR CENTRALE;;Pas de commande associée;O;23/03/2026 00:00;;23/03/2026 12:18;240.000
ea491a38-a038-4900-8f97-007b8c7f88de;356;Réception (B.L. : 1700235854);1700235854;;FOURNISSEUR CENTRALE;;Pas de commande associée;O;01/04/2026 00:00;;01/04/2026 12:26;0.000
ea4bf4ee-0cb9-4caf-a086-896a4906b326;410;Réception (B.L. : 1700230741);1700230741;;FOURNISSEUR CENTRALE;;Pas de commande associée;O;06/03/2026 00:00;;06/03/2026 12:29;0.000
ea54977e-c643-43fb-8158-597d5d9105e1;353;Réception (B.L. : 1100211698);1100211698;;FOURNISSEUR CENTRALE;;Pas de commande associée;O;12/03/2026 00:00;;12/03/2026 17:10;6.000
ea730328-2168-4674-9587-17397a88d8e4;411;Réception (B.L. : 1800335565);1800335565;;FOURNISSEUR CENTRALE;;Pas de commande associée;O;01/04/2026 00:00;;01/04/2026 12:12;0.000
ea994db0-0ab5-4246-a523-a1d3b7fa2067;353;Réception (B.L. : 1100216536);1100216536;;FOURNISSEUR CENTRALE;;Pas de commande associée;O;10/04/2026 00:00;;10/04/2026 12:12;776.000
ead230bb-7985-43ad-adc9-5afc67a806fb;413;Réception (B.L. : 1100210666);1100210666;;FOURNISSEUR CENTRALE;;Pas de commande associée;O;05/03/2026 00:00;;05/03/2026 17:10;24.000
ead5b8a0-d90d-4019-a260-5c33845568c0;364;Réception (B.L. : 1700230978);1700230978;;FOURNISSEUR CENTRALE;;Pas de commande associée;O;06/03/2026 00:00;;06/03/2026 17:13;801.000
eae84f13-c4a6-4ec4-9b34-89d022ea6722;353;Réception (B.L. : 1700230125);1700230125;;FOURNISSEUR CENTRALE;;Pas de commande associée;O;04/03/2026 00:00;;04/03/2026 12:18;2371.000
eb4b1f5a-b1ff-4e6a-8656-6a698edcc381;356;Réception (B.L. : 1100212037);1100212037;;FOURNISSEUR CENTRALE;;Pas de commande associée;O;14/03/2026 00:00;;14/03/2026 12:12;0.000
eb608225-1a4a-4dcb-bbaf-d09869974294;410;Réception (B.L. : 1800332065);1800332065;;FOURNISSEUR CENTRALE;;Pas de commande associée;O;18/03/2026 00:00;;18/03/2026 12:36;0.000
eb6372db-fa24-4bde-b0e2-326dcee9a105;356;Réception (B.L. : 1800337946);1800337946;;FOURNISSEUR CENTRALE;;Pas de commande associée;O;10/04/2026 00:00;;10/04/2026 12:30;0.000
eb7cb044-4df5-49fe-83e8-9ae5c8c53510;413;Réception (B.L. : 1700237969);1700237969;;FOURNISSEUR CENTRALE;;Pas de commande associée;O;10/04/2026 00:00;;10/04/2026 12:21;4750.000
eba57ddc-11ba-4c08-87e4-59cbb13a6432;356;Réception (B.L. : 1200106021);1200106021;;FOURNISSEUR CENTRALE;;Pas de commande associée;O;09/03/2026 00:00;;09/03/2026 12:11;0.000
ebb2fcc6-5d4f-4593-94a0-ec0e9200df0f;356;Réception (B.L. : 1700233072);1700233072;;FOURNISSEUR CENTRALE;;Pas de commande associée;O;18/03/2026 00:00;;18/03/2026 12:24;0.000
ebe2e460-7611-481a-bea8-4eea61dc54ad;411;Réception (B.L. : 1800334440);1800334440;;FOURNISSEUR CENTRALE;;Pas de commande associée;O;27/03/2026 00:00;;27/03/2026 12:29;0.000
ec95a8b6-6307-4ba5-bf2e-ca7afa47e32c;356;Réception (B.L. : 1100212937);1100212937;;FOURNISSEUR CENTRALE;;Pas de commande associée;O;20/03/2026 00:00;;20/03/2026 12:11;0.000
ecbb400c-ff89-403d-aab8-d47f53d2c64d;353;Réception (B.L. : 1800329590);1800329590;;FOURNISSEUR CENTRALE;;Pas de commande associée;O;09/03/2026 00:00;;09/03/2026 12:26;14.000
ecc44fc4-b281-49bd-9898-56550a438cbc;410;Réception (B.L. : 1800336730);1800336730;;FOURNISSEUR CENTRALE;;Pas de commande associée;O;06/04/2026 00:00;;06/04/2026 12:28;0.000
ecd58a14-cfc4-4fc6-81f0-3670aaf5240f;413;Réception (B.L. : 1700230049);1700230049;;FOURNISSEUR CENTRALE;;Pas de commande associée;O;03/03/2026 00:00;;03/03/2026 17:05;30.000
ecdb2323-c298-4e04-8e29-b68f03df07bd;411;Réception (B.L. : 1800335568);1800335568;;FOURNISSEUR CENTRALE;;Pas de commande associée;O;01/04/2026 00:00;;01/04/2026 12:15;0.000
ed05ce11-9230-40de-9ea9-1ff0c9259dae;410;Réception (B.L. : 1700234465);1700234465;;FOURNISSEUR CENTRALE;;Pas de commande associée;O;24/03/2026 00:00;;25/03/2026 12:24;0.000
ed6a0b0d-8fa0-41a8-abd3-801ceff62ddd;353;Réception (B.L. : 1100213237);1100213237;;FOURNISSEUR CENTRALE;;Pas de commande associée;O;23/03/2026 00:00;;23/03/2026 12:17;144.000
ed77a58c-5752-477b-af72-0058af703814;413;Réception (B.L. : 1200107029);1200107029;;FOURNISSEUR CENTRALE;;Pas de commande associée;O;24/03/2026 00:00;;24/03/2026 12:12;6.000
edbcc5f3-f7ce-4107-aeef-847e3514ecf2;410;Réception (B.L. : 1700235863);1700235863;;FOURNISSEUR CENTRALE;;Pas de commande associée;O;01/04/2026 00:00;;01/04/2026 12:30;0.000
edcfa6bf-3888-4968-a18e-77baacda4005;410;Réception (B.L. : 1700230144);1700230144;;FOURNISSEUR CENTRALE;;Pas de commande associée;O;04/03/2026 00:00;;04/03/2026 12:23;0.000
ee0a3523-c5a6-4f00-abef-775d2451b0a4;364;Réception (B.L. : 1700232217);1700232217;;FOURNISSEUR CENTRALE;;Pas de commande associée;O;13/03/2026 00:00;;13/03/2026 12:16;494.000
ee4c6111-ba63-41c4-80d6-59e5103d75e6;411;Réception (B.L. : 1800328414);1800328414;;FOURNISSEUR CENTRALE;;Pas de commande associée;O;04/03/2026 00:00;;04/03/2026 12:14;0.000
ee780b0b-ec5a-4bb9-ba6d-f28f73f7a53d;410;Réception (B.L. : 1100214545);1100214545;;FOURNISSEUR CENTRALE;;Pas de commande associée;O;30/03/2026 00:00;;30/03/2026 12:16;0.000
ee90f533-f70d-4bda-a556-c64fcc70f582;413;Réception (B.L. : 1800328045);1800328045;;FOURNISSEUR CENTRALE;;Pas de commande associée;O;03/03/2026 00:00;;03/03/2026 12:18;940.000
eed584a0-f69f-4dd4-8b07-1aa29b804a13;413;Réception (B.L. : 1100216041);1100216041;;FOURNISSEUR CENTRALE;;Pas de commande associée;O;07/04/2026 00:00;;07/04/2026 12:11;0.000
eee990ef-0709-4640-bac6-f06cc3258a49;411;Réception (B.L. : 1700234269);1700234269;;FOURNISSEUR CENTRALE;;Pas de commande associée;O;24/03/2026 00:00;;24/03/2026 12:24;0.000
ef0ccf44-ea76-40c7-a137-33a979b3ccd1;411;Réception (B.L. : 1800333246);1800333246;;FOURNISSEUR CENTRALE;;Pas de commande associée;O;22/03/2026 00:00;;23/03/2026 12:14;0.000
ef0ea2e3-f2ae-4641-98c1-287ff4365aba;364;Réception (B.L. : 1800337948);1800337948;;FOURNISSEUR CENTRALE;;Pas de commande associée;O;10/04/2026 00:00;;10/04/2026 12:17;332.000
ef10b144-6408-4dbd-a82c-189ccb8b4be9;410;Réception (B.L. : 1700237786);1700237786;;FOURNISSEUR CENTRALE;;Pas de commande associée;O;09/04/2026 00:00;;10/04/2026 12:18;0.000
ef29c3fb-fbd5-4a15-b9e8-42b9dc92c097;410;Réception (B.L. : 1700231698);1700231698;;FOURNISSEUR CENTRALE;;Pas de commande associée;O;11/03/2026 00:00;;11/03/2026 12:21;0.000
ef39ed4e-1e57-44ec-96c4-77d826367f04;353;Réception (B.L. : 1100212045);1100212045;;FOURNISSEUR CENTRALE;;Pas de commande associée;O;14/03/2026 00:00;;14/03/2026 12:12;6.000
ef82c5cc-f62b-471b-a8a8-32aeba12a40b;353;Réception (B.L. : 1200106919);1200106919;;FOURNISSEUR CENTRALE;;Pas de commande associée;O;23/03/2026 00:00;;23/03/2026 12:10;8.000
ef928330-3bee-416f-8433-e7725b87d979;410;Réception (B.L. : 1100209975);1100209975;;FOURNISSEUR CENTRALE;;Pas de commande associée;O;02/03/2026 00:00;;02/03/2026 12:12;0.000
efd98335-5651-4772-a501-b18ae9ceabd7;356;Réception (B.L. : 1700232960);1700232960;;FOURNISSEUR CENTRALE;;Pas de commande associée;O;17/03/2026 00:00;;17/03/2026 12:01;0.000
efec50da-334d-48a9-88f5-cfbbb86c0475;410;Réception (B.L. : 1700236342);1700236342;;FOURNISSEUR CENTRALE;;Pas de commande associée;O;03/04/2026 00:00;;03/04/2026 12:28;0.000
f0311545-8f01-4936-bea2-a0d8f5813023;356;Réception (B.L. : 1100209996);1100209996;;FOURNISSEUR CENTRALE;;Pas de commande associée;O;02/03/2026 00:00;;02/03/2026 12:16;0.000
f03eafd6-ed59-47ea-9312-74ac5ac2f91f;356;Réception (B.L. : 1800333772);1800333772;;FOURNISSEUR CENTRALE;;Pas de commande associée;O;24/03/2026 00:00;;25/03/2026 12:33;0.000
f04454fe-bd84-442a-8ee4-e4bcec1bf4b6;364;Réception (B.L. : 1800331433);1800331433;;FOURNISSEUR CENTRALE;;Pas de commande associée;O;16/03/2026 00:00;;16/03/2026 12:12;469.700
f04b43fa-ce11-4e78-8c56-9f51b6620604;413;Réception (B.L. : 1700237966);1700237966;;FOURNISSEUR CENTRALE;;Pas de commande associée;O;10/04/2026 00:00;;10/04/2026 12:18;1401.000
f0522a55-738e-42b1-b137-d45c2ae27f27;364;Réception (B.L. : 1800335580);1800335580;;FOURNISSEUR CENTRALE;;Pas de commande associée;O;01/04/2026 00:00;;01/04/2026 12:12;34.500
f08bbb56-f4dc-4af4-a9a0-178a5bfa4173;364;Réception (B.L. : 1700230054);1700230054;;FOURNISSEUR CENTRALE;;Pas de commande associée;O;03/03/2026 00:00;;03/03/2026 17:03;2489.000
f08e2299-a22c-46e7-883e-87849788deb4;353;Réception (B.L. : 1700232226);1700232226;;FOURNISSEUR CENTRALE;;Pas de commande associée;O;13/03/2026 00:00;;13/03/2026 12:20;3.000
f0bc5bc7-bf59-4bc4-a051-c9b8a7535484;364;Réception (B.L. : 1800334926);1800334926;;FOURNISSEUR CENTRALE;;Pas de commande associée;O;29/03/2026 00:00;;30/03/2026 12:14;127.000
f0d6447e-0295-4c12-b0f1-046ceb33a888;356;Réception (B.L. : 1800329034);1800329034;;FOURNISSEUR CENTRALE;;Pas de commande associée;O;06/03/2026 00:00;;06/03/2026 12:27;0.000
f1199afb-95d7-4f66-a204-5d4788125d5d;411;Réception (B.L. : 1100214763);1100214763;;FOURNISSEUR CENTRALE;;Pas de commande associée;O;31/03/2026 00:00;;31/03/2026 12:15;0.000
f1424772-be4e-412a-9bed-2dc8458cdc35;410;Réception (B.L. : 1100210986);1100210986;;FOURNISSEUR CENTRALE;;Pas de commande associée;O;08/03/2026 00:00;;08/03/2026 23:20;0.000
f1731995-bc63-4c2a-9343-fedfddb90823;364;Réception (B.L. : 1100212254);1100212254;;FOURNISSEUR CENTRALE;;Pas de commande associée;O;17/03/2026 00:00;;17/03/2026 12:11;3618.000
f1aebb0c-e70f-499d-8f1f-36d5a01c722c;410;Réception (B.L. : 1700235861);1700235861;;FOURNISSEUR CENTRALE;;Pas de commande associée;O;01/04/2026 00:00;;01/04/2026 12:28;0.000
f1af9f04-fc43-4b18-9551-459d6db48fff;411;Réception (B.L. : 1700235637);1700235637;;FOURNISSEUR CENTRALE;;Pas de commande associée;O;30/03/2026 00:00;;31/03/2026 12:24;0.000
f1efd526-52a7-4574-9d4d-7c03e3e1d75d;413;Réception (B.L. : 1800336986);1800336986;;FOURNISSEUR CENTRALE;;Pas de commande associée;O;07/04/2026 00:00;;07/04/2026 12:19;40.000
f1fb1fd7-38f2-4cc4-9a83-c7f80e3de674;411;Réception (B.L. : 1800329603);1800329603;;FOURNISSEUR CENTRALE;;Pas de commande associée;O;09/03/2026 00:00;;09/03/2026 12:15;0.000
f2353fcc-dce2-4c5d-a815-1a422bc81ea2;364;Réception (B.L. : 1700232931);1700232931;;FOURNISSEUR CENTRALE;;Pas de commande associée;O;17/03/2026 00:00;;17/03/2026 12:16;154.000
f23c5ec1-00da-4000-9155-5edd6c7272c2;410;Réception (B.L. : 1100215359);1100215359;;FOURNISSEUR CENTRALE;;Pas de commande associée;O;03/04/2026 00:00;;03/04/2026 12:19;0.000
f242fcc3-540a-4252-9888-a67023058b21;356;Réception (B.L. : 1700231105);1700231105;;FOURNISSEUR CENTRALE;;Pas de commande associée;O;09/03/2026 00:00;;09/03/2026 12:19;0.000
f25da863-09c5-489b-ae4c-bfaaf26836d7;410;Réception (B.L. : 1700232206);1700232206;;FOURNISSEUR CENTRALE;;Pas de commande associée;O;13/03/2026 00:00;;13/03/2026 12:22;0.000
f2806132-9a6e-4dbc-923c-76de74a7e30b;356;Réception (B.L. : 1700235848);1700235848;;FOURNISSEUR CENTRALE;;Pas de commande associée;O;01/04/2026 00:00;;01/04/2026 12:20;0.000
f2935ca8-6c79-471c-b1ec-6fdc673ca692;410;Réception (B.L. : 1800330227);1800330227;;FOURNISSEUR CENTRALE;;Pas de commande associée;O;11/03/2026 00:00;;11/03/2026 12:27;0.000
f29c3fec-e167-4f67-b709-005fcd770253;356;Réception (B.L. : 1700234722);1700234722;;FOURNISSEUR CENTRALE;;Pas de commande associée;O;25/03/2026 00:00;;25/03/2026 12:28;0.000
f29ec3e2-60c1-4780-b1cc-2d9acd6a1a7e;353;Réception (B.L. : 1700233065);1700233065;;FOURNISSEUR CENTRALE;;Pas de commande associée;O;18/03/2026 00:00;;18/03/2026 12:20;7.000
f2ee5d4f-479d-4be6-bb5a-54c8a7107fa4;356;Réception (B.L. : 1700234952);1700234952;;FOURNISSEUR CENTRALE;;Pas de commande associée;O;26/03/2026 00:00;;27/03/2026 12:20;0.000
f2f5a20b-6f96-40d6-9f06-fa8e04af6b8d;364;Réception (B.L. : 1200106155);1200106155;;FOURNISSEUR CENTRALE;;Pas de commande associée;O;10/03/2026 00:00;;10/03/2026 17:01;385.000
f32a699d-3ddc-429a-a941-73751b2da698;411;Réception (B.L. : 1100215753);1100215753;;FOURNISSEUR CENTRALE;;Pas de commande associée;O;06/04/2026 00:00;;06/04/2026 12:12;0.000
f33d49dd-8ae6-4f18-bf36-8783a5dc1058;356;Réception (B.L. : 1700234949);1700234949;;FOURNISSEUR CENTRALE;;Pas de commande associée;O;26/03/2026 00:00;;27/03/2026 12:17;0.000
f36f29e6-3e45-4d1c-8a5d-25ff95fc27fb;353;Réception (B.L. : 1800332132);1800332132;;FOURNISSEUR CENTRALE;;Pas de commande associée;O;18/03/2026 00:00;;18/03/2026 12:28;39.000
f37ae072-1eb3-4521-b324-ca39ead594d6;364;Réception (B.L. : 1800337254);1800337254;;FOURNISSEUR CENTRALE;;Pas de commande associée;O;08/04/2026 00:00;;08/04/2026 12:19;1095.000
f3ac3a54-73f2-4508-8574-0f56d0142117;411;Réception (B.L. : 1100210717);1100210717;;FOURNISSEUR CENTRALE;;Pas de commande associée;O;06/03/2026 00:00;;06/03/2026 12:16;0.000
f3add122-278f-4336-adbb-03c99c764449;410;Réception (B.L. : 1700236315);1700236315;;FOURNISSEUR CENTRALE;;Pas de commande associée;O;03/04/2026 00:00;;03/04/2026 12:22;0.000
f3c14000-0162-43e7-90eb-c497797075ab;413;Réception (B.L. : 1700232198);1700232198;;FOURNISSEUR CENTRALE;;Pas de commande associée;O;13/03/2026 00:00;;13/03/2026 12:20;0.000
f3d7e28c-7e12-40b8-bd23-bd75a9111396;364;Réception (B.L. : 1700236535);1700236535;;FOURNISSEUR CENTRALE;;Pas de commande associée;O;03/04/2026 00:00;;03/04/2026 12:20;5000.000
f3e30fcd-37ad-4d3a-b56a-9d689dd17991;353;Réception (B.L. : 1100213739);1100213739;;FOURNISSEUR CENTRALE;;Pas de commande associée;O;25/03/2026 00:00;;25/03/2026 12:15;24.000
f3e850c0-afcc-47b6-bda6-7a8f17cc90e9;353;Réception (B.L. : 1700230124);1700230124;;FOURNISSEUR CENTRALE;;Pas de commande associée;O;04/03/2026 00:00;;04/03/2026 12:17;4125.000
f4045e3b-74e1-43e7-8e57-58621f217f86;411;Réception (B.L. : 1700235114);1700235114;;FOURNISSEUR CENTRALE;;Pas de commande associée;O;27/03/2026 00:00;;27/03/2026 12:27;0.000
f406c22d-2dda-4ab8-9dc7-ce0af4025a21;353;Réception (B.L. : 1700231773);1700231773;;FOURNISSEUR CENTRALE;;Pas de commande associée;O;11/03/2026 00:00;;11/03/2026 12:21;8.000
f417fbc1-a7e5-448c-ae19-c52d9722b329;364;Réception (B.L. : 1100214733);1100214733;;FOURNISSEUR CENTRALE;;Pas de commande associée;O;31/03/2026 00:00;;30/03/2026 23:36;734.000
f4909274-5f30-49b2-8968-3b42a1c32981;413;Réception (B.L. : 1800333440);1800333440;;FOURNISSEUR CENTRALE;;Pas de commande associée;O;24/03/2026 00:00;;24/03/2026 12:26;22.000
f4a2ef59-00db-45a0-a8cf-9c6c55dc1034;356;Réception (B.L. : 1800337732);1800337732;;FOURNISSEUR CENTRALE;;Pas de commande associée;O;09/04/2026 00:00;;09/04/2026 12:12;0.000
f4c3a791-4c03-4e21-a6a5-378d2f339616;411;Réception (B.L. : 1700237823);1700237823;;FOURNISSEUR CENTRALE;;Pas de commande associée;O;09/04/2026 00:00;;10/04/2026 12:21;0.000
f4cb86cd-7804-4495-88b4-2da7284db959;353;Réception (B.L. : 1700233803);1700233803;;FOURNISSEUR CENTRALE;;Pas de commande associée;O;20/03/2026 00:00;;20/03/2026 12:23;16.000
f5449afc-4b5e-423a-aac0-c6c7bf0bb8cc;411;Réception (B.L. : 1800332099);1800332099;;FOURNISSEUR CENTRALE;;Pas de commande associée;O;18/03/2026 00:00;;18/03/2026 12:15;0.000
f5598172-cf89-4b45-8b62-5dc9f68c402b;413;Réception (B.L. : 1800327818);1800327818;;FOURNISSEUR CENTRALE;;Pas de commande associée;O;02/03/2026 00:00;;02/03/2026 12:11;119.000
f55b8739-1bae-4e7d-b3de-fcd2a6582ae9;410;Réception (B.L. : 1700234019);1700234019;;FOURNISSEUR CENTRALE;;Pas de commande associée;O;23/03/2026 00:00;;23/03/2026 12:14;0.000
f56a60e5-45b2-46c3-af83-fca612afcf92;364;Réception (B.L. : 1800337253);1800337253;;FOURNISSEUR CENTRALE;;Pas de commande associée;O;08/04/2026 00:00;;08/04/2026 12:18;2780.000
f570aaed-88ba-4f78-8141-9b1c67bc9d4a;410;Réception (B.L. : 1800333817);1800333817;;FOURNISSEUR CENTRALE;;Pas de commande associée;O;25/03/2026 00:00;;25/03/2026 12:32;0.000
f582927b-e2ed-4f5d-b371-006fa88e4fd5;413;Réception (B.L. : 1700236537);1700236537;;FOURNISSEUR CENTRALE;;Pas de commande associée;O;03/04/2026 00:00;;03/04/2026 12:19;325.000
f5840ccc-484d-41a2-af50-d08b944bc8a4;356;Réception (B.L. : 1800329517);1800329517;;FOURNISSEUR CENTRALE;;Pas de commande associée;O;09/03/2026 00:00;;09/03/2026 12:29;0.000
f5eb6a69-c54f-4152-b72d-c1e76a02d6f6;356;Réception (B.L. : 1100211777);1100211777;;FOURNISSEUR CENTRALE;;Pas de commande associée;O;13/03/2026 00:00;;13/03/2026 12:13;0.000
f5f1b6d4-f808-4b65-b167-a2e87953533e;410;Réception (B.L. : 1700230742);1700230742;;FOURNISSEUR CENTRALE;;Pas de commande associée;O;06/03/2026 00:00;;06/03/2026 12:30;0.000
f5fe169d-3a58-45ba-812f-2f72ff77bebc;411;Réception (B.L. : 1800328052);1800328052;;FOURNISSEUR CENTRALE;;Pas de commande associée;O;03/03/2026 00:00;;03/03/2026 12:32;0.000
f600d35d-b4b1-419f-a636-11422d4f979e;353;Réception (B.L. : 1800336163);1800336163;;FOURNISSEUR CENTRALE;;Pas de commande associée;O;03/04/2026 00:00;;03/04/2026 12:26;800.000
f620b838-3b07-4287-afd1-66e7d10e8024;353;Réception (B.L. : 1700230164);1700230164;;FOURNISSEUR CENTRALE;;Pas de commande associée;O;04/03/2026 00:00;;04/03/2026 12:27;6.000
f6836874-b1dd-4e57-9f5a-d0aa870f1fe7;410;Réception (B.L. : 1700231137);1700231137;;FOURNISSEUR CENTRALE;;Pas de commande associée;O;09/03/2026 00:00;;09/03/2026 12:20;0.000
f69d2cfd-8223-459b-933d-4e30d05b03f3;410;Réception (B.L. : 1100212461);1100212461;;FOURNISSEUR CENTRALE;;Pas de commande associée;O;18/03/2026 00:00;;18/03/2026 12:21;0.000
f6afeba6-9239-4bba-9fae-b6d23876a483;411;Réception (B.L. : 1100214254);1100214254;;FOURNISSEUR CENTRALE;;Pas de commande associée;O;27/03/2026 00:00;;27/03/2026 12:11;0.000
f6c7eedd-db15-4578-bb63-bcd42f6bfef9;356;Réception (B.L. : 1700232138);1700232138;;FOURNISSEUR CENTRALE;;Pas de commande associée;O;13/03/2026 00:00;;13/03/2026 12:17;0.000
f6c97fb8-10d9-4838-86a2-289d0d34dd79;411;Réception (B.L. : 1700232222);1700232222;;FOURNISSEUR CENTRALE;;Pas de commande associée;O;13/03/2026 00:00;;13/03/2026 12:25;0.000
f6ca538c-fce7-4f13-b454-c154629859d0;364;Réception (B.L. : 1700233378);1700233378;;FOURNISSEUR CENTRALE;;Pas de commande associée;O;19/03/2026 00:00;;19/03/2026 12:11;2583.000
f6e6cb4e-3033-4cd2-b8fe-06ef5b7d4193;353;Réception (B.L. : 1700230126);1700230126;;FOURNISSEUR CENTRALE;;Pas de commande associée;O;04/03/2026 00:00;;04/03/2026 12:19;3148.000
f6f5fcbf-3f4f-4932-b639-46ed7b3a4e6b;410;Réception (B.L. : 1700230141);1700230141;;FOURNISSEUR CENTRALE;;Pas de commande associée;O;04/03/2026 00:00;;04/03/2026 12:20;0.000
f6fe12ad-896b-4054-9bd8-3daa4b3e5428;411;Réception (B.L. : 1700237864);1700237864;;FOURNISSEUR CENTRALE;;Pas de commande associée;O;10/04/2026 00:00;;10/04/2026 12:22;0.000
f71b2795-22d9-4a6a-aab5-27c204a1aaa4;410;Réception (B.L. : 1100214883);1100214883;;FOURNISSEUR CENTRALE;;Pas de commande associée;O;01/04/2026 00:00;;01/04/2026 12:18;0.000
f7336908-2763-45b7-beba-57e5852cecf0;410;Réception (B.L. : 1700230146);1700230146;;FOURNISSEUR CENTRALE;;Pas de commande associée;O;04/03/2026 00:00;;04/03/2026 12:25;0.000
f73b6727-5bac-47d6-965b-5743e019b6fc;356;Réception (B.L. : 1100213194);1100213194;;FOURNISSEUR CENTRALE;;Pas de commande associée;O;23/03/2026 00:00;;23/03/2026 12:15;0.000
f73e9456-2f95-41f4-a831-826e73b5fb4a;410;Réception (B.L. : 1700237333);1700237333;;FOURNISSEUR CENTRALE;;Pas de commande associée;O;08/04/2026 00:00;;08/04/2026 12:26;0.000
f75f8f6f-5eae-4aa5-b1e1-3cfb18a22370;411;Réception (B.L. : 1700236391);1700236391;;FOURNISSEUR CENTRALE;;Pas de commande associée;O;03/04/2026 00:00;;03/04/2026 12:21;0.000
f76e9fd6-e393-454f-975e-8e9506cbbed3;411;Réception (B.L. : 1700235654);1700235654;;FOURNISSEUR CENTRALE;;Pas de commande associée;O;31/03/2026 00:00;;31/03/2026 12:25;0.000
f782d96f-3837-4116-89d3-34669faaad8f;356;Réception (B.L. : 1700237811);1700237811;;FOURNISSEUR CENTRALE;;Pas de commande associée;O;09/04/2026 00:00;;10/04/2026 12:26;0.000
f790d382-420c-4148-bee0-1148b9692755;353;Réception (B.L. : 1800334406);1800334406;;FOURNISSEUR CENTRALE;;Pas de commande associée;O;27/03/2026 00:00;;27/03/2026 12:23;120.000
f79e05aa-99a6-4b51-a9db-2057a8675bd4;410;Réception (B.L. : 1700237787);1700237787;;FOURNISSEUR CENTRALE;;Pas de commande associée;O;09/04/2026 00:00;;10/04/2026 12:19;0.000
f79ed535-95e3-41a3-9a7a-5f00be580704;356;Réception (B.L. : 1100213747);1100213747;;FOURNISSEUR CENTRALE;;Pas de commande associée;O;25/03/2026 00:00;;25/03/2026 12:16;0.000
f7a512c7-6687-4856-af49-9da2196e8ad2;356;Réception (B.L. : 1100212401);1100212401;;FOURNISSEUR CENTRALE;;Pas de commande associée;O;18/03/2026 00:00;;18/03/2026 12:11;0.000
f82a2da0-934e-4b35-91a9-ed4be729bbd2;411;Réception (B.L. : 1100212640);1100212640;;FOURNISSEUR CENTRALE;;Pas de commande associée;O;19/03/2026 00:00;;19/03/2026 12:10;0.000
f839b8f3-673d-4755-8955-7c5c5b2defb6;410;Réception (B.L. : 1700231699);1700231699;;FOURNISSEUR CENTRALE;;Pas de commande associée;O;11/03/2026 00:00;;11/03/2026 12:22;0.000
f88bed92-e646-4de4-ba1b-fa09c484e51b;411;Réception (B.L. : 1700236390);1700236390;;FOURNISSEUR CENTRALE;;Pas de commande associée;O;03/04/2026 00:00;;03/04/2026 12:20;0.000
f89ae4f9-2f96-4e89-a797-f01438bda71a;411;Réception (B.L. : 1200105611);1200105611;;FOURNISSEUR CENTRALE;;Pas de commande associée;O;03/03/2026 00:00;;03/03/2026 12:11;0.000
f8e05da3-feb1-4f53-a03c-d158a21c7812;364;Réception (B.L. : 1800329038);1800329038;;FOURNISSEUR CENTRALE;;Pas de commande associée;O;06/03/2026 00:00;;06/03/2026 12:18;18.200
f8e74539-8207-4359-94c7-098a23a749dd;410;Réception (B.L. : 1700234988);1700234988;;FOURNISSEUR CENTRALE;;Pas de commande associée;O;27/03/2026 00:00;;27/03/2026 12:21;0.000
f8f14a27-edb8-44c7-af9a-c3905513bef8;410;Réception (B.L. : 1800334435);1800334435;;FOURNISSEUR CENTRALE;;Pas de commande associée;O;27/03/2026 00:00;;27/03/2026 12:24;0.000
f9046e3c-a44e-4e7b-8373-712453d0e0b2;353;Réception (B.L. : 1800332025);1800332025;;FOURNISSEUR CENTRALE;;Pas de commande associée;O;18/03/2026 00:00;;18/03/2026 12:21;66.000
f911b269-a3ed-466a-8bc7-3ea77d146041;356;Réception (B.L. : 1100216184);1100216184;;FOURNISSEUR CENTRALE;;Pas de commande associée;O;08/04/2026 00:00;;08/04/2026 12:12;0.000
f9466678-7ab9-40b6-9cd1-bc598e4fd6a0;364;Réception (B.L. : 1100210130);1100210130;;FOURNISSEUR CENTRALE;;Pas de commande associée;O;03/03/2026 00:00;;03/03/2026 12:03;54.000
f9774b96-89a4-4eaf-8de2-c81b90f70676;410;Réception (B.L. : 1700231130);1700231130;;FOURNISSEUR CENTRALE;;Pas de commande associée;O;09/03/2026 00:00;;09/03/2026 12:13;0.000
f9e5515a-29f0-471e-af34-18cc03fb9345;411;Réception (B.L. : 1200108291);1200108291;;FOURNISSEUR CENTRALE;;Pas de commande associée;O;09/04/2026 00:00;;09/04/2026 17:11;0.000
f9ed3861-445e-47bb-a7ff-51a254278e9a;411;Réception (B.L. : 1700230896);1700230896;;FOURNISSEUR CENTRALE;;Pas de commande associée;O;06/03/2026 00:00;;06/03/2026 12:27;0.000
f9f36cbe-3792-433f-9209-8fc6aed63505;356;Réception (B.L. : 1700234535);1700234535;;FOURNISSEUR CENTRALE;;Pas de commande associée;O;25/03/2026 00:00;;25/03/2026 12:21;0.000
fa0de05d-9815-4280-aa02-5401b4408620;356;Réception (B.L. : 1100210322);1100210322;;FOURNISSEUR CENTRALE;;Pas de commande associée;O;04/03/2026 00:00;;04/03/2026 12:11;0.000
fa4d6bb5-526e-46d0-a82b-2729043d8a05;411;Réception (B.L. : 1700237060);1700237060;;FOURNISSEUR CENTRALE;;Pas de commande associée;O;07/04/2026 00:00;;07/04/2026 12:19;0.000
fa59eb44-d4b3-44d5-8725-8836591580b5;356;Réception (B.L. : 1700231716);1700231716;;FOURNISSEUR CENTRALE;;Pas de commande associée;O;11/03/2026 00:00;;11/03/2026 12:23;0.000
fa641118-b20e-47e5-aeb9-285395c9c0bc;364;Réception (B.L. : 1100210112);1100210112;;FOURNISSEUR CENTRALE;;Pas de commande associée;O;02/03/2026 00:00;;02/03/2026 17:10;12.000
fac43e6d-b503-4fe8-b236-0bdd20937e41;410;Réception (B.L. : 1700230149);1700230149;;FOURNISSEUR CENTRALE;;Pas de commande associée;O;04/03/2026 00:00;;04/03/2026 12:28;0.000
facb3e73-4632-4410-b22c-a54b8a133f97;353;Réception (B.L. : 1100211401);1100211401;;FOURNISSEUR CENTRALE;;Pas de commande associée;O;11/03/2026 00:00;;11/03/2026 12:13;24.000
fae16361-7634-469f-bdfe-f23da0d54fda;353;Réception (B.L. : 1700230630);1700230630;;FOURNISSEUR CENTRALE;;Pas de commande associée;O;06/03/2026 00:00;;06/03/2026 12:17;371.000
fae931f5-5682-462c-9e11-87aa31af028b;356;Réception (B.L. : 1800336212);1800336212;;FOURNISSEUR CENTRALE;;Pas de commande associée;O;03/04/2026 00:00;;03/04/2026 12:21;0.000
faee4800-9729-4f44-9a8b-c53712cb98ef;411;Réception (B.L. : 1700236443);1700236443;;FOURNISSEUR CENTRALE;;Pas de commande associée;O;03/04/2026 00:00;;03/04/2026 12:33;0.000
faf7a12d-7ae9-412d-88da-57461272418f;413;Réception (B.L. : 1800336990);1800336990;;FOURNISSEUR CENTRALE;;Pas de commande associée;O;07/04/2026 00:00;;07/04/2026 12:20;0.000
fb0bdcab-8e25-4aa7-bb1d-e9c36137fb21;410;Réception (B.L. : 1100215352);1100215352;;FOURNISSEUR CENTRALE;;Pas de commande associée;O;03/04/2026 00:00;;03/04/2026 12:12;0.000
fb298f89-3dc5-4f2c-8f22-7becb05efe89;353;Réception (B.L. : 1800334405);1800334405;;FOURNISSEUR CENTRALE;;Pas de commande associée;O;27/03/2026 00:00;;27/03/2026 12:22;903.200
fb2d687a-0fb1-40cb-9861-1c130c6b23c9;356;Réception (B.L. : 1800331429);1800331429;;FOURNISSEUR CENTRALE;;Pas de commande associée;O;16/03/2026 00:00;;16/03/2026 12:25;0.000
fb5085ea-c38d-412b-83fb-c596f7c09c81;364;Réception (B.L. : 1100216162);1100216162;;FOURNISSEUR CENTRALE;;Pas de commande associée;O;08/04/2026 00:00;;08/04/2026 12:11;2840.000
fb573977-d2fa-4cf4-b675-28f59aa6b5d2;364;Réception (B.L. : 1200107499);1200107499;;FOURNISSEUR CENTRALE;;Pas de commande associée;O;30/03/2026 00:00;;30/03/2026 12:11;1.000
fbaa24bc-8a93-414f-81fe-c4616c4fe1ce;413;Réception (B.L. : 1100212949);1100212949;;FOURNISSEUR CENTRALE;;Pas de commande associée;O;20/03/2026 00:00;;20/03/2026 12:16;348.000
fbac74b7-b736-4385-a9d1-a7f4b9745018;410;Réception (B.L. : 1700234468);1700234468;;FOURNISSEUR CENTRALE;;Pas de commande associée;O;24/03/2026 00:00;;25/03/2026 12:27;0.000
fbba2b9b-42da-4402-a332-909e944ade38;353;Réception (B.L. : 1800330197);1800330197;;FOURNISSEUR CENTRALE;;Pas de commande associée;O;11/03/2026 00:00;;11/03/2026 12:25;253.000
fbc8f44c-9d94-408e-a519-bbe9922def24;411;Réception (B.L. : 1700234271);1700234271;;FOURNISSEUR CENTRALE;;Pas de commande associée;O;24/03/2026 00:00;;24/03/2026 12:26;0.000
fbd1b8b7-ac56-41a5-887e-9fb560c3f300;410;Réception (B.L. : 1700233076);1700233076;;FOURNISSEUR CENTRALE;;Pas de commande associée;O;18/03/2026 00:00;;18/03/2026 12:33;0.000
fbe6be3b-6bff-4cb6-a63b-1a3b47feaefa;413;Réception (B.L. : 1100215971);1100215971;;FOURNISSEUR CENTRALE;;Pas de commande associée;O;07/04/2026 00:00;;06/04/2026 23:22;1220.000
fc2959cb-c2cf-4727-989d-25ff5a809411;364;Réception (B.L. : 1100210128);1100210128;;FOURNISSEUR CENTRALE;;Pas de commande associée;O;03/03/2026 00:00;;03/03/2026 12:01;2160.000
fc2d2cd0-8f7d-44ec-8aab-7c12d22990d0;356;Réception (B.L. : 1700232362);1700232362;;FOURNISSEUR CENTRALE;;Pas de commande associée;O;13/03/2026 00:00;;13/03/2026 12:22;0.000
fc51fefa-87cb-4320-85f9-a78321afe8b3;410;Réception (B.L. : 1100211758);1100211758;;FOURNISSEUR CENTRALE;;Pas de commande associée;O;13/03/2026 00:00;;13/03/2026 12:13;0.000
fc6a673e-31fd-4e6b-83cf-923dc68a41d7;410;Réception (B.L. : 1100215748);1100215748;;FOURNISSEUR CENTRALE;;Pas de commande associée;O;06/04/2026 00:00;;06/04/2026 12:15;0.000
fc945980-891e-425e-ad07-89ef58bbd12b;411;Réception (B.L. : 1800333244);1800333244;;FOURNISSEUR CENTRALE;;Pas de commande associée;O;22/03/2026 00:00;;23/03/2026 12:12;0.000
fc979168-e58b-4f95-8c9e-fd8d7813d896;364;Réception (B.L. : 1200107830);1200107830;;FOURNISSEUR CENTRALE;;Pas de commande associée;O;02/04/2026 00:00;;02/04/2026 12:11;1.000
fcc20bdd-4a2e-450a-a822-ed629931e16c;356;Réception (B.L. : 1100209997);1100209997;;FOURNISSEUR CENTRALE;;Pas de commande associée;O;02/03/2026 00:00;;02/03/2026 12:17;0.000
fccc3a20-94e1-46ee-8b62-f087643c0572;356;Réception (B.L. : 1800332040);1800332040;;FOURNISSEUR CENTRALE;;Pas de commande associée;O;18/03/2026 00:00;;18/03/2026 12:31;0.000
fcd562d9-79b2-4361-a4c9-32ce110c702a;364;Réception (B.L. : 1800330244);1800330244;;FOURNISSEUR CENTRALE;;Pas de commande associée;O;11/03/2026 00:00;;11/03/2026 12:16;527.900
fce4eede-77ba-4fbc-bf4f-37c11dc7727a;353;Réception (B.L. : 1800337332);1800337332;;FOURNISSEUR CENTRALE;;Pas de commande associée;O;08/04/2026 00:00;;08/04/2026 17:13;1.000
fce7987e-da66-4442-b462-d5e640bd7626;356;Réception (B.L. : 1100210323);1100210323;;FOURNISSEUR CENTRALE;;Pas de commande associée;O;04/03/2026 00:00;;04/03/2026 12:12;0.000
fcefe824-c9c4-4d97-91d7-38d4f9c4c2ed;410;Réception (B.L. : 1100215746);1100215746;;FOURNISSEUR CENTRALE;;Pas de commande associée;O;06/04/2026 00:00;;06/04/2026 12:13;0.000
fd2730a4-8754-4241-8c0e-b77e734b983a;411;Réception (B.L. : 1700237303);1700237303;;FOURNISSEUR CENTRALE;;Pas de commande associée;O;08/04/2026 00:00;;08/04/2026 12:16;0.000
fd8a3d0a-b5a8-4921-b849-ea7e772314ff;410;Réception (B.L. : 1100212418);1100212418;;FOURNISSEUR CENTRALE;;Pas de commande associée;O;18/03/2026 00:00;;18/03/2026 12:16;0.000
fd9b8ae4-5411-463d-a70b-6cf256181229;356;Réception (B.L. : 1700235857);1700235857;;FOURNISSEUR CENTRALE;;Pas de commande associée;O;01/04/2026 00:00;;01/04/2026 12:29;0.000
fde78deb-e3ed-44ae-823d-48074e7fcab1;356;Réception (B.L. : 1100211776);1100211776;;FOURNISSEUR CENTRALE;;Pas de commande associée;O;13/03/2026 00:00;;13/03/2026 12:12;0.000
fdec5f6d-8337-417f-87c1-1ebaa71ca13f;411;Réception (B.L. : 1800337272);1800337272;;FOURNISSEUR CENTRALE;;Pas de commande associée;O;08/04/2026 00:00;;08/04/2026 12:28;0.000
fe017e38-e047-4220-86f8-532f99ba3015;411;Réception (B.L. : 1100210114);1100210114;;FOURNISSEUR CENTRALE;;Pas de commande associée;O;02/03/2026 00:00;;02/03/2026 17:11;0.000
fe054f71-2cac-41db-bb30-d17cf6d3831a;353;Réception (B.L. : 1700236789);1700236789;;FOURNISSEUR CENTRALE;;Pas de commande associée;O;06/04/2026 00:00;;06/04/2026 12:25;24.000
fe5b565a-c488-45c3-8c75-0f1ceb8a42a4;356;Réception (B.L. : 1700231719);1700231719;;FOURNISSEUR CENTRALE;;Pas de commande associée;O;11/03/2026 00:00;;11/03/2026 12:26;0.000
fea84b2c-88d3-47e6-a8a5-cb439cac5749;410;Réception (B.L. : 1800333872);1800333872;;FOURNISSEUR CENTRALE;;Pas de commande associée;O;25/03/2026 00:00;;25/03/2026 17:11;0.000
fec13f70-d14f-470e-ad62-04a66eabc3b7;353;Réception (B.L. : 1100213740);1100213740;;FOURNISSEUR CENTRALE;;Pas de commande associée;O;25/03/2026 00:00;;25/03/2026 12:16;48.000
ff448293-1848-4458-acca-12e3d93caa3f;356;Réception (B.L. : 1100209998);1100209998;;FOURNISSEUR CENTRALE;;Pas de commande associée;O;02/03/2026 00:00;;02/03/2026 12:18;0.000
ffa283a2-575a-4850-9f2b-73963dd12a1e;411;Réception (B.L. : 1800328415);1800328415;;FOURNISSEUR CENTRALE;;Pas de commande associée;O;04/03/2026 00:00;;04/03/2026 12:15;0.000
ffaa9ba7-6b5b-49ff-bea0-83725f759229;356;Réception (B.L. : 1100210390);1100210390;;FOURNISSEUR CENTRALE;;Pas de commande associée;O;04/03/2026 00:00;;04/03/2026 12:17;0.000
ffeb376c-6a7c-42fb-8214-22c67995e9c2;353;Réception (B.L. : 1100215800);1100215800;;FOURNISSEUR CENTRALE;;Pas de commande associée;O;06/04/2026 00:00;;06/04/2026 12:13;672.000
