Id;Magasin;Nom affiché;N° bon livraison;Type réception;Fournisseur;Commande fournisseur;Statut commande;Validée;Date réception;Date création;Date validation;Quantité totale;Valorisation HT;Valorisation TTC
001eee45-f1d4-4389-999f-7a1ece891b3a;415;Réception (B.L. : 1800319218);1800319218;;FOURNISSEUR CENTRALE;;Pas de commande associée;O;28/01/2026 00:00;;28/01/2026 12:19;20.464
0025a06e-bf46-4c1e-a26d-dfdcc2ba1f79;412;Réception (B.L. : 1700236266);1700236266;;FOURNISSEUR CENTRALE;;Pas de commande associée;O;02/04/2026 00:00;;02/04/2026 12:11;300.000
00300244-31f6-4ff8-94df-a1e0172d4c82;371;Réception (B.L. : 1800325914);1800325914;;FOURNISSEUR CENTRALE;;Pas de commande associée;O;23/02/2026 00:00;;23/02/2026 12:10;45.000
005cdc61-e988-4f2c-b60d-ee064690f370;412;Réception (B.L. : 1700221334);1700221334;;FOURNISSEUR CENTRALE;;Pas de commande associée;O;20/01/2026 00:00;;20/01/2026 12:18;3.000
005d2847-859f-435e-9a36-61c3c298a3a2;415;Réception (B.L. : 1100204214);1100204214;;FOURNISSEUR CENTRALE;;Pas de commande associée;O;19/01/2026 00:00;;19/01/2026 12:13;3.000
0082855f-310b-489b-a2f2-f05434d9e23d;415;Réception (B.L. : 1100213201);1100213201;;FOURNISSEUR CENTRALE;;Pas de commande associée;O;23/03/2026 00:00;;23/03/2026 12:10;1108.000
0100f282-0b3e-4c5d-9a07-8fd07db8a66d;415;Réception (B.L. : 1800329007);1800329007;;FOURNISSEUR CENTRALE;;Pas de commande associée;O;05/03/2026 00:00;;06/03/2026 12:24;79.000
01286c90-536c-4ceb-86df-532dbc6c4d25;416;Réception (B.L. : 1800316465);1800316465;;FOURNISSEUR CENTRALE;;Pas de commande associée;O;15/01/2026 00:00;;16/01/2026 12:21;23.594
0150f382-a3c5-4dca-ad8d-2212ed9d377d;412;Réception (B.L. : 1700225570);1700225570;;FOURNISSEUR CENTRALE;;Pas de commande associée;O;10/02/2026 00:00;;10/02/2026 12:12;345.000
015e5f64-13fa-493f-b41b-aaaa9791e6c3;371;Réception (B.L. : 1800326590);1800326590;;FOURNISSEUR CENTRALE;;Pas de commande associée;O;25/02/2026 00:00;;25/02/2026 12:10;252.200
01668a97-b8da-466b-a696-5f1293967f6a;416;Réception (B.L. : 1100212395);1100212395;;FOURNISSEUR CENTRALE;;Pas de commande associée;O;18/03/2026 00:00;;18/03/2026 12:12;562.000
0178c0ea-5096-4c81-bb8f-3cf6cd6cd888;416;Réception (B.L. : 1800320841);1800320841;;FOURNISSEUR CENTRALE;;Pas de commande associée;O;04/02/2026 00:00;;04/02/2026 12:19;8.000
018fd124-c2ff-49be-a39a-032cfdc72940;371;Réception (B.L. : 1100206181);1100206181;;FOURNISSEUR CENTRALE;;Pas de commande associée;O;02/02/2026 00:00;;02/02/2026 17:10;204.000
019078a0-15f1-4ef8-a9f5-2b92412222c2;371;Réception (B.L. : 1700232779);1700232779;;FOURNISSEUR CENTRALE;;Pas de commande associée;O;16/03/2026 00:00;;17/03/2026 12:16;212.000
01a46acd-e2a8-47d2-aefa-70a1515649d0;371;Réception (B.L. : 1100205292);1100205292;;FOURNISSEUR CENTRALE;;Pas de commande associée;O;27/01/2026 00:00;;27/01/2026 12:01;1400.000
01c6702f-5651-4382-9ad1-e1337e55fbc1;416;Réception (B.L. : 1100210777);1100210777;;FOURNISSEUR CENTRALE;;Pas de commande associée;O;06/03/2026 00:00;;06/03/2026 12:14;7.000
01d0b562-03a9-46d8-896d-bdc9f2033cc3;412;Réception (B.L. : 1700229939);1700229939;;FOURNISSEUR CENTRALE;;Pas de commande associée;O;03/03/2026 00:00;;03/03/2026 12:17;1770.000
01e09273-aa32-4270-b831-d45ba09faeb3;416;Réception (B.L. : 1700218084);1700218084;;FOURNISSEUR CENTRALE;;Pas de commande associée;O;02/01/2026 00:00;;02/01/2026 17:01;2.000
020fa623-8481-4886-af90-84104b61b1a9;416;Réception (B.L. : 1100205105);1100205105;;FOURNISSEUR CENTRALE;;Pas de commande associée;O;26/01/2026 00:00;;25/01/2026 23:10;1968.000
02330158-5dc8-48bd-94ca-9ee60aa9e2c4;416;Réception (B.L. : 1800325342);1800325342;;FOURNISSEUR CENTRALE;;Pas de commande associée;O;19/02/2026 00:00;;20/02/2026 12:21;387.600
026daf1e-8e53-48fd-a9fb-1b1a417c1981;415;Réception (B.L. : 1700222976);1700222976;;FOURNISSEUR CENTRALE;;Pas de commande associée;O;28/01/2026 00:00;;28/01/2026 12:16;1.000
027098b0-2e47-4292-9ab2-718c83035da5;416;Réception (B.L. : 1100203976);1100203976;;FOURNISSEUR CENTRALE;;Pas de commande associée;O;16/01/2026 00:00;;15/01/2026 23:26;12.000
029a3846-4f72-4b85-be33-3f8ae4316b2f;371;Réception (B.L. : 1800316947);1800316947;;FOURNISSEUR CENTRALE;;Pas de commande associée;O;19/01/2026 00:00;;19/01/2026 12:11;268.240
029d9d9a-b3d8-4c55-a046-cc9aa11163a1;412;Réception (B.L. : 1700232201);1700232201;;FOURNISSEUR CENTRALE;;Pas de commande associée;O;13/03/2026 00:00;;13/03/2026 12:17;229.000
02a2f1c8-6da9-449c-94c0-1965fbd61010;416;Réception (B.L. : 1100211752);1100211752;;FOURNISSEUR CENTRALE;;Pas de commande associée;O;13/03/2026 00:00;;13/03/2026 12:12;1984.000
02bcb0c4-eb54-47c0-afe6-c712c672153f;416;Réception (B.L. : 1800313273);1800313273;;FOURNISSEUR CENTRALE;;Pas de commande associée;O;02/01/2026 00:00;;02/01/2026 17:09;4.000
02d66f0e-a95d-4dd7-bed2-2a7431a87d39;415;Réception (B.L. : 1200103532);1200103532;;FOURNISSEUR CENTRALE;;Pas de commande associée;O;06/02/2026 00:00;;06/02/2026 12:11;1.000
02e10026-ec87-4f0f-b83e-37f9ec4f7a65;412;Réception (B.L. : 1700221325);1700221325;;FOURNISSEUR CENTRALE;;Pas de commande associée;O;20/01/2026 00:00;;20/01/2026 12:13;1073.000
02edb5c3-f85b-4b6d-9599-f5c8bde3ff2b;371;Réception (B.L. : 1700232780);1700232780;;FOURNISSEUR CENTRALE;;Pas de commande associée;O;16/03/2026 00:00;;17/03/2026 12:17;461.000
0333e407-3bfb-4079-93bf-f6017203c816;415;Réception (B.L. : 1100212466);1100212466;;FOURNISSEUR CENTRALE;;Pas de commande associée;O;18/03/2026 00:00;;18/03/2026 12:14;6.000
03898717-1cc5-4b5f-9800-8460bc9e0a14;416;Réception (B.L. : 1200106659);1200106659;;FOURNISSEUR CENTRALE;;Pas de commande associée;O;18/03/2026 00:00;;18/03/2026 12:10;1.000
0395de65-69d2-4594-b94e-027cbe0ca2a7;412;Réception (B.L. : 1800320824);1800320824;;FOURNISSEUR CENTRALE;;Pas de commande associée;O;04/02/2026 00:00;;04/02/2026 12:13;113.100
03bcbd97-d66a-4c4a-8b75-b0394a16aa0c;371;Réception (B.L. : 1800323494);1800323494;;FOURNISSEUR CENTRALE;;Pas de commande associée;O;13/02/2026 00:00;;13/02/2026 12:22;180.000
03eb6a91-a6fb-4c21-ab0d-91b0eed71bca;416;Réception (B.L. : 1800319237);1800319237;;FOURNISSEUR CENTRALE;;Pas de commande associée;O;28/01/2026 00:00;;28/01/2026 12:17;742.000
0417f558-737a-4c3d-9801-dc677e736c38;415;Réception (B.L. : 1100207901);1100207901;;FOURNISSEUR CENTRALE;;Pas de commande associée;O;13/02/2026 00:00;;13/02/2026 12:13;820.000
041ed159-3218-495a-8a39-8300fa86786e;416;Réception (B.L. : 1700232998);1700232998;;FOURNISSEUR CENTRALE;;Pas de commande associée;O;17/03/2026 00:00;;18/03/2026 12:26;389.000
04497e7c-dcd4-43d2-9a2a-032556906642;415;Réception (B.L. : 1800326616);1800326616;;FOURNISSEUR CENTRALE;;Pas de commande associée;O;25/02/2026 00:00;;25/02/2026 12:22;532.200
0451723d-07c3-47d4-8754-62c51618a135;416;Réception (B.L. : 1100211825);1100211825;;FOURNISSEUR CENTRALE;;Pas de commande associée;O;13/03/2026 00:00;;13/03/2026 12:14;4.000
048b662b-8dff-4415-8558-5483d71500bc;415;Réception (B.L. : 1800327382);1800327382;;FOURNISSEUR CENTRALE;;Pas de commande associée;O;27/02/2026 00:00;;27/02/2026 17:11;53.000
04ededc4-6378-4ec3-9850-5d38913a9f26;415;Réception (B.L. : 1100212383);1100212383;;FOURNISSEUR CENTRALE;;Pas de commande associée;O;17/03/2026 00:00;;17/03/2026 17:01;144.000
04fb6388-286c-47ce-9926-c4f633628cae;416;Réception (B.L. : 1800327376);1800327376;;FOURNISSEUR CENTRALE;;Pas de commande associée;O;27/02/2026 00:00;;27/02/2026 17:11;27.000
050bb918-fb76-4096-b88f-7c1383949d49;412;Réception (B.L. : 1100208380);1100208380;;FOURNISSEUR CENTRALE;;Pas de commande associée;O;17/02/2026 00:00;;17/02/2026 12:13;3.000
051938e2-f113-44a9-94fe-daafb723e180;371;Réception (B.L. : 1800321328);1800321328;;FOURNISSEUR CENTRALE;;Pas de commande associée;O;06/02/2026 00:00;;06/02/2026 12:24;350.000
051d7f76-2a70-48a3-8940-d9fe436f94bc;371;Réception (B.L. : 1200103420);1200103420;;FOURNISSEUR CENTRALE;;Pas de commande associée;O;05/02/2026 00:00;;05/02/2026 12:10;3.000
0535fac4-eee1-4bc2-8b64-8fb3ef74cd20;412;Réception (B.L. : 1700232798);1700232798;;FOURNISSEUR CENTRALE;;Pas de commande associée;O;17/03/2026 00:00;;17/03/2026 12:14;351.000
05450f3f-e9ad-43be-9dbe-61e34b2247b0;416;Réception (B.L. : 1700225787);1700225787;;FOURNISSEUR CENTRALE;;Pas de commande associée;O;11/02/2026 00:00;;11/02/2026 12:12;1358.000
055fb659-1e48-48fa-b032-a1df354d7dd7;416;Réception (B.L. : 1800319733);1800319733;;FOURNISSEUR CENTRALE;;Pas de commande associée;O;30/01/2026 00:00;;30/01/2026 12:20;6.000
0576a4d9-cb86-4222-a9a1-92cd09cb4e26;412;Réception (B.L. : 1700228506);1700228506;;FOURNISSEUR CENTRALE;;Pas de commande associée;O;23/02/2026 00:00;;24/02/2026 12:12;504.000
057bcda3-3d4e-43f1-bc71-54b6b5b7aea8;416;Réception (B.L. : 1800325969);1800325969;;FOURNISSEUR CENTRALE;;Pas de commande associée;O;23/02/2026 00:00;;23/02/2026 12:22;17.000
05cda913-26aa-41c0-bbe9-01568c3991c4;371;Réception (B.L. : 1100213551);1100213551;;FOURNISSEUR CENTRALE;;Pas de commande associée;O;24/03/2026 00:00;;24/03/2026 12:14;2.000
05e2cedf-d968-48a4-959c-5da94c932961;416;Réception (B.L. : 1800335601);1800335601;;FOURNISSEUR CENTRALE;;Pas de commande associée;O;01/04/2026 00:00;;01/04/2026 12:24;17.000
05f9dc43-e6e2-44d4-bfe0-210b7ec85d32;371;Réception (B.L. : 1800329064);1800329064;;FOURNISSEUR CENTRALE;;Pas de commande associée;O;06/03/2026 00:00;;06/03/2026 12:26;13.000
06041f28-3432-42db-a94f-4642644b41ae;416;Réception (B.L. : 1800320212);1800320212;;FOURNISSEUR CENTRALE;;Pas de commande associée;O;02/02/2026 00:00;;02/02/2026 12:19;600.000
0614669a-884f-459e-b40b-4ae59468aa0f;416;Réception (B.L. : 1100208471);1100208471;;FOURNISSEUR CENTRALE;;Pas de commande associée;O;18/02/2026 00:00;;18/02/2026 12:15;3127.000
0634e752-8834-415a-8466-2c04aaaeb67e;412;Réception (B.L. : 1100208313);1100208313;;FOURNISSEUR CENTRALE;;Pas de commande associée;O;17/02/2026 00:00;;17/02/2026 12:11;748.000
0665620f-3970-4b66-b9b4-c04f11b36dbf;415;Réception (B.L. : 1700231898);1700231898;;FOURNISSEUR CENTRALE;;Pas de commande associée;O;11/03/2026 00:00;;11/03/2026 12:21;8.000
066643ba-6ad9-4ea4-8989-6e5cd4118065;415;Réception (B.L. : 1100213203);1100213203;;FOURNISSEUR CENTRALE;;Pas de commande associée;O;23/03/2026 00:00;;23/03/2026 12:12;84.000
0694877d-9d25-469c-aa2f-65309e05eb86;415;Réception (B.L. : 1800320840);1800320840;;FOURNISSEUR CENTRALE;;Pas de commande associée;O;04/02/2026 00:00;;04/02/2026 12:24;85.000
06b44bc0-d8f9-4949-9785-82973f0d5ee2;415;Réception (B.L. : 1700227194);1700227194;;FOURNISSEUR CENTRALE;;Pas de commande associée;O;17/02/2026 00:00;;18/02/2026 12:14;1684.000
06df4fab-086d-40e2-8b12-b297a8e0352c;415;Réception (B.L. : 1700224288);1700224288;;FOURNISSEUR CENTRALE;;Pas de commande associée;O;04/02/2026 00:00;;04/02/2026 12:14;569.000
06f7592b-9000-46e5-94ba-cf4d08d31af9;416;Réception (B.L. : 1100207905);1100207905;;FOURNISSEUR CENTRALE;;Pas de commande associée;O;13/02/2026 00:00;;13/02/2026 12:13;862.000
06f78267-3e2b-431e-9456-143216a1f019;416;Réception (B.L. : 1100202598);1100202598;;FOURNISSEUR CENTRALE;;Pas de commande associée;O;06/01/2026 00:00;;06/01/2026 17:01;102.000
072a9b89-6e78-4ed7-8721-a6a8d23e5e04;416;Réception (B.L. : 1100214870);1100214870;;FOURNISSEUR CENTRALE;;Pas de commande associée;O;01/04/2026 00:00;;01/04/2026 12:13;54.000
0753b65d-27fe-46c3-9a62-314faa29b6e3;415;Réception (B.L. : 1700219317);1700219317;;FOURNISSEUR CENTRALE;;Pas de commande associée;O;09/01/2026 00:00;;09/01/2026 12:16;195.000
07667384-1e05-4143-8bc3-8c9959bc7001;416;Réception (B.L. : 1700232996);1700232996;;FOURNISSEUR CENTRALE;;Pas de commande associée;O;17/03/2026 00:00;;18/03/2026 12:24;110.000
077e6534-11fe-4a9b-8b79-bb7a0fe2ef6d;416;Réception (B.L. : 1100203974);1100203974;;FOURNISSEUR CENTRALE;;Pas de commande associée;O;16/01/2026 00:00;;15/01/2026 23:24;84.000
081ae223-d604-43de-a28a-7b89496a503b;415;Réception (B.L. : 1100205731);1100205731;;FOURNISSEUR CENTRALE;;Pas de commande associée;O;29/01/2026 00:00;;29/01/2026 17:10;12.000
0878b8f6-8033-46fd-ad75-035bb7b64588;415;Réception (B.L. : 1200105402);1200105402;;FOURNISSEUR CENTRALE;;Pas de commande associée;O;27/02/2026 00:00;;27/02/2026 12:11;1.000
0896d512-cc89-45ab-81f2-56650560211c;416;Réception (B.L. : 1100204568);1100204568;;FOURNISSEUR CENTRALE;;Pas de commande associée;O;21/01/2026 00:00;;21/01/2026 12:13;4.000
08a45d4c-95df-44ca-899a-799c5d693155;416;Réception (B.L. : 1800315047);1800315047;;FOURNISSEUR CENTRALE;;Pas de commande associée;O;12/01/2026 00:00;;12/01/2026 12:19;305.000
08d9f3d9-3595-4b5e-889f-bc3b6fe94c1c;415;Réception (B.L. : 1700220238);1700220238;;FOURNISSEUR CENTRALE;;Pas de commande associée;O;14/01/2026 00:00;;14/01/2026 12:15;957.000
0936cfb3-1ff0-4e47-a686-5ec9b6dd30d9;412;Réception (B.L. : 1100204376);1100204376;;FOURNISSEUR CENTRALE;;Pas de commande associée;O;20/01/2026 00:00;;19/01/2026 23:31;691.000
093d7277-9134-4cba-b48d-4f3322469e10;412;Réception (B.L. : 1700224025);1700224025;;FOURNISSEUR CENTRALE;;Pas de commande associée;O;02/02/2026 00:00;;02/02/2026 17:10;30.000
0958b027-e11f-40f9-abd3-85737d53af76;416;Réception (B.L. : 1700227201);1700227201;;FOURNISSEUR CENTRALE;;Pas de commande associée;O;17/02/2026 00:00;;18/02/2026 12:19;132.000
0966be78-28b1-4cb9-9205-e03aa26ea3a2;415;Réception (B.L. : 1800316481);1800316481;;FOURNISSEUR CENTRALE;;Pas de commande associée;O;16/01/2026 00:00;;16/01/2026 12:26;10.000
098b0078-b244-41ca-bc86-4fb4eb41fcdf;416;Réception (B.L. : 1700229717);1700229717;;FOURNISSEUR CENTRALE;;Pas de commande associée;O;02/03/2026 00:00;;02/03/2026 12:21;7.000
09c6b22a-f92f-4f2e-9fdb-6dfb40444628;416;Réception (B.L. : 1800331456);1800331456;;FOURNISSEUR CENTRALE;;Pas de commande associée;O;16/03/2026 00:00;;16/03/2026 12:24;418.847
09da41f5-3ca7-4c1e-a2ce-e460a432f9d9;416;Réception (B.L. : 1800319734);1800319734;;FOURNISSEUR CENTRALE;;Pas de commande associée;O;30/01/2026 00:00;;30/01/2026 12:21;188.000
09f75f6f-b9b1-4c3b-ac87-3f24743a67b7;416;Réception (B.L. : 1700218102);1700218102;;FOURNISSEUR CENTRALE;;Pas de commande associée;O;02/01/2026 00:00;;02/01/2026 17:03;54.000
0a29d59f-63e4-4b5b-8fd2-44c20af2c0b0;416;Réception (B.L. : 1800313637);1800313637;;FOURNISSEUR CENTRALE;;Pas de commande associée;O;05/01/2026 00:00;;05/01/2026 12:11;8.000
0a2cba61-34e1-48bd-893a-f71d3c2768f1;412;Réception (B.L. : 1100212244);1100212244;;FOURNISSEUR CENTRALE;;Pas de commande associée;O;16/03/2026 00:00;;16/03/2026 12:11;72.000
0a334d74-6f72-456f-90c7-deec44c0ceed;416;Réception (B.L. : 1700225816);1700225816;;FOURNISSEUR CENTRALE;;Pas de commande associée;O;11/02/2026 00:00;;11/02/2026 12:18;7.000
0a3f23f1-8bea-4968-ba8e-e1c5c41218d5;415;Réception (B.L. : 1100208469);1100208469;;FOURNISSEUR CENTRALE;;Pas de commande associée;O;18/02/2026 00:00;;18/02/2026 12:12;90.000
0a9ab678-0df1-4520-9739-77b9da0c2ca7;416;Réception (B.L. : 1700232540);1700232540;;FOURNISSEUR CENTRALE;;Pas de commande associée;O;15/03/2026 00:00;;16/03/2026 12:17;345.000
0aa90f38-9ef6-4883-a1d7-40b14f36b5e1;416;Réception (B.L. : 1100205524);1100205524;;FOURNISSEUR CENTRALE;;Pas de commande associée;O;28/01/2026 00:00;;28/01/2026 12:10;5.000
0acbc73d-80fd-4105-9ec2-380c6d56a379;416;Réception (B.L. : 1800323445);1800323445;;FOURNISSEUR CENTRALE;;Pas de commande associée;O;13/02/2026 00:00;;13/02/2026 12:19;800.000
0b00b17b-6695-4639-9789-4bb6f608b4a6;371;Réception (B.L. : 1800334972);1800334972;;FOURNISSEUR CENTRALE;;Pas de commande associée;O;30/03/2026 00:00;;30/03/2026 17:12;289.600
0b1a4a81-cb70-4d83-b0a6-49f5c42ba4d8;371;Réception (B.L. : 1700229888);1700229888;;FOURNISSEUR CENTRALE;;Pas de commande associée;O;03/03/2026 00:00;;03/03/2026 12:16;2517.000
0b367ee9-29ec-4bc4-ab1b-4a837e813db2;371;Réception (B.L. : 1100212243);1100212243;;FOURNISSEUR CENTRALE;;Pas de commande associée;O;16/03/2026 00:00;;16/03/2026 12:11;78.000
0b3d3cc2-6152-4463-9df8-5a3df9b2a633;415;Réception (B.L. : 1100207505);1100207505;;FOURNISSEUR CENTRALE;;Pas de commande associée;O;10/02/2026 00:00;;10/02/2026 17:11;30.000
0b3f47d5-673c-4b27-be37-603812ee3224;416;Réception (B.L. : 1800321361);1800321361;;FOURNISSEUR CENTRALE;;Pas de commande associée;O;06/02/2026 00:00;;06/02/2026 12:23;510.000
0b82a2cb-586b-4071-8ba1-c80a276dd55c;416;Réception (B.L. : 1700235021);1700235021;;FOURNISSEUR CENTRALE;;Pas de commande associée;O;27/03/2026 00:00;;27/03/2026 12:19;16.000
0b880a32-8e8a-4692-94ad-c09b14926b34;412;Réception (B.L. : 1100212918);1100212918;;FOURNISSEUR CENTRALE;;Pas de commande associée;O;20/03/2026 00:00;;20/03/2026 12:12;1114.000
0b8c57f8-b846-48a7-b633-97d81a049790;416;Réception (B.L. : 1700219323);1700219323;;FOURNISSEUR CENTRALE;;Pas de commande associée;O;09/01/2026 00:00;;09/01/2026 12:15;288.000
0bbf54d6-d3ab-4606-9282-6c24f85c0600;415;Réception (B.L. : 1700224924);1700224924;;FOURNISSEUR CENTRALE;;Pas de commande associée;O;06/02/2026 00:00;;06/02/2026 12:20;41.000
0bc9b483-ed78-4898-893c-f5b9ca529ced;415;Réception (B.L. : 1700235923);1700235923;;FOURNISSEUR CENTRALE;;Pas de commande associée;O;01/04/2026 00:00;;01/04/2026 12:16;3.000
0bcdf93b-c25f-4f63-bf51-15c2b23040f9;415;Réception (B.L. : 1100207587);1100207587;;FOURNISSEUR CENTRALE;;Pas de commande associée;O;11/02/2026 00:00;;11/02/2026 12:13;4.000
0bcf8e29-f207-43f6-8e1d-6432e43498e6;412;Réception (B.L. : 1800334508);1800334508;;FOURNISSEUR CENTRALE;;Pas de commande associée;O;27/03/2026 00:00;;27/03/2026 17:11;8.000
0c1e84c0-297c-4b3a-b827-cc233a109215;415;Réception (B.L. : 1700231767);1700231767;;FOURNISSEUR CENTRALE;;Pas de commande associée;O;11/03/2026 00:00;;11/03/2026 12:19;1893.000
0c377070-c9a5-4f23-a6b8-e094f84b0dc1;415;Réception (B.L. : 1800322864);1800322864;;FOURNISSEUR CENTRALE;;Pas de commande associée;O;11/02/2026 00:00;;11/02/2026 12:24;30.000
0c4da9da-dcec-44c6-a55b-110b0feaffc8;412;Réception (B.L. : 1100210141);1100210141;;FOURNISSEUR CENTRALE;;Pas de commande associée;O;03/03/2026 00:00;;03/03/2026 12:12;997.000
0c8c0a95-bfef-46eb-b91a-5c47b5202f54;371;Réception (B.L. : 1200105126);1200105126;;FOURNISSEUR CENTRALE;;Pas de commande associée;O;24/02/2026 00:00;;24/02/2026 12:11;1.000
0c91faec-9103-47ae-8dcc-9988cb521641;415;Réception (B.L. : 1800321480);1800321480;;FOURNISSEUR CENTRALE;;Pas de commande associée;O;06/02/2026 00:00;;06/02/2026 17:11;81.000
0cb30d07-0279-4db1-80d1-7ce8e90eceae;415;Réception (B.L. : 1800329586);1800329586;;FOURNISSEUR CENTRALE;;Pas de commande associée;O;09/03/2026 00:00;;09/03/2026 12:20;11.000
0cca5a83-2a31-4dfa-b402-209f4651734d;416;Réception (B.L. : 1700234036);1700234036;;FOURNISSEUR CENTRALE;;Pas de commande associée;O;23/03/2026 00:00;;23/03/2026 12:16;234.000
0cd61ab7-65e0-44d7-8dd5-e20c02a4b263;415;Réception (B.L. : 1800333257);1800333257;;FOURNISSEUR CENTRALE;;Pas de commande associée;O;22/03/2026 00:00;;23/03/2026 12:21;16.000
0cdf8273-1242-41c6-9103-2bc2b55a6ebb;412;Réception (B.L. : 1700234277);1700234277;;FOURNISSEUR CENTRALE;;Pas de commande associée;O;24/03/2026 00:00;;24/03/2026 12:18;500.000
0d0434e1-f12f-49aa-afa9-598c4a9f0749;415;Réception (B.L. : 1700230910);1700230910;;FOURNISSEUR CENTRALE;;Pas de commande associée;O;06/03/2026 00:00;;06/03/2026 12:20;20.000
0d24e66c-5db6-4484-a99c-baa7c1a243b9;416;Réception (B.L. : 1800319736);1800319736;;FOURNISSEUR CENTRALE;;Pas de commande associée;O;30/01/2026 00:00;;30/01/2026 12:23;313.654
0d3b1fc5-d2a7-43b3-a70b-57fc8da51b00;416;Réception (B.L. : 1700235874);1700235874;;FOURNISSEUR CENTRALE;;Pas de commande associée;O;01/04/2026 00:00;;01/04/2026 12:17;649.000
0d47106f-7384-44e2-910f-faf035755ab7;416;Réception (B.L. : 1800321953);1800321953;;FOURNISSEUR CENTRALE;;Pas de commande associée;O;09/02/2026 00:00;;09/02/2026 17:14;26.000
0d687064-ee9c-4c03-a601-bd7c4ee77c67;416;Réception (B.L. : 1700222175);1700222175;;FOURNISSEUR CENTRALE;;Pas de commande associée;O;22/01/2026 00:00;;23/01/2026 12:08;1518.000
0d93e3fd-7017-40dc-abe8-285c97a0b9c4;412;Réception (B.L. : 1700230905);1700230905;;FOURNISSEUR CENTRALE;;Pas de commande associée;O;06/03/2026 00:00;;06/03/2026 12:19;1178.000
0dac97e6-5dd5-4b08-97c5-3f6ac6023c34;416;Réception (B.L. : 1800315819);1800315819;;FOURNISSEUR CENTRALE;;Pas de commande associée;O;14/01/2026 00:00;;14/01/2026 12:19;654.000
0ddc9d2e-5edf-4424-ac08-674191709d5c;415;Réception (B.L. : 1100209527);1100209527;;FOURNISSEUR CENTRALE;;Pas de commande associée;O;25/02/2026 00:00;;25/02/2026 12:12;24.000
0de15648-daf4-4686-8a25-363e31e82185;371;Réception (B.L. : 1800325315);1800325315;;FOURNISSEUR CENTRALE;;Pas de commande associée;O;19/02/2026 00:00;;20/02/2026 12:21;1440.000
0de4420c-1104-44f9-b13c-33593ed11081;412;Réception (B.L. : 1800323971);1800323971;;FOURNISSEUR CENTRALE;;Pas de commande associée;O;16/02/2026 00:00;;16/02/2026 12:11;286.000
0df198a4-f819-41aa-8929-c11eba2733e9;371;Réception (B.L. : 1800320789);1800320789;;FOURNISSEUR CENTRALE;;Pas de commande associée;O;04/02/2026 00:00;;04/02/2026 12:11;60.000
0dfe3b0e-c35b-448f-a49a-3b80c9958c06;416;Réception (B.L. : 1100204842);1100204842;;FOURNISSEUR CENTRALE;;Pas de commande associée;O;23/01/2026 00:00;;23/01/2026 12:01;558.000
0dff3a0f-7760-4ad6-a555-9804c01cc044;415;Réception (B.L. : 1700219225);1700219225;;FOURNISSEUR CENTRALE;;Pas de commande associée;O;08/01/2026 00:00;;08/01/2026 12:15;34.000
0e193167-1261-4b6e-aa01-0c151d25ba3f;416;Réception (B.L. : 1800314285);1800314285;;FOURNISSEUR CENTRALE;;Pas de commande associée;O;07/01/2026 00:00;;07/01/2026 12:17;7.000
0e196c22-cf30-427b-bda4-e97938b2eec8;412;Réception (B.L. : 1800333294);1800333294;;FOURNISSEUR CENTRALE;;Pas de commande associée;O;23/03/2026 00:00;;23/03/2026 17:12;3.000
0e36a2f6-d16f-4a14-8556-929ebec9adf2;415;Réception (B.L. : 1800325944);1800325944;;FOURNISSEUR CENTRALE;;Pas de commande associée;O;23/02/2026 00:00;;23/02/2026 12:22;159.400
0e46941a-5f20-4746-a774-70ca6e45369e;371;Réception (B.L. : 1700235630);1700235630;;FOURNISSEUR CENTRALE;;Pas de commande associée;O;30/03/2026 00:00;;31/03/2026 12:14;36.000
0e6b43b0-f86b-44e6-8feb-56aae92a0479;415;Réception (B.L. : 1700220615);1700220615;;FOURNISSEUR CENTRALE;;Pas de commande associée;O;15/01/2026 00:00;;16/01/2026 12:21;4.000
0ea51713-3ea4-4dea-a69e-cd3a04e5828f;371;Réception (B.L. : 1800325316);1800325316;;FOURNISSEUR CENTRALE;;Pas de commande associée;O;19/02/2026 00:00;;20/02/2026 12:22;425.000
0ea6e1e0-07ad-45b9-b07a-4c0a8ec3e5ca;415;Réception (B.L. : 1700230176);1700230176;;FOURNISSEUR CENTRALE;;Pas de commande associée;O;04/03/2026 00:00;;04/03/2026 12:20;34.000
0eedc6a7-33f8-4c1b-aef0-375450f93db4;412;Réception (B.L. : 1700225620);1700225620;;FOURNISSEUR CENTRALE;;Pas de commande associée;O;10/02/2026 00:00;;10/02/2026 12:17;6.000
0f0647c6-49e3-44f8-8471-090b6e680871;371;Réception (B.L. : 1700220634);1700220634;;FOURNISSEUR CENTRALE;;Pas de commande associée;O;15/01/2026 00:00;;16/01/2026 12:03;473.000
0f0b9968-d121-4c92-bcfd-51982279eabe;371;Réception (B.L. : 1800332720);1800332720;;FOURNISSEUR CENTRALE;;Pas de commande associée;O;20/03/2026 00:00;;20/03/2026 12:16;222.000
0f24ce99-1288-41d9-a24a-1d41337f4b50;415;Réception (B.L. : 1800335600);1800335600;;FOURNISSEUR CENTRALE;;Pas de commande associée;O;01/04/2026 00:00;;01/04/2026 12:19;46.000
0f2f85a6-e0c4-4f1b-b9e1-e4904a48a271;416;Réception (B.L. : 1800320213);1800320213;;FOURNISSEUR CENTRALE;;Pas de commande associée;O;02/02/2026 00:00;;02/02/2026 12:20;232.000
0f4ebd38-6d42-4075-ab28-ecac284dc673;371;Réception (B.L. : 1800333785);1800333785;;FOURNISSEUR CENTRALE;;Pas de commande associée;O;24/03/2026 00:00;;25/03/2026 12:11;212.900
0f611022-0b01-4940-b748-e16dacec3e59;371;Réception (B.L. : 1100204424);1100204424;;FOURNISSEUR CENTRALE;;Pas de commande associée;O;20/01/2026 00:00;;20/01/2026 12:01;2.000
0f732e90-a0be-4ccb-bc47-4d47c40972dc;371;Réception (B.L. : 1800319255);1800319255;;FOURNISSEUR CENTRALE;;Pas de commande associée;O;28/01/2026 00:00;;28/01/2026 12:11;250.000
0f7640bc-f21c-4d6f-9956-a3db54f7d763;416;Réception (B.L. : 1700223905);1700223905;;FOURNISSEUR CENTRALE;;Pas de commande associée;O;02/02/2026 00:00;;02/02/2026 12:18;2.000
0f994622-e4f0-4102-ab20-109f5269f969;416;Réception (B.L. : 1100208839);1100208839;;FOURNISSEUR CENTRALE;;Pas de commande associée;O;19/02/2026 00:00;;19/02/2026 17:10;18.000
0fd5ec24-cb29-44bd-90b2-af825e4d82a6;415;Réception (B.L. : 1100214240);1100214240;;FOURNISSEUR CENTRALE;;Pas de commande associée;O;27/03/2026 00:00;;27/03/2026 12:14;664.000
0ff9d42c-308a-47a2-adc4-d75083008cd5;416;Réception (B.L. : 1800314824);1800314824;;FOURNISSEUR CENTRALE;;Pas de commande associée;O;09/01/2026 00:00;;09/01/2026 17:02;8.000
10570b3a-cd51-455d-9581-f306867cef99;371;Réception (B.L. : 1700235075);1700235075;;FOURNISSEUR CENTRALE;;Pas de commande associée;O;27/03/2026 00:00;;27/03/2026 12:17;3.000
10ea048a-94e0-43e0-82f4-20bb30c1aab6;416;Réception (B.L. : 1100202640);1100202640;;FOURNISSEUR CENTRALE;;Pas de commande associée;O;07/01/2026 00:00;;07/01/2026 12:12;90.000
10f0bf7f-65fb-4827-a85f-b0766a97d49f;415;Réception (B.L. : 1700223420);1700223420;;FOURNISSEUR CENTRALE;;Pas de commande associée;O;29/01/2026 00:00;;30/01/2026 12:20;20.000
11402bdb-b1ac-4012-a883-b8171e187969;416;Réception (B.L. : 1800320221);1800320221;;FOURNISSEUR CENTRALE;;Pas de commande associée;O;02/02/2026 00:00;;02/02/2026 12:22;24.000
11699dd2-450d-416b-a340-ef73a8694685;371;Réception (B.L. : 1100208831);1100208831;;FOURNISSEUR CENTRALE;;Pas de commande associée;O;19/02/2026 00:00;;19/02/2026 17:10;108.000
119c6ea8-cd8c-4531-9b31-bf4876e5bad1;371;Réception (B.L. : 1800318622);1800318622;;FOURNISSEUR CENTRALE;;Pas de commande associée;O;26/01/2026 00:00;;26/01/2026 17:13;365.200
11b4bc9e-644c-4c29-86fb-8104d309226a;415;Réception (B.L. : 1700221019);1700221019;;FOURNISSEUR CENTRALE;;Pas de commande associée;O;18/01/2026 00:00;;19/01/2026 12:15;118.000
11bd38ed-0460-4c92-be5c-bc4b07cb4df0;415;Réception (B.L. : 1800331459);1800331459;;FOURNISSEUR CENTRALE;;Pas de commande associée;O;16/03/2026 00:00;;16/03/2026 12:25;45.000
11c0c113-81cc-46d4-80c8-70f49b84f214;416;Réception (B.L. : 1700229191);1700229191;;FOURNISSEUR CENTRALE;;Pas de commande associée;O;26/02/2026 00:00;;27/02/2026 12:15;201.000
11f635d1-a72b-4983-8d97-8fc10554c90e;416;Réception (B.L. : 1700220197);1700220197;;FOURNISSEUR CENTRALE;;Pas de commande associée;O;14/01/2026 00:00;;14/01/2026 12:11;419.000
12049763-6c1a-4a87-b784-5264b5bf6fa0;416;Réception (B.L. : 1100212365);1100212365;;FOURNISSEUR CENTRALE;;Pas de commande associée;O;17/03/2026 00:00;;17/03/2026 17:01;6.000
123f15e3-c8bf-49f1-8811-726b34b856f5;415;Réception (B.L. : 1700230173);1700230173;;FOURNISSEUR CENTRALE;;Pas de commande associée;O;04/03/2026 00:00;;04/03/2026 12:17;5.000
125bfcc1-1e74-420a-9aeb-c839d31e198c;416;Réception (B.L. : 1800322826);1800322826;;FOURNISSEUR CENTRALE;;Pas de commande associée;O;11/02/2026 00:00;;11/02/2026 12:21;72.000
1286ac52-d39c-48ea-82d9-5b9018400013;416;Réception (B.L. : 1200101240);1200101240;;FOURNISSEUR CENTRALE;;Pas de commande associée;O;08/01/2026 00:00;;08/01/2026 12:10;20.000
129564a7-5e01-4f1d-8834-624f8045793e;412;Réception (B.L. : 1100206749);1100206749;;FOURNISSEUR CENTRALE;;Pas de commande associée;O;05/02/2026 00:00;;05/02/2026 17:11;114.000
1295f004-736d-4e9d-b631-2b43c35afcde;415;Réception (B.L. : 1700229787);1700229787;;FOURNISSEUR CENTRALE;;Pas de commande associée;O;02/03/2026 00:00;;02/03/2026 12:18;892.000
12ae8820-d9ea-45e8-a38a-76beeabe9154;416;Réception (B.L. : 1700233700);1700233700;;FOURNISSEUR CENTRALE;;Pas de commande associée;O;19/03/2026 00:00;;20/03/2026 12:17;562.000
12f16113-11c1-41ce-97ad-173703cfbee2;371;Réception (B.L. : 1800321905);1800321905;;FOURNISSEUR CENTRALE;;Pas de commande associée;O;09/02/2026 00:00;;09/02/2026 12:12;500.900
12f53213-4d1e-4170-b30d-e7b83c04abd2;371;Réception (B.L. : 1800326591);1800326591;;FOURNISSEUR CENTRALE;;Pas de commande associée;O;25/02/2026 00:00;;25/02/2026 12:11;10.000
130d745d-d32a-474a-8f39-d1daceb0ab4a;371;Réception (B.L. : 1800327307);1800327307;;FOURNISSEUR CENTRALE;;Pas de commande associée;O;26/02/2026 00:00;;27/02/2026 12:21;360.900
137515d2-798c-4f0a-b9a8-0ddf8f075541;415;Réception (B.L. : 1700225288);1700225288;;FOURNISSEUR CENTRALE;;Pas de commande associée;O;09/02/2026 00:00;;09/02/2026 12:18;68.000
137b8bf4-ae47-489b-91a0-7e48526c04e9;412;Réception (B.L. : 1100212865);1100212865;;FOURNISSEUR CENTRALE;;Pas de commande associée;O;19/03/2026 00:00;;19/03/2026 17:11;24.000
13817ddb-4fd7-4564-bdda-4492b2770055;371;Réception (B.L. : 1100212323);1100212323;;FOURNISSEUR CENTRALE;;Pas de commande associée;O;17/03/2026 00:00;;17/03/2026 12:13;4.000
13b0e939-dcbc-41ce-8259-a250fb83f552;412;Réception (B.L. : 1100211737);1100211737;;FOURNISSEUR CENTRALE;;Pas de commande associée;O;13/03/2026 00:00;;13/03/2026 12:11;396.000
13b63220-3ad3-432d-b015-7244720f26d1;415;Réception (B.L. : 1100211750);1100211750;;FOURNISSEUR CENTRALE;;Pas de commande associée;O;13/03/2026 00:00;;13/03/2026 12:14;42.000
13c6f5d1-18f0-4914-b64d-74fb0a75e892;415;Réception (B.L. : 1800329557);1800329557;;FOURNISSEUR CENTRALE;;Pas de commande associée;O;09/03/2026 00:00;;09/03/2026 12:17;64.000
13dd8bf2-39f5-44e7-8874-19a036857b61;412;Réception (B.L. : 1800320823);1800320823;;FOURNISSEUR CENTRALE;;Pas de commande associée;O;04/02/2026 00:00;;04/02/2026 12:12;40.000
13ebb718-cd44-4ad5-b6d4-f7c0a071ec11;412;Réception (B.L. : 1700220587);1700220587;;FOURNISSEUR CENTRALE;;Pas de commande associée;O;15/01/2026 00:00;;16/01/2026 12:14;200.000
142b1c39-f2e2-4b25-a777-9ce0027a1f3c;371;Réception (B.L. : 1700221314);1700221314;;FOURNISSEUR CENTRALE;;Pas de commande associée;O;20/01/2026 00:00;;20/01/2026 12:07;1500.000
14337106-53cb-4ce8-bded-ac903e63259a;416;Réception (B.L. : 1700228813);1700228813;;FOURNISSEUR CENTRALE;;Pas de commande associée;O;25/02/2026 00:00;;25/02/2026 12:19;1500.000
14724957-b580-4f6d-8e81-ffe447c0e53b;415;Réception (B.L. : 1800324735);1800324735;;FOURNISSEUR CENTRALE;;Pas de commande associée;O;18/02/2026 00:00;;18/02/2026 12:21;20.000
1478debf-b49f-4f79-8a63-fcedc289c000;412;Réception (B.L. : 1100206202);1100206202;;FOURNISSEUR CENTRALE;;Pas de commande associée;O;03/02/2026 00:00;;03/02/2026 12:02;949.000
148ed195-9dc3-44e2-abe5-e8e2e9107c50;416;Réception (B.L. : 1100213768);1100213768;;FOURNISSEUR CENTRALE;;Pas de commande associée;O;25/03/2026 00:00;;25/03/2026 12:13;2105.000
14c129d2-7d7a-4d8e-a432-d1395657a628;416;Réception (B.L. : 1800333261);1800333261;;FOURNISSEUR CENTRALE;;Pas de commande associée;O;22/03/2026 00:00;;23/03/2026 12:19;84.000
14c23abb-37ce-4630-aea5-d305cf16111f;415;Réception (B.L. : 1800332100);1800332100;;FOURNISSEUR CENTRALE;;Pas de commande associée;O;18/03/2026 00:00;;18/03/2026 12:31;7.000
14db6d02-ac3b-49f0-8f1b-97b2e4485904;412;Réception (B.L. : 1700231563);1700231563;;FOURNISSEUR CENTRALE;;Pas de commande associée;O;10/03/2026 00:00;;10/03/2026 12:23;8.000
14f86105-472c-4693-8654-07082451b452;416;Réception (B.L. : 1800324727);1800324727;;FOURNISSEUR CENTRALE;;Pas de commande associée;O;18/02/2026 00:00;;18/02/2026 12:28;20.000
152d55b6-67a7-45a2-bbc5-ac711480f54a;371;Réception (B.L. : 1800328981);1800328981;;FOURNISSEUR CENTRALE;;Pas de commande associée;O;05/03/2026 00:00;;06/03/2026 12:23;36.000
1530275e-278f-4366-b141-5c34b6926276;415;Réception (B.L. : 1100203951);1100203951;;FOURNISSEUR CENTRALE;;Pas de commande associée;O;15/01/2026 00:00;;15/01/2026 18:02;18.000
153b99c9-b972-41a8-8b1a-c73655a6d128;415;Réception (B.L. : 1100211361);1100211361;;FOURNISSEUR CENTRALE;;Pas de commande associée;O;10/03/2026 00:00;;10/03/2026 17:01;12.000
1567d0c6-cc0f-4a21-a792-963cf94a7680;415;Réception (B.L. : 1200104808);1200104808;;FOURNISSEUR CENTRALE;;Pas de commande associée;O;20/02/2026 00:00;;20/02/2026 12:12;50.000
156ba754-466e-46b4-b34f-8393547aeeb7;416;Réception (B.L. : 1800318205);1800318205;;FOURNISSEUR CENTRALE;;Pas de commande associée;O;23/01/2026 00:00;;23/01/2026 17:10;27.000
157975fd-f822-491f-8b7c-89a63426cae4;412;Réception (B.L. : 1100206932);1100206932;;FOURNISSEUR CENTRALE;;Pas de commande associée;O;06/02/2026 00:00;;06/02/2026 12:15;4.000
15867c87-4002-4207-b66e-62c5ce3d060d;415;Réception (B.L. : 1800332085);1800332085;;FOURNISSEUR CENTRALE;;Pas de commande associée;O;18/03/2026 00:00;;18/03/2026 12:30;915.000
15b19ac3-ed27-453b-91d3-ac3f037ba35a;416;Réception (B.L. : 1800316503);1800316503;;FOURNISSEUR CENTRALE;;Pas de commande associée;O;16/01/2026 00:00;;16/01/2026 17:02;27.000
15ef0705-b812-4c5b-9904-9d6b0d64e60b;416;Réception (B.L. : 1700233702);1700233702;;FOURNISSEUR CENTRALE;;Pas de commande associée;O;19/03/2026 00:00;;20/03/2026 12:19;658.000
15f5b290-55b9-4e06-b343-06228cec1a70;412;Réception (B.L. : 1700231914);1700231914;;FOURNISSEUR CENTRALE;;Pas de commande associée;O;11/03/2026 00:00;;11/03/2026 12:10;20.000
160c356d-8b23-4c14-b408-011eb72262b1;416;Réception (B.L. : 1800321362);1800321362;;FOURNISSEUR CENTRALE;;Pas de commande associée;O;06/02/2026 00:00;;06/02/2026 12:24;10.000
160c4667-7454-4ed3-82a6-13e89048b36e;416;Réception (B.L. : 1700227790);1700227790;;FOURNISSEUR CENTRALE;;Pas de commande associée;O;19/02/2026 00:00;;20/02/2026 12:17;554.000
1625ec8f-fb2e-4687-bd5d-86d8a1774854;415;Réception (B.L. : 1700235442);1700235442;;FOURNISSEUR CENTRALE;;Pas de commande associée;O;30/03/2026 00:00;;30/03/2026 12:20;5.000
1629786a-cab8-401e-91bc-37fb87820df8;412;Réception (B.L. : 1800316453);1800316453;;FOURNISSEUR CENTRALE;;Pas de commande associée;O;15/01/2026 00:00;;16/01/2026 12:18;780.000
16860e47-dbe9-436d-adc5-683f5e5c46db;416;Réception (B.L. : 1700222980);1700222980;;FOURNISSEUR CENTRALE;;Pas de commande associée;O;28/01/2026 00:00;;28/01/2026 12:13;466.000
16dd6751-bbdf-4e9a-b456-e9a33509e769;412;Réception (B.L. : 1100208278);1100208278;;FOURNISSEUR CENTRALE;;Pas de commande associée;O;16/02/2026 00:00;;16/02/2026 17:01;12.000
172bce91-3b2a-48db-abcd-315ece359720;415;Réception (B.L. : 1700235870);1700235870;;FOURNISSEUR CENTRALE;;Pas de commande associée;O;01/04/2026 00:00;;01/04/2026 12:14;63.000
1783dfcb-e7c1-4b47-aa18-06cd806bd404;416;Réception (B.L. : 1800317557);1800317557;;FOURNISSEUR CENTRALE;;Pas de commande associée;O;21/01/2026 00:00;;21/01/2026 12:21;12.552
18004d94-f215-4e2b-89a7-51bdc0602503;371;Réception (B.L. : 1700222133);1700222133;;FOURNISSEUR CENTRALE;;Pas de commande associée;O;22/01/2026 00:00;;23/01/2026 12:04;341.000
1839068d-d55f-4fd4-931a-0cdd69c99695;412;Réception (B.L. : 1700226929);1700226929;;FOURNISSEUR CENTRALE;;Pas de commande associée;O;16/02/2026 00:00;;17/02/2026 12:14;562.000
1839cfb6-a836-4512-8886-652eecbf0ebe;415;Réception (B.L. : 1800333806);1800333806;;FOURNISSEUR CENTRALE;;Pas de commande associée;O;24/03/2026 00:00;;25/03/2026 12:23;92.000
18640075-0d38-4b8d-b0e2-bcbf21540b80;415;Réception (B.L. : 1700219712);1700219712;;FOURNISSEUR CENTRALE;;Pas de commande associée;O;11/01/2026 00:00;;12/01/2026 12:15;55.000
186eaac6-6769-4c7d-9bf6-62d73a0bd45f;371;Réception (B.L. : 1700224078);1700224078;;FOURNISSEUR CENTRALE;;Pas de commande associée;O;03/02/2026 00:00;;03/02/2026 12:08;24.000
187493d5-d786-4188-89c8-0911e9680990;416;Réception (B.L. : 1200106735);1200106735;;FOURNISSEUR CENTRALE;;Pas de commande associée;O;19/03/2026 00:00;;19/03/2026 12:10;10.000
1882b5a0-a628-4da3-8ce8-787a0fed76f5;415;Réception (B.L. : 1700235015);1700235015;;FOURNISSEUR CENTRALE;;Pas de commande associée;O;27/03/2026 00:00;;27/03/2026 12:21;358.000
18a69515-e8b6-4820-9637-c41bd382e0b7;415;Réception (B.L. : 1100210699);1100210699;;FOURNISSEUR CENTRALE;;Pas de commande associée;O;06/03/2026 00:00;;06/03/2026 12:14;1628.000
18fa53ad-db63-4496-a888-ffabe54ee051;416;Réception (B.L. : 1100208472);1100208472;;FOURNISSEUR CENTRALE;;Pas de commande associée;O;18/02/2026 00:00;;18/02/2026 12:16;60.000
1906852c-e084-48c2-9e15-ae0698caecc7;415;Réception (B.L. : 1700235014);1700235014;;FOURNISSEUR CENTRALE;;Pas de commande associée;O;27/03/2026 00:00;;27/03/2026 12:20;107.000
19252190-185b-4591-9f26-46f6164bcb4f;415;Réception (B.L. : 1800316462);1800316462;;FOURNISSEUR CENTRALE;;Pas de commande associée;O;15/01/2026 00:00;;16/01/2026 12:23;110.000
195c2710-b888-4540-925c-de57f5292c1e;416;Réception (B.L. : 1100211002);1100211002;;FOURNISSEUR CENTRALE;;Pas de commande associée;O;09/03/2026 00:00;;08/03/2026 23:20;2407.000
196f09c3-038d-409f-a34d-81108f5a73fe;415;Réception (B.L. : 1200101971);1200101971;;FOURNISSEUR CENTRALE;;Pas de commande associée;O;16/01/2026 00:00;;16/01/2026 12:12;20.000
199d8185-1de9-462d-833f-f62341263856;416;Réception (B.L. : 1800321358);1800321358;;FOURNISSEUR CENTRALE;;Pas de commande associée;O;06/02/2026 00:00;;06/02/2026 12:20;58.000
1a23a64b-b3aa-4a75-b45c-7e664cb6d57b;415;Réception (B.L. : 1800326615);1800326615;;FOURNISSEUR CENTRALE;;Pas de commande associée;O;25/02/2026 00:00;;25/02/2026 12:21;82.000
1a712025-cc96-4850-94a4-e187c61c99cf;415;Réception (B.L. : 1700218322);1700218322;;FOURNISSEUR CENTRALE;;Pas de commande associée;O;05/01/2026 00:00;;05/01/2026 12:15;221.000
1a916435-136e-411b-ac69-91bab15a9ddc;371;Réception (B.L. : 1800332053);1800332053;;FOURNISSEUR CENTRALE;;Pas de commande associée;O;18/03/2026 00:00;;18/03/2026 12:10;153.200
1aab108f-5715-4ba6-8749-19cf83c33b15;416;Réception (B.L. : 1800323447);1800323447;;FOURNISSEUR CENTRALE;;Pas de commande associée;O;13/02/2026 00:00;;13/02/2026 12:21;16.000
1ae3a9cb-83fb-4efe-ac33-2a3aab386028;415;Réception (B.L. : 1800329006);1800329006;;FOURNISSEUR CENTRALE;;Pas de commande associée;O;05/03/2026 00:00;;06/03/2026 12:23;1040.000
1ae932a9-b9ec-4ece-b4b6-1ff4eb3c6451;415;Réception (B.L. : 1700219816);1700219816;;FOURNISSEUR CENTRALE;;Pas de commande associée;O;12/01/2026 00:00;;12/01/2026 12:17;4.000
1af0155e-7184-48cb-90af-3c3de4da689f;416;Réception (B.L. : 1200106782);1200106782;;FOURNISSEUR CENTRALE;;Pas de commande associée;O;19/03/2026 00:00;;19/03/2026 12:11;2.000
1b76df9b-cea8-4031-8b83-4de22d228655;415;Réception (B.L. : 1700227665);1700227665;;FOURNISSEUR CENTRALE;;Pas de commande associée;O;19/02/2026 00:00;;19/02/2026 12:10;12.000
1b9722ac-6990-473d-83f9-ae162085a42a;416;Réception (B.L. : 1800333874);1800333874;;FOURNISSEUR CENTRALE;;Pas de commande associée;O;25/03/2026 00:00;;25/03/2026 17:11;17.000
1ba1572b-fe79-47de-b3fc-c90f1bf031f8;415;Réception (B.L. : 1700219711);1700219711;;FOURNISSEUR CENTRALE;;Pas de commande associée;O;11/01/2026 00:00;;12/01/2026 12:14;491.000
1baaee85-8edb-4a1a-86f8-83359685c26b;412;Réception (B.L. : 1700226350);1700226350;;FOURNISSEUR CENTRALE;;Pas de commande associée;O;12/02/2026 00:00;;13/02/2026 12:19;5.000
1bc8961e-dfc4-4a05-8b71-2b26da537744;416;Réception (B.L. : 1700225789);1700225789;;FOURNISSEUR CENTRALE;;Pas de commande associée;O;11/02/2026 00:00;;11/02/2026 12:14;1193.000
1becc497-c9b8-4f64-a756-47271b407e96;371;Réception (B.L. : 1800319254);1800319254;;FOURNISSEUR CENTRALE;;Pas de commande associée;O;28/01/2026 00:00;;28/01/2026 12:10;10.000
1c71a878-ee3d-47a4-a818-ffd783abaaec;416;Réception (B.L. : 1800323443);1800323443;;FOURNISSEUR CENTRALE;;Pas de commande associée;O;13/02/2026 00:00;;13/02/2026 12:17;28.000
1ca57f81-06d6-4984-aafa-06f6752582ff;416;Réception (B.L. : 1100207161);1100207161;;FOURNISSEUR CENTRALE;;Pas de commande associée;O;09/02/2026 00:00;;09/02/2026 12:12;3.000
1ca99ffd-19c0-42bf-987e-3e605be910fe;415;Réception (B.L. : 1700229230);1700229230;;FOURNISSEUR CENTRALE;;Pas de commande associée;O;26/02/2026 00:00;;27/02/2026 12:18;1957.000
1cb54187-bcac-4e9e-a9f1-ac76c3b552f4;415;Réception (B.L. : 1700222977);1700222977;;FOURNISSEUR CENTRALE;;Pas de commande associée;O;28/01/2026 00:00;;28/01/2026 12:17;30.000
1cba19af-0c2f-47ed-abb3-2b9b6dddb25d;415;Réception (B.L. : 1100213152);1100213152;;FOURNISSEUR CENTRALE;;Pas de commande associée;O;21/03/2026 00:00;;21/03/2026 12:11;36.000
1cded6cf-d11e-4fa1-a105-baf59ca98620;412;Réception (B.L. : 1800323474);1800323474;;FOURNISSEUR CENTRALE;;Pas de commande associée;O;13/02/2026 00:00;;13/02/2026 12:22;14.000
1d29dca2-86f4-4967-9929-8bb7db4e30f6;416;Réception (B.L. : 1800329013);1800329013;;FOURNISSEUR CENTRALE;;Pas de commande associée;O;05/03/2026 00:00;;06/03/2026 12:24;12.000
1d2a5326-88a7-4923-86ea-62f44b3131f2;371;Réception (B.L. : 1700224829);1700224829;;FOURNISSEUR CENTRALE;;Pas de commande associée;O;06/02/2026 00:00;;06/02/2026 12:20;21.000
1d2ea018-ae59-4125-a3b0-d1d1b49fc12a;371;Réception (B.L. : 1700234975);1700234975;;FOURNISSEUR CENTRALE;;Pas de commande associée;O;27/03/2026 00:00;;27/03/2026 12:16;24.000
1d46ec1c-7a6d-4bcc-9f8f-e5bec1798b84;415;Réception (B.L. : 1100210750);1100210750;;FOURNISSEUR CENTRALE;;Pas de commande associée;O;06/03/2026 00:00;;06/03/2026 12:16;6.000
1d648812-2bd5-4891-bf2b-a182436d0dfe;371;Réception (B.L. : 1800330868);1800330868;;FOURNISSEUR CENTRALE;;Pas de commande associée;O;13/03/2026 00:00;;13/03/2026 12:24;17.000
1dc3ebc0-ad89-4344-b713-9055ca6e50fe;416;Réception (B.L. : 1700228260);1700228260;;FOURNISSEUR CENTRALE;;Pas de commande associée;O;23/02/2026 00:00;;23/02/2026 12:16;16.000
1e140983-4f49-449e-96e2-494a36f56bac;416;Réception (B.L. : 1100206436);1100206436;;FOURNISSEUR CENTRALE;;Pas de commande associée;O;04/02/2026 00:00;;04/02/2026 12:10;4.000
1e441185-4563-4d89-ac8f-50b6d012aa66;416;Réception (B.L. : 1700221599);1700221599;;FOURNISSEUR CENTRALE;;Pas de commande associée;O;20/01/2026 00:00;;21/01/2026 12:17;407.000
1e4af77a-be1b-4784-91a2-c00c2c354d81;416;Réception (B.L. : 1700221600);1700221600;;FOURNISSEUR CENTRALE;;Pas de commande associée;O;20/01/2026 00:00;;21/01/2026 12:18;32.000
1e4c5d56-c7da-4994-ab1a-2ef3be5f7e9e;412;Réception (B.L. : 1800318657);1800318657;;FOURNISSEUR CENTRALE;;Pas de commande associée;O;26/01/2026 00:00;;26/01/2026 17:12;15.000
1e4fd2d2-012c-4b15-9578-7c4f2bd10225;416;Réception (B.L. : 1700234484);1700234484;;FOURNISSEUR CENTRALE;;Pas de commande associée;O;24/03/2026 00:00;;25/03/2026 12:18;568.000
1e72410f-963a-496e-af6b-e5976b559bc8;416;Réception (B.L. : 1800333815);1800333815;;FOURNISSEUR CENTRALE;;Pas de commande associée;O;24/03/2026 00:00;;25/03/2026 12:24;27.120
1e724d17-290f-44e3-a5f0-7e1f32b756d0;371;Réception (B.L. : 1800330788);1800330788;;FOURNISSEUR CENTRALE;;Pas de commande associée;O;13/03/2026 00:00;;13/03/2026 12:21;348.000
1eaa6982-437d-4e78-ad1c-57540530ddd2;412;Réception (B.L. : 1700227819);1700227819;;FOURNISSEUR CENTRALE;;Pas de commande associée;O;20/02/2026 00:00;;20/02/2026 12:19;3100.000
1eb8fa6d-26f5-430d-b238-0a7cac48704c;371;Réception (B.L. : 1700232777);1700232777;;FOURNISSEUR CENTRALE;;Pas de commande associée;O;16/03/2026 00:00;;17/03/2026 12:14;576.000
1ecba265-9feb-44eb-a162-d5f1d480eac3;415;Réception (B.L. : 1700229437);1700229437;;FOURNISSEUR CENTRALE;;Pas de commande associée;O;27/02/2026 00:00;;27/02/2026 12:21;3.000
1f15a596-cc08-43aa-b290-cf991126ee40;415;Réception (B.L. : 1100207118);1100207118;;FOURNISSEUR CENTRALE;;Pas de commande associée;O;09/02/2026 00:00;;09/02/2026 12:12;24.000
1f591161-3370-44e8-90c3-5333c652dccd;371;Réception (B.L. : 1100213480);1100213480;;FOURNISSEUR CENTRALE;;Pas de commande associée;O;24/03/2026 00:00;;24/03/2026 12:11;840.000
1f64b234-f103-4b40-ad40-832908c664e9;371;Réception (B.L. : 1700224827);1700224827;;FOURNISSEUR CENTRALE;;Pas de commande associée;O;06/02/2026 00:00;;06/02/2026 12:18;1238.000
1f7ea74e-dff2-4f2c-ad80-cb787d6fa7b7;415;Réception (B.L. : 1100213153);1100213153;;FOURNISSEUR CENTRALE;;Pas de commande associée;O;21/03/2026 00:00;;21/03/2026 12:12;60.000
1fa24fdb-4713-4976-8c71-88e08182b564;371;Réception (B.L. : 1100208860);1100208860;;FOURNISSEUR CENTRALE;;Pas de commande associée;O;20/02/2026 00:00;;20/02/2026 12:13;42.000
1fcf05de-3cea-47ce-b4c6-a189287faf86;412;Réception (B.L. : 1700221329);1700221329;;FOURNISSEUR CENTRALE;;Pas de commande associée;O;20/01/2026 00:00;;20/01/2026 12:17;2000.000
1fed0f50-c759-4fef-9b4f-547441372559;412;Réception (B.L. : 1800326644);1800326644;;FOURNISSEUR CENTRALE;;Pas de commande associée;O;25/02/2026 00:00;;25/02/2026 17:10;14.000
20598ae9-5c3e-4228-9071-b1a8691dd076;416;Réception (B.L. : 1800334453);1800334453;;FOURNISSEUR CENTRALE;;Pas de commande associée;O;27/03/2026 00:00;;27/03/2026 12:21;419.400
2078f9ca-9435-4518-bf13-143646f97d9b;416;Réception (B.L. : 1700228808);1700228808;;FOURNISSEUR CENTRALE;;Pas de commande associée;O;25/02/2026 00:00;;25/02/2026 12:14;181.000
20791188-9a6c-46bb-88b1-8473e9d19f0f;415;Réception (B.L. : 1700225289);1700225289;;FOURNISSEUR CENTRALE;;Pas de commande associée;O;09/02/2026 00:00;;09/02/2026 12:19;6.000
20a0a96b-0b5c-44a2-9c5f-c624b16b070f;416;Réception (B.L. : 1100214868);1100214868;;FOURNISSEUR CENTRALE;;Pas de commande associée;O;01/04/2026 00:00;;01/04/2026 12:11;376.000
20a7d6a1-26f3-4b75-aca4-554de49017a0;415;Réception (B.L. : 1700228241);1700228241;;FOURNISSEUR CENTRALE;;Pas de commande associée;O;23/02/2026 00:00;;23/02/2026 12:18;750.000
20b99105-9f93-462f-9193-dbb459ff501d;416;Réception (B.L. : 1700228810);1700228810;;FOURNISSEUR CENTRALE;;Pas de commande associée;O;25/02/2026 00:00;;25/02/2026 12:16;1022.000
20cbe68e-d41c-4b6e-ba21-3d92cdcc0a0a;416;Réception (B.L. : 1800321359);1800321359;;FOURNISSEUR CENTRALE;;Pas de commande associée;O;06/02/2026 00:00;;06/02/2026 12:21;890.000
20f1c932-4145-4040-a2b5-f4da69be3738;416;Réception (B.L. : 1100206033);1100206033;;FOURNISSEUR CENTRALE;;Pas de commande associée;O;02/02/2026 00:00;;02/02/2026 12:12;30.000
2127498d-4f55-409a-82bd-e1b359426560;415;Réception (B.L. : 1800318204);1800318204;;FOURNISSEUR CENTRALE;;Pas de commande associée;O;23/01/2026 00:00;;23/01/2026 17:10;65.000
21490fb0-364c-48c1-9969-56356684a6e0;416;Réception (B.L. : 1100214245);1100214245;;FOURNISSEUR CENTRALE;;Pas de commande associée;O;27/03/2026 00:00;;27/03/2026 12:13;30.000
21743eb7-7add-47fc-aacd-5aefd7765842;371;Réception (B.L. : 1100210135);1100210135;;FOURNISSEUR CENTRALE;;Pas de commande associée;O;03/03/2026 00:00;;03/03/2026 12:12;628.000
21c3b2ca-2013-494a-a03d-0415a45b1efd;412;Réception (B.L. : 1800326608);1800326608;;FOURNISSEUR CENTRALE;;Pas de commande associée;O;25/02/2026 00:00;;25/02/2026 12:12;279.400
21cbca05-dc07-435b-9479-48883f59fff0;371;Réception (B.L. : 1700230729);1700230729;;FOURNISSEUR CENTRALE;;Pas de commande associée;O;06/03/2026 00:00;;06/03/2026 12:18;912.000
2205880c-c696-4e0f-8d28-0e9d488e1718;412;Réception (B.L. : 1200103721);1200103721;;FOURNISSEUR CENTRALE;;Pas de commande associée;O;09/02/2026 00:00;;09/02/2026 17:11;671.000
2210ccaa-a4b5-48df-86d1-6e4480b8f367;412;Réception (B.L. : 1100205302);1100205302;;FOURNISSEUR CENTRALE;;Pas de commande associée;O;27/01/2026 00:00;;27/01/2026 12:03;96.000
2221b7f7-f2d8-4a2f-a615-47de74232a98;415;Réception (B.L. : 1800333292);1800333292;;FOURNISSEUR CENTRALE;;Pas de commande associée;O;23/03/2026 00:00;;23/03/2026 17:10;13.000
222e4061-d117-4746-a0ca-f82bb91fb63d;416;Réception (B.L. : 1800322291);1800322291;;FOURNISSEUR CENTRALE;;Pas de commande associée;O;10/02/2026 00:00;;10/02/2026 12:11;12.000
226f17f1-7732-4016-a91c-1cc84b9176c2;416;Réception (B.L. : 1100204517);1100204517;;FOURNISSEUR CENTRALE;;Pas de commande associée;O;21/01/2026 00:00;;21/01/2026 12:11;1271.000
226faded-977e-45f3-948b-e4f9f5959cae;412;Réception (B.L. : 1100214367);1100214367;;FOURNISSEUR CENTRALE;;Pas de commande associée;O;27/03/2026 00:00;;27/03/2026 12:12;2.000
228edadb-8223-4302-b38b-e5e834dcd42a;416;Réception (B.L. : 1800317000);1800317000;;FOURNISSEUR CENTRALE;;Pas de commande associée;O;19/01/2026 00:00;;19/01/2026 17:10;12.000
22a4a310-8d49-4394-ba69-841d7d6e87b0;416;Réception (B.L. : 1100207119);1100207119;;FOURNISSEUR CENTRALE;;Pas de commande associée;O;09/02/2026 00:00;;09/02/2026 12:10;892.000
22ba09dc-fe02-4ee6-ac9b-8ccd20d8c8c6;415;Réception (B.L. : 1100214579);1100214579;;FOURNISSEUR CENTRALE;;Pas de commande associée;O;30/03/2026 00:00;;30/03/2026 12:15;4.000
22e12992-8383-44f1-9518-0b2ec15aa746;371;Réception (B.L. : 1700226458);1700226458;;FOURNISSEUR CENTRALE;;Pas de commande associée;O;13/02/2026 00:00;;13/02/2026 12:21;4.000
22e455e2-8245-478d-be01-983e1ace55c4;371;Réception (B.L. : 1800320873);1800320873;;FOURNISSEUR CENTRALE;;Pas de commande associée;O;04/02/2026 00:00;;04/02/2026 17:00;14.000
22eea361-0e32-49d4-a276-e402fb3f1380;415;Réception (B.L. : 1100202587);1100202587;;FOURNISSEUR CENTRALE;;Pas de commande associée;O;06/01/2026 00:00;;06/01/2026 17:01;12.000
232a861d-f0c6-441f-914e-b70ae4d73432;415;Réception (B.L. : 1800322821);1800322821;;FOURNISSEUR CENTRALE;;Pas de commande associée;O;11/02/2026 00:00;;11/02/2026 12:20;380.000
236567d0-4fba-4192-8ed9-49340981eeee;412;Réception (B.L. : 1100207334);1100207334;;FOURNISSEUR CENTRALE;;Pas de commande associée;O;10/02/2026 00:00;;09/02/2026 23:25;704.000
23662026-955f-4bf7-9272-3a1a4e00715c;371;Réception (B.L. : 1700235655);1700235655;;FOURNISSEUR CENTRALE;;Pas de commande associée;O;31/03/2026 00:00;;31/03/2026 12:16;3.000
23779a32-d9a0-4dd7-b54e-6ffe9a10b0ed;415;Réception (B.L. : 1700227197);1700227197;;FOURNISSEUR CENTRALE;;Pas de commande associée;O;17/02/2026 00:00;;18/02/2026 12:17;750.000
23aa962a-102f-44af-8e66-675796bf6091;371;Réception (B.L. : 1800319699);1800319699;;FOURNISSEUR CENTRALE;;Pas de commande associée;O;30/01/2026 00:00;;30/01/2026 12:08;84.000
23ac20e2-8ffb-474b-b695-15ad5c4bf2af;412;Réception (B.L. : 1800331448);1800331448;;FOURNISSEUR CENTRALE;;Pas de commande associée;O;16/03/2026 00:00;;16/03/2026 12:14;266.300
23c29c43-02e0-462b-8dc3-4e35db0696dd;416;Réception (B.L. : 1800332086);1800332086;;FOURNISSEUR CENTRALE;;Pas de commande associée;O;18/03/2026 00:00;;18/03/2026 12:28;19.000
23c3a5dc-2a28-4650-800d-ba3ecd07b3bf;371;Réception (B.L. : 1800327800);1800327800;;FOURNISSEUR CENTRALE;;Pas de commande associée;O;02/03/2026 00:00;;02/03/2026 12:11;242.000
23e8c912-4487-4c74-b4bc-2b123149ecc3;415;Réception (B.L. : 1700233697);1700233697;;FOURNISSEUR CENTRALE;;Pas de commande associée;O;19/03/2026 00:00;;20/03/2026 12:17;321.000
23f4ece9-b558-4f1e-86f6-5563073178ad;415;Réception (B.L. : 1100211706);1100211706;;FOURNISSEUR CENTRALE;;Pas de commande associée;O;12/03/2026 00:00;;12/03/2026 17:10;60.000
243dda74-39ea-4628-81e5-afe54e406870;415;Réception (B.L. : 1800315848);1800315848;;FOURNISSEUR CENTRALE;;Pas de commande associée;O;14/01/2026 00:00;;14/01/2026 12:19;21.000
244058a4-1b2d-4f65-a8e2-72337ca4dbbc;415;Réception (B.L. : 1800325334);1800325334;;FOURNISSEUR CENTRALE;;Pas de commande associée;O;19/02/2026 00:00;;20/02/2026 12:25;210.000
2446500d-8bfb-42e1-a696-239569c78b65;371;Réception (B.L. : 1800318195);1800318195;;FOURNISSEUR CENTRALE;;Pas de commande associée;O;23/01/2026 00:00;;23/01/2026 17:10;12.000
244aac48-c88b-4cfb-82dd-7548b9c0abf1;412;Réception (B.L. : 1800319757);1800319757;;FOURNISSEUR CENTRALE;;Pas de commande associée;O;30/01/2026 00:00;;30/01/2026 12:13;14.000
245d18df-deaf-41ab-9af0-510bb2b4db16;412;Réception (B.L. : 1100211705);1100211705;;FOURNISSEUR CENTRALE;;Pas de commande associée;O;12/03/2026 00:00;;12/03/2026 17:10;48.000
2466997c-d8bf-4153-bde5-23c760857901;416;Réception (B.L. : 1700230913);1700230913;;FOURNISSEUR CENTRALE;;Pas de commande associée;O;06/03/2026 00:00;;06/03/2026 12:16;220.000
2497a794-32ad-4374-9bd3-f2721b1d044f;415;Réception (B.L. : 1800320211);1800320211;;FOURNISSEUR CENTRALE;;Pas de commande associée;O;02/02/2026 00:00;;02/02/2026 12:21;535.400
24b8f1c6-2a3b-41fa-872a-462650abac4f;415;Réception (B.L. : 1700228239);1700228239;;FOURNISSEUR CENTRALE;;Pas de commande associée;O;23/02/2026 00:00;;23/02/2026 12:16;418.000
24e6dad7-062d-4b86-b9c8-bb37dc3a9221;416;Réception (B.L. : 1800321952);1800321952;;FOURNISSEUR CENTRALE;;Pas de commande associée;O;09/02/2026 00:00;;09/02/2026 17:13;361.200
24eab4ea-ccd9-4215-838e-94d17004af1c;371;Réception (B.L. : 1800318146);1800318146;;FOURNISSEUR CENTRALE;;Pas de commande associée;O;23/01/2026 00:00;;23/01/2026 12:12;132.000
251639de-466a-4535-81d2-eb602524ec0e;415;Réception (B.L. : 1700224022);1700224022;;FOURNISSEUR CENTRALE;;Pas de commande associée;O;02/02/2026 00:00;;02/02/2026 17:10;36.000
2517d58c-62b3-4fa6-9b17-5cc4fc5d3c03;371;Réception (B.L. : 1700224890);1700224890;;FOURNISSEUR CENTRALE;;Pas de commande associée;O;06/02/2026 00:00;;06/02/2026 12:22;6.000
2523903e-38c2-480b-b521-ffd8452977b9;412;Réception (B.L. : 1100205812);1100205812;;FOURNISSEUR CENTRALE;;Pas de commande associée;O;30/01/2026 00:00;;30/01/2026 12:03;18.000
25656524-5ae9-4477-9795-19c7c064feb9;416;Réception (B.L. : 1800332088);1800332088;;FOURNISSEUR CENTRALE;;Pas de commande associée;O;18/03/2026 00:00;;18/03/2026 12:30;407.700
25a9c78f-df91-49c0-8bc2-7c5e838615f0;415;Réception (B.L. : 1800329559);1800329559;;FOURNISSEUR CENTRALE;;Pas de commande associée;O;09/03/2026 00:00;;09/03/2026 12:19;723.200
25b24cb8-d6b8-4bb4-9f0a-c63a07a3c795;412;Réception (B.L. : 1700227028);1700227028;;FOURNISSEUR CENTRALE;;Pas de commande associée;O;17/02/2026 00:00;;17/02/2026 12:18;2.000
25cabb9d-7fba-4fc4-9b30-3d34e92a80a4;412;Réception (B.L. : 1100206826);1100206826;;FOURNISSEUR CENTRALE;;Pas de commande associée;O;06/02/2026 00:00;;06/02/2026 12:14;54.000
25caedd1-845c-4b83-80d9-e65c5004dd3d;412;Réception (B.L. : 1800319719);1800319719;;FOURNISSEUR CENTRALE;;Pas de commande associée;O;30/01/2026 00:00;;30/01/2026 12:10;152.000
25d5355c-bdd2-4ea9-b46d-d284a2093dc3;415;Réception (B.L. : 1700225287);1700225287;;FOURNISSEUR CENTRALE;;Pas de commande associée;O;09/02/2026 00:00;;09/02/2026 12:17;126.000
25dbe8a9-e03d-44c1-bd59-7c55cf85aaa2;416;Réception (B.L. : 1700220254);1700220254;;FOURNISSEUR CENTRALE;;Pas de commande associée;O;14/01/2026 00:00;;14/01/2026 12:17;2.000
2625bd53-7b2f-42ef-85bf-075f934781f1;412;Réception (B.L. : 1800332736);1800332736;;FOURNISSEUR CENTRALE;;Pas de commande associée;O;20/03/2026 00:00;;20/03/2026 12:22;184.000
26295a97-ff86-4102-a275-f874cf8fa5eb;371;Réception (B.L. : 1100213033);1100213033;;FOURNISSEUR CENTRALE;;Pas de commande associée;O;20/03/2026 00:00;;20/03/2026 12:14;6.000
26399e5e-a5bb-4c1e-92da-e6360ff0beda;371;Réception (B.L. : 1700231479);1700231479;;FOURNISSEUR CENTRALE;;Pas de commande associée;O;10/03/2026 00:00;;10/03/2026 12:15;171.000
27202206-d91e-433b-ac4f-9fc391083214;415;Réception (B.L. : 1800323976);1800323976;;FOURNISSEUR CENTRALE;;Pas de commande associée;O;16/02/2026 00:00;;16/02/2026 12:17;77.622
272cf4ce-d558-44fd-acc7-69de57eb5743;416;Réception (B.L. : 1100208221);1100208221;;FOURNISSEUR CENTRALE;;Pas de commande associée;O;16/02/2026 00:00;;16/02/2026 12:15;72.000
27357716-31cf-4072-9b7c-813b200ada5b;371;Réception (B.L. : 1700226962);1700226962;;FOURNISSEUR CENTRALE;;Pas de commande associée;O;17/02/2026 00:00;;17/02/2026 12:04;474.000
274811e6-c31b-4a8f-92a9-d321d90fc7bc;371;Réception (B.L. : 1700232781);1700232781;;FOURNISSEUR CENTRALE;;Pas de commande associée;O;16/03/2026 00:00;;17/03/2026 12:18;1.000
274e226b-763b-437a-bc77-85f1d18f1c21;415;Réception (B.L. : 1800332744);1800332744;;FOURNISSEUR CENTRALE;;Pas de commande associée;O;20/03/2026 00:00;;20/03/2026 12:20;86.000
2758aec3-1cf0-4f02-846b-0ac6ef824ba5;415;Réception (B.L. : 1800332145);1800332145;;FOURNISSEUR CENTRALE;;Pas de commande associée;O;18/03/2026 00:00;;18/03/2026 12:32;49.000
276037af-02db-44f5-818d-2fdf83a24af7;416;Réception (B.L. : 1700223824);1700223824;;FOURNISSEUR CENTRALE;;Pas de commande associée;O;02/02/2026 00:00;;02/02/2026 12:14;676.000
27694c23-7881-4512-8cc0-c2856b2f492d;412;Réception (B.L. : 1800329595);1800329595;;FOURNISSEUR CENTRALE;;Pas de commande associée;O;09/03/2026 00:00;;09/03/2026 12:12;7.000
277e9c70-a489-4467-8cd2-0b366237f78b;416;Réception (B.L. : 1100203619);1100203619;;FOURNISSEUR CENTRALE;;Pas de commande associée;O;14/01/2026 00:00;;14/01/2026 12:10;5.000
27ed2ed6-2a0a-4706-9177-3dea70b6e344;416;Réception (B.L. : 1100211390);1100211390;;FOURNISSEUR CENTRALE;;Pas de commande associée;O;11/03/2026 00:00;;11/03/2026 12:11;4555.000
27f4cbf2-d40d-48de-af29-7a41f1a06f1e;416;Réception (B.L. : 1700232543);1700232543;;FOURNISSEUR CENTRALE;;Pas de commande associée;O;15/03/2026 00:00;;16/03/2026 12:20;24.000
27fff4f4-5bd8-4c5c-abac-f60abea4909d;416;Réception (B.L. : 1200101241);1200101241;;FOURNISSEUR CENTRALE;;Pas de commande associée;O;08/01/2026 00:00;;08/01/2026 12:11;380.000
28479055-94a9-44f4-93da-82b6f5f8a0d6;412;Réception (B.L. : 1800330820);1800330820;;FOURNISSEUR CENTRALE;;Pas de commande associée;O;13/03/2026 00:00;;13/03/2026 12:22;252.200
286372f3-46d6-4f31-9aeb-fb60fd4ea549;412;Réception (B.L. : 1100211739);1100211739;;FOURNISSEUR CENTRALE;;Pas de commande associée;O;13/03/2026 00:00;;13/03/2026 12:13;36.000
286aa49f-5685-48ec-8a84-4a4f365f92e8;412;Réception (B.L. : 1800333247);1800333247;;FOURNISSEUR CENTRALE;;Pas de commande associée;O;22/03/2026 00:00;;23/03/2026 12:10;58.000
288c3c75-ea95-4637-90f1-268360a2f22a;416;Réception (B.L. : 1700220623);1700220623;;FOURNISSEUR CENTRALE;;Pas de commande associée;O;15/01/2026 00:00;;16/01/2026 12:19;400.000
28b39f40-ecb4-47d0-ab28-6c603ee11fb7;371;Réception (B.L. : 1700224825);1700224825;;FOURNISSEUR CENTRALE;;Pas de commande associée;O;06/02/2026 00:00;;06/02/2026 12:16;1750.000
28e72296-1c1a-4dfc-bcc8-47ef265b9670;416;Réception (B.L. : 1800318608);1800318608;;FOURNISSEUR CENTRALE;;Pas de commande associée;O;26/01/2026 00:00;;26/01/2026 17:14;7.000
29146ee3-f4c1-4bd9-aaea-6ef2fe76ae1d;416;Réception (B.L. : 1800314783);1800314783;;FOURNISSEUR CENTRALE;;Pas de commande associée;O;09/01/2026 00:00;;09/01/2026 12:17;284.600
2944cae3-41f8-4797-87fd-c161c9c479c6;412;Réception (B.L. : 1800329060);1800329060;;FOURNISSEUR CENTRALE;;Pas de commande associée;O;06/03/2026 00:00;;06/03/2026 12:23;12.000
29ea9e1a-9591-4caf-912d-79900a9574ca;412;Réception (B.L. : 1100203966);1100203966;;FOURNISSEUR CENTRALE;;Pas de commande associée;O;16/01/2026 00:00;;15/01/2026 23:25;6.000
29fba77c-c8ae-4f02-a59c-89a7fd6e0a1c;415;Réception (B.L. : 1100213202);1100213202;;FOURNISSEUR CENTRALE;;Pas de commande associée;O;23/03/2026 00:00;;23/03/2026 12:11;1459.000
29fd886a-b349-43ca-978c-6c9d23fa1d68;415;Réception (B.L. : 1800323436);1800323436;;FOURNISSEUR CENTRALE;;Pas de commande associée;O;13/02/2026 00:00;;13/02/2026 12:26;191.726
2a56c26c-bcd5-42af-a0a8-e075b3cac50c;415;Réception (B.L. : 1800335575);1800335575;;FOURNISSEUR CENTRALE;;Pas de commande associée;O;01/04/2026 00:00;;01/04/2026 12:18;720.400
2a5f7ab1-cf3e-44f7-9932-f11e4f6feb4e;412;Réception (B.L. : 1200103722);1200103722;;FOURNISSEUR CENTRALE;;Pas de commande associée;O;09/02/2026 00:00;;09/02/2026 17:12;28.000
2a6692eb-323e-4306-8865-4e75e0753d3c;371;Réception (B.L. : 1700234262);1700234262;;FOURNISSEUR CENTRALE;;Pas de commande associée;O;23/03/2026 00:00;;24/03/2026 12:16;70.000
2aab3646-f102-411b-b684-5b81e31f6ec8;412;Réception (B.L. : 1700221327);1700221327;;FOURNISSEUR CENTRALE;;Pas de commande associée;O;20/01/2026 00:00;;20/01/2026 12:15;3.000
2acc631b-2d5e-4291-966c-f7840873b5ad;415;Réception (B.L. : 1100206062);1100206062;;FOURNISSEUR CENTRALE;;Pas de commande associée;O;02/02/2026 00:00;;02/02/2026 12:14;4.000
2ad281f4-8e87-493a-b612-19adf76e38a0;415;Réception (B.L. : 1100203971);1100203971;;FOURNISSEUR CENTRALE;;Pas de commande associée;O;16/01/2026 00:00;;15/01/2026 23:23;234.000
2ad665e4-3ac0-4370-9a74-2beeb21d65ad;371;Réception (B.L. : 1800318145);1800318145;;FOURNISSEUR CENTRALE;;Pas de commande associée;O;23/01/2026 00:00;;23/01/2026 12:11;132.000
2afe8195-17cf-4841-a711-844c80693b13;415;Réception (B.L. : 1100208468);1100208468;;FOURNISSEUR CENTRALE;;Pas de commande associée;O;18/02/2026 00:00;;18/02/2026 12:11;720.000
2b03a242-3380-4477-868d-e766e7bea724;416;Réception (B.L. : 1700229631);1700229631;;FOURNISSEUR CENTRALE;;Pas de commande associée;O;02/03/2026 00:00;;02/03/2026 12:16;564.000
2b1d66b7-4470-4e39-8c06-90551f9d17ec;371;Réception (B.L. : 1700233523);1700233523;;FOURNISSEUR CENTRALE;;Pas de commande associée;O;19/03/2026 00:00;;19/03/2026 17:13;634.000
2b52765d-3f0f-4ef1-8ccc-f0dd6cbc1d79;416;Réception (B.L. : 1100214243);1100214243;;FOURNISSEUR CENTRALE;;Pas de commande associée;O;27/03/2026 00:00;;27/03/2026 12:11;334.000
2b602f25-7637-42b7-9ae3-caedc9b0a5d7;412;Réception (B.L. : 1100204353);1100204353;;FOURNISSEUR CENTRALE;;Pas de commande associée;O;19/01/2026 00:00;;19/01/2026 17:10;36.000
2b65cedc-a38e-402f-bb51-256452d713b2;412;Réception (B.L. : 1800319721);1800319721;;FOURNISSEUR CENTRALE;;Pas de commande associée;O;30/01/2026 00:00;;30/01/2026 12:12;92.400
2b6e3e0c-eb8b-430d-bbf4-efec3b8cbdf7;416;Réception (B.L. : 1700219099);1700219099;;FOURNISSEUR CENTRALE;;Pas de commande associée;O;08/01/2026 00:00;;08/01/2026 12:15;754.000
2b8db268-968c-43f6-adee-593c5b771980;371;Réception (B.L. : 1700222685);1700222685;;FOURNISSEUR CENTRALE;;Pas de commande associée;O;26/01/2026 00:00;;27/01/2026 12:06;776.000
2b8fb4c5-a05f-4c6e-8fbc-d0dca5cf7d53;416;Réception (B.L. : 1800330836);1800330836;;FOURNISSEUR CENTRALE;;Pas de commande associée;O;13/03/2026 00:00;;13/03/2026 12:23;34.000
2bc792d4-d32d-403d-bdb2-d96b79eaba7d;412;Réception (B.L. : 1100204883);1100204883;;FOURNISSEUR CENTRALE;;Pas de commande associée;O;23/01/2026 00:00;;23/01/2026 12:04;2.000
2c13ed2f-4d77-4564-9aed-3b363b5df058;415;Réception (B.L. : 1700222189);1700222189;;FOURNISSEUR CENTRALE;;Pas de commande associée;O;22/01/2026 00:00;;23/01/2026 12:09;16.000
2c36cf48-12d1-4e1c-bd43-9edee5212ff4;416;Réception (B.L. : 1700219731);1700219731;;FOURNISSEUR CENTRALE;;Pas de commande associée;O;12/01/2026 00:00;;12/01/2026 12:13;1072.000
2c3855db-cdb0-482c-8fcd-9abfa5b5f2b8;371;Réception (B.L. : 1700224128);1700224128;;FOURNISSEUR CENTRALE;;Pas de commande associée;O;03/02/2026 00:00;;03/02/2026 12:12;6.000
2c489ac4-07c6-4991-ad09-e99bb6afb767;415;Réception (B.L. : 1800333807);1800333807;;FOURNISSEUR CENTRALE;;Pas de commande associée;O;24/03/2026 00:00;;25/03/2026 12:24;409.200
2c67eff4-883a-4ed6-bb21-77ceb5a8595c;371;Réception (B.L. : 1100206758);1100206758;;FOURNISSEUR CENTRALE;;Pas de commande associée;O;05/02/2026 00:00;;05/02/2026 17:10;24.000
2ca5e5e4-eae0-4a34-815f-c8ae8acc7f38;415;Réception (B.L. : 1100202637);1100202637;;FOURNISSEUR CENTRALE;;Pas de commande associée;O;07/01/2026 00:00;;07/01/2026 12:12;24.000
2cc20dec-85b3-41a3-9849-0cf02b144581;415;Réception (B.L. : 1700219709);1700219709;;FOURNISSEUR CENTRALE;;Pas de commande associée;O;11/01/2026 00:00;;12/01/2026 12:12;313.000
2ce3faec-29c1-4ac3-bb42-12f2199fe9a6;371;Réception (B.L. : 1700228514);1700228514;;FOURNISSEUR CENTRALE;;Pas de commande associée;O;24/02/2026 00:00;;24/02/2026 12:16;408.000
2cf7f648-156d-4be0-bb83-5a08dce0a1dc;416;Réception (B.L. : 1700222417);1700222417;;FOURNISSEUR CENTRALE;;Pas de commande associée;O;26/01/2026 00:00;;26/01/2026 12:11;88.000
2d54e7ff-65ae-4fa2-85ea-d881ce6a6612;416;Réception (B.L. : 1100213853);1100213853;;FOURNISSEUR CENTRALE;;Pas de commande associée;O;25/03/2026 00:00;;25/03/2026 12:15;5.000
2d5ac690-aff5-4b06-bd7b-6dad58e095dd;415;Réception (B.L. : 1100207522);1100207522;;FOURNISSEUR CENTRALE;;Pas de commande associée;O;11/02/2026 00:00;;11/02/2026 12:10;600.000
2d722aab-cf63-4805-9ca1-882ebab1b69f;416;Réception (B.L. : 1700225299);1700225299;;FOURNISSEUR CENTRALE;;Pas de commande associée;O;09/02/2026 00:00;;09/02/2026 12:16;310.000
2d80153d-5288-4547-8c0d-df132fd01263;371;Réception (B.L. : 1700230481);1700230481;;FOURNISSEUR CENTRALE;;Pas de commande associée;O;04/03/2026 00:00;;05/03/2026 12:10;240.000
2d999ea7-9db6-4944-b349-a8db1def6192;415;Réception (B.L. : 1100202969);1100202969;;FOURNISSEUR CENTRALE;;Pas de commande associée;O;09/01/2026 00:00;;09/01/2026 12:12;2393.000
2dde0bde-49bc-4c81-9d08-121ede57d016;416;Réception (B.L. : 1700226702);1700226702;;FOURNISSEUR CENTRALE;;Pas de commande associée;O;15/02/2026 00:00;;16/02/2026 12:18;2712.000
2e02d33b-e0de-4331-9de3-e9cafa317685;412;Réception (B.L. : 1700227815);1700227815;;FOURNISSEUR CENTRALE;;Pas de commande associée;O;20/02/2026 00:00;;20/02/2026 12:15;1664.000
2e065a02-ceb0-421b-b7a8-6fbdda5549eb;415;Réception (B.L. : 1100214242);1100214242;;FOURNISSEUR CENTRALE;;Pas de commande associée;O;27/03/2026 00:00;;27/03/2026 12:16;72.000
2e5e2121-717b-48f2-a1e1-1cc2a3764fbb;415;Réception (B.L. : 1700235012);1700235012;;FOURNISSEUR CENTRALE;;Pas de commande associée;O;27/03/2026 00:00;;27/03/2026 12:18;192.000
2eaa1b0d-9c2d-4a69-9ff2-96b2374521c1;415;Réception (B.L. : 1700226525);1700226525;;FOURNISSEUR CENTRALE;;Pas de commande associée;O;13/02/2026 00:00;;13/02/2026 12:22;500.000
2eae5b0a-ba6f-481b-a6ee-4f37cbdcd310;371;Réception (B.L. : 1800324802);1800324802;;FOURNISSEUR CENTRALE;;Pas de commande associée;O;18/02/2026 00:00;;18/02/2026 17:10;7.000
2eb3bfc8-021e-4043-8ece-f77dec9cc49e;415;Réception (B.L. : 1700231003);1700231003;;FOURNISSEUR CENTRALE;;Pas de commande associée;O;06/03/2026 00:00;;06/03/2026 17:11;6.000
2eb5e6b8-f078-48d2-ab5a-050105bbb3dc;415;Réception (B.L. : 1200101986);1200101986;;FOURNISSEUR CENTRALE;;Pas de commande associée;O;16/01/2026 00:00;;16/01/2026 12:13;80.000
2ed279e4-86d6-49e3-939c-b5a7b0f9fcb6;415;Réception (B.L. : 1700234037);1700234037;;FOURNISSEUR CENTRALE;;Pas de commande associée;O;23/03/2026 00:00;;23/03/2026 12:14;588.000
2ef0c77d-d0c5-4576-874e-47257eb0b6e0;415;Réception (B.L. : 1100211376);1100211376;;FOURNISSEUR CENTRALE;;Pas de commande associée;O;11/03/2026 00:00;;11/03/2026 12:11;48.000
2f10e183-c42a-45bf-8976-48ab3ab5124b;416;Réception (B.L. : 1800323446);1800323446;;FOURNISSEUR CENTRALE;;Pas de commande associée;O;13/02/2026 00:00;;13/02/2026 12:20;606.333
2f7bc6f0-59c9-41ad-8178-684dd312756f;412;Réception (B.L. : 1700231493);1700231493;;FOURNISSEUR CENTRALE;;Pas de commande associée;O;10/03/2026 00:00;;10/03/2026 12:17;2089.000
2f895f0f-dfcc-4c95-b95d-ab7541d7f5b5;371;Réception (B.L. : 1700222136);1700222136;;FOURNISSEUR CENTRALE;;Pas de commande associée;O;22/01/2026 00:00;;23/01/2026 12:07;5.000
2fd9bc41-eed7-4f38-8855-c5182694b6da;371;Réception (B.L. : 1800318620);1800318620;;FOURNISSEUR CENTRALE;;Pas de commande associée;O;26/01/2026 00:00;;26/01/2026 17:11;40.000
302ca461-f857-4e20-994d-caca4925bacd;416;Réception (B.L. : 1800319295);1800319295;;FOURNISSEUR CENTRALE;;Pas de commande associée;O;28/01/2026 00:00;;28/01/2026 12:20;14.000
303f2141-d582-4915-b6a5-3c79bfbfd35d;415;Réception (B.L. : 1100212920);1100212920;;FOURNISSEUR CENTRALE;;Pas de commande associée;O;20/03/2026 00:00;;20/03/2026 12:12;1199.000
30464a18-eb89-4908-b414-0c147f137167;415;Réception (B.L. : 1100207077);1100207077;;FOURNISSEUR CENTRALE;;Pas de commande associée;O;07/02/2026 00:00;;07/02/2026 12:00;12.000
304c6c9f-a52b-4905-8c7e-a8b7bc560ff4;412;Réception (B.L. : 1700228509);1700228509;;FOURNISSEUR CENTRALE;;Pas de commande associée;O;23/02/2026 00:00;;24/02/2026 12:15;444.000
306cdfbc-95cb-4de8-a760-0362605ef265;412;Réception (B.L. : 1100211833);1100211833;;FOURNISSEUR CENTRALE;;Pas de commande associée;O;13/03/2026 00:00;;13/03/2026 12:14;2.000
30864e73-8206-490d-8007-574be14551f1;412;Réception (B.L. : 1100209366);1100209366;;FOURNISSEUR CENTRALE;;Pas de commande associée;O;24/02/2026 00:00;;23/02/2026 23:32;6.000
30964033-2728-4898-a069-2ebd46f1bf7f;371;Réception (B.L. : 1200105830);1200105830;;FOURNISSEUR CENTRALE;;Pas de commande associée;O;05/03/2026 00:00;;05/03/2026 17:10;225.000
30b805f0-9c32-4244-a2f9-7c8fae0a34ff;415;Réception (B.L. : 1100203262);1100203262;;FOURNISSEUR CENTRALE;;Pas de commande associée;O;12/01/2026 00:00;;12/01/2026 12:11;5.000
310f27f3-8018-462f-bd3e-009c26c1971a;415;Réception (B.L. : 1800333876);1800333876;;FOURNISSEUR CENTRALE;;Pas de commande associée;O;25/03/2026 00:00;;25/03/2026 17:11;26.000
31257d93-8bbd-47bb-be3f-b6626aa10ed1;412;Réception (B.L. : 1800329029);1800329029;;FOURNISSEUR CENTRALE;;Pas de commande associée;O;06/03/2026 00:00;;06/03/2026 12:21;322.000
31308264-82d5-4c72-98eb-5da1a2ca036b;416;Réception (B.L. : 1800314788);1800314788;;FOURNISSEUR CENTRALE;;Pas de commande associée;O;09/01/2026 00:00;;09/01/2026 12:22;10.200
3147e48c-ca12-45ea-b6c3-fdba3f826fae;371;Réception (B.L. : 1100210113);1100210113;;FOURNISSEUR CENTRALE;;Pas de commande associée;O;02/03/2026 00:00;;02/03/2026 17:10;216.000
3155fe4f-b029-4674-a130-162f1fb3eb42;415;Réception (B.L. : 1700226691);1700226691;;FOURNISSEUR CENTRALE;;Pas de commande associée;O;15/02/2026 00:00;;15/02/2026 23:14;869.000
316639a6-7c25-470f-8401-05cce2e7d465;415;Réception (B.L. : 1800321384);1800321384;;FOURNISSEUR CENTRALE;;Pas de commande associée;O;06/02/2026 00:00;;06/02/2026 12:25;854.800
31877bc0-7a91-45c9-b519-82f92ca23ffe;415;Réception (B.L. : 1700223831);1700223831;;FOURNISSEUR CENTRALE;;Pas de commande associée;O;02/02/2026 00:00;;02/02/2026 12:17;154.000
3187b543-45c5-4755-bc0f-91d626d877fd;416;Réception (B.L. : 1100207506);1100207506;;FOURNISSEUR CENTRALE;;Pas de commande associée;O;10/02/2026 00:00;;10/02/2026 17:11;54.000
319df94f-60c2-40da-98cc-003615b24806;416;Réception (B.L. : 1800314785);1800314785;;FOURNISSEUR CENTRALE;;Pas de commande associée;O;09/01/2026 00:00;;09/01/2026 12:19;180.000
319e8e32-150e-44e3-8493-a6886b643036;415;Réception (B.L. : 1700226690);1700226690;;FOURNISSEUR CENTRALE;;Pas de commande associée;O;15/02/2026 00:00;;15/02/2026 23:13;36.000
31a5177a-dfb6-4e5f-96e8-2a45750e7045;415;Réception (B.L. : 1800318614);1800318614;;FOURNISSEUR CENTRALE;;Pas de commande associée;O;26/01/2026 00:00;;26/01/2026 17:12;465.600
31a9f8c5-efdd-482f-92f9-39156f33577b;371;Réception (B.L. : 1200107793);1200107793;;FOURNISSEUR CENTRALE;;Pas de commande associée;O;02/04/2026 00:00;;02/04/2026 12:11;1.000
31b6d16f-988d-4e74-9bb1-07b87086a231;415;Réception (B.L. : 1800314265);1800314265;;FOURNISSEUR CENTRALE;;Pas de commande associée;O;07/01/2026 00:00;;07/01/2026 12:14;15.000
322f7679-4759-4617-a409-9ac8a90dd890;416;Réception (B.L. : 1700224282);1700224282;;FOURNISSEUR CENTRALE;;Pas de commande associée;O;03/02/2026 00:00;;04/02/2026 12:12;1870.000
323ea7a2-912b-40b3-be68-32ddab36ce5d;371;Réception (B.L. : 1800319298);1800319298;;FOURNISSEUR CENTRALE;;Pas de commande associée;O;28/01/2026 00:00;;28/01/2026 12:12;10.000
325e79ec-808e-441e-b4e8-3818129f3673;415;Réception (B.L. : 1100204161);1100204161;;FOURNISSEUR CENTRALE;;Pas de commande associée;O;19/01/2026 00:00;;19/01/2026 12:12;66.000
3262bf29-b804-461e-8da8-46a32f62a0a6;371;Réception (B.L. : 1100204837);1100204837;;FOURNISSEUR CENTRALE;;Pas de commande associée;O;23/01/2026 00:00;;23/01/2026 12:01;552.000
3295dcb9-72c1-4bcf-af46-2125b890de2d;412;Réception (B.L. : 1700222341);1700222341;;FOURNISSEUR CENTRALE;;Pas de commande associée;O;23/01/2026 00:00;;23/01/2026 12:05;557.000
32a65aec-8957-4b1d-8382-13988de5b860;416;Réception (B.L. : 1700230324);1700230324;;FOURNISSEUR CENTRALE;;Pas de commande associée;O;04/03/2026 00:00;;04/03/2026 12:18;46.000
32d7a89c-c9de-4d0b-af4b-5b8f236f3891;415;Réception (B.L. : 1100206024);1100206024;;FOURNISSEUR CENTRALE;;Pas de commande associée;O;02/02/2026 00:00;;02/02/2026 12:11;626.000
33056dc8-44b0-4a79-ac41-86376009a2ad;416;Réception (B.L. : 1700235481);1700235481;;FOURNISSEUR CENTRALE;;Pas de commande associée;O;30/03/2026 00:00;;30/03/2026 12:17;132.000
333f4be8-5ccd-459a-8256-1e129fb37c96;415;Réception (B.L. : 1700233696);1700233696;;FOURNISSEUR CENTRALE;;Pas de commande associée;O;19/03/2026 00:00;;20/03/2026 12:16;276.000
336aeebc-e787-4c04-a419-f37af967352e;412;Réception (B.L. : 1700222700);1700222700;;FOURNISSEUR CENTRALE;;Pas de commande associée;O;26/01/2026 00:00;;27/01/2026 12:07;1074.000
33735e98-fad9-48eb-be23-1b0b757c9acb;412;Réception (B.L. : 1800332143);1800332143;;FOURNISSEUR CENTRALE;;Pas de commande associée;O;18/03/2026 00:00;;18/03/2026 12:12;6.000
3386b97e-c56c-4302-a848-84cbf172567f;412;Réception (B.L. : 1100212269);1100212269;;FOURNISSEUR CENTRALE;;Pas de commande associée;O;17/03/2026 00:00;;17/03/2026 12:11;1073.000
33a994b9-6b2b-4c0d-9bc0-1f783ebb7492;415;Réception (B.L. : 1700221023);1700221023;;FOURNISSEUR CENTRALE;;Pas de commande associée;O;18/01/2026 00:00;;19/01/2026 12:19;663.000
33a9fe28-8b4e-420a-8d2a-8a929cb73f0e;416;Réception (B.L. : 1700219378);1700219378;;FOURNISSEUR CENTRALE;;Pas de commande associée;O;09/01/2026 00:00;;09/01/2026 12:16;2.000
33aaa558-d8d5-463d-bc0f-2dd847c4213e;371;Réception (B.L. : 1700225561);1700225561;;FOURNISSEUR CENTRALE;;Pas de commande associée;O;10/02/2026 00:00;;10/02/2026 12:15;812.000
33d25ff1-4789-4ebd-9ff0-3553747feb8a;412;Réception (B.L. : 1100213548);1100213548;;FOURNISSEUR CENTRALE;;Pas de commande associée;O;24/03/2026 00:00;;24/03/2026 12:13;4.000
33d405ac-06a2-443c-8e80-e0f7c3f48180;415;Réception (B.L. : 1100211550);1100211550;;FOURNISSEUR CENTRALE;;Pas de commande associée;O;11/03/2026 00:00;;11/03/2026 12:14;36.000
33da8307-d3d6-42b2-bf8c-38dca8b6d1cb;371;Réception (B.L. : 1700224077);1700224077;;FOURNISSEUR CENTRALE;;Pas de commande associée;O;03/02/2026 00:00;;03/02/2026 12:07;1016.000
33dc3233-71fb-4d75-ad3e-db718fd82fc3;371;Réception (B.L. : 1100211207);1100211207;;FOURNISSEUR CENTRALE;;Pas de commande associée;O;10/03/2026 00:00;;10/03/2026 12:12;1411.000
344f389a-1aa9-4109-8af8-08bbfb40ff2a;371;Réception (B.L. : 1100207869);1100207869;;FOURNISSEUR CENTRALE;;Pas de commande associée;O;12/02/2026 00:00;;12/02/2026 17:10;48.000
3453213c-b824-4f38-b1a6-2ec6ef5b6e6c;412;Réception (B.L. : 1700233693);1700233693;;FOURNISSEUR CENTRALE;;Pas de commande associée;O;19/03/2026 00:00;;20/03/2026 12:18;66.000
345d9acd-0fca-44b2-8315-bfa820b5e8ee;371;Réception (B.L. : 1200103762);1200103762;;FOURNISSEUR CENTRALE;;Pas de commande associée;O;10/02/2026 00:00;;10/02/2026 12:11;40.000
3496575e-662d-48cb-bc12-70a80bb0b781;415;Réception (B.L. : 1800319286);1800319286;;FOURNISSEUR CENTRALE;;Pas de commande associée;O;28/01/2026 00:00;;28/01/2026 12:25;38.000
34beb61f-e037-4a33-a712-d1db1dbeaf40;416;Réception (B.L. : 1200105123);1200105123;;FOURNISSEUR CENTRALE;;Pas de commande associée;O;24/02/2026 00:00;;24/02/2026 12:11;2.000
351b651c-7f18-44bc-bb72-daa70d742885;415;Réception (B.L. : 1700219222);1700219222;;FOURNISSEUR CENTRALE;;Pas de commande associée;O;08/01/2026 00:00;;08/01/2026 12:12;735.000
351fb7fe-54de-4fda-8c30-38046692fe55;415;Réception (B.L. : 1700234040);1700234040;;FOURNISSEUR CENTRALE;;Pas de commande associée;O;23/03/2026 00:00;;23/03/2026 12:17;2.000
354cea3c-2d76-458a-885b-037f494533a1;416;Réception (B.L. : 1700220618);1700220618;;FOURNISSEUR CENTRALE;;Pas de commande associée;O;15/01/2026 00:00;;16/01/2026 12:14;836.000
35802d16-237c-4202-a234-a6a1fefd7d26;415;Réception (B.L. : 1700220609);1700220609;;FOURNISSEUR CENTRALE;;Pas de commande associée;O;15/01/2026 00:00;;16/01/2026 12:15;342.000
35d0dc3d-2746-4067-ab72-c7d4d73072ca;416;Réception (B.L. : 1800333293);1800333293;;FOURNISSEUR CENTRALE;;Pas de commande associée;O;23/03/2026 00:00;;23/03/2026 17:10;9.000
35eb6083-d12c-4719-afee-979a8a2b59ff;416;Réception (B.L. : 1800335576);1800335576;;FOURNISSEUR CENTRALE;;Pas de commande associée;O;01/04/2026 00:00;;01/04/2026 12:21;1440.000
35f10154-d17c-4f4c-bb4f-210948fd2919;416;Réception (B.L. : 1800315823);1800315823;;FOURNISSEUR CENTRALE;;Pas de commande associée;O;14/01/2026 00:00;;14/01/2026 12:22;21.000
35f924eb-58f0-4136-b116-11b9b331da4a;371;Réception (B.L. : 1700223448);1700223448;;FOURNISSEUR CENTRALE;;Pas de commande associée;O;30/01/2026 00:00;;30/01/2026 12:04;349.000
36420193-87ef-4dc8-b46c-188297c7d8a5;416;Réception (B.L. : 1800325946);1800325946;;FOURNISSEUR CENTRALE;;Pas de commande associée;O;23/02/2026 00:00;;23/02/2026 12:19;25.000
36495c2f-3c40-4a68-a1a2-ecdc7f1727c6;415;Réception (B.L. : 1700225784);1700225784;;FOURNISSEUR CENTRALE;;Pas de commande associée;O;11/02/2026 00:00;;11/02/2026 12:17;806.000
364a83e5-7f9f-4551-ace7-e4b9cf378b43;415;Réception (B.L. : 1100208835);1100208835;;FOURNISSEUR CENTRALE;;Pas de commande associée;O;19/02/2026 00:00;;19/02/2026 17:10;30.000
36c4658c-3a2f-4cfd-a18b-1e56dc84d564;416;Réception (B.L. : 1700228256);1700228256;;FOURNISSEUR CENTRALE;;Pas de commande associée;O;23/02/2026 00:00;;23/02/2026 12:12;509.000
36d5c7f9-ad76-47c3-95b0-1cb8887164a2;415;Réception (B.L. : 1800315045);1800315045;;FOURNISSEUR CENTRALE;;Pas de commande associée;O;12/01/2026 00:00;;12/01/2026 12:20;392.623
36d99fe7-f420-432e-833f-78f42684d965;412;Réception (B.L. : 1100204431);1100204431;;FOURNISSEUR CENTRALE;;Pas de commande associée;O;20/01/2026 00:00;;20/01/2026 12:11;2.000
36df1342-994f-4018-9caf-3ccd62a7b63f;416;Réception (B.L. : 1700222478);1700222478;;FOURNISSEUR CENTRALE;;Pas de commande associée;O;26/01/2026 00:00;;26/01/2026 12:16;2.000
36e6dd6a-f323-4909-8210-a17324437332;416;Réception (B.L. : 1200106124);1200106124;;FOURNISSEUR CENTRALE;;Pas de commande associée;O;10/03/2026 00:00;;10/03/2026 17:02;1.000
37002b65-e98b-435e-a40a-e4ec61a5b2d5;415;Réception (B.L. : 1700222452);1700222452;;FOURNISSEUR CENTRALE;;Pas de commande associée;O;26/01/2026 00:00;;26/01/2026 12:12;692.000
374782cb-0177-4f34-825c-1bd383695c5d;415;Réception (B.L. : 1700232109);1700232109;;FOURNISSEUR CENTRALE;;Pas de commande associée;O;12/03/2026 00:00;;12/03/2026 12:10;8.000
376840bd-6cb0-4300-a066-79caaddbefc5;416;Réception (B.L. : 1800320845);1800320845;;FOURNISSEUR CENTRALE;;Pas de commande associée;O;04/02/2026 00:00;;04/02/2026 12:23;35.000
37a7bed6-c096-4411-ad0b-a87674353c1e;416;Réception (B.L. : 1700234032);1700234032;;FOURNISSEUR CENTRALE;;Pas de commande associée;O;23/03/2026 00:00;;23/03/2026 12:12;419.000
37eeb78b-341b-4e7f-b07d-e3f87cfc1f8e;416;Réception (B.L. : 1800328427);1800328427;;FOURNISSEUR CENTRALE;;Pas de commande associée;O;04/03/2026 00:00;;04/03/2026 12:24;438.040
38366611-59c3-41c1-b146-337fe82048ef;412;Réception (B.L. : 1700220586);1700220586;;FOURNISSEUR CENTRALE;;Pas de commande associée;O;15/01/2026 00:00;;16/01/2026 12:13;204.000
384f792f-7569-45e0-a65a-454bd211ae3e;371;Réception (B.L. : 1700230731);1700230731;;FOURNISSEUR CENTRALE;;Pas de commande associée;O;06/03/2026 00:00;;06/03/2026 12:20;120.000
386fe6f6-7302-4231-8a15-84ab83793c51;415;Réception (B.L. : 1800319223);1800319223;;FOURNISSEUR CENTRALE;;Pas de commande associée;O;28/01/2026 00:00;;28/01/2026 12:24;332.894
387834c3-74d2-4cc0-acc9-340911788c42;415;Réception (B.L. : 1800321942);1800321942;;FOURNISSEUR CENTRALE;;Pas de commande associée;O;09/02/2026 00:00;;09/02/2026 17:10;20.000
38b43272-35d5-4059-b6bf-5b844ea1525e;415;Réception (B.L. : 1100213766);1100213766;;FOURNISSEUR CENTRALE;;Pas de commande associée;O;25/03/2026 00:00;;25/03/2026 12:13;30.000
38cea894-004a-430a-a70c-26ac5b148486;416;Réception (B.L. : 1700231286);1700231286;;FOURNISSEUR CENTRALE;;Pas de commande associée;O;09/03/2026 00:00;;09/03/2026 12:13;334.000
38d6bc51-7e7e-4d35-a466-1d945ae08595;416;Réception (B.L. : 1700222981);1700222981;;FOURNISSEUR CENTRALE;;Pas de commande associée;O;28/01/2026 00:00;;28/01/2026 12:14;111.000
38ef52eb-a8c2-4a04-b853-2a4ad1f9a113;412;Réception (B.L. : 1700222343);1700222343;;FOURNISSEUR CENTRALE;;Pas de commande associée;O;23/01/2026 00:00;;23/01/2026 12:07;577.000
392df3d9-26c6-4740-a21e-d448d0cfddb3;416;Réception (B.L. : 1100205447);1100205447;;FOURNISSEUR CENTRALE;;Pas de commande associée;O;28/01/2026 00:00;;27/01/2026 23:32;1160.000
39563f45-a1bf-4f64-998d-4b598dd90d54;415;Réception (B.L. : 1700222190);1700222190;;FOURNISSEUR CENTRALE;;Pas de commande associée;O;22/01/2026 00:00;;23/01/2026 12:10;607.000
397b72c4-f125-479c-a558-2aa91c83737c;416;Réception (B.L. : 1800323442);1800323442;;FOURNISSEUR CENTRALE;;Pas de commande associée;O;13/02/2026 00:00;;13/02/2026 12:16;814.000
39ace48c-b3d1-42ca-a91b-32c400441654;415;Réception (B.L. : 1700224921);1700224921;;FOURNISSEUR CENTRALE;;Pas de commande associée;O;06/02/2026 00:00;;06/02/2026 12:17;174.000
39c7d1be-226a-42b4-b834-07110289353f;415;Réception (B.L. : 1100210353);1100210353;;FOURNISSEUR CENTRALE;;Pas de commande associée;O;04/03/2026 00:00;;04/03/2026 12:12;12.000
39ee14e4-0696-43d6-bdcf-2104fdbb9500;412;Réception (B.L. : 1700226930);1700226930;;FOURNISSEUR CENTRALE;;Pas de commande associée;O;16/02/2026 00:00;;17/02/2026 12:15;1210.000
3a3cd402-92fb-49ff-b6ac-be33d562db2f;416;Réception (B.L. : 1700230916);1700230916;;FOURNISSEUR CENTRALE;;Pas de commande associée;O;06/03/2026 00:00;;06/03/2026 12:19;3.000
3a8a5696-bfbe-4bf0-ab3e-0b169e2ceaae;415;Réception (B.L. : 1800330861);1800330861;;FOURNISSEUR CENTRALE;;Pas de commande associée;O;13/03/2026 00:00;;13/03/2026 12:27;67.000
3ab7c393-4bb7-4d53-85a4-4f9499b87f6a;416;Réception (B.L. : 1800330237);1800330237;;FOURNISSEUR CENTRALE;;Pas de commande associée;O;11/03/2026 00:00;;11/03/2026 12:21;5.000
3ad0282b-d5a0-430f-bf55-4a1bd678adc5;371;Réception (B.L. : 1700230754);1700230754;;FOURNISSEUR CENTRALE;;Pas de commande associée;O;06/03/2026 00:00;;06/03/2026 12:21;3.000
3ad2341c-a029-477a-aee2-a9f239b8ddbe;415;Réception (B.L. : 1800313189);1800313189;;FOURNISSEUR CENTRALE;;Pas de commande associée;O;02/01/2026 00:00;;02/01/2026 17:02;238.100
3ad32e3b-514c-4aeb-bd77-3155e5a38a78;415;Réception (B.L. : 1700228803);1700228803;;FOURNISSEUR CENTRALE;;Pas de commande associée;O;25/02/2026 00:00;;25/02/2026 12:15;773.000
3af25f7c-7baa-4b11-8145-57114377853e;415;Réception (B.L. : 1800319731);1800319731;;FOURNISSEUR CENTRALE;;Pas de commande associée;O;30/01/2026 00:00;;30/01/2026 12:22;350.000
3b177b65-d1b4-4119-9eff-e6295fa1d17a;371;Réception (B.L. : 1700224830);1700224830;;FOURNISSEUR CENTRALE;;Pas de commande associée;O;06/02/2026 00:00;;06/02/2026 12:21;912.000
3b608700-fcbd-4c1d-9297-f4b29eaa679f;415;Réception (B.L. : 1800319220);1800319220;;FOURNISSEUR CENTRALE;;Pas de commande associée;O;28/01/2026 00:00;;28/01/2026 12:21;560.000
3b9f5532-8587-4071-8a46-3232eaa25dc5;416;Réception (B.L. : 1700230325);1700230325;;FOURNISSEUR CENTRALE;;Pas de commande associée;O;04/03/2026 00:00;;04/03/2026 12:19;637.000
3ba5a0fb-c881-4507-969c-f3f14cd10beb;371;Réception (B.L. : 1800321906);1800321906;;FOURNISSEUR CENTRALE;;Pas de commande associée;O;09/02/2026 00:00;;09/02/2026 12:13;7.000
3badb9de-f61f-462e-ae4d-27b4c3fee049;412;Réception (B.L. : 1700228510);1700228510;;FOURNISSEUR CENTRALE;;Pas de commande associée;O;23/02/2026 00:00;;24/02/2026 12:16;12.000
3bc6d964-5707-4390-8205-39f69fbbea27;371;Réception (B.L. : 1100204880);1100204880;;FOURNISSEUR CENTRALE;;Pas de commande associée;O;23/01/2026 00:00;;23/01/2026 12:03;3.000
3bed1eeb-5950-4902-a71a-3545b2f2dd5b;416;Réception (B.L. : 1700225791);1700225791;;FOURNISSEUR CENTRALE;;Pas de commande associée;O;11/02/2026 00:00;;11/02/2026 12:16;2500.000
3bee356f-2389-4dcb-b9f5-bf4ecedc5563;371;Réception (B.L. : 1100204838);1100204838;;FOURNISSEUR CENTRALE;;Pas de commande associée;O;23/01/2026 00:00;;23/01/2026 12:02;598.000
3bef7311-eeb9-4003-bcb6-63255c699380;415;Réception (B.L. : 1800329592);1800329592;;FOURNISSEUR CENTRALE;;Pas de commande associée;O;09/03/2026 00:00;;09/03/2026 12:21;22.000
3c14e362-e783-4638-80f7-1e8f71d2501d;415;Réception (B.L. : 1100204546);1100204546;;FOURNISSEUR CENTRALE;;Pas de commande associée;O;21/01/2026 00:00;;21/01/2026 12:11;1840.000
3c6f00fd-9dc4-458f-a357-87e355903ea2;371;Réception (B.L. : 1100210134);1100210134;;FOURNISSEUR CENTRALE;;Pas de commande associée;O;03/03/2026 00:00;;03/03/2026 12:11;434.000
3c7f90f6-3383-44ed-9a08-337fb79d2f39;371;Réception (B.L. : 1100207922);1100207922;;FOURNISSEUR CENTRALE;;Pas de commande associée;O;13/02/2026 00:00;;13/02/2026 12:13;1142.000
3ca35dff-8a5d-4a6f-b9f1-f48c2c5bcc69;371;Réception (B.L. : 1700234261);1700234261;;FOURNISSEUR CENTRALE;;Pas de commande associée;O;23/03/2026 00:00;;24/03/2026 12:15;347.000
3cb8f3d5-9504-41d5-87bf-32f64d0d9652;412;Réception (B.L. : 1800333804);1800333804;;FOURNISSEUR CENTRALE;;Pas de commande associée;O;24/03/2026 00:00;;25/03/2026 12:11;173.200
3cceac60-3d41-4048-8099-3e7f65c61007;412;Réception (B.L. : 1800329030);1800329030;;FOURNISSEUR CENTRALE;;Pas de commande associée;O;06/03/2026 00:00;;06/03/2026 12:22;537.768
3ce87e39-e75a-4102-a538-c60e09132c57;415;Réception (B.L. : 1100205818);1100205818;;FOURNISSEUR CENTRALE;;Pas de commande associée;O;30/01/2026 00:00;;30/01/2026 12:11;1929.000
3d27ef23-9774-4bf0-a4d0-58b9de48ed04;415;Réception (B.L. : 1100208549);1100208549;;FOURNISSEUR CENTRALE;;Pas de commande associée;O;18/02/2026 00:00;;18/02/2026 12:13;3.000
3d3dbf40-4109-4f78-8283-1b70707c7005;416;Réception (B.L. : 1800324337);1800324337;;FOURNISSEUR CENTRALE;;Pas de commande associée;O;17/02/2026 00:00;;17/02/2026 12:13;32.000
3d482b4a-72b5-461f-b8f8-15e31a6f7f96;415;Réception (B.L. : 1100214519);1100214519;;FOURNISSEUR CENTRALE;;Pas de commande associée;O;30/03/2026 00:00;;30/03/2026 12:12;336.000
3d729fd9-881b-4e86-af99-33046bbafa92;371;Réception (B.L. : 1100214213);1100214213;;FOURNISSEUR CENTRALE;;Pas de commande associée;O;27/03/2026 00:00;;26/03/2026 23:29;264.000
3da2dd79-7763-4425-948d-599d7bf56674;415;Réception (B.L. : 1100204160);1100204160;;FOURNISSEUR CENTRALE;;Pas de commande associée;O;19/01/2026 00:00;;19/01/2026 12:11;513.000
3e27f1c2-bb61-4965-8b97-babd05041539;412;Réception (B.L. : 1700224892);1700224892;;FOURNISSEUR CENTRALE;;Pas de commande associée;O;06/02/2026 00:00;;06/02/2026 12:25;6.000
3e46b6d0-1751-448b-8d14-c966cad4fde3;412;Réception (B.L. : 1700231492);1700231492;;FOURNISSEUR CENTRALE;;Pas de commande associée;O;10/03/2026 00:00;;10/03/2026 12:16;339.000
3eeaa8f2-926a-41fc-949b-bf9abf72c3c6;412;Réception (B.L. : 1200105926);1200105926;;FOURNISSEUR CENTRALE;;Pas de commande associée;O;06/03/2026 00:00;;06/03/2026 12:11;110.000
3eecb9dd-7c1d-4fa8-8ca0-29300dde4e4a;412;Réception (B.L. : 1700224125);1700224125;;FOURNISSEUR CENTRALE;;Pas de commande associée;O;03/02/2026 00:00;;03/02/2026 12:09;11.000
3f082378-1a98-47e2-92f1-88ba76d2ea95;415;Réception (B.L. : 1700230267);1700230267;;FOURNISSEUR CENTRALE;;Pas de commande associée;O;04/03/2026 00:00;;04/03/2026 12:22;13.000
3f2b27f1-a031-4822-a840-2896b7068fbb;415;Réception (B.L. : 1100214521);1100214521;;FOURNISSEUR CENTRALE;;Pas de commande associée;O;30/03/2026 00:00;;30/03/2026 12:14;12.000
3f2d46ea-86c9-4814-a4df-af5ba67b340e;371;Réception (B.L. : 1700225598);1700225598;;FOURNISSEUR CENTRALE;;Pas de commande associée;O;10/02/2026 00:00;;10/02/2026 12:18;2.000
3f6a55ac-9c37-413f-a02f-c3a4eabd2c19;415;Réception (B.L. : 1800328630);1800328630;;FOURNISSEUR CENTRALE;;Pas de commande associée;O;05/03/2026 00:00;;05/03/2026 12:10;50.000
3f9c6eb9-a1ac-40ac-a09d-4ea7ca24cc18;416;Réception (B.L. : 1700221596);1700221596;;FOURNISSEUR CENTRALE;;Pas de commande associée;O;20/01/2026 00:00;;21/01/2026 12:14;112.000
3fa42111-60a9-4bab-951f-b250d15aec83;415;Réception (B.L. : 1700234088);1700234088;;FOURNISSEUR CENTRALE;;Pas de commande associée;O;23/03/2026 00:00;;23/03/2026 12:19;3.000
3fc246ac-ae60-4823-b71e-55610034eae1;416;Réception (B.L. : 1100207904);1100207904;;FOURNISSEUR CENTRALE;;Pas de commande associée;O;13/02/2026 00:00;;13/02/2026 12:12;944.000
3fc83c84-2cc8-4b8c-936c-ec23ec090532;371;Réception (B.L. : 1800322877);1800322877;;FOURNISSEUR CENTRALE;;Pas de commande associée;O;11/02/2026 00:00;;11/02/2026 12:13;15.000
3fcc4c35-89a7-45f0-92ba-8012e7265db0;371;Réception (B.L. : 1700234265);1700234265;;FOURNISSEUR CENTRALE;;Pas de commande associée;O;23/03/2026 00:00;;24/03/2026 12:19;468.000
3ff018e3-c5cf-4015-bcb8-ac701610633d;371;Réception (B.L. : 1100214736);1100214736;;FOURNISSEUR CENTRALE;;Pas de commande associée;O;31/03/2026 00:00;;30/03/2026 23:35;440.000
3ff292da-5a7c-4a56-b256-1c327ccf8b74;416;Réception (B.L. : 1200102799);1200102799;;FOURNISSEUR CENTRALE;;Pas de commande associée;O;27/01/2026 00:00;;27/01/2026 12:05;1.000
40067af4-b4df-4cc3-94e1-4267e152ce48;412;Réception (B.L. : 1700232200);1700232200;;FOURNISSEUR CENTRALE;;Pas de commande associée;O;13/03/2026 00:00;;13/03/2026 12:16;355.000
4047c7a4-1e59-4ff1-b758-1cebee6d0c4c;415;Réception (B.L. : 1100210389);1100210389;;FOURNISSEUR CENTRALE;;Pas de commande associée;O;04/03/2026 00:00;;04/03/2026 12:13;4.000
405ffce6-4fd6-4415-9c42-15ac384518a5;371;Réception (B.L. : 1100204802);1100204802;;FOURNISSEUR CENTRALE;;Pas de commande associée;O;22/01/2026 00:00;;22/01/2026 17:00;36.000
406862d3-9069-4671-891d-6a0f9ae93862;416;Réception (B.L. : 1700220616);1700220616;;FOURNISSEUR CENTRALE;;Pas de commande associée;O;15/01/2026 00:00;;16/01/2026 12:12;340.000
407a314a-a7c3-4e3e-96cc-ea63a87efaf7;415;Réception (B.L. : 1700235016);1700235016;;FOURNISSEUR CENTRALE;;Pas de commande associée;O;27/03/2026 00:00;;27/03/2026 12:22;8.000
40864d19-d2a7-4112-92a7-196fe809c50e;416;Réception (B.L. : 1100210309);1100210309;;FOURNISSEUR CENTRALE;;Pas de commande associée;O;03/03/2026 00:00;;03/03/2026 17:01;18.000
40995479-39ff-4be1-b92c-800b9d795449;371;Réception (B.L. : 1800328980);1800328980;;FOURNISSEUR CENTRALE;;Pas de commande associée;O;05/03/2026 00:00;;06/03/2026 12:22;8.000
40afffcc-f2cf-4bfa-b1db-717807c2455a;412;Réception (B.L. : 1100208885);1100208885;;FOURNISSEUR CENTRALE;;Pas de commande associée;O;20/02/2026 00:00;;20/02/2026 12:12;552.000
40cc5442-af6f-4d0e-8c3d-248dc24ce2e8;415;Réception (B.L. : 1700223830);1700223830;;FOURNISSEUR CENTRALE;;Pas de commande associée;O;02/02/2026 00:00;;02/02/2026 12:16;351.000
40f0212b-6c34-42eb-9531-77632939432a;412;Réception (B.L. : 1800321486);1800321486;;FOURNISSEUR CENTRALE;;Pas de commande associée;O;06/02/2026 00:00;;06/02/2026 17:11;3.000
40f41e8e-aa75-41db-81e7-5036f75ded72;416;Réception (B.L. : 1200101424);1200101424;;FOURNISSEUR CENTRALE;;Pas de commande associée;O;09/01/2026 00:00;;09/01/2026 17:01;1.000
4122e6a8-146b-4ab9-a340-f87ca3776814;412;Réception (B.L. : 1100204840);1100204840;;FOURNISSEUR CENTRALE;;Pas de commande associée;O;23/01/2026 00:00;;23/01/2026 12:02;777.000
412eafb2-2d8f-49a6-a029-6e733608a4a0;416;Réception (B.L. : 1100209518);1100209518;;FOURNISSEUR CENTRALE;;Pas de commande associée;O;25/02/2026 00:00;;25/02/2026 12:11;1589.000
41624bc1-6f3c-46f4-aa71-892c318fb12e;415;Réception (B.L. : 1700232989);1700232989;;FOURNISSEUR CENTRALE;;Pas de commande associée;O;17/03/2026 00:00;;18/03/2026 12:21;972.000
41654477-2490-4690-a492-7d590b9107e8;416;Réception (B.L. : 1100213138);1100213138;;FOURNISSEUR CENTRALE;;Pas de commande associée;O;21/03/2026 00:00;;21/03/2026 12:11;78.000
416b8a93-f84e-4dae-a077-d4422b80b2c9;415;Réception (B.L. : 1200104977);1200104977;;FOURNISSEUR CENTRALE;;Pas de commande associée;O;23/02/2026 00:00;;23/02/2026 12:10;20.000
418fd6e4-722d-4527-ae90-49257ecdcc42;416;Réception (B.L. : 1100210344);1100210344;;FOURNISSEUR CENTRALE;;Pas de commande associée;O;04/03/2026 00:00;;04/03/2026 12:12;42.000
419b25e4-eb4a-47d7-a51e-74660748d3e7;416;Réception (B.L. : 1700233701);1700233701;;FOURNISSEUR CENTRALE;;Pas de commande associée;O;19/03/2026 00:00;;20/03/2026 12:18;2750.000
41baa2a4-824d-41da-9c51-8dfa2ee87a7a;416;Réception (B.L. : 1800331422);1800331422;;FOURNISSEUR CENTRALE;;Pas de commande associée;O;16/03/2026 00:00;;16/03/2026 12:23;640.000
41c0c200-c4cc-49b6-ab4d-3d14f90d2c0e;416;Réception (B.L. : 1100214585);1100214585;;FOURNISSEUR CENTRALE;;Pas de commande associée;O;30/03/2026 00:00;;30/03/2026 12:14;5.000
41f21c64-df1f-495d-8878-5dbd2aede679;415;Réception (B.L. : 1700226522);1700226522;;FOURNISSEUR CENTRALE;;Pas de commande associée;O;13/02/2026 00:00;;13/02/2026 12:19;1213.000
420efb90-564f-42eb-91e4-8df6b5ffdfa0;371;Réception (B.L. : 1100212690);1100212690;;FOURNISSEUR CENTRALE;;Pas de commande associée;O;19/03/2026 00:00;;19/03/2026 12:10;5544.000
420fc6d3-fd20-4f25-a20d-eb0b33dcf2fa;415;Réception (B.L. : 1700230909);1700230909;;FOURNISSEUR CENTRALE;;Pas de commande associée;O;06/03/2026 00:00;;06/03/2026 12:19;552.000
42120525-7d03-4af9-ad12-f10fd9a5d40a;415;Réception (B.L. : 1100214364);1100214364;;FOURNISSEUR CENTRALE;;Pas de commande associée;O;27/03/2026 00:00;;27/03/2026 12:17;5.000
428d9bcd-4871-4002-bc7b-92f1d4867fb4;415;Réception (B.L. : 1800315043);1800315043;;FOURNISSEUR CENTRALE;;Pas de commande associée;O;12/01/2026 00:00;;12/01/2026 12:18;9.785
428e0466-d691-46c2-b314-a2bafef1e89b;416;Réception (B.L. : 1100203554);1100203554;;FOURNISSEUR CENTRALE;;Pas de commande associée;O;13/01/2026 00:00;;13/01/2026 17:01;42.000
4294374b-4ea6-41c7-a598-b703a4a8dd10;371;Réception (B.L. : 1800331437);1800331437;;FOURNISSEUR CENTRALE;;Pas de commande associée;O;16/03/2026 00:00;;16/03/2026 12:12;353.130
4298a05c-11a0-480b-b82e-42ae8623031f;415;Réception (B.L. : 1700230175);1700230175;;FOURNISSEUR CENTRALE;;Pas de commande associée;O;04/03/2026 00:00;;04/03/2026 12:19;8750.000
42be7b2d-020b-4678-a1fe-26b08c1fe7ff;415;Réception (B.L. : 1800323715);1800323715;;FOURNISSEUR CENTRALE;;Pas de commande associée;O;13/02/2026 00:00;;13/02/2026 17:02;38.000
42c6bd2b-95a5-4a42-8730-a371b70a28e9;416;Réception (B.L. : 1700232177);1700232177;;FOURNISSEUR CENTRALE;;Pas de commande associée;O;13/03/2026 00:00;;13/03/2026 12:15;281.000
42d291cc-9638-4cf1-9ec6-e0b6da2e8c74;412;Réception (B.L. : 1100211190);1100211190;;FOURNISSEUR CENTRALE;;Pas de commande associée;O;09/03/2026 00:00;;09/03/2026 17:10;36.000
43369f07-a648-4720-8340-f9d5d779f69c;412;Réception (B.L. : 1700235097);1700235097;;FOURNISSEUR CENTRALE;;Pas de commande associée;O;27/03/2026 00:00;;27/03/2026 12:15;360.000
43536de9-2443-4026-aec4-ec7b40dd9172;371;Réception (B.L. : 1100208307);1100208307;;FOURNISSEUR CENTRALE;;Pas de commande associée;O;17/02/2026 00:00;;16/02/2026 23:24;696.000
43682208-f906-47dc-ae9b-9c145c917824;415;Réception (B.L. : 1700221022);1700221022;;FOURNISSEUR CENTRALE;;Pas de commande associée;O;18/01/2026 00:00;;19/01/2026 12:18;5.000
43d2975f-2c38-4ece-8563-57abbfb54085;371;Réception (B.L. : 1700223446);1700223446;;FOURNISSEUR CENTRALE;;Pas de commande associée;O;30/01/2026 00:00;;30/01/2026 12:02;199.000
44496a8e-da0b-4b9a-87fd-57292cb0e807;416;Réception (B.L. : 1700230915);1700230915;;FOURNISSEUR CENTRALE;;Pas de commande associée;O;06/03/2026 00:00;;06/03/2026 12:18;452.000
444e77e7-0697-47e8-a3c3-b0ceb0a54184;415;Réception (B.L. : 1800315193);1800315193;;FOURNISSEUR CENTRALE;;Pas de commande associée;O;12/01/2026 00:00;;13/01/2026 03:16;1980.000
445bcc69-90ce-449b-938e-4fc4f92d8987;371;Réception (B.L. : 1800327305);1800327305;;FOURNISSEUR CENTRALE;;Pas de commande associée;O;26/02/2026 00:00;;27/02/2026 12:19;134.000
446168fe-b413-4cc5-8e0c-247bcd80dc20;415;Réception (B.L. : 1700227786);1700227786;;FOURNISSEUR CENTRALE;;Pas de commande associée;O;19/02/2026 00:00;;20/02/2026 12:20;686.000
44b622e3-61e5-4c01-9238-e891bc47b9d8;416;Réception (B.L. : 1700220621);1700220621;;FOURNISSEUR CENTRALE;;Pas de commande associée;O;15/01/2026 00:00;;16/01/2026 12:17;2150.000
44c8bd82-6427-4462-8d6f-4d82e8cc97a1;412;Réception (B.L. : 1100207958);1100207958;;FOURNISSEUR CENTRALE;;Pas de commande associée;O;13/02/2026 00:00;;13/02/2026 12:15;3.000
44d11b20-21ac-4e00-a526-0b7e99a5169f;415;Réception (B.L. : 1800321943);1800321943;;FOURNISSEUR CENTRALE;;Pas de commande associée;O;09/02/2026 00:00;;09/02/2026 17:11;110.000
453b5be0-cc40-47bb-81e9-360d332989ba;371;Réception (B.L. : 1100211206);1100211206;;FOURNISSEUR CENTRALE;;Pas de commande associée;O;10/03/2026 00:00;;10/03/2026 12:11;1480.000
453bbfd0-f782-40ca-a4f3-811b5bc3abcd;415;Réception (B.L. : 1700224922);1700224922;;FOURNISSEUR CENTRALE;;Pas de commande associée;O;06/02/2026 00:00;;06/02/2026 12:18;2391.000
456c4f0e-ac2b-46a6-9f69-1f5b36820fe6;412;Réception (B.L. : 1800323476);1800323476;;FOURNISSEUR CENTRALE;;Pas de commande associée;O;13/02/2026 00:00;;13/02/2026 12:24;431.400
457d70ae-8f76-469c-9021-bec53935c88d;371;Réception (B.L. : 1100206195);1100206195;;FOURNISSEUR CENTRALE;;Pas de commande associée;O;03/02/2026 00:00;;03/02/2026 12:01;1966.000
45939964-7e93-405c-8dbf-e08bf5eca124;415;Réception (B.L. : 1100212400);1100212400;;FOURNISSEUR CENTRALE;;Pas de commande associée;O;18/03/2026 00:00;;18/03/2026 12:13;36.000
4594d7a4-9029-4037-80fa-20cab7068152;415;Réception (B.L. : 1800316999);1800316999;;FOURNISSEUR CENTRALE;;Pas de commande associée;O;19/01/2026 00:00;;19/01/2026 17:12;27.000
45a09895-c9d3-483c-bcf1-5c2e410b9b3f;412;Réception (B.L. : 1700235646);1700235646;;FOURNISSEUR CENTRALE;;Pas de commande associée;O;30/03/2026 00:00;;31/03/2026 12:19;65.000
45acfac0-4ccc-4e87-b9e2-2c2da3cbc949;371;Réception (B.L. : 1200104189);1200104189;;FOURNISSEUR CENTRALE;;Pas de commande associée;O;13/02/2026 00:00;;13/02/2026 12:11;1.000
45b741ed-c8f1-47d1-a79b-fe8ab4d44b32;416;Réception (B.L. : 1700224361);1700224361;;FOURNISSEUR CENTRALE;;Pas de commande associée;O;04/02/2026 00:00;;04/02/2026 12:18;4.000
45f5bce0-9b80-4746-babc-6bbdd2534594;412;Réception (B.L. : 1800318157);1800318157;;FOURNISSEUR CENTRALE;;Pas de commande associée;O;23/01/2026 00:00;;23/01/2026 12:12;302.900
4636d09b-2c2d-4b6d-9eca-37da1ed8a133;412;Réception (B.L. : 1100204037);1100204037;;FOURNISSEUR CENTRALE;;Pas de commande associée;O;16/01/2026 00:00;;16/01/2026 12:12;1.000
4647a160-a707-43f6-836c-5af3b7fef94a;416;Réception (B.L. : 1800317559);1800317559;;FOURNISSEUR CENTRALE;;Pas de commande associée;O;21/01/2026 00:00;;21/01/2026 12:23;242.200
466099a2-abd1-4ed1-a158-8c1913645766;416;Réception (B.L. : 1100203578);1100203578;;FOURNISSEUR CENTRALE;;Pas de commande associée;O;14/01/2026 00:00;;13/01/2026 23:46;54.000
46c485d0-8301-4d82-a30a-e0a3c0972898;415;Réception (B.L. : 1700228804);1700228804;;FOURNISSEUR CENTRALE;;Pas de commande associée;O;25/02/2026 00:00;;25/02/2026 12:16;200.000
46d060c5-437d-47ed-892e-a5a9998f4443;415;Réception (B.L. : 1700226524);1700226524;;FOURNISSEUR CENTRALE;;Pas de commande associée;O;13/02/2026 00:00;;13/02/2026 12:21;1046.000
4716c885-3c2f-4068-9b94-d4da8cdb82b0;416;Réception (B.L. : 1100212083);1100212083;;FOURNISSEUR CENTRALE;;Pas de commande associée;O;16/03/2026 00:00;;16/03/2026 12:11;530.000
47286444-3e51-47de-8994-152095749995;416;Réception (B.L. : 1100213040);1100213040;;FOURNISSEUR CENTRALE;;Pas de commande associée;O;20/03/2026 00:00;;20/03/2026 12:14;6.000
47355bc9-7bf3-4923-984a-8fd9d4f9605b;371;Réception (B.L. : 1800322282);1800322282;;FOURNISSEUR CENTRALE;;Pas de commande associée;O;10/02/2026 00:00;;10/02/2026 12:19;4.000
474de31d-f151-46c2-8442-31e1ec9dfeac;371;Réception (B.L. : 1100206843);1100206843;;FOURNISSEUR CENTRALE;;Pas de commande associée;O;06/02/2026 00:00;;06/02/2026 12:15;4.000
4756e0d6-00d1-4406-ab55-4d141ed743c4;371;Réception (B.L. : 1200107244);1200107244;;FOURNISSEUR CENTRALE;;Pas de commande associée;O;26/03/2026 00:00;;26/03/2026 12:11;80.000
47638970-65a0-4093-904e-b2a7847ed51a;416;Réception (B.L. : 1700221677);1700221677;;FOURNISSEUR CENTRALE;;Pas de commande associée;O;21/01/2026 00:00;;21/01/2026 12:19;3.000
47990fa4-5ea7-453b-b863-b7d5f376f348;371;Réception (B.L. : 1800323495);1800323495;;FOURNISSEUR CENTRALE;;Pas de commande associée;O;13/02/2026 00:00;;13/02/2026 12:23;341.400
47b7f579-57d5-4a07-ba75-e1136e84afd6;371;Réception (B.L. : 1100214737);1100214737;;FOURNISSEUR CENTRALE;;Pas de commande associée;O;31/03/2026 00:00;;30/03/2026 23:36;18.000
47ddd801-d109-4ba3-bbfa-4d4636810b71;416;Réception (B.L. : 1100206377);1100206377;;FOURNISSEUR CENTRALE;;Pas de commande associée;O;04/02/2026 00:00;;03/02/2026 23:35;60.000
47ef88b8-b2dd-4831-9635-66cea96c7821;416;Réception (B.L. : 1700235095);1700235095;;FOURNISSEUR CENTRALE;;Pas de commande associée;O;27/03/2026 00:00;;27/03/2026 12:20;2.000
47f71824-a3dc-490c-bcd5-120454f37eaa;416;Réception (B.L. : 1700222354);1700222354;;FOURNISSEUR CENTRALE;;Pas de commande associée;O;23/01/2026 00:00;;23/01/2026 12:11;3.000
47fd51c0-ebed-45c3-bf7e-b6f03c1e6994;416;Réception (B.L. : 1700223766);1700223766;;FOURNISSEUR CENTRALE;;Pas de commande associée;O;31/01/2026 00:00;;31/01/2026 12:02;18.000
483f7a6a-6219-49fe-84ca-d7cc573c220c;415;Réception (B.L. : 1100203973);1100203973;;FOURNISSEUR CENTRALE;;Pas de commande associée;O;16/01/2026 00:00;;15/01/2026 23:25;30.000
48571acf-a2c3-4718-b843-7738601779d0;416;Réception (B.L. : 1700231776);1700231776;;FOURNISSEUR CENTRALE;;Pas de commande associée;O;11/03/2026 00:00;;11/03/2026 12:19;7.000
485c7e6e-4a4c-44ac-98b9-5222d3e5b271;371;Réception (B.L. : 1700220633);1700220633;;FOURNISSEUR CENTRALE;;Pas de commande associée;O;15/01/2026 00:00;;16/01/2026 12:02;336.000
48698b39-ac97-4256-a0d0-0dac4844aec5;416;Réception (B.L. : 1200107107);1200107107;;FOURNISSEUR CENTRALE;;Pas de commande associée;O;25/03/2026 00:00;;25/03/2026 12:11;160.000
48851e19-4c11-40a1-bfcf-a7f000107396;416;Réception (B.L. : 1100205821);1100205821;;FOURNISSEUR CENTRALE;;Pas de commande associée;O;30/01/2026 00:00;;30/01/2026 12:11;1040.000
489183a4-faef-4033-befe-6862ef2226a3;371;Réception (B.L. : 1100209792);1100209792;;FOURNISSEUR CENTRALE;;Pas de commande associée;O;27/02/2026 00:00;;27/02/2026 12:12;644.000
489b736a-41ce-4d87-807b-1cd04106c535;416;Réception (B.L. : 1700223397);1700223397;;FOURNISSEUR CENTRALE;;Pas de commande associée;O;29/01/2026 00:00;;30/01/2026 12:16;1945.000
48b41ea3-e392-4b2e-8e4a-498308484657;415;Réception (B.L. : 1700219713);1700219713;;FOURNISSEUR CENTRALE;;Pas de commande associée;O;11/01/2026 00:00;;12/01/2026 12:16;889.000
48b81a23-8ce7-43e5-a693-02b98d874549;416;Réception (B.L. : 1100208897);1100208897;;FOURNISSEUR CENTRALE;;Pas de commande associée;O;20/02/2026 00:00;;20/02/2026 12:12;1119.000
48fabf2a-37ce-485c-bf68-bdf8d97ad943;415;Réception (B.L. : 1100211070);1100211070;;FOURNISSEUR CENTRALE;;Pas de commande associée;O;09/03/2026 00:00;;09/03/2026 12:10;4.000
48faf9aa-a249-4d72-a1cf-5e8fa4874bfd;416;Réception (B.L. : 1100210669);1100210669;;FOURNISSEUR CENTRALE;;Pas de commande associée;O;05/03/2026 00:00;;05/03/2026 17:10;72.000
492fbfec-32d8-44bc-8ea3-9e1d7f460f18;416;Réception (B.L. : 1100202241);1100202241;;FOURNISSEUR CENTRALE;;Pas de commande associée;O;05/01/2026 00:00;;04/01/2026 23:11;54.000
49451e12-ef9a-47bb-83a1-e53b9ef41783;416;Réception (B.L. : 1700224011);1700224011;;FOURNISSEUR CENTRALE;;Pas de commande associée;O;02/02/2026 00:00;;02/02/2026 17:10;42.000
495963cb-200d-4bbc-ab70-3a0bff5711d7;415;Réception (B.L. : 1700232534);1700232534;;FOURNISSEUR CENTRALE;;Pas de commande associée;O;15/03/2026 00:00;;16/03/2026 12:16;1078.000
495dae6a-d75f-4faa-9314-e641dcb686fe;412;Réception (B.L. : 1100211214);1100211214;;FOURNISSEUR CENTRALE;;Pas de commande associée;O;10/03/2026 00:00;;10/03/2026 12:11;1128.000
49a6a2f1-51fd-45f9-8f75-b95ffadcebad;371;Réception (B.L. : 1100212281);1100212281;;FOURNISSEUR CENTRALE;;Pas de commande associée;O;17/03/2026 00:00;;17/03/2026 12:10;744.000
49a95a16-e2e1-4642-af00-6d38e9ab28c5;412;Réception (B.L. : 1700224781);1700224781;;FOURNISSEUR CENTRALE;;Pas de commande associée;O;05/02/2026 00:00;;06/02/2026 12:18;492.000
49a99c06-041e-4e74-ba2f-93e4badafdf1;412;Réception (B.L. : 1700225572);1700225572;;FOURNISSEUR CENTRALE;;Pas de commande associée;O;10/02/2026 00:00;;10/02/2026 12:14;1052.000
49eda286-db4f-482a-aab9-d87a1c96e634;415;Réception (B.L. : 1700219221);1700219221;;FOURNISSEUR CENTRALE;;Pas de commande associée;O;08/01/2026 00:00;;08/01/2026 12:11;1168.000
4a2215b8-2b57-42c6-8f88-8c481f5bd3e0;415;Réception (B.L. : 1100208083);1100208083;;FOURNISSEUR CENTRALE;;Pas de commande associée;O;13/02/2026 00:00;;13/02/2026 17:01;78.000
4a3623dd-6c62-440c-917f-dd3583573233;416;Réception (B.L. : 1800334983);1800334983;;FOURNISSEUR CENTRALE;;Pas de commande associée;O;30/03/2026 00:00;;30/03/2026 17:11;382.000
4acc3f0e-d6a6-4ead-94b3-71ad134c9a7a;416;Réception (B.L. : 1700229640);1700229640;;FOURNISSEUR CENTRALE;;Pas de commande associée;O;02/03/2026 00:00;;02/03/2026 12:20;4.000
4ad1a1d1-7274-4960-96d3-a75eb09af2a8;412;Réception (B.L. : 1100212270);1100212270;;FOURNISSEUR CENTRALE;;Pas de commande associée;O;17/03/2026 00:00;;17/03/2026 12:12;36.000
4ae2db86-96bc-4db9-bb43-0475bbc3a830;416;Réception (B.L. : 1700230914);1700230914;;FOURNISSEUR CENTRALE;;Pas de commande associée;O;06/03/2026 00:00;;06/03/2026 12:17;36.000
4b02653d-b7fe-432e-80e3-84c9144a52c4;416;Réception (B.L. : 1100207956);1100207956;;FOURNISSEUR CENTRALE;;Pas de commande associée;O;13/02/2026 00:00;;13/02/2026 12:14;3.000
4b215662-8691-4b8c-a834-f30f24d10b4d;416;Réception (B.L. : 1700226661);1700226661;;FOURNISSEUR CENTRALE;;Pas de commande associée;O;13/02/2026 00:00;;13/02/2026 17:08;5.000
4b2a51dd-355d-433f-97f0-e8b54132e320;371;Réception (B.L. : 1700234264);1700234264;;FOURNISSEUR CENTRALE;;Pas de commande associée;O;23/03/2026 00:00;;24/03/2026 12:18;5.000
4b467c85-1f31-40c4-b6b9-9ad20e3d74d3;415;Réception (B.L. : 1700226527);1700226527;;FOURNISSEUR CENTRALE;;Pas de commande associée;O;13/02/2026 00:00;;13/02/2026 12:24;116.000
4b494c89-56bb-45a8-8cb5-608318ca898a;415;Réception (B.L. : 1100209525);1100209525;;FOURNISSEUR CENTRALE;;Pas de commande associée;O;25/02/2026 00:00;;25/02/2026 12:10;872.000
4b56a5b3-19c4-411a-a84a-b8139ae86137;416;Réception (B.L. : 1100202240);1100202240;;FOURNISSEUR CENTRALE;;Pas de commande associée;O;05/01/2026 00:00;;04/01/2026 23:10;360.000
4b57bc2f-fbeb-49ee-ba62-ee0e0dea0cf9;415;Réception (B.L. : 1700235429);1700235429;;FOURNISSEUR CENTRALE;;Pas de commande associée;O;30/03/2026 00:00;;30/03/2026 12:17;401.000
4b5a2575-1f7d-43f4-96d3-89e52d9d7377;412;Réception (B.L. : 1800334980);1800334980;;FOURNISSEUR CENTRALE;;Pas de commande associée;O;30/03/2026 00:00;;30/03/2026 17:12;198.800
4b6cc03a-1705-47fb-a90e-38bfae3e5680;416;Réception (B.L. : 1700223469);1700223469;;FOURNISSEUR CENTRALE;;Pas de commande associée;O;30/01/2026 00:00;;30/01/2026 12:19;6.000
4b7e9d21-fd36-400d-8e01-c78a2bce07be;371;Réception (B.L. : 1800320791);1800320791;;FOURNISSEUR CENTRALE;;Pas de commande associée;O;04/02/2026 00:00;;04/02/2026 12:13;35.000
4b922da2-3f52-4536-9e8f-27e135a71eec;412;Réception (B.L. : 1800334441);1800334441;;FOURNISSEUR CENTRALE;;Pas de commande associée;O;27/03/2026 00:00;;27/03/2026 12:18;493.200
4b99ef81-6798-4433-9155-848eb767dc14;415;Réception (B.L. : 1700235430);1700235430;;FOURNISSEUR CENTRALE;;Pas de commande associée;O;30/03/2026 00:00;;30/03/2026 12:18;3097.000
4bbc8b3c-eb7a-4385-af94-a800b1269b4b;415;Réception (B.L. : 1700223417);1700223417;;FOURNISSEUR CENTRALE;;Pas de commande associée;O;29/01/2026 00:00;;30/01/2026 12:17;1815.000
4bf407d8-dd4b-450e-8c0b-b445447535de;416;Réception (B.L. : 1100206031);1100206031;;FOURNISSEUR CENTRALE;;Pas de commande associée;O;02/02/2026 00:00;;02/02/2026 12:10;520.000
4c02de7c-de78-4ed5-a70c-d61cb20efd5a;371;Réception (B.L. : 1700224018);1700224018;;FOURNISSEUR CENTRALE;;Pas de commande associée;O;02/02/2026 00:00;;02/02/2026 17:11;30.000
4c14a3d9-e2a7-44f7-8436-560af243d2b2;415;Réception (B.L. : 1700221590);1700221590;;FOURNISSEUR CENTRALE;;Pas de commande associée;O;20/01/2026 00:00;;21/01/2026 12:14;296.000
4c1a010e-bef4-4bb6-bcea-ee189d11b676;415;Réception (B.L. : 1100206807);1100206807;;FOURNISSEUR CENTRALE;;Pas de commande associée;O;06/02/2026 00:00;;06/02/2026 12:13;1543.000
4c2026ea-f4cb-4c5a-bf45-eaede51b8e58;412;Réception (B.L. : 1100205300);1100205300;;FOURNISSEUR CENTRALE;;Pas de commande associée;O;27/01/2026 00:00;;27/01/2026 12:01;890.000
4c3515f5-9b52-4112-bca3-7f259d1c633f;415;Réception (B.L. : 1700220610);1700220610;;FOURNISSEUR CENTRALE;;Pas de commande associée;O;15/01/2026 00:00;;16/01/2026 12:16;193.000
4c3651fc-6363-4411-b9a0-b67f227d70c0;412;Réception (B.L. : 1700222733);1700222733;;FOURNISSEUR CENTRALE;;Pas de commande associée;O;27/01/2026 00:00;;27/01/2026 12:10;5.000
4c53248f-776d-4ce8-b317-85ebf2715a50;416;Réception (B.L. : 1700220622);1700220622;;FOURNISSEUR CENTRALE;;Pas de commande associée;O;15/01/2026 00:00;;16/01/2026 12:18;48.000
4c5bfc5a-d7ce-42c3-bd5b-495071349bc5;416;Réception (B.L. : 1800318607);1800318607;;FOURNISSEUR CENTRALE;;Pas de commande associée;O;26/01/2026 00:00;;26/01/2026 17:13;357.700
4c65838e-deb7-4e82-8d81-aa82983c879e;416;Réception (B.L. : 1800317558);1800317558;;FOURNISSEUR CENTRALE;;Pas de commande associée;O;21/01/2026 00:00;;21/01/2026 12:22;3.174
4c869cdb-9cec-4dfc-a0d6-966441276b74;415;Réception (B.L. : 1800327826);1800327826;;FOURNISSEUR CENTRALE;;Pas de commande associée;O;02/03/2026 00:00;;02/03/2026 12:22;6.000
4cc4713d-7f46-432b-8d92-a253f109c13e;371;Réception (B.L. : 1800330261);1800330261;;FOURNISSEUR CENTRALE;;Pas de commande associée;O;11/03/2026 00:00;;11/03/2026 12:13;6.000
4d20e526-f662-4c7f-9955-0b8bb76d598c;412;Réception (B.L. : 1700224780);1700224780;;FOURNISSEUR CENTRALE;;Pas de commande associée;O;05/02/2026 00:00;;06/02/2026 12:17;3282.000
4d2fea6c-d594-4aab-8fb2-0bdd8d87ea82;416;Réception (B.L. : 1100210983);1100210983;;FOURNISSEUR CENTRALE;;Pas de commande associée;O;07/03/2026 00:00;;07/03/2026 12:10;30.000
4d525196-2ea0-44eb-8a0a-3b2c138c2a8d;415;Réception (B.L. : 1200101924);1200101924;;FOURNISSEUR CENTRALE;;Pas de commande associée;O;16/01/2026 00:00;;16/01/2026 12:11;282.000
4d5cd6a4-5448-4bea-8b90-952fba5094e3;371;Réception (B.L. : 1800323716);1800323716;;FOURNISSEUR CENTRALE;;Pas de commande associée;O;13/02/2026 00:00;;13/02/2026 17:01;11.000
4d8a7fe1-7458-4484-834c-20ecc0404b96;415;Réception (B.L. : 1100208888);1100208888;;FOURNISSEUR CENTRALE;;Pas de commande associée;O;20/02/2026 00:00;;20/02/2026 12:14;682.000
4d9e66a8-333b-40ec-a0c9-d28fead9e87c;412;Réception (B.L. : 1100210140);1100210140;;FOURNISSEUR CENTRALE;;Pas de commande associée;O;03/03/2026 00:00;;03/03/2026 12:11;1376.000
4dad2feb-58a3-4e6e-8b34-d3896098eb55;371;Réception (B.L. : 1700232237);1700232237;;FOURNISSEUR CENTRALE;;Pas de commande associée;O;13/03/2026 00:00;;13/03/2026 12:16;798.000
4ddce4c3-89be-4e3b-9221-03d7799da440;415;Réception (B.L. : 1100209873);1100209873;;FOURNISSEUR CENTRALE;;Pas de commande associée;O;27/02/2026 00:00;;27/02/2026 12:15;5.000
4de06547-9d74-4f9c-9d79-4525cc9155da;415;Réception (B.L. : 1700226692);1700226692;;FOURNISSEUR CENTRALE;;Pas de commande associée;O;15/02/2026 00:00;;15/02/2026 23:15;215.000
4df6ab77-b817-449e-94b3-7a2ca20368df;415;Réception (B.L. : 1800319793);1800319793;;FOURNISSEUR CENTRALE;;Pas de commande associée;O;30/01/2026 00:00;;30/01/2026 12:25;396.000
4e05244c-bba3-4bc9-a2a1-5ecab751aab8;412;Réception (B.L. : 1100213483);1100213483;;FOURNISSEUR CENTRALE;;Pas de commande associée;O;24/03/2026 00:00;;24/03/2026 12:10;522.000
4e0bce52-358f-4f0c-b86b-86841833012b;415;Réception (B.L. : 1100206006);1100206006;;FOURNISSEUR CENTRALE;;Pas de commande associée;O;31/01/2026 00:00;;31/01/2026 12:01;36.000
4e150228-a042-4a52-acf4-f03bc59c577a;412;Réception (B.L. : 1700231496);1700231496;;FOURNISSEUR CENTRALE;;Pas de commande associée;O;10/03/2026 00:00;;10/03/2026 12:20;750.000
4e619250-ce98-4233-8158-897b10fb5478;415;Réception (B.L. : 1800320839);1800320839;;FOURNISSEUR CENTRALE;;Pas de commande associée;O;04/02/2026 00:00;;04/02/2026 12:23;85.401
4e7e344a-9603-4912-839a-ed257c77ffad;415;Réception (B.L. : 1800320837);1800320837;;FOURNISSEUR CENTRALE;;Pas de commande associée;O;04/02/2026 00:00;;04/02/2026 12:21;340.000
4ebc7090-4519-40fb-9fb1-72161ae5f286;412;Réception (B.L. : 1800320821);1800320821;;FOURNISSEUR CENTRALE;;Pas de commande associée;O;04/02/2026 00:00;;04/02/2026 12:10;234.042
4ee835c7-b96b-4421-9b0f-71ded528cec0;415;Réception (B.L. : 1700234480);1700234480;;FOURNISSEUR CENTRALE;;Pas de commande associée;O;24/03/2026 00:00;;25/03/2026 12:19;212.000
4f9249ce-e0c1-4bea-aac4-1f60926cb0cc;371;Réception (B.L. : 1800316932);1800316932;;FOURNISSEUR CENTRALE;;Pas de commande associée;O;19/01/2026 00:00;;19/01/2026 12:10;4.000
4f941cd9-24ad-4884-baf7-d882a70377f6;415;Réception (B.L. : 1700231141);1700231141;;FOURNISSEUR CENTRALE;;Pas de commande associée;O;09/03/2026 00:00;;09/03/2026 12:14;280.000
4fe8371f-9021-47e0-a38b-d6370ec858fb;416;Réception (B.L. : 1100204503);1100204503;;FOURNISSEUR CENTRALE;;Pas de commande associée;O;20/01/2026 00:00;;20/01/2026 17:10;54.000
4ff05d52-8d6b-4cb2-b6ca-81e6a7b83713;371;Réception (B.L. : 1200103941);1200103941;;FOURNISSEUR CENTRALE;;Pas de commande associée;O;11/02/2026 00:00;;11/02/2026 12:10;5.000
4ff976a5-453b-4057-a535-2349f8bd1952;412;Réception (B.L. : 1800319241);1800319241;;FOURNISSEUR CENTRALE;;Pas de commande associée;O;28/01/2026 00:00;;28/01/2026 12:11;65.000
4ffb3281-c5dc-4ef5-b763-71e23202e82f;412;Réception (B.L. : 1800330230);1800330230;;FOURNISSEUR CENTRALE;;Pas de commande associée;O;11/03/2026 00:00;;11/03/2026 12:11;273.500
5018df71-7b98-4213-9b42-41ec5e559bc3;415;Réception (B.L. : 1700219224);1700219224;;FOURNISSEUR CENTRALE;;Pas de commande associée;O;08/01/2026 00:00;;08/01/2026 12:14;988.000
502cac1a-4dfc-4997-b1db-3cf1c058f521;371;Réception (B.L. : 1100210685);1100210685;;FOURNISSEUR CENTRALE;;Pas de commande associée;O;06/03/2026 00:00;;06/03/2026 12:13;126.000
5043f412-ae2c-4bf9-b870-68da62f7c402;371;Réception (B.L. : 1100207326);1100207326;;FOURNISSEUR CENTRALE;;Pas de commande associée;O;10/02/2026 00:00;;09/02/2026 23:24;472.000
5076be2b-afae-4904-be27-abee6ac087df;415;Réception (B.L. : 1800334988);1800334988;;FOURNISSEUR CENTRALE;;Pas de commande associée;O;30/03/2026 00:00;;30/03/2026 17:13;588.000
507dfbd1-10df-4cce-830f-f1696c4c159f;371;Réception (B.L. : 1700229891);1700229891;;FOURNISSEUR CENTRALE;;Pas de commande associée;O;03/03/2026 00:00;;03/03/2026 12:19;1053.000
5101b55c-045c-475f-8e15-e8588d304c39;416;Réception (B.L. : 1100204132);1100204132;;FOURNISSEUR CENTRALE;;Pas de commande associée;O;19/01/2026 00:00;;18/01/2026 23:21;42.000
5105ebee-b71c-4e12-844b-93e296e73b30;415;Réception (B.L. : 1700235428);1700235428;;FOURNISSEUR CENTRALE;;Pas de commande associée;O;30/03/2026 00:00;;30/03/2026 12:16;539.000
51290d89-bfb4-4cbf-af4b-a6205809b648;415;Réception (B.L. : 1800320210);1800320210;;FOURNISSEUR CENTRALE;;Pas de commande associée;O;02/02/2026 00:00;;02/02/2026 12:20;810.000
515a5641-3b26-489c-ae84-fdd32d052350;415;Réception (B.L. : 1700222363);1700222363;;FOURNISSEUR CENTRALE;;Pas de commande associée;O;23/01/2026 00:00;;23/01/2026 12:12;4.000
5176e605-ecfa-49db-b9e9-88ad44c6beaa;416;Réception (B.L. : 1700226656);1700226656;;FOURNISSEUR CENTRALE;;Pas de commande associée;O;13/02/2026 00:00;;13/02/2026 17:03;3084.000
518237fe-7dc3-49ad-9aec-0b66037ae5f7;412;Réception (B.L. : 1700235079);1700235079;;FOURNISSEUR CENTRALE;;Pas de commande associée;O;27/03/2026 00:00;;27/03/2026 12:13;1.000
51b5902b-df70-416b-abd4-28f29dfd4e36;412;Réception (B.L. : 1100212328);1100212328;;FOURNISSEUR CENTRALE;;Pas de commande associée;O;17/03/2026 00:00;;17/03/2026 12:13;3.000
51bfcbce-326f-4b16-be44-c631ee61404a;415;Réception (B.L. : 1100209985);1100209985;;FOURNISSEUR CENTRALE;;Pas de commande associée;O;02/03/2026 00:00;;02/03/2026 12:12;1967.000
51e4fd63-f1b6-4507-a0bb-9c34cf4e7529;415;Réception (B.L. : 1100205901);1100205901;;FOURNISSEUR CENTRALE;;Pas de commande associée;O;30/01/2026 00:00;;30/01/2026 12:14;6.000
51eb74f8-51be-474c-b7dd-88df679e321a;415;Réception (B.L. : 1800327324);1800327324;;FOURNISSEUR CENTRALE;;Pas de commande associée;O;26/02/2026 00:00;;27/02/2026 12:22;180.000
51ece062-c0b0-4539-8200-32a8ac7d9de5;415;Réception (B.L. : 1800324736);1800324736;;FOURNISSEUR CENTRALE;;Pas de commande associée;O;18/02/2026 00:00;;18/02/2026 12:22;98.000
51f28a77-dca0-4963-b8a1-cf5bc094bca9;416;Réception (B.L. : 1700220200);1700220200;;FOURNISSEUR CENTRALE;;Pas de commande associée;O;14/01/2026 00:00;;14/01/2026 12:14;14.000
5220e353-8c94-4a15-a5ce-7b11e5e4b899;416;Réception (B.L. : 1100206809);1100206809;;FOURNISSEUR CENTRALE;;Pas de commande associée;O;06/02/2026 00:00;;06/02/2026 12:11;168.000
52698d50-6b37-4670-992f-31a8b943692b;416;Réception (B.L. : 1700227202);1700227202;;FOURNISSEUR CENTRALE;;Pas de commande associée;O;17/02/2026 00:00;;18/02/2026 12:20;862.000
527ec596-9958-447a-aedf-b198104cd9ae;416;Réception (B.L. : 1700232181);1700232181;;FOURNISSEUR CENTRALE;;Pas de commande associée;O;13/03/2026 00:00;;13/03/2026 12:19;716.000
5292ab16-3b4b-49fa-b4b3-38562559f14e;371;Réception (B.L. : 1200105831);1200105831;;FOURNISSEUR CENTRALE;;Pas de commande associée;O;05/03/2026 00:00;;05/03/2026 17:11;3.000
52a20a50-fae6-4179-8ef3-084b1f8100e3;412;Réception (B.L. : 1100203901);1100203901;;FOURNISSEUR CENTRALE;;Pas de commande associée;O;15/01/2026 00:00;;15/01/2026 20:53;24.000
52a513bc-c66a-4419-a3fa-1cdfce78e285;416;Réception (B.L. : 1200104486);1200104486;;FOURNISSEUR CENTRALE;;Pas de commande associée;O;18/02/2026 00:00;;18/02/2026 12:11;23.000
52aca15f-a68e-420e-bfdc-efef9d1ca4ba;371;Réception (B.L. : 1100210209);1100210209;;FOURNISSEUR CENTRALE;;Pas de commande associée;O;03/03/2026 00:00;;03/03/2026 12:14;3.000
52d020a3-43a5-450a-8897-b12670ea0563;416;Réception (B.L. : 1700220917);1700220917;;FOURNISSEUR CENTRALE;;Pas de commande associée;O;16/01/2026 00:00;;16/01/2026 17:01;12.000
52eb0757-0435-44bd-bd91-ede851a92080;415;Réception (B.L. : 1700234041);1700234041;;FOURNISSEUR CENTRALE;;Pas de commande associée;O;23/03/2026 00:00;;23/03/2026 12:18;665.000
5308febf-021d-4a60-973f-b68c4b08fd3b;416;Réception (B.L. : 1200104565);1200104565;;FOURNISSEUR CENTRALE;;Pas de commande associée;O;18/02/2026 00:00;;18/02/2026 12:13;5.000
5318b8ca-4aae-4b2f-a62f-ca47c6aed24b;415;Réception (B.L. : 1800334940);1800334940;;FOURNISSEUR CENTRALE;;Pas de commande associée;O;29/03/2026 00:00;;30/03/2026 12:23;32.300
533d1322-c4c8-4715-baf8-183daf5dd914;415;Réception (B.L. : 1700221681);1700221681;;FOURNISSEUR CENTRALE;;Pas de commande associée;O;21/01/2026 00:00;;21/01/2026 12:20;5.000
53403c0a-865d-4351-81f1-852f2b35fce8;415;Réception (B.L. : 1700228338);1700228338;;FOURNISSEUR CENTRALE;;Pas de commande associée;O;23/02/2026 00:00;;23/02/2026 12:20;4.000
5357cc0b-0e7d-4d2a-84fe-25a598c0a13f;416;Réception (B.L. : 1700223826);1700223826;;FOURNISSEUR CENTRALE;;Pas de commande associée;O;02/02/2026 00:00;;02/02/2026 12:16;56.000
535ae88c-181c-4b2d-a5d6-3c2217ccadc2;416;Réception (B.L. : 1100204290);1100204290;;FOURNISSEUR CENTRALE;;Pas de commande associée;O;19/01/2026 00:00;;19/01/2026 12:11;36.000
5400034d-dd25-4236-addd-fe71a30ef0cc;371;Réception (B.L. : 1700234972);1700234972;;FOURNISSEUR CENTRALE;;Pas de commande associée;O;27/03/2026 00:00;;27/03/2026 12:13;149.000
540628bf-de1d-401b-93b5-b3a2ac3f7885;371;Réception (B.L. : 1800332719);1800332719;;FOURNISSEUR CENTRALE;;Pas de commande associée;O;20/03/2026 00:00;;20/03/2026 12:15;28.000
541b2280-80e1-405a-a657-11bcf87dbde5;415;Réception (B.L. : 1100204547);1100204547;;FOURNISSEUR CENTRALE;;Pas de commande associée;O;21/01/2026 00:00;;21/01/2026 12:12;36.000
544fe6d3-00a4-4e63-8c5c-ab185ce145e8;415;Réception (B.L. : 1100203573);1100203573;;FOURNISSEUR CENTRALE;;Pas de commande associée;O;14/01/2026 00:00;;13/01/2026 23:43;836.000
5463ff53-37a1-476c-a28c-25a77bbe7f5d;415;Réception (B.L. : 1800323435);1800323435;;FOURNISSEUR CENTRALE;;Pas de commande associée;O;13/02/2026 00:00;;13/02/2026 12:25;20.000
5468a5aa-3a4a-491d-b3d2-618f47323ffc;415;Réception (B.L. : 1700229231);1700229231;;FOURNISSEUR CENTRALE;;Pas de commande associée;O;26/02/2026 00:00;;27/02/2026 12:19;299.000
54738a39-459d-44ce-8be9-c0816e2663bd;416;Réception (B.L. : 1100206032);1100206032;;FOURNISSEUR CENTRALE;;Pas de commande associée;O;02/02/2026 00:00;;02/02/2026 12:11;1027.000
54b24e30-841b-43e3-9e66-0a3f5c84ca3a;416;Réception (B.L. : 1800322824);1800322824;;FOURNISSEUR CENTRALE;;Pas de commande associée;O;11/02/2026 00:00;;11/02/2026 12:19;280.000
54b6e021-b5a5-40b9-b4d9-b13dab0a4352;415;Réception (B.L. : 1100209800);1100209800;;FOURNISSEUR CENTRALE;;Pas de commande associée;O;27/02/2026 00:00;;27/02/2026 12:12;304.000
5509c9fb-b74a-4063-88bb-fd091e957094;416;Réception (B.L. : 1700223396);1700223396;;FOURNISSEUR CENTRALE;;Pas de commande associée;O;29/01/2026 00:00;;30/01/2026 12:15;620.000
551db615-6c3d-46bc-8663-9ecf2273aff3;371;Réception (B.L. : 1100209019);1100209019;;FOURNISSEUR CENTRALE;;Pas de commande associée;O;20/02/2026 00:00;;20/02/2026 12:14;3.000
5524a3f1-9abf-4bf7-a063-c28b864a774b;415;Réception (B.L. : 1200107453);1200107453;;FOURNISSEUR CENTRALE;;Pas de commande associée;O;28/03/2026 00:00;;28/03/2026 12:11;1.000
5580cd21-572b-46f7-8dee-c9954c124e81;371;Réception (B.L. : 1700234973);1700234973;;FOURNISSEUR CENTRALE;;Pas de commande associée;O;27/03/2026 00:00;;27/03/2026 12:14;527.000
558eab17-9138-4e49-8be2-a53bcb2ac353;416;Réception (B.L. : 1700222418);1700222418;;FOURNISSEUR CENTRALE;;Pas de commande associée;O;26/01/2026 00:00;;26/01/2026 12:12;416.000
55f3d656-ba77-4a77-b184-6d91e873b46a;415;Réception (B.L. : 1100205102);1100205102;;FOURNISSEUR CENTRALE;;Pas de commande associée;O;26/01/2026 00:00;;25/01/2026 23:10;2101.000
56042265-c869-4a3f-9890-8774ac9bfb29;371;Réception (B.L. : 1100211835);1100211835;;FOURNISSEUR CENTRALE;;Pas de commande associée;O;13/03/2026 00:00;;13/03/2026 12:14;2.000
561f5f4b-7866-487f-bdb2-5faf7f94af3c;412;Réception (B.L. : 1800325442);1800325442;;FOURNISSEUR CENTRALE;;Pas de commande associée;O;20/02/2026 00:00;;20/02/2026 17:01;7.000
5633161a-1ec9-42d7-86fb-477b9354f636;412;Réception (B.L. : 1700224784);1700224784;;FOURNISSEUR CENTRALE;;Pas de commande associée;O;05/02/2026 00:00;;06/02/2026 12:21;930.000
56357a9f-1c19-4ce6-bee7-41682c808152;415;Réception (B.L. : 1700232990);1700232990;;FOURNISSEUR CENTRALE;;Pas de commande associée;O;17/03/2026 00:00;;18/03/2026 12:22;294.000
5640abb3-46de-4256-8fe1-762f188737fe;416;Réception (B.L. : 1800335577);1800335577;;FOURNISSEUR CENTRALE;;Pas de commande associée;O;01/04/2026 00:00;;01/04/2026 12:22;200.000
56440597-8cb5-4001-bde5-502864c32003;416;Réception (B.L. : 1700221070);1700221070;;FOURNISSEUR CENTRALE;;Pas de commande associée;O;19/01/2026 00:00;;19/01/2026 12:16;2.000
566bbe8f-665d-489d-b269-b575640fa277;416;Réception (B.L. : 1200102779);1200102779;;FOURNISSEUR CENTRALE;;Pas de commande associée;O;27/01/2026 00:00;;27/01/2026 12:04;5.000
568a57f8-c718-44c8-ad3d-d313ee51bbf2;415;Réception (B.L. : 1100203189);1100203189;;FOURNISSEUR CENTRALE;;Pas de commande associée;O;10/01/2026 00:00;;10/01/2026 12:00;198.000
56c414d0-154a-4ae8-9bc6-1f2bb7722886;416;Réception (B.L. : 1700232179);1700232179;;FOURNISSEUR CENTRALE;;Pas de commande associée;O;13/03/2026 00:00;;13/03/2026 12:17;1012.000
56d22501-3d76-4f2b-a231-e2992698a7ce;412;Réception (B.L. : 1700224082);1700224082;;FOURNISSEUR CENTRALE;;Pas de commande associée;O;03/02/2026 00:00;;03/02/2026 12:06;3890.000
56fbf550-999e-4416-b550-97f77226a832;371;Réception (B.L. : 1800327801);1800327801;;FOURNISSEUR CENTRALE;;Pas de commande associée;O;02/03/2026 00:00;;02/03/2026 12:12;507.400
5738b6b6-c227-4d80-9033-bcdae88f316c;415;Réception (B.L. : 1700233804);1700233804;;FOURNISSEUR CENTRALE;;Pas de commande associée;O;20/03/2026 00:00;;20/03/2026 12:19;16.000
574827d9-1197-4e7c-953f-5b2239a14cee;371;Réception (B.L. : 1100214812);1100214812;;FOURNISSEUR CENTRALE;;Pas de commande associée;O;31/03/2026 00:00;;31/03/2026 12:11;2.000
57739951-c63b-49a3-bfe9-ff1c768a2c9a;371;Réception (B.L. : 1700224076);1700224076;;FOURNISSEUR CENTRALE;;Pas de commande associée;O;03/02/2026 00:00;;03/02/2026 12:06;8628.000
5797dd65-89a8-4125-a3cf-77123da04d58;415;Réception (B.L. : 1700230171);1700230171;;FOURNISSEUR CENTRALE;;Pas de commande associée;O;04/03/2026 00:00;;04/03/2026 12:15;307.000
57a23c77-58eb-4311-9b7a-b889e1ba6a7f;371;Réception (B.L. : 1100208384);1100208384;;FOURNISSEUR CENTRALE;;Pas de commande associée;O;17/02/2026 00:00;;17/02/2026 12:00;1.000
5801cdc4-a271-401d-a9ed-9aaef005c428;415;Réception (B.L. : 1700220234);1700220234;;FOURNISSEUR CENTRALE;;Pas de commande associée;O;14/01/2026 00:00;;14/01/2026 12:11;825.000
580dfb7d-3e86-4dfc-9517-89fc1d510067;371;Réception (B.L. : 1700228511);1700228511;;FOURNISSEUR CENTRALE;;Pas de commande associée;O;24/02/2026 00:00;;24/02/2026 12:13;508.000
5845d374-4bf1-4903-995d-f3ac6c56a8bc;415;Réception (B.L. : 1800317554);1800317554;;FOURNISSEUR CENTRALE;;Pas de commande associée;O;21/01/2026 00:00;;21/01/2026 12:22;76.000
584bc2d3-f2ea-4261-8394-1d646a08fc83;415;Réception (B.L. : 1700232992);1700232992;;FOURNISSEUR CENTRALE;;Pas de commande associée;O;17/03/2026 00:00;;18/03/2026 12:24;126.000
584bd4d4-9635-440a-aa5c-610439819e13;415;Réception (B.L. : 1100203213);1100203213;;FOURNISSEUR CENTRALE;;Pas de commande associée;O;12/01/2026 00:00;;11/01/2026 23:18;548.000
5856f069-88f9-4f05-9b98-2216653e4693;416;Réception (B.L. : 1800323444);1800323444;;FOURNISSEUR CENTRALE;;Pas de commande associée;O;13/02/2026 00:00;;13/02/2026 12:18;11.156
5869f71f-1275-40f9-aa53-25ebd0d8513a;412;Réception (B.L. : 1100207888);1100207888;;FOURNISSEUR CENTRALE;;Pas de commande associée;O;13/02/2026 00:00;;13/02/2026 12:13;1176.000
587891a6-6441-4036-80c3-0f1cd9db2b92;416;Réception (B.L. : 1800319795);1800319795;;FOURNISSEUR CENTRALE;;Pas de commande associée;O;30/01/2026 00:00;;30/01/2026 12:25;876.000
589b859a-7590-4e61-9d49-fcf2c758f4ae;415;Réception (B.L. : 1800314823);1800314823;;FOURNISSEUR CENTRALE;;Pas de commande associée;O;09/01/2026 00:00;;09/01/2026 17:02;31.000
58dd3ffc-a303-4af6-8e39-c4f29cf35b57;415;Réception (B.L. : 1700233756);1700233756;;FOURNISSEUR CENTRALE;;Pas de commande associée;O;20/03/2026 00:00;;20/03/2026 12:18;2.000
58e27475-0859-4f5e-8635-e3967fb5772c;412;Réception (B.L. : 1700231495);1700231495;;FOURNISSEUR CENTRALE;;Pas de commande associée;O;10/03/2026 00:00;;10/03/2026 12:19;2500.000
58eabc8e-fdf9-462c-a348-058cb7ceec61;371;Réception (B.L. : 1700233522);1700233522;;FOURNISSEUR CENTRALE;;Pas de commande associée;O;19/03/2026 00:00;;19/03/2026 17:12;247.000
59083f59-9209-43f1-8a87-8d5d91fe745b;412;Réception (B.L. : 1700222701);1700222701;;FOURNISSEUR CENTRALE;;Pas de commande associée;O;26/01/2026 00:00;;27/01/2026 12:08;730.000
5925d9b1-5c75-4f3c-88d2-e6c7cd8f6fad;412;Réception (B.L. : 1100206231);1100206231;;FOURNISSEUR CENTRALE;;Pas de commande associée;O;03/02/2026 00:00;;03/02/2026 12:04;4.000
59282eca-eb3e-4ebb-b143-3087deb05f4b;412;Réception (B.L. : 1800318201);1800318201;;FOURNISSEUR CENTRALE;;Pas de commande associée;O;23/01/2026 00:00;;23/01/2026 17:10;13.000
593dc05d-f303-4999-9d7c-8204c765d14f;415;Réception (B.L. : 1800316975);1800316975;;FOURNISSEUR CENTRALE;;Pas de commande associée;O;19/01/2026 00:00;;19/01/2026 12:22;28.000
5954924e-51f1-4135-b82f-9e714f282ee3;415;Réception (B.L. : 1800330830);1800330830;;FOURNISSEUR CENTRALE;;Pas de commande associée;O;13/03/2026 00:00;;13/03/2026 12:22;760.000
595c8c85-cfd0-48f7-9ce9-c7b3e31a3e07;412;Réception (B.L. : 1700224786);1700224786;;FOURNISSEUR CENTRALE;;Pas de commande associée;O;05/02/2026 00:00;;06/02/2026 12:23;24.000
597dc60d-423a-4be6-9180-909efa35e986;412;Réception (B.L. : 1700221326);1700221326;;FOURNISSEUR CENTRALE;;Pas de commande associée;O;20/01/2026 00:00;;20/01/2026 12:14;858.000
59965dae-fbd9-45f6-ac08-48085832bcd7;415;Réception (B.L. : 1700219318);1700219318;;FOURNISSEUR CENTRALE;;Pas de commande associée;O;09/01/2026 00:00;;09/01/2026 12:17;165.000
5a18a28a-cb32-4640-b6a1-57b44c1b8ec8;371;Réception (B.L. : 1800333226);1800333226;;FOURNISSEUR CENTRALE;;Pas de commande associée;O;22/03/2026 00:00;;23/03/2026 12:10;66.400
5a657d86-a79e-48f0-b795-3ff7086b5ff8;371;Réception (B.L. : 1100209332);1100209332;;FOURNISSEUR CENTRALE;;Pas de commande associée;O;23/02/2026 00:00;;23/02/2026 17:10;48.000
5a7038d2-3586-414d-935c-493cc0d14c7d;415;Réception (B.L. : 1700231765);1700231765;;FOURNISSEUR CENTRALE;;Pas de commande associée;O;11/03/2026 00:00;;11/03/2026 12:17;1695.000
5a863b7d-5550-435f-9cb8-9dce45421767;416;Réception (B.L. : 1700230321);1700230321;;FOURNISSEUR CENTRALE;;Pas de commande associée;O;04/03/2026 00:00;;04/03/2026 12:15;524.000
5a96d3da-65a5-49dc-bc16-2f8af766c7b7;415;Réception (B.L. : 1700220256);1700220256;;FOURNISSEUR CENTRALE;;Pas de commande associée;O;14/01/2026 00:00;;14/01/2026 12:16;6.000
5a9ee79d-1180-4efd-97c6-00c8cb89e9a7;415;Réception (B.L. : 1700223415);1700223415;;FOURNISSEUR CENTRALE;;Pas de commande associée;O;29/01/2026 00:00;;30/01/2026 12:15;489.000
5aa58d75-27cd-4a0b-b0b2-34d120abe905;415;Réception (B.L. : 1800319221);1800319221;;FOURNISSEUR CENTRALE;;Pas de commande associée;O;28/01/2026 00:00;;28/01/2026 12:22;240.000
5ab19358-49e5-4b05-8280-1e551eb55b5f;416;Réception (B.L. : 1100206811);1100206811;;FOURNISSEUR CENTRALE;;Pas de commande associée;O;06/02/2026 00:00;;06/02/2026 12:13;12.000
5af52d66-a4f3-44ae-977d-231cb14ed50c;416;Réception (B.L. : 1100208898);1100208898;;FOURNISSEUR CENTRALE;;Pas de commande associée;O;20/02/2026 00:00;;20/02/2026 12:13;12.000
5b2176d3-2fc6-4396-9195-e8d9e2ecc67c;415;Réception (B.L. : 1100208115);1100208115;;FOURNISSEUR CENTRALE;;Pas de commande associée;O;16/02/2026 00:00;;16/02/2026 12:11;392.000
5b2995f7-aee3-4e74-87a2-3d560eea2df2;416;Réception (B.L. : 1700229192);1700229192;;FOURNISSEUR CENTRALE;;Pas de commande associée;O;26/02/2026 00:00;;27/02/2026 12:16;297.000
5b35429d-994d-4697-9e99-a79fff8cfc0d;415;Réception (B.L. : 1700221593);1700221593;;FOURNISSEUR CENTRALE;;Pas de commande associée;O;20/01/2026 00:00;;21/01/2026 12:17;34.000
5b4360c3-3f5d-4902-8f0b-cedfedf43913;416;Réception (B.L. : 1800320214);1800320214;;FOURNISSEUR CENTRALE;;Pas de commande associée;O;02/02/2026 00:00;;02/02/2026 12:21;250.600
5b45df3c-15ca-404a-bec4-940f0a9eef86;412;Réception (B.L. : 1100207333);1100207333;;FOURNISSEUR CENTRALE;;Pas de commande associée;O;10/02/2026 00:00;;09/02/2026 23:24;522.000
5b48eadf-b954-43d9-9369-6c9ba2ceaaa9;371;Réception (B.L. : 1100204351);1100204351;;FOURNISSEUR CENTRALE;;Pas de commande associée;O;19/01/2026 00:00;;19/01/2026 17:10;6.000
5b4e5071-7e9d-4fcd-8d00-eee7c07cd431;371;Réception (B.L. : 1100210683);1100210683;;FOURNISSEUR CENTRALE;;Pas de commande associée;O;06/03/2026 00:00;;06/03/2026 12:11;1522.000
5b73a4d0-3275-4cae-a0a1-dc24abcd09f7;416;Réception (B.L. : 1700235020);1700235020;;FOURNISSEUR CENTRALE;;Pas de commande associée;O;27/03/2026 00:00;;27/03/2026 12:18;567.000
5bd6ceb5-c31f-49ce-9eb8-78365f50a238;416;Réception (B.L. : 1100212085);1100212085;;FOURNISSEUR CENTRALE;;Pas de commande associée;O;16/03/2026 00:00;;16/03/2026 12:13;72.000
5bdbd709-bf7a-4d93-a021-e8bd84c244be;412;Réception (B.L. : 1700230762);1700230762;;FOURNISSEUR CENTRALE;;Pas de commande associée;O;06/03/2026 00:00;;06/03/2026 12:16;5.000
5be99fba-76ae-4cfc-baa3-aaf2c369da7d;415;Réception (B.L. : 1100212384);1100212384;;FOURNISSEUR CENTRALE;;Pas de commande associée;O;17/03/2026 00:00;;17/03/2026 17:02;126.000
5bf2f8a9-3afb-428c-bbc5-15ffa7ffbdcd;412;Réception (B.L. : 1100214766);1100214766;;FOURNISSEUR CENTRALE;;Pas de commande associée;O;31/03/2026 00:00;;31/03/2026 12:11;818.000
5c2f7640-d94f-4051-9752-cb1cf0a8a3db;412;Réception (B.L. : 1800324685);1800324685;;FOURNISSEUR CENTRALE;;Pas de commande associée;O;18/02/2026 00:00;;18/02/2026 12:12;255.732
5c8b02f2-984a-40b1-b420-d05d99bcd527;415;Réception (B.L. : 1800330236);1800330236;;FOURNISSEUR CENTRALE;;Pas de commande associée;O;11/03/2026 00:00;;11/03/2026 12:24;757.700
5cad34b4-7f6a-4a30-9b32-c5fae8c05d02;371;Réception (B.L. : 1100209791);1100209791;;FOURNISSEUR CENTRALE;;Pas de commande associée;O;27/02/2026 00:00;;27/02/2026 12:11;192.000
5cbfccf1-dbdb-4707-9d22-78a0964ebf8a;415;Réception (B.L. : 1800332800);1800332800;;FOURNISSEUR CENTRALE;;Pas de commande associée;O;20/03/2026 00:00;;20/03/2026 12:22;30.000
5ceb00a3-9c05-4721-9d75-febbf0c25253;416;Réception (B.L. : 1100208896);1100208896;;FOURNISSEUR CENTRALE;;Pas de commande associée;O;20/02/2026 00:00;;20/02/2026 12:11;898.000
5cf1ab41-26a7-4462-b394-ca90a9c7c13a;371;Réception (B.L. : 1100207387);1100207387;;FOURNISSEUR CENTRALE;;Pas de commande associée;O;10/02/2026 00:00;;10/02/2026 12:12;3.000
5cf20059-c9b7-4f1b-8f1e-532fcd73a5e1;415;Réception (B.L. : 1700224293);1700224293;;FOURNISSEUR CENTRALE;;Pas de commande associée;O;04/02/2026 00:00;;04/02/2026 12:19;38.000
5d29988f-1cbc-4e83-80f7-e2d776a7ef3d;415;Réception (B.L. : 1700223416);1700223416;;FOURNISSEUR CENTRALE;;Pas de commande associée;O;29/01/2026 00:00;;30/01/2026 12:16;337.000
5d71a2a7-6e83-42db-9e32-f11c89644c3b;415;Réception (B.L. : 1700228238);1700228238;;FOURNISSEUR CENTRALE;;Pas de commande associée;O;23/02/2026 00:00;;23/02/2026 12:15;238.000
5db7343f-ec0e-497d-9409-d44698246c15;412;Réception (B.L. : 1700229533);1700229533;;FOURNISSEUR CENTRALE;;Pas de commande associée;O;28/02/2026 00:00;;28/02/2026 12:10;100.000
5dee222d-82ff-4b55-bc7a-18fbff73e49f;371;Réception (B.L. : 1100212282);1100212282;;FOURNISSEUR CENTRALE;;Pas de commande associée;O;17/03/2026 00:00;;17/03/2026 12:11;903.000
5e0c7de1-5ce2-4e33-b6aa-338b9a745bfe;371;Réception (B.L. : 1100211763);1100211763;;FOURNISSEUR CENTRALE;;Pas de commande associée;O;13/03/2026 00:00;;13/03/2026 12:13;12.000
5edf12f4-a31f-41dc-9083-9501bbad1d3c;416;Réception (B.L. : 1700235872);1700235872;;FOURNISSEUR CENTRALE;;Pas de commande associée;O;01/04/2026 00:00;;01/04/2026 12:15;161.000
5ee5ba5f-ee1f-46f2-8fce-0c1114ac21ee;416;Réception (B.L. : 1700234177);1700234177;;FOURNISSEUR CENTRALE;;Pas de commande associée;O;23/03/2026 00:00;;23/03/2026 12:17;2.000
5eebcb39-6f2c-4fc0-8bb3-7efb57e76441;412;Réception (B.L. : 1800330819);1800330819;;FOURNISSEUR CENTRALE;;Pas de commande associée;O;13/03/2026 00:00;;13/03/2026 12:21;12.000
5ef8b9c7-2445-4d68-8076-e142e522f7b6;371;Réception (B.L. : 1700226960);1700226960;;FOURNISSEUR CENTRALE;;Pas de commande associée;O;17/02/2026 00:00;;17/02/2026 12:02;708.000
5efea812-05a1-4c93-8b2c-544d56988407;415;Réception (B.L. : 1100209801);1100209801;;FOURNISSEUR CENTRALE;;Pas de commande associée;O;27/02/2026 00:00;;27/02/2026 12:13;1478.000
5f70492e-ff2e-4757-a86f-5c10d748cbc1;416;Réception (B.L. : 1200107262);1200107262;;FOURNISSEUR CENTRALE;;Pas de commande associée;O;26/03/2026 00:00;;26/03/2026 17:11;1.000
5fa04cf9-93dd-4de0-a688-27e51adf5091;416;Réception (B.L. : 1100207591);1100207591;;FOURNISSEUR CENTRALE;;Pas de commande associée;O;11/02/2026 00:00;;11/02/2026 12:10;4.000
5fc51d12-4a8a-467e-86f1-b52a98ad98dd;416;Réception (B.L. : 1800314189);1800314189;;FOURNISSEUR CENTRALE;;Pas de commande associée;O;07/01/2026 00:00;;07/01/2026 12:14;120.000
5fd4201e-f492-452c-af5e-152f7e307707;412;Réception (B.L. : 1700228508);1700228508;;FOURNISSEUR CENTRALE;;Pas de commande associée;O;23/02/2026 00:00;;24/02/2026 12:14;872.000
5fd973ee-2b6e-43e4-9ea4-42881462d6aa;415;Réception (B.L. : 1800330831);1800330831;;FOURNISSEUR CENTRALE;;Pas de commande associée;O;13/03/2026 00:00;;13/03/2026 12:23;910.000
5fdfdc01-db05-41f6-b37a-cb43fbffa26a;416;Réception (B.L. : 1700220202);1700220202;;FOURNISSEUR CENTRALE;;Pas de commande associée;O;14/01/2026 00:00;;14/01/2026 12:16;110.000
6071f3ef-e9aa-45c2-88cb-dc0259eac4cb;416;Réception (B.L. : 1700221018);1700221018;;FOURNISSEUR CENTRALE;;Pas de commande associée;O;18/01/2026 00:00;;19/01/2026 12:15;275.000
6081db7c-4d9a-49ce-b1e6-b043c603a82a;415;Réception (B.L. : 1800327825);1800327825;;FOURNISSEUR CENTRALE;;Pas de commande associée;O;02/03/2026 00:00;;02/03/2026 12:21;153.000
60b63a67-ec0f-451a-9c52-e67565105caa;416;Réception (B.L. : 1800326622);1800326622;;FOURNISSEUR CENTRALE;;Pas de commande associée;O;25/02/2026 00:00;;25/02/2026 12:25;13.000
60c9cb57-eb22-4ec1-aa25-7b81e4110db6;371;Réception (B.L. : 1100204374);1100204374;;FOURNISSEUR CENTRALE;;Pas de commande associée;O;20/01/2026 00:00;;19/01/2026 23:32;66.000
60d8d9de-b443-4167-9a3d-ea80bb92a56d;371;Réception (B.L. : 1700226345);1700226345;;FOURNISSEUR CENTRALE;;Pas de commande associée;O;12/02/2026 00:00;;13/02/2026 12:19;904.000
61368bb3-214c-4aab-a8ed-ab3a18a5b48c;415;Réception (B.L. : 1800316464);1800316464;;FOURNISSEUR CENTRALE;;Pas de commande associée;O;15/01/2026 00:00;;16/01/2026 12:25;508.700
61384a52-65a2-4ab9-b36c-f41c1e3c7ea9;416;Réception (B.L. : 1100214554);1100214554;;FOURNISSEUR CENTRALE;;Pas de commande associée;O;30/03/2026 00:00;;30/03/2026 12:12;2052.000
6140ecc5-f165-40df-ba7f-0ad889d15604;412;Réception (B.L. : 1700222344);1700222344;;FOURNISSEUR CENTRALE;;Pas de commande associée;O;23/01/2026 00:00;;23/01/2026 12:08;149.000
61424c9a-9062-4482-bc17-06914713c904;415;Réception (B.L. : 1800333805);1800333805;;FOURNISSEUR CENTRALE;;Pas de commande associée;O;24/03/2026 00:00;;25/03/2026 12:22;80.000
61758fa9-abdf-40e0-a79f-dddf6c7dbf9e;415;Réception (B.L. : 1100212210);1100212210;;FOURNISSEUR CENTRALE;;Pas de commande associée;O;16/03/2026 00:00;;16/03/2026 12:14;5.000
6178cdcf-511e-4354-ab2e-7cee58b732d8;415;Réception (B.L. : 1700225781);1700225781;;FOURNISSEUR CENTRALE;;Pas de commande associée;O;11/02/2026 00:00;;11/02/2026 12:14;597.000
61a85dcd-f7b5-421b-91ee-e9830564cec4;371;Réception (B.L. : 1100206818);1100206818;;FOURNISSEUR CENTRALE;;Pas de commande associée;O;06/02/2026 00:00;;06/02/2026 12:12;1530.000
61c8022b-1c75-4bd7-b881-851ca1691e09;412;Réception (B.L. : 1100207335);1100207335;;FOURNISSEUR CENTRALE;;Pas de commande associée;O;10/02/2026 00:00;;09/02/2026 23:26;30.000
623c104e-1b8c-491d-a59c-cf651d6f5bce;416;Réception (B.L. : 1700222173);1700222173;;FOURNISSEUR CENTRALE;;Pas de commande associée;O;22/01/2026 00:00;;23/01/2026 12:06;398.000
62c4ab22-61cc-4cd2-9cb4-512cbb8dab5a;416;Réception (B.L. : 1800323448);1800323448;;FOURNISSEUR CENTRALE;;Pas de commande associée;O;13/02/2026 00:00;;13/02/2026 12:22;36.000
62d13132-8145-4393-a15e-1a4b99352212;415;Réception (B.L. : 1700227987);1700227987;;FOURNISSEUR CENTRALE;;Pas de commande associée;O;20/02/2026 00:00;;20/02/2026 12:22;5.000
62f9bbfa-d9c9-4285-a21a-119d722bf2bb;416;Réception (B.L. : 1800327829);1800327829;;FOURNISSEUR CENTRALE;;Pas de commande associée;O;02/03/2026 00:00;;02/03/2026 12:23;352.700
6307b534-c5ab-45c0-849e-6deed2382343;412;Réception (B.L. : 1100211215);1100211215;;FOURNISSEUR CENTRALE;;Pas de commande associée;O;10/03/2026 00:00;;10/03/2026 12:12;937.000
6341164c-7551-4604-9d5f-044f0ca27914;415;Réception (B.L. : 1700232174);1700232174;;FOURNISSEUR CENTRALE;;Pas de commande associée;O;13/03/2026 00:00;;13/03/2026 12:18;308.000
63c7ef27-ff58-4708-ad00-dd6d675c910b;415;Réception (B.L. : 1100204572);1100204572;;FOURNISSEUR CENTRALE;;Pas de commande associée;O;21/01/2026 00:00;;21/01/2026 12:13;7.000
63cfdf12-a250-4e06-b4ab-ca16d2440c9d;416;Réception (B.L. : 1800329053);1800329053;;FOURNISSEUR CENTRALE;;Pas de commande associée;O;06/03/2026 00:00;;06/03/2026 12:26;24.000
63d70b0e-abbf-4e1f-9f45-e1928328e848;371;Réception (B.L. : 1700231480);1700231480;;FOURNISSEUR CENTRALE;;Pas de commande associée;O;10/03/2026 00:00;;10/03/2026 12:16;557.000
63f9edb5-b664-44c3-870c-d11a3a876cb0;415;Réception (B.L. : 1700220236);1700220236;;FOURNISSEUR CENTRALE;;Pas de commande associée;O;14/01/2026 00:00;;14/01/2026 12:13;896.000
6429636b-08f5-4b18-81bd-4db5dafd91f7;416;Réception (B.L. : 1100204076);1100204076;;FOURNISSEUR CENTRALE;;Pas de commande associée;O;16/01/2026 00:00;;16/01/2026 12:11;2.000
64431c7e-f042-42f8-b73f-32c5cc17609a;415;Réception (B.L. : 1100213764);1100213764;;FOURNISSEUR CENTRALE;;Pas de commande associée;O;25/03/2026 00:00;;25/03/2026 12:11;1026.000
644a0da7-a5b8-45ad-80da-d4d6e87aeaa5;416;Réception (B.L. : 1700231287);1700231287;;FOURNISSEUR CENTRALE;;Pas de commande associée;O;09/03/2026 00:00;;09/03/2026 12:14;75.000
64574735-16af-4a5c-8dbe-96c055ea1a65;416;Réception (B.L. : 1700225300);1700225300;;FOURNISSEUR CENTRALE;;Pas de commande associée;O;09/02/2026 00:00;;09/02/2026 12:17;6.000
645f7439-a2f0-4dc1-b23c-fe221da69516;416;Réception (B.L. : 1800314268);1800314268;;FOURNISSEUR CENTRALE;;Pas de commande associée;O;07/01/2026 00:00;;07/01/2026 12:16;152.123
6467d692-73b4-4965-9270-745852cf42a0;416;Réception (B.L. : 1800316489);1800316489;;FOURNISSEUR CENTRALE;;Pas de commande associée;O;16/01/2026 00:00;;16/01/2026 12:24;110.000
64719de0-07e2-4fc1-96f6-a98d6ae6ed1b;416;Réception (B.L. : 1800330835);1800330835;;FOURNISSEUR CENTRALE;;Pas de commande associée;O;13/03/2026 00:00;;13/03/2026 12:22;530.000
65260b41-890d-4d04-98d7-122ea7001bd5;415;Réception (B.L. : 1100214241);1100214241;;FOURNISSEUR CENTRALE;;Pas de commande associée;O;27/03/2026 00:00;;27/03/2026 12:15;770.000
653f893a-1c67-4614-991a-121b9d49855b;416;Réception (B.L. : 1100207875);1100207875;;FOURNISSEUR CENTRALE;;Pas de commande associée;O;12/02/2026 00:00;;12/02/2026 17:10;6.000
654cfc25-c9d4-4ad1-bfb6-9df3a8e16084;416;Réception (B.L. : 1800326643);1800326643;;FOURNISSEUR CENTRALE;;Pas de commande associée;O;25/02/2026 00:00;;25/02/2026 17:10;32.000
656ae1fe-b979-42bf-9e2c-5157a5712db1;371;Réception (B.L. : 1800333882);1800333882;;FOURNISSEUR CENTRALE;;Pas de commande associée;O;25/03/2026 00:00;;25/03/2026 17:11;5.000
657b434d-fc0e-4f5d-8445-dcc8f42976a9;415;Réception (B.L. : 1700223419);1700223419;;FOURNISSEUR CENTRALE;;Pas de commande associée;O;29/01/2026 00:00;;30/01/2026 12:19;22.000
6591e318-382f-4bf3-a0b0-e6d71535f4ff;415;Réception (B.L. : 1100210351);1100210351;;FOURNISSEUR CENTRALE;;Pas de commande associée;O;04/03/2026 00:00;;04/03/2026 12:10;844.000
65a3d8b2-ad5c-41aa-80a2-ca5c8047eee8;416;Réception (B.L. : 1700222978);1700222978;;FOURNISSEUR CENTRALE;;Pas de commande associée;O;28/01/2026 00:00;;28/01/2026 12:11;329.000
65a3ddda-88be-4d0f-a93d-bd08d736f18d;415;Réception (B.L. : 1700232533);1700232533;;FOURNISSEUR CENTRALE;;Pas de commande associée;O;15/03/2026 00:00;;16/03/2026 12:15;525.000
65ccec1d-4825-49ae-9f79-9d05731cafab;415;Réception (B.L. : 1800323438);1800323438;;FOURNISSEUR CENTRALE;;Pas de commande associée;O;13/02/2026 00:00;;13/02/2026 12:28;821.266
6617f253-4348-4b3e-adf2-a235c0adbcd6;416;Réception (B.L. : 1700227911);1700227911;;FOURNISSEUR CENTRALE;;Pas de commande associée;O;20/02/2026 00:00;;20/02/2026 12:19;4.000
66291ecb-45cb-425d-bf20-ed19ceb95f03;415;Réception (B.L. : 1200102664);1200102664;;FOURNISSEUR CENTRALE;;Pas de commande associée;O;26/01/2026 00:00;;26/01/2026 12:10;3.000
66308e44-53d0-465c-b95c-78f19c5a156a;415;Réception (B.L. : 1100212081);1100212081;;FOURNISSEUR CENTRALE;;Pas de commande associée;O;16/03/2026 00:00;;16/03/2026 12:12;934.000
665b8b3d-9dda-4416-a2ab-e39777a900f8;415;Réception (B.L. : 1800313657);1800313657;;FOURNISSEUR CENTRALE;;Pas de commande associée;O;05/01/2026 00:00;;05/01/2026 12:18;6.000
666376c2-1b56-4383-a37f-8c96870a83ae;416;Réception (B.L. : 1100205822);1100205822;;FOURNISSEUR CENTRALE;;Pas de commande associée;O;30/01/2026 00:00;;30/01/2026 12:12;1673.000
66981794-4217-4add-8441-a0c3233fe765;416;Réception (B.L. : 1100206344);1100206344;;FOURNISSEUR CENTRALE;;Pas de commande associée;O;03/02/2026 00:00;;03/02/2026 17:01;96.000
66b81c99-a352-45dd-ada5-8582507114fd;416;Réception (B.L. : 1100213189);1100213189;;FOURNISSEUR CENTRALE;;Pas de commande associée;O;23/03/2026 00:00;;22/03/2026 23:22;42.000
66b92ae1-8489-43b4-b224-fdc7cea7950e;412;Réception (B.L. : 1800316496);1800316496;;FOURNISSEUR CENTRALE;;Pas de commande associée;O;16/01/2026 00:00;;16/01/2026 12:20;10.000
66c0f0ea-bbd3-4dc5-9225-9c815ceab47a;412;Réception (B.L. : 1700231491);1700231491;;FOURNISSEUR CENTRALE;;Pas de commande associée;O;10/03/2026 00:00;;10/03/2026 12:15;1914.000
67333e33-2d21-4f3d-b63c-a6a0ecc83e5c;415;Réception (B.L. : 1100208116);1100208116;;FOURNISSEUR CENTRALE;;Pas de commande associée;O;16/02/2026 00:00;;16/02/2026 12:12;2790.000
674babf7-69a2-41cf-a5cd-b946077a7ae5;416;Réception (B.L. : 1700228334);1700228334;;FOURNISSEUR CENTRALE;;Pas de commande associée;O;23/02/2026 00:00;;23/02/2026 12:17;6.000
67637f49-ec91-40ab-83dd-e26623ac82c0;415;Réception (B.L. : 1200106370);1200106370;;FOURNISSEUR CENTRALE;;Pas de commande associée;O;13/03/2026 00:00;;13/03/2026 12:11;18.000
678054e6-b561-4931-9055-a9f77368db98;371;Réception (B.L. : 1100203955);1100203955;;FOURNISSEUR CENTRALE;;Pas de commande associée;O;16/01/2026 00:00;;15/01/2026 23:23;252.000
679b80b4-864c-4ae2-b8e1-59d08bd75f60;415;Réception (B.L. : 1100202293);1100202293;;FOURNISSEUR CENTRALE;;Pas de commande associée;O;05/01/2026 00:00;;05/01/2026 12:10;3.000
67eb27ed-8710-4b5e-b4bc-944ee3276948;415;Réception (B.L. : 1700223832);1700223832;;FOURNISSEUR CENTRALE;;Pas de commande associée;O;02/02/2026 00:00;;02/02/2026 12:18;171.000
68193661-8efa-4a1a-b8bd-9be3baf309eb;415;Réception (B.L. : 1800322865);1800322865;;FOURNISSEUR CENTRALE;;Pas de commande associée;O;11/02/2026 00:00;;11/02/2026 12:25;38.000
6835a2f3-66be-4ec2-ac7b-d6d86792c6b0;412;Réception (B.L. : 1100203964);1100203964;;FOURNISSEUR CENTRALE;;Pas de commande associée;O;16/01/2026 00:00;;15/01/2026 23:23;28.000
683e86bc-cae0-48ab-91a5-ba5e6c6f4ae3;415;Réception (B.L. : 1100209130);1100209130;;FOURNISSEUR CENTRALE;;Pas de commande associée;O;23/02/2026 00:00;;22/02/2026 23:19;600.000
685d4201-1364-4908-b0f9-bd27e8beaaae;412;Réception (B.L. : 1800322870);1800322870;;FOURNISSEUR CENTRALE;;Pas de commande associée;O;11/02/2026 00:00;;11/02/2026 12:13;10.000
6864163e-7cb1-443e-a91c-ccf051f53a97;371;Réception (B.L. : 1700226961);1700226961;;FOURNISSEUR CENTRALE;;Pas de commande associée;O;17/02/2026 00:00;;17/02/2026 12:03;636.000
687e8514-932f-4936-abb0-8effeebbed4a;371;Réception (B.L. : 1800316948);1800316948;;FOURNISSEUR CENTRALE;;Pas de commande associée;O;19/01/2026 00:00;;19/01/2026 12:12;414.433
6882d040-72ea-4e6c-8ed4-632f6e25faf3;416;Réception (B.L. : 1100204168);1100204168;;FOURNISSEUR CENTRALE;;Pas de commande associée;O;19/01/2026 00:00;;19/01/2026 12:10;4.000
688c7775-7bb7-41e1-97ac-893b771ec8ca;415;Réception (B.L. : 1700229783);1700229783;;FOURNISSEUR CENTRALE;;Pas de commande associée;O;02/03/2026 00:00;;02/03/2026 12:14;328.000
6891effb-8c0f-480e-86d6-d7e03a686832;415;Réception (B.L. : 1800332082);1800332082;;FOURNISSEUR CENTRALE;;Pas de commande associée;O;18/03/2026 00:00;;18/03/2026 12:27;22.000
689504d6-5fe4-42a9-8192-c7b632c002a7;415;Réception (B.L. : 1700224920);1700224920;;FOURNISSEUR CENTRALE;;Pas de commande associée;O;06/02/2026 00:00;;06/02/2026 12:16;454.000
68a2d1ce-cbd0-462d-83a6-5bb8274fdd4c;416;Réception (B.L. : 1700222420);1700222420;;FOURNISSEUR CENTRALE;;Pas de commande associée;O;26/01/2026 00:00;;26/01/2026 12:14;245.000
68bbece6-85e3-4e39-af68-d6eb46d43de5;416;Réception (B.L. : 1100209803);1100209803;;FOURNISSEUR CENTRALE;;Pas de commande associée;O;27/02/2026 00:00;;27/02/2026 12:11;477.000
68d4a296-61a4-4ae7-b5c9-abb4cee64445;416;Réception (B.L. : 1700227791);1700227791;;FOURNISSEUR CENTRALE;;Pas de commande associée;O;19/02/2026 00:00;;20/02/2026 12:18;63.000
68e6ddc7-be41-4622-840b-3576eaea52e5;416;Réception (B.L. : 1700234033);1700234033;;FOURNISSEUR CENTRALE;;Pas de commande associée;O;23/03/2026 00:00;;23/03/2026 12:13;498.000
68f06831-e745-464b-9644-9c0dfddcb36b;415;Réception (B.L. : 1700229536);1700229536;;FOURNISSEUR CENTRALE;;Pas de commande associée;O;28/02/2026 00:00;;28/02/2026 12:11;100.000
6942384a-d476-408e-8e29-60839f6a8a1b;415;Réception (B.L. : 1800315110);1800315110;;FOURNISSEUR CENTRALE;;Pas de commande associée;O;12/01/2026 00:00;;12/01/2026 12:21;7.000
6946d83d-fefe-4162-b5e4-149376e0cb2c;371;Réception (B.L. : 1800319764);1800319764;;FOURNISSEUR CENTRALE;;Pas de commande associée;O;30/01/2026 00:00;;30/01/2026 12:11;15.000
695b39f8-9c52-4639-9e6a-de1fb75cc815;416;Réception (B.L. : 1800330238);1800330238;;FOURNISSEUR CENTRALE;;Pas de commande associée;O;11/03/2026 00:00;;11/03/2026 12:22;90.936
69795aff-3749-447d-84e4-92d41f672ba1;412;Réception (B.L. : 1800324807);1800324807;;FOURNISSEUR CENTRALE;;Pas de commande associée;O;18/02/2026 00:00;;18/02/2026 17:10;12.000
697c7f16-9913-4b37-ac45-42107a3299b2;415;Réception (B.L. : 1800331453);1800331453;;FOURNISSEUR CENTRALE;;Pas de commande associée;O;16/03/2026 00:00;;16/03/2026 12:22;685.000
698b197c-fec3-4295-a224-ade8a0f6aef6;412;Réception (B.L. : 1700225571);1700225571;;FOURNISSEUR CENTRALE;;Pas de commande associée;O;10/02/2026 00:00;;10/02/2026 12:13;1362.000
69a4bfc7-09ac-4fdd-b26c-4d917b1554ef;371;Réception (B.L. : 1800334514);1800334514;;FOURNISSEUR CENTRALE;;Pas de commande associée;O;27/03/2026 00:00;;27/03/2026 17:11;10.000
69d1cb2e-c9a7-48e6-b26e-348879ee4298;416;Réception (B.L. : 1700224285);1700224285;;FOURNISSEUR CENTRALE;;Pas de commande associée;O;03/02/2026 00:00;;04/02/2026 12:15;7.000
69f1cde4-a479-4fd7-b720-0726bd06e69d;415;Réception (B.L. : 1800321944);1800321944;;FOURNISSEUR CENTRALE;;Pas de commande associée;O;09/02/2026 00:00;;09/02/2026 17:12;534.200
6a17861a-1125-45e4-94be-8dfee814a8d9;416;Réception (B.L. : 1100204518);1100204518;;FOURNISSEUR CENTRALE;;Pas de commande associée;O;21/01/2026 00:00;;21/01/2026 12:12;36.000
6a278b51-4802-4344-8cd0-13cf076d58e6;412;Réception (B.L. : 1700231497);1700231497;;FOURNISSEUR CENTRALE;;Pas de commande associée;O;10/03/2026 00:00;;10/03/2026 12:21;16.000
6aa79e81-6efe-474e-9eb7-34c46a302d25;415;Réception (B.L. : 1700232991);1700232991;;FOURNISSEUR CENTRALE;;Pas de commande associée;O;17/03/2026 00:00;;18/03/2026 12:23;853.000
6ac79657-abd4-430e-94a9-b5d9212b2464;415;Réception (B.L. : 1800329009);1800329009;;FOURNISSEUR CENTRALE;;Pas de commande associée;O;05/03/2026 00:00;;06/03/2026 12:26;555.300
6b0d95db-7e57-4d82-aa64-40495a88f1fe;415;Réception (B.L. : 1700225034);1700225034;;FOURNISSEUR CENTRALE;;Pas de commande associée;O;06/02/2026 00:00;;06/02/2026 12:21;6.000
6b2436ca-9489-4853-950c-13dfe7e3f164;371;Réception (B.L. : 1800319700);1800319700;;FOURNISSEUR CENTRALE;;Pas de commande associée;O;30/01/2026 00:00;;30/01/2026 12:09;100.000
6b2b3b6c-1a37-4a49-b5eb-65eafebf1570;416;Réception (B.L. : 1100208447);1100208447;;FOURNISSEUR CENTRALE;;Pas de commande associée;O;17/02/2026 00:00;;17/02/2026 17:11;102.000
6b2d6fad-7842-4248-98cc-b34468114346;412;Réception (B.L. : 1800333248);1800333248;;FOURNISSEUR CENTRALE;;Pas de commande associée;O;22/03/2026 00:00;;23/03/2026 12:11;872.631
6b6fb6d1-1e04-440b-8e51-45350e3f84c5;415;Réception (B.L. : 1700227196);1700227196;;FOURNISSEUR CENTRALE;;Pas de commande associée;O;17/02/2026 00:00;;18/02/2026 12:16;510.000
6b7c02ee-d048-4aad-b5e9-6e2fe47273f1;416;Réception (B.L. : 1100212396);1100212396;;FOURNISSEUR CENTRALE;;Pas de commande associée;O;18/03/2026 00:00;;18/03/2026 12:13;18.000
6b81e5b6-5943-402e-8c2c-4b8876a17516;412;Réception (B.L. : 1800321349);1800321349;;FOURNISSEUR CENTRALE;;Pas de commande associée;O;06/02/2026 00:00;;06/02/2026 12:27;118.200
6b862b2c-8a27-4e27-9687-d50906146348;416;Réception (B.L. : 1800328425);1800328425;;FOURNISSEUR CENTRALE;;Pas de commande associée;O;04/03/2026 00:00;;04/03/2026 12:22;29.000
6b891428-ebb6-4ff6-ba11-7789be0097ff;416;Réception (B.L. : 1800322895);1800322895;;FOURNISSEUR CENTRALE;;Pas de commande associée;O;11/02/2026 00:00;;11/02/2026 12:22;15.000
6babd0a9-6482-4165-8cdc-0962123ae381;416;Réception (B.L. : 1700226655);1700226655;;FOURNISSEUR CENTRALE;;Pas de commande associée;O;13/02/2026 00:00;;13/02/2026 17:02;356.000
6c191834-1c4e-48ff-b72f-99e7b77c65c8;416;Réception (B.L. : 1100210343);1100210343;;FOURNISSEUR CENTRALE;;Pas de commande associée;O;04/03/2026 00:00;;04/03/2026 12:11;817.000
6c1d6bda-c639-47f4-9a3c-7a906be4e161;371;Réception (B.L. : 1700234369);1700234369;;FOURNISSEUR CENTRALE;;Pas de commande associée;O;23/03/2026 00:00;;24/03/2026 12:20;3.000
6c326001-f57b-49fd-ad39-7531ed62c658;371;Réception (B.L. : 1800323496);1800323496;;FOURNISSEUR CENTRALE;;Pas de commande associée;O;13/02/2026 00:00;;13/02/2026 12:24;4.000
6c475558-0159-4708-bf6a-d9ede4723999;416;Réception (B.L. : 1700232541);1700232541;;FOURNISSEUR CENTRALE;;Pas de commande associée;O;15/03/2026 00:00;;16/03/2026 12:18;108.000
6ce574af-edd3-4e12-b73c-ca6cefc069fc;415;Réception (B.L. : 1100206393);1100206393;;FOURNISSEUR CENTRALE;;Pas de commande associée;O;04/02/2026 00:00;;04/02/2026 12:11;1454.000
6d6e76f6-88cc-4810-8200-d482ada34062;416;Réception (B.L. : 1800325948);1800325948;;FOURNISSEUR CENTRALE;;Pas de commande associée;O;23/02/2026 00:00;;23/02/2026 12:21;7.000
6d702c1a-cc29-4e6b-9be8-fb4c1ec216e7;412;Réception (B.L. : 1800330821);1800330821;;FOURNISSEUR CENTRALE;;Pas de commande associée;O;13/03/2026 00:00;;13/03/2026 12:23;164.000
6d87d4fe-415f-4534-8c96-93d5cb5a4fc7;412;Réception (B.L. : 1700231494);1700231494;;FOURNISSEUR CENTRALE;;Pas de commande associée;O;10/03/2026 00:00;;10/03/2026 12:18;2766.000
6d8a727f-0292-4d01-872f-b9592eeb5b9f;416;Réception (B.L. : 1100209133);1100209133;;FOURNISSEUR CENTRALE;;Pas de commande associée;O;23/02/2026 00:00;;22/02/2026 23:19;624.000
6d947a61-6530-4785-8130-dd2f79124453;416;Réception (B.L. : 1100213767);1100213767;;FOURNISSEUR CENTRALE;;Pas de commande associée;O;25/03/2026 00:00;;25/03/2026 12:12;850.000
6d98c848-5aed-4914-b385-f100e356d92f;415;Réception (B.L. : 1700224291);1700224291;;FOURNISSEUR CENTRALE;;Pas de commande associée;O;04/02/2026 00:00;;04/02/2026 12:17;462.000
6e4429ad-2958-419d-9fe0-f840a8bd1a1b;416;Réception (B.L. : 1800321360);1800321360;;FOURNISSEUR CENTRALE;;Pas de commande associée;O;06/02/2026 00:00;;06/02/2026 12:22;400.000
6e95a1b6-408e-4847-9a5d-09cf0098a8fa;412;Réception (B.L. : 1100214194);1100214194;;FOURNISSEUR CENTRALE;;Pas de commande associée;O;26/03/2026 00:00;;26/03/2026 17:11;24.000
6ea9ea1e-a1da-4622-be3b-7621b3b0d81d;415;Réception (B.L. : 1100206439);1100206439;;FOURNISSEUR CENTRALE;;Pas de commande associée;O;04/02/2026 00:00;;04/02/2026 12:13;6.000
6eca69c0-64cf-444b-82ab-5263f523ddd6;416;Réception (B.L. : 1100205139);1100205139;;FOURNISSEUR CENTRALE;;Pas de commande associée;O;26/01/2026 00:00;;26/01/2026 12:10;3.000
6f01d414-f03d-4c28-95e1-598336efc6de;371;Réception (B.L. : 1700232778);1700232778;;FOURNISSEUR CENTRALE;;Pas de commande associée;O;16/03/2026 00:00;;17/03/2026 12:15;294.000
6f23207f-a7a1-456a-9faf-0237429ed228;415;Réception (B.L. : 1100206025);1100206025;;FOURNISSEUR CENTRALE;;Pas de commande associée;O;02/02/2026 00:00;;02/02/2026 12:12;790.000
6f2753af-51a1-4b56-9006-80acdc7a631e;415;Réception (B.L. : 1100202244);1100202244;;FOURNISSEUR CENTRALE;;Pas de commande associée;O;05/01/2026 00:00;;04/01/2026 23:11;138.000
6f5b372c-986d-46ed-97a8-138182666b6f;416;Réception (B.L. : 1800326620);1800326620;;FOURNISSEUR CENTRALE;;Pas de commande associée;O;25/02/2026 00:00;;25/02/2026 12:23;597.600
6f67bc9f-58fe-42f9-9ebe-828dfd275f37;416;Réception (B.L. : 1100208548);1100208548;;FOURNISSEUR CENTRALE;;Pas de commande associée;O;18/02/2026 00:00;;18/02/2026 12:17;6.000
6f7b6837-eada-459b-9443-f2ddadea3f28;415;Réception (B.L. : 1100202243);1100202243;;FOURNISSEUR CENTRALE;;Pas de commande associée;O;05/01/2026 00:00;;04/01/2026 23:10;1152.000
6f81c77e-31b0-44f6-9e56-fddcb1738344;371;Réception (B.L. : 1100204373);1100204373;;FOURNISSEUR CENTRALE;;Pas de commande associée;O;20/01/2026 00:00;;19/01/2026 23:31;899.000
6f8c2575-4cca-4e98-b6cf-4020a5f66a1b;415;Réception (B.L. : 1700222454);1700222454;;FOURNISSEUR CENTRALE;;Pas de commande associée;O;26/01/2026 00:00;;26/01/2026 12:14;270.000
6fa74a77-1a40-42c5-a677-1c579cecfedd;416;Réception (B.L. : 1700228811);1700228811;;FOURNISSEUR CENTRALE;;Pas de commande associée;O;25/02/2026 00:00;;25/02/2026 12:17;714.000
6faeb001-61cb-4baf-828e-4c39ca726258;412;Réception (B.L. : 1700232808);1700232808;;FOURNISSEUR CENTRALE;;Pas de commande associée;O;17/03/2026 00:00;;17/03/2026 12:18;4.000
6fe20990-781e-48ea-8f40-46710b2872ae;415;Réception (B.L. : 1700230911);1700230911;;FOURNISSEUR CENTRALE;;Pas de commande associée;O;06/03/2026 00:00;;06/03/2026 12:21;839.000
6ff3b0e4-e0e3-473f-99a1-e909499f43d4;416;Réception (B.L. : 1100209804);1100209804;;FOURNISSEUR CENTRALE;;Pas de commande associée;O;27/02/2026 00:00;;27/02/2026 12:12;2240.000
702f10f4-ffcd-4a7f-acab-36db30374ac1;412;Réception (B.L. : 1700226349);1700226349;;FOURNISSEUR CENTRALE;;Pas de commande associée;O;12/02/2026 00:00;;13/02/2026 12:18;1650.000
706cc58c-67b8-478c-a54f-ddcb63e15152;416;Réception (B.L. : 1700223765);1700223765;;FOURNISSEUR CENTRALE;;Pas de commande associée;O;31/01/2026 00:00;;31/01/2026 12:01;27.000
708e68dd-d3a4-4156-9414-eda53c878f69;416;Réception (B.L. : 1800328426);1800328426;;FOURNISSEUR CENTRALE;;Pas de commande associée;O;04/03/2026 00:00;;04/03/2026 12:23;12.000
709fe2f9-f13e-4474-a208-0296b62ef7a5;415;Réception (B.L. : 1100202970);1100202970;;FOURNISSEUR CENTRALE;;Pas de commande associée;O;09/01/2026 00:00;;09/01/2026 12:13;60.000
70b33b5a-e000-4829-b841-60c48b35d6b5;371;Réception (B.L. : 1700227781);1700227781;;FOURNISSEUR CENTRALE;;Pas de commande associée;O;19/02/2026 00:00;;20/02/2026 12:18;5.000
70c7896c-d8e2-4a0f-a605-133cd3a39033;416;Réception (B.L. : 1700229630);1700229630;;FOURNISSEUR CENTRALE;;Pas de commande associée;O;02/03/2026 00:00;;02/03/2026 12:15;1679.000
70ec3070-2582-4ef2-873b-0a480ad644ef;415;Réception (B.L. : 1700222970);1700222970;;FOURNISSEUR CENTRALE;;Pas de commande associée;O;28/01/2026 00:00;;28/01/2026 12:10;1766.000
7109c999-fc83-428d-8f30-e597cac0a9cd;416;Réception (B.L. : 1800327828);1800327828;;FOURNISSEUR CENTRALE;;Pas de commande associée;O;02/03/2026 00:00;;02/03/2026 12:22;1142.000
712b6944-4c97-4b26-8450-73e0abebe8c3;415;Réception (B.L. : 1700228242);1700228242;;FOURNISSEUR CENTRALE;;Pas de commande associée;O;23/02/2026 00:00;;23/02/2026 12:19;1751.000
713fdac9-1369-41c8-bb6a-8c92d2ff017b;371;Réception (B.L. : 1700231482);1700231482;;FOURNISSEUR CENTRALE;;Pas de commande associée;O;10/03/2026 00:00;;10/03/2026 12:18;1052.000
71455979-6f3a-4c3a-b0b1-d22200e0afc9;415;Réception (B.L. : 1100214498);1100214498;;FOURNISSEUR CENTRALE;;Pas de commande associée;O;28/03/2026 00:00;;28/03/2026 12:12;6.000
715b6ec8-1203-4440-9b8b-e108a3cd23ad;415;Réception (B.L. : 1700227787);1700227787;;FOURNISSEUR CENTRALE;;Pas de commande associée;O;19/02/2026 00:00;;20/02/2026 12:21;83.000
71c94cb5-c172-4547-9bfe-1f6473d982e4;416;Réception (B.L. : 1800330266);1800330266;;FOURNISSEUR CENTRALE;;Pas de commande associée;O;11/03/2026 00:00;;11/03/2026 12:25;30.000
71d05a01-88cb-42b1-a5cf-186c50e75499;416;Réception (B.L. : 1100214946);1100214946;;FOURNISSEUR CENTRALE;;Pas de commande associée;O;01/04/2026 00:00;;01/04/2026 12:14;7.000
71d10fdc-1818-47aa-91a3-be90ee573fa4;371;Réception (B.L. : 1800321327);1800321327;;FOURNISSEUR CENTRALE;;Pas de commande associée;O;06/02/2026 00:00;;06/02/2026 12:23;22.000
71fad413-feae-4855-b14a-4a187fd2845c;415;Réception (B.L. : 1700232176);1700232176;;FOURNISSEUR CENTRALE;;Pas de commande associée;O;13/03/2026 00:00;;13/03/2026 12:20;2.000
726f6947-454d-4270-9669-19a693bcee70;416;Réception (B.L. : 1700225298);1700225298;;FOURNISSEUR CENTRALE;;Pas de commande associée;O;09/02/2026 00:00;;09/02/2026 12:15;696.000
727bcc8d-85b3-4084-9ef3-26c8252f9e6a;415;Réception (B.L. : 1700228807);1700228807;;FOURNISSEUR CENTRALE;;Pas de commande associée;O;25/02/2026 00:00;;25/02/2026 12:19;151.000
72a8669b-d57f-431f-b451-3d1fc7a9d715;415;Réception (B.L. : 1700234038);1700234038;;FOURNISSEUR CENTRALE;;Pas de commande associée;O;23/03/2026 00:00;;23/03/2026 12:15;60.000
72bba3a1-6f84-4b04-bfcd-e838141c97ce;415;Réception (B.L. : 1700234477);1700234477;;FOURNISSEUR CENTRALE;;Pas de commande associée;O;24/03/2026 00:00;;25/03/2026 12:16;86.000
73027d91-d019-427c-bad2-fe6f79b5c061;416;Réception (B.L. : 1100203576);1100203576;;FOURNISSEUR CENTRALE;;Pas de commande associée;O;14/01/2026 00:00;;13/01/2026 23:44;936.000
73317e65-ac64-4ab2-acdd-5648251ed364;415;Réception (B.L. : 1200104807);1200104807;;FOURNISSEUR CENTRALE;;Pas de commande associée;O;20/02/2026 00:00;;20/02/2026 12:11;36.000
73402553-fe8d-42c9-8a1e-2a289f0475c8;371;Réception (B.L. : 1100210684);1100210684;;FOURNISSEUR CENTRALE;;Pas de commande associée;O;06/03/2026 00:00;;06/03/2026 12:12;941.000
73622f41-678c-4dec-886f-e581956f61e3;416;Réception (B.L. : 1700235483);1700235483;;FOURNISSEUR CENTRALE;;Pas de commande associée;O;30/03/2026 00:00;;30/03/2026 12:19;200.000
736c59dc-00b2-47f0-a809-678acfe33b80;415;Réception (B.L. : 1800322287);1800322287;;FOURNISSEUR CENTRALE;;Pas de commande associée;O;10/02/2026 00:00;;10/02/2026 12:11;19.000
73839024-47f7-4c14-8787-26daa2fec1d5;416;Réception (B.L. : 1800334941);1800334941;;FOURNISSEUR CENTRALE;;Pas de commande associée;O;29/03/2026 00:00;;30/03/2026 12:21;114.000
73851eaa-82b7-4b3c-b88f-ba558239867c;415;Réception (B.L. : 1800320880);1800320880;;FOURNISSEUR CENTRALE;;Pas de commande associée;O;04/02/2026 00:00;;04/02/2026 17:00;58.000
73ac1e88-98a8-41c0-9142-a61e884431ad;415;Réception (B.L. : 1200104242);1200104242;;FOURNISSEUR CENTRALE;;Pas de commande associée;O;13/02/2026 00:00;;13/02/2026 12:12;190.000
73cc35cb-1fed-402f-95f2-2e83e9e1e172;415;Réception (B.L. : 1700221289);1700221289;;FOURNISSEUR CENTRALE;;Pas de commande associée;O;19/01/2026 00:00;;19/01/2026 17:11;10.000
73dcf737-a591-4e6c-b386-9188af287252;416;Réception (B.L. : 1100203217);1100203217;;FOURNISSEUR CENTRALE;;Pas de commande associée;O;12/01/2026 00:00;;11/01/2026 23:19;3067.000
7458410d-e711-48d8-a50c-7bf92377bfb3;416;Réception (B.L. : 1700222177);1700222177;;FOURNISSEUR CENTRALE;;Pas de commande associée;O;22/01/2026 00:00;;23/01/2026 12:10;66.000
74654b8a-03fe-4fa5-bcd6-3d1051e9b6ca;371;Réception (B.L. : 1100205293);1100205293;;FOURNISSEUR CENTRALE;;Pas de commande associée;O;27/01/2026 00:00;;27/01/2026 12:02;861.000
748d1b60-1beb-4dbd-bea7-deb493ac728b;371;Réception (B.L. : 1800330217);1800330217;;FOURNISSEUR CENTRALE;;Pas de commande associée;O;11/03/2026 00:00;;11/03/2026 12:11;26.000
7494d04b-1f8a-4876-bb2d-8979dace0d4d;415;Réception (B.L. : 1800321382);1800321382;;FOURNISSEUR CENTRALE;;Pas de commande associée;O;06/02/2026 00:00;;06/02/2026 12:23;9.000
74c82240-b5d5-42d7-b9b1-6e8a4290e7dd;416;Réception (B.L. : 1700219320);1700219320;;FOURNISSEUR CENTRALE;;Pas de commande associée;O;09/01/2026 00:00;;09/01/2026 12:12;124.000
74e44ef5-1477-4b16-bb06-9fb92d7d1d90;371;Réception (B.L. : 1100212926);1100212926;;FOURNISSEUR CENTRALE;;Pas de commande associée;O;20/03/2026 00:00;;20/03/2026 12:13;204.000
74e9eccf-84df-4a9d-8961-587f654acb39;415;Réception (B.L. : 1800325332);1800325332;;FOURNISSEUR CENTRALE;;Pas de commande associée;O;19/02/2026 00:00;;20/02/2026 12:23;32.000
74fe0dc5-e6e9-48c6-a794-129db1f7852d;415;Réception (B.L. : 1100203575);1100203575;;FOURNISSEUR CENTRALE;;Pas de commande associée;O;14/01/2026 00:00;;13/01/2026 23:45;48.000
7506f62c-e8ea-4792-93f1-10c514685235;416;Réception (B.L. : 1700230323);1700230323;;FOURNISSEUR CENTRALE;;Pas de commande associée;O;04/03/2026 00:00;;04/03/2026 12:17;803.000
75467504-3c96-46af-9901-13b97e1ccc25;416;Réception (B.L. : 1700231709);1700231709;;FOURNISSEUR CENTRALE;;Pas de commande associée;O;11/03/2026 00:00;;11/03/2026 12:17;3.000
75c1e1c8-777a-4601-8d55-122a8b1e6317;416;Réception (B.L. : 1700232544);1700232544;;FOURNISSEUR CENTRALE;;Pas de commande associée;O;15/03/2026 00:00;;16/03/2026 12:21;47.000
75de2d05-aeaa-4238-b7eb-f33b861e314d;371;Réception (B.L. : 1100205269);1100205269;;FOURNISSEUR CENTRALE;;Pas de commande associée;O;26/01/2026 00:00;;26/01/2026 17:10;144.000
760b5d83-16d9-42ba-b2df-f702d8a49635;412;Réception (B.L. : 1200105403);1200105403;;FOURNISSEUR CENTRALE;;Pas de commande associée;O;27/02/2026 00:00;;27/02/2026 12:11;1.000
7620ecf5-5be1-41ff-bad3-e7b178240c00;415;Réception (B.L. : 1700230912);1700230912;;FOURNISSEUR CENTRALE;;Pas de commande associée;O;06/03/2026 00:00;;06/03/2026 12:22;6.000
76357664-4baa-4dd3-bd01-49ffbdf64f79;415;Réception (B.L. : 1100204545);1100204545;;FOURNISSEUR CENTRALE;;Pas de commande associée;O;21/01/2026 00:00;;21/01/2026 12:10;1256.000
7641e7f6-ec4b-482d-8b30-85d0b32cfd14;416;Réception (B.L. : 1700229194);1700229194;;FOURNISSEUR CENTRALE;;Pas de commande associée;O;26/02/2026 00:00;;27/02/2026 12:18;140.000
76483916-4536-4f0f-9ef7-fe8f9ee7c48a;412;Réception (B.L. : 1800330268);1800330268;;FOURNISSEUR CENTRALE;;Pas de commande associée;O;11/03/2026 00:00;;11/03/2026 12:12;10.000
7656bdf9-822a-40b5-a3ef-e91fd4f20245;416;Réception (B.L. : 1700228255);1700228255;;FOURNISSEUR CENTRALE;;Pas de commande associée;O;23/02/2026 00:00;;23/02/2026 12:11;537.000
766b175d-b970-4865-907f-0d5457be914f;415;Réception (B.L. : 1800334939);1800334939;;FOURNISSEUR CENTRALE;;Pas de commande associée;O;29/03/2026 00:00;;30/03/2026 12:22;289.000
76712d19-f0f4-4af9-be49-615236296a64;412;Réception (B.L. : 1700228561);1700228561;;FOURNISSEUR CENTRALE;;Pas de commande associée;O;24/02/2026 00:00;;24/02/2026 12:17;3.000
767698fd-564c-4c63-81d3-560e3293c4d0;412;Réception (B.L. : 1100205810);1100205810;;FOURNISSEUR CENTRALE;;Pas de commande associée;O;30/01/2026 00:00;;30/01/2026 12:01;156.000
76834238-fb96-44b2-8d04-b30d0ad5f25f;371;Réception (B.L. : 1800318621);1800318621;;FOURNISSEUR CENTRALE;;Pas de commande associée;O;26/01/2026 00:00;;26/01/2026 17:12;106.000
76bd6993-0409-4b62-8d74-56e854f9272c;415;Réception (B.L. : 1800322863);1800322863;;FOURNISSEUR CENTRALE;;Pas de commande associée;O;11/02/2026 00:00;;11/02/2026 12:23;18.000
76c5bd6b-1c57-46ef-805c-af04d1b199ed;412;Réception (B.L. : 1700233691);1700233691;;FOURNISSEUR CENTRALE;;Pas de commande associée;O;19/03/2026 00:00;;20/03/2026 12:16;750.000
76cdb7b8-3432-49ff-96a9-9e9754b9861b;416;Réception (B.L. : 1800316124);1800316124;;FOURNISSEUR CENTRALE;;Pas de commande associée;O;15/01/2026 00:00;;15/01/2026 12:10;150.000
772a14c7-a821-42a6-86a3-03c4cf884617;412;Réception (B.L. : 1700234276);1700234276;;FOURNISSEUR CENTRALE;;Pas de commande associée;O;24/03/2026 00:00;;24/03/2026 12:17;1570.000
773fd63d-15ee-4769-b32a-597f9043d17e;412;Réception (B.L. : 1700223475);1700223475;;FOURNISSEUR CENTRALE;;Pas de commande associée;O;30/01/2026 00:00;;30/01/2026 12:09;4.000
77e0a7e1-720a-46c5-912f-329d8199ccd8;416;Réception (B.L. : 1700223399);1700223399;;FOURNISSEUR CENTRALE;;Pas de commande associée;O;29/01/2026 00:00;;30/01/2026 12:18;467.000
77eae2d2-a266-4412-a87d-58f5fbecb2c2;371;Réception (B.L. : 1800324680);1800324680;;FOURNISSEUR CENTRALE;;Pas de commande associée;O;18/02/2026 00:00;;18/02/2026 12:10;20.000
77fb5efc-64db-4670-97b3-55363ed4a491;415;Réception (B.L. : 1800334938);1800334938;;FOURNISSEUR CENTRALE;;Pas de commande associée;O;29/03/2026 00:00;;30/03/2026 12:21;40.000
784435ed-940b-413b-b333-0021e30fc069;416;Réception (B.L. : 1800335578);1800335578;;FOURNISSEUR CENTRALE;;Pas de commande associée;O;01/04/2026 00:00;;01/04/2026 12:23;342.800
78769868-bba0-418f-80fd-f9d61860eb66;415;Réception (B.L. : 1700231763);1700231763;;FOURNISSEUR CENTRALE;;Pas de commande associée;O;11/03/2026 00:00;;11/03/2026 12:15;1175.000
78797f0c-1409-4f82-bd22-4272b52b947e;371;Réception (B.L. : 1800332787);1800332787;;FOURNISSEUR CENTRALE;;Pas de commande associée;O;20/03/2026 00:00;;20/03/2026 12:18;10.000
7879af7d-9fc6-4c5b-a8dd-ea9c1d12f182;415;Réception (B.L. : 1700222974);1700222974;;FOURNISSEUR CENTRALE;;Pas de commande associée;O;28/01/2026 00:00;;28/01/2026 12:14;34.000
78a4b2a9-49ba-4d48-9d03-7b233ef8ef41;416;Réception (B.L. : 1800324729);1800324729;;FOURNISSEUR CENTRALE;;Pas de commande associée;O;18/02/2026 00:00;;18/02/2026 12:30;335.000
78cc031a-6045-4dd4-a225-0d01b694bc13;412;Réception (B.L. : 1100207887);1100207887;;FOURNISSEUR CENTRALE;;Pas de commande associée;O;13/02/2026 00:00;;13/02/2026 12:12;54.000
78d0ec1e-b99a-4612-9a14-e3272f5a7600;415;Réception (B.L. : 1800320838);1800320838;;FOURNISSEUR CENTRALE;;Pas de commande associée;O;04/02/2026 00:00;;04/02/2026 12:22;190.000
79133077-b15a-43ff-9b26-b4684c537ae7;412;Réception (B.L. : 1200101905);1200101905;;FOURNISSEUR CENTRALE;;Pas de commande associée;O;16/01/2026 00:00;;16/01/2026 12:11;1.000
7913a030-e786-423f-abfa-842947ea8627;416;Réception (B.L. : 1800320844);1800320844;;FOURNISSEUR CENTRALE;;Pas de commande associée;O;04/02/2026 00:00;;04/02/2026 12:22;156.201
797f3021-f59f-4d29-ba37-efc52f10b1e6;412;Réception (B.L. : 1800319790);1800319790;;FOURNISSEUR CENTRALE;;Pas de commande associée;O;30/01/2026 00:00;;30/01/2026 12:14;1176.000
7988e54c-9605-4241-8bea-e02ad6068f34;415;Réception (B.L. : 1800327827);1800327827;;FOURNISSEUR CENTRALE;;Pas de commande associée;O;02/03/2026 00:00;;02/03/2026 12:23;526.600
79a08430-705e-4954-b107-68822fc729c5;416;Réception (B.L. : 1800325446);1800325446;;FOURNISSEUR CENTRALE;;Pas de commande associée;O;20/02/2026 00:00;;20/02/2026 17:01;16.000
79a9dbe0-d57a-4593-853b-8fc6bb0b57b3;371;Réception (B.L. : 1700228562);1700228562;;FOURNISSEUR CENTRALE;;Pas de commande associée;O;24/02/2026 00:00;;24/02/2026 12:19;4.000
79aa21eb-96bc-43ff-b8c3-e26b02f83ac6;416;Réception (B.L. : 1800314786);1800314786;;FOURNISSEUR CENTRALE;;Pas de commande associée;O;09/01/2026 00:00;;09/01/2026 12:20;153.000
79ddc880-7c80-4959-92cc-fcce52066f2e;416;Réception (B.L. : 1800315820);1800315820;;FOURNISSEUR CENTRALE;;Pas de commande associée;O;14/01/2026 00:00;;14/01/2026 12:20;120.916
79debe18-1cfc-48f7-845b-1715d17d518b;415;Réception (B.L. : 1700221020);1700221020;;FOURNISSEUR CENTRALE;;Pas de commande associée;O;18/01/2026 00:00;;19/01/2026 12:16;423.000
79ea1266-ccfa-4fb3-b3cb-e31dd6b654b2;412;Réception (B.L. : 1700226348);1700226348;;FOURNISSEUR CENTRALE;;Pas de commande associée;O;12/02/2026 00:00;;13/02/2026 12:17;1624.000
7a383b75-811a-424a-a766-6512d8e7c78e;416;Réception (B.L. : 1100214555);1100214555;;FOURNISSEUR CENTRALE;;Pas de commande associée;O;30/03/2026 00:00;;30/03/2026 12:13;30.000
7a6cea35-87d4-499c-aed6-fad5e0c54789;412;Réception (B.L. : 1100212917);1100212917;;FOURNISSEUR CENTRALE;;Pas de commande associée;O;20/03/2026 00:00;;20/03/2026 12:11;1134.000
7af57733-365a-4a62-b715-f345b6d37190;416;Réception (B.L. : 1700232542);1700232542;;FOURNISSEUR CENTRALE;;Pas de commande associée;O;15/03/2026 00:00;;16/03/2026 12:19;539.000
7b003b8e-97fa-4001-aeee-77ff1798ade8;416;Réception (B.L. : 1700224950);1700224950;;FOURNISSEUR CENTRALE;;Pas de commande associée;O;06/02/2026 00:00;;06/02/2026 12:18;124.000
7b5c9091-1709-41bd-a3ea-0e7f0489102b;415;Réception (B.L. : 1800318164);1800318164;;FOURNISSEUR CENTRALE;;Pas de commande associée;O;23/01/2026 00:00;;23/01/2026 12:15;895.000
7b82ee8b-abe0-4cd3-b5dc-8fe76f236391;412;Réception (B.L. : 1100208312);1100208312;;FOURNISSEUR CENTRALE;;Pas de commande associée;O;17/02/2026 00:00;;17/02/2026 12:10;1574.000
7bc3a355-d1dc-41de-af8e-66dce7917c03;416;Réception (B.L. : 1800321482);1800321482;;FOURNISSEUR CENTRALE;;Pas de commande associée;O;06/02/2026 00:00;;06/02/2026 17:11;21.000
7bcd7909-dab7-405b-bb60-52432036c44f;415;Réception (B.L. : 1100207524);1100207524;;FOURNISSEUR CENTRALE;;Pas de commande associée;O;11/02/2026 00:00;;11/02/2026 12:12;12.000
7bf2c04d-4f62-4681-842f-0e1802c8ecab;415;Réception (B.L. : 1700223186);1700223186;;FOURNISSEUR CENTRALE;;Pas de commande associée;O;28/01/2026 00:00;;28/01/2026 17:01;10.000
7c07cc55-2c88-4d45-8ef1-cefb95d9ca1f;412;Réception (B.L. : 1800316510);1800316510;;FOURNISSEUR CENTRALE;;Pas de commande associée;O;16/01/2026 00:00;;16/01/2026 17:01;7.000
7c2bdd03-6094-487d-bc8a-c6833900418b;412;Réception (B.L. : 1100208314);1100208314;;FOURNISSEUR CENTRALE;;Pas de commande associée;O;17/02/2026 00:00;;17/02/2026 12:12;60.000
7ceb3f32-3a9d-4d70-95f7-6fc5b633bf4a;415;Réception (B.L. : 1100204082);1100204082;;FOURNISSEUR CENTRALE;;Pas de commande associée;O;16/01/2026 00:00;;16/01/2026 12:14;3.000
7cf0dbe0-2523-49dc-8f40-26d37030680d;415;Réception (B.L. : 1700230172);1700230172;;FOURNISSEUR CENTRALE;;Pas de commande associée;O;04/03/2026 00:00;;04/03/2026 12:16;375.000
7d6a1159-0af3-4c2d-bff9-9b45543cb57f;416;Réception (B.L. : 1700227203);1700227203;;FOURNISSEUR CENTRALE;;Pas de commande associée;O;17/02/2026 00:00;;18/02/2026 12:21;126.000
7d7dfa93-3793-45ce-8977-7bfb978f6c18;416;Réception (B.L. : 1800316466);1800316466;;FOURNISSEUR CENTRALE;;Pas de commande associée;O;15/01/2026 00:00;;16/01/2026 12:22;657.300
7da00759-54b8-443d-aeb3-32cf9718170a;415;Réception (B.L. : 1200103406);1200103406;;FOURNISSEUR CENTRALE;;Pas de commande associée;O;05/02/2026 00:00;;05/02/2026 12:10;1.000
7da31e19-b001-4e4e-bffb-ca8c9efa5137;412;Réception (B.L. : 1800320381);1800320381;;FOURNISSEUR CENTRALE;;Pas de commande associée;O;03/02/2026 00:00;;03/02/2026 12:10;2.000
7dc4b546-aa9c-4137-9864-d528539720e4;412;Réception (B.L. : 1200104185);1200104185;;FOURNISSEUR CENTRALE;;Pas de commande associée;O;13/02/2026 00:00;;13/02/2026 12:11;1.000
7dc786db-c8d6-4659-8995-70880494e93e;416;Réception (B.L. : 1700222174);1700222174;;FOURNISSEUR CENTRALE;;Pas de commande associée;O;22/01/2026 00:00;;23/01/2026 12:07;58.000
7de23ebf-2b95-4fd7-99ce-2f02983d8656;415;Réception (B.L. : 1700230908);1700230908;;FOURNISSEUR CENTRALE;;Pas de commande associée;O;06/03/2026 00:00;;06/03/2026 12:18;806.000
7e024612-fb76-4afd-a411-c23f71a89d79;416;Réception (B.L. : 1700221015);1700221015;;FOURNISSEUR CENTRALE;;Pas de commande associée;O;18/01/2026 00:00;;19/01/2026 12:12;155.000
7e2e9a91-8682-41f7-b1a9-6780ec98019c;415;Réception (B.L. : 1100207116);1100207116;;FOURNISSEUR CENTRALE;;Pas de commande associée;O;09/02/2026 00:00;;09/02/2026 12:10;784.000
7e594832-ae52-462d-971f-18734f9896de;371;Réception (B.L. : 1700229889);1700229889;;FOURNISSEUR CENTRALE;;Pas de commande associée;O;03/03/2026 00:00;;03/03/2026 12:17;2023.000
7e6708d3-df5d-4d0f-b26b-70ba917c228a;415;Réception (B.L. : 1800318123);1800318123;;FOURNISSEUR CENTRALE;;Pas de commande associée;O;23/01/2026 00:00;;23/01/2026 12:13;50.000
7e7ceb5e-12f2-439a-9d5c-53a2411a8b38;416;Réception (B.L. : 1100212086);1100212086;;FOURNISSEUR CENTRALE;;Pas de commande associée;O;16/03/2026 00:00;;16/03/2026 12:14;1080.000
7e7e5b20-9992-4a14-a9e9-7123dfa8b2c8;415;Réception (B.L. : 1100210998);1100210998;;FOURNISSEUR CENTRALE;;Pas de commande associée;O;09/03/2026 00:00;;08/03/2026 23:19;378.000
7ebff2a1-fcd9-4eff-8d9e-b090cbe1867d;412;Réception (B.L. : 1100212250);1100212250;;FOURNISSEUR CENTRALE;;Pas de commande associée;O;16/03/2026 00:00;;16/03/2026 12:12;30.000
7edae551-6ca4-4825-8611-b228c2a11d36;416;Réception (B.L. : 1100207520);1100207520;;FOURNISSEUR CENTRALE;;Pas de commande associée;O;11/02/2026 00:00;;10/02/2026 23:30;1464.000
7eef36b4-4d1b-481c-95b1-bcea0dd5de3c;415;Réception (B.L. : 1800323977);1800323977;;FOURNISSEUR CENTRALE;;Pas de commande associée;O;16/02/2026 00:00;;16/02/2026 12:18;18.000
7f00a914-1ec5-4e2a-a91a-738dae4c7fea;371;Réception (B.L. : 1700223449);1700223449;;FOURNISSEUR CENTRALE;;Pas de commande associée;O;30/01/2026 00:00;;30/01/2026 12:05;24.000
7f2c610f-37ea-46cb-9197-d4a40ca05523;371;Réception (B.L. : 1100214377);1100214377;;FOURNISSEUR CENTRALE;;Pas de commande associée;O;27/03/2026 00:00;;27/03/2026 12:11;1.000
7f2f0cda-d7a6-473f-bdde-f9926830039d;415;Réception (B.L. : 1100204807);1100204807;;FOURNISSEUR CENTRALE;;Pas de commande associée;O;22/01/2026 00:00;;22/01/2026 17:00;54.000
7f74a99f-8067-4765-b4f2-87f762b84d29;415;Réception (B.L. : 1100207523);1100207523;;FOURNISSEUR CENTRALE;;Pas de commande associée;O;11/02/2026 00:00;;11/02/2026 12:11;1827.000
7f8421e5-eda5-4aac-81e4-a9adf2b926a6;412;Réception (B.L. : 1100204841);1100204841;;FOURNISSEUR CENTRALE;;Pas de commande associée;O;23/01/2026 00:00;;23/01/2026 12:03;36.000
7f8671f3-1a73-4fe1-9442-f834f7e84934;371;Réception (B.L. : 1800320790);1800320790;;FOURNISSEUR CENTRALE;;Pas de commande associée;O;04/02/2026 00:00;;04/02/2026 12:12;233.001
7f972460-379e-4620-9cad-9274109cfca5;416;Réception (B.L. : 1800325945);1800325945;;FOURNISSEUR CENTRALE;;Pas de commande associée;O;23/02/2026 00:00;;23/02/2026 12:18;11.000
7f9a1e92-8608-4e04-8973-395465a76775;415;Réception (B.L. : 1100211000);1100211000;;FOURNISSEUR CENTRALE;;Pas de commande associée;O;09/03/2026 00:00;;08/03/2026 23:21;24.000
7fa6c821-27e1-4694-9f34-b52f31c96db3;416;Réception (B.L. : 1800328445);1800328445;;FOURNISSEUR CENTRALE;;Pas de commande associée;O;04/03/2026 00:00;;04/03/2026 12:25;17.000
7fa99bd2-4c06-432c-baba-88e6554d94a7;412;Réception (B.L. : 1700220703);1700220703;;FOURNISSEUR CENTRALE;;Pas de commande associée;O;16/01/2026 00:00;;16/01/2026 12:17;3.000
7fbef0f7-8eef-4c96-986b-d22d7eccb6de;415;Réception (B.L. : 1800313636);1800313636;;FOURNISSEUR CENTRALE;;Pas de commande associée;O;05/01/2026 00:00;;05/01/2026 12:17;244.100
7fd66b3f-e0cf-40ff-9762-1d25006f0291;416;Réception (B.L. : 1700230917);1700230917;;FOURNISSEUR CENTRALE;;Pas de commande associée;O;06/03/2026 00:00;;06/03/2026 12:20;678.000
803b1dbf-fb9e-4748-95c6-3f3e96e3d06c;416;Réception (B.L. : 1700224947);1700224947;;FOURNISSEUR CENTRALE;;Pas de commande associée;O;06/02/2026 00:00;;06/02/2026 12:15;1419.000
804a5f41-412d-48d6-8f60-71b1efb3a677;415;Réception (B.L. : 1700225113);1700225113;;FOURNISSEUR CENTRALE;;Pas de commande associée;O;06/02/2026 00:00;;06/02/2026 17:10;200.000
8067506c-b59a-43c8-a9c6-af64dea4ce7e;416;Réception (B.L. : 1800332748);1800332748;;FOURNISSEUR CENTRALE;;Pas de commande associée;O;20/03/2026 00:00;;20/03/2026 12:23;54.000
80689639-3cdb-4a84-ae05-8008c78f1810;371;Réception (B.L. : 1700231481);1700231481;;FOURNISSEUR CENTRALE;;Pas de commande associée;O;10/03/2026 00:00;;10/03/2026 12:17;220.000
8080092e-3969-4983-a027-14d6db73a570;371;Réception (B.L. : 1700230727);1700230727;;FOURNISSEUR CENTRALE;;Pas de commande associée;O;06/03/2026 00:00;;06/03/2026 12:16;374.000
80a17619-8d3f-4646-806a-b525a2c6ac47;415;Réception (B.L. : 1100203972);1100203972;;FOURNISSEUR CENTRALE;;Pas de commande associée;O;16/01/2026 00:00;;15/01/2026 23:24;950.000
80a37a6c-a7de-4203-ab3e-f6d1827985ad;415;Réception (B.L. : 1700235748);1700235748;;FOURNISSEUR CENTRALE;;Pas de commande associée;O;31/03/2026 00:00;;31/03/2026 12:11;25.000
80afef46-5011-49a9-95d5-0f9992a7a1b1;415;Réception (B.L. : 1700231140);1700231140;;FOURNISSEUR CENTRALE;;Pas de commande associée;O;09/03/2026 00:00;;09/03/2026 12:13;132.000
80bb8f4e-355e-440f-baef-c342b097a66c;416;Réception (B.L. : 1100206810);1100206810;;FOURNISSEUR CENTRALE;;Pas de commande associée;O;06/02/2026 00:00;;06/02/2026 12:12;2101.000
80c60f7a-bdc1-4de9-97e9-ed81507fe293;412;Réception (B.L. : 1700224783);1700224783;;FOURNISSEUR CENTRALE;;Pas de commande associée;O;05/02/2026 00:00;;06/02/2026 12:20;216.000
80c9dca5-96e5-4940-8574-c1baa294986d;416;Réception (B.L. : 1100211391);1100211391;;FOURNISSEUR CENTRALE;;Pas de commande associée;O;11/03/2026 00:00;;11/03/2026 12:12;66.000
80d64af3-244f-4fdb-bfe9-919b4ebe4a36;416;Réception (B.L. : 1100210387);1100210387;;FOURNISSEUR CENTRALE;;Pas de commande associée;O;04/03/2026 00:00;;04/03/2026 12:13;4.000
813a1526-be22-42cc-92d8-988edf8fa548;415;Réception (B.L. : 1100213856);1100213856;;FOURNISSEUR CENTRALE;;Pas de commande associée;O;25/03/2026 00:00;;25/03/2026 12:14;7.000
8140a137-f37f-4ea5-bcb1-06d7ff6a324c;415;Réception (B.L. : 1800328440);1800328440;;FOURNISSEUR CENTRALE;;Pas de commande associée;O;04/03/2026 00:00;;04/03/2026 12:25;40.000
8164b548-f041-42fa-9cf9-9edeca82b6b7;415;Réception (B.L. : 1800323975);1800323975;;FOURNISSEUR CENTRALE;;Pas de commande associée;O;16/02/2026 00:00;;16/02/2026 12:16;984.400
8176db71-1099-4a70-88a4-b67bc1465f1b;415;Réception (B.L. : 1700235431);1700235431;;FOURNISSEUR CENTRALE;;Pas de commande associée;O;30/03/2026 00:00;;30/03/2026 12:19;2848.000
819b49bb-03a1-4f48-8572-8d45030b97e7;416;Réception (B.L. : 1100212118);1100212118;;FOURNISSEUR CENTRALE;;Pas de commande associée;O;16/03/2026 00:00;;16/03/2026 12:15;4.000
819ce2a2-0159-4f36-8d11-990ec103bf2f;415;Réception (B.L. : 1700235871);1700235871;;FOURNISSEUR CENTRALE;;Pas de commande associée;O;01/04/2026 00:00;;01/04/2026 12:15;126.000
81b30db4-aac2-481f-b79e-83171b312d8e;415;Réception (B.L. : 1800328441);1800328441;;FOURNISSEUR CENTRALE;;Pas de commande associée;O;04/03/2026 00:00;;04/03/2026 12:26;7.000
82032085-df33-4a25-b0bb-6b2e999df8f0;415;Réception (B.L. : 1700232993);1700232993;;FOURNISSEUR CENTRALE;;Pas de commande associée;O;17/03/2026 00:00;;18/03/2026 12:25;478.000
820a4b2e-f4b0-4254-91b3-fa9c284db769;416;Réception (B.L. : 1700229633);1700229633;;FOURNISSEUR CENTRALE;;Pas de commande associée;O;02/03/2026 00:00;;02/03/2026 12:18;403.000
8218ab7f-cb8d-41e4-b983-7f20d8265a5c;371;Réception (B.L. : 1700233525);1700233525;;FOURNISSEUR CENTRALE;;Pas de commande associée;O;19/03/2026 00:00;;19/03/2026 17:15;257.000
821d1cc0-c826-4069-b2db-766303821f09;415;Réception (B.L. : 1700221592);1700221592;;FOURNISSEUR CENTRALE;;Pas de commande associée;O;20/01/2026 00:00;;21/01/2026 12:16;1139.000
823b894b-b075-45b4-86e6-b5cd562a0c3c;371;Réception (B.L. : 1700226341);1700226341;;FOURNISSEUR CENTRALE;;Pas de commande associée;O;12/02/2026 00:00;;13/02/2026 12:15;263.000
8244f340-78d4-4682-9bb7-e75fd8a297ec;412;Réception (B.L. : 1700235096);1700235096;;FOURNISSEUR CENTRALE;;Pas de commande associée;O;27/03/2026 00:00;;27/03/2026 12:14;156.000
826acab0-1d1c-4776-87fa-f3165fee6c03;415;Réception (B.L. : 1800318163);1800318163;;FOURNISSEUR CENTRALE;;Pas de commande associée;O;23/01/2026 00:00;;23/01/2026 12:14;11.164
82898c5f-c8f4-4297-8ec7-629619ebf139;416;Réception (B.L. : 1100209519);1100209519;;FOURNISSEUR CENTRALE;;Pas de commande associée;O;25/02/2026 00:00;;25/02/2026 12:12;30.000
8299d4f8-0f19-4378-b1a1-c93bf1925205;416;Réception (B.L. : 1100206376);1100206376;;FOURNISSEUR CENTRALE;;Pas de commande associée;O;04/02/2026 00:00;;03/02/2026 23:34;935.000
82a7e408-da0b-408b-beb7-6bcaa4b3466b;371;Réception (B.L. : 1700232240);1700232240;;FOURNISSEUR CENTRALE;;Pas de commande associée;O;13/03/2026 00:00;;13/03/2026 12:19;319.000
82bc30f8-4d85-401d-beff-513e2fe284e5;412;Réception (B.L. : 1100214768);1100214768;;FOURNISSEUR CENTRALE;;Pas de commande associée;O;31/03/2026 00:00;;31/03/2026 12:13;84.000
82fabf6a-dd31-4f35-aa75-1f40626ca4ff;416;Réception (B.L. : 1700219730);1700219730;;FOURNISSEUR CENTRALE;;Pas de commande associée;O;12/01/2026 00:00;;12/01/2026 12:12;206.000
8301131f-99b7-4c3c-9fd5-d817034482d3;412;Réception (B.L. : 1800323708);1800323708;;FOURNISSEUR CENTRALE;;Pas de commande associée;O;13/02/2026 00:00;;13/02/2026 17:01;9.000
8303bc20-c488-4197-ae59-dee0c9c045a6;416;Réception (B.L. : 1100205732);1100205732;;FOURNISSEUR CENTRALE;;Pas de commande associée;O;29/01/2026 00:00;;29/01/2026 17:10;24.000
83375e71-2f87-480e-93b0-c67bc224938d;416;Réception (B.L. : 1800316965);1800316965;;FOURNISSEUR CENTRALE;;Pas de commande associée;O;19/01/2026 00:00;;19/01/2026 12:19;143.600
8340f78c-d710-4b9f-8694-3c13849e11e7;415;Réception (B.L. : 1100203542);1100203542;;FOURNISSEUR CENTRALE;;Pas de commande associée;O;13/01/2026 00:00;;13/01/2026 17:01;6.000
8363cbd1-94b8-4ea2-9709-662556b6d03d;412;Réception (B.L. : 1100210754);1100210754;;FOURNISSEUR CENTRALE;;Pas de commande associée;O;06/03/2026 00:00;;06/03/2026 12:15;4.000
836dbdfc-dd0d-403c-9a45-fd95f4a1d88c;371;Réception (B.L. : 1100211736);1100211736;;FOURNISSEUR CENTRALE;;Pas de commande associée;O;13/03/2026 00:00;;13/03/2026 12:12;1003.000
8382946f-4a38-48e5-a730-588bb30bd8de;415;Réception (B.L. : 1700220612);1700220612;;FOURNISSEUR CENTRALE;;Pas de commande associée;O;15/01/2026 00:00;;16/01/2026 12:18;4.000
839ab4ef-640f-4e70-b097-2aca9265aad3;415;Réception (B.L. : 1100212080);1100212080;;FOURNISSEUR CENTRALE;;Pas de commande associée;O;16/03/2026 00:00;;16/03/2026 12:11;988.000
83bab440-f076-4903-9e91-ad3eb6b5564e;412;Réception (B.L. : 1100208884);1100208884;;FOURNISSEUR CENTRALE;;Pas de commande associée;O;20/02/2026 00:00;;20/02/2026 12:11;368.000
83bb2fb1-5cf2-4df3-8450-ee526ad71615;416;Réception (B.L. : 1100209135);1100209135;;FOURNISSEUR CENTRALE;;Pas de commande associée;O;23/02/2026 00:00;;22/02/2026 23:21;24.000
8400421e-09e4-44bc-8405-461a36723feb;415;Réception (B.L. : 1700225435);1700225435;;FOURNISSEUR CENTRALE;;Pas de commande associée;O;09/02/2026 00:00;;09/02/2026 12:20;4.000
840809e4-2a89-4a8a-9e3f-b83ca1613aba;416;Réception (B.L. : 1700218592);1700218592;;FOURNISSEUR CENTRALE;;Pas de commande associée;O;06/01/2026 00:00;;06/01/2026 12:02;126.000
8410fca4-acf3-4bd5-926b-ebdc8cd714d6;371;Réception (B.L. : 1800322793);1800322793;;FOURNISSEUR CENTRALE;;Pas de commande associée;O;11/02/2026 00:00;;11/02/2026 12:11;241.900
8415acb0-78c9-4227-a85b-d2e54433307c;412;Réception (B.L. : 1700226347);1700226347;;FOURNISSEUR CENTRALE;;Pas de commande associée;O;12/02/2026 00:00;;13/02/2026 12:16;636.000
84314048-ec72-47c4-8695-211bbaf70e94;415;Réception (B.L. : 1100211375);1100211375;;FOURNISSEUR CENTRALE;;Pas de commande associée;O;11/03/2026 00:00;;11/03/2026 12:10;1397.000
8435188b-41c0-4d32-9a7a-d7a2c7edc239;416;Réception (B.L. : 1200107245);1200107245;;FOURNISSEUR CENTRALE;;Pas de commande associée;O;26/03/2026 00:00;;26/03/2026 12:11;160.000
843695d5-feec-41a1-bc57-32c02160c50b;412;Réception (B.L. : 1700224785);1700224785;;FOURNISSEUR CENTRALE;;Pas de commande associée;O;05/02/2026 00:00;;06/02/2026 12:22;134.000
844db448-5d8c-4c2f-86ba-2e1965901e5b;412;Réception (B.L. : 1800321948);1800321948;;FOURNISSEUR CENTRALE;;Pas de commande associée;O;09/02/2026 00:00;;09/02/2026 17:13;221.400
84863367-1aaf-42ee-ab41-0f9247105f2f;412;Réception (B.L. : 1700235642);1700235642;;FOURNISSEUR CENTRALE;;Pas de commande associée;O;30/03/2026 00:00;;31/03/2026 12:15;94.000
849ad122-dd4d-42e7-b95b-b67b02cf10af;415;Réception (B.L. : 1700220792);1700220792;;FOURNISSEUR CENTRALE;;Pas de commande associée;O;16/01/2026 00:00;;16/01/2026 12:22;3.000
84cc8ec1-c17b-4a1a-b9cd-8d2c3947ec2e;416;Réception (B.L. : 1700219733);1700219733;;FOURNISSEUR CENTRALE;;Pas de commande associée;O;12/01/2026 00:00;;12/01/2026 12:15;5.000
851d960d-05f0-4d55-a68c-3ca557ac20c7;416;Réception (B.L. : 1800332746);1800332746;;FOURNISSEUR CENTRALE;;Pas de commande associée;O;20/03/2026 00:00;;20/03/2026 12:21;153.000
8522e2a4-88f4-4462-a799-a42034fc7d89;371;Réception (B.L. : 1800322878);1800322878;;FOURNISSEUR CENTRALE;;Pas de commande associée;O;11/02/2026 00:00;;11/02/2026 12:14;6.000
853082fc-fc1d-4757-ae83-aa83df09de0d;371;Réception (B.L. : 1700220635);1700220635;;FOURNISSEUR CENTRALE;;Pas de commande associée;O;15/01/2026 00:00;;16/01/2026 12:04;100.000
8533d655-b300-45e0-8b30-04718f4113bc;416;Réception (B.L. : 1100209971);1100209971;;FOURNISSEUR CENTRALE;;Pas de commande associée;O;02/03/2026 00:00;;02/03/2026 12:10;24.000
85664c8e-f018-4422-b90a-fbbb0722de2e;415;Réception (B.L. : 1700219710);1700219710;;FOURNISSEUR CENTRALE;;Pas de commande associée;O;11/01/2026 00:00;;12/01/2026 12:13;114.000
859b6440-0d7f-4581-9df6-c78201d9d2bc;416;Réception (B.L. : 1800325947);1800325947;;FOURNISSEUR CENTRALE;;Pas de commande associée;O;23/02/2026 00:00;;23/02/2026 12:20;107.400
85c7ddba-9bea-4b57-9e21-ddbee8667694;412;Réception (B.L. : 1800317595);1800317595;;FOURNISSEUR CENTRALE;;Pas de commande associée;O;21/01/2026 00:00;;21/01/2026 12:14;4.000
86063cf6-6325-4536-8c34-6e49fb25ce0d;416;Réception (B.L. : 1700225792);1700225792;;FOURNISSEUR CENTRALE;;Pas de commande associée;O;11/02/2026 00:00;;11/02/2026 12:17;18.000
861ebdde-121f-4b7d-be65-22181951c80d;371;Réception (B.L. : 1800334460);1800334460;;FOURNISSEUR CENTRALE;;Pas de commande associée;O;27/03/2026 00:00;;27/03/2026 12:21;7.000
8681b2bc-4639-442d-b692-5f6c57372eab;415;Réception (B.L. : 1800328422);1800328422;;FOURNISSEUR CENTRALE;;Pas de commande associée;O;04/03/2026 00:00;;04/03/2026 12:23;108.000
869af7e8-8da7-48aa-a735-0e50ff7b07cc;416;Réception (B.L. : 1700226659);1700226659;;FOURNISSEUR CENTRALE;;Pas de commande associée;O;13/02/2026 00:00;;13/02/2026 17:06;457.000
86ad5997-f83c-4521-9d27-a459e287b8b9;416;Réception (B.L. : 1100205896);1100205896;;FOURNISSEUR CENTRALE;;Pas de commande associée;O;30/01/2026 00:00;;30/01/2026 12:14;5.000
86b1cf7c-9329-4b7a-a939-fefbbaeaca4f;412;Réception (B.L. : 1100204377);1100204377;;FOURNISSEUR CENTRALE;;Pas de commande associée;O;20/01/2026 00:00;;19/01/2026 23:32;12.000
86bfc13a-aef5-4cd5-891e-a66dffa591bc;371;Réception (B.L. : 1700233521);1700233521;;FOURNISSEUR CENTRALE;;Pas de commande associée;O;19/03/2026 00:00;;19/03/2026 17:11;480.000
86cddf69-128b-4a65-8d5e-38cf3e2afab3;415;Réception (B.L. : 1700222186);1700222186;;FOURNISSEUR CENTRALE;;Pas de commande associée;O;22/01/2026 00:00;;23/01/2026 12:06;130.000
86d233de-ae34-4802-b332-193e13e5d7f2;412;Réception (B.L. : 1100214814);1100214814;;FOURNISSEUR CENTRALE;;Pas de commande associée;O;31/03/2026 00:00;;31/03/2026 12:14;5.000
86e7bd9b-0a0a-44ca-937d-fc007400fad2;415;Réception (B.L. : 1800323993);1800323993;;FOURNISSEUR CENTRALE;;Pas de commande associée;O;16/02/2026 00:00;;16/02/2026 12:19;59.000
8714869c-1d4f-42cc-b900-1e556a304cdc;416;Réception (B.L. : 1800319238);1800319238;;FOURNISSEUR CENTRALE;;Pas de commande associée;O;28/01/2026 00:00;;28/01/2026 12:18;40.000
876883e0-f5ca-4e6e-a487-2eed7e608263;371;Réception (B.L. : 1100210776);1100210776;;FOURNISSEUR CENTRALE;;Pas de commande associée;O;06/03/2026 00:00;;06/03/2026 12:14;5.000
87d0c1d9-f1df-48a6-9541-cef501519d74;412;Réception (B.L. : 1700234273);1700234273;;FOURNISSEUR CENTRALE;;Pas de commande associée;O;24/03/2026 00:00;;24/03/2026 12:14;1380.000
88276e6e-81fe-4d9c-ab67-e396567f4764;412;Réception (B.L. : 1800320878);1800320878;;FOURNISSEUR CENTRALE;;Pas de commande associée;O;04/02/2026 00:00;;04/02/2026 17:00;16.000
882f8d0c-c241-41e5-8ee7-60c5e513d766;371;Réception (B.L. : 1100209362);1100209362;;FOURNISSEUR CENTRALE;;Pas de commande associée;O;24/02/2026 00:00;;23/02/2026 23:31;952.000
883f9a70-6af8-4c70-8b80-1641e300b51b;415;Réception (B.L. : 1100210313);1100210313;;FOURNISSEUR CENTRALE;;Pas de commande associée;O;03/03/2026 00:00;;03/03/2026 17:01;42.000
88b792f0-ff59-4493-b296-5ad2e7b9a157;412;Réception (B.L. : 1800333881);1800333881;;FOURNISSEUR CENTRALE;;Pas de commande associée;O;25/03/2026 00:00;;25/03/2026 17:11;5.000
88d4549b-8869-4d53-a816-de968e6da854;412;Réception (B.L. : 1700230008);1700230008;;FOURNISSEUR CENTRALE;;Pas de commande associée;O;03/03/2026 00:00;;03/03/2026 12:21;4.000
89018304-2ff7-4814-9495-b88bd5759c97;416;Réception (B.L. : 1100208196);1100208196;;FOURNISSEUR CENTRALE;;Pas de commande associée;O;16/02/2026 00:00;;16/02/2026 12:14;9.000
890e1d19-d475-404a-8970-e73f9f174022;416;Réception (B.L. : 1700222419);1700222419;;FOURNISSEUR CENTRALE;;Pas de commande associée;O;26/01/2026 00:00;;26/01/2026 12:13;231.000
8944c08b-b824-4a32-9a3e-de9ac693a925;415;Réception (B.L. : 1800315816);1800315816;;FOURNISSEUR CENTRALE;;Pas de commande associée;O;14/01/2026 00:00;;14/01/2026 12:17;10.000
894c29f0-9e19-4338-9c4d-a4b930b6ceae;416;Réception (B.L. : 1800326621);1800326621;;FOURNISSEUR CENTRALE;;Pas de commande associée;O;25/02/2026 00:00;;25/02/2026 12:24;30.000
8952271c-74f4-4abf-ac06-119e8ad8bb2b;371;Réception (B.L. : 1100209424);1100209424;;FOURNISSEUR CENTRALE;;Pas de commande associée;O;24/02/2026 00:00;;24/02/2026 12:12;3.000
89536cd0-e0fb-4281-9b1e-30b41670b9cf;415;Réception (B.L. : 1100213765);1100213765;;FOURNISSEUR CENTRALE;;Pas de commande associée;O;25/03/2026 00:00;;25/03/2026 12:12;1784.000
897244ac-cc15-4502-a86b-cca63f8c66a6;416;Réception (B.L. : 1100211001);1100211001;;FOURNISSEUR CENTRALE;;Pas de commande associée;O;09/03/2026 00:00;;08/03/2026 23:19;618.000
89944784-64b6-46e7-a3d5-57d6b66c80d1;371;Réception (B.L. : 1800330218);1800330218;;FOURNISSEUR CENTRALE;;Pas de commande associée;O;11/03/2026 00:00;;11/03/2026 12:12;148.200
899ca1f8-302c-4c49-81ef-d86a7ab2e82a;415;Réception (B.L. : 1800329558);1800329558;;FOURNISSEUR CENTRALE;;Pas de commande associée;O;09/03/2026 00:00;;09/03/2026 12:18;141.000
89a34f89-ae7b-49e5-ab73-658b39add88f;416;Réception (B.L. : 1700218104);1700218104;;FOURNISSEUR CENTRALE;;Pas de commande associée;O;02/01/2026 00:00;;02/01/2026 17:05;277.000
89ab9f9a-48ca-49e5-a25d-e02f6b412b16;415;Réception (B.L. : 1100209526);1100209526;;FOURNISSEUR CENTRALE;;Pas de commande associée;O;25/02/2026 00:00;;25/02/2026 12:11;759.000
89c1fdc7-a863-490e-9a43-e529a445d81f;412;Réception (B.L. : 1100206201);1100206201;;FOURNISSEUR CENTRALE;;Pas de commande associée;O;03/02/2026 00:00;;03/02/2026 12:01;990.000
89c9168f-5b2d-467c-95c1-c6f519856063;416;Réception (B.L. : 1700226657);1700226657;;FOURNISSEUR CENTRALE;;Pas de commande associée;O;13/02/2026 00:00;;13/02/2026 17:04;1728.000
89dd5b17-736f-4fc6-b73a-c7bae0bdf846;416;Réception (B.L. : 1700225112);1700225112;;FOURNISSEUR CENTRALE;;Pas de commande associée;O;06/02/2026 00:00;;06/02/2026 17:10;200.000
89e018cf-075d-40e4-90c3-0e17b6f3e069;416;Réception (B.L. : 1700226660);1700226660;;FOURNISSEUR CENTRALE;;Pas de commande associée;O;13/02/2026 00:00;;13/02/2026 17:07;42.000
89e5b859-5b72-42f9-8325-1378a4ba4bcb;416;Réception (B.L. : 1700223825);1700223825;;FOURNISSEUR CENTRALE;;Pas de commande associée;O;02/02/2026 00:00;;02/02/2026 12:15;144.000
89f8af46-5eba-44b4-8e51-7743f96e7b3a;371;Réception (B.L. : 1100213482);1100213482;;FOURNISSEUR CENTRALE;;Pas de commande associée;O;24/03/2026 00:00;;24/03/2026 12:13;30.000
8a5646fe-5043-48d6-ab1f-63a6975163ff;371;Réception (B.L. : 1100206819);1100206819;;FOURNISSEUR CENTRALE;;Pas de commande associée;O;06/02/2026 00:00;;06/02/2026 12:13;1316.000
8a8dea1b-0396-4e1b-ae2f-7fc9b648298b;416;Réception (B.L. : 1700220617);1700220617;;FOURNISSEUR CENTRALE;;Pas de commande associée;O;15/01/2026 00:00;;16/01/2026 12:13;705.000
8aa587a8-91be-46af-9930-5d0aaf89682f;416;Réception (B.L. : 1700234034);1700234034;;FOURNISSEUR CENTRALE;;Pas de commande associée;O;23/03/2026 00:00;;23/03/2026 12:14;55.000
8ad7cfb5-ef19-4742-8bb8-57f4760138b6;412;Réception (B.L. : 1800318599);1800318599;;FOURNISSEUR CENTRALE;;Pas de commande associée;O;26/01/2026 00:00;;26/01/2026 17:11;441.000
8aefe920-9dc2-422a-ac61-47783791499c;412;Réception (B.L. : 1700224081);1700224081;;FOURNISSEUR CENTRALE;;Pas de commande associée;O;03/02/2026 00:00;;03/02/2026 12:05;1214.000
8af28517-594b-46a9-8bee-bfade1d7e34b;371;Réception (B.L. : 1700234971);1700234971;;FOURNISSEUR CENTRALE;;Pas de commande associée;O;27/03/2026 00:00;;27/03/2026 12:12;521.000
8afb798e-0d9c-43a0-b410-222bfd59c3b4;412;Réception (B.L. : 1700223367);1700223367;;FOURNISSEUR CENTRALE;;Pas de commande associée;O;29/01/2026 00:00;;30/01/2026 12:08;762.000
8b0e57d7-3cee-46c0-82ce-41f98e5c7e12;412;Réception (B.L. : 1700235643);1700235643;;FOURNISSEUR CENTRALE;;Pas de commande associée;O;30/03/2026 00:00;;31/03/2026 12:16;812.000
8b143914-df5e-4344-b88c-900c42178314;371;Réception (B.L. : 1700221332);1700221332;;FOURNISSEUR CENTRALE;;Pas de commande associée;O;20/01/2026 00:00;;20/01/2026 12:08;4.000
8b310920-eb22-46b6-84cf-7613c1ab04da;416;Réception (B.L. : 1100211707);1100211707;;FOURNISSEUR CENTRALE;;Pas de commande associée;O;12/03/2026 00:00;;12/03/2026 17:10;108.000
8b311630-a616-4dab-a9c9-337dba3b874a;412;Réception (B.L. : 1700222342);1700222342;;FOURNISSEUR CENTRALE;;Pas de commande associée;O;23/01/2026 00:00;;23/01/2026 12:06;1105.000
8b33d1c0-2645-42f3-852e-8832d8c4c09a;371;Réception (B.L. : 1700226344);1700226344;;FOURNISSEUR CENTRALE;;Pas de commande associée;O;12/02/2026 00:00;;13/02/2026 12:18;23.000
8b517188-f04a-472f-bddb-02b830948827;371;Réception (B.L. : 1700227782);1700227782;;FOURNISSEUR CENTRALE;;Pas de commande associée;O;19/02/2026 00:00;;20/02/2026 12:19;659.000
8b534280-681a-4f64-a38b-9db948cb77e4;416;Réception (B.L. : 1800316966);1800316966;;FOURNISSEUR CENTRALE;;Pas de commande associée;O;19/01/2026 00:00;;19/01/2026 12:20;25.000
8b606682-4fb1-4365-ae5f-3ddbe07fe822;412;Réception (B.L. : 1700225116);1700225116;;FOURNISSEUR CENTRALE;;Pas de commande associée;O;06/02/2026 00:00;;06/02/2026 17:10;100.000
8ba7e270-b933-4e82-84e3-4dc06bb25ab7;415;Réception (B.L. : 1700231142);1700231142;;FOURNISSEUR CENTRALE;;Pas de commande associée;O;09/03/2026 00:00;;09/03/2026 12:15;41.000
8bcfec4a-bda8-43c4-a5f8-a3b9df115bdc;412;Réception (B.L. : 1800330883);1800330883;;FOURNISSEUR CENTRALE;;Pas de commande associée;O;13/03/2026 00:00;;13/03/2026 12:24;19.000
8bd3dd9c-3854-4cc5-8d4d-5c9c28cfd9d7;415;Réception (B.L. : 1700225819);1700225819;;FOURNISSEUR CENTRALE;;Pas de commande associée;O;11/02/2026 00:00;;11/02/2026 12:19;4.000
8bdeb045-bde3-4236-99ae-da04d1ed2dae;415;Réception (B.L. : 1100209984);1100209984;;FOURNISSEUR CENTRALE;;Pas de commande associée;O;02/03/2026 00:00;;02/03/2026 12:11;1350.000
8bfb84bf-d311-4e76-bb90-ce364eb148c7;412;Réception (B.L. : 1800324686);1800324686;;FOURNISSEUR CENTRALE;;Pas de commande associée;O;18/02/2026 00:00;;18/02/2026 12:13;6.066
8c012591-d3db-41e9-80d6-0a6708668be9;371;Réception (B.L. : 1700231483);1700231483;;FOURNISSEUR CENTRALE;;Pas de commande associée;O;10/03/2026 00:00;;10/03/2026 12:19;36.000
8c09e4b6-0348-4c07-8e52-d2fa9e43443a;415;Réception (B.L. : 1700218319);1700218319;;FOURNISSEUR CENTRALE;;Pas de commande associée;O;05/01/2026 00:00;;05/01/2026 12:12;367.000
8c0a273b-9b73-4b80-ae3e-507afc434879;412;Réception (B.L. : 1700227818);1700227818;;FOURNISSEUR CENTRALE;;Pas de commande associée;O;20/02/2026 00:00;;20/02/2026 12:18;776.000
8c1abb6e-dd83-45a4-94dd-30829f905ddb;416;Réception (B.L. : 1800318166);1800318166;;FOURNISSEUR CENTRALE;;Pas de commande associée;O;23/01/2026 00:00;;23/01/2026 12:12;87.000
8c6114cd-8271-45a9-82e2-c15bae767159;416;Réception (B.L. : 1800332101);1800332101;;FOURNISSEUR CENTRALE;;Pas de commande associée;O;18/03/2026 00:00;;18/03/2026 12:31;116.000
8c63dec9-9747-40c6-9a7c-1dc28a2bf546;415;Réception (B.L. : 1700228805);1700228805;;FOURNISSEUR CENTRALE;;Pas de commande associée;O;25/02/2026 00:00;;25/02/2026 12:17;844.000
8c804c65-0d22-4249-9dc8-3cfbbd88290b;416;Réception (B.L. : 1700218650);1700218650;;FOURNISSEUR CENTRALE;;Pas de commande associée;O;06/01/2026 00:00;;06/01/2026 12:03;1.000
8c8255d4-4142-496c-a666-72494a818513;416;Réception (B.L. : 1700219322);1700219322;;FOURNISSEUR CENTRALE;;Pas de commande associée;O;09/01/2026 00:00;;09/01/2026 12:14;192.000
8c91b9f2-e880-4d4c-a965-424d3857a143;371;Réception (B.L. : 1800327869);1800327869;;FOURNISSEUR CENTRALE;;Pas de commande associée;O;02/03/2026 00:00;;02/03/2026 17:12;8.000
8c9f71d5-922f-44ab-800b-8b3e45aba03d;415;Réception (B.L. : 1800320384);1800320384;;FOURNISSEUR CENTRALE;;Pas de commande associée;O;03/02/2026 00:00;;03/02/2026 12:01;8.000
8ccf2939-329d-4251-adee-9a328892c0c8;415;Réception (B.L. : 1700228237);1700228237;;FOURNISSEUR CENTRALE;;Pas de commande associée;O;23/02/2026 00:00;;23/02/2026 12:14;226.000
8d420f96-b8cb-42af-a0d3-4a200cc7765e;416;Réception (B.L. : 1800330239);1800330239;;FOURNISSEUR CENTRALE;;Pas de commande associée;O;11/03/2026 00:00;;11/03/2026 12:23;6.000
8d4bd1dd-0d97-4759-b7af-404ec6249e57;416;Réception (B.L. : 1800323710);1800323710;;FOURNISSEUR CENTRALE;;Pas de commande associée;O;13/02/2026 00:00;;13/02/2026 17:10;29.000
8d5c2d6f-6228-457e-ad69-8089e9ea2fd4;371;Réception (B.L. : 1100208858);1100208858;;FOURNISSEUR CENTRALE;;Pas de commande associée;O;20/02/2026 00:00;;20/02/2026 12:11;758.000
8d8715d6-d8aa-46af-8b1c-d3f92d01ba38;416;Réception (B.L. : 1800316480);1800316480;;FOURNISSEUR CENTRALE;;Pas de commande associée;O;16/01/2026 00:00;;16/01/2026 12:23;10.000
8d88a6af-a307-499e-94fd-70fc6daf7173;412;Réception (B.L. : 1800335597);1800335597;;FOURNISSEUR CENTRALE;;Pas de commande associée;O;01/04/2026 00:00;;01/04/2026 12:12;8.000
8d98579a-ac54-4e46-a9ce-6ad8053768e8;416;Réception (B.L. : 1700224360);1700224360;;FOURNISSEUR CENTRALE;;Pas de commande associée;O;04/02/2026 00:00;;04/02/2026 12:17;12.000
8dab21aa-b6e7-46db-8044-56a9c519d6f9;416;Réception (B.L. : 1700228809);1700228809;;FOURNISSEUR CENTRALE;;Pas de commande associée;O;25/02/2026 00:00;;25/02/2026 12:15;924.000
8dabb13f-07d4-4b65-95c3-dbf8e30a37fb;415;Réception (B.L. : 1700232536);1700232536;;FOURNISSEUR CENTRALE;;Pas de commande associée;O;15/03/2026 00:00;;16/03/2026 12:18;355.000
8db940e2-af1d-48a1-8600-808f34479879;416;Réception (B.L. : 1200104470);1200104470;;FOURNISSEUR CENTRALE;;Pas de commande associée;O;18/02/2026 00:00;;18/02/2026 12:10;484.000
8ddfcb8f-e94e-421e-860b-7370a19495ae;415;Réception (B.L. : 1100204866);1100204866;;FOURNISSEUR CENTRALE;;Pas de commande associée;O;23/01/2026 00:00;;23/01/2026 12:03;1597.000
8de88389-3cfa-4d06-8c1c-4fb0859eb119;415;Réception (B.L. : 1700234662);1700234662;;FOURNISSEUR CENTRALE;;Pas de commande associée;O;25/03/2026 00:00;;25/03/2026 12:21;3.000
8dea04a9-5be4-4906-b035-b0e544f65c27;371;Réception (B.L. : 1700228516);1700228516;;FOURNISSEUR CENTRALE;;Pas de commande associée;O;24/02/2026 00:00;;24/02/2026 12:18;1500.000
8df73104-1b09-47b1-a886-e4718ea8ad7e;412;Réception (B.L. : 1800318156);1800318156;;FOURNISSEUR CENTRALE;;Pas de commande associée;O;23/01/2026 00:00;;23/01/2026 12:11;24.000
8e0bf9f2-47f2-462f-a5b4-fe9e0dd6bcad;371;Réception (B.L. : 1100207327);1100207327;;FOURNISSEUR CENTRALE;;Pas de commande associée;O;10/02/2026 00:00;;09/02/2026 23:25;868.000
8e117122-1574-46fa-934c-812915eebaed;416;Réception (B.L. : 1700223827);1700223827;;FOURNISSEUR CENTRALE;;Pas de commande associée;O;02/02/2026 00:00;;02/02/2026 12:17;308.000
8e332e5e-53f9-4e45-ae19-07e8b98a66c7;416;Réception (B.L. : 1700225786);1700225786;;FOURNISSEUR CENTRALE;;Pas de commande associée;O;11/02/2026 00:00;;11/02/2026 12:11;542.000
8e427696-a817-4d77-9081-8709bc670bdd;416;Réception (B.L. : 1700232539);1700232539;;FOURNISSEUR CENTRALE;;Pas de commande associée;O;15/03/2026 00:00;;16/03/2026 12:16;646.000
8eb75753-01e1-4d7f-9e1b-0c33259561b8;415;Réception (B.L. : 1200102476);1200102476;;FOURNISSEUR CENTRALE;;Pas de commande associée;O;23/01/2026 00:00;;23/01/2026 12:01;504.000
8ecfbd9a-3d47-4321-9811-568b1334fee9;415;Réception (B.L. : 1100207964);1100207964;;FOURNISSEUR CENTRALE;;Pas de commande associée;O;13/02/2026 00:00;;13/02/2026 12:15;6.000
8f163b4f-32c0-4b37-a986-4988966dd24f;416;Réception (B.L. : 1800329560);1800329560;;FOURNISSEUR CENTRALE;;Pas de commande associée;O;09/03/2026 00:00;;09/03/2026 12:17;10.000
8f40fd4b-4234-4e53-bdcf-75ce929eb843;371;Réception (B.L. : 1100212925);1100212925;;FOURNISSEUR CENTRALE;;Pas de commande associée;O;20/03/2026 00:00;;20/03/2026 12:12;1889.000
8fd5fb87-e6e4-4c3b-97fd-aeebc3a895a8;415;Réception (B.L. : 1700231138);1700231138;;FOURNISSEUR CENTRALE;;Pas de commande associée;O;09/03/2026 00:00;;09/03/2026 12:11;360.000
8fe2d9c9-4a30-4b34-9b5a-1da747a3f8a3;371;Réception (B.L. : 1700230730);1700230730;;FOURNISSEUR CENTRALE;;Pas de commande associée;O;06/03/2026 00:00;;06/03/2026 12:19;750.000
90018037-af49-4192-9d10-efdcb0209b3f;412;Réception (B.L. : 1700228507);1700228507;;FOURNISSEUR CENTRALE;;Pas de commande associée;O;23/02/2026 00:00;;24/02/2026 12:13;111.000
9026fe1b-3e8c-4b48-9dfe-bcb6355dc77f;415;Réception (B.L. : 1700232613);1700232613;;FOURNISSEUR CENTRALE;;Pas de commande associée;O;16/03/2026 00:00;;16/03/2026 12:21;4.000
9048c3a2-c409-498f-8e99-c7181de3a590;415;Réception (B.L. : 1700224362);1700224362;;FOURNISSEUR CENTRALE;;Pas de commande associée;O;04/02/2026 00:00;;04/02/2026 12:20;4.000
90696ccc-6ab3-4b60-a440-63d02d8093a3;415;Réception (B.L. : 1800326647);1800326647;;FOURNISSEUR CENTRALE;;Pas de commande associée;O;25/02/2026 00:00;;25/02/2026 17:10;37.000
907f82f9-fb27-41dd-a5d3-86ee7fc879d8;416;Réception (B.L. : 1100207521);1100207521;;FOURNISSEUR CENTRALE;;Pas de commande associée;O;11/02/2026 00:00;;10/02/2026 23:31;96.000
90c4811c-d27e-409f-b38e-7db1477e515e;412;Réception (B.L. : 1700231368);1700231368;;FOURNISSEUR CENTRALE;;Pas de commande associée;O;09/03/2026 00:00;;09/03/2026 12:10;360.000
910e351e-afa4-4448-ae36-306b174dfac0;371;Réception (B.L. : 1100205294);1100205294;;FOURNISSEUR CENTRALE;;Pas de commande associée;O;27/01/2026 00:00;;27/01/2026 12:03;102.000
91145982-8bbc-4049-9a3a-2a458a7c7bf7;415;Réception (B.L. : 1100207157);1100207157;;FOURNISSEUR CENTRALE;;Pas de commande associée;O;09/02/2026 00:00;;09/02/2026 12:13;4.000
9118bd7f-f984-40b6-9705-ec945ab6bff4;412;Réception (B.L. : 1100211308);1100211308;;FOURNISSEUR CENTRALE;;Pas de commande associée;O;10/03/2026 00:00;;10/03/2026 12:14;4.000
9171a1fa-d297-4fed-b4dc-b20784df4f66;415;Réception (B.L. : 1700221591);1700221591;;FOURNISSEUR CENTRALE;;Pas de commande associée;O;20/01/2026 00:00;;21/01/2026 12:15;1472.000
9179a778-7e7e-422b-8b31-daf114396438;415;Réception (B.L. : 1700232175);1700232175;;FOURNISSEUR CENTRALE;;Pas de commande associée;O;13/03/2026 00:00;;13/03/2026 12:19;619.000
91d3736c-13e4-4f4a-b491-4cf1730c45f4;416;Réception (B.L. : 1100202239);1100202239;;FOURNISSEUR CENTRALE;;Pas de commande associée;O;05/01/2026 00:00;;04/01/2026 23:09;96.000
91d9ff0d-a448-4e32-b90a-1fea0f5136c4;416;Réception (B.L. : 1800327830);1800327830;;FOURNISSEUR CENTRALE;;Pas de commande associée;O;02/03/2026 00:00;;02/03/2026 12:24;12.000
92192e26-2284-4f36-b858-a0b79e0e2937;416;Réception (B.L. : 1100203065);1100203065;;FOURNISSEUR CENTRALE;;Pas de commande associée;O;09/01/2026 00:00;;09/01/2026 12:11;2.000
922b1cab-acbb-4b5d-839b-856b508038ca;412;Réception (B.L. : 1800320825);1800320825;;FOURNISSEUR CENTRALE;;Pas de commande associée;O;04/02/2026 00:00;;04/02/2026 12:14;20.000
926b0526-601e-40d5-90b0-e55c9da811f7;412;Réception (B.L. : 1100203965);1100203965;;FOURNISSEUR CENTRALE;;Pas de commande associée;O;16/01/2026 00:00;;15/01/2026 23:24;443.000
926fdaa4-36d9-4cc9-95d5-3233ccfe09e2;412;Réception (B.L. : 1100205301);1100205301;;FOURNISSEUR CENTRALE;;Pas de commande associée;O;27/01/2026 00:00;;27/01/2026 12:02;251.000
92b21ac2-4f19-4d5d-8c90-54c179b4a13c;415;Réception (B.L. : 1800327856);1800327856;;FOURNISSEUR CENTRALE;;Pas de commande associée;O;02/03/2026 00:00;;02/03/2026 17:10;18.000
92da5679-654d-4021-99c7-7a74ae81ebce;415;Réception (B.L. : 1100204865);1100204865;;FOURNISSEUR CENTRALE;;Pas de commande associée;O;23/01/2026 00:00;;23/01/2026 12:02;224.000
9324f474-090b-407a-8a78-8a7043adab6e;416;Réception (B.L. : 1700218101);1700218101;;FOURNISSEUR CENTRALE;;Pas de commande associée;O;02/01/2026 00:00;;02/01/2026 17:02;582.000
9334688e-6d8b-4427-a1cc-80201dc37c9b;416;Réception (B.L. : 1800321950);1800321950;;FOURNISSEUR CENTRALE;;Pas de commande associée;O;09/02/2026 00:00;;09/02/2026 17:11;275.944
93518834-f179-4b23-8de4-871f7c4d5951;412;Réception (B.L. : 1800323477);1800323477;;FOURNISSEUR CENTRALE;;Pas de commande associée;O;13/02/2026 00:00;;13/02/2026 12:25;26.000
937690ea-1a1b-4588-9cd3-b424d05743f7;371;Réception (B.L. : 1100208308);1100208308;;FOURNISSEUR CENTRALE;;Pas de commande associée;O;17/02/2026 00:00;;16/02/2026 23:25;129.000
937d387a-09fa-49ee-9899-733d9c7e21b1;412;Réception (B.L. : 1100210691);1100210691;;FOURNISSEUR CENTRALE;;Pas de commande associée;O;06/03/2026 00:00;;06/03/2026 12:12;954.000
93894d7c-5d50-4bfa-975d-a059fae5a66c;371;Réception (B.L. : 1700222137);1700222137;;FOURNISSEUR CENTRALE;;Pas de commande associée;O;22/01/2026 00:00;;23/01/2026 12:08;128.000
93a86201-f7d8-4d85-8e43-75f704fa2f17;371;Réception (B.L. : 1100211188);1100211188;;FOURNISSEUR CENTRALE;;Pas de commande associée;O;09/03/2026 00:00;;09/03/2026 17:10;174.000
93bcd571-b3a7-4dad-9d00-8898ed9e77cc;371;Réception (B.L. : 1700231361);1700231361;;FOURNISSEUR CENTRALE;;Pas de commande associée;O;09/03/2026 00:00;;09/03/2026 12:11;360.000
93c02ec0-a6d8-45cc-a5e1-9196c5fc79ce;371;Réception (B.L. : 1100210136);1100210136;;FOURNISSEUR CENTRALE;;Pas de commande associée;O;03/03/2026 00:00;;03/03/2026 12:13;90.000
93c14ea8-b3e9-4117-b6e0-ceae7baa3ee4;415;Réception (B.L. : 1100209961);1100209961;;FOURNISSEUR CENTRALE;;Pas de commande associée;O;28/02/2026 00:00;;28/02/2026 12:10;48.000
93eb5dfe-3fc8-4f59-8f5e-c50a954a3bfd;371;Réception (B.L. : 1800320788);1800320788;;FOURNISSEUR CENTRALE;;Pas de commande associée;O;04/02/2026 00:00;;04/02/2026 12:10;85.000
93ee4c46-6891-4fd0-a491-acf83933fdc1;412;Réception (B.L. : 1100205367);1100205367;;FOURNISSEUR CENTRALE;;Pas de commande associée;O;27/01/2026 00:00;;27/01/2026 12:04;3.000
9418c02c-9aee-4429-96ad-08c4124e8b37;416;Réception (B.L. : 1800324791);1800324791;;FOURNISSEUR CENTRALE;;Pas de commande associée;O;18/02/2026 00:00;;18/02/2026 12:31;4.000
94225a94-5aeb-43ea-96c0-4829f504c140;415;Réception (B.L. : 1700222971);1700222971;;FOURNISSEUR CENTRALE;;Pas de commande associée;O;28/01/2026 00:00;;28/01/2026 12:11;545.000
944d6761-687b-47f1-bf01-baa29fbf7f34;371;Réception (B.L. : 1700227779);1700227779;;FOURNISSEUR CENTRALE;;Pas de commande associée;O;19/02/2026 00:00;;20/02/2026 12:16;108.000
94591494-dcc7-4208-84c6-1b211a16b8b4;415;Réception (B.L. : 1800319756);1800319756;;FOURNISSEUR CENTRALE;;Pas de commande associée;O;30/01/2026 00:00;;30/01/2026 12:24;42.000
94ab360e-fdbd-4b06-b3c2-974d466f87a6;416;Réception (B.L. : 1700229329);1700229329;;FOURNISSEUR CENTRALE;;Pas de commande associée;O;27/02/2026 00:00;;27/02/2026 12:20;3.000
94b7a09b-05d0-4d9a-8d87-3036b8cc2b34;416;Réception (B.L. : 1800334992);1800334992;;FOURNISSEUR CENTRALE;;Pas de commande associée;O;30/03/2026 00:00;;30/03/2026 17:12;9.000
94c320b7-57c5-4ff1-b3f4-647f11d9503a;412;Réception (B.L. : 1800323475);1800323475;;FOURNISSEUR CENTRALE;;Pas de commande associée;O;13/02/2026 00:00;;13/02/2026 12:23;120.000
94da0b29-5b30-4b5a-bd47-bee5feaf6582;412;Réception (B.L. : 1700223366);1700223366;;FOURNISSEUR CENTRALE;;Pas de commande associée;O;29/01/2026 00:00;;30/01/2026 12:07;1064.000
94f17dad-bac7-4ae5-bf63-fb77a7f23875;412;Réception (B.L. : 1800335569);1800335569;;FOURNISSEUR CENTRALE;;Pas de commande associée;O;01/04/2026 00:00;;01/04/2026 12:11;130.000
9506352d-8a72-4698-b67d-57b197a36ce4;371;Réception (B.L. : 1700222687);1700222687;;FOURNISSEUR CENTRALE;;Pas de commande associée;O;26/01/2026 00:00;;27/01/2026 12:08;512.000
9508ebea-1d0e-4cb5-9fb5-030a65630f67;371;Réception (B.L. : 1100203956);1100203956;;FOURNISSEUR CENTRALE;;Pas de commande associée;O;16/01/2026 00:00;;15/01/2026 23:24;327.000
950e8e4e-e569-4bfb-bc6b-f9fc338929fc;415;Réception (B.L. : 1700229784);1700229784;;FOURNISSEUR CENTRALE;;Pas de commande associée;O;02/03/2026 00:00;;02/03/2026 12:15;880.000
952714e9-6a8b-45f5-93cc-06d80778134c;371;Réception (B.L. : 1800330790);1800330790;;FOURNISSEUR CENTRALE;;Pas de commande associée;O;13/03/2026 00:00;;13/03/2026 12:23;94.500
955ecba9-71d7-4e63-8f48-418f0e832680;415;Réception (B.L. : 1700222453);1700222453;;FOURNISSEUR CENTRALE;;Pas de commande associée;O;26/01/2026 00:00;;26/01/2026 12:13;438.000
955f198e-5135-4333-b675-068bf2d97b56;416;Réception (B.L. : 1100204130);1100204130;;FOURNISSEUR CENTRALE;;Pas de commande associée;O;19/01/2026 00:00;;18/01/2026 23:19;630.000
95917597-e91e-4f82-8016-33880313e3c6;416;Réception (B.L. : 1800318664);1800318664;;FOURNISSEUR CENTRALE;;Pas de commande associée;O;26/01/2026 00:00;;26/01/2026 17:16;17.000
95934d47-768f-4012-94b6-64f9b9ab8414;371;Réception (B.L. : 1700226959);1700226959;;FOURNISSEUR CENTRALE;;Pas de commande associée;O;17/02/2026 00:00;;17/02/2026 12:01;695.000
959ce5b6-155c-4cc5-a6dc-8948104b7ad1;416;Réception (B.L. : 1100207120);1100207120;;FOURNISSEUR CENTRALE;;Pas de commande associée;O;09/02/2026 00:00;;09/02/2026 12:11;788.000
95b12777-42cd-4065-81a6-2a8e18cb39e6;412;Réception (B.L. : 1700225574);1700225574;;FOURNISSEUR CENTRALE;;Pas de commande associée;O;10/02/2026 00:00;;10/02/2026 12:16;19.000
95b54c84-b392-4f92-b493-277632a09566;371;Réception (B.L. : 1700222138);1700222138;;FOURNISSEUR CENTRALE;;Pas de commande associée;O;22/01/2026 00:00;;23/01/2026 12:09;161.000
95b794a6-cde5-4d56-ba94-deed4bc5fd3d;371;Réception (B.L. : 1700235629);1700235629;;FOURNISSEUR CENTRALE;;Pas de commande associée;O;30/03/2026 00:00;;31/03/2026 12:13;204.000
9607d624-a2c1-4125-b8a7-5cea48e0589a;412;Réception (B.L. : 1700222345);1700222345;;FOURNISSEUR CENTRALE;;Pas de commande associée;O;23/01/2026 00:00;;23/01/2026 12:09;1083.000
965fb24b-d6d9-4d82-a39d-8eae01c23319;415;Réception (B.L. : 1100206394);1100206394;;FOURNISSEUR CENTRALE;;Pas de commande associée;O;04/02/2026 00:00;;04/02/2026 12:12;36.000
966fbffd-c60f-479b-9440-8b8d51ce7ccc;416;Réception (B.L. : 1100210342);1100210342;;FOURNISSEUR CENTRALE;;Pas de commande associée;O;04/03/2026 00:00;;04/03/2026 12:10;906.000
967e58c7-9624-4cc1-a881-45b2effb297f;416;Réception (B.L. : 1700235017);1700235017;;FOURNISSEUR CENTRALE;;Pas de commande associée;O;27/03/2026 00:00;;27/03/2026 12:15;317.000
96f1c02e-56c4-4a9a-bfec-d14cf0a9d938;415;Réception (B.L. : 1700227784);1700227784;;FOURNISSEUR CENTRALE;;Pas de commande associée;O;19/02/2026 00:00;;20/02/2026 12:18;618.000
9719d42a-01f6-4152-8bde-85bc20373a59;412;Réception (B.L. : 1100213478);1100213478;;FOURNISSEUR CENTRALE;;Pas de commande associée;O;23/03/2026 00:00;;23/03/2026 17:10;52.000
971d661d-fdc1-4ddc-a407-d0bac217c7ec;415;Réception (B.L. : 1700235013);1700235013;;FOURNISSEUR CENTRALE;;Pas de commande associée;O;27/03/2026 00:00;;27/03/2026 12:19;526.000
97aebe39-11da-4937-bb6b-d1de0debe700;412;Réception (B.L. : 1800316997);1800316997;;FOURNISSEUR CENTRALE;;Pas de commande associée;O;19/01/2026 00:00;;19/01/2026 17:11;8.000
97cbfb3c-b107-4a81-b621-4c96e7e24260;416;Réception (B.L. : 1700229537);1700229537;;FOURNISSEUR CENTRALE;;Pas de commande associée;O;28/02/2026 00:00;;28/02/2026 12:11;100.000
9847a648-f49f-42d4-bb31-26f2d4097f79;371;Réception (B.L. : 1800321476);1800321476;;FOURNISSEUR CENTRALE;;Pas de commande associée;O;06/02/2026 00:00;;06/02/2026 17:11;7.000
9848392f-c649-4c20-8d84-ccdb573366bd;415;Réception (B.L. : 1100210352);1100210352;;FOURNISSEUR CENTRALE;;Pas de commande associée;O;04/03/2026 00:00;;04/03/2026 12:11;1401.000
9858d251-974d-4890-9beb-24d5e00442c4;416;Réception (B.L. : 1800332801);1800332801;;FOURNISSEUR CENTRALE;;Pas de commande associée;O;20/03/2026 00:00;;20/03/2026 12:24;15.000
9873c953-400f-438a-b2ef-e52b5223049e;416;Réception (B.L. : 1700225184);1700225184;;FOURNISSEUR CENTRALE;;Pas de commande associée;O;07/02/2026 00:00;;07/02/2026 12:00;3.000
988ccee0-0d52-4ab7-92d3-c78bb6971785;416;Réception (B.L. : 1700232108);1700232108;;FOURNISSEUR CENTRALE;;Pas de commande associée;O;12/03/2026 00:00;;12/03/2026 12:10;16.000
98b68047-b2db-4460-8603-3328b3c83d59;416;Réception (B.L. : 1700235019);1700235019;;FOURNISSEUR CENTRALE;;Pas de commande associée;O;27/03/2026 00:00;;27/03/2026 12:17;96.000
98c25b55-06bf-4b2c-a3db-7037754cb984;371;Réception (B.L. : 1100211701);1100211701;;FOURNISSEUR CENTRALE;;Pas de commande associée;O;12/03/2026 00:00;;12/03/2026 17:10;72.000
98c9963c-0359-49dc-9e76-3eadc8cf8525;415;Réception (B.L. : 1800325445);1800325445;;FOURNISSEUR CENTRALE;;Pas de commande associée;O;20/02/2026 00:00;;20/02/2026 17:01;36.000
98d33fc7-43a3-49e5-9b74-d0b5f9a219f5;416;Réception (B.L. : 1100211357);1100211357;;FOURNISSEUR CENTRALE;;Pas de commande associée;O;10/03/2026 00:00;;10/03/2026 17:03;30.000
98dcad95-587d-4fe2-b361-5fad2967d46e;416;Réception (B.L. : 1700232611);1700232611;;FOURNISSEUR CENTRALE;;Pas de commande associée;O;16/03/2026 00:00;;16/03/2026 12:22;3.000
990898ae-b7bd-47da-aab5-7ae36a8e6a96;416;Réception (B.L. : 1100210726);1100210726;;FOURNISSEUR CENTRALE;;Pas de commande associée;O;06/03/2026 00:00;;06/03/2026 12:12;2071.000
99280869-8d60-44a9-b59e-09e11d94f985;416;Réception (B.L. : 1800327877);1800327877;;FOURNISSEUR CENTRALE;;Pas de commande associée;O;02/03/2026 00:00;;02/03/2026 17:10;15.000
99372e25-ad69-4aa9-9393-7a76c271d050;416;Réception (B.L. : 1800320881);1800320881;;FOURNISSEUR CENTRALE;;Pas de commande associée;O;04/02/2026 00:00;;04/02/2026 17:00;15.000
995843dd-4a84-409a-9e63-6aadc5d01154;415;Réception (B.L. : 1700231917);1700231917;;FOURNISSEUR CENTRALE;;Pas de commande associée;O;11/03/2026 00:00;;11/03/2026 12:22;140.000
99ab089a-4a79-459f-abe8-dddd33547992;412;Réception (B.L. : 1100206748);1100206748;;FOURNISSEUR CENTRALE;;Pas de commande associée;O;05/02/2026 00:00;;05/02/2026 17:10;222.000
99b761cf-867a-4630-a46f-9b4b7fdf330a;412;Réception (B.L. : 1100210208);1100210208;;FOURNISSEUR CENTRALE;;Pas de commande associée;O;03/03/2026 00:00;;03/03/2026 12:14;5.000
99c67634-3817-41f8-9371-73f493491f54;416;Réception (B.L. : 1100202638);1100202638;;FOURNISSEUR CENTRALE;;Pas de commande associée;O;07/01/2026 00:00;;07/01/2026 12:10;1170.000
99d17d1c-da51-4867-bce7-eaece9e355bd;416;Réception (B.L. : 1700219098);1700219098;;FOURNISSEUR CENTRALE;;Pas de commande associée;O;08/01/2026 00:00;;08/01/2026 12:14;452.000
99ef524d-f84c-40a6-a887-7a3fb89194e3;415;Réception (B.L. : 1700225284);1700225284;;FOURNISSEUR CENTRALE;;Pas de commande associée;O;09/02/2026 00:00;;09/02/2026 12:14;372.000
9a138ea3-fbeb-41b7-9e67-27150d3e11fa;416;Réception (B.L. : 1200104258);1200104258;;FOURNISSEUR CENTRALE;;Pas de commande associée;O;13/02/2026 00:00;;13/02/2026 17:01;6.000
9a7a49e5-d807-4b30-b9ad-a1e0179cae7f;415;Réception (B.L. : 1700223829);1700223829;;FOURNISSEUR CENTRALE;;Pas de commande associée;O;02/02/2026 00:00;;02/02/2026 12:15;981.000
9a8184ae-460f-4d21-9353-18d951a62d75;371;Réception (B.L. : 1700220636);1700220636;;FOURNISSEUR CENTRALE;;Pas de commande associée;O;15/01/2026 00:00;;16/01/2026 12:11;1034.000
9a857586-b0fd-431f-8b1e-db26e58d1301;416;Réception (B.L. : 1100203216);1100203216;;FOURNISSEUR CENTRALE;;Pas de commande associée;O;12/01/2026 00:00;;11/01/2026 23:18;1400.000
9a8ab008-50a3-40e5-a022-dc188ca5c936;416;Réception (B.L. : 1800333260);1800333260;;FOURNISSEUR CENTRALE;;Pas de commande associée;O;22/03/2026 00:00;;23/03/2026 12:18;28.000
9a9157ab-ba75-4200-81b3-0283b100453f;412;Réception (B.L. : 1800326607);1800326607;;FOURNISSEUR CENTRALE;;Pas de commande associée;O;25/02/2026 00:00;;25/02/2026 12:11;926.658
9a9d9537-c1eb-47b4-aed2-25d3981906c3;371;Réception (B.L. : 1800317590);1800317590;;FOURNISSEUR CENTRALE;;Pas de commande associée;O;21/01/2026 00:00;;21/01/2026 12:11;5.000
9abd85d5-2473-4cb8-b1b9-8c63956f6969;415;Réception (B.L. : 1700221021);1700221021;;FOURNISSEUR CENTRALE;;Pas de commande associée;O;18/01/2026 00:00;;19/01/2026 12:17;448.000
9ac816b7-1b8c-4bf4-b6c0-c8b6b87e5de5;412;Réception (B.L. : 1800322869);1800322869;;FOURNISSEUR CENTRALE;;Pas de commande associée;O;11/02/2026 00:00;;11/02/2026 12:12;30.000
9ad1cedc-c0ee-41a6-936d-0e389cc5606f;371;Réception (B.L. : 1700229248);1700229248;;FOURNISSEUR CENTRALE;;Pas de commande associée;O;27/02/2026 00:00;;27/02/2026 12:16;288.000
9b144040-c413-4238-907c-02b8e041d950;412;Réception (B.L. : 1800332073);1800332073;;FOURNISSEUR CENTRALE;;Pas de commande associée;O;18/03/2026 00:00;;18/03/2026 12:11;148.200
9b207496-f21c-4026-9255-b4ba42eb7253;371;Réception (B.L. : 1700235631);1700235631;;FOURNISSEUR CENTRALE;;Pas de commande associée;O;30/03/2026 00:00;;31/03/2026 12:15;5.000
9b57d559-1240-4d24-84ed-2f13e97528a0;415;Réception (B.L. : 1800322822);1800322822;;FOURNISSEUR CENTRALE;;Pas de commande associée;O;11/02/2026 00:00;;11/02/2026 12:21;506.200
9b717c1c-b14b-4049-a73c-f31fa7fe39f4;416;Réception (B.L. : 1800324811);1800324811;;FOURNISSEUR CENTRALE;;Pas de commande associée;O;18/02/2026 00:00;;18/02/2026 17:11;1.000
9b80b88f-f95c-4223-ab39-14eb48c0ce0e;416;Réception (B.L. : 1700233758);1700233758;;FOURNISSEUR CENTRALE;;Pas de commande associée;O;20/03/2026 00:00;;20/03/2026 12:20;5.000
9bc5f19f-deac-44b9-93b0-38af01da8893;416;Réception (B.L. : 1100209871);1100209871;;FOURNISSEUR CENTRALE;;Pas de commande associée;O;27/02/2026 00:00;;27/02/2026 12:14;5.000
9bfcc524-8f7d-4bc8-81ee-ffb8b79eb93b;415;Réception (B.L. : 1700222972);1700222972;;FOURNISSEUR CENTRALE;;Pas de commande associée;O;28/01/2026 00:00;;28/01/2026 12:12;557.000
9c265b05-3053-4978-9736-a8558a88c729;415;Réception (B.L. : 1700221071);1700221071;;FOURNISSEUR CENTRALE;;Pas de commande associée;O;19/01/2026 00:00;;19/01/2026 12:20;3.000
9c3acae9-2aec-4693-ae35-2a11c05d1771;416;Réception (B.L. : 1800315244);1800315244;;FOURNISSEUR CENTRALE;;Pas de commande associée;O;12/01/2026 00:00;;13/01/2026 03:16;2.000
9c4ea5cb-2be5-4959-a7b0-eaacfc0761a2;415;Réception (B.L. : 1100209131);1100209131;;FOURNISSEUR CENTRALE;;Pas de commande associée;O;23/02/2026 00:00;;22/02/2026 23:20;295.000
9c68903d-b56d-46d1-9dfd-25df067cf962;371;Réception (B.L. : 1100207312);1100207312;;FOURNISSEUR CENTRALE;;Pas de commande associée;O;09/02/2026 00:00;;09/02/2026 17:10;54.000
9c72b96f-ad61-419b-8e28-d5d92808669c;371;Réception (B.L. : 1700231541);1700231541;;FOURNISSEUR CENTRALE;;Pas de commande associée;O;10/03/2026 00:00;;10/03/2026 12:20;4.000
9c8e4367-501b-430a-87ea-c92208eb788d;412;Réception (B.L. : 1700232799);1700232799;;FOURNISSEUR CENTRALE;;Pas de commande associée;O;17/03/2026 00:00;;17/03/2026 12:15;198.000
9ca1dfc6-eb32-4e4a-a567-7a38261bb275;416;Réception (B.L. : 1700225361);1700225361;;FOURNISSEUR CENTRALE;;Pas de commande associée;O;09/02/2026 00:00;;09/02/2026 12:19;5.000
9cb64d4a-6aed-421a-9caa-127a2bb212ad;371;Réception (B.L. : 1700229911);1700229911;;FOURNISSEUR CENTRALE;;Pas de commande associée;O;03/03/2026 00:00;;03/03/2026 12:20;8.000
9cba16aa-14ea-4158-8b76-bdf13a4713e7;412;Réception (B.L. : 1100206203);1100206203;;FOURNISSEUR CENTRALE;;Pas de commande associée;O;03/02/2026 00:00;;03/02/2026 12:03;72.000
9d160316-84a2-40ba-bcef-f5bd6eb340ce;416;Réception (B.L. : 1100214244);1100214244;;FOURNISSEUR CENTRALE;;Pas de commande associée;O;27/03/2026 00:00;;27/03/2026 12:12;1630.000
9d1cb320-ef55-4131-a346-4d11d414034a;415;Réception (B.L. : 1700224923);1700224923;;FOURNISSEUR CENTRALE;;Pas de commande associée;O;06/02/2026 00:00;;06/02/2026 12:19;398.000
9d42d8d8-eefd-4136-b2ef-d43da42b48a1;371;Réception (B.L. : 1800327306);1800327306;;FOURNISSEUR CENTRALE;;Pas de commande associée;O;26/02/2026 00:00;;27/02/2026 12:20;5.000
9d452ac2-7926-4ad2-a749-711b36c5454f;415;Réception (B.L. : 1700220611);1700220611;;FOURNISSEUR CENTRALE;;Pas de commande associée;O;15/01/2026 00:00;;16/01/2026 12:17;132.000
9d569f93-85ac-4dc4-a895-0aa880d99f4c;416;Réception (B.L. : 1100209805);1100209805;;FOURNISSEUR CENTRALE;;Pas de commande associée;O;27/02/2026 00:00;;27/02/2026 12:13;18.000
9db51c4c-7e90-4b04-a764-c054d2486751;415;Réception (B.L. : 1700218408);1700218408;;FOURNISSEUR CENTRALE;;Pas de commande associée;O;05/01/2026 00:00;;05/01/2026 12:16;3.000
9dc1948f-dc5b-49de-8adc-32b73baf7c51;415;Réception (B.L. : 1700232172);1700232172;;FOURNISSEUR CENTRALE;;Pas de commande associée;O;13/03/2026 00:00;;13/03/2026 12:16;321.000
9dea2764-3268-4403-a2c6-6de450a5a8dc;371;Réception (B.L. : 1700224828);1700224828;;FOURNISSEUR CENTRALE;;Pas de commande associée;O;06/02/2026 00:00;;06/02/2026 12:19;803.000
9e10f243-8b7a-4468-bab3-232d900f4c61;415;Réception (B.L. : 1100206929);1100206929;;FOURNISSEUR CENTRALE;;Pas de commande associée;O;06/02/2026 00:00;;06/02/2026 12:15;6.000
9e25b08c-cac7-4a9a-a421-e7b8d0c924b2;371;Réception (B.L. : 1100205372);1100205372;;FOURNISSEUR CENTRALE;;Pas de commande associée;O;27/01/2026 00:00;;27/01/2026 12:04;4.000
9e443dfe-2137-4cf0-a574-b8c546632edf;415;Réception (B.L. : 1100205819);1100205819;;FOURNISSEUR CENTRALE;;Pas de commande associée;O;30/01/2026 00:00;;30/01/2026 12:12;1658.000
9e5d7260-66d9-4145-9db9-2c49e1dcaa5a;415;Réception (B.L. : 1700222191);1700222191;;FOURNISSEUR CENTRALE;;Pas de commande associée;O;22/01/2026 00:00;;23/01/2026 12:11;3000.000
9e8ac17a-1f19-46e5-a5cf-0114e45bf014;415;Réception (B.L. : 1700225782);1700225782;;FOURNISSEUR CENTRALE;;Pas de commande associée;O;11/02/2026 00:00;;11/02/2026 12:15;523.000
9e93b6a6-4a72-4921-a66c-aed395706288;416;Réception (B.L. : 1100213279);1100213279;;FOURNISSEUR CENTRALE;;Pas de commande associée;O;23/03/2026 00:00;;23/03/2026 12:10;5.000
9ea47612-d933-48c6-8e2d-de3a2d56b3c7;412;Réception (B.L. : 1800325336);1800325336;;FOURNISSEUR CENTRALE;;Pas de commande associée;O;19/02/2026 00:00;;20/02/2026 12:21;210.000
9ec2da28-62b3-4ca2-8476-79d42a8a6170;371;Réception (B.L. : 1700229887);1700229887;;FOURNISSEUR CENTRALE;;Pas de commande associée;O;03/03/2026 00:00;;03/03/2026 12:15;1701.000
9ee14115-4157-4341-97ba-11c25bd250e8;416;Réception (B.L. : 1800329010);1800329010;;FOURNISSEUR CENTRALE;;Pas de commande associée;O;05/03/2026 00:00;;06/03/2026 12:21;209.000
9f02ae86-9388-4594-a45c-fb010b3bc0a1;416;Réception (B.L. : 1700227200);1700227200;;FOURNISSEUR CENTRALE;;Pas de commande associée;O;17/02/2026 00:00;;18/02/2026 12:18;844.000
9f1b2a6f-17ec-4c44-8ae8-4db8c946c926;416;Réception (B.L. : 1800326618);1800326618;;FOURNISSEUR CENTRALE;;Pas de commande associée;O;25/02/2026 00:00;;25/02/2026 12:21;21.000
9f368c65-ca7b-4f9f-9838-a19a86e8754f;416;Réception (B.L. : 1800332747);1800332747;;FOURNISSEUR CENTRALE;;Pas de commande associée;O;20/03/2026 00:00;;20/03/2026 12:22;424.400
9fdf62ad-f92b-4ecd-a140-1176564c7c54;415;Réception (B.L. : 1100210031);1100210031;;FOURNISSEUR CENTRALE;;Pas de commande associée;O;02/03/2026 00:00;;02/03/2026 12:13;8.000
9fe5076c-60bf-4f47-9607-76585fbdeb4b;415;Réception (B.L. : 1700223510);1700223510;;FOURNISSEUR CENTRALE;;Pas de commande associée;O;30/01/2026 00:00;;30/01/2026 12:21;4.000
a013c2ee-4aec-4c0d-b1fd-0f6cdcb34cc0;415;Réception (B.L. : 1800319732);1800319732;;FOURNISSEUR CENTRALE;;Pas de commande associée;O;30/01/2026 00:00;;30/01/2026 12:23;697.409
a01bdbeb-aec3-405b-a428-9a5e19657f20;416;Réception (B.L. : 1800327322);1800327322;;FOURNISSEUR CENTRALE;;Pas de commande associée;O;26/02/2026 00:00;;27/02/2026 12:23;509.400
a02e7600-3cfd-4f91-9ea8-6fcb18592e70;415;Réception (B.L. : 1200107579);1200107579;;FOURNISSEUR CENTRALE;;Pas de commande associée;O;30/03/2026 00:00;;30/03/2026 17:11;1.000
a042ad17-344d-48f1-a961-7e5ef65b05f0;371;Réception (B.L. : 1100206229);1100206229;;FOURNISSEUR CENTRALE;;Pas de commande associée;O;03/02/2026 00:00;;03/02/2026 12:04;3.000
a0523a80-4778-4028-bc3c-9352e089f62e;416;Réception (B.L. : 1800316963);1800316963;;FOURNISSEUR CENTRALE;;Pas de commande associée;O;19/01/2026 00:00;;19/01/2026 12:17;58.000
a09e8163-cb3e-4fff-88b0-0f6bf078d96e;416;Réception (B.L. : 1700231288);1700231288;;FOURNISSEUR CENTRALE;;Pas de commande associée;O;09/03/2026 00:00;;09/03/2026 12:15;1610.000
a0ac05ec-5b1e-4042-a502-6796f3a1ee4d;416;Réception (B.L. : 1700231708);1700231708;;FOURNISSEUR CENTRALE;;Pas de commande associée;O;11/03/2026 00:00;;11/03/2026 12:16;737.000
a0b607de-26cf-48b6-bb1e-c3063d9b1745;416;Réception (B.L. : 1100208100);1100208100;;FOURNISSEUR CENTRALE;;Pas de commande associée;O;16/02/2026 00:00;;16/02/2026 12:13;24.000
a0d35dc1-f5e2-4c21-a40a-189bd39569a4;415;Réception (B.L. : 1100212398);1100212398;;FOURNISSEUR CENTRALE;;Pas de commande associée;O;18/03/2026 00:00;;18/03/2026 12:11;2984.000
a0e982d3-bfe0-448f-abf6-0ef46731656e;371;Réception (B.L. : 1100204118);1100204118;;FOURNISSEUR CENTRALE;;Pas de commande associée;O;16/01/2026 00:00;;16/01/2026 12:01;1.000
a0ea5d9d-d766-42b8-a2fc-f3b0f8918597;412;Réception (B.L. : 1800326014);1800326014;;FOURNISSEUR CENTRALE;;Pas de commande associée;O;23/02/2026 00:00;;23/02/2026 17:10;1.000
a103439a-3324-463a-a8dd-84701928e5d5;415;Réception (B.L. : 1100206806);1100206806;;FOURNISSEUR CENTRALE;;Pas de commande associée;O;06/02/2026 00:00;;06/02/2026 12:12;954.000
a106bb1a-e97c-41ba-b459-51f8b258106a;371;Réception (B.L. : 1700226342);1700226342;;FOURNISSEUR CENTRALE;;Pas de commande associée;O;12/02/2026 00:00;;13/02/2026 12:16;995.000
a171e73d-dfb3-419f-886c-937d928984c7;416;Réception (B.L. : 1700225790);1700225790;;FOURNISSEUR CENTRALE;;Pas de commande associée;O;11/02/2026 00:00;;11/02/2026 12:15;42.000
a1be6dbe-5291-4e6a-b65a-21f16e176ba9;415;Réception (B.L. : 1700231764);1700231764;;FOURNISSEUR CENTRALE;;Pas de commande associée;O;11/03/2026 00:00;;11/03/2026 12:16;613.000
a1c00aec-b1d2-4206-a5ea-e9635ae8a02b;412;Réception (B.L. : 1100213485);1100213485;;FOURNISSEUR CENTRALE;;Pas de commande associée;O;24/03/2026 00:00;;24/03/2026 12:12;210.000
a1db77bb-fbac-4b35-b62f-ba564a5d47ab;416;Réception (B.L. : 1800324726);1800324726;;FOURNISSEUR CENTRALE;;Pas de commande associée;O;18/02/2026 00:00;;18/02/2026 12:27;496.000
a1e085c9-8713-413e-87d7-da7a8fcc186e;415;Réception (B.L. : 1100202635);1100202635;;FOURNISSEUR CENTRALE;;Pas de commande associée;O;07/01/2026 00:00;;07/01/2026 12:10;1644.000
a1f97437-aedd-4d63-94b6-2917785bcbb2;416;Réception (B.L. : 1800329011);1800329011;;FOURNISSEUR CENTRALE;;Pas de commande associée;O;05/03/2026 00:00;;06/03/2026 12:22;166.000
a2096417-2c54-4fb9-a247-462f20ed94c7;416;Réception (B.L. : 1700225301);1700225301;;FOURNISSEUR CENTRALE;;Pas de commande associée;O;09/02/2026 00:00;;09/02/2026 12:18;6.000
a20d9dd9-3ac4-4df3-af0c-d56a4e8e2b17;371;Réception (B.L. : 1100208859);1100208859;;FOURNISSEUR CENTRALE;;Pas de commande associée;O;20/02/2026 00:00;;20/02/2026 12:12;667.000
a21dbff1-5a8f-4738-aef5-00c5b5ae7f68;416;Réception (B.L. : 1700230760);1700230760;;FOURNISSEUR CENTRALE;;Pas de commande associée;O;06/03/2026 00:00;;06/03/2026 12:15;3.000
a257009f-e3bd-48dc-a444-7d28de9dabd9;371;Réception (B.L. : 1100209363);1100209363;;FOURNISSEUR CENTRALE;;Pas de commande associée;O;24/02/2026 00:00;;23/02/2026 23:32;30.000
a263d066-0d48-48f2-8aae-3bd0e0bc6077;371;Réception (B.L. : 1100214735);1100214735;;FOURNISSEUR CENTRALE;;Pas de commande associée;O;31/03/2026 00:00;;30/03/2026 23:34;264.000
a279d5f1-d018-407a-bcef-0cbd12d9f0e6;416;Réception (B.L. : 1100214370);1100214370;;FOURNISSEUR CENTRALE;;Pas de commande associée;O;27/03/2026 00:00;;27/03/2026 12:14;4.000
a2a4835f-f59f-43a6-a10e-7e750f7dad66;415;Réception (B.L. : 1700231143);1700231143;;FOURNISSEUR CENTRALE;;Pas de commande associée;O;09/03/2026 00:00;;09/03/2026 12:16;463.000
a2dbad45-6de2-4da1-96d1-1985fc6886ed;415;Réception (B.L. : 1700235868);1700235868;;FOURNISSEUR CENTRALE;;Pas de commande associée;O;01/04/2026 00:00;;01/04/2026 12:12;339.000
a3328d31-3ff2-4dd5-9b51-65b4c1ea3b00;412;Réception (B.L. : 1100209415);1100209415;;FOURNISSEUR CENTRALE;;Pas de commande associée;O;24/02/2026 00:00;;24/02/2026 12:11;3.000
a35f7745-57da-4e9b-91bd-a4f2f50fae15;415;Réception (B.L. : 1700219498);1700219498;;FOURNISSEUR CENTRALE;;Pas de commande associée;O;09/01/2026 00:00;;09/01/2026 17:01;3.000
a36e74d1-98dd-47c1-b0cd-c88272dad395;416;Réception (B.L. : 1700227206);1700227206;;FOURNISSEUR CENTRALE;;Pas de commande associée;O;17/02/2026 00:00;;18/02/2026 12:24;16.000
a3755448-fda0-44e3-8d3f-baccd7d9a06f;416;Réception (B.L. : 1800316277);1800316277;;FOURNISSEUR CENTRALE;;Pas de commande associée;O;15/01/2026 00:00;;15/01/2026 12:11;11.000
a3837067-c7e7-451c-823b-580b4f9903b7;371;Réception (B.L. : 1100207328);1100207328;;FOURNISSEUR CENTRALE;;Pas de commande associée;O;10/02/2026 00:00;;09/02/2026 23:26;30.000
a3849e47-f8e2-459f-beed-d6aa4d55a942;412;Réception (B.L. : 1700227920);1700227920;;FOURNISSEUR CENTRALE;;Pas de commande associée;O;20/02/2026 00:00;;20/02/2026 12:20;5.000
a391945b-bf22-402c-92a5-233a00881d0f;416;Réception (B.L. : 1700219734);1700219734;;FOURNISSEUR CENTRALE;;Pas de commande associée;O;12/01/2026 00:00;;12/01/2026 12:16;928.000
a3a0925b-bef4-4716-91fd-75343f7d4a00;371;Réception (B.L. : 1800330789);1800330789;;FOURNISSEUR CENTRALE;;Pas de commande associée;O;13/03/2026 00:00;;13/03/2026 12:22;250.000
a3c345f6-2feb-42da-a874-99254e9c82a3;371;Réception (B.L. : 1700227780);1700227780;;FOURNISSEUR CENTRALE;;Pas de commande associée;O;19/02/2026 00:00;;20/02/2026 12:17;280.000
a3e135bc-b88c-4c9c-996e-489603b960b4;371;Réception (B.L. : 1800317525);1800317525;;FOURNISSEUR CENTRALE;;Pas de commande associée;O;21/01/2026 00:00;;21/01/2026 12:10;291.400
a3e718f1-5c2c-4f6e-9939-c8be11f40de9;412;Réception (B.L. : 1800324684);1800324684;;FOURNISSEUR CENTRALE;;Pas de commande associée;O;18/02/2026 00:00;;18/02/2026 12:11;30.000
a3ec4ea8-52b4-451a-9dc1-5b3e9b51026e;415;Réception (B.L. : 1700229229);1700229229;;FOURNISSEUR CENTRALE;;Pas de commande associée;O;26/02/2026 00:00;;27/02/2026 12:17;511.000
a408ea80-21b5-4576-b0a6-1453a830b77e;416;Réception (B.L. : 1100204844);1100204844;;FOURNISSEUR CENTRALE;;Pas de commande associée;O;23/01/2026 00:00;;23/01/2026 12:03;72.000
a419a8f3-9019-489b-9180-78f12ea0fa14;415;Réception (B.L. : 1800316502);1800316502;;FOURNISSEUR CENTRALE;;Pas de commande associée;O;16/01/2026 00:00;;16/01/2026 17:03;38.000
a431b945-7888-4bb6-818b-47dbe19eaada;371;Réception (B.L. : 1100213450);1100213450;;FOURNISSEUR CENTRALE;;Pas de commande associée;O;23/03/2026 00:00;;23/03/2026 17:10;36.000
a4408c16-3a2c-4d63-a3a0-1b5d8c74347e;415;Réception (B.L. : 1100208887);1100208887;;FOURNISSEUR CENTRALE;;Pas de commande associée;O;20/02/2026 00:00;;20/02/2026 12:13;1164.000
a4540c03-ad9f-4ede-bc79-d7ed98b712e9;416;Réception (B.L. : 1800317598);1800317598;;FOURNISSEUR CENTRALE;;Pas de commande associée;O;21/01/2026 00:00;;21/01/2026 12:24;12.000
a46aa237-5bb5-4249-a212-470e182d90e1;416;Réception (B.L. : 1700228934);1700228934;;FOURNISSEUR CENTRALE;;Pas de commande associée;O;25/02/2026 00:00;;25/02/2026 12:20;5.000
a471df09-3079-4866-9ee8-3f076b8a7609;416;Réception (B.L. : 1700219097);1700219097;;FOURNISSEUR CENTRALE;;Pas de commande associée;O;08/01/2026 00:00;;08/01/2026 12:13;878.000
a4fea413-7b13-4f33-8f8c-76d7d9c72a3b;415;Réception (B.L. : 1700223418);1700223418;;FOURNISSEUR CENTRALE;;Pas de commande associée;O;29/01/2026 00:00;;30/01/2026 12:18;1708.000
a5414cdd-41e6-404c-a519-4c6b47d6952d;371;Réception (B.L. : 1800321330);1800321330;;FOURNISSEUR CENTRALE;;Pas de commande associée;O;06/02/2026 00:00;;06/02/2026 12:26;35.000
a5574024-fee1-42e6-897b-d25edcc0e714;416;Réception (B.L. : 1800315048);1800315048;;FOURNISSEUR CENTRALE;;Pas de commande associée;O;12/01/2026 00:00;;12/01/2026 12:20;25.000
a56060b5-5fda-4d8b-849a-1d346e90352a;412;Réception (B.L. : 1700224787);1700224787;;FOURNISSEUR CENTRALE;;Pas de commande associée;O;05/02/2026 00:00;;06/02/2026 12:24;1.000
a56b6051-4fda-4aaf-a211-af610af2efca;416;Réception (B.L. : 1200106117);1200106117;;FOURNISSEUR CENTRALE;;Pas de commande associée;O;10/03/2026 00:00;;10/03/2026 17:01;366.000
a58aa9dc-a3ec-4c72-8125-e0458ab38baf;416;Réception (B.L. : 1700232995);1700232995;;FOURNISSEUR CENTRALE;;Pas de commande associée;O;17/03/2026 00:00;;18/03/2026 12:23;36.000
a5b722d4-af4a-40a4-8b59-b257669f5310;416;Réception (B.L. : 1100203256);1100203256;;FOURNISSEUR CENTRALE;;Pas de commande associée;O;12/01/2026 00:00;;12/01/2026 12:11;7.000
a6084df1-5289-4401-9d9b-460f916bb43d;416;Réception (B.L. : 1700232994);1700232994;;FOURNISSEUR CENTRALE;;Pas de commande associée;O;17/03/2026 00:00;;18/03/2026 12:22;237.000
a620c9dc-b8ea-4b2e-9e69-91ab2c313f6e;415;Réception (B.L. : 1800334994);1800334994;;FOURNISSEUR CENTRALE;;Pas de commande associée;O;30/03/2026 00:00;;30/03/2026 17:14;30.000
a633a57a-2f9d-405c-9f2a-470ff23fa16a;415;Réception (B.L. : 1700233694);1700233694;;FOURNISSEUR CENTRALE;;Pas de commande associée;O;19/03/2026 00:00;;20/03/2026 12:14;304.000
a66680c4-245b-4e12-9b76-35f74f27c223;415;Réception (B.L. : 1700227198);1700227198;;FOURNISSEUR CENTRALE;;Pas de commande associée;O;17/02/2026 00:00;;18/02/2026 12:18;66.000
a68f998e-0314-4f2b-b290-7fe1ef54ac41;371;Réception (B.L. : 1100213481);1100213481;;FOURNISSEUR CENTRALE;;Pas de commande associée;O;24/03/2026 00:00;;24/03/2026 12:12;120.000
a6af289f-81df-474c-aebf-76c9b9c1ca8a;371;Réception (B.L. : 1700224826);1700224826;;FOURNISSEUR CENTRALE;;Pas de commande associée;O;06/02/2026 00:00;;06/02/2026 12:17;361.000
a6bab45f-7eb5-464d-bd1f-d1137fd1aeee;371;Réception (B.L. : 1700232802);1700232802;;FOURNISSEUR CENTRALE;;Pas de commande associée;O;17/03/2026 00:00;;17/03/2026 12:19;3.000
a6c2f1c6-16be-4b33-9094-675a738be755;415;Réception (B.L. : 1800315044);1800315044;;FOURNISSEUR CENTRALE;;Pas de commande associée;O;12/01/2026 00:00;;12/01/2026 12:19;440.000
a6e74f62-36e9-48e0-8afb-4240cfd71734;415;Réception (B.L. : 1200106819);1200106819;;FOURNISSEUR CENTRALE;;Pas de commande associée;O;19/03/2026 00:00;;19/03/2026 17:10;150.000
a6f0913e-8366-4f57-872a-69a65efc4a53;371;Réception (B.L. : 1800319701);1800319701;;FOURNISSEUR CENTRALE;;Pas de commande associée;O;30/01/2026 00:00;;30/01/2026 12:10;274.700
a70e6cb8-e1bc-42c1-8591-f3bfebf662d0;415;Réception (B.L. : 1700229816);1700229816;;FOURNISSEUR CENTRALE;;Pas de commande associée;O;02/03/2026 00:00;;02/03/2026 12:19;6.000
a733e737-e90e-4fc9-a2bd-a730d28f474c;415;Réception (B.L. : 1800333259);1800333259;;FOURNISSEUR CENTRALE;;Pas de commande associée;O;22/03/2026 00:00;;23/03/2026 12:23;279.200
a7376fa6-4a8a-42d6-972b-2e1ec955f25f;416;Réception (B.L. : 1700232228);1700232228;;FOURNISSEUR CENTRALE;;Pas de commande associée;O;13/03/2026 00:00;;13/03/2026 12:20;3.000
a752b887-0d29-4c4b-bbfd-1fb57939fbca;416;Réception (B.L. : 1100202693);1100202693;;FOURNISSEUR CENTRALE;;Pas de commande associée;O;07/01/2026 00:00;;07/01/2026 12:13;7.000
a770c570-d588-4023-86b7-72eeb270b9d9;371;Réception (B.L. : 1800334422);1800334422;;FOURNISSEUR CENTRALE;;Pas de commande associée;O;27/03/2026 00:00;;27/03/2026 12:19;363.000
a78dc968-73f3-48d4-8c29-c091a1095c41;371;Réception (B.L. : 1800326001);1800326001;;FOURNISSEUR CENTRALE;;Pas de commande associée;O;23/02/2026 00:00;;23/02/2026 17:11;5.000
a79c08f9-b202-4332-b00e-46b5e8710373;415;Réception (B.L. : 1700235869);1700235869;;FOURNISSEUR CENTRALE;;Pas de commande associée;O;01/04/2026 00:00;;01/04/2026 12:13;239.000
a7b698f5-56f9-46eb-9460-c359cdc9b432;412;Réception (B.L. : 1700220588);1700220588;;FOURNISSEUR CENTRALE;;Pas de commande associée;O;15/01/2026 00:00;;16/01/2026 12:15;303.000
a7bc7b10-49fb-4cc1-a604-82f3ae078613;416;Réception (B.L. : 1800329562);1800329562;;FOURNISSEUR CENTRALE;;Pas de commande associée;O;09/03/2026 00:00;;09/03/2026 12:19;455.800
a7fb7e2e-6376-4fd3-aab3-0e891c944436;412;Réception (B.L. : 1700222698);1700222698;;FOURNISSEUR CENTRALE;;Pas de commande associée;O;26/01/2026 00:00;;27/01/2026 12:05;1694.000
a80e69ad-857e-48e4-b7ea-bdbeffa08c75;416;Réception (B.L. : 1700218120);1700218120;;FOURNISSEUR CENTRALE;;Pas de commande associée;O;02/01/2026 00:00;;02/01/2026 17:07;1.000
a8430225-9a77-4c23-8091-8c02cbb2fe76;416;Réception (B.L. : 1700233066);1700233066;;FOURNISSEUR CENTRALE;;Pas de commande associée;O;18/03/2026 00:00;;18/03/2026 12:27;3.000
a85bb1bc-6d9b-49ef-ba4b-78d5d2a30d22;415;Réception (B.L. : 1700232358);1700232358;;FOURNISSEUR CENTRALE;;Pas de commande associée;O;13/03/2026 00:00;;13/03/2026 12:21;4.000
a883793b-6224-4d7e-8d9a-1e966be0a300;416;Réception (B.L. : 1100207519);1100207519;;FOURNISSEUR CENTRALE;;Pas de commande associée;O;11/02/2026 00:00;;10/02/2026 23:29;782.000
a89a9e61-a698-4034-a66f-f737a731c569;415;Réception (B.L. : 1800329052);1800329052;;FOURNISSEUR CENTRALE;;Pas de commande associée;O;06/03/2026 00:00;;06/03/2026 12:27;20.000
a8b70ad1-8379-46ef-9967-df4196ad77e0;415;Réception (B.L. : 1700229228);1700229228;;FOURNISSEUR CENTRALE;;Pas de commande associée;O;26/02/2026 00:00;;27/02/2026 12:16;279.000
a8ee4348-995c-4f16-9a01-b966469a786a;416;Réception (B.L. : 1700220198);1700220198;;FOURNISSEUR CENTRALE;;Pas de commande associée;O;14/01/2026 00:00;;14/01/2026 12:12;377.000
a94d20f7-de5c-4dab-88bf-fd536ae28f05;415;Réception (B.L. : 1700226520);1700226520;;FOURNISSEUR CENTRALE;;Pas de commande associée;O;13/02/2026 00:00;;13/02/2026 12:17;534.000
a94ef0a1-0fba-484a-9edc-5bd8e6f2465f;415;Réception (B.L. : 1700228784);1700228784;;FOURNISSEUR CENTRALE;;Pas de commande associée;O;24/02/2026 00:00;;24/02/2026 17:02;90.000
a95a7e7b-f6c0-4ed3-b299-2b22973bf0fa;415;Réception (B.L. : 1800315216);1800315216;;FOURNISSEUR CENTRALE;;Pas de commande associée;O;12/01/2026 00:00;;13/01/2026 03:18;10.000
a9f0784e-f32c-4a64-809c-3deb00768b27;371;Réception (B.L. : 1100212864);1100212864;;FOURNISSEUR CENTRALE;;Pas de commande associée;O;19/03/2026 00:00;;19/03/2026 17:10;162.000
aa08cd52-ab33-4d4f-bc14-2c2a4bdef023;412;Réception (B.L. : 1700231498);1700231498;;FOURNISSEUR CENTRALE;;Pas de commande associée;O;10/03/2026 00:00;;10/03/2026 12:22;144.000
aa08dbbd-121b-4b39-8c07-e94674b97b48;371;Réception (B.L. : 1700222135);1700222135;;FOURNISSEUR CENTRALE;;Pas de commande associée;O;22/01/2026 00:00;;23/01/2026 12:06;1191.000
aa39b94a-3c95-413c-8ebd-c32891245e4c;416;Réception (B.L. : 1100213769);1100213769;;FOURNISSEUR CENTRALE;;Pas de commande associée;O;25/03/2026 00:00;;25/03/2026 12:14;30.000
aa517830-9696-47a6-b750-2373741b2065;415;Réception (B.L. : 1700222456);1700222456;;FOURNISSEUR CENTRALE;;Pas de commande associée;O;26/01/2026 00:00;;26/01/2026 12:16;1397.000
aa5e5799-7ada-4193-9303-9ad8d5353424;416;Réception (B.L. : 1800319761);1800319761;;FOURNISSEUR CENTRALE;;Pas de commande associée;O;30/01/2026 00:00;;30/01/2026 12:24;25.000
aa7e6092-ea1f-4c5a-8215-f2366b2f0e4c;416;Réception (B.L. : 1100209956);1100209956;;FOURNISSEUR CENTRALE;;Pas de commande associée;O;28/02/2026 00:00;;28/02/2026 12:10;12.000
aa9ec886-50cd-488f-a09d-eff347648a4c;416;Réception (B.L. : 1100215301);1100215301;;FOURNISSEUR CENTRALE;;Pas de commande associée;O;02/04/2026 00:00;;02/04/2026 17:11;36.000
aaa5d6f8-2dff-48a5-b57d-af1d804fadfd;415;Réception (B.L. : 1700227298);1700227298;;FOURNISSEUR CENTRALE;;Pas de commande associée;O;18/02/2026 00:00;;18/02/2026 12:20;5.000
aaca3cfe-cfb0-46c3-9ecf-af7d1ee07785;412;Réception (B.L. : 1700233692);1700233692;;FOURNISSEUR CENTRALE;;Pas de commande associée;O;19/03/2026 00:00;;20/03/2026 12:17;148.000
aad9c9f6-821f-43bf-97cc-bc2ac0f8f35d;415;Réception (B.L. : 1700228806);1700228806;;FOURNISSEUR CENTRALE;;Pas de commande associée;O;25/02/2026 00:00;;25/02/2026 12:18;324.000
aadddb3b-646f-4bb5-92c8-563500c11281;416;Réception (B.L. : 1100210725);1100210725;;FOURNISSEUR CENTRALE;;Pas de commande associée;O;06/03/2026 00:00;;06/03/2026 12:11;1644.000
ab130c08-0c5c-4e43-b50b-7b672244c43b;371;Réception (B.L. : 1700227029);1700227029;;FOURNISSEUR CENTRALE;;Pas de commande associée;O;17/02/2026 00:00;;17/02/2026 12:10;3.000
ab20f965-b9f6-4811-a074-7b8514c444d0;412;Réception (B.L. : 1700235644);1700235644;;FOURNISSEUR CENTRALE;;Pas de commande associée;O;30/03/2026 00:00;;31/03/2026 12:17;423.000
abc54d30-2e06-4127-8bbc-ee6f0413eee8;415;Réception (B.L. : 1800321390);1800321390;;FOURNISSEUR CENTRALE;;Pas de commande associée;O;06/02/2026 00:00;;06/02/2026 12:28;10.000
ac199678-7119-4242-84d0-968fc3622785;415;Réception (B.L. : 1100213031);1100213031;;FOURNISSEUR CENTRALE;;Pas de commande associée;O;20/03/2026 00:00;;20/03/2026 12:13;4.000
ac2433b5-c1c9-41d8-bef8-f42ff8c2452f;416;Réception (B.L. : 1800314787);1800314787;;FOURNISSEUR CENTRALE;;Pas de commande associée;O;09/01/2026 00:00;;09/01/2026 12:21;6.923
ac613ae5-78cb-4d3a-a7ca-51359005009e;412;Réception (B.L. : 1700224083);1700224083;;FOURNISSEUR CENTRALE;;Pas de commande associée;O;03/02/2026 00:00;;03/02/2026 12:07;1868.000
ac62b6b2-761e-4926-99e5-01f49979a5ae;412;Réception (B.L. : 1100205278);1100205278;;FOURNISSEUR CENTRALE;;Pas de commande associée;O;26/01/2026 00:00;;26/01/2026 17:10;66.000
ac949f6c-421c-4b30-b55e-6e1e83dfcf56;412;Réception (B.L. : 1700229941);1700229941;;FOURNISSEUR CENTRALE;;Pas de commande associée;O;03/03/2026 00:00;;03/03/2026 12:19;86.000
acc634e3-b8be-468b-98e3-5985f4c47edb;416;Réception (B.L. : 1100210036);1100210036;;FOURNISSEUR CENTRALE;;Pas de commande associée;O;02/03/2026 00:00;;02/03/2026 12:13;5.000
ad131994-384d-4b0d-9d05-2938b77231fe;371;Réception (B.L. : 1800329530);1800329530;;FOURNISSEUR CENTRALE;;Pas de commande associée;O;09/03/2026 00:00;;09/03/2026 12:12;252.900
ad4b39a9-da48-44e3-a48b-5d92f926c320;416;Réception (B.L. : 1800313861);1800313861;;FOURNISSEUR CENTRALE;;Pas de commande associée;O;06/01/2026 00:00;;06/01/2026 12:04;15.000
ad65a484-6847-4be8-b158-d3a2d6ccd7f8;415;Réception (B.L. : 1700219319);1700219319;;FOURNISSEUR CENTRALE;;Pas de commande associée;O;09/01/2026 00:00;;09/01/2026 12:18;135.000
ad66f09d-bbbe-41b6-a15a-9e907fcfd763;415;Réception (B.L. : 1800325943);1800325943;;FOURNISSEUR CENTRALE;;Pas de commande associée;O;23/02/2026 00:00;;23/02/2026 12:21;400.000
adb4e2cf-8d44-4dca-aa04-0f225dc38574;415;Réception (B.L. : 1100214207);1100214207;;FOURNISSEUR CENTRALE;;Pas de commande associée;O;26/03/2026 00:00;;26/03/2026 17:11;24.000
adc92d22-a709-4d81-8ce8-cd4d0e81f12c;415;Réception (B.L. : 1800327824);1800327824;;FOURNISSEUR CENTRALE;;Pas de commande associée;O;02/03/2026 00:00;;02/03/2026 12:20;104.000
ade53adf-7b8c-4efd-9ed1-d037e5c634ed;415;Réception (B.L. : 1700230174);1700230174;;FOURNISSEUR CENTRALE;;Pas de commande associée;O;04/03/2026 00:00;;04/03/2026 12:18;1049.000
adf4a079-946f-4fc7-baa2-5b3329b74e57;371;Réception (B.L. : 1700229527);1700229527;;FOURNISSEUR CENTRALE;;Pas de commande associée;O;28/02/2026 00:00;;28/02/2026 12:11;100.000
ae30069a-a24d-452f-9558-23ccd2cd3808;415;Réception (B.L. : 1700231139);1700231139;;FOURNISSEUR CENTRALE;;Pas de commande associée;O;09/03/2026 00:00;;09/03/2026 12:12;322.000
ae334695-2df2-4296-9f40-df9d6c818f55;371;Réception (B.L. : 1800334999);1800334999;;FOURNISSEUR CENTRALE;;Pas de commande associée;O;30/03/2026 00:00;;30/03/2026 17:13;5.000
ae39cb7e-46ae-4338-ad34-931751c954dc;412;Réception (B.L. : 1800327816);1800327816;;FOURNISSEUR CENTRALE;;Pas de commande associée;O;02/03/2026 00:00;;02/03/2026 12:10;122.200
ae8e15a2-f494-4dca-bb01-7bd9590778e2;416;Réception (B.L. : 1100211753);1100211753;;FOURNISSEUR CENTRALE;;Pas de commande associée;O;13/03/2026 00:00;;13/03/2026 12:13;30.000
af0f3c80-e043-4f1d-9260-5eb0c5744762;416;Réception (B.L. : 1700235447);1700235447;;FOURNISSEUR CENTRALE;;Pas de commande associée;O;30/03/2026 00:00;;30/03/2026 12:15;3.000
af27adc7-df4d-4e53-9bb9-18d2575e27de;415;Réception (B.L. : 1700218321);1700218321;;FOURNISSEUR CENTRALE;;Pas de commande associée;O;05/01/2026 00:00;;05/01/2026 12:14;5.000
af349ef8-26d7-43c8-ba88-cb24a8519ae3;416;Réception (B.L. : 1700224949);1700224949;;FOURNISSEUR CENTRALE;;Pas de commande associée;O;06/02/2026 00:00;;06/02/2026 12:17;271.000
af3f66d1-ed0f-448e-8a09-c82b285831c7;416;Réception (B.L. : 1100214553);1100214553;;FOURNISSEUR CENTRALE;;Pas de commande associée;O;30/03/2026 00:00;;30/03/2026 12:11;532.000
af6859a0-9f1b-4186-9ec5-3bba6e67eef6;412;Réception (B.L. : 1700229913);1700229913;;FOURNISSEUR CENTRALE;;Pas de commande associée;O;03/03/2026 00:00;;03/03/2026 12:15;6.000
af88cafa-d683-4b34-8f32-878dde356254;416;Réception (B.L. : 1800324728);1800324728;;FOURNISSEUR CENTRALE;;Pas de commande associée;O;18/02/2026 00:00;;18/02/2026 12:29;715.000
afa15156-543d-495f-a2c2-828d35ed1c15;416;Réception (B.L. : 1100204884);1100204884;;FOURNISSEUR CENTRALE;;Pas de commande associée;O;23/01/2026 00:00;;23/01/2026 12:04;5.000
afa3f486-b089-4a30-a389-7a3c04bf19ff;416;Réception (B.L. : 1800323441);1800323441;;FOURNISSEUR CENTRALE;;Pas de commande associée;O;13/02/2026 00:00;;13/02/2026 12:15;20.000
afd9f946-b1c6-46c5-9a42-431ef625e583;416;Réception (B.L. : 1100206061);1100206061;;FOURNISSEUR CENTRALE;;Pas de commande associée;O;02/02/2026 00:00;;02/02/2026 12:13;3.000
aff1231f-3d47-4975-96e4-75dbb1c06a9a;371;Réception (B.L. : 1100204372);1100204372;;FOURNISSEUR CENTRALE;;Pas de commande associée;O;20/01/2026 00:00;;19/01/2026 23:30;472.000
b0005e8f-cc81-4a95-a963-4264ebb52ca5;415;Réception (B.L. : 1700234481);1700234481;;FOURNISSEUR CENTRALE;;Pas de commande associée;O;24/03/2026 00:00;;25/03/2026 12:20;6.000
b00f9b61-600b-40c1-8cc0-b133de4983f9;415;Réception (B.L. : 1100215300);1100215300;;FOURNISSEUR CENTRALE;;Pas de commande associée;O;02/04/2026 00:00;;02/04/2026 17:11;66.000
b046c298-6144-4c08-8966-d8e7b6d70f4e;415;Réception (B.L. : 1100203649);1100203649;;FOURNISSEUR CENTRALE;;Pas de commande associée;O;14/01/2026 00:00;;14/01/2026 12:10;5.000
b046fd27-cdc0-448e-b5a4-99e8982153d1;371;Réception (B.L. : 1700229325);1700229325;;FOURNISSEUR CENTRALE;;Pas de commande associée;O;27/02/2026 00:00;;27/02/2026 12:17;1.000
b05f8155-2792-4813-9123-20774af440a5;415;Réception (B.L. : 1100209221);1100209221;;FOURNISSEUR CENTRALE;;Pas de commande associée;O;23/02/2026 00:00;;23/02/2026 12:13;3.000
b09ddf3b-d936-4e3a-915c-fd26e8ba3b6d;415;Réception (B.L. : 1700224568);1700224568;;FOURNISSEUR CENTRALE;;Pas de commande associée;O;04/02/2026 00:00;;04/02/2026 23:21;8.000
b0bc9413-0b09-46c7-953c-c1f96d850e6d;415;Réception (B.L. : 1100202242);1100202242;;FOURNISSEUR CENTRALE;;Pas de commande associée;O;05/01/2026 00:00;;04/01/2026 23:09;724.000
b0cd51fb-a8ef-402a-bb86-d27bdb8a60e2;371;Réception (B.L. : 1800327383);1800327383;;FOURNISSEUR CENTRALE;;Pas de commande associée;O;27/02/2026 00:00;;27/02/2026 17:11;7.000
b0d5186d-6e59-43e9-9e4b-22191db79dcc;412;Réception (B.L. : 1100208886);1100208886;;FOURNISSEUR CENTRALE;;Pas de commande associée;O;20/02/2026 00:00;;20/02/2026 12:13;60.000
b0ea5082-feb1-4fcf-8f0e-6e81c85ed262;412;Réception (B.L. : 1100207873);1100207873;;FOURNISSEUR CENTRALE;;Pas de commande associée;O;12/02/2026 00:00;;12/02/2026 17:10;48.000
b0f8f257-e378-4fcb-8023-090315c28697;371;Réception (B.L. : 1700231908);1700231908;;FOURNISSEUR CENTRALE;;Pas de commande associée;O;11/03/2026 00:00;;11/03/2026 12:10;140.000
b0fe3aa2-d8aa-4424-a3c8-c8e198e02f65;416;Réception (B.L. : 1700232997);1700232997;;FOURNISSEUR CENTRALE;;Pas de commande associée;O;17/03/2026 00:00;;18/03/2026 12:25;1000.000
b1309791-843b-4bc2-a1e9-16e25ebc532e;416;Réception (B.L. : 1100204516);1100204516;;FOURNISSEUR CENTRALE;;Pas de commande associée;O;21/01/2026 00:00;;21/01/2026 12:10;722.000
b14fc47f-8c63-4d07-b9f4-5d10507f612e;371;Réception (B.L. : 1100206197);1100206197;;FOURNISSEUR CENTRALE;;Pas de commande associée;O;03/02/2026 00:00;;03/02/2026 12:03;114.000
b1cf6778-0e1d-4c27-a91f-6676ab3b56a4;416;Réception (B.L. : 1700222982);1700222982;;FOURNISSEUR CENTRALE;;Pas de commande associée;O;28/01/2026 00:00;;28/01/2026 12:15;760.000
b1cfa294-7857-4d34-8c05-bc8701f05a99;371;Réception (B.L. : 1700221309);1700221309;;FOURNISSEUR CENTRALE;;Pas de commande associée;O;20/01/2026 00:00;;20/01/2026 12:02;329.000
b2154f46-e4f8-4c46-b012-42e1867db29b;416;Réception (B.L. : 1700224951);1700224951;;FOURNISSEUR CENTRALE;;Pas de commande associée;O;06/02/2026 00:00;;06/02/2026 12:19;37.000
b218ffb1-b57e-4a85-9476-b90d187342d9;415;Réception (B.L. : 1800324792);1800324792;;FOURNISSEUR CENTRALE;;Pas de commande associée;O;18/02/2026 00:00;;18/02/2026 12:25;4.000
b2256b88-f673-42c4-b825-03b0d9fb3780;416;Réception (B.L. : 1800315821);1800315821;;FOURNISSEUR CENTRALE;;Pas de commande associée;O;14/01/2026 00:00;;14/01/2026 12:21;202.400
b27b3b70-fc72-4866-811f-29555fb42933;416;Réception (B.L. : 1800324334);1800324334;;FOURNISSEUR CENTRALE;;Pas de commande associée;O;17/02/2026 00:00;;17/02/2026 12:10;297.000
b29d8cbc-033e-4d85-9ba1-278fcbac9b31;415;Réception (B.L. : 1700231782);1700231782;;FOURNISSEUR CENTRALE;;Pas de commande associée;O;11/03/2026 00:00;;11/03/2026 12:20;1616.000
b2b43e7b-b734-489c-b7a8-32fa440822c5;416;Réception (B.L. : 1700219735);1700219735;;FOURNISSEUR CENTRALE;;Pas de commande associée;O;12/01/2026 00:00;;12/01/2026 12:17;16.000
b2c0a925-e19e-42e0-a425-4a6f5787b6be;415;Réception (B.L. : 1100202695);1100202695;;FOURNISSEUR CENTRALE;;Pas de commande associée;O;07/01/2026 00:00;;07/01/2026 12:13;6.000
b2cf314e-339b-4e64-8085-5a52fc400945;416;Réception (B.L. : 1700224948);1700224948;;FOURNISSEUR CENTRALE;;Pas de commande associée;O;06/02/2026 00:00;;06/02/2026 12:16;280.000
b2f1a089-5386-4044-9c3f-6b0f7740f68b;416;Réception (B.L. : 1100207903);1100207903;;FOURNISSEUR CENTRALE;;Pas de commande associée;O;13/02/2026 00:00;;13/02/2026 12:11;90.000
b31743aa-a227-459d-937f-a00d87ca5c2e;416;Réception (B.L. : 1700227789);1700227789;;FOURNISSEUR CENTRALE;;Pas de commande associée;O;19/02/2026 00:00;;20/02/2026 12:16;404.000
b341da55-c2e6-4db2-982a-a9de58a1216d;416;Réception (B.L. : 1700227664);1700227664;;FOURNISSEUR CENTRALE;;Pas de commande associée;O;19/02/2026 00:00;;19/02/2026 12:10;12.000
b34a6b62-e558-4594-b52a-e353c9c98272;412;Réception (B.L. : 1700233690);1700233690;;FOURNISSEUR CENTRALE;;Pas de commande associée;O;19/03/2026 00:00;;20/03/2026 12:15;48.000
b36d11c6-1ea1-45c8-ad48-39f0526d15f0;416;Réception (B.L. : 1800318606);1800318606;;FOURNISSEUR CENTRALE;;Pas de commande associée;O;26/01/2026 00:00;;26/01/2026 17:12;181.000
b405ff77-a43d-467e-92fa-7959a06565cc;415;Réception (B.L. : 1100208117);1100208117;;FOURNISSEUR CENTRALE;;Pas de commande associée;O;16/02/2026 00:00;;16/02/2026 12:13;6.000
b40777a5-8f86-479e-a82d-b40a2e5f045a;412;Réception (B.L. : 1700229942);1700229942;;FOURNISSEUR CENTRALE;;Pas de commande associée;O;03/03/2026 00:00;;03/03/2026 12:20;4345.000
b43d30b4-9641-4421-b497-81c3d348b8cf;415;Réception (B.L. : 1800323439);1800323439;;FOURNISSEUR CENTRALE;;Pas de commande associée;O;13/02/2026 00:00;;13/02/2026 12:29;7.000
b4455994-4633-400e-8b47-f2f821ea3fb4;415;Réception (B.L. : 1700229232);1700229232;;FOURNISSEUR CENTRALE;;Pas de commande associée;O;26/02/2026 00:00;;27/02/2026 12:20;1.000
b4470587-eaff-4de5-9f02-3b647d633726;415;Réception (B.L. : 1700226521);1700226521;;FOURNISSEUR CENTRALE;;Pas de commande associée;O;13/02/2026 00:00;;13/02/2026 12:18;418.000
b44d7401-6bcf-4fb0-b06e-65e2b90d0e67;415;Réception (B.L. : 1700227199);1700227199;;FOURNISSEUR CENTRALE;;Pas de commande associée;O;17/02/2026 00:00;;18/02/2026 12:19;6.000
b4ae6db9-f204-4f24-897d-6915b1132fcc;415;Réception (B.L. : 1200107322);1200107322;;FOURNISSEUR CENTRALE;;Pas de commande associée;O;27/03/2026 00:00;;27/03/2026 12:11;6.000
b4c314c9-f107-4cd9-9137-f0c920a87553;415;Réception (B.L. : 1800327876);1800327876;;FOURNISSEUR CENTRALE;;Pas de commande associée;O;02/03/2026 00:00;;02/03/2026 17:11;19.000
b4d121c8-5e13-47a8-b365-6fb18c202214;412;Réception (B.L. : 1800316454);1800316454;;FOURNISSEUR CENTRALE;;Pas de commande associée;O;15/01/2026 00:00;;16/01/2026 12:19;166.000
b4ea5222-da1f-421e-b46c-4dbe98b18c05;415;Réception (B.L. : 1700232173);1700232173;;FOURNISSEUR CENTRALE;;Pas de commande associée;O;13/03/2026 00:00;;13/03/2026 12:17;225.000
b4f06987-35a8-4d2c-9c23-d46f38e5dd9e;412;Réception (B.L. : 1700234274);1700234274;;FOURNISSEUR CENTRALE;;Pas de commande associée;O;24/03/2026 00:00;;24/03/2026 12:15;300.000
b58b53dd-d228-4d31-ad7a-652f8774f8b2;416;Réception (B.L. : 1700229193);1700229193;;FOURNISSEUR CENTRALE;;Pas de commande associée;O;26/02/2026 00:00;;27/02/2026 12:17;726.000
b5cab566-2d4b-4d41-b69d-200a5d4258a3;416;Réception (B.L. : 1700231289);1700231289;;FOURNISSEUR CENTRALE;;Pas de commande associée;O;09/03/2026 00:00;;09/03/2026 12:16;543.000
b5e79f08-7d15-41a4-a90b-63904080a490;412;Réception (B.L. : 1700235098);1700235098;;FOURNISSEUR CENTRALE;;Pas de commande associée;O;27/03/2026 00:00;;27/03/2026 12:16;332.000
b5f5cf6f-0d69-4686-8030-3d1520665dad;415;Réception (B.L. : 1200105148);1200105148;;FOURNISSEUR CENTRALE;;Pas de commande associée;O;24/02/2026 00:00;;24/02/2026 17:01;1.000
b5fbe7b2-c98a-4f66-97da-dbb2c980b403;415;Réception (B.L. : 1800314782);1800314782;;FOURNISSEUR CENTRALE;;Pas de commande associée;O;09/01/2026 00:00;;09/01/2026 12:19;576.600
b611128f-8b36-407a-8eb3-136d0953afa7;416;Réception (B.L. : 1700229195);1700229195;;FOURNISSEUR CENTRALE;;Pas de commande associée;O;26/02/2026 00:00;;27/02/2026 12:19;80.000
b62c3457-4664-4e67-b476-e6c22165c5fd;416;Réception (B.L. : 1100211389);1100211389;;FOURNISSEUR CENTRALE;;Pas de commande associée;O;11/03/2026 00:00;;11/03/2026 12:10;1989.000
b63266d2-c5f0-474c-81aa-efb0636b59d4;412;Réception (B.L. : 1800325337);1800325337;;FOURNISSEUR CENTRALE;;Pas de commande associée;O;19/02/2026 00:00;;20/02/2026 12:22;370.000
b6785c94-75c5-4822-b63e-fdc51b38f53c;371;Réception (B.L. : 1800328400);1800328400;;FOURNISSEUR CENTRALE;;Pas de commande associée;O;04/03/2026 00:00;;04/03/2026 12:10;187.900
b6879e75-9446-4a50-ac47-4fca547898b2;416;Réception (B.L. : 1700218591);1700218591;;FOURNISSEUR CENTRALE;;Pas de commande associée;O;06/01/2026 00:00;;06/01/2026 12:01;254.000
b69f99e7-c94d-4838-ad84-7e2a0171df48;415;Réception (B.L. : 1200106668);1200106668;;FOURNISSEUR CENTRALE;;Pas de commande associée;O;18/03/2026 00:00;;18/03/2026 12:10;1.000
b6a50d89-7bea-405e-87a2-5e80d39b279a;415;Réception (B.L. : 1800331483);1800331483;;FOURNISSEUR CENTRALE;;Pas de commande associée;O;16/03/2026 00:00;;16/03/2026 12:26;24.000
b6e79aa0-d67f-43fc-8b9c-9ecd8a3dafda;416;Réception (B.L. : 1100209973);1100209973;;FOURNISSEUR CENTRALE;;Pas de commande associée;O;02/03/2026 00:00;;02/03/2026 12:12;1899.000
b6fbc0bc-e389-44df-ba28-304d82b85689;416;Réception (B.L. : 1800333262);1800333262;;FOURNISSEUR CENTRALE;;Pas de commande associée;O;22/03/2026 00:00;;23/03/2026 12:20;221.600
b702e8c8-9c80-4454-9005-cb652119307f;416;Réception (B.L. : 1100210727);1100210727;;FOURNISSEUR CENTRALE;;Pas de commande associée;O;06/03/2026 00:00;;06/03/2026 12:13;36.000
b712a297-6012-46a5-afd5-b259731c0e71;416;Réception (B.L. : 1700231706);1700231706;;FOURNISSEUR CENTRALE;;Pas de commande associée;O;11/03/2026 00:00;;11/03/2026 12:14;588.000
b71b1094-c418-48f7-bebc-d436e59e07dd;415;Réception (B.L. : 1700234478);1700234478;;FOURNISSEUR CENTRALE;;Pas de commande associée;O;24/03/2026 00:00;;25/03/2026 12:17;36.000
b76936a4-fb90-4c74-ae98-4dcea8d96923;416;Réception (B.L. : 1700223398);1700223398;;FOURNISSEUR CENTRALE;;Pas de commande associée;O;29/01/2026 00:00;;30/01/2026 12:17;1311.000
b78dcf26-aaeb-4d10-9bf2-d06d28bda3de;371;Réception (B.L. : 1200107026);1200107026;;FOURNISSEUR CENTRALE;;Pas de commande associée;O;24/03/2026 00:00;;24/03/2026 12:10;8.000
b7f29965-13b9-41bb-8268-67aacac84aa5;415;Réception (B.L. : 1700228935);1700228935;;FOURNISSEUR CENTRALE;;Pas de commande associée;O;25/02/2026 00:00;;25/02/2026 12:20;4.000
b7f3a1f1-80b3-4037-a6c7-aecf2b3c2df0;416;Réception (B.L. : 1700235876);1700235876;;FOURNISSEUR CENTRALE;;Pas de commande associée;O;01/04/2026 00:00;;01/04/2026 12:19;36.000
b838c719-4668-4141-8b91-36a6e79325c6;412;Réception (B.L. : 1700235645);1700235645;;FOURNISSEUR CENTRALE;;Pas de commande associée;O;30/03/2026 00:00;;31/03/2026 12:18;3.000
b83f0d63-952f-430f-aa02-d4106333e191;415;Réception (B.L. : 1800333256);1800333256;;FOURNISSEUR CENTRALE;;Pas de commande associée;O;22/03/2026 00:00;;23/03/2026 12:20;273.469
b8511038-c81b-45c5-a62e-6afb9f61c7ac;412;Réception (B.L. : 1100213479);1100213479;;FOURNISSEUR CENTRALE;;Pas de commande associée;O;23/03/2026 00:00;;23/03/2026 17:11;8.000
b857c941-49bd-47e3-980b-afda9fc7bd16;415;Réception (B.L. : 1800316463);1800316463;;FOURNISSEUR CENTRALE;;Pas de commande associée;O;15/01/2026 00:00;;16/01/2026 12:24;195.000
b8b627e8-36e3-414a-9484-8bf99036b16d;415;Réception (B.L. : 1100212399);1100212399;;FOURNISSEUR CENTRALE;;Pas de commande associée;O;18/03/2026 00:00;;18/03/2026 12:12;1464.000
b8d52358-b591-49b1-a298-3440342f4fff;415;Réception (B.L. : 1100205101);1100205101;;FOURNISSEUR CENTRALE;;Pas de commande associée;O;26/01/2026 00:00;;25/01/2026 23:09;288.000
b8e38f7e-7b89-401a-803a-f3cce215ca3d;371;Réception (B.L. : 1800328624);1800328624;;FOURNISSEUR CENTRALE;;Pas de commande associée;O;05/03/2026 00:00;;05/03/2026 12:11;1.000
b8f71b8d-5d78-4f6d-a4d5-864f4bb84a66;416;Réception (B.L. : 1700222421);1700222421;;FOURNISSEUR CENTRALE;;Pas de commande associée;O;26/01/2026 00:00;;26/01/2026 12:15;6.000
b932daec-2969-48e1-9193-71d2cbd0334a;371;Réception (B.L. : 1800334423);1800334423;;FOURNISSEUR CENTRALE;;Pas de commande associée;O;27/03/2026 00:00;;27/03/2026 12:20;10.256
b947c006-e243-440a-bdc8-6f651a98dc2d;412;Réception (B.L. : 1700230903);1700230903;;FOURNISSEUR CENTRALE;;Pas de commande associée;O;06/03/2026 00:00;;06/03/2026 12:17;770.000
b94b0bba-abf9-4fb2-b523-252878e308ac;371;Réception (B.L. : 1800319698);1800319698;;FOURNISSEUR CENTRALE;;Pas de commande associée;O;30/01/2026 00:00;;30/01/2026 12:07;25.000
b95c5f44-1d98-4026-adda-2e1b5b6bb450;415;Réception (B.L. : 1100207117);1100207117;;FOURNISSEUR CENTRALE;;Pas de commande associée;O;09/02/2026 00:00;;09/02/2026 12:11;1200.000
ba06766e-2d1a-4dc4-93b1-6d8263088646;416;Réception (B.L. : 1100204843);1100204843;;FOURNISSEUR CENTRALE;;Pas de commande associée;O;23/01/2026 00:00;;23/01/2026 12:02;1648.000
ba15129c-445c-48af-9c10-f593f4826585;416;Réception (B.L. : 1700218103);1700218103;;FOURNISSEUR CENTRALE;;Pas de commande associée;O;02/01/2026 00:00;;02/01/2026 17:04;324.000
ba485e09-4b8e-4398-9eeb-cdead94a1a01;416;Réception (B.L. : 1100205823);1100205823;;FOURNISSEUR CENTRALE;;Pas de commande associée;O;30/01/2026 00:00;;30/01/2026 12:13;84.000
ba6033b7-e3fb-4e5d-8e5b-cbb713859dac;371;Réception (B.L. : 1700223447);1700223447;;FOURNISSEUR CENTRALE;;Pas de commande associée;O;30/01/2026 00:00;;30/01/2026 12:03;227.000
ba631ae6-749b-472a-87f8-adb06c9e2902;416;Réception (B.L. : 1800322558);1800322558;;FOURNISSEUR CENTRALE;;Pas de commande associée;O;10/02/2026 00:00;;10/02/2026 17:12;4.500
ba67ecec-3c85-416e-8727-03787f78c228;416;Réception (B.L. : 1700225788);1700225788;;FOURNISSEUR CENTRALE;;Pas de commande associée;O;11/02/2026 00:00;;11/02/2026 12:13;1198.000
ba69c2f2-f34e-480a-b5cf-a9b0258df159;371;Réception (B.L. : 1100211735);1100211735;;FOURNISSEUR CENTRALE;;Pas de commande associée;O;13/03/2026 00:00;;13/03/2026 12:11;472.000
bab0957c-0523-47c2-99bb-934a9757a779;416;Réception (B.L. : 1700234483);1700234483;;FOURNISSEUR CENTRALE;;Pas de commande associée;O;24/03/2026 00:00;;25/03/2026 12:17;221.000
bac3b998-0270-41a1-bde1-d2e875345926;416;Réception (B.L. : 1800318609);1800318609;;FOURNISSEUR CENTRALE;;Pas de commande associée;O;26/01/2026 00:00;;26/01/2026 17:15;108.000
bac66544-76ac-4916-b00a-cb5ef8336a9a;371;Réception (B.L. : 1700232241);1700232241;;FOURNISSEUR CENTRALE;;Pas de commande associée;O;13/03/2026 00:00;;13/03/2026 12:20;1500.000
bac809b2-2532-46fb-994a-68e2cb62897c;416;Réception (B.L. : 1800320842);1800320842;;FOURNISSEUR CENTRALE;;Pas de commande associée;O;04/02/2026 00:00;;04/02/2026 12:20;105.000
bae259dc-bc26-49eb-8c7b-1dfcde118ef6;412;Réception (B.L. : 1700223364);1700223364;;FOURNISSEUR CENTRALE;;Pas de commande associée;O;29/01/2026 00:00;;30/01/2026 12:05;337.000
baeaab88-f803-4313-b8dc-dde39bc5eb0f;415;Réception (B.L. : 1800318165);1800318165;;FOURNISSEUR CENTRALE;;Pas de commande associée;O;23/01/2026 00:00;;23/01/2026 12:16;919.400
bb0531ae-be62-4244-af20-b01ad581cb43;371;Réception (B.L. : 1800334421);1800334421;;FOURNISSEUR CENTRALE;;Pas de commande associée;O;27/03/2026 00:00;;27/03/2026 12:18;200.000
bb46e66c-6b9e-450b-999d-8e4f544d8c2c;415;Réception (B.L. : 1100206392);1100206392;;FOURNISSEUR CENTRALE;;Pas de commande associée;O;04/02/2026 00:00;;04/02/2026 12:10;960.000
bb5a8df3-44e0-48d4-abbd-649d075d8ee3;371;Réception (B.L. : 1800318666);1800318666;;FOURNISSEUR CENTRALE;;Pas de commande associée;O;26/01/2026 00:00;;26/01/2026 17:14;9.000
bb811169-9392-4417-a0e4-fb577d1598f1;416;Réception (B.L. : 1100202639);1100202639;;FOURNISSEUR CENTRALE;;Pas de commande associée;O;07/01/2026 00:00;;07/01/2026 12:11;3500.000
bbb29fa5-5f1c-413c-ab02-6be6b44233a9;415;Réception (B.L. : 1100212082);1100212082;;FOURNISSEUR CENTRALE;;Pas de commande associée;O;16/03/2026 00:00;;16/03/2026 12:13;36.000
bbcf1cf9-9e71-4ebe-bfa6-d925dd2637bb;412;Réception (B.L. : 1100208837);1100208837;;FOURNISSEUR CENTRALE;;Pas de commande associée;O;19/02/2026 00:00;;19/02/2026 17:10;24.000
bbdd29e4-198f-4ab3-92f5-7b8d54dc9c31;416;Réception (B.L. : 1800330870);1800330870;;FOURNISSEUR CENTRALE;;Pas de commande associée;O;13/03/2026 00:00;;13/03/2026 12:25;38.000
bbdfa529-bfdd-4af5-ba06-4f3087461d99;416;Réception (B.L. : 1800315838);1800315838;;FOURNISSEUR CENTRALE;;Pas de commande associée;O;14/01/2026 00:00;;14/01/2026 12:23;12.000
bc24117c-bf6c-418f-9345-3630c73d7302;371;Réception (B.L. : 1800323986);1800323986;;FOURNISSEUR CENTRALE;;Pas de commande associée;O;16/02/2026 00:00;;16/02/2026 12:12;3.000
bc564cc9-f544-46fe-af74-e1c57aec455e;416;Réception (B.L. : 1100214848);1100214848;;FOURNISSEUR CENTRALE;;Pas de commande associée;O;31/03/2026 00:00;;31/03/2026 17:11;6.000
bc5a687f-0a2d-4504-9fca-cec5b3883602;415;Réception (B.L. : 1100213273);1100213273;;FOURNISSEUR CENTRALE;;Pas de commande associée;O;23/03/2026 00:00;;23/03/2026 12:13;5.000
bc6fb163-bc97-4a3e-8b95-ab28ab1d8d1f;415;Réception (B.L. : 1100206026);1100206026;;FOURNISSEUR CENTRALE;;Pas de commande associée;O;02/02/2026 00:00;;02/02/2026 12:13;12.000
bc75a822-ac53-4deb-8b4d-033ded726a64;415;Réception (B.L. : 1100209132);1100209132;;FOURNISSEUR CENTRALE;;Pas de commande associée;O;23/02/2026 00:00;;22/02/2026 23:21;12.000
bc8c5a25-aee5-4e1c-b7d2-43afeef4c96b;415;Réception (B.L. : 1200105904);1200105904;;FOURNISSEUR CENTRALE;;Pas de commande associée;O;06/03/2026 00:00;;06/03/2026 12:11;52.000
bc985604-8912-48fc-b66e-23bf8f00e070;415;Réception (B.L. : 1200107349);1200107349;;FOURNISSEUR CENTRALE;;Pas de commande associée;O;27/03/2026 00:00;;27/03/2026 12:13;150.000
bc9dbb0c-206c-4ea5-a562-1354086839d6;371;Réception (B.L. : 1700222134);1700222134;;FOURNISSEUR CENTRALE;;Pas de commande associée;O;22/01/2026 00:00;;23/01/2026 12:05;1425.000
bcc0575b-ad66-4bac-baca-887f8e248775;415;Réception (B.L. : 1100209756);1100209756;;FOURNISSEUR CENTRALE;;Pas de commande associée;O;26/02/2026 00:00;;27/02/2026 07:41;12.000
bcf0f68b-0ffc-4052-a999-b478feebb3ba;415;Réception (B.L. : 1700222455);1700222455;;FOURNISSEUR CENTRALE;;Pas de commande associée;O;26/01/2026 00:00;;26/01/2026 12:15;16.000
bcffc0f7-762a-4846-b447-175dbd1990ee;371;Réception (B.L. : 1700225560);1700225560;;FOURNISSEUR CENTRALE;;Pas de commande associée;O;10/02/2026 00:00;;10/02/2026 12:14;118.000
bd069578-07b2-4483-b7b8-9576259e8cad;371;Réception (B.L. : 1700234263);1700234263;;FOURNISSEUR CENTRALE;;Pas de commande associée;O;23/03/2026 00:00;;24/03/2026 12:17;496.000
bd176c0e-66d9-4ae7-ad51-cfaf0132f6ca;416;Réception (B.L. : 1800322897);1800322897;;FOURNISSEUR CENTRALE;;Pas de commande associée;O;11/02/2026 00:00;;11/02/2026 12:24;23.000
bd447743-f944-414e-aba0-0eee5af84e8d;416;Réception (B.L. : 1700227291);1700227291;;FOURNISSEUR CENTRALE;;Pas de commande associée;O;18/02/2026 00:00;;18/02/2026 12:25;4.000
bd71b49a-35af-469b-a7af-5b773a22855e;416;Réception (B.L. : 1800321363);1800321363;;FOURNISSEUR CENTRALE;;Pas de commande associée;O;06/02/2026 00:00;;06/02/2026 12:25;20.000
bd73b04a-b691-4764-ac69-a4f11efc834e;412;Réception (B.L. : 1700232199);1700232199;;FOURNISSEUR CENTRALE;;Pas de commande associée;O;13/03/2026 00:00;;13/03/2026 12:15;163.000
bd895818-5351-462d-8cdf-35a1966e2ccb;371;Réception (B.L. : 1200104088);1200104088;;FOURNISSEUR CENTRALE;;Pas de commande associée;O;12/02/2026 00:00;;12/02/2026 12:12;40.000
be0505fe-0718-4a01-bf7c-1fde1fbec5ad;371;Réception (B.L. : 1800329596);1800329596;;FOURNISSEUR CENTRALE;;Pas de commande associée;O;09/03/2026 00:00;;09/03/2026 12:13;5.000
be1ab497-1c02-47b6-aa7d-050c0aa2a611;416;Réception (B.L. : 1800317556);1800317556;;FOURNISSEUR CENTRALE;;Pas de commande associée;O;21/01/2026 00:00;;21/01/2026 12:20;24.000
be287f2f-c4ec-425e-ba6c-3cbf17f9edcc;415;Réception (B.L. : 1700230907);1700230907;;FOURNISSEUR CENTRALE;;Pas de commande associée;O;06/03/2026 00:00;;06/03/2026 12:17;837.000
be2bbbc5-3cb5-4568-8a1d-d55eca1f9bd2;412;Réception (B.L. : 1700232809);1700232809;;FOURNISSEUR CENTRALE;;Pas de commande associée;O;17/03/2026 00:00;;17/03/2026 12:19;881.000
be59db94-852a-42da-ae0b-764c7a57afb7;412;Réception (B.L. : 1100206824);1100206824;;FOURNISSEUR CENTRALE;;Pas de commande associée;O;06/02/2026 00:00;;06/02/2026 12:12;828.000
bea71b85-e332-418b-bd31-b63faf6170be;415;Réception (B.L. : 1200105911);1200105911;;FOURNISSEUR CENTRALE;;Pas de commande associée;O;06/03/2026 00:00;;06/03/2026 12:12;10.000
bef090c4-4a43-4ac8-b0c5-93fd2c91e404;371;Réception (B.L. : 1800324681);1800324681;;FOURNISSEUR CENTRALE;;Pas de commande associée;O;18/02/2026 00:00;;18/02/2026 12:11;253.200
bf050e0c-d1d3-4645-9b25-585f7793246e;412;Réception (B.L. : 1700222360);1700222360;;FOURNISSEUR CENTRALE;;Pas de commande associée;O;23/01/2026 00:00;;23/01/2026 12:10;5.000
bf13c087-1e31-4447-8a36-96f252b3b2be;371;Réception (B.L. : 1700235628);1700235628;;FOURNISSEUR CENTRALE;;Pas de commande associée;O;30/03/2026 00:00;;31/03/2026 12:12;395.000
bf9a9869-304d-4c83-84e8-327b46307d6a;415;Réception (B.L. : 1700232537);1700232537;;FOURNISSEUR CENTRALE;;Pas de commande associée;O;15/03/2026 00:00;;16/03/2026 12:19;3.000
bfc2e53f-385b-4c21-a16b-b550419a1cba;412;Réception (B.L. : 1100214216);1100214216;;FOURNISSEUR CENTRALE;;Pas de commande associée;O;27/03/2026 00:00;;26/03/2026 23:30;302.000
bfc4eaaa-e575-4f28-a5c5-8122b642b5b7;415;Réception (B.L. : 1100209529);1100209529;;FOURNISSEUR CENTRALE;;Pas de commande associée;O;25/02/2026 00:00;;25/02/2026 12:13;48.000
bfcf6faf-74af-4c31-913a-06f6d01dc6e7;416;Réception (B.L. : 1100206375);1100206375;;FOURNISSEUR CENTRALE;;Pas de commande associée;O;04/02/2026 00:00;;03/02/2026 23:33;426.000
c00ef146-0b68-4226-ab05-5fce139d585c;415;Réception (B.L. : 1800318613);1800318613;;FOURNISSEUR CENTRALE;;Pas de commande associée;O;26/01/2026 00:00;;26/01/2026 17:11;6.626
c025b11d-265e-4376-b923-bb2b4f71fed3;415;Réception (B.L. : 1700235867);1700235867;;FOURNISSEUR CENTRALE;;Pas de commande associée;O;01/04/2026 00:00;;01/04/2026 12:11;478.000
c03919f9-0dd4-488f-b1d1-e000dcb765ae;416;Réception (B.L. : 1700221598);1700221598;;FOURNISSEUR CENTRALE;;Pas de commande associée;O;20/01/2026 00:00;;21/01/2026 12:16;184.000
c0462ffe-e9de-4fa6-8efa-e1bc1a80b50f;416;Réception (B.L. : 1700235484);1700235484;;FOURNISSEUR CENTRALE;;Pas de commande associée;O;30/03/2026 00:00;;30/03/2026 12:20;15.000
c08fe6c2-ac10-4138-9160-d42268418cfe;416;Réception (B.L. : 1800328424);1800328424;;FOURNISSEUR CENTRALE;;Pas de commande associée;O;04/03/2026 00:00;;04/03/2026 12:21;1924.000
c0bf3076-bfa9-4d36-a996-37234308996b;415;Réception (B.L. : 1800324750);1800324750;;FOURNISSEUR CENTRALE;;Pas de commande associée;O;18/02/2026 00:00;;18/02/2026 12:24;7.000
c0cb2c1d-16ee-4e1b-ac2f-5425a68efd4b;415;Réception (B.L. : 1200104199);1200104199;;FOURNISSEUR CENTRALE;;Pas de commande associée;O;13/02/2026 00:00;;13/02/2026 12:11;10.000
c0dc9552-6b75-4434-94eb-51a2be1ba74b;415;Réception (B.L. : 1100205820);1100205820;;FOURNISSEUR CENTRALE;;Pas de commande associée;O;30/01/2026 00:00;;30/01/2026 12:13;90.000
c0f42a00-537b-4dc2-a9e7-83049954f429;416;Réception (B.L. : 1700230269);1700230269;;FOURNISSEUR CENTRALE;;Pas de commande associée;O;04/03/2026 00:00;;04/03/2026 12:14;5.000
c16b5d5d-7687-4dc5-b8db-14667e44be3d;371;Réception (B.L. : 1800326648);1800326648;;FOURNISSEUR CENTRALE;;Pas de commande associée;O;25/02/2026 00:00;;25/02/2026 17:10;11.000
c18e0dfa-c478-49c6-bb76-91c7a70e3156;415;Réception (B.L. : 1800327325);1800327325;;FOURNISSEUR CENTRALE;;Pas de commande associée;O;26/02/2026 00:00;;27/02/2026 12:23;10.000
c1b8edb0-2796-4dc4-bc57-76d3cd797067;416;Réception (B.L. : 1700226700);1700226700;;FOURNISSEUR CENTRALE;;Pas de commande associée;O;15/02/2026 00:00;;16/02/2026 12:16;520.000
c1d54b89-e994-40b7-a29d-9c365254fe02;412;Réception (B.L. : 1700222699);1700222699;;FOURNISSEUR CENTRALE;;Pas de commande associée;O;26/01/2026 00:00;;27/01/2026 12:06;339.000
c2187529-7733-4198-980b-8417413f0805;416;Réception (B.L. : 1700222979);1700222979;;FOURNISSEUR CENTRALE;;Pas de commande associée;O;28/01/2026 00:00;;28/01/2026 12:12;192.000
c2231558-a8c5-4eff-8735-c87eb86c32d5;415;Réception (B.L. : 1700219228);1700219228;;FOURNISSEUR CENTRALE;;Pas de commande associée;O;08/01/2026 00:00;;08/01/2026 12:16;5.000
c23d494b-243b-4ea0-85ba-5b1c853a03df;371;Réception (B.L. : 1800325436);1800325436;;FOURNISSEUR CENTRALE;;Pas de commande associée;O;20/02/2026 00:00;;20/02/2026 17:01;7.000
c2411241-3b91-4e31-bb6c-e5e1a2dfb3bd;416;Réception (B.L. : 1100205106);1100205106;;FOURNISSEUR CENTRALE;;Pas de commande associée;O;26/01/2026 00:00;;25/01/2026 23:11;108.000
c2423184-03b8-4127-a007-c6635b44a1ea;415;Réception (B.L. : 1100213728);1100213728;;FOURNISSEUR CENTRALE;;Pas de commande associée;O;24/03/2026 00:00;;24/03/2026 17:10;36.000
c24b029e-83b5-42a1-8398-d11aa6bf8032;416;Réception (B.L. : 1100202286);1100202286;;FOURNISSEUR CENTRALE;;Pas de commande associée;O;05/01/2026 00:00;;05/01/2026 12:10;2.000
c2528467-ab11-42ca-9c0d-1a70061fbda3;416;Réception (B.L. : 1700225297);1700225297;;FOURNISSEUR CENTRALE;;Pas de commande associée;O;09/02/2026 00:00;;09/02/2026 12:14;150.000
c291c706-e7cb-4664-9037-fa8b354fc77f;371;Réception (B.L. : 1700224080);1700224080;;FOURNISSEUR CENTRALE;;Pas de commande associée;O;03/02/2026 00:00;;03/02/2026 12:10;1310.000
c2d9a648-98bd-47ba-80cc-9fb4f80e20e6;416;Réception (B.L. : 1800332146);1800332146;;FOURNISSEUR CENTRALE;;Pas de commande associée;O;18/03/2026 00:00;;18/03/2026 12:32;17.000
c2da51a2-49ab-4394-9fc5-48c9bf32dbb4;415;Réception (B.L. : 1700226526);1700226526;;FOURNISSEUR CENTRALE;;Pas de commande associée;O;13/02/2026 00:00;;13/02/2026 12:23;1750.000
c2dd3fae-4427-47d3-93a7-62eb564137e0;416;Réception (B.L. : 1100209134);1100209134;;FOURNISSEUR CENTRALE;;Pas de commande associée;O;23/02/2026 00:00;;22/02/2026 23:20;1397.000
c302d28b-90a4-481c-96be-5dd60d5625fb;416;Réception (B.L. : 1100209972);1100209972;;FOURNISSEUR CENTRALE;;Pas de commande associée;O;02/03/2026 00:00;;02/03/2026 12:11;800.000
c30d5cfa-ff1b-4aae-aee7-0c67c75a0330;412;Réception (B.L. : 1800332735);1800332735;;FOURNISSEUR CENTRALE;;Pas de commande associée;O;20/03/2026 00:00;;20/03/2026 12:21;17.854
c318613c-9e5d-4703-b147-47b2faabb866;412;Réception (B.L. : 1100207389);1100207389;;FOURNISSEUR CENTRALE;;Pas de commande associée;O;10/02/2026 00:00;;10/02/2026 12:11;3.000
c33b2c6b-0714-4ac2-adea-ef8d8904a682;415;Réception (B.L. : 1800330832);1800330832;;FOURNISSEUR CENTRALE;;Pas de commande associée;O;13/03/2026 00:00;;13/03/2026 12:24;92.000
c375dfe1-6a63-40bf-8a98-0ae344b8feb7;416;Réception (B.L. : 1700219821);1700219821;;FOURNISSEUR CENTRALE;;Pas de commande associée;O;12/01/2026 00:00;;12/01/2026 12:18;3.000
c3908146-d069-4575-ab63-a2d938c40643;412;Réception (B.L. : 1100210142);1100210142;;FOURNISSEUR CENTRALE;;Pas de commande associée;O;03/03/2026 00:00;;03/03/2026 12:13;114.000
c397e849-7c70-4fe4-a899-6f2ab408fb43;416;Réception (B.L. : 1700226868);1700226868;;FOURNISSEUR CENTRALE;;Pas de commande associée;O;16/02/2026 00:00;;16/02/2026 12:21;4.000
c40f8274-9447-44b3-8b89-debebd983f33;415;Réception (B.L. : 1700218320);1700218320;;FOURNISSEUR CENTRALE;;Pas de commande associée;O;05/01/2026 00:00;;05/01/2026 12:13;608.000
c4111f0d-09e9-447a-ac4d-141d97a1d00c;371;Réception (B.L. : 1700233524);1700233524;;FOURNISSEUR CENTRALE;;Pas de commande associée;O;19/03/2026 00:00;;19/03/2026 17:14;5.000
c43c80fa-da6b-46ad-88d5-0fbb09885f5b;412;Réception (B.L. : 1700225573);1700225573;;FOURNISSEUR CENTRALE;;Pas de commande associée;O;10/02/2026 00:00;;10/02/2026 12:15;868.000
c472afbb-b733-44a9-b24c-48c7d9021f91;412;Réception (B.L. : 1800322812);1800322812;;FOURNISSEUR CENTRALE;;Pas de commande associée;O;11/02/2026 00:00;;11/02/2026 12:11;50.000
c4a8efa4-0832-4f08-b98c-c1bc724e1362;416;Réception (B.L. : 1100208099);1100208099;;FOURNISSEUR CENTRALE;;Pas de commande associée;O;16/02/2026 00:00;;16/02/2026 12:12;4321.000
c4b02294-fc7e-41c3-82f3-db539d717273;415;Réception (B.L. : 1800317555);1800317555;;FOURNISSEUR CENTRALE;;Pas de commande associée;O;21/01/2026 00:00;;21/01/2026 12:23;480.300
c4ea74b5-01f2-4389-8391-9634cb365587;415;Réception (B.L. : 1700232538);1700232538;;FOURNISSEUR CENTRALE;;Pas de commande associée;O;15/03/2026 00:00;;16/03/2026 12:20;22.000
c50b7f37-fa60-432b-8b0e-382678a805d7;415;Réception (B.L. : 1200107330);1200107330;;FOURNISSEUR CENTRALE;;Pas de commande associée;O;27/03/2026 00:00;;27/03/2026 12:12;160.000
c531758f-abc8-435c-a724-fa2d8bcfa2eb;412;Réception (B.L. : 1800317543);1800317543;;FOURNISSEUR CENTRALE;;Pas de commande associée;O;21/01/2026 00:00;;21/01/2026 12:10;20.000
c531cfb1-254d-4078-9a1f-6345e2868c6e;371;Réception (B.L. : 1700225559);1700225559;;FOURNISSEUR CENTRALE;;Pas de commande associée;O;10/02/2026 00:00;;10/02/2026 12:13;431.000
c582f242-c351-4403-af93-8db53c23109a;371;Réception (B.L. : 1800316437);1800316437;;FOURNISSEUR CENTRALE;;Pas de commande associée;O;15/01/2026 00:00;;16/01/2026 12:13;15.000
c5b24ca7-b52b-4f88-a1a0-7c7c71453d93;415;Réception (B.L. : 1700225286);1700225286;;FOURNISSEUR CENTRALE;;Pas de commande associée;O;09/02/2026 00:00;;09/02/2026 12:16;2360.000
c605eb4c-2927-4ec8-b646-bf8db2559047;416;Réception (B.L. : 1100214869);1100214869;;FOURNISSEUR CENTRALE;;Pas de commande associée;O;01/04/2026 00:00;;01/04/2026 12:12;3546.000
c6082351-314f-4a21-9a47-aa55c0ad75f7;371;Réception (B.L. : 1800321329);1800321329;;FOURNISSEUR CENTRALE;;Pas de commande associée;O;06/02/2026 00:00;;06/02/2026 12:25;557.200
c654b0cd-1619-456f-a607-81dd801506f8;371;Réception (B.L. : 1700222346);1700222346;;FOURNISSEUR CENTRALE;;Pas de commande associée;O;23/01/2026 00:00;;23/01/2026 12:10;3.000
c665dc91-b020-482c-a238-f1e67ca961e0;416;Réception (B.L. : 1100211003);1100211003;;FOURNISSEUR CENTRALE;;Pas de commande associée;O;09/03/2026 00:00;;08/03/2026 23:21;78.000
c6793e55-3e5f-45b2-9789-b3d5939db8b6;412;Réception (B.L. : 1100204375);1100204375;;FOURNISSEUR CENTRALE;;Pas de commande associée;O;20/01/2026 00:00;;19/01/2026 23:30;206.000
c67c9596-3eaf-4c81-b739-278754a224c5;412;Réception (B.L. : 1700233689);1700233689;;FOURNISSEUR CENTRALE;;Pas de commande associée;O;19/03/2026 00:00;;20/03/2026 12:14;584.000
c6900ff3-a2d3-4e4a-9ad3-ef641e4d2e4e;412;Réception (B.L. : 1700220589);1700220589;;FOURNISSEUR CENTRALE;;Pas de commande associée;O;15/01/2026 00:00;;16/01/2026 12:16;184.000
c6bb7295-6ec9-4745-8e37-0c4733e3653d;416;Réception (B.L. : 1700234031);1700234031;;FOURNISSEUR CENTRALE;;Pas de commande associée;O;23/03/2026 00:00;;23/03/2026 12:11;398.000
c6f53f1f-2282-49ea-9743-4018170b1671;371;Réception (B.L. : 1700228512);1700228512;;FOURNISSEUR CENTRALE;;Pas de commande associée;O;24/02/2026 00:00;;24/02/2026 12:14;305.000
c71dd9c7-fd08-4fe8-b1b9-6c3441772c85;416;Réception (B.L. : 1700219321);1700219321;;FOURNISSEUR CENTRALE;;Pas de commande associée;O;09/01/2026 00:00;;09/01/2026 12:13;99.000
c75429c9-7042-48ce-8716-3a8c3695ec8e;371;Réception (B.L. : 1700229890);1700229890;;FOURNISSEUR CENTRALE;;Pas de commande associée;O;03/03/2026 00:00;;03/03/2026 12:18;26.000
c76a458e-9150-44b5-a8cf-69c256b3bff0;371;Réception (B.L. : 1100214214);1100214214;;FOURNISSEUR CENTRALE;;Pas de commande associée;O;27/03/2026 00:00;;26/03/2026 23:30;240.000
c7895c8a-75c3-431e-8d31-56816e016927;416;Réception (B.L. : 1700235482);1700235482;;FOURNISSEUR CENTRALE;;Pas de commande associée;O;30/03/2026 00:00;;30/03/2026 12:18;160.000
c7a674a1-9828-444c-af92-a6d687c12972;412;Réception (B.L. : 1800332796);1800332796;;FOURNISSEUR CENTRALE;;Pas de commande associée;O;20/03/2026 00:00;;20/03/2026 12:23;10.000
c7b7cb5f-376f-43bf-86f4-45b21eae4e95;415;Réception (B.L. : 1100209983);1100209983;;FOURNISSEUR CENTRALE;;Pas de commande associée;O;02/03/2026 00:00;;02/03/2026 12:10;12.000
c7d83eae-78f1-4ac3-b10c-376038716200;415;Réception (B.L. : 1800333826);1800333826;;FOURNISSEUR CENTRALE;;Pas de commande associée;O;25/03/2026 00:00;;25/03/2026 12:25;7.000
c7fe4da7-6a16-42f8-b64a-79f780c71f00;371;Réception (B.L. : 1700233526);1700233526;;FOURNISSEUR CENTRALE;;Pas de commande associée;O;19/03/2026 00:00;;19/03/2026 17:16;1000.000
c7ff3832-7652-4f9e-b14d-a66c63b3c753;416;Réception (B.L. : 1700226704);1700226704;;FOURNISSEUR CENTRALE;;Pas de commande associée;O;15/02/2026 00:00;;16/02/2026 12:20;121.000
c8055cc1-bbbc-41f8-92ea-68389dd513d4;416;Réception (B.L. : 1700234485);1700234485;;FOURNISSEUR CENTRALE;;Pas de commande associée;O;24/03/2026 00:00;;25/03/2026 12:19;1916.000
c83484ae-69cc-4cce-98b4-a40be41b8208;416;Réception (B.L. : 1700235920);1700235920;;FOURNISSEUR CENTRALE;;Pas de commande associée;O;01/04/2026 00:00;;01/04/2026 12:20;2.000
c836138e-1c3d-4aea-8a48-4b74ff3338e7;371;Réception (B.L. : 1100211208);1100211208;;FOURNISSEUR CENTRALE;;Pas de commande associée;O;10/03/2026 00:00;;10/03/2026 12:13;102.000
c8737717-b240-4e54-99ae-c0b4a7d79a7d;415;Réception (B.L. : 1700220613);1700220613;;FOURNISSEUR CENTRALE;;Pas de commande associée;O;15/01/2026 00:00;;16/01/2026 12:19;1001.000
c8737b11-549a-447a-b7e1-d68538dc60be;415;Réception (B.L. : 1800316493);1800316493;;FOURNISSEUR CENTRALE;;Pas de commande associée;O;16/01/2026 00:00;;16/01/2026 12:27;210.000
c8bb72cd-9cc2-4cee-abf6-ab6411fb91e4;415;Réception (B.L. : 1800321385);1800321385;;FOURNISSEUR CENTRALE;;Pas de commande associée;O;06/02/2026 00:00;;06/02/2026 12:26;45.000
c8cced81-52e8-4e2b-aed7-36e0692d4b33;416;Réception (B.L. : 1100205104);1100205104;;FOURNISSEUR CENTRALE;;Pas de commande associée;O;26/01/2026 00:00;;25/01/2026 23:09;316.000
c8d0efab-52c5-43b6-b866-fdd00721fc5a;415;Réception (B.L. : 1100214520);1100214520;;FOURNISSEUR CENTRALE;;Pas de commande associée;O;30/03/2026 00:00;;30/03/2026 12:13;1085.000
c9773414-ebfd-46fd-947d-7b9ed9240180;415;Réception (B.L. : 1100203066);1100203066;;FOURNISSEUR CENTRALE;;Pas de commande associée;O;09/01/2026 00:00;;09/01/2026 12:14;8.000
c97d7ac1-f1a1-44ad-912e-6850dda441a7;415;Réception (B.L. : 1700227785);1700227785;;FOURNISSEUR CENTRALE;;Pas de commande associée;O;19/02/2026 00:00;;20/02/2026 12:19;870.000
c9a4e7f6-2f2d-4d47-976e-7c7749eb2fc0;371;Réception (B.L. : 1100207959);1100207959;;FOURNISSEUR CENTRALE;;Pas de commande associée;O;13/02/2026 00:00;;13/02/2026 12:14;2.000
c9a8aaaf-5e56-495c-a6b9-bb888783dab1;415;Réception (B.L. : 1700233695);1700233695;;FOURNISSEUR CENTRALE;;Pas de commande associée;O;19/03/2026 00:00;;20/03/2026 12:15;111.000
c9ae2c2e-70ea-4a86-867a-753bfc108afb;415;Réception (B.L. : 1700221594);1700221594;;FOURNISSEUR CENTRALE;;Pas de commande associée;O;20/01/2026 00:00;;21/01/2026 12:18;899.000
c9ae5ee2-88f8-4abe-bf74-1c271648f84c;412;Réception (B.L. : 1800319294);1800319294;;FOURNISSEUR CENTRALE;;Pas de commande associée;O;28/01/2026 00:00;;28/01/2026 12:12;3.000
c9c402fd-bb7e-4b2a-8cd7-9b57bf384266;371;Réception (B.L. : 1800323965);1800323965;;FOURNISSEUR CENTRALE;;Pas de commande associée;O;16/02/2026 00:00;;16/02/2026 12:11;35.000
c9c47616-c4a7-4e97-95aa-fc951c95e425;415;Réception (B.L. : 1100210698);1100210698;;FOURNISSEUR CENTRALE;;Pas de commande associée;O;06/03/2026 00:00;;06/03/2026 12:13;1048.000
c9f7f256-89a6-4efb-a350-b84bf61af6a6;415;Réception (B.L. : 1100203214);1100203214;;FOURNISSEUR CENTRALE;;Pas de commande associée;O;12/01/2026 00:00;;11/01/2026 23:19;579.000
ca13516a-fee4-403f-91c3-c0951e2f6d66;416;Réception (B.L. : 1700232180);1700232180;;FOURNISSEUR CENTRALE;;Pas de commande associée;O;13/03/2026 00:00;;13/03/2026 12:18;60.000
ca1a3982-0bda-486e-b7df-22e95fe2ce04;371;Réception (B.L. : 1100212694);1100212694;;FOURNISSEUR CENTRALE;;Pas de commande associée;O;19/03/2026 00:00;;19/03/2026 12:11;4.000
ca254961-062d-48f0-858e-f000367cf633;415;Réception (B.L. : 1700220235);1700220235;;FOURNISSEUR CENTRALE;;Pas de commande associée;O;14/01/2026 00:00;;14/01/2026 12:12;904.000
ca95573e-3172-4063-940c-bcff1c2590ae;415;Réception (B.L. : 1800313272);1800313272;;FOURNISSEUR CENTRALE;;Pas de commande associée;O;02/01/2026 00:00;;02/01/2026 17:03;18.000
cab13f52-b133-431c-85e6-74572df87011;416;Réception (B.L. : 1700228257);1700228257;;FOURNISSEUR CENTRALE;;Pas de commande associée;O;23/02/2026 00:00;;23/02/2026 12:13;451.000
cab6d683-e0a7-42b1-ab67-5d922047a815;371;Réception (B.L. : 1700223473);1700223473;;FOURNISSEUR CENTRALE;;Pas de commande associée;O;30/01/2026 00:00;;30/01/2026 12:06;4.000
cac0902a-edef-4aea-bcc1-226875c6c6d6;371;Réception (B.L. : 1100209361);1100209361;;FOURNISSEUR CENTRALE;;Pas de commande associée;O;24/02/2026 00:00;;23/02/2026 23:30;668.000
caf812a8-b1b7-4caa-bd94-0f3b8a2ec940;371;Réception (B.L. : 1700233624);1700233624;;FOURNISSEUR CENTRALE;;Pas de commande associée;O;19/03/2026 00:00;;19/03/2026 23:35;4.000
caf84d91-cf48-4a61-a224-f352179a1b5e;415;Réception (B.L. : 1700227783);1700227783;;FOURNISSEUR CENTRALE;;Pas de commande associée;O;19/02/2026 00:00;;20/02/2026 12:17;557.000
cb0bd30d-eef6-4e35-aae2-b3a5f1397576;416;Réception (B.L. : 1700231707);1700231707;;FOURNISSEUR CENTRALE;;Pas de commande associée;O;11/03/2026 00:00;;11/03/2026 12:15;895.000
cb3cfa3e-80eb-4809-8d2b-ff5598200209;415;Réception (B.L. : 1800313188);1800313188;;FOURNISSEUR CENTRALE;;Pas de commande associée;O;02/01/2026 00:00;;02/01/2026 17:01;54.000
cb3f9b86-005c-431f-ae9a-70668eb32033;416;Réception (B.L. : 1700224283);1700224283;;FOURNISSEUR CENTRALE;;Pas de commande associée;O;03/02/2026 00:00;;04/02/2026 12:13;160.000
cb442a82-b310-45e9-a9a1-be9521c81584;412;Réception (B.L. : 1800333249);1800333249;;FOURNISSEUR CENTRALE;;Pas de commande associée;O;22/03/2026 00:00;;23/03/2026 12:12;97.400
cb96b551-1799-4021-9d78-7e948fe11222;416;Réception (B.L. : 1700227788);1700227788;;FOURNISSEUR CENTRALE;;Pas de commande associée;O;19/02/2026 00:00;;20/02/2026 12:15;553.000
cba0acfe-96ca-4ca2-a048-ef2f3dc8fdbb;412;Réception (B.L. : 1100211216);1100211216;;FOURNISSEUR CENTRALE;;Pas de commande associée;O;10/03/2026 00:00;;10/03/2026 12:13;30.000
cbbb66f8-82ae-4444-9902-436638ced1d6;416;Réception (B.L. : 1700228258);1700228258;;FOURNISSEUR CENTRALE;;Pas de commande associée;O;23/02/2026 00:00;;23/02/2026 12:14;454.000
cc1931e2-d410-4697-b23b-cc976684c55a;415;Réception (B.L. : 1700226693);1700226693;;FOURNISSEUR CENTRALE;;Pas de commande associée;O;15/02/2026 00:00;;15/02/2026 23:16;422.000
cc307490-cc22-4d95-bb46-1c8051557fb2;415;Réception (B.L. : 1100208467);1100208467;;FOURNISSEUR CENTRALE;;Pas de commande associée;O;18/02/2026 00:00;;18/02/2026 12:10;1248.000
cc45c351-ba8d-4614-a094-b1bdb909c9b7;412;Réception (B.L. : 1800327379);1800327379;;FOURNISSEUR CENTRALE;;Pas de commande associée;O;27/02/2026 00:00;;27/02/2026 17:11;14.000
cc602b61-b014-439a-8e25-b6948a3df74d;371;Réception (B.L. : 1700234974);1700234974;;FOURNISSEUR CENTRALE;;Pas de commande associée;O;27/03/2026 00:00;;27/03/2026 12:15;290.000
cc79d75a-b0c7-4e0b-a010-c97dd628b768;412;Réception (B.L. : 1200106836);1200106836;;FOURNISSEUR CENTRALE;;Pas de commande associée;O;19/03/2026 00:00;;19/03/2026 17:10;3.000
cc7af830-b280-476e-9ddf-5429eb5bbbf5;416;Réception (B.L. : 1100211751);1100211751;;FOURNISSEUR CENTRALE;;Pas de commande associée;O;13/03/2026 00:00;;13/03/2026 12:11;962.000
cc9367fb-8ec8-4a26-bdf1-6b763c3b90ab;415;Réception (B.L. : 1100210667);1100210667;;FOURNISSEUR CENTRALE;;Pas de commande associée;O;05/03/2026 00:00;;05/03/2026 17:10;24.000
ccb5fb2e-5031-4fc2-b3c1-1ced6f4258f8;416;Réception (B.L. : 1800315846);1800315846;;FOURNISSEUR CENTRALE;;Pas de commande associée;O;14/01/2026 00:00;;14/01/2026 12:24;8.000
ccb8a395-4b83-410b-976a-5c41dbd446ad;416;Réception (B.L. : 1100214485);1100214485;;FOURNISSEUR CENTRALE;;Pas de commande associée;O;28/03/2026 00:00;;28/03/2026 12:11;24.000
ccedfb69-d196-41ce-b9a7-ae8fee489cb4;415;Réception (B.L. : 1100211748);1100211748;;FOURNISSEUR CENTRALE;;Pas de commande associée;O;13/03/2026 00:00;;13/03/2026 12:12;1056.000
cd03ac10-327c-4dfe-ab78-6f1048617188;412;Réception (B.L. : 1800332072);1800332072;;FOURNISSEUR CENTRALE;;Pas de commande associée;O;18/03/2026 00:00;;18/03/2026 12:10;78.380
cd0cd9d7-8664-40ba-ac24-04b241dd3de3;416;Réception (B.L. : 1800326012);1800326012;;FOURNISSEUR CENTRALE;;Pas de commande associée;O;23/02/2026 00:00;;23/02/2026 17:10;1.000
cd2833ef-0498-4929-823e-aae4a4c71962;371;Réception (B.L. : 1100211311);1100211311;;FOURNISSEUR CENTRALE;;Pas de commande associée;O;10/03/2026 00:00;;10/03/2026 12:14;4.000
cd80f92a-3fa3-492e-839b-0631f9dbdc4d;371;Réception (B.L. : 1200103511);1200103511;;FOURNISSEUR CENTRALE;;Pas de commande associée;O;06/02/2026 00:00;;06/02/2026 12:11;181.000
cd836633-e27b-436d-a73d-21073f006e2d;412;Réception (B.L. : 1700223365);1700223365;;FOURNISSEUR CENTRALE;;Pas de commande associée;O;29/01/2026 00:00;;30/01/2026 12:06;1245.000
cdac6e46-0d90-4918-bf65-d022e80632cb;416;Réception (B.L. : 1100211044);1100211044;;FOURNISSEUR CENTRALE;;Pas de commande associée;O;09/03/2026 00:00;;09/03/2026 12:10;6.000
cdaeac1f-421c-4ae9-9829-86c4ef8e8ccf;416;Réception (B.L. : 1700229632);1700229632;;FOURNISSEUR CENTRALE;;Pas de commande associée;O;02/03/2026 00:00;;02/03/2026 12:17;350.000
cdd87d12-c746-4070-b73b-667c92c00417;416;Réception (B.L. : 1800327321);1800327321;;FOURNISSEUR CENTRALE;;Pas de commande associée;O;26/02/2026 00:00;;27/02/2026 12:22;690.000
cde06b1f-be89-4110-99ff-0d34d0722f28;371;Réception (B.L. : 1700224127);1700224127;;FOURNISSEUR CENTRALE;;Pas de commande associée;O;03/02/2026 00:00;;03/02/2026 12:11;6.000
cdf09fdf-36d4-4139-b298-e660447a2e89;416;Réception (B.L. : 1800315818);1800315818;;FOURNISSEUR CENTRALE;;Pas de commande associée;O;14/01/2026 00:00;;14/01/2026 12:18;20.000
ce0bd513-689c-4411-a1f2-dcd55e67bdb7;416;Réception (B.L. : 1700234482);1700234482;;FOURNISSEUR CENTRALE;;Pas de commande associée;O;24/03/2026 00:00;;25/03/2026 12:16;226.000
ce196630-359a-4ad6-9fe4-5e8e1f6559f4;371;Réception (B.L. : 1100207921);1100207921;;FOURNISSEUR CENTRALE;;Pas de commande associée;O;13/02/2026 00:00;;13/02/2026 12:12;708.000
ce27a46c-7dc1-425c-890f-3307bd091b8d;416;Réception (B.L. : 1800320227);1800320227;;FOURNISSEUR CENTRALE;;Pas de commande associée;O;02/02/2026 00:00;;02/02/2026 12:23;20.000
ce38c6c1-38ed-4443-b0e2-bdc9a3e84157;415;Réception (B.L. : 1700223091);1700223091;;FOURNISSEUR CENTRALE;;Pas de commande associée;O;28/01/2026 00:00;;28/01/2026 12:18;5.000
ce4e9f51-67fb-4b10-bb95-12728703f7bb;415;Réception (B.L. : 1700235150);1700235150;;FOURNISSEUR CENTRALE;;Pas de commande associée;O;27/03/2026 00:00;;27/03/2026 12:23;4.000
ce68a4d9-5bf7-4872-bcfd-f94658b056e3;415;Réception (B.L. : 1100209578);1100209578;;FOURNISSEUR CENTRALE;;Pas de commande associée;O;25/02/2026 00:00;;25/02/2026 12:14;5.000
cecb7379-0300-4e62-b23f-a6d91c7ec6eb;415;Réception (B.L. : 1800319219);1800319219;;FOURNISSEUR CENTRALE;;Pas de commande associée;O;28/01/2026 00:00;;28/01/2026 12:20;50.000
cee1727d-21a0-4692-a76a-a5fdaa83ac49;416;Réception (B.L. : 1100212462);1100212462;;FOURNISSEUR CENTRALE;;Pas de commande associée;O;18/03/2026 00:00;;18/03/2026 12:14;8.000
ceeb1cf4-15d0-49d0-bfa6-a7624a885148;416;Réception (B.L. : 1700218105);1700218105;;FOURNISSEUR CENTRALE;;Pas de commande associée;O;02/01/2026 00:00;;02/01/2026 17:06;1.000
cf112c78-d278-4a13-9ef2-ab66063c628f;415;Réception (B.L. : 1700222596);1700222596;;FOURNISSEUR CENTRALE;;Pas de commande associée;O;26/01/2026 00:00;;26/01/2026 17:10;4.000
cf178ba7-fcb7-4310-a72c-fb107565f6d0;416;Réception (B.L. : 1700235018);1700235018;;FOURNISSEUR CENTRALE;;Pas de commande associée;O;27/03/2026 00:00;;27/03/2026 12:16;18.000
cf47ac94-f96e-42ac-8bb7-0e5d4b743a44;412;Réception (B.L. : 1800320822);1800320822;;FOURNISSEUR CENTRALE;;Pas de commande associée;O;04/02/2026 00:00;;04/02/2026 12:11;105.000
cf55eb56-afc9-4a17-b1c9-ef8daab1db5c;416;Réception (B.L. : 1700220620);1700220620;;FOURNISSEUR CENTRALE;;Pas de commande associée;O;15/01/2026 00:00;;16/01/2026 12:16;3100.000
cf63383d-7f6d-433c-9b14-f40fcbaa9eed;415;Réception (B.L. : 1700232535);1700232535;;FOURNISSEUR CENTRALE;;Pas de commande associée;O;15/03/2026 00:00;;16/03/2026 12:17;450.000
cfc71f5f-79c3-4b59-9a7a-2d064acc9188;416;Réception (B.L. : 1800321951);1800321951;;FOURNISSEUR CENTRALE;;Pas de commande associée;O;09/02/2026 00:00;;09/02/2026 17:12;20.000
cfdf34ab-8b65-48d4-b558-8da214edaa34;416;Réception (B.L. : 1800320383);1800320383;;FOURNISSEUR CENTRALE;;Pas de commande associée;O;03/02/2026 00:00;;03/02/2026 12:01;11.000
cfe1e0d1-e4d7-47eb-a27c-44eebeb6a0d2;416;Réception (B.L. : 1800316964);1800316964;;FOURNISSEUR CENTRALE;;Pas de commande associée;O;19/01/2026 00:00;;19/01/2026 12:18;70.000
d0091e20-fd95-4b23-b33e-c8addff889fd;415;Réception (B.L. : 1800321383);1800321383;;FOURNISSEUR CENTRALE;;Pas de commande associée;O;06/02/2026 00:00;;06/02/2026 12:24;205.000
d04757bf-053c-4403-b24c-447f9d1b6620;415;Réception (B.L. : 1100205177);1100205177;;FOURNISSEUR CENTRALE;;Pas de commande associée;O;26/01/2026 00:00;;26/01/2026 12:11;5.000
d09b5df9-8e3a-4910-986b-62dc5498b104;416;Réception (B.L. : 1700229629);1700229629;;FOURNISSEUR CENTRALE;;Pas de commande associée;O;02/03/2026 00:00;;02/03/2026 12:14;774.000
d0e01165-b05b-4da5-b561-edcf32f15693;415;Réception (B.L. : 1800317553);1800317553;;FOURNISSEUR CENTRALE;;Pas de commande associée;O;21/01/2026 00:00;;21/01/2026 12:21;11.000
d10fd004-75ce-4c98-a3aa-dd1514fdb403;415;Réception (B.L. : 1800334509);1800334509;;FOURNISSEUR CENTRALE;;Pas de commande associée;O;27/03/2026 00:00;;27/03/2026 17:11;5.000
d12ffeb2-870d-475f-8bca-9013f10ac2b9;416;Réception (B.L. : 1700227205);1700227205;;FOURNISSEUR CENTRALE;;Pas de commande associée;O;17/02/2026 00:00;;18/02/2026 12:23;10.000
d187982d-9c72-4243-afdb-634724fad84e;412;Réception (B.L. : 1700226448);1700226448;;FOURNISSEUR CENTRALE;;Pas de commande associée;O;13/02/2026 00:00;;13/02/2026 12:21;8.000
d190b977-8a39-4443-a3e6-29c8650be075;416;Réception (B.L. : 1800328631);1800328631;;FOURNISSEUR CENTRALE;;Pas de commande associée;O;05/03/2026 00:00;;05/03/2026 12:10;23.000
d1cfcb16-732c-4ed6-9882-4459f2304020;371;Réception (B.L. : 1700225562);1700225562;;FOURNISSEUR CENTRALE;;Pas de commande associée;O;10/02/2026 00:00;;10/02/2026 12:16;235.000
d1d475ac-0e7c-4f5c-9ddd-226d8a4714bd;412;Réception (B.L. : 1700221328);1700221328;;FOURNISSEUR CENTRALE;;Pas de commande associée;O;20/01/2026 00:00;;20/01/2026 12:16;632.000
d1e0ebb8-4db8-4178-89d9-170a2c079c91;415;Réception (B.L. : 1100208200);1100208200;;FOURNISSEUR CENTRALE;;Pas de commande associée;O;16/02/2026 00:00;;16/02/2026 12:14;6.000
d260c3c5-6d40-4dfa-951d-d60bab43240b;415;Réception (B.L. : 1800332084);1800332084;;FOURNISSEUR CENTRALE;;Pas de commande associée;O;18/03/2026 00:00;;18/03/2026 12:29;92.000
d2675fa7-795c-41b3-af55-e31075634819;371;Réception (B.L. : 1700221313);1700221313;;FOURNISSEUR CENTRALE;;Pas de commande associée;O;20/01/2026 00:00;;20/01/2026 12:06;425.000
d27f514c-3636-491c-96c6-82607ada805e;416;Réception (B.L. : 1100209517);1100209517;;FOURNISSEUR CENTRALE;;Pas de commande associée;O;25/02/2026 00:00;;25/02/2026 12:10;224.000
d2e27235-d2f5-4d1f-8311-91295917d57e;416;Réception (B.L. : 1800321949);1800321949;;FOURNISSEUR CENTRALE;;Pas de commande associée;O;09/02/2026 00:00;;09/02/2026 17:10;35.000
d30a8521-973f-4e94-8537-bd41144f91d3;412;Réception (B.L. : 1700224779);1700224779;;FOURNISSEUR CENTRALE;;Pas de commande associée;O;05/02/2026 00:00;;06/02/2026 12:16;130.000
d32eb503-38b0-4a1e-8e5e-263dddb0c2ff;416;Réception (B.L. : 1700221017);1700221017;;FOURNISSEUR CENTRALE;;Pas de commande associée;O;18/01/2026 00:00;;19/01/2026 12:14;887.000
d35cea46-038c-41ba-9700-8ae2468fd72d;415;Réception (B.L. : 1100210700);1100210700;;FOURNISSEUR CENTRALE;;Pas de commande associée;O;06/03/2026 00:00;;06/03/2026 12:15;66.000
d36a1b64-1a83-42bf-a9da-705329b7c872;416;Réception (B.L. : 1700235873);1700235873;;FOURNISSEUR CENTRALE;;Pas de commande associée;O;01/04/2026 00:00;;01/04/2026 12:16;975.000
d37df801-bec5-4cd5-801c-58d13a672a69;371;Réception (B.L. : 1800325915);1800325915;;FOURNISSEUR CENTRALE;;Pas de commande associée;O;23/02/2026 00:00;;23/02/2026 12:11;30.200
d392a53f-8c7b-4ddd-94aa-2e34bd7e75c1;371;Réception (B.L. : 1800316992);1800316992;;FOURNISSEUR CENTRALE;;Pas de commande associée;O;19/01/2026 00:00;;19/01/2026 17:11;15.000
d3b07f66-ab5d-4d9c-930d-abb2fd8830eb;416;Réception (B.L. : 1700228812);1700228812;;FOURNISSEUR CENTRALE;;Pas de commande associée;O;25/02/2026 00:00;;25/02/2026 12:18;12.000
d3b1da42-4763-44bc-9d49-577040875bdb;415;Réception (B.L. : 1100211749);1100211749;;FOURNISSEUR CENTRALE;;Pas de commande associée;O;13/03/2026 00:00;;13/03/2026 12:13;1720.000
d3b75479-c214-4b6e-ac60-169516229dc7;416;Réception (B.L. : 1800324335);1800324335;;FOURNISSEUR CENTRALE;;Pas de commande associée;O;17/02/2026 00:00;;17/02/2026 12:11;474.400
d3cc8c72-7158-4fba-85ee-8c8edf098aa6;416;Réception (B.L. : 1700221016);1700221016;;FOURNISSEUR CENTRALE;;Pas de commande associée;O;18/01/2026 00:00;;19/01/2026 12:13;682.000
d4080519-91a1-4585-9f37-3ba31f82113b;416;Réception (B.L. : 1800334512);1800334512;;FOURNISSEUR CENTRALE;;Pas de commande associée;O;27/03/2026 00:00;;27/03/2026 17:11;25.000
d49a1bda-d8ce-4db0-b519-dac704fd3710;415;Réception (B.L. : 1700221595);1700221595;;FOURNISSEUR CENTRALE;;Pas de commande associée;O;20/01/2026 00:00;;21/01/2026 12:19;4.000
d4d7996d-9297-4391-84af-fda7d1f4dfc0;416;Réception (B.L. : 1800324667);1800324667;;FOURNISSEUR CENTRALE;;Pas de commande associée;O;18/02/2026 00:00;;18/02/2026 12:26;64.000
d4f77ac2-e93c-47f3-b6cd-60eee4c75507;412;Réception (B.L. : 1100215295);1100215295;;FOURNISSEUR CENTRALE;;Pas de commande associée;O;02/04/2026 00:00;;02/04/2026 17:11;78.000
d57a740a-06a1-4fa0-82c0-4d74ad15766b;416;Réception (B.L. : 1700227204);1700227204;;FOURNISSEUR CENTRALE;;Pas de commande associée;O;17/02/2026 00:00;;18/02/2026 12:22;15.000
d59eed9b-578f-48eb-b345-801593fcef51;415;Réception (B.L. : 1100204967);1100204967;;FOURNISSEUR CENTRALE;;Pas de commande associée;O;23/01/2026 00:00;;23/01/2026 12:05;5.000
d5dcc8ba-712b-4c26-affc-dfc2cedfef9e;416;Réception (B.L. : 1100204808);1100204808;;FOURNISSEUR CENTRALE;;Pas de commande associée;O;22/01/2026 00:00;;22/01/2026 17:00;48.000
d6554014-ec0f-41da-9b37-ddcec9c627e4;415;Réception (B.L. : 1700224289);1700224289;;FOURNISSEUR CENTRALE;;Pas de commande associée;O;04/02/2026 00:00;;04/02/2026 12:15;771.000
d658111c-6e6e-40c0-805c-e884c59ad992;416;Réception (B.L. : 1100211440);1100211440;;FOURNISSEUR CENTRALE;;Pas de commande associée;O;11/03/2026 00:00;;11/03/2026 12:13;9.000
d65bd8d8-017a-4a8f-ae43-5d553a15b550;416;Réception (B.L. : 1700226701);1700226701;;FOURNISSEUR CENTRALE;;Pas de commande associée;O;15/02/2026 00:00;;16/02/2026 12:17;396.000
d66c816a-5cdf-4561-9ad2-641d13a10e7f;416;Réception (B.L. : 1800320843);1800320843;;FOURNISSEUR CENTRALE;;Pas de commande associée;O;04/02/2026 00:00;;04/02/2026 12:21;40.000
d69a2069-52c2-4220-972a-de3f2bbb8520;415;Réception (B.L. : 1700231766);1700231766;;FOURNISSEUR CENTRALE;;Pas de commande associée;O;11/03/2026 00:00;;11/03/2026 12:18;53.000
d6ae847f-89b5-4eb7-8756-93c66f1ffbfb;416;Réception (B.L. : 1800318167);1800318167;;FOURNISSEUR CENTRALE;;Pas de commande associée;O;23/01/2026 00:00;;23/01/2026 12:13;486.100
d6e954a0-bad0-4d74-b348-16ffeb851f78;416;Réception (B.L. : 1700229634);1700229634;;FOURNISSEUR CENTRALE;;Pas de commande associée;O;02/03/2026 00:00;;02/03/2026 12:19;30.000
d6f7d35f-42d7-4ff8-8f38-148b7e778b04;416;Réception (B.L. : 1700226664);1700226664;;FOURNISSEUR CENTRALE;;Pas de commande associée;O;13/02/2026 00:00;;13/02/2026 17:09;3.000
d7013eaa-dfb7-4c5c-9401-100f086afeed;415;Réception (B.L. : 1200102012);1200102012;;FOURNISSEUR CENTRALE;;Pas de commande associée;O;16/01/2026 00:00;;16/01/2026 17:01;1.000
d70caa3d-a45c-4edf-84a0-54fbd7186370;412;Réception (B.L. : 1700226932);1700226932;;FOURNISSEUR CENTRALE;;Pas de commande associée;O;16/02/2026 00:00;;17/02/2026 12:17;3.000
d7131040-f89a-4e76-88f1-ef239a6cdbc7;415;Réception (B.L. : 1800318663);1800318663;;FOURNISSEUR CENTRALE;;Pas de commande associée;O;26/01/2026 00:00;;26/01/2026 17:13;16.000
d72703d5-b17b-4a5a-bdcd-abb042dd86f7;415;Réception (B.L. : 1700225285);1700225285;;FOURNISSEUR CENTRALE;;Pas de commande associée;O;09/02/2026 00:00;;09/02/2026 12:15;301.000
d73f7ec1-628f-48a9-b01c-00b880fc5840;412;Réception (B.L. : 1100214217);1100214217;;FOURNISSEUR CENTRALE;;Pas de commande associée;O;27/03/2026 00:00;;26/03/2026 23:31;24.000
d7aeb3e2-0be9-4e83-bbc1-9c11e23d7052;416;Réception (B.L. : 1800330834);1800330834;;FOURNISSEUR CENTRALE;;Pas de commande associée;O;13/03/2026 00:00;;13/03/2026 12:21;10.000
d7c1ba62-a5a5-4634-9ca5-2601a77f8349;416;Réception (B.L. : 1100208470);1100208470;;FOURNISSEUR CENTRALE;;Pas de commande associée;O;18/02/2026 00:00;;18/02/2026 12:14;768.000
d7cc721d-64dc-4372-aaa2-deba9a61569a;415;Réception (B.L. : 1800325965);1800325965;;FOURNISSEUR CENTRALE;;Pas de commande associée;O;23/02/2026 00:00;;23/02/2026 12:23;11.000
d7ce8803-b2d8-448d-8ac5-c71c18f1b147;415;Réception (B.L. : 1700229785);1700229785;;FOURNISSEUR CENTRALE;;Pas de commande associée;O;02/03/2026 00:00;;02/03/2026 12:16;668.000
d7f396f8-a3f7-4133-ac56-839c7d9460db;416;Réception (B.L. : 1800318604);1800318604;;FOURNISSEUR CENTRALE;;Pas de commande associée;O;26/01/2026 00:00;;26/01/2026 17:10;20.000
d7fa6968-4ece-4bbb-b154-b4e8af939805;416;Réception (B.L. : 1700224281);1700224281;;FOURNISSEUR CENTRALE;;Pas de commande associée;O;03/02/2026 00:00;;04/02/2026 12:11;1232.000
d8028bc3-8561-4eec-a4aa-8e04055c15fe;371;Réception (B.L. : 1200104077);1200104077;;FOURNISSEUR CENTRALE;;Pas de commande associée;O;12/02/2026 00:00;;12/02/2026 12:11;4.000
d80f2e61-4fdd-4f76-a2b0-8eb8957ee81b;415;Réception (B.L. : 1800321381);1800321381;;FOURNISSEUR CENTRALE;;Pas de commande associée;O;06/02/2026 00:00;;06/02/2026 12:22;87.000
d82d14b8-c689-47c1-8cb7-8f430366579a;412;Réception (B.L. : 1700227816);1700227816;;FOURNISSEUR CENTRALE;;Pas de commande associée;O;20/02/2026 00:00;;20/02/2026 12:16;560.000
d8340708-3974-4767-9eac-fba614095260;412;Réception (B.L. : 1800334990);1800334990;;FOURNISSEUR CENTRALE;;Pas de commande associée;O;30/03/2026 00:00;;30/03/2026 17:13;4.000
d88e576b-b1f9-4889-9a4d-ff425de6f641;371;Réception (B.L. : 1700229247);1700229247;;FOURNISSEUR CENTRALE;;Pas de commande associée;O;27/02/2026 00:00;;27/02/2026 12:15;37.000
d894826f-c874-49e4-9c8c-52dea6e7b601;416;Réception (B.L. : 1100212041);1100212041;;FOURNISSEUR CENTRALE;;Pas de commande associée;O;14/03/2026 00:00;;14/03/2026 12:11;24.000
d8c92e57-7a24-47d4-9316-704a082e384c;412;Réception (B.L. : 1100212253);1100212253;;FOURNISSEUR CENTRALE;;Pas de commande associée;O;16/03/2026 00:00;;16/03/2026 12:13;36.000
d8d7274e-0e1a-498d-a278-f15a927c3045;412;Réception (B.L. : 1700227817);1700227817;;FOURNISSEUR CENTRALE;;Pas de commande associée;O;20/02/2026 00:00;;20/02/2026 12:17;374.000
d8e3d742-524a-4e48-ad78-7952d339db24;412;Réception (B.L. : 1700232810);1700232810;;FOURNISSEUR CENTRALE;;Pas de commande associée;O;17/03/2026 00:00;;17/03/2026 12:20;539.000
d92ac44b-8a04-4925-8c8d-1fdc016674d9;412;Réception (B.L. : 1100212268);1100212268;;FOURNISSEUR CENTRALE;;Pas de commande associée;O;17/03/2026 00:00;;17/03/2026 12:10;636.000
d9749c0b-ef3b-4424-b565-f9f3308bf230;412;Réception (B.L. : 1700226931);1700226931;;FOURNISSEUR CENTRALE;;Pas de commande associée;O;16/02/2026 00:00;;17/02/2026 12:16;616.000
d979d03c-5554-4172-9976-d219663d8cc4;416;Réception (B.L. : 1800318605);1800318605;;FOURNISSEUR CENTRALE;;Pas de commande associée;O;26/01/2026 00:00;;26/01/2026 17:11;460.000
d9cc836f-cb3b-4e4c-a3c6-ce6cd801da27;416;Réception (B.L. : 1800314267);1800314267;;FOURNISSEUR CENTRALE;;Pas de commande associée;O;07/01/2026 00:00;;07/01/2026 12:15;80.000
d9dcd5ff-536b-43d7-905c-5a3b39a8ded1;416;Réception (B.L. : 1100204131);1100204131;;FOURNISSEUR CENTRALE;;Pas de commande associée;O;19/01/2026 00:00;;18/01/2026 23:20;1529.000
da1bf045-cf59-45f8-8d10-cbe4bef6eb36;416;Réception (B.L. : 1700231187);1700231187;;FOURNISSEUR CENTRALE;;Pas de commande associée;O;09/03/2026 00:00;;09/03/2026 12:11;4.000
da412d71-a3bd-4013-a99d-8fd787d26095;415;Réception (B.L. : 1700234039);1700234039;;FOURNISSEUR CENTRALE;;Pas de commande associée;O;23/03/2026 00:00;;23/03/2026 12:16;42.000
da80a360-5335-4c20-9081-253eaec141d7;416;Réception (B.L. : 1800319735);1800319735;;FOURNISSEUR CENTRALE;;Pas de commande associée;O;30/01/2026 00:00;;30/01/2026 12:22;185.000
da8e6b28-165d-4e5d-a148-0e10db3e03fc;412;Réception (B.L. : 1800326606);1800326606;;FOURNISSEUR CENTRALE;;Pas de commande associée;O;25/02/2026 00:00;;25/02/2026 12:10;12.000
da982d9c-d1d8-4938-b962-e2b9e8875e1e;415;Réception (B.L. : 1700220614);1700220614;;FOURNISSEUR CENTRALE;;Pas de commande associée;O;15/01/2026 00:00;;16/01/2026 12:20;50.000
daa84e70-b0d5-45c4-a3a7-653da31dab59;412;Réception (B.L. : 1100211738);1100211738;;FOURNISSEUR CENTRALE;;Pas de commande associée;O;13/03/2026 00:00;;13/03/2026 12:12;454.000
dabcf2ab-1096-4465-835d-3873220ef012;415;Réception (B.L. : 1100202636);1100202636;;FOURNISSEUR CENTRALE;;Pas de commande associée;O;07/01/2026 00:00;;07/01/2026 12:11;1854.000
dac43a87-9969-41a7-bd15-a34be0193145;415;Réception (B.L. : 1800322823);1800322823;;FOURNISSEUR CENTRALE;;Pas de commande associée;O;11/02/2026 00:00;;11/02/2026 12:22;100.000
dade2e7d-4c1a-41a7-a921-b041ddd0b4d1;412;Réception (B.L. : 1800329550);1800329550;;FOURNISSEUR CENTRALE;;Pas de commande associée;O;09/03/2026 00:00;;09/03/2026 12:11;224.200
db01d82b-0a55-400e-8297-1e9246d1da74;412;Réception (B.L. : 1700232202);1700232202;;FOURNISSEUR CENTRALE;;Pas de commande associée;O;13/03/2026 00:00;;13/03/2026 12:18;428.000
dbc12eb0-d889-4ae3-9e51-5a45f673912a;415;Réception (B.L. : 1100204159);1100204159;;FOURNISSEUR CENTRALE;;Pas de commande associée;O;19/01/2026 00:00;;19/01/2026 12:10;324.000
dc393238-399e-4265-ae2c-11960f6dc2f6;415;Réception (B.L. : 1700219220);1700219220;;FOURNISSEUR CENTRALE;;Pas de commande associée;O;08/01/2026 00:00;;08/01/2026 12:10;412.000
dc688a18-dd47-4119-bfd9-630d40eae878;416;Réception (B.L. : 1700219096);1700219096;;FOURNISSEUR CENTRALE;;Pas de commande associée;O;08/01/2026 00:00;;08/01/2026 12:12;241.000
dc9e96b6-f55d-432f-a0b4-3309e5e84854;371;Réception (B.L. : 1800327304);1800327304;;FOURNISSEUR CENTRALE;;Pas de commande associée;O;26/02/2026 00:00;;27/02/2026 12:18;19.000
dca7db1d-0d29-4a37-8b5c-5119948dcfd1;371;Réception (B.L. : 1700226964);1700226964;;FOURNISSEUR CENTRALE;;Pas de commande associée;O;17/02/2026 00:00;;17/02/2026 12:06;1000.000
dd0b0b77-b9db-4cf5-9038-840a36b88d23;416;Réception (B.L. : 1800329561);1800329561;;FOURNISSEUR CENTRALE;;Pas de commande associée;O;09/03/2026 00:00;;09/03/2026 12:18;108.000
dd2ed957-1196-49b9-af05-4c305b2c1367;416;Réception (B.L. : 1100212923);1100212923;;FOURNISSEUR CENTRALE;;Pas de commande associée;O;20/03/2026 00:00;;20/03/2026 12:13;96.000
dd2f5291-f07f-4ad1-bca1-048a1c622b47;415;Réception (B.L. : 1700228240);1700228240;;FOURNISSEUR CENTRALE;;Pas de commande associée;O;23/02/2026 00:00;;23/02/2026 12:17;924.000
dd5de9d0-871e-434a-8f00-3360c0ff7056;412;Réception (B.L. : 1700232360);1700232360;;FOURNISSEUR CENTRALE;;Pas de commande associée;O;13/03/2026 00:00;;13/03/2026 12:19;2.000
dd709ebf-bb15-4cea-bd8c-3e7bc810d6b3;412;Réception (B.L. : 1700232800);1700232800;;FOURNISSEUR CENTRALE;;Pas de commande associée;O;17/03/2026 00:00;;17/03/2026 12:16;1012.000
ddb90e4b-e923-4187-a373-4962bd506703;371;Réception (B.L. : 1800327348);1800327348;;FOURNISSEUR CENTRALE;;Pas de commande associée;O;27/02/2026 00:00;;27/02/2026 12:22;7.000
ddbdb167-d286-462a-b470-69ea438d64bd;371;Réception (B.L. : 1700222686);1700222686;;FOURNISSEUR CENTRALE;;Pas de commande associée;O;26/01/2026 00:00;;27/01/2026 12:07;1254.000
ddf31780-f93a-4eee-86b2-de84ec7a4167;416;Réception (B.L. : 1700226658);1700226658;;FOURNISSEUR CENTRALE;;Pas de commande associée;O;13/02/2026 00:00;;13/02/2026 17:05;30.000
de1f8936-1ce6-4522-987f-5a0a754cdc67;416;Réception (B.L. : 1800322896);1800322896;;FOURNISSEUR CENTRALE;;Pas de commande associée;O;11/02/2026 00:00;;11/02/2026 12:23;23.000
de3a456b-2de2-4be6-972d-4e36b8284774;416;Réception (B.L. : 1200104553);1200104553;;FOURNISSEUR CENTRALE;;Pas de commande associée;O;18/02/2026 00:00;;18/02/2026 12:12;1.000
de5cd089-1a6d-4ed9-b918-5bd33608236b;371;Réception (B.L. : 1100205797);1100205797;;FOURNISSEUR CENTRALE;;Pas de commande associée;O;30/01/2026 00:00;;30/01/2026 12:01;6.000
de99f116-37b3-41aa-9c6c-fdf6cd26eee3;412;Réception (B.L. : 1800317545);1800317545;;FOURNISSEUR CENTRALE;;Pas de commande associée;O;21/01/2026 00:00;;21/01/2026 12:12;20.892
deba7d22-0051-4f21-bd91-832d0439dcb3;415;Réception (B.L. : 1800325335);1800325335;;FOURNISSEUR CENTRALE;;Pas de commande associée;O;19/02/2026 00:00;;20/02/2026 12:26;704.200
ded0515d-fd9e-466e-8b79-17bf955efa8d;412;Réception (B.L. : 1100209365);1100209365;;FOURNISSEUR CENTRALE;;Pas de commande associée;O;24/02/2026 00:00;;23/02/2026 23:31;777.000
ded05350-30e1-40a6-bb2e-c006e3a28002;371;Réception (B.L. : 1200104076);1200104076;;FOURNISSEUR CENTRALE;;Pas de commande associée;O;12/02/2026 00:00;;12/02/2026 12:10;78.000
dedd031d-6528-481a-a4a2-b12c53eaa9e2;371;Réception (B.L. : 1700220706);1700220706;;FOURNISSEUR CENTRALE;;Pas de commande associée;O;16/01/2026 00:00;;16/01/2026 12:12;3.000
dee37cec-5750-4aba-af0d-4a1001326c04;415;Réception (B.L. : 1100207902);1100207902;;FOURNISSEUR CENTRALE;;Pas de commande associée;O;13/02/2026 00:00;;13/02/2026 12:14;1758.000
df1c4d84-7130-47f6-ba09-7f2e07c37b9d;416;Réception (B.L. : 1700221007);1700221007;;FOURNISSEUR CENTRALE;;Pas de commande associée;O;17/01/2026 00:00;;17/01/2026 12:00;5.000
df39b24b-49e4-4076-8921-2cb3407e6851;412;Réception (B.L. : 1100213039);1100213039;;FOURNISSEUR CENTRALE;;Pas de commande associée;O;20/03/2026 00:00;;20/03/2026 12:13;5.000
df479e38-533d-414c-90b7-56b5f2400fb2;412;Réception (B.L. : 1700226351);1700226351;;FOURNISSEUR CENTRALE;;Pas de commande associée;O;12/02/2026 00:00;;13/02/2026 12:20;1954.000
df548794-ea52-497a-8d43-2dd7d57ffce0;415;Réception (B.L. : 1800315817);1800315817;;FOURNISSEUR CENTRALE;;Pas de commande associée;O;14/01/2026 00:00;;14/01/2026 12:18;371.900
df65feec-9306-4f7c-ace9-1d06f7dae162;371;Réception (B.L. : 1100209793);1100209793;;FOURNISSEUR CENTRALE;;Pas de commande associée;O;27/02/2026 00:00;;27/02/2026 12:13;30.000
df6ba632-c3e7-4fdf-bb7c-c8804d3f4607;371;Réception (B.L. : 1700227909);1700227909;;FOURNISSEUR CENTRALE;;Pas de commande associée;O;20/02/2026 00:00;;20/02/2026 12:20;3.000
df8efcac-269f-49c2-a897-26de82467380;412;Réception (B.L. : 1800330818);1800330818;;FOURNISSEUR CENTRALE;;Pas de commande associée;O;13/03/2026 00:00;;13/03/2026 12:20;234.000
df99b87d-e72a-4358-8f18-adab5b5a6c02;415;Réception (B.L. : 1700227195);1700227195;;FOURNISSEUR CENTRALE;;Pas de commande associée;O;17/02/2026 00:00;;18/02/2026 12:15;268.000
dff24372-b89f-4516-bc85-18bcfd992f44;412;Réception (B.L. : 1800317544);1800317544;;FOURNISSEUR CENTRALE;;Pas de commande associée;O;21/01/2026 00:00;;21/01/2026 12:11;20.000
dffc6ffd-fe85-4b6a-a717-03d9f5bf2508;416;Réception (B.L. : 1100203975);1100203975;;FOURNISSEUR CENTRALE;;Pas de commande associée;O;16/01/2026 00:00;;15/01/2026 23:25;586.000
e0086215-6c0f-4381-9edb-fd2954c4f79b;371;Réception (B.L. : 1700226963);1700226963;;FOURNISSEUR CENTRALE;;Pas de commande associée;O;17/02/2026 00:00;;17/02/2026 12:05;18.000
e01bc830-8a6f-446b-a27d-8e9e298f6909;371;Réception (B.L. : 1100215328);1100215328;;FOURNISSEUR CENTRALE;;Pas de commande associée;O;02/04/2026 00:00;;02/04/2026 17:11;606.000
e02cc4cc-5ea2-471d-8728-e4b7b12776a2;416;Réception (B.L. : 1100213694);1100213694;;FOURNISSEUR CENTRALE;;Pas de commande associée;O;24/03/2026 00:00;;24/03/2026 17:10;50.000
e08e16d2-81d8-4cbc-bc0b-cea0181ca05a;416;Réception (B.L. : 1700235480);1700235480;;FOURNISSEUR CENTRALE;;Pas de commande associée;O;30/03/2026 00:00;;30/03/2026 12:16;430.000
e09815ca-6004-48f2-97d1-cc98fceca423;415;Réception (B.L. : 1800327326);1800327326;;FOURNISSEUR CENTRALE;;Pas de commande associée;O;26/02/2026 00:00;;27/02/2026 12:24;292.000
e10e2bd5-0ff3-4822-b24b-47b3b42c08e9;416;Réception (B.L. : 1800330837);1800330837;;FOURNISSEUR CENTRALE;;Pas de commande associée;O;13/03/2026 00:00;;13/03/2026 12:24;107.000
e11bddaa-e38c-4788-82a6-739e46b756bc;412;Réception (B.L. : 1200103549);1200103549;;FOURNISSEUR CENTRALE;;Pas de commande associée;O;06/02/2026 00:00;;06/02/2026 12:11;3.000
e12718fe-015e-49c0-a9d7-a36c832a383c;371;Réception (B.L. : 1700226346);1700226346;;FOURNISSEUR CENTRALE;;Pas de commande associée;O;12/02/2026 00:00;;13/02/2026 12:20;1.000
e14f063d-803a-41b5-bfc1-ce55866b0413;371;Réception (B.L. : 1100212924);1100212924;;FOURNISSEUR CENTRALE;;Pas de commande associée;O;20/03/2026 00:00;;20/03/2026 12:11;1548.000
e17326ec-0405-4ab8-bc96-188cd8a024da;415;Réception (B.L. : 1800326617);1800326617;;FOURNISSEUR CENTRALE;;Pas de commande associée;O;25/02/2026 00:00;;25/02/2026 12:23;60.000
e173b2e9-2f51-44bb-b113-aee1ebb2e5e7;416;Réception (B.L. : 1800325341);1800325341;;FOURNISSEUR CENTRALE;;Pas de commande associée;O;19/02/2026 00:00;;20/02/2026 12:20;1720.000
e18a2595-505d-4a4c-b29b-a4a36b938c31;412;Réception (B.L. : 1100214726);1100214726;;FOURNISSEUR CENTRALE;;Pas de commande associée;O;30/03/2026 00:00;;30/03/2026 17:11;104.000
e18f58df-4529-4435-a4b8-0a1144eb81d9;415;Réception (B.L. : 1100202873);1100202873;;FOURNISSEUR CENTRALE;;Pas de commande associée;O;08/01/2026 00:00;;08/01/2026 17:10;144.000
e1a81bbb-0781-4fab-a32f-6ac3bda0aa52;415;Réception (B.L. : 1100205103);1100205103;;FOURNISSEUR CENTRALE;;Pas de commande associée;O;26/01/2026 00:00;;25/01/2026 23:11;126.000
e1daa8bd-e7c9-4486-86e2-3d22e5acafd4;412;Réception (B.L. : 1700235099);1700235099;;FOURNISSEUR CENTRALE;;Pas de commande associée;O;27/03/2026 00:00;;27/03/2026 12:17;245.000
e1f6f394-b532-4e98-bb33-f845111a7218;412;Réception (B.L. : 1800323991);1800323991;;FOURNISSEUR CENTRALE;;Pas de commande associée;O;16/02/2026 00:00;;16/02/2026 12:12;13.000
e22265a1-6d53-4158-a97f-18685ce04e49;371;Réception (B.L. : 1800333288);1800333288;;FOURNISSEUR CENTRALE;;Pas de commande associée;O;23/03/2026 00:00;;23/03/2026 17:11;2.000
e22481e9-a5be-468d-bd41-e40138867fa5;371;Réception (B.L. : 1700228513);1700228513;;FOURNISSEUR CENTRALE;;Pas de commande associée;O;24/02/2026 00:00;;24/02/2026 12:15;868.000
e27dfd77-ede5-4225-a696-882a5effc8e5;416;Réception (B.L. : 1700219198);1700219198;;FOURNISSEUR CENTRALE;;Pas de commande associée;O;08/01/2026 00:00;;08/01/2026 12:16;4.000
e2a79389-91ef-4f64-a6b7-ede17512bb31;416;Réception (B.L. : 1700219732);1700219732;;FOURNISSEUR CENTRALE;;Pas de commande associée;O;12/01/2026 00:00;;12/01/2026 12:14;191.000
e2b602ef-1066-4657-aea2-553e7fe6986f;415;Réception (B.L. : 1100211402);1100211402;;FOURNISSEUR CENTRALE;;Pas de commande associée;O;11/03/2026 00:00;;11/03/2026 12:12;1136.000
e2f1b02b-5153-4439-9f3f-9020be03627b;416;Réception (B.L. : 1800333816);1800333816;;FOURNISSEUR CENTRALE;;Pas de commande associée;O;24/03/2026 00:00;;25/03/2026 12:25;373.200
e2fcb393-e300-4365-a40e-7a2662e1b0cd;371;Réception (B.L. : 1700230726);1700230726;;FOURNISSEUR CENTRALE;;Pas de commande associée;O;06/03/2026 00:00;;06/03/2026 12:15;168.000
e30b042e-79d2-4c93-82af-0d6651826523;416;Réception (B.L. : 1800324336);1800324336;;FOURNISSEUR CENTRALE;;Pas de commande associée;O;17/02/2026 00:00;;17/02/2026 12:12;290.000
e37f3a62-099a-40c6-b672-135651abb83a;416;Réception (B.L. : 1800315401);1800315401;;FOURNISSEUR CENTRALE;;Pas de commande associée;O;13/01/2026 00:00;;13/01/2026 12:11;18.000
e38b22c0-0b8e-4ecd-acec-d2c1428c988c;416;Réception (B.L. : 1700222172);1700222172;;FOURNISSEUR CENTRALE;;Pas de commande associée;O;22/01/2026 00:00;;23/01/2026 12:05;12.000
e3a0db3f-6291-45b2-a56c-4b41ee2c65b2;416;Réception (B.L. : 1700235875);1700235875;;FOURNISSEUR CENTRALE;;Pas de commande associée;O;01/04/2026 00:00;;01/04/2026 12:18;633.000
e3ba383e-86c8-4b7f-b67e-d37a33437fc2;415;Réception (B.L. : 1800324737);1800324737;;FOURNISSEUR CENTRALE;;Pas de commande associée;O;18/02/2026 00:00;;18/02/2026 12:23;740.550
e3bc568f-33f1-480f-918b-013afe5205cc;416;Réception (B.L. : 1800318168);1800318168;;FOURNISSEUR CENTRALE;;Pas de commande associée;O;23/01/2026 00:00;;23/01/2026 12:14;19.000
e3e4d600-b31f-46ab-8c4b-2dd1504311ad;371;Réception (B.L. : 1700232238);1700232238;;FOURNISSEUR CENTRALE;;Pas de commande associée;O;13/03/2026 00:00;;13/03/2026 12:17;151.000
e400e9f0-2e34-4937-929f-3ebf51a12528;415;Réception (B.L. : 1100204678);1100204678;;FOURNISSEUR CENTRALE;;Pas de commande associée;O;21/01/2026 00:00;;21/01/2026 17:00;48.000
e4268592-04c0-42dd-8734-b9896d7e9ef8;415;Réception (B.L. : 1700225783);1700225783;;FOURNISSEUR CENTRALE;;Pas de commande associée;O;11/02/2026 00:00;;11/02/2026 12:16;1153.000
e462d8ed-f732-4db8-8fd9-9ccdc5ef8eca;416;Réception (B.L. : 1700223037);1700223037;;FOURNISSEUR CENTRALE;;Pas de commande associée;O;28/01/2026 00:00;;28/01/2026 12:16;3.000
e4928f18-74d5-404c-b9e3-190171d5dabe;416;Réception (B.L. : 1700220619);1700220619;;FOURNISSEUR CENTRALE;;Pas de commande associée;O;15/01/2026 00:00;;16/01/2026 12:15;553.000
e4b88c3d-7261-4b6c-9075-cc77950f8c6f;416;Réception (B.L. : 1800324810);1800324810;;FOURNISSEUR CENTRALE;;Pas de commande associée;O;18/02/2026 00:00;;18/02/2026 17:10;24.000
e4e0ac3e-9809-4f06-9db0-5d120b49e3c9;416;Réception (B.L. : 1100202946);1100202946;;FOURNISSEUR CENTRALE;;Pas de commande associée;O;09/01/2026 00:00;;08/01/2026 23:15;1455.000
e50931e2-664d-4423-8028-30f24b6a8bba;371;Réception (B.L. : 1800321904);1800321904;;FOURNISSEUR CENTRALE;;Pas de commande associée;O;09/02/2026 00:00;;09/02/2026 12:11;11.658
e5d7064a-3460-4503-8bd8-4132c1dbe65e;415;Réception (B.L. : 1800330235);1800330235;;FOURNISSEUR CENTRALE;;Pas de commande associée;O;11/03/2026 00:00;;11/03/2026 12:23;36.000
e61bb535-3d97-43ab-baa9-6e10d3ca54c5;412;Réception (B.L. : 1100205811);1100205811;;FOURNISSEUR CENTRALE;;Pas de commande associée;O;30/01/2026 00:00;;30/01/2026 12:02;271.000
e65a14d0-8afb-4a9c-bad1-25b417541f48;415;Réception (B.L. : 1700226523);1700226523;;FOURNISSEUR CENTRALE;;Pas de commande associée;O;13/02/2026 00:00;;13/02/2026 12:20;186.000
e67d77a0-20d7-4b59-b6c5-64ad1fdc2e1e;371;Réception (B.L. : 1100209866);1100209866;;FOURNISSEUR CENTRALE;;Pas de commande associée;O;27/02/2026 00:00;;27/02/2026 12:14;2.000
e68490d7-4bba-4666-a69b-40e866786c26;416;Réception (B.L. : 1700226703);1700226703;;FOURNISSEUR CENTRALE;;Pas de commande associée;O;15/02/2026 00:00;;16/02/2026 12:19;482.000
e68cc283-65cf-4b61-8c5e-ed4447bcf880;412;Réception (B.L. : 1100206825);1100206825;;FOURNISSEUR CENTRALE;;Pas de commande associée;O;06/02/2026 00:00;;06/02/2026 12:13;488.000
e68cfa35-3ec8-40d1-b878-247ada1c182d;415;Réception (B.L. : 1700231445);1700231445;;FOURNISSEUR CENTRALE;;Pas de commande associée;O;09/03/2026 00:00;;09/03/2026 17:10;4.000
e69d3afb-b99b-4e56-9bc7-b39dc5aa94ea;415;Réception (B.L. : 1800325333);1800325333;;FOURNISSEUR CENTRALE;;Pas de commande associée;O;19/02/2026 00:00;;20/02/2026 12:24;40.000
e6a35901-9851-4aa2-aa08-b9e412353fc8;415;Réception (B.L. : 1200105026);1200105026;;FOURNISSEUR CENTRALE;;Pas de commande associée;O;23/02/2026 00:00;;23/02/2026 12:11;4.000
e6e53522-2e8d-474d-9e7a-986f98b9b3eb;371;Réception (B.L. : 1700221312);1700221312;;FOURNISSEUR CENTRALE;;Pas de commande associée;O;20/01/2026 00:00;;20/01/2026 12:05;17.000
e7293816-341d-4b74-ac0e-799952dd5b99;415;Réception (B.L. : 1700222188);1700222188;;FOURNISSEUR CENTRALE;;Pas de commande associée;O;22/01/2026 00:00;;23/01/2026 12:08;208.000
e745403c-62d8-425d-aa11-77c2852eff59;412;Réception (B.L. : 1700229938);1700229938;;FOURNISSEUR CENTRALE;;Pas de commande associée;O;03/03/2026 00:00;;03/03/2026 12:16;1293.000
e756f259-7cdb-402e-8b09-6098fc0ddd6d;415;Réception (B.L. : 1100203574);1100203574;;FOURNISSEUR CENTRALE;;Pas de commande associée;O;14/01/2026 00:00;;13/01/2026 23:44;917.000
e756fb6a-f19b-41ce-900b-eea9660b17c3;415;Réception (B.L. : 1800334452);1800334452;;FOURNISSEUR CENTRALE;;Pas de commande associée;O;27/03/2026 00:00;;27/03/2026 12:24;731.000
e7bea91f-7a69-41b9-9be1-f8ea4f2162e0;415;Réception (B.L. : 1700219223);1700219223;;FOURNISSEUR CENTRALE;;Pas de commande associée;O;08/01/2026 00:00;;08/01/2026 12:13;49.000
e7c28e2b-a050-4ca7-81ac-f89d997dee52;412;Réception (B.L. : 1700234275);1700234275;;FOURNISSEUR CENTRALE;;Pas de commande associée;O;24/03/2026 00:00;;24/03/2026 12:16;294.000
e7c33930-5ca7-4722-b71d-1dd372bc8ad1;415;Réception (B.L. : 1100202968);1100202968;;FOURNISSEUR CENTRALE;;Pas de commande associée;O;09/01/2026 00:00;;09/01/2026 12:11;426.000
e83f8841-a9a2-430c-b667-8f03a7153ed0;371;Réception (B.L. : 1100209752);1100209752;;FOURNISSEUR CENTRALE;;Pas de commande associée;O;26/02/2026 00:00;;27/02/2026 07:41;78.000
e84234bb-df31-477d-b072-643560836f19;371;Réception (B.L. : 1800322794);1800322794;;FOURNISSEUR CENTRALE;;Pas de commande associée;O;11/02/2026 00:00;;11/02/2026 12:12;30.000
e8593c79-f2ab-471a-b729-16e4059d9fd6;416;Réception (B.L. : 1100208944);1100208944;;FOURNISSEUR CENTRALE;;Pas de commande associée;O;20/02/2026 00:00;;20/02/2026 12:14;4.000
e85c861a-d4ed-4b81-b8e2-281678957921;412;Réception (B.L. : 1800317546);1800317546;;FOURNISSEUR CENTRALE;;Pas de commande associée;O;21/01/2026 00:00;;21/01/2026 12:13;117.900
e87525ac-571e-426d-ae65-9920760c625c;415;Réception (B.L. : 1700226454);1700226454;;FOURNISSEUR CENTRALE;;Pas de commande associée;O;13/02/2026 00:00;;13/02/2026 12:16;5.000
e879d8f0-d861-428e-93cc-cbc41e91733c;416;Réception (B.L. : 1800313205);1800313205;;FOURNISSEUR CENTRALE;;Pas de commande associée;O;02/01/2026 00:00;;02/01/2026 17:08;112.800
e8997b2c-bf67-4774-bd89-fe40ff99c8c0;415;Réception (B.L. : 1700222975);1700222975;;FOURNISSEUR CENTRALE;;Pas de commande associée;O;28/01/2026 00:00;;28/01/2026 12:15;750.000
e8d468c7-ae6e-415f-9eb3-0e047136ef79;415;Réception (B.L. : 1100211829);1100211829;;FOURNISSEUR CENTRALE;;Pas de commande associée;O;13/03/2026 00:00;;13/03/2026 12:15;6.000
e99af38e-5bd6-4041-bf13-87bc3165b243;415;Réception (B.L. : 1800332745);1800332745;;FOURNISSEUR CENTRALE;;Pas de commande associée;O;20/03/2026 00:00;;20/03/2026 12:21;543.500
e9a440c5-89f5-4cb3-b498-049f9f51856a;416;Réception (B.L. : 1800329593);1800329593;;FOURNISSEUR CENTRALE;;Pas de commande associée;O;09/03/2026 00:00;;09/03/2026 12:20;13.000
e9e6665f-2f58-422b-9aeb-abe2b8bae075;416;Réception (B.L. : 1700220201);1700220201;;FOURNISSEUR CENTRALE;;Pas de commande associée;O;14/01/2026 00:00;;14/01/2026 12:15;376.000
ea3cd8b8-0d33-4af5-ba18-62d3020c53b4;416;Réception (B.L. : 1700224286);1700224286;;FOURNISSEUR CENTRALE;;Pas de commande associée;O;03/02/2026 00:00;;04/02/2026 12:16;12.000
ea516af5-3917-45a2-825b-d746cd7d344f;412;Réception (B.L. : 1800325937);1800325937;;FOURNISSEUR CENTRALE;;Pas de commande associée;O;23/02/2026 00:00;;23/02/2026 12:10;120.600
ea790606-d009-4ef8-9277-2aa8436a5e1e;415;Réception (B.L. : 1700230170);1700230170;;FOURNISSEUR CENTRALE;;Pas de commande associée;O;04/03/2026 00:00;;04/03/2026 12:14;353.000
ea8760be-49b5-4f2e-b81a-981c3de7afbd;371;Réception (B.L. : 1700232231);1700232231;;FOURNISSEUR CENTRALE;;Pas de commande associée;O;13/03/2026 00:00;;13/03/2026 12:15;2.000
eaad2f4c-3842-42cb-9034-360df162348b;412;Réception (B.L. : 1700233755);1700233755;;FOURNISSEUR CENTRALE;;Pas de commande associée;O;20/03/2026 00:00;;20/03/2026 12:19;3.000
eac6ceef-cf07-40ba-8767-fe79d79252b2;371;Réception (B.L. : 1700226343);1700226343;;FOURNISSEUR CENTRALE;;Pas de commande associée;O;12/02/2026 00:00;;13/02/2026 12:17;629.000
eaeb87ea-633e-4ece-8047-3fe439e8698b;415;Réception (B.L. : 1800324809);1800324809;;FOURNISSEUR CENTRALE;;Pas de commande associée;O;18/02/2026 00:00;;18/02/2026 17:10;24.000
eb101556-b4bd-477a-a816-1af8aa91364c;371;Réception (B.L. : 1700224079);1700224079;;FOURNISSEUR CENTRALE;;Pas de commande associée;O;03/02/2026 00:00;;03/02/2026 12:09;1750.000
eb295ddd-e599-4ef5-8a8f-e2739ff112ed;415;Réception (B.L. : 1200107557);1200107557;;FOURNISSEUR CENTRALE;;Pas de commande associée;O;30/03/2026 00:00;;30/03/2026 12:11;3.000
eb37d671-92c1-479c-ac8e-774148b097c9;415;Réception (B.L. : 1700222973);1700222973;;FOURNISSEUR CENTRALE;;Pas de commande associée;O;28/01/2026 00:00;;28/01/2026 12:13;134.000
eb395848-6e27-470f-aace-131883ca3616;416;Réception (B.L. : 1100205062);1100205062;;FOURNISSEUR CENTRALE;;Pas de commande associée;O;24/01/2026 00:00;;24/01/2026 12:00;24.000
eb399c92-3e56-4032-b93a-8dba55943b84;415;Réception (B.L. : 1800315194);1800315194;;FOURNISSEUR CENTRALE;;Pas de commande associée;O;12/01/2026 00:00;;13/01/2026 03:17;107.000
eb502b9e-010a-4b53-a99d-9f3b3e8e1d48;416;Réception (B.L. : 1800322825);1800322825;;FOURNISSEUR CENTRALE;;Pas de commande associée;O;11/02/2026 00:00;;11/02/2026 12:20;150.000
eb76b874-2ad3-443b-8043-d58992b61ba3;416;Réception (B.L. : 1800332087);1800332087;;FOURNISSEUR CENTRALE;;Pas de commande associée;O;18/03/2026 00:00;;18/03/2026 12:29;40.000
eba0e3ba-1721-44dd-a50d-e1afc6dc5d69;415;Réception (B.L. : 1800331454);1800331454;;FOURNISSEUR CENTRALE;;Pas de commande associée;O;16/03/2026 00:00;;16/03/2026 12:23;226.000
eba463e5-4f66-49ff-a8c6-b1853aaacdff;415;Réception (B.L. : 1800317597);1800317597;;FOURNISSEUR CENTRALE;;Pas de commande associée;O;21/01/2026 00:00;;21/01/2026 12:25;10.000
ebbf2867-6fdf-4542-83ae-4767422bfa28;412;Réception (B.L. : 1800327874);1800327874;;FOURNISSEUR CENTRALE;;Pas de commande associée;O;02/03/2026 00:00;;02/03/2026 17:11;4.000
ebc4b2e3-aa9c-459c-a8de-fd7cd7a8a586;416;Réception (B.L. : 1100206847);1100206847;;FOURNISSEUR CENTRALE;;Pas de commande associée;O;06/02/2026 00:00;;06/02/2026 12:14;4.000
ebd06a08-122e-4194-bf5b-5f8c66e30329;371;Réception (B.L. : 1700224075);1700224075;;FOURNISSEUR CENTRALE;;Pas de commande associée;O;03/02/2026 00:00;;03/02/2026 12:05;789.000
ebff9f65-aac1-49ac-ae2f-a0348763f82e;412;Réception (B.L. : 1800328416);1800328416;;FOURNISSEUR CENTRALE;;Pas de commande associée;O;04/03/2026 00:00;;04/03/2026 12:10;12.500
ec0e787f-14a8-47e2-97ec-b4a37440b8d7;416;Réception (B.L. : 1700221597);1700221597;;FOURNISSEUR CENTRALE;;Pas de commande associée;O;20/01/2026 00:00;;21/01/2026 12:15;848.000
ec1908fd-6c93-41c6-af45-084c39254018;412;Réception (B.L. : 1700229940);1700229940;;FOURNISSEUR CENTRALE;;Pas de commande associée;O;03/03/2026 00:00;;03/03/2026 12:18;1832.000
ec2f99b1-fbbf-42da-b052-dcb18967b3f3;412;Réception (B.L. : 1800320202);1800320202;;FOURNISSEUR CENTRALE;;Pas de commande associée;O;02/02/2026 00:00;;02/02/2026 12:10;118.400
ec4cacf1-4a8e-4899-8c23-5cc487955f1f;371;Réception (B.L. : 1700230728);1700230728;;FOURNISSEUR CENTRALE;;Pas de commande associée;O;06/03/2026 00:00;;06/03/2026 12:17;92.000
ec4e5b45-1dfe-453d-af1e-a4e8ba687a6d;371;Réception (B.L. : 1800335590);1800335590;;FOURNISSEUR CENTRALE;;Pas de commande associée;O;01/04/2026 00:00;;01/04/2026 12:12;6.000
ec58196b-9128-45bd-bca5-41c720ec7037;415;Réception (B.L. : 1200102141);1200102141;;FOURNISSEUR CENTRALE;;Pas de commande associée;O;19/01/2026 00:00;;19/01/2026 17:10;10.000
ec60beaa-5032-4711-9ded-1fbae41f59f6;371;Réception (B.L. : 1200103630);1200103630;;FOURNISSEUR CENTRALE;;Pas de commande associée;O;07/02/2026 00:00;;07/02/2026 12:00;1.000
ec676a62-76b4-42cc-883d-df3c782551df;416;Réception (B.L. : 1800326619);1800326619;;FOURNISSEUR CENTRALE;;Pas de commande associée;O;25/02/2026 00:00;;25/02/2026 12:22;73.000
ec76a734-8342-450f-af96-d86012f7bbcd;412;Réception (B.L. : 1100209364);1100209364;;FOURNISSEUR CENTRALE;;Pas de commande associée;O;24/02/2026 00:00;;23/02/2026 23:30;778.000
ec8c630d-337a-4719-8e76-e9d478d76768;371;Réception (B.L. : 1700222732);1700222732;;FOURNISSEUR CENTRALE;;Pas de commande associée;O;27/01/2026 00:00;;27/01/2026 12:09;4.000
ece26d4a-5d4b-44d7-b7c0-fd6fe63d5689;371;Réception (B.L. : 1700221310);1700221310;;FOURNISSEUR CENTRALE;;Pas de commande associée;O;20/01/2026 00:00;;20/01/2026 12:03;278.000
ecebd27a-e3f8-495e-adcc-604b228ebc49;416;Réception (B.L. : 1700230322);1700230322;;FOURNISSEUR CENTRALE;;Pas de commande associée;O;04/03/2026 00:00;;04/03/2026 12:16;408.000
ecf61ec3-e878-40b3-a21e-08274c0acddf;415;Réception (B.L. : 1100206808);1100206808;;FOURNISSEUR CENTRALE;;Pas de commande associée;O;06/02/2026 00:00;;06/02/2026 12:14;18.000
ecf7f034-e8fd-49fc-99e7-b750019cf60a;416;Réception (B.L. : 1700224021);1700224021;;FOURNISSEUR CENTRALE;;Pas de commande associée;O;02/02/2026 00:00;;02/02/2026 17:11;30.000
ed044e80-ee75-43b5-8bcd-2a82456ad2bf;415;Réception (B.L. : 1700222187);1700222187;;FOURNISSEUR CENTRALE;;Pas de commande associée;O;22/01/2026 00:00;;23/01/2026 12:07;233.000
ed147d7b-d1d9-4c48-a951-d71e1eb778e8;416;Réception (B.L. : 1700234486);1700234486;;FOURNISSEUR CENTRALE;;Pas de commande associée;O;24/03/2026 00:00;;25/03/2026 12:20;5.000
ed3187e3-8615-47e3-8f5b-ba342f65d620;412;Réception (B.L. : 1100210692);1100210692;;FOURNISSEUR CENTRALE;;Pas de commande associée;O;06/03/2026 00:00;;06/03/2026 12:13;1068.000
ed5ad9b3-09e3-4a30-bec4-556c82b84ddf;416;Réception (B.L. : 1700233698);1700233698;;FOURNISSEUR CENTRALE;;Pas de commande associée;O;19/03/2026 00:00;;20/03/2026 12:15;638.000
ed681dc4-ed1b-4d19-9ab2-50a911a7cf3b;416;Réception (B.L. : 1700231918);1700231918;;FOURNISSEUR CENTRALE;;Pas de commande associée;O;11/03/2026 00:00;;11/03/2026 12:20;140.000
edbafd71-df37-48cd-b43d-9b037c2d82d2;416;Réception (B.L. : 1800329012);1800329012;;FOURNISSEUR CENTRALE;;Pas de commande associée;O;05/03/2026 00:00;;06/03/2026 12:23;644.540
ee0413fb-89c1-42ea-899c-ad774ff12b01;415;Réception (B.L. : 1700224290);1700224290;;FOURNISSEUR CENTRALE;;Pas de commande associée;O;04/02/2026 00:00;;04/02/2026 12:16;346.000
ee11ae61-75de-4509-bfeb-59ec72379d25;416;Réception (B.L. : 1700230326);1700230326;;FOURNISSEUR CENTRALE;;Pas de commande associée;O;04/03/2026 00:00;;04/03/2026 12:20;30.000
ee1b75e4-7d45-414f-a3de-5a4ed389fa2b;415;Réception (B.L. : 1800314266);1800314266;;FOURNISSEUR CENTRALE;;Pas de commande associée;O;07/01/2026 00:00;;07/01/2026 12:15;178.323
ee2c9309-bf29-43d5-a36b-8a4cf0083e0b;415;Réception (B.L. : 1100209802);1100209802;;FOURNISSEUR CENTRALE;;Pas de commande associée;O;27/02/2026 00:00;;27/02/2026 12:14;54.000
ee40c68f-d292-492f-88f7-c904187518a5;416;Réception (B.L. : 1700225296);1700225296;;FOURNISSEUR CENTRALE;;Pas de commande associée;O;09/02/2026 00:00;;09/02/2026 12:13;1141.000
ee415596-f120-405d-83ce-e847fd7daaae;371;Réception (B.L. : 1100214723);1100214723;;FOURNISSEUR CENTRALE;;Pas de commande associée;O;30/03/2026 00:00;;30/03/2026 17:11;144.000
ee5d6d72-95f3-42ec-9db9-4e631e88053e;371;Réception (B.L. : 1700232239);1700232239;;FOURNISSEUR CENTRALE;;Pas de commande associée;O;13/03/2026 00:00;;13/03/2026 12:18;116.000
eeafc1a6-4644-434c-ab1c-df32f20bd181;412;Réception (B.L. : 1200103720);1200103720;;FOURNISSEUR CENTRALE;;Pas de commande associée;O;09/02/2026 00:00;;09/02/2026 17:10;54.000
eeb95f44-ec69-43ef-af07-0c72443bb348;416;Réception (B.L. : 1200102775);1200102775;;FOURNISSEUR CENTRALE;;Pas de commande associée;O;27/01/2026 00:00;;27/01/2026 12:01;207.000
eee927b8-8d56-4078-988a-8d3b8ba68309;412;Réception (B.L. : 1800316958);1800316958;;FOURNISSEUR CENTRALE;;Pas de commande associée;O;19/01/2026 00:00;;19/01/2026 12:10;103.200
eeee7d47-7320-467b-9a32-bc79dcbac05d;412;Réception (B.L. : 1700221324);1700221324;;FOURNISSEUR CENTRALE;;Pas de commande associée;O;20/01/2026 00:00;;20/01/2026 12:12;124.000
eeeea628-150d-432c-9c3f-813a0f5e7257;412;Réception (B.L. : 1800321348);1800321348;;FOURNISSEUR CENTRALE;;Pas de commande associée;O;06/02/2026 00:00;;06/02/2026 12:26;348.000
ef224b70-319d-4d6b-a705-d10d5653d65a;415;Réception (B.L. : 1100210999);1100210999;;FOURNISSEUR CENTRALE;;Pas de commande associée;O;09/03/2026 00:00;;08/03/2026 23:20;1846.000
ef2dbc35-d733-4346-b3e1-7e478c857faa;412;Réception (B.L. : 1100210118);1100210118;;FOURNISSEUR CENTRALE;;Pas de commande associée;O;02/03/2026 00:00;;02/03/2026 17:10;60.000
ef5267be-e01d-4c7d-955b-ea26304cf360;412;Réception (B.L. : 1800322811);1800322811;;FOURNISSEUR CENTRALE;;Pas de commande associée;O;11/02/2026 00:00;;11/02/2026 12:10;280.400
eff1913f-d98e-4138-b9ce-b74006cd0909;415;Réception (B.L. : 1700219316);1700219316;;FOURNISSEUR CENTRALE;;Pas de commande associée;O;09/01/2026 00:00;;09/01/2026 12:15;139.000
f0074514-4044-4f48-ae6a-174313165a2f;416;Réception (B.L. : 1100209116);1100209116;;FOURNISSEUR CENTRALE;;Pas de commande associée;O;21/02/2026 00:00;;21/02/2026 12:10;6.000
f02b544e-15cc-4b04-ab6c-a2743e170e4d;412;Réception (B.L. : 1700234278);1700234278;;FOURNISSEUR CENTRALE;;Pas de commande associée;O;24/03/2026 00:00;;24/03/2026 12:19;16.000
f0398867-84d2-459a-95e0-a20b23517f3e;416;Réception (B.L. : 1700234035);1700234035;;FOURNISSEUR CENTRALE;;Pas de commande associée;O;23/03/2026 00:00;;23/03/2026 12:15;6.000
f07f671f-aa69-43ea-ab97-b7f4b02a1625;415;Réception (B.L. : 1800332083);1800332083;;FOURNISSEUR CENTRALE;;Pas de commande associée;O;18/03/2026 00:00;;18/03/2026 12:28;40.000
f0848167-8aa4-4996-9545-109fcd3f5876;412;Réception (B.L. : 1100205898);1100205898;;FOURNISSEUR CENTRALE;;Pas de commande associée;O;30/01/2026 00:00;;30/01/2026 12:04;1.000
f0ca369d-f36e-4989-a65b-ce96d2c89057;416;Réception (B.L. : 1100212922);1100212922;;FOURNISSEUR CENTRALE;;Pas de commande associée;O;20/03/2026 00:00;;20/03/2026 12:12;1780.000
f0ed4736-7ac8-474c-8966-71a7f384febb;415;Réception (B.L. : 1700223908);1700223908;;FOURNISSEUR CENTRALE;;Pas de commande associée;O;02/02/2026 00:00;;02/02/2026 12:19;3.000
f0fae6cc-33c6-4dba-a57a-b061df9baafa;412;Réception (B.L. : 1800332734);1800332734;;FOURNISSEUR CENTRALE;;Pas de commande associée;O;20/03/2026 00:00;;20/03/2026 12:20;100.000
f1069119-d030-4618-b0a5-96fa47dbf209;416;Réception (B.L. : 1800314784);1800314784;;FOURNISSEUR CENTRALE;;Pas de commande associée;O;09/01/2026 00:00;;09/01/2026 12:18;10.000
f151bc0f-92d7-4fab-aded-410aafd244e0;415;Réception (B.L. : 1800319289);1800319289;;FOURNISSEUR CENTRALE;;Pas de commande associée;O;28/01/2026 00:00;;28/01/2026 12:26;42.000
f15391c2-3849-42a3-a4d2-597d075fc2d0;416;Réception (B.L. : 1700229454);1700229454;;FOURNISSEUR CENTRALE;;Pas de commande associée;O;27/02/2026 00:00;;27/02/2026 12:21;3.000
f154eef2-0e96-4618-a248-79936e4e79a1;416;Réception (B.L. : 1700220714);1700220714;;FOURNISSEUR CENTRALE;;Pas de commande associée;O;16/01/2026 00:00;;16/01/2026 12:20;5.000
f190884f-e84b-483b-9931-aa622bdf6f8a;415;Réception (B.L. : 1100208941);1100208941;;FOURNISSEUR CENTRALE;;Pas de commande associée;O;20/02/2026 00:00;;20/02/2026 12:16;6.000
f1c01e3a-3702-4486-9bad-4e3a4f566bd7;371;Réception (B.L. : 1200105979);1200105979;;FOURNISSEUR CENTRALE;;Pas de commande associée;O;06/03/2026 00:00;;06/03/2026 17:11;1.000
f1d295a8-2a63-4222-ac5f-f7fcb0384e38;371;Réception (B.L. : 1800331476);1800331476;;FOURNISSEUR CENTRALE;;Pas de commande associée;O;16/03/2026 00:00;;16/03/2026 12:13;3.000
f1f745de-be70-4014-b2e2-c8cb3f65ce44;371;Réception (B.L. : 1100210656);1100210656;;FOURNISSEUR CENTRALE;;Pas de commande associée;O;05/03/2026 00:00;;05/03/2026 17:13;72.000
f20b7fb1-fc8f-4471-b6a0-e64fccc539e8;416;Réception (B.L. : 1800331484);1800331484;;FOURNISSEUR CENTRALE;;Pas de commande associée;O;16/03/2026 00:00;;16/03/2026 12:25;14.000
f234c225-c8ce-4719-9455-e6906c6339f2;415;Réception (B.L. : 1800319222);1800319222;;FOURNISSEUR CENTRALE;;Pas de commande associée;O;28/01/2026 00:00;;28/01/2026 12:23;273.200
f2380662-e8d1-4c0e-b43b-7f6a87a5b870;415;Réception (B.L. : 1700218318);1700218318;;FOURNISSEUR CENTRALE;;Pas de commande associée;O;05/01/2026 00:00;;05/01/2026 12:11;286.000
f263a730-2dbe-40cd-96d3-4dc299951319;415;Réception (B.L. : 1700234479);1700234479;;FOURNISSEUR CENTRALE;;Pas de commande associée;O;24/03/2026 00:00;;25/03/2026 12:18;280.000
f2b0f9b0-23f2-4837-a716-0081066761f6;416;Réception (B.L. : 1700228785);1700228785;;FOURNISSEUR CENTRALE;;Pas de commande associée;O;24/02/2026 00:00;;24/02/2026 17:01;60.000
f2bb0177-e406-4661-a26e-d6330931feaa;412;Réception (B.L. : 1700230906);1700230906;;FOURNISSEUR CENTRALE;;Pas de commande associée;O;06/03/2026 00:00;;06/03/2026 12:20;481.000
f3196f2b-46a5-4ad0-8847-d4194ae2c377;415;Réception (B.L. : 1700225785);1700225785;;FOURNISSEUR CENTRALE;;Pas de commande associée;O;11/02/2026 00:00;;11/02/2026 12:18;18.000
f31974a0-2c49-470d-a2d6-4caef6278bcf;412;Réception (B.L. : 1800319240);1800319240;;FOURNISSEUR CENTRALE;;Pas de commande associée;O;28/01/2026 00:00;;28/01/2026 12:10;476.000
f340a1b2-5119-4307-8a3e-1f6f4e01e5b7;412;Réception (B.L. : 1100209027);1100209027;;FOURNISSEUR CENTRALE;;Pas de commande associée;O;20/02/2026 00:00;;20/02/2026 12:14;3.000
f35b3c60-352d-4db0-a098-15d770dd83c7;412;Réception (B.L. : 1700230904);1700230904;;FOURNISSEUR CENTRALE;;Pas de commande associée;O;06/03/2026 00:00;;06/03/2026 12:18;3372.000
f36886d8-90a8-4546-a633-9b69a60ca250;412;Réception (B.L. : 1700222702);1700222702;;FOURNISSEUR CENTRALE;;Pas de commande associée;O;26/01/2026 00:00;;27/01/2026 12:09;200.000
f378798c-2dee-4bd7-a271-2419f0e9b52b;415;Réception (B.L. : 1700220237);1700220237;;FOURNISSEUR CENTRALE;;Pas de commande associée;O;14/01/2026 00:00;;14/01/2026 12:14;32.000
f3a2a37f-1dce-4e8c-9bc5-4e4816cff9e4;371;Réception (B.L. : 1800332721);1800332721;;FOURNISSEUR CENTRALE;;Pas de commande associée;O;20/03/2026 00:00;;20/03/2026 12:17;386.700
f3aed2f4-f658-4536-b210-15ee1c44da53;416;Réception (B.L. : 1700228259);1700228259;;FOURNISSEUR CENTRALE;;Pas de commande associée;O;23/02/2026 00:00;;23/02/2026 12:15;40.000
f3af3722-fb52-41fa-a417-b232c838713a;412;Réception (B.L. : 1700224084);1700224084;;FOURNISSEUR CENTRALE;;Pas de commande associée;O;03/02/2026 00:00;;03/02/2026 12:08;2549.000
f3b18fab-be5c-4e27-87c1-2bddebdac33e;412;Réception (B.L. : 1700235659);1700235659;;FOURNISSEUR CENTRALE;;Pas de commande associée;O;31/03/2026 00:00;;31/03/2026 12:20;2.000
f3e381f4-8047-49f2-a690-4d43e3aec65a;412;Réception (B.L. : 1100204839);1100204839;;FOURNISSEUR CENTRALE;;Pas de commande associée;O;23/01/2026 00:00;;23/01/2026 12:01;148.000
f3f6737b-4e44-4da5-87c9-c95f169f0c73;416;Réception (B.L. : 1200102777);1200102777;;FOURNISSEUR CENTRALE;;Pas de commande associée;O;27/01/2026 00:00;;27/01/2026 12:02;78.000
f42d9101-c95a-4f08-800f-758a962d242f;371;Réception (B.L. : 1800321903);1800321903;;FOURNISSEUR CENTRALE;;Pas de commande associée;O;09/02/2026 00:00;;09/02/2026 12:10;62.000
f4351b5d-68bc-4fc7-8309-828d03563a93;371;Réception (B.L. : 1800316517);1800316517;;FOURNISSEUR CENTRALE;;Pas de commande associée;O;16/01/2026 00:00;;16/01/2026 17:01;1.000
f4633883-90bd-4f13-88e4-cdb8a7523e98;412;Réception (B.L. : 1800324664);1800324664;;FOURNISSEUR CENTRALE;;Pas de commande associée;O;18/02/2026 00:00;;18/02/2026 12:10;92.000
f482a041-2adc-4276-898c-345598e7ea57;415;Réception (B.L. : 1700230177);1700230177;;FOURNISSEUR CENTRALE;;Pas de commande associée;O;04/03/2026 00:00;;04/03/2026 12:21;3.000
f495c502-d579-4bc3-9192-4349126e3a23;415;Réception (B.L. : 1700224292);1700224292;;FOURNISSEUR CENTRALE;;Pas de commande associée;O;04/02/2026 00:00;;04/02/2026 12:18;109.000
f4c308c3-93ea-4f08-8483-f4365c26226e;412;Réception (B.L. : 1100214767);1100214767;;FOURNISSEUR CENTRALE;;Pas de commande associée;O;31/03/2026 00:00;;31/03/2026 12:12;950.000
f4c4ab1e-a0ee-42df-aaac-a79e0fcf38f8;416;Réception (B.L. : 1200102778);1200102778;;FOURNISSEUR CENTRALE;;Pas de commande associée;O;27/01/2026 00:00;;27/01/2026 12:03;29.000
f4e2e259-2caf-4f20-aa92-8196f0e2f0e1;415;Réception (B.L. : 1800317572);1800317572;;FOURNISSEUR CENTRALE;;Pas de commande associée;O;21/01/2026 00:00;;21/01/2026 12:24;11.000
f55aa640-51cf-4cc3-95ba-670f25ef1ed1;371;Réception (B.L. : 1800328983);1800328983;;FOURNISSEUR CENTRALE;;Pas de commande associée;O;05/03/2026 00:00;;06/03/2026 12:25;380.468
f58e1664-2521-4e51-98cf-e5975501f32e;415;Réception (B.L. : 1800335574);1800335574;;FOURNISSEUR CENTRALE;;Pas de commande associée;O;01/04/2026 00:00;;01/04/2026 12:17;92.000
f5950999-a0aa-41e7-bfcd-ec3f3c81158d;371;Réception (B.L. : 1700222684);1700222684;;FOURNISSEUR CENTRALE;;Pas de commande associée;O;26/01/2026 00:00;;27/01/2026 12:05;270.000
f5b70e44-19bf-44bb-a801-a2b51326d5b8;371;Réception (B.L. : 1700225563);1700225563;;FOURNISSEUR CENTRALE;;Pas de commande associée;O;10/02/2026 00:00;;10/02/2026 12:17;24.000
f5d3722b-6509-4dfb-8bd9-0a1fd98d6579;371;Réception (B.L. : 1800335546);1800335546;;FOURNISSEUR CENTRALE;;Pas de commande associée;O;01/04/2026 00:00;;01/04/2026 12:11;81.400
f5ecbcc2-844a-4a9e-834b-bddf54979caa;416;Réception (B.L. : 1800315375);1800315375;;FOURNISSEUR CENTRALE;;Pas de commande associée;O;13/01/2026 00:00;;13/01/2026 12:10;306.400
f60012d1-0a96-43f5-883b-e16ae62f65bf;415;Réception (B.L. : 1800330265);1800330265;;FOURNISSEUR CENTRALE;;Pas de commande associée;O;11/03/2026 00:00;;11/03/2026 12:25;56.000
f64476c1-aae3-4282-880e-e5f381189743;416;Réception (B.L. : 1700224284);1700224284;;FOURNISSEUR CENTRALE;;Pas de commande associée;O;03/02/2026 00:00;;04/02/2026 12:14;428.000
f66ce488-807f-4f61-9c38-3493aae8e111;415;Réception (B.L. : 1800323440);1800323440;;FOURNISSEUR CENTRALE;;Pas de commande associée;O;13/02/2026 00:00;;13/02/2026 12:30;1200.000
f6727241-41dc-4f38-8ce7-2bbf0a50b72b;416;Réception (B.L. : 1100203218);1100203218;;FOURNISSEUR CENTRALE;;Pas de commande associée;O;12/01/2026 00:00;;11/01/2026 23:20;24.000
f67ca37c-a9af-4aab-ba7e-f1ca060cdd7a;416;Réception (B.L. : 1800330240);1800330240;;FOURNISSEUR CENTRALE;;Pas de commande associée;O;11/03/2026 00:00;;11/03/2026 12:24;464.500
f6a77378-eaf0-4775-bd63-f64df365ff0b;416;Réception (B.L. : 1100203577);1100203577;;FOURNISSEUR CENTRALE;;Pas de commande associée;O;14/01/2026 00:00;;13/01/2026 23:45;1985.000
f6b35230-e1a6-412d-9db4-8a19172493a9;416;Réception (B.L. : 1100212495);1100212495;;FOURNISSEUR CENTRALE;;Pas de commande associée;O;18/03/2026 00:00;;18/03/2026 12:15;2.000
f6b7e207-0e85-4997-97d5-7805e480f324;415;Réception (B.L. : 1100209112);1100209112;;FOURNISSEUR CENTRALE;;Pas de commande associée;O;21/02/2026 00:00;;21/02/2026 12:10;126.000
f6ca3dfb-a672-4229-abe3-2fcf228ecb04;371;Réception (B.L. : 1800332138);1800332138;;FOURNISSEUR CENTRALE;;Pas de commande associée;O;18/03/2026 00:00;;18/03/2026 12:11;4.000
f6dace17-626d-489f-8061-4725465a3a3b;416;Réception (B.L. : 1800329035);1800329035;;FOURNISSEUR CENTRALE;;Pas de commande associée;O;06/03/2026 00:00;;06/03/2026 12:25;48.000
f719271a-e917-4407-998c-84c78760642b;361;Réception (B.L. : 1700230627);1700230627;;FOURNISSEUR CENTRALE;;Pas de commande associée;O;05/03/2026 00:00;;05/03/2026 17:10;240.000
f76fd363-0b99-4b9f-814b-a600a4e5c35e;416;Réception (B.L. : 1700222176);1700222176;;FOURNISSEUR CENTRALE;;Pas de commande associée;O;22/01/2026 00:00;;23/01/2026 12:09;34.000
f7a07959-b341-4425-95c9-68c5dac1171d;416;Réception (B.L. : 1700233699);1700233699;;FOURNISSEUR CENTRALE;;Pas de commande associée;O;19/03/2026 00:00;;20/03/2026 12:16;531.000
f7e9848a-d40b-449b-ac4a-05a0fc07c588;412;Réception (B.L. : 1100213484);1100213484;;FOURNISSEUR CENTRALE;;Pas de commande associée;O;24/03/2026 00:00;;24/03/2026 12:11;1474.000
f85df226-1e3b-4d4d-850a-08b1336a0b67;415;Réception (B.L. : 1700220916);1700220916;;FOURNISSEUR CENTRALE;;Pas de commande associée;O;16/01/2026 00:00;;16/01/2026 17:02;12.000
f86c898d-afff-4d59-9c2e-9a87d0dd6810;415;Réception (B.L. : 1100207512);1100207512;;FOURNISSEUR CENTRALE;;Pas de commande associée;O;10/02/2026 00:00;;10/02/2026 17:12;12.000
f8a7cdbb-08bb-42c9-a82e-4853f57ca543;412;Réception (B.L. : 1700232801);1700232801;;FOURNISSEUR CENTRALE;;Pas de commande associée;O;17/03/2026 00:00;;17/03/2026 12:17;16.000
f8b3e843-ffd7-4bc7-9038-b6e553736734;416;Réception (B.L. : 1700220199);1700220199;;FOURNISSEUR CENTRALE;;Pas de commande associée;O;14/01/2026 00:00;;14/01/2026 12:13;512.000
f8f9b70d-f5f1-4f6a-bbc7-d2d16c38e5df;415;Réception (B.L. : 1100204867);1100204867;;FOURNISSEUR CENTRALE;;Pas de commande associée;O;23/01/2026 00:00;;23/01/2026 12:04;30.000
f91c8ff5-94c4-43c9-9823-9936b45b9118;415;Réception (B.L. : 1100212919);1100212919;;FOURNISSEUR CENTRALE;;Pas de commande associée;O;20/03/2026 00:00;;20/03/2026 12:11;626.000
f925603a-f12f-4d75-b09f-e4a73dfcbf01;416;Réception (B.L. : 1800333813);1800333813;;FOURNISSEUR CENTRALE;;Pas de commande associée;O;24/03/2026 00:00;;25/03/2026 12:22;14.000
f95afafc-7649-411d-baaa-2b2e9fb91756;416;Réception (B.L. : 1100205448);1100205448;;FOURNISSEUR CENTRALE;;Pas de commande associée;O;28/01/2026 00:00;;27/01/2026 23:33;1400.000
f985ab15-c7bf-430b-8580-fce33587eaca;371;Réception (B.L. : 1200106060);1200106060;;FOURNISSEUR CENTRALE;;Pas de commande associée;O;09/03/2026 00:00;;09/03/2026 12:10;42.000
f98b41f3-c457-4590-b6b3-789e56befb2e;415;Réception (B.L. : 1700226846);1700226846;;FOURNISSEUR CENTRALE;;Pas de commande associée;O;16/02/2026 00:00;;16/02/2026 12:15;4.000
f9a82bcf-3b21-45a0-9f2f-6e1e8692929f;415;Réception (B.L. : 1100203215);1100203215;;FOURNISSEUR CENTRALE;;Pas de commande associée;O;12/01/2026 00:00;;11/01/2026 23:20;6.000
f9ac0486-0a4e-4b25-b472-7ec42cf41e94;415;Réception (B.L. : 1800316962);1800316962;;FOURNISSEUR CENTRALE;;Pas de commande associée;O;19/01/2026 00:00;;19/01/2026 12:21;654.833
f9cd854c-7247-4411-8591-7ff9a5056f8e;416;Réception (B.L. : 1700232178);1700232178;;FOURNISSEUR CENTRALE;;Pas de commande associée;O;13/03/2026 00:00;;13/03/2026 12:16;552.000
fa09482f-fa5f-4f8a-a6de-a9c7d8756120;371;Réception (B.L. : 1700227778);1700227778;;FOURNISSEUR CENTRALE;;Pas de commande associée;O;19/02/2026 00:00;;20/02/2026 12:15;288.000
fa49f39f-dc0d-45eb-b2ab-c48145a8b137;415;Réception (B.L. : 1800334987);1800334987;;FOURNISSEUR CENTRALE;;Pas de commande associée;O;30/03/2026 00:00;;30/03/2026 17:12;29.000
fa52cd25-d201-40f7-b9e7-61bd18402c03;415;Réception (B.L. : 1800330860);1800330860;;FOURNISSEUR CENTRALE;;Pas de commande associée;O;13/03/2026 00:00;;13/03/2026 12:26;7.000
fa8211bf-1338-4c5d-8744-c60690f24cff;415;Réception (B.L. : 1700229786);1700229786;;FOURNISSEUR CENTRALE;;Pas de commande associée;O;02/03/2026 00:00;;02/03/2026 12:17;10.000
faf0dd00-67b2-46e1-b892-59554091eb53;415;Réception (B.L. : 1800329008);1800329008;;FOURNISSEUR CENTRALE;;Pas de commande associée;O;05/03/2026 00:00;;06/03/2026 12:25;764.000
faf41880-c866-4326-b2de-ad36fc1b17c7;416;Réception (B.L. : 1100208098);1100208098;;FOURNISSEUR CENTRALE;;Pas de commande associée;O;16/02/2026 00:00;;16/02/2026 12:11;1666.000
fb04df75-1f98-42c6-8739-9d89fda98ed8;415;Réception (B.L. : 1800321386);1800321386;;FOURNISSEUR CENTRALE;;Pas de commande associée;O;06/02/2026 00:00;;06/02/2026 12:27;6.000
fb3d02aa-abd9-419a-9c80-af6378d306de;412;Réception (B.L. : 1200107329);1200107329;;FOURNISSEUR CENTRALE;;Pas de commande associée;O;27/03/2026 00:00;;27/03/2026 12:11;80.000
fb423d27-276e-4f25-8865-f40e5a43bbfc;415;Réception (B.L. : 1700233073);1700233073;;FOURNISSEUR CENTRALE;;Pas de commande associée;O;18/03/2026 00:00;;18/03/2026 12:26;6.000
fb463ce6-4af5-421a-91d3-055a579ac32a;412;Réception (B.L. : 1800327328);1800327328;;FOURNISSEUR CENTRALE;;Pas de commande associée;O;26/02/2026 00:00;;27/02/2026 12:12;452.800
fb4c1576-058f-4267-8125-350f571862b2;412;Réception (B.L. : 1700224782);1700224782;;FOURNISSEUR CENTRALE;;Pas de commande associée;O;05/02/2026 00:00;;06/02/2026 12:19;478.000
fb53b6b8-f09b-46a2-8581-5ff2b4f668c7;416;Réception (B.L. : 1100212084);1100212084;;FOURNISSEUR CENTRALE;;Pas de commande associée;O;16/03/2026 00:00;;16/03/2026 12:12;1426.000
fb7362a3-1846-4dd6-846c-016cd555b562;371;Réception (B.L. : 1200105839);1200105839;;FOURNISSEUR CENTRALE;;Pas de commande associée;O;05/03/2026 00:00;;05/03/2026 17:12;78.000
fb74ed6c-d964-4d20-91db-20391fd8eafa;416;Réception (B.L. : 1100212921);1100212921;;FOURNISSEUR CENTRALE;;Pas de commande associée;O;20/03/2026 00:00;;20/03/2026 12:11;1292.000
fb8b7dee-5a16-4a23-9699-c169b98f6a13;415;Réception (B.L. : 1200105027);1200105027;;FOURNISSEUR CENTRALE;;Pas de commande associée;O;23/02/2026 00:00;;23/02/2026 12:12;110.000
fb959418-5791-40a2-9e75-ff89d6931a77;415;Réception (B.L. : 1100211444);1100211444;;FOURNISSEUR CENTRALE;;Pas de commande associée;O;11/03/2026 00:00;;11/03/2026 12:13;4.000
fb9fd9cb-5219-4b07-93f0-c4dbbe6af793;415;Réception (B.L. : 1800323437);1800323437;;FOURNISSEUR CENTRALE;;Pas de commande associée;O;13/02/2026 00:00;;13/02/2026 12:27;200.000
fc033bc9-c5c0-40c2-a6f3-7526e7ef443b;371;Réception (B.L. : 1800328982);1800328982;;FOURNISSEUR CENTRALE;;Pas de commande associée;O;05/03/2026 00:00;;06/03/2026 12:24;12.000
fc23073b-6a16-4285-973b-c6763c39e800;371;Réception (B.L. : 1100206820);1100206820;;FOURNISSEUR CENTRALE;;Pas de commande associée;O;06/02/2026 00:00;;06/02/2026 12:14;36.000
fc35ed8c-2ec7-4171-ba99-81155bd2edbc;371;Réception (B.L. : 1100206196);1100206196;;FOURNISSEUR CENTRALE;;Pas de commande associée;O;03/02/2026 00:00;;03/02/2026 12:02;447.000
fc35f7a8-c874-498f-8ed6-084991a41023;415;Réception (B.L. : 1100205061);1100205061;;FOURNISSEUR CENTRALE;;Pas de commande associée;O;24/01/2026 00:00;;24/01/2026 12:00;54.000
fc826dd9-e430-429e-b497-3605a78346bb;371;Réception (B.L. : 1100212283);1100212283;;FOURNISSEUR CENTRALE;;Pas de commande associée;O;17/03/2026 00:00;;17/03/2026 12:12;36.000
fc87ec18-d086-43bc-b2e8-92061ae31d20;415;Réception (B.L. : 1800327327);1800327327;;FOURNISSEUR CENTRALE;;Pas de commande associée;O;26/02/2026 00:00;;27/02/2026 12:25;968.200
fcabf2c3-bbd9-4216-b998-c4fa781c8bf2;415;Réception (B.L. : 1800314284);1800314284;;FOURNISSEUR CENTRALE;;Pas de commande associée;O;07/01/2026 00:00;;07/01/2026 12:16;11.000
fcd7ad4c-b250-49ed-8653-eb497bfef409;416;Réception (B.L. : 1700234598);1700234598;;FOURNISSEUR CENTRALE;;Pas de commande associée;O;25/03/2026 00:00;;25/03/2026 12:21;2.000
fcef1898-f8e1-4baf-94ae-3e2520ab864a;415;Réception (B.L. : 1200103066);1200103066;;FOURNISSEUR CENTRALE;;Pas de commande associée;O;02/02/2026 00:00;;02/02/2026 12:10;5.000
fd326f27-6af5-4eb0-8a9d-9fd1942c9fe6;415;Réception (B.L. : 1100208889);1100208889;;FOURNISSEUR CENTRALE;;Pas de commande associée;O;20/02/2026 00:00;;20/02/2026 12:15;54.000
fd36779a-4e57-4de2-8f7b-252fc3a20f89;416;Réception (B.L. : 1100212394);1100212394;;FOURNISSEUR CENTRALE;;Pas de commande associée;O;18/03/2026 00:00;;18/03/2026 12:11;1174.000
fd46b0d1-cbd2-4ba0-a8c0-057edca25a35;412;Réception (B.L. : 1100207889);1100207889;;FOURNISSEUR CENTRALE;;Pas de commande associée;O;13/02/2026 00:00;;13/02/2026 12:14;637.000
fd52c79d-307e-441d-8ca1-f4b6427fccae;371;Réception (B.L. : 1700225124);1700225124;;FOURNISSEUR CENTRALE;;Pas de commande associée;O;06/02/2026 00:00;;06/02/2026 17:10;200.000
fd5c04fe-41e8-49c7-8752-afae4e45acfa;371;Réception (B.L. : 1700228515);1700228515;;FOURNISSEUR CENTRALE;;Pas de commande associée;O;24/02/2026 00:00;;24/02/2026 12:17;4.000
fdc187cd-9508-47e8-bf39-4485dcc766bf;415;Réception (B.L. : 1100204289);1100204289;;FOURNISSEUR CENTRALE;;Pas de commande associée;O;19/01/2026 00:00;;19/01/2026 12:14;24.000
fdd70217-c059-40de-be15-fa77d1b7e3e9;416;Réception (B.L. : 1100213188);1100213188;;FOURNISSEUR CENTRALE;;Pas de commande associée;O;23/03/2026 00:00;;22/03/2026 23:21;2065.000
fe1d8aa7-d841-41e2-b26c-c4ecf3ddffc9;416;Réception (B.L. : 1100209577);1100209577;;FOURNISSEUR CENTRALE;;Pas de commande associée;O;25/02/2026 00:00;;25/02/2026 12:13;5.000
fe2698da-5bfd-44d0-b9dd-6bb63ef5b609;416;Réception (B.L. : 1700231285);1700231285;;FOURNISSEUR CENTRALE;;Pas de commande associée;O;09/03/2026 00:00;;09/03/2026 12:12;360.000
fe39c67f-06fd-4aef-9b71-f86013b5a1d9;412;Réception (B.L. : 1800331481);1800331481;;FOURNISSEUR CENTRALE;;Pas de commande associée;O;16/03/2026 00:00;;16/03/2026 12:15;3.000
fe4f56a6-fb0a-4e11-8331-52a11a72ca43;371;Réception (B.L. : 1200107795);1200107795;;FOURNISSEUR CENTRALE;;Pas de commande associée;O;02/04/2026 00:00;;02/04/2026 12:12;2.000
fe7cfd10-60fa-445a-b1d8-2f9172c92137;371;Réception (B.L. : 1800324782);1800324782;;FOURNISSEUR CENTRALE;;Pas de commande associée;O;18/02/2026 00:00;;18/02/2026 12:12;4.000
fe8b5c35-259c-49b3-a2b6-092c4ada26c2;415;Réception (B.L. : 1800326010);1800326010;;FOURNISSEUR CENTRALE;;Pas de commande associée;O;23/02/2026 00:00;;23/02/2026 17:10;39.000
fe9a0049-d044-4833-be29-6f37aa752857;416;Réception (B.L. : 1800333814);1800333814;;FOURNISSEUR CENTRALE;;Pas de commande associée;O;24/03/2026 00:00;;25/03/2026 12:23;43.043
fe9accf2-8edb-4c71-b8aa-7ba2cbf3bd4f;415;Réception (B.L. : 1800330833);1800330833;;FOURNISSEUR CENTRALE;;Pas de commande associée;O;13/03/2026 00:00;;13/03/2026 12:25;148.500
fed0f4cf-5337-45d8-b4b6-cbfc92a522c3;416;Réception (B.L. : 1800319239);1800319239;;FOURNISSEUR CENTRALE;;Pas de commande associée;O;28/01/2026 00:00;;28/01/2026 12:19;155.000
feda6652-8d5b-436a-8a84-a49769097195;412;Réception (B.L. : 1100210693);1100210693;;FOURNISSEUR CENTRALE;;Pas de commande associée;O;06/03/2026 00:00;;06/03/2026 12:14;66.000
ff1a0ddd-1bea-49da-aead-4726a9f94139;416;Réception (B.L. : 1100209215);1100209215;;FOURNISSEUR CENTRALE;;Pas de commande associée;O;23/02/2026 00:00;;23/02/2026 12:10;4.000
ff1aacd1-8b1b-4e11-9cd2-85930fd49cbc;415;Réception (B.L. : 1700234476);1700234476;;FOURNISSEUR CENTRALE;;Pas de commande associée;O;24/03/2026 00:00;;25/03/2026 12:15;506.000
ff4b39bd-5c5a-4ae7-a964-b667dd23f7bc;415;Réception (B.L. : 1800333258);1800333258;;FOURNISSEUR CENTRALE;;Pas de commande associée;O;22/03/2026 00:00;;23/03/2026 12:22;11.160
ff653a1c-39a3-4bd3-8258-28e59018f931;371;Réception (B.L. : 1700221311);1700221311;;FOURNISSEUR CENTRALE;;Pas de commande associée;O;20/01/2026 00:00;;20/01/2026 12:04;163.000
ff674556-71bc-4c0b-af94-715484bf42da;415;Réception (B.L. : 1800328423);1800328423;;FOURNISSEUR CENTRALE;;Pas de commande associée;O;04/03/2026 00:00;;04/03/2026 12:24;989.740
ff7239c4-f9de-4cb2-a83b-671b0d6b1fb8;412;Réception (B.L. : 1800319720);1800319720;;FOURNISSEUR CENTRALE;;Pas de commande associée;O;30/01/2026 00:00;;30/01/2026 12:11;95.000
ff8d339b-2ab7-4990-a280-8b6129362149;415;Réception (B.L. : 1800331455);1800331455;;FOURNISSEUR CENTRALE;;Pas de commande associée;O;16/03/2026 00:00;;16/03/2026 12:24;6.000
ff97fbe8-cbc4-4f8b-8dc7-087f67dc0a96;416;Réception (B.L. : 1700231710);1700231710;;FOURNISSEUR CENTRALE;;Pas de commande associée;O;11/03/2026 00:00;;11/03/2026 12:18;788.000
ff9968f6-d91c-4a65-93e0-9669b5424630;412;Réception (B.L. : 1100214215);1100214215;;FOURNISSEUR CENTRALE;;Pas de commande associée;O;27/03/2026 00:00;;26/03/2026 23:29;282.000
ffca4bd1-f2e0-4b7a-b185-504a66b09810;416;Réception (B.L. : 1800322578);1800322578;;FOURNISSEUR CENTRALE;;Pas de commande associée;O;10/02/2026 00:00;;10/02/2026 17:13;4.500
ffef7d8a-991f-42db-b969-e652ded64264;416;Réception (B.L. : 1100213187);1100213187;;FOURNISSEUR CENTRALE;;Pas de commande associée;O;23/03/2026 00:00;;22/03/2026 23:20;644.000
