pos_id;pos_name;collected_at;id;created_at;updated_at;entry_type_value;entry_type_label;entry_type_detail_type;entry_type_detail_text;status_value;status_label;username;report;shop_reference;shop_name
pos1;POS 1;2026-04-09T18:56:08.939058+00:00;d91f9eb4-124c-4622-b05d-35f7a163e0f2;2026-04-08T23:11:00.915799;2026-04-08T23:11:00.915810;30;import de données;department;département;1;en cours;interne;;050;CASH CENTER ZONE 4
pos1;POS 1;2026-04-09T18:56:08.939058+00:00;0cbbd555-db33-4d93-89c1-415ba3551160;2026-04-08T23:11:00.887400;2026-04-08T23:11:00.887413;30;import de données;department;département;1;en cours;interne;;110;SUPER U VALLON
pos1;POS 1;2026-04-09T18:56:08.939058+00:00;c1085ea9-e2fa-42ca-98ea-15ed4e81558c;2026-04-08T17:28:00.832108;2026-04-08T17:28:00.923957;30;import de données;delivery;livraison;2;succès;interne;Import livraison: | fin intégration: (c1085ea9-e2fa-42ca-98ea-15ed4e81558c) | fichier: /srv/import/110/Fac_110_00337407.LC | 2 lignes formatées | 0 lignes en erreurs | 2 lignes crées | 0 lignes mises à jour | 0 lignes supprimées;110;SUPER U VALLON
pos1;POS 1;2026-04-09T18:56:08.939058+00:00;64e2f23a-caa3-4b51-a8c0-d0d22f1f3254;2026-04-08T17:27:00.831249;2026-04-08T17:27:00.955467;30;import de données;delivery;livraison;2;succès;interne;Import livraison: | fin intégration: (64e2f23a-caa3-4b51-a8c0-d0d22f1f3254) | fichier: /srv/import/110/Fac_110_00337406.LC | 2 lignes formatées | 0 lignes en erreurs | 2 lignes crées | 0 lignes mises à jour | 0 lignes supprimées;110;SUPER U VALLON
pos1;POS 1;2026-04-09T18:56:08.939058+00:00;578ef73d-ac97-45c8-bff5-ebcc3359c605;2026-04-08T17:26:00.830985;2026-04-08T17:26:00.920335;30;import de données;delivery;livraison;2;succès;interne;Import livraison: | fin intégration: (578ef73d-ac97-45c8-bff5-ebcc3359c605) | fichier: /srv/import/110/Fac_110_00337405.LC | 2 lignes formatées | 0 lignes en erreurs | 2 lignes crées | 0 lignes mises à jour | 0 lignes supprimées;110;SUPER U VALLON
pos1;POS 1;2026-04-09T18:56:08.939058+00:00;d5dda9c7-4d85-4154-bd71-141c4ceeec0a;2026-04-08T17:25:00.882496;2026-04-08T17:25:02.220320;30;import de données;delivery;livraison;2;succès;interne;Import livraison: | fin intégration: (d5dda9c7-4d85-4154-bd71-141c4ceeec0a) | fichier: /srv/import/110/Fac_110_00337404.LC | 24 lignes formatées | 0 lignes en erreurs | 24 lignes crées | 0 lignes mises à jour | 0 lignes supprimées;110;SUPER U VALLON
pos1;POS 1;2026-04-09T18:56:08.939058+00:00;a6ff78a9-54ba-4562-aa66-0f66c29d4d98;2026-04-08T17:24:00.884386;2026-04-08T17:24:01.211371;30;import de données;delivery;livraison;2;succès;interne;Import livraison: | fin intégration: (a6ff78a9-54ba-4562-aa66-0f66c29d4d98) | fichier: /srv/import/110/Fac_110_00337403.LC | 3 lignes formatées | 0 lignes en erreurs | 3 lignes crées | 0 lignes mises à jour | 0 lignes supprimées;110;SUPER U VALLON
pos1;POS 1;2026-04-09T18:56:08.939058+00:00;5adee093-29cd-4516-9598-a9c221c884c6;2026-04-08T17:23:00.839977;2026-04-08T17:23:01.825080;30;import de données;delivery;livraison;2;succès;interne;Import livraison: | fin intégration: (5adee093-29cd-4516-9598-a9c221c884c6) | fichier: /srv/import/110/Fac_110_00337402.LC | 19 lignes formatées | 0 lignes en erreurs | 18 lignes crées | 1 lignes mises à jour | 0 lignes supprimées;110;SUPER U VALLON
pos1;POS 1;2026-04-09T18:56:08.939058+00:00;a31fff0c-fca6-48bd-b57d-2a3c3d5923ce;2026-04-08T17:22:00.831487;2026-04-08T17:22:01.192913;30;import de données;delivery;livraison;2;succès;interne;Import livraison: | fin intégration: (a31fff0c-fca6-48bd-b57d-2a3c3d5923ce) | fichier: /srv/import/110/Fac_110_00337401.LC | 8 lignes formatées | 0 lignes en erreurs | 8 lignes crées | 0 lignes mises à jour | 0 lignes supprimées;110;SUPER U VALLON
pos1;POS 1;2026-04-09T18:56:08.939058+00:00;a4d5a290-9cd8-4337-b7dc-e2a1170603d7;2026-04-08T17:21:00.834459;2026-04-08T17:21:00.958520;30;import de données;delivery;livraison;2;succès;interne;Import livraison: | fin intégration: (a4d5a290-9cd8-4337-b7dc-e2a1170603d7) | fichier: /srv/import/110/Fac_110_00337400.LC | 3 lignes formatées | 0 lignes en erreurs | 2 lignes crées | 1 lignes mises à jour | 0 lignes supprimées;110;SUPER U VALLON
pos1;POS 1;2026-04-09T18:56:08.939058+00:00;249e94eb-2bd3-431e-ad48-806148340b2b;2026-04-08T17:20:00.832621;2026-04-08T17:20:01.088080;30;import de données;delivery;livraison;2;succès;interne;Import livraison: | fin intégration: (249e94eb-2bd3-431e-ad48-806148340b2b) | fichier: /srv/import/110/Fac_110_00337399.LC | 5 lignes formatées | 0 lignes en erreurs | 5 lignes crées | 0 lignes mises à jour | 0 lignes supprimées;110;SUPER U VALLON
pos1;POS 1;2026-04-09T18:56:08.939058+00:00;0ebc2692-ac3f-41dd-a08f-38f5c83cf6fd;2026-04-08T17:19:00.831841;2026-04-08T17:19:01.107634;30;import de données;delivery;livraison;2;succès;interne;Import livraison: | fin intégration: (0ebc2692-ac3f-41dd-a08f-38f5c83cf6fd) | fichier: /srv/import/110/Fac_110_00337398.LC | 6 lignes formatées | 0 lignes en erreurs | 6 lignes crées | 0 lignes mises à jour | 0 lignes supprimées;110;SUPER U VALLON
pos1;POS 1;2026-04-09T18:56:08.939058+00:00;5110d60f-07c0-490a-a542-8a7b45139f6d;2026-04-08T17:18:00.843643;2026-04-08T17:18:00.949792;30;import de données;delivery;livraison;2;succès;interne;Import livraison: | fin intégration: (5110d60f-07c0-490a-a542-8a7b45139f6d) | fichier: /srv/import/110/Fac_110_00237481.LC | 2 lignes formatées | 0 lignes en erreurs | 2 lignes crées | 0 lignes mises à jour | 0 lignes supprimées;110;SUPER U VALLON
pos1;POS 1;2026-04-09T18:56:08.939058+00:00;1fdd6df2-4ec0-4fa3-8f34-88be9afd7243;2026-04-08T17:17:00.849599;2026-04-08T17:17:01.002399;30;import de données;delivery;livraison;2;succès;interne;Import livraison: | fin intégration: (1fdd6df2-4ec0-4fa3-8f34-88be9afd7243) | fichier: /srv/import/110/Fac_110_00237480.LC | 3 lignes formatées | 0 lignes en erreurs | 3 lignes crées | 0 lignes mises à jour | 0 lignes supprimées;110;SUPER U VALLON
pos1;POS 1;2026-04-09T18:56:08.939058+00:00;68608dc7-8f3a-47a6-82fa-097e6a7a21b6;2026-04-08T17:16:00.831756;2026-04-08T17:16:00.999448;30;import de données;delivery;livraison;2;succès;interne;Import livraison: | fin intégration: (68608dc7-8f3a-47a6-82fa-097e6a7a21b6) | fichier: /srv/import/110/Fac_110_00237479.LC | 4 lignes formatées | 0 lignes en erreurs | 4 lignes crées | 0 lignes mises à jour | 0 lignes supprimées;110;SUPER U VALLON
pos1;POS 1;2026-04-09T18:56:08.939058+00:00;93532985-e944-4186-b613-f7689c66c14c;2026-04-08T17:15:00.833393;2026-04-08T17:15:01.090932;30;import de données;delivery;livraison;2;succès;interne;Import livraison: | fin intégration: (93532985-e944-4186-b613-f7689c66c14c) | fichier: /srv/import/110/Fac_110_00237478.LC | 5 lignes formatées | 0 lignes en erreurs | 5 lignes crées | 0 lignes mises à jour | 0 lignes supprimées;110;SUPER U VALLON
pos1;POS 1;2026-04-09T18:56:08.939058+00:00;4a418016-eefd-4da9-8789-6d783c9e3f64;2026-04-08T17:14:00.835190;2026-04-08T17:14:03.094388;30;import de données;delivery;livraison;2;succès;interne;Import livraison: | fin intégration: (4a418016-eefd-4da9-8789-6d783c9e3f64) | fichier: /srv/import/110/Fac_110_00237477.LC | 79 lignes formatées | 0 lignes en erreurs | 79 lignes crées | 0 lignes mises à jour | 0 lignes supprimées;110;SUPER U VALLON
pos1;POS 1;2026-04-09T18:56:08.939058+00:00;38efdcdd-0c4b-437d-8d4c-46b76ae56402;2026-04-08T17:13:00.835565;2026-04-08T17:13:02.436867;30;import de données;delivery;livraison;2;succès;interne;Import livraison: | fin intégration: (38efdcdd-0c4b-437d-8d4c-46b76ae56402) | fichier: /srv/import/110/Fac_110_00237476.LC | 51 lignes formatées | 0 lignes en erreurs | 50 lignes crées | 1 lignes mises à jour | 0 lignes supprimées;110;SUPER U VALLON
pos1;POS 1;2026-04-09T18:56:08.939058+00:00;832bdf9b-17f5-4a1b-8f46-af71d818aeed;2026-04-08T17:12:00.829658;2026-04-08T17:12:02.766795;30;import de données;delivery;livraison;2;succès;interne;Import livraison: | fin intégration: (832bdf9b-17f5-4a1b-8f46-af71d818aeed) | fichier: /srv/import/110/Fac_110_00237475.LC | 72 lignes formatées | 0 lignes en erreurs | 72 lignes crées | 0 lignes mises à jour | 0 lignes supprimées;110;SUPER U VALLON
pos1;POS 1;2026-04-09T18:56:08.939058+00:00;f20a85a3-f917-43fe-b4cc-2cab6ead78d7;2026-04-08T17:11:00.828418;2026-04-08T17:11:04.259477;30;import de données;delivery;livraison;2;succès;interne;Import livraison: | fin intégration: (f20a85a3-f917-43fe-b4cc-2cab6ead78d7) | fichier: /srv/import/110/Fac_110_00237474.LC | 132 lignes formatées | 0 lignes en erreurs | 129 lignes crées | 3 lignes mises à jour | 0 lignes supprimées;110;SUPER U VALLON
pos1;POS 1;2026-04-09T18:56:08.939058+00:00;33c7bfef-60e5-4d7f-a29c-9a874e64fc06;2026-04-08T17:10:00.829222;2026-04-08T17:10:00.945165;30;import de données;delivery;livraison;2;succès;interne;Import livraison: | fin intégration: (33c7bfef-60e5-4d7f-a29c-9a874e64fc06) | fichier: /srv/import/110/Fac_110_00216333.LC | 2 lignes formatées | 0 lignes en erreurs | 2 lignes crées | 0 lignes mises à jour | 0 lignes supprimées;110;SUPER U VALLON
pos1;POS 1;2026-04-09T18:56:08.939058+00:00;7fcedda8-b035-47c0-8848-d789bb8a354b;2026-04-08T12:31:00.777379;2026-04-08T12:31:01.015995;30;import de données;delivery;livraison;2;succès;interne;Import livraison: | fin intégration: (7fcedda8-b035-47c0-8848-d789bb8a354b) | fichier: /srv/import/110/Fac_110_00337307.LC | 5 lignes formatées | 0 lignes en erreurs | 5 lignes crées | 0 lignes mises à jour | 0 lignes supprimées;110;SUPER U VALLON
pos1;POS 1;2026-04-09T18:56:08.939058+00:00;9abba630-873e-4c1e-a04e-06b4c8dfad94;2026-04-08T12:30:00.776291;2026-04-08T12:30:00.899702;30;import de données;delivery;livraison;2;succès;interne;Import livraison: | fin intégration: (9abba630-873e-4c1e-a04e-06b4c8dfad94) | fichier: /srv/import/110/Fac_110_00337285.LC | 2 lignes formatées | 0 lignes en erreurs | 2 lignes crées | 0 lignes mises à jour | 0 lignes supprimées;110;SUPER U VALLON
pos1;POS 1;2026-04-09T18:56:08.939058+00:00;26ed2874-cc91-44ab-bb59-56f9da89dd20;2026-04-08T12:29:00.776922;2026-04-08T12:29:01.028522;30;import de données;delivery;livraison;2;succès;interne;Import livraison: | fin intégration: (26ed2874-cc91-44ab-bb59-56f9da89dd20) | fichier: /srv/import/110/Fac_110_00337231.LC | 6 lignes formatées | 0 lignes en erreurs | 6 lignes crées | 0 lignes mises à jour | 0 lignes supprimées;110;SUPER U VALLON
pos1;POS 1;2026-04-09T18:56:08.939058+00:00;8c49414b-38d0-4395-a427-c1043156dadf;2026-04-08T12:28:00.778952;2026-04-08T12:28:01.876549;30;import de données;delivery;livraison;2;succès;interne;Import livraison: | fin intégration: (8c49414b-38d0-4395-a427-c1043156dadf) | fichier: /srv/import/110/Fac_110_00337142.LC | 29 lignes formatées | 0 lignes en erreurs | 28 lignes crées | 1 lignes mises à jour | 0 lignes supprimées;110;SUPER U VALLON
pos1;POS 1;2026-04-09T18:56:08.939058+00:00;a337123f-b735-4113-964c-31ec9a9313aa;2026-04-08T12:27:00.779974;2026-04-08T12:27:01.329448;30;import de données;delivery;livraison;2;succès;interne;Import livraison: | fin intégration: (a337123f-b735-4113-964c-31ec9a9313aa) | fichier: /srv/import/110/Fac_110_00337141.LC | 14 lignes formatées | 0 lignes en erreurs | 14 lignes crées | 0 lignes mises à jour | 0 lignes supprimées;110;SUPER U VALLON
pos1;POS 1;2026-04-09T18:56:08.939058+00:00;52420221-fe6b-4dd5-9840-67041455ecff;2026-04-08T12:26:00.781987;2026-04-08T12:26:01.016273;30;import de données;delivery;livraison;2;succès;interne;Import livraison: | fin intégration: (52420221-fe6b-4dd5-9840-67041455ecff) | fichier: /srv/import/110/Fac_110_00337140.LC | 4 lignes formatées | 0 lignes en erreurs | 4 lignes crées | 0 lignes mises à jour | 0 lignes supprimées;110;SUPER U VALLON
pos1;POS 1;2026-04-09T18:56:08.939058+00:00;0a0f5fe2-ca9a-4465-9eff-e9a0c5cfdbfe;2026-04-08T12:25:00.779056;2026-04-08T12:25:02.096253;30;import de données;delivery;livraison;2;succès;interne;Import livraison: | fin intégration: (0a0f5fe2-ca9a-4465-9eff-e9a0c5cfdbfe) | fichier: /srv/import/110/Fac_110_00337139.LC | 39 lignes formatées | 0 lignes en erreurs | 39 lignes crées | 0 lignes mises à jour | 0 lignes supprimées;110;SUPER U VALLON
pos1;POS 1;2026-04-09T18:56:08.939058+00:00;27ebb8a4-f3bd-4815-995f-08b7a0d15d1e;2026-04-08T12:24:00.777085;2026-04-08T12:24:00.952251;30;import de données;delivery;livraison;2;succès;interne;Import livraison: | fin intégration: (27ebb8a4-f3bd-4815-995f-08b7a0d15d1e) | fichier: /srv/import/110/Fac_110_00337138.LC | 4 lignes formatées | 0 lignes en erreurs | 4 lignes crées | 0 lignes mises à jour | 0 lignes supprimées;110;SUPER U VALLON
pos1;POS 1;2026-04-09T18:56:08.939058+00:00;756c0267-7ca6-4fe3-99b9-49ed682fa7fc;2026-04-08T12:23:00.778038;2026-04-08T12:23:01.124644;30;import de données;delivery;livraison;2;succès;interne;Import livraison: | fin intégration: (756c0267-7ca6-4fe3-99b9-49ed682fa7fc) | fichier: /srv/import/110/Fac_110_00337137.LC | 10 lignes formatées | 0 lignes en erreurs | 10 lignes crées | 0 lignes mises à jour | 0 lignes supprimées;110;SUPER U VALLON
pos1;POS 1;2026-04-09T18:56:08.939058+00:00;5e585d4b-06ac-47bc-93bb-25a876da5014;2026-04-08T12:22:00.777590;2026-04-08T12:22:01.025656;30;import de données;delivery;livraison;2;succès;interne;Import livraison: | fin intégration: (5e585d4b-06ac-47bc-93bb-25a876da5014) | fichier: /srv/import/110/Fac_110_00337136.LC | 5 lignes formatées | 0 lignes en erreurs | 5 lignes crées | 0 lignes mises à jour | 0 lignes supprimées;110;SUPER U VALLON
pos1;POS 1;2026-04-09T18:56:08.939058+00:00;8b701052-5038-434d-b2d2-ed2b5dfacbc0;2026-04-08T12:21:00.776624;2026-04-08T12:21:01.087113;30;import de données;delivery;livraison;2;succès;interne;Import livraison: | fin intégration: (8b701052-5038-434d-b2d2-ed2b5dfacbc0) | fichier: /srv/import/110/Fac_110_00337135.LC | 8 lignes formatées | 0 lignes en erreurs | 8 lignes crées | 0 lignes mises à jour | 0 lignes supprimées;110;SUPER U VALLON
pos1;POS 1;2026-04-09T18:56:08.939058+00:00;eb43469e-3994-4696-8695-811c98437148;2026-04-08T12:20:00.779007;2026-04-08T12:20:00.975683;30;import de données;delivery;livraison;2;succès;interne;Import livraison: | fin intégration: (eb43469e-3994-4696-8695-811c98437148) | fichier: /srv/import/110/Fac_110_00337134.LC | 4 lignes formatées | 0 lignes en erreurs | 4 lignes crées | 0 lignes mises à jour | 0 lignes supprimées;110;SUPER U VALLON
pos1;POS 1;2026-04-09T18:56:08.939058+00:00;5d7c8314-669a-453e-b789-8ab2f004aaa6;2026-04-08T12:19:00.773984;2026-04-08T12:19:00.943267;30;import de données;delivery;livraison;2;succès;interne;Import livraison: | fin intégration: (5d7c8314-669a-453e-b789-8ab2f004aaa6) | fichier: /srv/import/110/Fac_110_00216306.LC | 4 lignes formatées | 0 lignes en erreurs | 4 lignes crées | 0 lignes mises à jour | 0 lignes supprimées;110;SUPER U VALLON
pos1;POS 1;2026-04-09T18:56:08.939058+00:00;ee6d3fea-94c3-40e2-89e6-1087ff2da81d;2026-04-08T12:18:00.772205;2026-04-08T12:18:02.004941;30;import de données;delivery;livraison;2;succès;interne;Import livraison: | fin intégration: (ee6d3fea-94c3-40e2-89e6-1087ff2da81d) | fichier: /srv/import/110/Fac_110_00216231.LC | 39 lignes formatées | 0 lignes en erreurs | 39 lignes crées | 0 lignes mises à jour | 0 lignes supprimées;110;SUPER U VALLON
pos1;POS 1;2026-04-09T18:56:08.939058+00:00;eaa6518f-ca3c-40ae-9fbf-b6b95ecac127;2026-04-08T12:17:00.775837;2026-04-08T12:17:01.786621;30;import de données;delivery;livraison;2;succès;interne;Import livraison: | fin intégration: (eaa6518f-ca3c-40ae-9fbf-b6b95ecac127) | fichier: /srv/import/110/Fac_110_00216230.LC | 26 lignes formatées | 0 lignes en erreurs | 20 lignes crées | 6 lignes mises à jour | 0 lignes supprimées;110;SUPER U VALLON
pos1;POS 1;2026-04-09T18:56:08.939058+00:00;73e491bf-99b3-489d-a39a-befcc2325e41;2026-04-08T12:16:00.772716;2026-04-08T12:16:01.090187;30;import de données;delivery;livraison;2;succès;interne;Import livraison: | fin intégration: (73e491bf-99b3-489d-a39a-befcc2325e41) | fichier: /srv/import/110/Fac_110_00216229.LC | 7 lignes formatées | 0 lignes en erreurs | 7 lignes crées | 0 lignes mises à jour | 0 lignes supprimées;110;SUPER U VALLON
pos1;POS 1;2026-04-09T18:56:08.939058+00:00;40f393f5-747b-408e-a27a-5815c1d0af8b;2026-04-08T12:15:00.782850;2026-04-08T12:15:00.908066;30;import de données;delivery;livraison;2;succès;interne;Import livraison: | fin intégration: (40f393f5-747b-408e-a27a-5815c1d0af8b) | fichier: /srv/import/110/Fac_110_00108204.LC | 2 lignes formatées | 0 lignes en erreurs | 2 lignes crées | 0 lignes mises à jour | 0 lignes supprimées;110;SUPER U VALLON
pos1;POS 1;2026-04-09T18:56:08.939058+00:00;7be99732-4c3a-460a-b663-17bb8b6a7c49;2026-04-08T12:14:00.775657;2026-04-08T12:14:00.914349;30;import de données;delivery;livraison;2;succès;interne;Import livraison: | fin intégration: (7be99732-4c3a-460a-b663-17bb8b6a7c49) | fichier: /srv/import/110/Fac_110_00108200.LC | 3 lignes formatées | 0 lignes en erreurs | 3 lignes crées | 0 lignes mises à jour | 0 lignes supprimées;110;SUPER U VALLON
pos1;POS 1;2026-04-09T18:56:08.939058+00:00;257ebcba-5a4e-48b5-9182-072459f08869;2026-04-08T12:13:00.828041;2026-04-08T12:13:01.519497;30;import de données;delivery;livraison;2;succès;interne;Import livraison: | fin intégration: (257ebcba-5a4e-48b5-9182-072459f08869) | fichier: /srv/import/110/Fac_110_00108190.LC | 2 lignes formatées | 0 lignes en erreurs | 2 lignes crées | 0 lignes mises à jour | 0 lignes supprimées;110;SUPER U VALLON
pos1;POS 1;2026-04-09T18:56:08.939058+00:00;6dbe9e3d-c540-46a2-8ebc-09b3ae278217;2026-04-08T12:12:00.773091;2026-04-08T12:12:01.699210;30;import de données;delivery;livraison;2;succès;interne;Import livraison: | fin intégration: (6dbe9e3d-c540-46a2-8ebc-09b3ae278217) | fichier: /srv/import/110/Fac_110_00108189.LC | 28 lignes formatées | 0 lignes en erreurs | 28 lignes crées | 0 lignes mises à jour | 0 lignes supprimées;110;SUPER U VALLON
pos1;POS 1;2026-04-09T18:56:08.939058+00:00;8a811d38-2e4a-44be-a287-730f54b45be6;2026-04-08T12:11:00.774982;2026-04-08T12:11:01.131561;30;import de données;delivery;livraison;2;succès;interne;Import livraison: | fin intégration: (8a811d38-2e4a-44be-a287-730f54b45be6) | fichier: /srv/import/110/Fac_110_00108173.LC | 7 lignes formatées | 0 lignes en erreurs | 6 lignes crées | 1 lignes mises à jour | 0 lignes supprimées;110;SUPER U VALLON
pos1;POS 1;2026-04-09T18:56:08.939058+00:00;e19faa34-57c4-4766-9aa3-d8f50859ec9a;2026-04-08T12:10:00.780882;2026-04-08T12:10:02.137024;30;import de données;delivery;livraison;2;succès;interne;Import livraison: | fin intégration: (e19faa34-57c4-4766-9aa3-d8f50859ec9a) | fichier: /srv/import/110/Fac_110_00108174.LC | 33 lignes formatées | 0 lignes en erreurs | 33 lignes crées | 0 lignes mises à jour | 0 lignes supprimées;110;SUPER U VALLON
pos1;POS 1;2026-04-09T18:56:08.939058+00:00;cb6fef46-7544-493e-ae2b-8d3d0117b763;2026-04-07T23:58:00.537592;2026-04-07T23:58:01.178505;30;import de données;supplier_order;commande fournisseur;0;erreur;interne;Extrait du rapport d'import: | 2026-04-07 23:58:00,822 {'ean': [ErrorDetail(string='article 100235793 non fournit par FOURNISSEUR CENTRALE', code='invalid')]} - [D29210023579300000001200000000100000000000] | 2026-04-07 23:58:00,837 {'ean': [ErrorDetail(string='article 100235793 non fournit par FOURNISSEUR CENTRALE', code='invalid')]} - [D29310023579300000001200000000100000000000] | 2026-04-07 23:58:00,852 {'ean': [ErrorDetail(string='article 100235793 non fournit par FOURNISSEUR CENTRALE', code='invalid')]} - [D29410023579300000001200000000100000000000] | 2026-04-07 23:58:00,869 {'ean': [ErrorDetail(string='article 100235793 non fournit par FOURNISSEUR CENTRALE', code='invalid')]} - [D29510023579300000001200000000100000000000] | 2026-04-07 23:58:00,886 {'ean': [ErrorDetail(string='article 100235793 non fournit par FOURNISSEUR CENTRALE', code='invalid')]} - [D30210023579300000001200000000100000000000] | 2026-04-07 23:58:00,901 {'ean': [ErrorDetail(string='article 100235794 non fournit par FOURNISSEUR CENTRALE', code='invalid')]} - [D03510023579400000001470000000100000000000] | 2026-04-07 23:58:00,916 {'ean': [ErrorDetail(string='article 100235794 non fournit par FOURNISSEUR CENTRALE', code='invalid')]} - [D05010023579400000001470000000100000000000] | 2026-04-07 23:58:00,930 {'ean': [ErrorDetail(string='article 100235794 non fournit par FOURNISSEUR CENTRALE', code='invalid')]} - [D08010023579400000001470000000100000000000] | 2026-04-07 23:58:00,944 {'ean': [ErrorDetail(string='article 100235794 non fournit par FOURNISSEUR CENTRALE', code='invalid')]} - [D10010023579400000001470000000100000000000] | 2026-04-07 23:58:00,959 {'ean': [ErrorDetail(string='article 100235794 non fournit par FOURNISSEUR CENTRALE', code='invalid')]} - [D11010023579400000001470000000100000000000] | 2026-04-07 23:58:00,974 {'ean': [ErrorDetail(string='article 100235794 non fournit par FOURNISSEUR CENTRALE', code='invalid')]} - [D12010023579400000001470000000100000000000] | 2026-04-07 23:58:00,989 {'ean': [ErrorDetail(string='article 100235794 non fournit par FOURNISSEUR CENTRALE', code='invalid')]} - [D22010023579400000001470000000100000000000] | 2026-04-07 23:58:01,004 {'ean': [ErrorDetail(string='article 100235794 non fournit par FOURNISSEUR CENTRALE', code='invalid')]} - [D23010023579400000001470000000100000000000] | 2026-04-07 23:58:01,020 {'ean': [ErrorDetail(string='article 100235794 non fournit par FOURNISSEUR CENTRALE', code='invalid')]} - [D23510023579400000001470000000100000000000] | 2026-04-07 23:58:01,035 {'ean': [ErrorDetail(string='article 100235794 non fournit par FOURNISSEUR CENTRALE', code='invalid')]} - [D28110023579400000001470000000100000000000] | 2026-04-07 23:58:01,054 {'ean': [ErrorDetail(string='article 100235794 non fournit par FOURNISSEUR CENTRALE', code='invalid')]} - [D29010023579400000001470000000100000000000] | 2026-04-07 23:58:01,076 {'ean': [ErrorDetail(string='article 100235794 non fournit par FOURNISSEUR CENTRALE', code='invalid')]} - [D29110023579400000001470000000100000000000] | 2026-04-07 23:58:01,091 {'ean': [ErrorDetail(string='article 100235794 non fournit par FOURNISSEUR CENTRALE', code='invalid')]} - [D29210023579400000001470000000100000000000] | 2026-04-07 23:58:01,105 {'ean': [ErrorDetail(string='article 100235794 non fournit par FOURNISSEUR CENTRALE', code='invalid')]} - [D29310023579400000001470000000100000000000] | 2026-04-07 23:58:01,118 {'ean': [ErrorDetail(string='article 100235794 non fournit par FOURNISSEUR CENTRALE', code='invalid')]} - [D29410023579400000001470000000100000000000] | 2026-04-07 23:58:01,132 {'ean': [ErrorDetail(string='article 100235794 non fournit par FOURNISSEUR CENTRALE', code='invalid')]} - [D29510023579400000001470000000100000000000] | 2026-04-07 23:58:01,145 {'ean': [ErrorDetail(string='article 100235794 non fournit par FOURNISSEUR CENTRALE', code='invalid')]} - [D30210023579400000001470000000100000000000] | 2026-04-07 23:58:01,148 fin intégration: (cb6fef46-7544-493e-ae2b-8d3d0117b763) | fichier: /srv/import/110/SugCde_2554227_20260407164501.txt | 35 lignes formatées | 34 lignes en erreurs | 1 lignes crées | 0 lignes mises à jour | 0 lignes supprimées;110;SUPER U VALLON
pos1;POS 1;2026-04-09T18:56:08.939058+00:00;e102559d-db92-4a8c-a68a-93d99f7139f2;2026-04-07T23:57:00.543481;2026-04-07T23:57:00.599250;30;import de données;supplier_order;commande fournisseur;2;succès;interne;Import commande fournisseur: | fin intégration: (e102559d-db92-4a8c-a68a-93d99f7139f2) | fichier: /srv/import/110/SugCde_2554226_20260407164457.txt | 0 lignes formatées | 0 lignes en erreurs | 0 lignes crées | 0 lignes mises à jour | 0 lignes supprimées;110;SUPER U VALLON
pos1;POS 1;2026-04-09T18:56:08.939058+00:00;55ef97c4-c9e0-4e3e-976b-fc556a702027;2026-04-07T23:56:00.540563;2026-04-07T23:56:05.199846;30;import de données;supplier_order;commande fournisseur;0;erreur;interne;Extrait du rapport d'import: | 2026-04-07 23:56:04,847 {'ean': [ErrorDetail(string='article 100386638 non commandable', code='invalid')]} - [D23510038663800000000670000001000000000000] | 2026-04-07 23:56:04,860 {'ean': [ErrorDetail(string='article 100386638 non commandable', code='invalid')]} - [D26110038663800000000670000001000000000000] | 2026-04-07 23:56:04,875 {'ean': [ErrorDetail(string='article 100386638 non commandable', code='invalid')]} - [D28110038663800000000000000001000000000000] | 2026-04-07 23:56:04,889 {'ean': [ErrorDetail(string='article 100386638 non commandable', code='invalid')]} - [D29510038663800000000670000001000000000000] | 2026-04-07 23:56:04,904 {'ean': [ErrorDetail(string='article 100487743 non commandable', code='invalid')]} - [D03510048774300000001100000001000000000000] | 2026-04-07 23:56:04,918 {'ean': [ErrorDetail(string='article 100487743 non commandable', code='invalid')]} - [D04010048774300000001100000001000000000000] | 2026-04-07 23:56:04,933 {'ean': [ErrorDetail(string='article 100487743 non commandable', code='invalid')]} - [D05010048774300000001100000001000000000000] | 2026-04-07 23:56:04,948 {'ean': [ErrorDetail(string='article 100487743 non commandable', code='invalid')]} - [D08010048774300000001100000001000000000000] | 2026-04-07 23:56:04,962 {'ean': [ErrorDetail(string='article 100487743 non commandable', code='invalid')]} - [D10010048774300000001100000001000000000000] | 2026-04-07 23:56:04,978 {'ean': [ErrorDetail(string='article 100487743 non commandable', code='invalid')]} - [D11010048774300000001100000001000000000000] | 2026-04-07 23:56:04,997 {'ean': [ErrorDetail(string='article 100487743 non commandable', code='invalid')]} - [D12010048774300000001100000001000000000000] | 2026-04-07 23:56:05,014 {'ean': [ErrorDetail(string='article 100487743 non commandable', code='invalid')]} - [D22010048774300000001100000001000000000000] | 2026-04-07 23:56:05,033 {'ean': [ErrorDetail(string='article 100487743 non commandable', code='invalid')]} - [D23010048774300000001100000001000000000000] | 2026-04-07 23:56:05,048 {'ean': [ErrorDetail(string='article 100487743 non commandable', code='invalid')]} - [D23510048774300000001100000001000000000000] | 2026-04-07 23:56:05,063 {'ean': [ErrorDetail(string='article 100487743 non commandable', code='invalid')]} - [D26110048774300000001100000001000000000000] | 2026-04-07 23:56:05,077 {'ean': [ErrorDetail(string='article 100487743 non commandable', code='invalid')]} - [D28110048774300000001100000001000000000000] | 2026-04-07 23:56:05,092 {'ean': [ErrorDetail(string='article 100487743 non commandable', code='invalid')]} - [D29010048774300000001100000001000000000000] | 2026-04-07 23:56:05,107 {'ean': [ErrorDetail(string='article 100487743 non commandable', code='invalid')]} - [D29110048774300000001100000001000000000000] | 2026-04-07 23:56:05,122 {'ean': [ErrorDetail(string='article 100487743 non commandable', code='invalid')]} - [D29210048774300000001100000001000000000000] | 2026-04-07 23:56:05,138 {'ean': [ErrorDetail(string='article 100487743 non commandable', code='invalid')]} - [D29310048774300000001100000001000000000000] | 2026-04-07 23:56:05,153 {'ean': [ErrorDetail(string='article 100487743 non commandable', code='invalid')]} - [D29410048774300000001100000001000000000000] | 2026-04-07 23:56:05,167 {'ean': [ErrorDetail(string='article 100487743 non commandable', code='invalid')]} - [D29510048774300000001100000001000000000000] | 2026-04-07 23:56:05,170 fin intégration: (55ef97c4-c9e0-4e3e-976b-fc556a702027) | fichier: /srv/import/110/SugCde_2554225_20260407164452.txt | 270 lignes formatées | 63 lignes en erreurs | 15 lignes crées | 192 lignes mises à jour | 0 lignes supprimées;110;SUPER U VALLON
pos1;POS 1;2026-04-09T18:56:08.939058+00:00;60d08ff1-0439-4c16-8ec2-d33b8cc9d7d6;2026-04-07T23:55:00.541118;2026-04-07T23:55:09.404965;30;import de données;supplier_order;commande fournisseur;0;erreur;interne;Extrait du rapport d'import: | 2026-04-07 23:55:01,990 {'ean': [ErrorDetail(string='article 046180760 non commandable', code='invalid')]} - [D11004618076000000005395000000100000000000] | 2026-04-07 23:55:02,006 {'ean': [ErrorDetail(string='article 046180760 non commandable', code='invalid')]} - [D22004618076000000005395000000100000000000] | 2026-04-07 23:55:02,021 {'ean': [ErrorDetail(string='article 046180760 non commandable', code='invalid')]} - [D23004618076000000005395000000100000000000] | 2026-04-07 23:55:02,036 {'ean': [ErrorDetail(string='article 046180760 non commandable', code='invalid')]} - [D23504618076000000005395000000100000000000] | 2026-04-07 23:55:02,050 {'ean': [ErrorDetail(string='article 046180760 non commandable', code='invalid')]} - [D28104618076000000000000000000100000000000] | 2026-04-07 23:55:02,074 {'ean': [ErrorDetail(string='article 046180760 non commandable', code='invalid')]} - [D29504618076000000005395000000100000000000] | 2026-04-07 23:55:08,874 {'ean': [ErrorDetail(string='article 100487757 non commandable', code='invalid')]} - [D03510048775700000004070000000100000000000] | 2026-04-07 23:55:08,888 {'ean': [ErrorDetail(string='article 100487757 non commandable', code='invalid')]} - [D05010048775700000004070000000100000000000] | 2026-04-07 23:55:08,902 {'ean': [ErrorDetail(string='article 100487757 non commandable', code='invalid')]} - [D08010048775700000004070000000100000000000] | 2026-04-07 23:55:08,916 {'ean': [ErrorDetail(string='article 100487757 non commandable', code='invalid')]} - [D10010048775700000004070000000100000000000] | 2026-04-07 23:55:08,934 {'ean': [ErrorDetail(string='article 100487757 non commandable', code='invalid')]} - [D11010048775700000004070000000100000000000] | 2026-04-07 23:55:08,948 {'ean': [ErrorDetail(string='article 100487757 non commandable', code='invalid')]} - [D12010048775700000004070000000100000000000] | 2026-04-07 23:55:08,962 {'ean': [ErrorDetail(string='article 100487757 non commandable', code='invalid')]} - [D22010048775700000004070000000100000000000] | 2026-04-07 23:55:08,976 {'ean': [ErrorDetail(string='article 100487757 non commandable', code='invalid')]} - [D23010048775700000004070000000100000000000] | 2026-04-07 23:55:08,990 {'ean': [ErrorDetail(string='article 100487757 non commandable', code='invalid')]} - [D23510048775700000004070000000100000000000] | 2026-04-07 23:55:09,005 {'ean': [ErrorDetail(string='article 100487757 non commandable', code='invalid')]} - [D28110048775700000004070000000100000000000] | 2026-04-07 23:55:09,025 {'ean': [ErrorDetail(string='article 100487757 non commandable', code='invalid')]} - [D29010048775700000004070000000100000000000] | 2026-04-07 23:55:09,039 {'ean': [ErrorDetail(string='article 100487757 non commandable', code='invalid')]} - [D29110048775700000004070000000100000000000] | 2026-04-07 23:55:09,053 {'ean': [ErrorDetail(string='article 100487757 non commandable', code='invalid')]} - [D29210048775700000004070000000100000000000] | 2026-04-07 23:55:09,068 {'ean': [ErrorDetail(string='article 100487757 non commandable', code='invalid')]} - [D29310048775700000004070000000100000000000] | 2026-04-07 23:55:09,082 {'ean': [ErrorDetail(string='article 100487757 non commandable', code='invalid')]} - [D29410048775700000004070000000100000000000] | 2026-04-07 23:55:09,097 {'ean': [ErrorDetail(string='article 100487757 non commandable', code='invalid')]} - [D29510048775700000004070000000100000000000] | 2026-04-07 23:55:09,373 fin intégration: (60d08ff1-0439-4c16-8ec2-d33b8cc9d7d6) | fichier: /srv/import/110/SugCde_2554224_20260407164446.txt | 462 lignes formatées | 26 lignes en erreurs | 28 lignes crées | 408 lignes mises à jour | 0 lignes supprimées;110;SUPER U VALLON
pos1;POS 1;2026-04-09T18:56:08.939058+00:00;eb15a921-8326-4330-a607-efd9d8c7e037;2026-04-07T23:54:00.543550;2026-04-07T23:54:02.394700;30;import de données;supplier_order;commande fournisseur;2;succès;interne;Import commande fournisseur: | fin intégration: (eb15a921-8326-4330-a607-efd9d8c7e037) | fichier: /srv/import/110/SugCde_2554223_20260407164440.txt | 103 lignes formatées | 0 lignes en erreurs | 7 lignes crées | 96 lignes mises à jour | 0 lignes supprimées;110;SUPER U VALLON
pos1;POS 1;2026-04-09T18:56:08.939058+00:00;1088aee0-b27b-4218-88de-329e8155c840;2026-04-07T23:53:00.542392;2026-04-07T23:53:03.468470;30;import de données;supplier_order;commande fournisseur;0;erreur;interne;Extrait du rapport d'import: | 2026-04-07 23:53:03,156 {'ean': [ErrorDetail(string='article 100733552 non fournit par FOURNISSEUR CENTRALE', code='invalid')]} - [D29010073355200000006350000000100000000000] | 2026-04-07 23:53:03,169 {'ean': [ErrorDetail(string='article 100733552 non fournit par FOURNISSEUR CENTRALE', code='invalid')]} - [D29110073355200000006350000000100000000000] | 2026-04-07 23:53:03,182 {'ean': [ErrorDetail(string='article 100733552 non fournit par FOURNISSEUR CENTRALE', code='invalid')]} - [D29210073355200000006350000000100000000000] | 2026-04-07 23:53:03,195 {'ean': [ErrorDetail(string='article 100733552 non fournit par FOURNISSEUR CENTRALE', code='invalid')]} - [D29310073355200000006350000000100000000000] | 2026-04-07 23:53:03,208 {'ean': [ErrorDetail(string='article 100733552 non fournit par FOURNISSEUR CENTRALE', code='invalid')]} - [D29410073355200000006350000000100000000000] | 2026-04-07 23:53:03,222 {'ean': [ErrorDetail(string='article 100733552 non fournit par FOURNISSEUR CENTRALE', code='invalid')]} - [D29510073355200000006350000000100000000000] | 2026-04-07 23:53:03,234 {'ean': [ErrorDetail(string='article 100733594 non fournit par FOURNISSEUR CENTRALE', code='invalid')]} - [D03510073359400000006985000000100000000000] | 2026-04-07 23:53:03,247 {'ean': [ErrorDetail(string='article 100733594 non fournit par FOURNISSEUR CENTRALE', code='invalid')]} - [D08010073359400000006985000000100000000000] | 2026-04-07 23:53:03,260 {'ean': [ErrorDetail(string='article 100733594 non fournit par FOURNISSEUR CENTRALE', code='invalid')]} - [D10010073359400000006985000000100000000000] | 2026-04-07 23:53:03,273 {'ean': [ErrorDetail(string='article 100733594 non fournit par FOURNISSEUR CENTRALE', code='invalid')]} - [D11010073359400000006985000000100000000000] | 2026-04-07 23:53:03,286 {'ean': [ErrorDetail(string='article 100733594 non fournit par FOURNISSEUR CENTRALE', code='invalid')]} - [D12010073359400000006985000000100000000000] | 2026-04-07 23:53:03,299 {'ean': [ErrorDetail(string='article 100733594 non fournit par FOURNISSEUR CENTRALE', code='invalid')]} - [D22010073359400000006985000000100000000000] | 2026-04-07 23:53:03,312 {'ean': [ErrorDetail(string='article 100733594 non fournit par FOURNISSEUR CENTRALE', code='invalid')]} - [D23010073359400000006985000000100000000000] | 2026-04-07 23:53:03,327 {'ean': [ErrorDetail(string='article 100733594 non fournit par FOURNISSEUR CENTRALE', code='invalid')]} - [D23510073359400000006985000000100000000000] | 2026-04-07 23:53:03,341 {'ean': [ErrorDetail(string='article 100733594 non fournit par FOURNISSEUR CENTRALE', code='invalid')]} - [D26110073359400000006985000000100000000000] | 2026-04-07 23:53:03,355 {'ean': [ErrorDetail(string='article 100733594 non fournit par FOURNISSEUR CENTRALE', code='invalid')]} - [D28110073359400000006985000000100000000000] | 2026-04-07 23:53:03,369 {'ean': [ErrorDetail(string='article 100733594 non fournit par FOURNISSEUR CENTRALE', code='invalid')]} - [D29010073359400000006985000000100000000000] | 2026-04-07 23:53:03,383 {'ean': [ErrorDetail(string='article 100733594 non fournit par FOURNISSEUR CENTRALE', code='invalid')]} - [D29110073359400000006985000000100000000000] | 2026-04-07 23:53:03,396 {'ean': [ErrorDetail(string='article 100733594 non fournit par FOURNISSEUR CENTRALE', code='invalid')]} - [D29210073359400000006985000000100000000000] | 2026-04-07 23:53:03,409 {'ean': [ErrorDetail(string='article 100733594 non fournit par FOURNISSEUR CENTRALE', code='invalid')]} - [D29310073359400000006985000000100000000000] | 2026-04-07 23:53:03,422 {'ean': [ErrorDetail(string='article 100733594 non fournit par FOURNISSEUR CENTRALE', code='invalid')]} - [D29410073359400000006985000000100000000000] | 2026-04-07 23:53:03,435 {'ean': [ErrorDetail(string='article 100733594 non fournit par FOURNISSEUR CENTRALE', code='invalid')]} - [D29510073359400000006985000000100000000000] | 2026-04-07 23:53:03,439 fin intégration: (1088aee0-b27b-4218-88de-329e8155c840) | fichier: /srv/import/110/SugCde_2554222_20260407164433.txt | 189 lignes formatées | 140 lignes en erreurs | 4 lignes crées | 45 lignes mises à jour | 0 lignes supprimées;110;SUPER U VALLON
pos1;POS 1;2026-04-09T18:56:08.939058+00:00;ca8a2271-5d58-47ee-8e28-72c6d59ec0c5;2026-04-07T23:53:00.554554;2026-04-07T23:53:01.235660;30;import de données;supplier_order;commande fournisseur;0;erreur;interne;Extrait du rapport d'import: | 2026-04-07 23:53:01,073 {'ean': [ErrorDetail(string='article 100674178 non fournit par FOURNISSEUR CENTRALE', code='invalid')]} - [D22010067417800000005078000000100000000000] | 2026-04-07 23:53:01,084 {'ean': [ErrorDetail(string='article 100235794 non fournit par FOURNISSEUR CENTRALE', code='invalid')]} - [D23010023579400000001470000000100000000000] | 2026-04-07 23:53:01,086 {'ean': [ErrorDetail(string='article 100674178 non fournit par FOURNISSEUR CENTRALE', code='invalid')]} - [D23010067417800000005078000000100000000000] | 2026-04-07 23:53:01,099 {'ean': [ErrorDetail(string='article 100235794 non fournit par FOURNISSEUR CENTRALE', code='invalid')]} - [D23510023579400000001470000000100000000000] | 2026-04-07 23:53:01,102 {'ean': [ErrorDetail(string='article 100674178 non fournit par FOURNISSEUR CENTRALE', code='invalid')]} - [D23510067417800000005078000000100000000000] | 2026-04-07 23:53:01,115 {'ean': [ErrorDetail(string='article 100235794 non fournit par FOURNISSEUR CENTRALE', code='invalid')]} - [D28110023579400000001470000000100000000000] | 2026-04-07 23:53:01,116 {'ean': [ErrorDetail(string='article 100674178 non fournit par FOURNISSEUR CENTRALE', code='invalid')]} - [D26110067417800000005078000000100000000000] | 2026-04-07 23:53:01,131 {'ean': [ErrorDetail(string='article 100235794 non fournit par FOURNISSEUR CENTRALE', code='invalid')]} - [D29010023579400000001470000000100000000000] | 2026-04-07 23:53:01,131 {'ean': [ErrorDetail(string='article 100674178 non fournit par FOURNISSEUR CENTRALE', code='invalid')]} - [D28110067417800000005078000000100000000000] | 2026-04-07 23:53:01,144 {'ean': [ErrorDetail(string='article 100674178 non fournit par FOURNISSEUR CENTRALE', code='invalid')]} - [D29010067417800000005078000000100000000000] | 2026-04-07 23:53:01,144 {'ean': [ErrorDetail(string='article 100235794 non fournit par FOURNISSEUR CENTRALE', code='invalid')]} - [D29110023579400000001470000000100000000000] | 2026-04-07 23:53:01,159 {'ean': [ErrorDetail(string='article 100674178 non fournit par FOURNISSEUR CENTRALE', code='invalid')]} - [D29110067417800000005078000000100000000000] | 2026-04-07 23:53:01,159 {'ean': [ErrorDetail(string='article 100235794 non fournit par FOURNISSEUR CENTRALE', code='invalid')]} - [D29210023579400000001470000000100000000000] | 2026-04-07 23:53:01,172 {'ean': [ErrorDetail(string='article 100674178 non fournit par FOURNISSEUR CENTRALE', code='invalid')]} - [D29210067417800000005078000000100000000000] | 2026-04-07 23:53:01,174 {'ean': [ErrorDetail(string='article 100235794 non fournit par FOURNISSEUR CENTRALE', code='invalid')]} - [D29310023579400000001470000000100000000000] | 2026-04-07 23:53:01,186 {'ean': [ErrorDetail(string='article 100674178 non fournit par FOURNISSEUR CENTRALE', code='invalid')]} - [D29310067417800000005078000000100000000000] | 2026-04-07 23:53:01,188 {'ean': [ErrorDetail(string='article 100235794 non fournit par FOURNISSEUR CENTRALE', code='invalid')]} - [D29410023579400000001470000000100000000000] | 2026-04-07 23:53:01,199 {'ean': [ErrorDetail(string='article 100674178 non fournit par FOURNISSEUR CENTRALE', code='invalid')]} - [D29410067417800000005078000000100000000000] | 2026-04-07 23:53:01,202 {'ean': [ErrorDetail(string='article 100235794 non fournit par FOURNISSEUR CENTRALE', code='invalid')]} - [D29510023579400000001470000000100000000000] | 2026-04-07 23:53:01,212 {'ean': [ErrorDetail(string='article 100674178 non fournit par FOURNISSEUR CENTRALE', code='invalid')]} - [D29510067417800000005078000000100000000000] | 2026-04-07 23:53:01,216 {'ean': [ErrorDetail(string='article 100235794 non fournit par FOURNISSEUR CENTRALE', code='invalid')]} - [D30210023579400000001470000000100000000000] | 2026-04-07 23:53:01,219 fin intégration: (ca8a2271-5d58-47ee-8e28-72c6d59ec0c5) | fichier: /srv/import/050/SugCde_2554227_20260407164501.txt | 35 lignes formatées | 34 lignes en erreurs | 1 lignes crées | 0 lignes mises à jour | 0 lignes supprimées | 2026-04-07 23:53:01,227 {'ean': [ErrorDetail(string='article 100674179 non fournit par FOURNISSEUR CENTRALE', code='invalid')]} - [D03510067417900000005396000000100000000000];050;CASH CENTER ZONE 4
pos1;POS 1;2026-04-09T18:56:08.939058+00:00;e6c76911-b59a-4a97-a17f-09cfcd9f90f1;2026-04-07T23:52:00.536833;2026-04-07T23:52:03.133907;30;import de données;supplier_order;commande fournisseur;0;erreur;interne;Extrait du rapport d'import: | 2026-04-07 23:52:02,820 {'ean': [ErrorDetail(string='article 100737278 non fournit par FOURNISSEUR CENTRALE', code='invalid')]} - [D29210073727800000001688000000100000000000] | 2026-04-07 23:52:02,832 {'ean': [ErrorDetail(string='article 100737278 non fournit par FOURNISSEUR CENTRALE', code='invalid')]} - [D29310073727800000001688000000100000000000] | 2026-04-07 23:52:02,845 {'ean': [ErrorDetail(string='article 100737278 non fournit par FOURNISSEUR CENTRALE', code='invalid')]} - [D29410073727800000001688000000100000000000] | 2026-04-07 23:52:02,858 {'ean': [ErrorDetail(string='article 100737278 non fournit par FOURNISSEUR CENTRALE', code='invalid')]} - [D29510073727800000001688000000100000000000] | 2026-04-07 23:52:02,872 {'ean': [ErrorDetail(string='article 100737278 non fournit par FOURNISSEUR CENTRALE', code='invalid')]} - [D30210073727800000001688000000100000000000] | 2026-04-07 23:52:02,886 {'ean': [ErrorDetail(string='article 100737284 non fournit par FOURNISSEUR CENTRALE', code='invalid')]} - [D03510073728400000001688000000100000000000] | 2026-04-07 23:52:02,899 {'ean': [ErrorDetail(string='article 100737284 non fournit par FOURNISSEUR CENTRALE', code='invalid')]} - [D08010073728400000001688000000100000000000] | 2026-04-07 23:52:02,912 {'ean': [ErrorDetail(string='article 100737284 non fournit par FOURNISSEUR CENTRALE', code='invalid')]} - [D10010073728400000001688000000100000000000] | 2026-04-07 23:52:02,927 {'ean': [ErrorDetail(string='article 100737284 non fournit par FOURNISSEUR CENTRALE', code='invalid')]} - [D11010073728400000001688000000100000000000] | 2026-04-07 23:52:02,941 {'ean': [ErrorDetail(string='article 100737284 non fournit par FOURNISSEUR CENTRALE', code='invalid')]} - [D12010073728400000001688000000100000000000] | 2026-04-07 23:52:02,955 {'ean': [ErrorDetail(string='article 100737284 non fournit par FOURNISSEUR CENTRALE', code='invalid')]} - [D22010073728400000001688000000100000000000] | 2026-04-07 23:52:02,968 {'ean': [ErrorDetail(string='article 100737284 non fournit par FOURNISSEUR CENTRALE', code='invalid')]} - [D23010073728400000001688000000100000000000] | 2026-04-07 23:52:02,981 {'ean': [ErrorDetail(string='article 100737284 non fournit par FOURNISSEUR CENTRALE', code='invalid')]} - [D23510073728400000001688000000100000000000] | 2026-04-07 23:52:02,995 {'ean': [ErrorDetail(string='article 100737284 non fournit par FOURNISSEUR CENTRALE', code='invalid')]} - [D26110073728400000001688000000100000000000] | 2026-04-07 23:52:03,008 {'ean': [ErrorDetail(string='article 100737284 non fournit par FOURNISSEUR CENTRALE', code='invalid')]} - [D28110073728400000001688000000100000000000] | 2026-04-07 23:52:03,021 {'ean': [ErrorDetail(string='article 100737284 non fournit par FOURNISSEUR CENTRALE', code='invalid')]} - [D29010073728400000001688000000100000000000] | 2026-04-07 23:52:03,034 {'ean': [ErrorDetail(string='article 100737284 non fournit par FOURNISSEUR CENTRALE', code='invalid')]} - [D29110073728400000001688000000100000000000] | 2026-04-07 23:52:03,048 {'ean': [ErrorDetail(string='article 100737284 non fournit par FOURNISSEUR CENTRALE', code='invalid')]} - [D29210073728400000001688000000100000000000] | 2026-04-07 23:52:03,061 {'ean': [ErrorDetail(string='article 100737284 non fournit par FOURNISSEUR CENTRALE', code='invalid')]} - [D29310073728400000001688000000100000000000] | 2026-04-07 23:52:03,075 {'ean': [ErrorDetail(string='article 100737284 non fournit par FOURNISSEUR CENTRALE', code='invalid')]} - [D29410073728400000001688000000100000000000] | 2026-04-07 23:52:03,089 {'ean': [ErrorDetail(string='article 100737284 non fournit par FOURNISSEUR CENTRALE', code='invalid')]} - [D29510073728400000001688000000100000000000] | 2026-04-07 23:52:03,102 {'ean': [ErrorDetail(string='article 100737284 non fournit par FOURNISSEUR CENTRALE', code='invalid')]} - [D30210073728400000001688000000100000000000] | 2026-04-07 23:52:03,105 fin intégration: (e6c76911-b59a-4a97-a17f-09cfcd9f90f1) | fichier: /srv/import/110/SugCde_2554221_20260407164427.txt | 185 lignes formatées | 184 lignes en erreurs | 1 lignes crées | 0 lignes mises à jour | 0 lignes supprimées;110;SUPER U VALLON
pos1;POS 1;2026-04-09T18:56:08.939058+00:00;45c056a5-9d5c-4624-a805-8051c3ce6b71;2026-04-07T23:52:00.551062;2026-04-07T23:52:00.606816;30;import de données;supplier_order;commande fournisseur;2;succès;interne;Import commande fournisseur: | fin intégration: (45c056a5-9d5c-4624-a805-8051c3ce6b71) | fichier: /srv/import/050/SugCde_2554226_20260407164457.txt | 0 lignes formatées | 0 lignes en erreurs | 0 lignes crées | 0 lignes mises à jour | 0 lignes supprimées;050;CASH CENTER ZONE 4
pos1;POS 1;2026-04-09T18:56:08.939058+00:00;c18fe428-04d4-4cc5-8341-2e09b907834b;2026-04-07T23:51:00.550646;2026-04-07T23:51:03.561410;30;import de données;supplier_order;commande fournisseur;0;erreur;interne;Extrait du rapport d'import: | 2026-04-07 23:51:03,220 {'product': [ErrorDetail(string='Ce champ ne peut être nul.', code='null')]} - [D23510038663800000000670000001000000000000] | 2026-04-07 23:51:03,227 {'product': [ErrorDetail(string='Ce champ ne peut être nul.', code='null')]} - [D26110038663800000000670000001000000000000] | 2026-04-07 23:51:03,234 {'product': [ErrorDetail(string='Ce champ ne peut être nul.', code='null')]} - [D28110038663800000000000000001000000000000] | 2026-04-07 23:51:03,241 {'product': [ErrorDetail(string='Ce champ ne peut être nul.', code='null')]} - [D29510038663800000000670000001000000000000] | 2026-04-07 23:51:03,255 {'ean': [ErrorDetail(string='article 100487743 non commandable', code='invalid')]} - [D03510048774300000001100000001000000000000] | 2026-04-07 23:51:03,268 {'ean': [ErrorDetail(string='article 100487743 non commandable', code='invalid')]} - [D04010048774300000001100000001000000000000] | 2026-04-07 23:51:03,282 {'ean': [ErrorDetail(string='article 100487743 non commandable', code='invalid')]} - [D05010048774300000001100000001000000000000] | 2026-04-07 23:51:03,297 {'ean': [ErrorDetail(string='article 100487743 non commandable', code='invalid')]} - [D08010048774300000001100000001000000000000] | 2026-04-07 23:51:03,311 {'ean': [ErrorDetail(string='article 100487743 non commandable', code='invalid')]} - [D10010048774300000001100000001000000000000] | 2026-04-07 23:51:03,325 {'ean': [ErrorDetail(string='article 100487743 non commandable', code='invalid')]} - [D11010048774300000001100000001000000000000] | 2026-04-07 23:51:03,339 {'ean': [ErrorDetail(string='article 100487743 non commandable', code='invalid')]} - [D12010048774300000001100000001000000000000] | 2026-04-07 23:51:03,353 {'ean': [ErrorDetail(string='article 100487743 non commandable', code='invalid')]} - [D22010048774300000001100000001000000000000] | 2026-04-07 23:51:03,367 {'ean': [ErrorDetail(string='article 100487743 non commandable', code='invalid')]} - [D23010048774300000001100000001000000000000] | 2026-04-07 23:51:03,382 {'ean': [ErrorDetail(string='article 100487743 non commandable', code='invalid')]} - [D23510048774300000001100000001000000000000] | 2026-04-07 23:51:03,398 {'ean': [ErrorDetail(string='article 100487743 non commandable', code='invalid')]} - [D26110048774300000001100000001000000000000] | 2026-04-07 23:51:03,412 {'ean': [ErrorDetail(string='article 100487743 non commandable', code='invalid')]} - [D28110048774300000001100000001000000000000] | 2026-04-07 23:51:03,432 {'ean': [ErrorDetail(string='article 100487743 non commandable', code='invalid')]} - [D29010048774300000001100000001000000000000] | 2026-04-07 23:51:03,445 {'ean': [ErrorDetail(string='article 100487743 non commandable', code='invalid')]} - [D29110048774300000001100000001000000000000] | 2026-04-07 23:51:03,459 {'ean': [ErrorDetail(string='article 100487743 non commandable', code='invalid')]} - [D29210048774300000001100000001000000000000] | 2026-04-07 23:51:03,473 {'ean': [ErrorDetail(string='article 100487743 non commandable', code='invalid')]} - [D29310048774300000001100000001000000000000] | 2026-04-07 23:51:03,488 {'ean': [ErrorDetail(string='article 100487743 non commandable', code='invalid')]} - [D29410048774300000001100000001000000000000] | 2026-04-07 23:51:03,502 {'ean': [ErrorDetail(string='article 100487743 non commandable', code='invalid')]} - [D29510048774300000001100000001000000000000] | 2026-04-07 23:51:03,506 fin intégration: (c18fe428-04d4-4cc5-8341-2e09b907834b) | fichier: /srv/import/050/SugCde_2554225_20260407164452.txt | 270 lignes formatées | 222 lignes en erreurs | 4 lignes crées | 44 lignes mises à jour | 0 lignes supprimées;050;CASH CENTER ZONE 4
pos1;POS 1;2026-04-09T18:56:08.939058+00:00;21fef09b-b4d3-44cf-b368-972b9a36cf0e;2026-04-07T23:51:00.537560;2026-04-07T23:51:02.822242;30;import de données;supplier_order;commande fournisseur;0;erreur;interne;Extrait du rapport d'import: | 2026-04-07 23:51:02,695 {'product': [ErrorDetail(string='Ce champ ne peut être nul.', code='null')]} - [D29510038663000000002230000001000000000000] | 2026-04-07 23:51:02,706 {'product': [ErrorDetail(string='Ce champ ne peut être nul.', code='null')]} - [D03510038663300000000490000001000000000000] | 2026-04-07 23:51:02,706 {'ean': [ErrorDetail(string='article 100737274 non fournit par FOURNISSEUR CENTRALE', code='invalid')]} - [D29110073727400000005713000000100000000000] | 2026-04-07 23:51:02,714 {'product': [ErrorDetail(string='Ce champ ne peut être nul.', code='null')]} - [D04010038663300000000425000001000000000000] | 2026-04-07 23:51:02,722 {'product': [ErrorDetail(string='Ce champ ne peut être nul.', code='null')]} - [D08010038663300000000490000001000000000000] | 2026-04-07 23:51:02,722 {'ean': [ErrorDetail(string='article 100737274 non fournit par FOURNISSEUR CENTRALE', code='invalid')]} - [D29210073727400000005713000000100000000000] | 2026-04-07 23:51:02,729 {'product': [ErrorDetail(string='Ce champ ne peut être nul.', code='null')]} - [D10010038663300000000490000001000000000000] | 2026-04-07 23:51:02,737 {'product': [ErrorDetail(string='Ce champ ne peut être nul.', code='null')]} - [D11010038663300000000490000001000000000000] | 2026-04-07 23:51:02,739 {'ean': [ErrorDetail(string='article 100737274 non fournit par FOURNISSEUR CENTRALE', code='invalid')]} - [D29310073727400000005713000000100000000000] | 2026-04-07 23:51:02,744 {'product': [ErrorDetail(string='Ce champ ne peut être nul.', code='null')]} - [D12010038663300000000490000001000000000000] | 2026-04-07 23:51:02,752 {'product': [ErrorDetail(string='Ce champ ne peut être nul.', code='null')]} - [D22010038663300000000490000001000000000000] | 2026-04-07 23:51:02,754 {'ean': [ErrorDetail(string='article 100737274 non fournit par FOURNISSEUR CENTRALE', code='invalid')]} - [D29410073727400000005713000000100000000000] | 2026-04-07 23:51:02,759 {'product': [ErrorDetail(string='Ce champ ne peut être nul.', code='null')]} - [D23010038663300000000490000001000000000000] | 2026-04-07 23:51:02,767 {'product': [ErrorDetail(string='Ce champ ne peut être nul.', code='null')]} - [D23510038663300000000490000001000000000000] | 2026-04-07 23:51:02,769 {'ean': [ErrorDetail(string='article 100737274 non fournit par FOURNISSEUR CENTRALE', code='invalid')]} - [D29510073727400000005713000000100000000000] | 2026-04-07 23:51:02,775 {'product': [ErrorDetail(string='Ce champ ne peut être nul.', code='null')]} - [D26110038663300000000490000001000000000000] | 2026-04-07 23:51:02,783 {'product': [ErrorDetail(string='Ce champ ne peut être nul.', code='null')]} - [D28110038663300000000490000001000000000000] | 2026-04-07 23:51:02,787 {'ean': [ErrorDetail(string='article 100737274 non fournit par FOURNISSEUR CENTRALE', code='invalid')]} - [D30210073727400000005713000000100000000000] | 2026-04-07 23:51:02,791 fin intégration: (21fef09b-b4d3-44cf-b368-972b9a36cf0e) | fichier: /srv/import/110/SugCde_2554220_20260407164421.txt | 143 lignes formatées | 142 lignes en erreurs | 1 lignes crées | 0 lignes mises à jour | 0 lignes supprimées | 2026-04-07 23:51:02,792 {'product': [ErrorDetail(string='Ce champ ne peut être nul.', code='null')]} - [D29010038663300000000490000001000000000000] | 2026-04-07 23:51:02,799 {'product': [ErrorDetail(string='Ce champ ne peut être nul.', code='null')]} - [D29110038663300000000490000001000000000000] | 2026-04-07 23:51:02,807 {'product': [ErrorDetail(string='Ce champ ne peut être nul.', code='null')]} - [D29210038663300000000490000001000000000000] | 2026-04-07 23:51:02,815 {'product': [ErrorDetail(string='Ce champ ne peut être nul.', code='null')]} - [D29310038663300000000490000001000000000000];110;SUPER U VALLON
pos1;POS 1;2026-04-09T18:56:08.939058+00:00;163c8505-5a98-498e-96b9-a93790e7ff4c;2026-04-07T23:50:00.565651;2026-04-07T23:50:08.106939;30;import de données;supplier_order;commande fournisseur;0;erreur;interne;Extrait du rapport d'import: | 2026-04-07 23:50:07,127 {'product': [ErrorDetail(string='Ce champ ne peut être nul.', code='null')]} - [D29010046120300000008256000000100000000000] | 2026-04-07 23:50:07,135 {'product': [ErrorDetail(string='Ce champ ne peut être nul.', code='null')]} - [D29110046120300000008256000000100000000000] | 2026-04-07 23:50:07,145 {'product': [ErrorDetail(string='Ce champ ne peut être nul.', code='null')]} - [D29210046120300000008256000000100000000000] | 2026-04-07 23:50:07,153 {'product': [ErrorDetail(string='Ce champ ne peut être nul.', code='null')]} - [D29310046120300000008256000000100000000000] | 2026-04-07 23:50:07,161 {'product': [ErrorDetail(string='Ce champ ne peut être nul.', code='null')]} - [D29410046120300000008256000000100000000000] | 2026-04-07 23:50:07,169 {'product': [ErrorDetail(string='Ce champ ne peut être nul.', code='null')]} - [D29510046120300000008256000000100000000000] | 2026-04-07 23:50:07,528 {'ean': [ErrorDetail(string='article 100487757 non commandable', code='invalid')]} - [D03510048775700000004070000000100000000000] | 2026-04-07 23:50:07,544 {'ean': [ErrorDetail(string='article 100487757 non commandable', code='invalid')]} - [D05010048775700000004070000000100000000000] | 2026-04-07 23:50:07,565 {'ean': [ErrorDetail(string='article 100487757 non commandable', code='invalid')]} - [D08010048775700000004070000000100000000000] | 2026-04-07 23:50:07,584 {'ean': [ErrorDetail(string='article 100487757 non commandable', code='invalid')]} - [D10010048775700000004070000000100000000000] | 2026-04-07 23:50:07,599 {'ean': [ErrorDetail(string='article 100487757 non commandable', code='invalid')]} - [D11010048775700000004070000000100000000000] | 2026-04-07 23:50:07,613 {'ean': [ErrorDetail(string='article 100487757 non commandable', code='invalid')]} - [D12010048775700000004070000000100000000000] | 2026-04-07 23:50:07,628 {'ean': [ErrorDetail(string='article 100487757 non commandable', code='invalid')]} - [D22010048775700000004070000000100000000000] | 2026-04-07 23:50:07,643 {'ean': [ErrorDetail(string='article 100487757 non commandable', code='invalid')]} - [D23010048775700000004070000000100000000000] | 2026-04-07 23:50:07,657 {'ean': [ErrorDetail(string='article 100487757 non commandable', code='invalid')]} - [D23510048775700000004070000000100000000000] | 2026-04-07 23:50:07,673 {'ean': [ErrorDetail(string='article 100487757 non commandable', code='invalid')]} - [D28110048775700000004070000000100000000000] | 2026-04-07 23:50:07,688 {'ean': [ErrorDetail(string='article 100487757 non commandable', code='invalid')]} - [D29010048775700000004070000000100000000000] | 2026-04-07 23:50:07,703 {'ean': [ErrorDetail(string='article 100487757 non commandable', code='invalid')]} - [D29110048775700000004070000000100000000000] | 2026-04-07 23:50:07,717 {'ean': [ErrorDetail(string='article 100487757 non commandable', code='invalid')]} - [D29210048775700000004070000000100000000000] | 2026-04-07 23:50:07,732 {'ean': [ErrorDetail(string='article 100487757 non commandable', code='invalid')]} - [D29310048775700000004070000000100000000000] | 2026-04-07 23:50:07,747 {'ean': [ErrorDetail(string='article 100487757 non commandable', code='invalid')]} - [D29410048775700000004070000000100000000000] | 2026-04-07 23:50:07,762 {'ean': [ErrorDetail(string='article 100487757 non commandable', code='invalid')]} - [D29510048775700000004070000000100000000000] | 2026-04-07 23:50:08,077 fin intégration: (163c8505-5a98-498e-96b9-a93790e7ff4c) | fichier: /srv/import/050/SugCde_2554224_20260407164446.txt | 462 lignes formatées | 164 lignes en erreurs | 19 lignes crées | 279 lignes mises à jour | 0 lignes supprimées;050;CASH CENTER ZONE 4
pos1;POS 1;2026-04-09T18:56:08.939058+00:00;8a48c2a8-4cb3-49af-8a43-510177269a76;2026-04-07T23:50:00.542653;2026-04-07T23:50:00.586556;30;import de données;supplier_order;commande fournisseur;2;succès;interne;Import commande fournisseur: | fin intégration: (8a48c2a8-4cb3-49af-8a43-510177269a76) | fichier: /srv/import/110/SugCde_2554173_20260407100847.txt | 0 lignes formatées | 0 lignes en erreurs | 0 lignes crées | 0 lignes mises à jour | 0 lignes supprimées;110;SUPER U VALLON
pos1;POS 1;2026-04-09T18:56:08.939058+00:00;bc65cc26-9bdb-459d-a8d5-0dde57d85dba;2026-04-07T23:49:00.539132;2026-04-07T23:49:06.205316;30;import de données;supplier_order;commande fournisseur;0;erreur;interne;Extrait du rapport d'import: | 2026-04-07 23:49:05,615 {'ean': [ErrorDetail(string='article 100645423 non fournit par FOURNISSEUR CENTRALE', code='invalid')]} - [D26110064542300000008000000000100000000000] | 2026-04-07 23:49:05,628 {'ean': [ErrorDetail(string='article 100645423 non fournit par FOURNISSEUR CENTRALE', code='invalid')]} - [D28110064542300000008000000000100000000000] | 2026-04-07 23:49:05,642 {'ean': [ErrorDetail(string='article 100645423 non fournit par FOURNISSEUR CENTRALE', code='invalid')]} - [D29410064542300000008000000000100000000000] | 2026-04-07 23:49:05,656 {'ean': [ErrorDetail(string='article 100645423 non fournit par FOURNISSEUR CENTRALE', code='invalid')]} - [D29510064542300000008000000000100000000000] | 2026-04-07 23:49:05,671 {'ean': [ErrorDetail(string='article 100645423 non fournit par FOURNISSEUR CENTRALE', code='invalid')]} - [D30210064542300000008000000000100000000000] | 2026-04-07 23:49:05,680 {'product': [ErrorDetail(string='Ce champ ne peut être nul.', code='null')]} - [D03510067129000000009600000000600000000000] | 2026-04-07 23:49:05,688 {'product': [ErrorDetail(string='Ce champ ne peut être nul.', code='null')]} - [D10010067129000000009600000000600000000000] | 2026-04-07 23:49:05,696 {'product': [ErrorDetail(string='Ce champ ne peut être nul.', code='null')]} - [D12010067129000000009600000000600000000000] | 2026-04-07 23:49:05,704 {'product': [ErrorDetail(string='Ce champ ne peut être nul.', code='null')]} - [D23010067129000000009600000000600000000000] | 2026-04-07 23:49:05,712 {'product': [ErrorDetail(string='Ce champ ne peut être nul.', code='null')]} - [D28110067129000000009600000000600000000000] | 2026-04-07 23:49:05,720 {'product': [ErrorDetail(string='Ce champ ne peut être nul.', code='null')]} - [D29410067129000000009600000000600000000000] | 2026-04-07 23:49:05,728 {'product': [ErrorDetail(string='Ce champ ne peut être nul.', code='null')]} - [D29510067129000000009600000000600000000000] | 2026-04-07 23:49:05,736 {'product': [ErrorDetail(string='Ce champ ne peut être nul.', code='null')]} - [D30210067129000000009600000000600000000000] | 2026-04-07 23:49:06,111 {'product': [ErrorDetail(string='Ce champ ne peut être nul.', code='null')]} - [D03510070470400000009600000000400000000000] | 2026-04-07 23:49:06,119 {'product': [ErrorDetail(string='Ce champ ne peut être nul.', code='null')]} - [D10010070470400000009600000000400000000000] | 2026-04-07 23:49:06,127 {'product': [ErrorDetail(string='Ce champ ne peut être nul.', code='null')]} - [D12010070470400000009600000000400000000000] | 2026-04-07 23:49:06,134 {'product': [ErrorDetail(string='Ce champ ne peut être nul.', code='null')]} - [D23010070470400000009600000000400000000000] | 2026-04-07 23:49:06,142 {'product': [ErrorDetail(string='Ce champ ne peut être nul.', code='null')]} - [D26110070470400000009600000000400000000000] | 2026-04-07 23:49:06,149 {'product': [ErrorDetail(string='Ce champ ne peut être nul.', code='null')]} - [D28110070470400000009600000000400000000000] | 2026-04-07 23:49:06,157 {'product': [ErrorDetail(string='Ce champ ne peut être nul.', code='null')]} - [D29410070470400000009600000000400000000000] | 2026-04-07 23:49:06,164 {'product': [ErrorDetail(string='Ce champ ne peut être nul.', code='null')]} - [D29510070470400000009600000000400000000000] | 2026-04-07 23:49:06,172 {'product': [ErrorDetail(string='Ce champ ne peut être nul.', code='null')]} - [D30210070470400000009600000000400000000000] | 2026-04-07 23:49:06,175 fin intégration: (bc65cc26-9bdb-459d-a8d5-0dde57d85dba) | fichier: /srv/import/110/SugCde_2554159_20260407084334.txt | 412 lignes formatées | 202 lignes en erreurs | 22 lignes crées | 188 lignes mises à jour | 0 lignes supprimées;110;SUPER U VALLON
pos1;POS 1;2026-04-09T18:56:08.939058+00:00;04512296-63a7-42d8-9eae-e562c232f1dc;2026-04-07T23:49:00.550295;2026-04-07T23:49:00.602673;30;import de données;supplier_order;commande fournisseur;2;succès;interne;Import commande fournisseur: | fin intégration: (04512296-63a7-42d8-9eae-e562c232f1dc) | fichier: /srv/import/050/SugCde_2554223_20260407164440.txt | 0 lignes formatées | 0 lignes en erreurs | 0 lignes crées | 0 lignes mises à jour | 0 lignes supprimées;050;CASH CENTER ZONE 4
pos1;POS 1;2026-04-09T18:56:08.939058+00:00;cd25d7a6-5d41-42bf-ac21-acf18379ea69;2026-04-07T23:48:00.551411;2026-04-07T23:48:02.890899;30;import de données;supplier_order;commande fournisseur;0;erreur;interne;Extrait du rapport d'import: | 2026-04-07 23:48:02,667 {'product': [ErrorDetail(string='Ce champ ne peut être nul.', code='null')]} - [D29010073355200000006350000000100000000000] | 2026-04-07 23:48:02,675 {'product': [ErrorDetail(string='Ce champ ne peut être nul.', code='null')]} - [D29110073355200000006350000000100000000000] | 2026-04-07 23:48:02,683 {'product': [ErrorDetail(string='Ce champ ne peut être nul.', code='null')]} - [D29210073355200000006350000000100000000000] | 2026-04-07 23:48:02,690 {'product': [ErrorDetail(string='Ce champ ne peut être nul.', code='null')]} - [D29310073355200000006350000000100000000000] | 2026-04-07 23:48:02,698 {'product': [ErrorDetail(string='Ce champ ne peut être nul.', code='null')]} - [D29410073355200000006350000000100000000000] | 2026-04-07 23:48:02,707 {'product': [ErrorDetail(string='Ce champ ne peut être nul.', code='null')]} - [D29510073355200000006350000000100000000000] | 2026-04-07 23:48:02,716 {'product': [ErrorDetail(string='Ce champ ne peut être nul.', code='null')]} - [D03510073359400000006985000000100000000000] | 2026-04-07 23:48:02,724 {'product': [ErrorDetail(string='Ce champ ne peut être nul.', code='null')]} - [D08010073359400000006985000000100000000000] | 2026-04-07 23:48:02,732 {'product': [ErrorDetail(string='Ce champ ne peut être nul.', code='null')]} - [D10010073359400000006985000000100000000000] | 2026-04-07 23:48:02,740 {'product': [ErrorDetail(string='Ce champ ne peut être nul.', code='null')]} - [D11010073359400000006985000000100000000000] | 2026-04-07 23:48:02,747 {'product': [ErrorDetail(string='Ce champ ne peut être nul.', code='null')]} - [D12010073359400000006985000000100000000000] | 2026-04-07 23:48:02,755 {'product': [ErrorDetail(string='Ce champ ne peut être nul.', code='null')]} - [D22010073359400000006985000000100000000000] | 2026-04-07 23:48:02,762 {'product': [ErrorDetail(string='Ce champ ne peut être nul.', code='null')]} - [D23010073359400000006985000000100000000000] | 2026-04-07 23:48:02,770 {'product': [ErrorDetail(string='Ce champ ne peut être nul.', code='null')]} - [D23510073359400000006985000000100000000000] | 2026-04-07 23:48:02,779 {'product': [ErrorDetail(string='Ce champ ne peut être nul.', code='null')]} - [D26110073359400000006985000000100000000000] | 2026-04-07 23:48:02,787 {'product': [ErrorDetail(string='Ce champ ne peut être nul.', code='null')]} - [D28110073359400000006985000000100000000000] | 2026-04-07 23:48:02,796 {'product': [ErrorDetail(string='Ce champ ne peut être nul.', code='null')]} - [D29010073359400000006985000000100000000000] | 2026-04-07 23:48:02,804 {'product': [ErrorDetail(string='Ce champ ne peut être nul.', code='null')]} - [D29110073359400000006985000000100000000000] | 2026-04-07 23:48:02,812 {'product': [ErrorDetail(string='Ce champ ne peut être nul.', code='null')]} - [D29210073359400000006985000000100000000000] | 2026-04-07 23:48:02,819 {'product': [ErrorDetail(string='Ce champ ne peut être nul.', code='null')]} - [D29310073359400000006985000000100000000000] | 2026-04-07 23:48:02,827 {'product': [ErrorDetail(string='Ce champ ne peut être nul.', code='null')]} - [D29410073359400000006985000000100000000000] | 2026-04-07 23:48:02,834 {'product': [ErrorDetail(string='Ce champ ne peut être nul.', code='null')]} - [D29510073359400000006985000000100000000000] | 2026-04-07 23:48:02,838 fin intégration: (cd25d7a6-5d41-42bf-ac21-acf18379ea69) | fichier: /srv/import/050/SugCde_2554222_20260407164433.txt | 189 lignes formatées | 188 lignes en erreurs | 1 lignes crées | 0 lignes mises à jour | 0 lignes supprimées;050;CASH CENTER ZONE 4
pos1;POS 1;2026-04-09T18:56:08.939058+00:00;46d8a5da-01d0-48e8-866f-e533ce7518b8;2026-04-07T23:48:00.537778;2026-04-07T23:48:00.571653;30;import de données;supplier_pre_order;pré-commande fournisseur;2;succès;interne;Import pré-commande fournisseur: | fin intégration: (46d8a5da-01d0-48e8-866f-e533ce7518b8) | fichier: /srv/import/110/Cmdpro_S16B_20260407195534.txt | 0 lignes formatées | 0 lignes en erreurs | 0 lignes crées | 0 lignes mises à jour | 0 lignes supprimées;110;SUPER U VALLON
pos1;POS 1;2026-04-09T18:56:08.939058+00:00;7b6b108f-457f-4066-a26c-c3728f2dd415;2026-04-07T23:47:00.551581;2026-04-07T23:47:02.982059;30;import de données;supplier_order;commande fournisseur;0;erreur;interne;Extrait du rapport d'import: | 2026-04-07 23:47:02,810 {'product': [ErrorDetail(string='Ce champ ne peut être nul.', code='null')]} - [D29210073727800000001688000000100000000000] | 2026-04-07 23:47:02,818 {'product': [ErrorDetail(string='Ce champ ne peut être nul.', code='null')]} - [D29310073727800000001688000000100000000000] | 2026-04-07 23:47:02,825 {'product': [ErrorDetail(string='Ce champ ne peut être nul.', code='null')]} - [D29410073727800000001688000000100000000000] | 2026-04-07 23:47:02,832 {'product': [ErrorDetail(string='Ce champ ne peut être nul.', code='null')]} - [D29510073727800000001688000000100000000000] | 2026-04-07 23:47:02,840 {'product': [ErrorDetail(string='Ce champ ne peut être nul.', code='null')]} - [D30210073727800000001688000000100000000000] | 2026-04-07 23:47:02,847 {'product': [ErrorDetail(string='Ce champ ne peut être nul.', code='null')]} - [D03510073728400000001688000000100000000000] | 2026-04-07 23:47:02,855 {'product': [ErrorDetail(string='Ce champ ne peut être nul.', code='null')]} - [D08010073728400000001688000000100000000000] | 2026-04-07 23:47:02,862 {'product': [ErrorDetail(string='Ce champ ne peut être nul.', code='null')]} - [D10010073728400000001688000000100000000000] | 2026-04-07 23:47:02,869 {'product': [ErrorDetail(string='Ce champ ne peut être nul.', code='null')]} - [D11010073728400000001688000000100000000000] | 2026-04-07 23:47:02,877 {'product': [ErrorDetail(string='Ce champ ne peut être nul.', code='null')]} - [D12010073728400000001688000000100000000000] | 2026-04-07 23:47:02,884 {'product': [ErrorDetail(string='Ce champ ne peut être nul.', code='null')]} - [D22010073728400000001688000000100000000000] | 2026-04-07 23:47:02,891 {'product': [ErrorDetail(string='Ce champ ne peut être nul.', code='null')]} - [D23010073728400000001688000000100000000000] | 2026-04-07 23:47:02,898 {'product': [ErrorDetail(string='Ce champ ne peut être nul.', code='null')]} - [D23510073728400000001688000000100000000000] | 2026-04-07 23:47:02,905 {'product': [ErrorDetail(string='Ce champ ne peut être nul.', code='null')]} - [D26110073728400000001688000000100000000000] | 2026-04-07 23:47:02,913 {'product': [ErrorDetail(string='Ce champ ne peut être nul.', code='null')]} - [D28110073728400000001688000000100000000000] | 2026-04-07 23:47:02,920 {'product': [ErrorDetail(string='Ce champ ne peut être nul.', code='null')]} - [D29010073728400000001688000000100000000000] | 2026-04-07 23:47:02,927 {'product': [ErrorDetail(string='Ce champ ne peut être nul.', code='null')]} - [D29110073728400000001688000000100000000000] | 2026-04-07 23:47:02,935 {'product': [ErrorDetail(string='Ce champ ne peut être nul.', code='null')]} - [D29210073728400000001688000000100000000000] | 2026-04-07 23:47:02,942 {'product': [ErrorDetail(string='Ce champ ne peut être nul.', code='null')]} - [D29310073728400000001688000000100000000000] | 2026-04-07 23:47:02,949 {'product': [ErrorDetail(string='Ce champ ne peut être nul.', code='null')]} - [D29410073728400000001688000000100000000000] | 2026-04-07 23:47:02,956 {'product': [ErrorDetail(string='Ce champ ne peut être nul.', code='null')]} - [D29510073728400000001688000000100000000000] | 2026-04-07 23:47:02,963 {'product': [ErrorDetail(string='Ce champ ne peut être nul.', code='null')]} - [D30210073728400000001688000000100000000000] | 2026-04-07 23:47:02,967 fin intégration: (7b6b108f-457f-4066-a26c-c3728f2dd415) | fichier: /srv/import/050/SugCde_2554221_20260407164427.txt | 185 lignes formatées | 184 lignes en erreurs | 1 lignes crées | 0 lignes mises à jour | 0 lignes supprimées;050;CASH CENTER ZONE 4
pos1;POS 1;2026-04-09T18:56:08.939058+00:00;cfa11da6-1e18-44e3-b0a3-2b7d841f6366;2026-04-07T23:47:00.540696;2026-04-07T23:47:00.690845;30;import de données;supplier_pre_order;pré-commande fournisseur;2;succès;interne;Import pré-commande fournisseur: | fin intégration: (cfa11da6-1e18-44e3-b0a3-2b7d841f6366) | fichier: /srv/import/110/Cmdpro_PP14_20260407195531.txt | 3 lignes formatées | 0 lignes en erreurs | 3 lignes crées | 0 lignes mises à jour | 0 lignes supprimées;110;SUPER U VALLON
pos1;POS 1;2026-04-09T18:56:08.939058+00:00;a6ef7315-801d-48a2-9f08-0f08eaa5fe41;2026-04-07T23:46:00.556360;2026-04-07T23:46:02.196726;30;import de données;supplier_order;commande fournisseur;0;erreur;interne;Extrait du rapport d'import: | 2 lignes supprimées | 2026-04-07 23:46:01,996 {'product': [ErrorDetail(string='Ce champ ne peut être nul.', code='null')]} - [D29410073727300000005713000000100000000000] | 2026-04-07 23:46:02,004 {'product': [ErrorDetail(string='Ce champ ne peut être nul.', code='null')]} - [D29510073727300000005713000000100000000000] | 2026-04-07 23:46:02,011 {'product': [ErrorDetail(string='Ce champ ne peut être nul.', code='null')]} - [D30210073727300000005713000000100000000000] | 2026-04-07 23:46:02,018 {'product': [ErrorDetail(string='Ce champ ne peut être nul.', code='null')]} - [D03510073727400000005713000000100000000000] | 2026-04-07 23:46:02,025 {'product': [ErrorDetail(string='Ce champ ne peut être nul.', code='null')]} - [D08010073727400000005713000000100000000000] | 2026-04-07 23:46:02,033 {'product': [ErrorDetail(string='Ce champ ne peut être nul.', code='null')]} - [D10010073727400000005713000000100000000000] | 2026-04-07 23:46:02,040 {'product': [ErrorDetail(string='Ce champ ne peut être nul.', code='null')]} - [D11010073727400000005713000000100000000000] | 2026-04-07 23:46:02,047 {'product': [ErrorDetail(string='Ce champ ne peut être nul.', code='null')]} - [D12010073727400000005713000000100000000000] | 2026-04-07 23:46:02,054 {'product': [ErrorDetail(string='Ce champ ne peut être nul.', code='null')]} - [D22010073727400000005713000000100000000000] | 2026-04-07 23:46:02,061 {'product': [ErrorDetail(string='Ce champ ne peut être nul.', code='null')]} - [D23010073727400000005713000000100000000000] | 2026-04-07 23:46:02,068 {'product': [ErrorDetail(string='Ce champ ne peut être nul.', code='null')]} - [D23510073727400000005713000000100000000000] | 2026-04-07 23:46:02,075 {'product': [ErrorDetail(string='Ce champ ne peut être nul.', code='null')]} - [D26110073727400000005713000000100000000000] | 2026-04-07 23:46:02,082 {'product': [ErrorDetail(string='Ce champ ne peut être nul.', code='null')]} - [D28110073727400000005713000000100000000000] | 2026-04-07 23:46:02,090 {'product': [ErrorDetail(string='Ce champ ne peut être nul.', code='null')]} - [D29010073727400000005713000000100000000000] | 2026-04-07 23:46:02,097 {'product': [ErrorDetail(string='Ce champ ne peut être nul.', code='null')]} - [D29110073727400000005713000000100000000000] | 2026-04-07 23:46:02,104 {'product': [ErrorDetail(string='Ce champ ne peut être nul.', code='null')]} - [D29210073727400000005713000000100000000000] | 2026-04-07 23:46:02,111 {'product': [ErrorDetail(string='Ce champ ne peut être nul.', code='null')]} - [D29310073727400000005713000000100000000000] | 2026-04-07 23:46:02,119 {'product': [ErrorDetail(string='Ce champ ne peut être nul.', code='null')]} - [D29410073727400000005713000000100000000000] | 2026-04-07 23:46:02,127 {'product': [ErrorDetail(string='Ce champ ne peut être nul.', code='null')]} - [D29510073727400000005713000000100000000000] | 2026-04-07 23:46:02,135 {'product': [ErrorDetail(string='Ce champ ne peut être nul.', code='null')]} - [D30210073727400000005713000000100000000000] | 2026-04-07 23:46:02,138 fin intégration: (a6ef7315-801d-48a2-9f08-0f08eaa5fe41) | fichier: /srv/import/050/SugCde_2554220_20260407164421.txt | 143 lignes formatées | 142 lignes en erreurs | 1 lignes crées | 0 lignes mises à jour | 0 lignes supprimées;050;CASH CENTER ZONE 4
pos1;POS 1;2026-04-09T18:56:08.939058+00:00;42c10dfc-a4f3-4188-934e-1254c13eb499;2026-04-07T23:46:00.539616;2026-04-07T23:46:01.994103;30;import de données;supplier_pre_order;pré-commande fournisseur;2;succès;interne;Import pré-commande fournisseur: | fin intégration: (42c10dfc-a4f3-4188-934e-1254c13eb499) | fichier: /srv/import/110/Cmdpro_PP12_20260407195530.txt | 83 lignes formatées | 0 lignes en erreurs | 0 lignes crées | 81 lignes mises à jour | 2 lignes supprimées;110;SUPER U VALLON
pos1;POS 1;2026-04-09T18:56:08.939058+00:00;376457b5-6a89-4e23-a552-4c9fcebf3230;2026-04-07T23:45:00.538475;2026-04-07T23:45:00.613084;30;import de données;supplier_pre_order;pré-commande fournisseur;2;succès;interne;Import pré-commande fournisseur: | fin intégration: (376457b5-6a89-4e23-a552-4c9fcebf3230) | fichier: /srv/import/110/Cmdpro_PP11_20260407195530.txt | 2 lignes formatées | 0 lignes en erreurs | 0 lignes crées | 2 lignes mises à jour | 0 lignes supprimées;110;SUPER U VALLON
pos1;POS 1;2026-04-09T18:56:08.939058+00:00;07ecd124-26c3-4952-858a-31c21d871631;2026-04-07T23:45:00.550404;2026-04-07T23:45:00.588982;30;import de données;supplier_order;commande fournisseur;2;succès;interne;Import commande fournisseur: | fin intégration: (07ecd124-26c3-4952-858a-31c21d871631) | fichier: /srv/import/050/SugCde_2554173_20260407100847.txt | 0 lignes formatées | 0 lignes en erreurs | 0 lignes crées | 0 lignes mises à jour | 0 lignes supprimées;050;CASH CENTER ZONE 4
pos1;POS 1;2026-04-09T18:56:08.939058+00:00;69886cb5-9252-4682-bef7-cf6a9f26b3a1;2026-04-07T23:44:00.540391;2026-04-07T23:44:00.625441;30;import de données;supplier_pre_order;pré-commande fournisseur;2;succès;interne;Import pré-commande fournisseur: | fin intégration: (69886cb5-9252-4682-bef7-cf6a9f26b3a1) | fichier: /srv/import/110/Cmdpro_PDF9_20260407195529.txt | 2 lignes formatées | 0 lignes en erreurs | 0 lignes crées | 2 lignes mises à jour | 0 lignes supprimées;110;SUPER U VALLON
pos1;POS 1;2026-04-09T18:56:08.939058+00:00;47b98635-d6b4-4263-a003-ff864229e037;2026-04-07T23:44:00.554034;2026-04-07T23:44:00.611876;30;import de données;supplier_order;commande fournisseur;2;succès;interne;Import commande fournisseur: | fin intégration: (47b98635-d6b4-4263-a003-ff864229e037) | fichier: /srv/import/050/SugCde_2554159_20260407084334.txt | 0 lignes formatées | 0 lignes en erreurs | 0 lignes crées | 0 lignes mises à jour | 0 lignes supprimées;050;CASH CENTER ZONE 4
pos1;POS 1;2026-04-09T18:56:08.939058+00:00;d02cc416-3c5e-4a62-9d06-e46018862cd8;2026-04-07T23:43:00.538753;2026-04-07T23:43:00.740590;30;import de données;supplier_pre_order;pré-commande fournisseur;2;succès;interne;Import pré-commande fournisseur: | fin intégration: (d02cc416-3c5e-4a62-9d06-e46018862cd8) | fichier: /srv/import/110/Cmdpro_PDF7_20260407195529.txt | 9 lignes formatées | 0 lignes en erreurs | 0 lignes crées | 9 lignes mises à jour | 0 lignes supprimées;110;SUPER U VALLON
pos1;POS 1;2026-04-09T18:56:08.939058+00:00;98757842-7cc6-439c-830e-382cc830f3bc;2026-04-07T23:43:00.549928;2026-04-07T23:43:00.585863;30;import de données;supplier_pre_order;pré-commande fournisseur;2;succès;interne;Import pré-commande fournisseur: | fin intégration: (98757842-7cc6-439c-830e-382cc830f3bc) | fichier: /srv/import/050/Cmdpro_S16B_20260407195534.txt | 0 lignes formatées | 0 lignes en erreurs | 0 lignes crées | 0 lignes mises à jour | 0 lignes supprimées;050;CASH CENTER ZONE 4
pos1;POS 1;2026-04-09T18:56:08.939058+00:00;18e4cb61-9283-40f5-aa80-8a3317b8323d;2026-04-07T23:42:00.546424;2026-04-07T23:42:00.816071;30;import de données;supplier_pre_order;pré-commande fournisseur;2;succès;interne;Import pré-commande fournisseur: | fin intégration: (18e4cb61-9283-40f5-aa80-8a3317b8323d) | fichier: /srv/import/110/Cmdpro_P61G_20260407195533.txt | 7 lignes formatées | 0 lignes en erreurs | 5 lignes crées | 2 lignes mises à jour | 0 lignes supprimées;110;SUPER U VALLON
pos1;POS 1;2026-04-09T18:56:08.939058+00:00;5cb9dcdb-af04-459e-90b2-c003a39c0971;2026-04-07T23:42:00.562923;2026-04-07T23:42:00.592346;30;import de données;supplier_pre_order;pré-commande fournisseur;2;succès;interne;Import pré-commande fournisseur: | fin intégration: (5cb9dcdb-af04-459e-90b2-c003a39c0971) | fichier: /srv/import/050/Cmdpro_PP14_20260407195531.txt | 0 lignes formatées | 0 lignes en erreurs | 0 lignes crées | 0 lignes mises à jour | 0 lignes supprimées;050;CASH CENTER ZONE 4
pos1;POS 1;2026-04-09T18:56:08.939058+00:00;a242938e-3cde-4c9c-95fd-3142b891060f;2026-04-07T23:41:00.538027;2026-04-07T23:41:00.620557;30;import de données;supplier_pre_order;pré-commande fournisseur;2;succès;interne;Import pré-commande fournisseur: | fin intégration: (a242938e-3cde-4c9c-95fd-3142b891060f) | fichier: /srv/import/110/Cmdpro_P59G_20260407195532.txt | 3 lignes formatées | 0 lignes en erreurs | 0 lignes crées | 1 lignes mises à jour | 2 lignes supprimées;110;SUPER U VALLON
pos1;POS 1;2026-04-09T18:56:08.939058+00:00;34c8ed4b-a329-4caf-9762-b4f8f8bcf415;2026-04-07T23:41:00.553501;2026-04-07T23:41:00.585441;30;import de données;supplier_pre_order;pré-commande fournisseur;2;succès;interne;Import pré-commande fournisseur: | fin intégration: (34c8ed4b-a329-4caf-9762-b4f8f8bcf415) | fichier: /srv/import/050/Cmdpro_PP12_20260407195530.txt | 0 lignes formatées | 0 lignes en erreurs | 0 lignes crées | 0 lignes mises à jour | 0 lignes supprimées;050;CASH CENTER ZONE 4
pos1;POS 1;2026-04-09T18:56:08.939058+00:00;9787e4e8-4ffe-44a7-94a9-09f183bf0755;2026-04-07T23:40:00.538240;2026-04-07T23:40:00.606464;30;import de données;supplier_pre_order;pré-commande fournisseur;2;succès;interne;Import pré-commande fournisseur: | fin intégration: (9787e4e8-4ffe-44a7-94a9-09f183bf0755) | fichier: /srv/import/110/Cmdpro_P58G_20260407195532.txt | 2 lignes formatées | 0 lignes en erreurs | 0 lignes crées | 1 lignes mises à jour | 1 lignes supprimées;110;SUPER U VALLON
pos1;POS 1;2026-04-09T18:56:08.939058+00:00;4c706936-4aba-4c04-82fd-bfc287952ee3;2026-04-07T23:40:00.555586;2026-04-07T23:40:00.588552;30;import de données;supplier_pre_order;pré-commande fournisseur;2;succès;interne;Import pré-commande fournisseur: | fin intégration: (4c706936-4aba-4c04-82fd-bfc287952ee3) | fichier: /srv/import/050/Cmdpro_PP11_20260407195530.txt | 0 lignes formatées | 0 lignes en erreurs | 0 lignes crées | 0 lignes mises à jour | 0 lignes supprimées;050;CASH CENTER ZONE 4
pos1;POS 1;2026-04-09T18:56:08.939058+00:00;07eddde4-b1b6-4ac9-aa92-0fb3cedb706d;2026-04-07T23:39:00.538931;2026-04-07T23:39:02.419213;30;import de données;supplier_pre_order;pré-commande fournisseur;2;succès;interne;Import pré-commande fournisseur: | fin intégration: (07eddde4-b1b6-4ac9-aa92-0fb3cedb706d) | fichier: /srv/import/110/Cmdpro_FLEC_20260407195528.txt | 115 lignes formatées | 0 lignes en erreurs | 1 lignes crées | 8 lignes mises à jour | 105 lignes supprimées;110;SUPER U VALLON
pos1;POS 1;2026-04-09T18:56:08.939058+00:00;52bcc1af-7b4f-4bae-9c8c-a21e00b022b5;2026-04-07T23:39:00.548704;2026-04-07T23:39:00.574858;30;import de données;supplier_pre_order;pré-commande fournisseur;2;succès;interne;Import pré-commande fournisseur: | fin intégration: (52bcc1af-7b4f-4bae-9c8c-a21e00b022b5) | fichier: /srv/import/050/Cmdpro_PDF9_20260407195529.txt | 0 lignes formatées | 0 lignes en erreurs | 0 lignes crées | 0 lignes mises à jour | 0 lignes supprimées;050;CASH CENTER ZONE 4
pos1;POS 1;2026-04-09T18:56:08.939058+00:00;d635b23b-4d4c-4bbc-9759-9d80aca82262;2026-04-07T23:38:00.538142;2026-04-07T23:38:00.733224;30;import de données;supplier_pre_order;pré-commande fournisseur;2;succès;interne;Import pré-commande fournisseur: | fin intégration: (d635b23b-4d4c-4bbc-9759-9d80aca82262) | fichier: /srv/import/110/Cmdpro_CMB9_20260407195527.txt | 5 lignes formatées | 0 lignes en erreurs | 5 lignes crées | 0 lignes mises à jour | 0 lignes supprimées;110;SUPER U VALLON
pos1;POS 1;2026-04-09T18:56:08.939058+00:00;989d41bd-ee81-40fd-93e4-c09e6c992f7d;2026-04-07T23:38:00.552551;2026-04-07T23:38:00.591602;30;import de données;supplier_pre_order;pré-commande fournisseur;2;succès;interne;Import pré-commande fournisseur: | fin intégration: (989d41bd-ee81-40fd-93e4-c09e6c992f7d) | fichier: /srv/import/050/Cmdpro_PDF7_20260407195529.txt | 0 lignes formatées | 0 lignes en erreurs | 0 lignes crées | 0 lignes mises à jour | 0 lignes supprimées;050;CASH CENTER ZONE 4
pos1;POS 1;2026-04-09T18:56:08.939058+00:00;3cda4c80-d615-4bef-a0ec-778834ed012e;2026-04-07T23:37:00.537665;2026-04-07T23:37:00.591407;30;import de données;supplier_pre_order;pré-commande fournisseur;2;succès;interne;Import pré-commande fournisseur: | fin intégration: (3cda4c80-d615-4bef-a0ec-778834ed012e) | fichier: /srv/import/110/Cmdpro_0267_20260407195535.txt | 1 lignes formatées | 0 lignes en erreurs | 1 lignes crées | 0 lignes mises à jour | 0 lignes supprimées;110;SUPER U VALLON
pos1;POS 1;2026-04-09T18:56:08.939058+00:00;3e96b0df-6568-4f60-a049-70e0d9267a63;2026-04-07T23:37:00.549800;2026-04-07T23:37:00.585119;30;import de données;supplier_pre_order;pré-commande fournisseur;2;succès;interne;Import pré-commande fournisseur: | fin intégration: (3e96b0df-6568-4f60-a049-70e0d9267a63) | fichier: /srv/import/050/Cmdpro_P61G_20260407195533.txt | 0 lignes formatées | 0 lignes en erreurs | 0 lignes crées | 0 lignes mises à jour | 0 lignes supprimées;050;CASH CENTER ZONE 4
pos1;POS 1;2026-04-09T18:56:08.939058+00:00;7c090f59-bec3-444b-b182-a696a06a321e;2026-04-07T23:36:00.537155;2026-04-07T23:36:00.622745;30;import de données;supplier_pre_order;pré-commande fournisseur;2;succès;interne;Import pré-commande fournisseur: | fin intégration: (7c090f59-bec3-444b-b182-a696a06a321e) | fichier: /srv/import/110/Cmdpro_0266_20260407195534.txt | 1 lignes formatées | 0 lignes en erreurs | 1 lignes crées | 0 lignes mises à jour | 0 lignes supprimées;110;SUPER U VALLON
pos1;POS 1;2026-04-09T18:56:08.939058+00:00;8df2fa18-71f0-40af-8f4b-035ef33d6680;2026-04-07T23:36:00.546518;2026-04-07T23:36:00.578335;30;import de données;supplier_pre_order;pré-commande fournisseur;2;succès;interne;Import pré-commande fournisseur: | fin intégration: (8df2fa18-71f0-40af-8f4b-035ef33d6680) | fichier: /srv/import/050/Cmdpro_P59G_20260407195532.txt | 0 lignes formatées | 0 lignes en erreurs | 0 lignes crées | 0 lignes mises à jour | 0 lignes supprimées;050;CASH CENTER ZONE 4
pos1;POS 1;2026-04-09T18:56:08.939058+00:00;0670b21d-f622-4a1e-8380-e7c9be1cfb82;2026-04-07T23:35:00.535151;2026-04-07T23:35:00.642793;30;import de données;supplier_pre_order;pré-commande fournisseur;2;succès;interne;Import pré-commande fournisseur: | fin intégration: (0670b21d-f622-4a1e-8380-e7c9be1cfb82) | fichier: /srv/import/110/Cmdpro_0263_20260407195534.txt | 4 lignes formatées | 0 lignes en erreurs | 0 lignes crées | 1 lignes mises à jour | 3 lignes supprimées;110;SUPER U VALLON
pos1;POS 1;2026-04-09T18:56:08.939058+00:00;302bca17-f5cb-4ee5-a940-52b8fdf4260e;2026-04-07T23:35:00.546879;2026-04-07T23:35:00.584207;30;import de données;supplier_pre_order;pré-commande fournisseur;2;succès;interne;Import pré-commande fournisseur: | fin intégration: (302bca17-f5cb-4ee5-a940-52b8fdf4260e) | fichier: /srv/import/050/Cmdpro_P58G_20260407195532.txt | 0 lignes formatées | 0 lignes en erreurs | 0 lignes crées | 0 lignes mises à jour | 0 lignes supprimées;050;CASH CENTER ZONE 4
pos1;POS 1;2026-04-09T18:56:08.939058+00:00;be222cd2-3b00-4735-b8b4-6e96bc66fc8d;2026-04-07T23:34:00.550846;2026-04-07T23:34:02.229209;30;import de données;supplier_pre_order;pré-commande fournisseur;0;erreur;interne;Extrait du rapport d'import: | 2026-04-07 23:34:00,537 fichier present: (['Pricing_S16B_20260407195534.txt'] - price_updater) dans /srv/import/110/ | 2026-04-07 23:34:00,539 36 lignes lu dans le fichier /srv/import/110/Pricing_S16B_20260407195534.txt | 2026-04-07 23:34:00,539 lancement intégration: (1bf89519-e3e8-40a3-916b-08b3e425fa57) | 2026-04-07 23:34:00,545 fichier present: (['Cmdpro_CMB9_20260407195527.txt', 'Cmdpro_0266_20260407195534.txt', 'Cmdpro_FLEC_20260407195528.txt', 'Cmdpro_S16B_20260407195534.txt', 'Cmdpro_PDF7_20260407195529.txt', 'Cmdpro_PP11_20260407195530.txt', 'Cmdpro_PP14_20260407195531.txt', 'Cmdpro_0263_20260407195534.txt', 'Cmdpro_P61G_20260407195533.txt', 'Cmdpro_PP12_20260407195530.txt', 'Cmdpro_0267_20260407195535.txt', 'Cmdpro_PDF9_20260407195529.txt', 'Cmdpro_P58G_20260407195532.txt', 'Cmdpro_P59G_20260407195532.txt'] - supplier_pre_order) dans /srv/import/110/ | 2026-04-07 23:34:00,545 import déjà en cours {mutex:MTX_PRODUCT}, fichier ignoré | 2026-04-07 23:34:00,546 fichier present: (['SugCde_2554220_20260407164421.txt', 'SugCde_2554173_20260407100847.txt', 'SugCde_2554224_20260407164446.txt', 'SugCde_2554221_20260407164427.txt', 'SugCde_2554223_20260407164440.txt', 'SugCde_2554159_20260407084334.txt', 'SugCde_2554222_20260407164433.txt', 'SugCde_2554227_20260407164501.txt', 'SugCde_2554226_20260407164457.txt', 'SugCde_2554225_20260407164452.txt'] - supplier_order) dans /srv/import/110/ | 2026-04-07 23:34:00,546 import déjà en cours {mutex:MTX_PRODUCT}, fichier ignoré | 2026-04-07 23:34:00,548 fichier present: (['Cmdpro_FLEC_20260407195528.txt', 'Cmdpro_S16B_20260407195534.txt', 'Cmdpro_PDF7_20260407195529.txt', 'Cmdpro_PP11_20260407195530.txt', 'Cmdpro_PP14_20260407195531.txt', 'Cmdpro_P61G_20260407195533.txt', 'Cmdpro_PP12_20260407195530.txt', 'Cmdpro_PDF9_20260407195529.txt', 'Cmdpro_P58G_20260407195532.txt', 'Cmdpro_P59G_20260407195532.txt'] - supplier_pre_order) dans /srv/import/050/ | 2026-04-07 23:34:00,550 115 lignes lu dans le fichier /srv/import/050/Cmdpro_FLEC_20260407195528.txt | 2026-04-07 23:34:00,550 lancement intégration: (be222cd2-3b00-4735-b8b4-6e96bc66fc8d) | 2026-04-07 23:34:00,556 fichier present: (['SugCde_2554220_20260407164421.txt', 'SugCde_2554173_20260407100847.txt', 'SugCde_2554224_20260407164446.txt', 'SugCde_2554221_20260407164427.txt', 'SugCde_2554223_20260407164440.txt', 'SugCde_2554159_20260407084334.txt', 'SugCde_2554222_20260407164433.txt', 'SugCde_2554227_20260407164501.txt', 'SugCde_2554226_20260407164457.txt', 'SugCde_2554225_20260407164452.txt'] - supplier_order) dans /srv/import/050/ | 2026-04-07 23:34:00,558 import déjà en cours {mutex:MTX_PRODUCT}, fichier ignoré | 2026-04-07 23:34:00,569 fin intégration: (1bf89519-e3e8-40a3-916b-08b3e425fa57) | fichier: /srv/import/110/Pricing_S16B_20260407195534.txt | 0 lignes formatées | 0 lignes en erreurs | 0 lignes crées | 0 lignes mises à jour | 0 lignes supprimées | 2026-04-07 23:34:02,209 {'product': [ErrorDetail(string='Ce champ ne peut être nul.', code='null')]} - [CD10073800500000949.996] | 2026-04-07 23:34:02,213 fin intégration: (be222cd2-3b00-4735-b8b4-6e96bc66fc8d) | fichier: /srv/import/050/Cmdpro_FLEC_20260407195528.txt | 115 lignes formatées | 1 lignes en erreurs | 0 lignes crées | 8 lignes mises à jour | 88 lignes supprimées;050;CASH CENTER ZONE 4
pos1;POS 1;2026-04-09T18:56:08.939058+00:00;1bf89519-e3e8-40a3-916b-08b3e425fa57;2026-04-07T23:34:00.539966;2026-04-07T23:34:00.571086;30;import de données;price_updater;mise à jour de prix;2;succès;interne;Import mise à jour de prix: | fin intégration: (1bf89519-e3e8-40a3-916b-08b3e425fa57) | fichier: /srv/import/110/Pricing_S16B_20260407195534.txt | 0 lignes formatées | 0 lignes en erreurs | 0 lignes crées | 0 lignes mises à jour | 0 lignes supprimées;110;SUPER U VALLON
pos1;POS 1;2026-04-09T18:56:08.939058+00:00;5753435f-47e5-4ca6-9698-0ab49c1d22ff;2026-04-07T23:33:00.536651;2026-04-07T23:33:00.709385;30;import de données;price_updater;mise à jour de prix;2;succès;interne;Import mise à jour de prix: | fin intégration: (5753435f-47e5-4ca6-9698-0ab49c1d22ff) | fichier: /srv/import/110/Pricing_PP14_20260407195532.txt | 4 lignes formatées | 0 lignes en erreurs | 2 lignes crées | 0 lignes mises à jour | 0 lignes supprimées;110;SUPER U VALLON
pos1;POS 1;2026-04-09T18:56:08.939058+00:00;5d72cce6-d7fe-4f5c-bc66-876a6c3018ad;2026-04-07T23:33:00.550062;2026-04-07T23:33:00.581756;30;import de données;supplier_pre_order;pré-commande fournisseur;2;succès;interne;Import pré-commande fournisseur: | fin intégration: (5d72cce6-d7fe-4f5c-bc66-876a6c3018ad) | fichier: /srv/import/050/Cmdpro_CMB9_20260407195527.txt | 0 lignes formatées | 0 lignes en erreurs | 0 lignes crées | 0 lignes mises à jour | 0 lignes supprimées;050;CASH CENTER ZONE 4
pos1;POS 1;2026-04-09T18:56:08.939058+00:00;b651502e-9901-48ac-8c15-0cdc5c97832f;2026-04-07T23:32:00.548763;2026-04-07T23:32:00.585084;30;import de données;supplier_pre_order;pré-commande fournisseur;2;succès;interne;Import pré-commande fournisseur: | fin intégration: (b651502e-9901-48ac-8c15-0cdc5c97832f) | fichier: /srv/import/050/Cmdpro_0267_20260407195535.txt | 0 lignes formatées | 0 lignes en erreurs | 0 lignes crées | 0 lignes mises à jour | 0 lignes supprimées;050;CASH CENTER ZONE 4
pos1;POS 1;2026-04-09T18:56:08.939058+00:00;490e2cd0-6be2-4a7d-a239-faaea82c9c08;2026-04-07T23:32:00.536912;2026-04-07T23:32:00.570343;30;import de données;price_updater;mise à jour de prix;2;succès;interne;Import mise à jour de prix: | fin intégration: (490e2cd0-6be2-4a7d-a239-faaea82c9c08) | fichier: /srv/import/110/Pricing_PP12_20260407195531.txt | 0 lignes formatées | 0 lignes en erreurs | 0 lignes crées | 0 lignes mises à jour | 0 lignes supprimées;110;SUPER U VALLON
pos1;POS 1;2026-04-09T18:56:08.939058+00:00;7f7cc8dd-7cc1-4d36-bfa7-9a833355181e;2026-04-07T23:31:00.536718;2026-04-07T23:31:00.796526;30;import de données;price_updater;mise à jour de prix;2;succès;interne;Import mise à jour de prix: | fin intégration: (7f7cc8dd-7cc1-4d36-bfa7-9a833355181e) | fichier: /srv/import/110/Pricing_PP11_20260407195530.txt | 4 lignes formatées | 0 lignes en erreurs | 4 lignes crées | 0 lignes mises à jour | 0 lignes supprimées;110;SUPER U VALLON
pos1;POS 1;2026-04-09T18:56:08.939058+00:00;0b6cade6-869e-4e7a-aacc-a9e7438d0ac9;2026-04-07T23:31:00.546541;2026-04-07T23:31:00.578351;30;import de données;supplier_pre_order;pré-commande fournisseur;2;succès;interne;Import pré-commande fournisseur: | fin intégration: (0b6cade6-869e-4e7a-aacc-a9e7438d0ac9) | fichier: /srv/import/050/Cmdpro_0266_20260407195534.txt | 0 lignes formatées | 0 lignes en erreurs | 0 lignes crées | 0 lignes mises à jour | 0 lignes supprimées;050;CASH CENTER ZONE 4
pos1;POS 1;2026-04-09T18:56:08.939058+00:00;100deae7-a87e-4560-afa7-545597466bdb;2026-04-07T23:30:00.536821;2026-04-07T23:30:00.698214;30;import de données;price_updater;mise à jour de prix;2;succès;interne;Import mise à jour de prix: | fin intégration: (100deae7-a87e-4560-afa7-545597466bdb) | fichier: /srv/import/110/Pricing_PDF9_20260407195530.txt | 2 lignes formatées | 0 lignes en erreurs | 2 lignes crées | 0 lignes mises à jour | 0 lignes supprimées;110;SUPER U VALLON
pos1;POS 1;2026-04-09T18:56:08.939058+00:00;faf5c6e0-92ad-4f16-9da7-825c0c6f3e83;2026-04-07T23:30:00.550278;2026-04-07T23:30:00.584565;30;import de données;supplier_pre_order;pré-commande fournisseur;2;succès;interne;Import pré-commande fournisseur: | fin intégration: (faf5c6e0-92ad-4f16-9da7-825c0c6f3e83) | fichier: /srv/import/050/Cmdpro_0263_20260407195534.txt | 0 lignes formatées | 0 lignes en erreurs | 0 lignes crées | 0 lignes mises à jour | 0 lignes supprimées;050;CASH CENTER ZONE 4
pos1;POS 1;2026-04-09T18:56:08.939058+00:00;e1bed760-6741-489b-aef6-ef82e8b28d03;2026-04-07T23:29:00.537603;2026-04-07T23:29:01.423717;30;import de données;price_updater;mise à jour de prix;2;succès;interne;Import mise à jour de prix: | fin intégration: (e1bed760-6741-489b-aef6-ef82e8b28d03) | fichier: /srv/import/110/Pricing_PDF7_20260407195529.txt | 52 lignes formatées | 0 lignes en erreurs | 4 lignes crées | 0 lignes mises à jour | 0 lignes supprimées;110;SUPER U VALLON
pos1;POS 1;2026-04-09T18:56:08.939058+00:00;224ade4f-17cf-4699-9957-f1ce65bae273;2026-04-07T23:29:00.552508;2026-04-07T23:29:00.582421;30;import de données;price_updater;mise à jour de prix;2;succès;interne;Import mise à jour de prix: | fin intégration: (224ade4f-17cf-4699-9957-f1ce65bae273) | fichier: /srv/import/050/Pricing_S16B_20260407195534.txt | 0 lignes formatées | 0 lignes en erreurs | 0 lignes crées | 0 lignes mises à jour | 0 lignes supprimées;050;CASH CENTER ZONE 4
pos1;POS 1;2026-04-09T18:56:08.939058+00:00;7fc44658-3d56-455a-bd24-1be25007dca2;2026-04-07T23:28:00.540118;2026-04-07T23:28:00.895493;30;import de données;price_updater;mise à jour de prix;2;succès;interne;Import mise à jour de prix: | fin intégration: (7fc44658-3d56-455a-bd24-1be25007dca2) | fichier: /srv/import/110/Pricing_P61G_20260407195533.txt | 14 lignes formatées | 0 lignes en erreurs | 4 lignes crées | 0 lignes mises à jour | 0 lignes supprimées;110;SUPER U VALLON
pos1;POS 1;2026-04-09T18:56:08.939058+00:00;0944dc20-3c25-4e31-93de-bdd02617ae39;2026-04-07T23:28:00.553818;2026-04-07T23:28:00.588070;30;import de données;price_updater;mise à jour de prix;2;succès;interne;Import mise à jour de prix: | fin intégration: (0944dc20-3c25-4e31-93de-bdd02617ae39) | fichier: /srv/import/050/Pricing_PP14_20260407195532.txt | 0 lignes formatées | 0 lignes en erreurs | 0 lignes crées | 0 lignes mises à jour | 0 lignes supprimées;050;CASH CENTER ZONE 4
pos1;POS 1;2026-04-09T18:56:08.939058+00:00;6ce7540a-1bd1-4493-8b04-d629fd510a4e;2026-04-07T23:27:00.538446;2026-04-07T23:27:00.765876;30;import de données;price_updater;mise à jour de prix;2;succès;interne;Import mise à jour de prix: | fin intégration: (6ce7540a-1bd1-4493-8b04-d629fd510a4e) | fichier: /srv/import/110/Pricing_P59G_20260407195533.txt | 4 lignes formatées | 0 lignes en erreurs | 2 lignes crées | 0 lignes mises à jour | 0 lignes supprimées;110;SUPER U VALLON
pos1;POS 1;2026-04-09T18:56:08.939058+00:00;b7ed33ce-8f25-4d99-9eb7-680e61dc1bbf;2026-04-07T23:27:00.551875;2026-04-07T23:27:00.587777;30;import de données;price_updater;mise à jour de prix;2;succès;interne;Import mise à jour de prix: | fin intégration: (b7ed33ce-8f25-4d99-9eb7-680e61dc1bbf) | fichier: /srv/import/050/Pricing_PP12_20260407195531.txt | 0 lignes formatées | 0 lignes en erreurs | 0 lignes crées | 0 lignes mises à jour | 0 lignes supprimées;050;CASH CENTER ZONE 4
pos1;POS 1;2026-04-09T18:56:08.939058+00:00;f6422159-436c-4b71-8991-aa6189e4527b;2026-04-07T23:26:00.542895;2026-04-07T23:26:00.722383;30;import de données;price_updater;mise à jour de prix;2;succès;interne;Import mise à jour de prix: | fin intégration: (f6422159-436c-4b71-8991-aa6189e4527b) | fichier: /srv/import/110/Pricing_P58G_20260407195532.txt | 2 lignes formatées | 0 lignes en erreurs | 2 lignes crées | 0 lignes mises à jour | 0 lignes supprimées;110;SUPER U VALLON
pos1;POS 1;2026-04-09T18:56:08.939058+00:00;3a7fef7a-8cab-418d-badf-26d8a337608f;2026-04-07T23:26:00.560378;2026-04-07T23:26:00.606167;30;import de données;price_updater;mise à jour de prix;2;succès;interne;Import mise à jour de prix: | fin intégration: (3a7fef7a-8cab-418d-badf-26d8a337608f) | fichier: /srv/import/050/Pricing_PP11_20260407195530.txt | 0 lignes formatées | 0 lignes en erreurs | 0 lignes crées | 0 lignes mises à jour | 0 lignes supprimées;050;CASH CENTER ZONE 4
pos1;POS 1;2026-04-09T18:56:08.939058+00:00;ffdad594-2bbe-4fcf-bbc3-d65768ae3bfc;2026-04-07T23:25:00.540886;2026-04-07T23:25:01.298321;30;import de données;price_updater;mise à jour de prix;2;succès;interne;Import mise à jour de prix: | fin intégration: (ffdad594-2bbe-4fcf-bbc3-d65768ae3bfc) | fichier: /srv/import/110/Pricing_FLEC_20260407195528.txt | 32 lignes formatées | 0 lignes en erreurs | 4 lignes crées | 0 lignes mises à jour | 0 lignes supprimées;110;SUPER U VALLON
pos1;POS 1;2026-04-09T18:56:08.939058+00:00;fd6d9250-6417-4c14-b884-2f793ee7fa00;2026-04-07T23:25:00.556162;2026-04-07T23:25:00.597703;30;import de données;price_updater;mise à jour de prix;2;succès;interne;Import mise à jour de prix: | fin intégration: (fd6d9250-6417-4c14-b884-2f793ee7fa00) | fichier: /srv/import/050/Pricing_PDF9_20260407195530.txt | 0 lignes formatées | 0 lignes en erreurs | 0 lignes crées | 0 lignes mises à jour | 0 lignes supprimées;050;CASH CENTER ZONE 4
pos1;POS 1;2026-04-09T18:56:08.939058+00:00;691928c7-1b9a-4be3-8179-36d37b851bcd;2026-04-07T23:24:00.540957;2026-04-07T23:24:00.800704;30;import de données;price_updater;mise à jour de prix;2;succès;interne;Import mise à jour de prix: | fin intégration: (691928c7-1b9a-4be3-8179-36d37b851bcd) | fichier: /srv/import/110/Pricing_CMB9_20260407195528.txt | 8 lignes formatées | 0 lignes en erreurs | 2 lignes crées | 0 lignes mises à jour | 0 lignes supprimées;110;SUPER U VALLON
pos1;POS 1;2026-04-09T18:56:08.939058+00:00;4fa5ca41-874e-48b0-b2bd-546e5bc4f5a0;2026-04-07T23:24:00.552321;2026-04-07T23:24:00.599081;30;import de données;price_updater;mise à jour de prix;2;succès;interne;Import mise à jour de prix: | fin intégration: (4fa5ca41-874e-48b0-b2bd-546e5bc4f5a0) | fichier: /srv/import/050/Pricing_PDF7_20260407195529.txt | 0 lignes formatées | 0 lignes en erreurs | 0 lignes crées | 0 lignes mises à jour | 0 lignes supprimées;050;CASH CENTER ZONE 4
pos1;POS 1;2026-04-09T18:56:08.939058+00:00;4e4b21dd-5d4d-4087-b609-cca8ea1de1c6;2026-04-07T23:23:00.562783;2026-04-07T23:23:00.600291;30;import de données;price_updater;mise à jour de prix;2;succès;interne;Import mise à jour de prix: | fin intégration: (4e4b21dd-5d4d-4087-b609-cca8ea1de1c6) | fichier: /srv/import/050/Pricing_P61G_20260407195533.txt | 0 lignes formatées | 0 lignes en erreurs | 0 lignes crées | 0 lignes mises à jour | 0 lignes supprimées;050;CASH CENTER ZONE 4
pos1;POS 1;2026-04-09T18:56:08.939058+00:00;cb380e84-f6b7-45eb-98aa-8d5aecdcd223;2026-04-07T23:23:00.543414;2026-04-07T23:23:00.588937;30;import de données;price_updater;mise à jour de prix;2;succès;interne;Import mise à jour de prix: | fin intégration: (cb380e84-f6b7-45eb-98aa-8d5aecdcd223) | fichier: /srv/import/110/Pricing_0267_20260407195535.txt | 0 lignes formatées | 0 lignes en erreurs | 0 lignes crées | 0 lignes mises à jour | 0 lignes supprimées;110;SUPER U VALLON
pos1;POS 1;2026-04-09T18:56:08.939058+00:00;74a12527-5c83-44d4-ba8f-135aa8c33167;2026-04-07T23:22:00.561809;2026-04-07T23:22:00.595946;30;import de données;price_updater;mise à jour de prix;2;succès;interne;Import mise à jour de prix: | fin intégration: (74a12527-5c83-44d4-ba8f-135aa8c33167) | fichier: /srv/import/050/Pricing_P59G_20260407195533.txt | 0 lignes formatées | 0 lignes en erreurs | 0 lignes crées | 0 lignes mises à jour | 0 lignes supprimées;050;CASH CENTER ZONE 4
pos1;POS 1;2026-04-09T18:56:08.939058+00:00;169797cf-b929-48c9-9b4a-201a76f23ea5;2026-04-07T23:22:00.542010;2026-04-07T23:22:00.582735;30;import de données;price_updater;mise à jour de prix;2;succès;interne;Import mise à jour de prix: | fin intégration: (169797cf-b929-48c9-9b4a-201a76f23ea5) | fichier: /srv/import/110/Pricing_0266_20260407195535.txt | 0 lignes formatées | 0 lignes en erreurs | 0 lignes crées | 0 lignes mises à jour | 0 lignes supprimées;110;SUPER U VALLON
pos1;POS 1;2026-04-09T18:56:08.939058+00:00;41b426bd-9fd0-4544-90b1-b76910aaa44a;2026-04-07T23:21:00.538563;2026-04-07T23:21:00.754303;30;import de données;price_updater;mise à jour de prix;2;succès;interne;Import mise à jour de prix: | fin intégration: (41b426bd-9fd0-4544-90b1-b76910aaa44a) | fichier: /srv/import/110/Pricing_0263_20260407195534.txt | 6 lignes formatées | 0 lignes en erreurs | 2 lignes crées | 0 lignes mises à jour | 0 lignes supprimées;110;SUPER U VALLON
pos1;POS 1;2026-04-09T18:56:08.939058+00:00;c39ce69e-e78f-4a11-8c66-a63d38d1f0dd;2026-04-07T23:21:00.554711;2026-04-07T23:21:00.589786;30;import de données;price_updater;mise à jour de prix;2;succès;interne;Import mise à jour de prix: | fin intégration: (c39ce69e-e78f-4a11-8c66-a63d38d1f0dd) | fichier: /srv/import/050/Pricing_P58G_20260407195532.txt | 0 lignes formatées | 0 lignes en erreurs | 0 lignes crées | 0 lignes mises à jour | 0 lignes supprimées;050;CASH CENTER ZONE 4
pos1;POS 1;2026-04-09T18:56:08.939058+00:00;8c45eb01-c189-4c15-b841-c9b22970b29c;2026-04-07T23:20:00.542192;2026-04-07T23:20:34.693668;30;import de données;price_updater;mise à jour de prix;2;succès;interne;Import mise à jour de prix: | fin intégration: (8c45eb01-c189-4c15-b841-c9b22970b29c) | fichier: /srv/import/110/236_pricing_20260407195427.csv | 1894 lignes formatées | 0 lignes en erreurs | 4 lignes crées | 0 lignes mises à jour | 0 lignes supprimées;110;SUPER U VALLON
pos1;POS 1;2026-04-09T18:56:08.939058+00:00;475d83c5-1341-4e1e-960c-ded55f4414e2;2026-04-07T23:20:00.563602;2026-04-07T23:20:01.440219;30;import de données;price_updater;mise à jour de prix;0;erreur;interne;Extrait du rapport d'import: | 0 lignes crées | 0 lignes mises à jour | 0 lignes supprimées | 2026-04-07 23:20:00,535 fichier present: (['236_pricing_20260407195427.csv'] - price_updater) dans /srv/import/110/ | 2026-04-07 23:20:00,540 1898 lignes lu dans le fichier /srv/import/110/236_pricing_20260407195427.csv | 2026-04-07 23:20:00,540 lancement intégration: (8c45eb01-c189-4c15-b841-c9b22970b29c) | 2026-04-07 23:20:00,554 fichier present: (['Pricing_PP14_20260407195532.txt', 'Pricing_P58G_20260407195532.txt', 'Pricing_0266_20260407195535.txt', 'Pricing_S16B_20260407195534.txt', 'Pricing_0263_20260407195534.txt', 'Pricing_CMB9_20260407195528.txt', 'Pricing_PDF7_20260407195529.txt', 'Pricing_P61G_20260407195533.txt', 'Pricing_PP12_20260407195531.txt', 'Pricing_0267_20260407195535.txt', 'Pricing_FLEC_20260407195528.txt', 'Pricing_PDF9_20260407195530.txt', 'Pricing_P59G_20260407195533.txt', 'Pricing_PP11_20260407195530.txt'] - price_updater) dans /srv/import/110/ | 2026-04-07 23:20:00,554 import déjà en cours {mutex:MTX_PRODUCT}, fichier ignoré | 2026-04-07 23:20:00,555 fichier present: (['Cmdpro_CMB9_20260407195527.txt', 'Cmdpro_0266_20260407195534.txt', 'Cmdpro_FLEC_20260407195528.txt', 'Cmdpro_S16B_20260407195534.txt', 'Cmdpro_PDF7_20260407195529.txt', 'Cmdpro_PP11_20260407195530.txt', 'Cmdpro_PP14_20260407195531.txt', 'Cmdpro_0263_20260407195534.txt', 'Cmdpro_P61G_20260407195533.txt', 'Cmdpro_PP12_20260407195530.txt', 'Cmdpro_0267_20260407195535.txt', 'Cmdpro_PDF9_20260407195529.txt', 'Cmdpro_P58G_20260407195532.txt', 'Cmdpro_P59G_20260407195532.txt'] - supplier_pre_order) dans /srv/import/110/ | 2026-04-07 23:20:00,555 import déjà en cours {mutex:MTX_PRODUCT}, fichier ignoré | 2026-04-07 23:20:00,555 fichier present: (['SugCde_2554220_20260407164421.txt', 'SugCde_2554173_20260407100847.txt', 'SugCde_2554224_20260407164446.txt', 'SugCde_2554221_20260407164427.txt', 'SugCde_2554223_20260407164440.txt', 'SugCde_2554159_20260407084334.txt', 'SugCde_2554222_20260407164433.txt', 'SugCde_2554227_20260407164501.txt', 'SugCde_2554226_20260407164457.txt', 'SugCde_2554225_20260407164452.txt'] - supplier_order) dans /srv/import/110/ | 2026-04-07 23:20:00,555 import déjà en cours {mutex:MTX_PRODUCT}, fichier ignoré | 2026-04-07 23:20:00,558 fichier present: (['Pricing_PP14_20260407195532.txt', 'Pricing_P58G_20260407195532.txt', 'Pricing_S16B_20260407195534.txt', 'Pricing_PDF7_20260407195529.txt', 'Pricing_P61G_20260407195533.txt', 'Pricing_PP12_20260407195531.txt', 'Pricing_FLEC_20260407195528.txt', 'Pricing_PDF9_20260407195530.txt', 'Pricing_P59G_20260407195533.txt', 'Pricing_PP11_20260407195530.txt'] - price_updater) dans /srv/import/050/ | 2026-04-07 23:20:00,562 40 lignes lu dans le fichier /srv/import/050/Pricing_FLEC_20260407195528.txt | 2026-04-07 23:20:00,562 lancement intégration: (475d83c5-1341-4e1e-960c-ded55f4414e2) | 2026-04-07 23:20:00,569 fichier present: (['Cmdpro_CMB9_20260407195527.txt', 'Cmdpro_0266_20260407195534.txt', 'Cmdpro_FLEC_20260407195528.txt', 'Cmdpro_S16B_20260407195534.txt', 'Cmdpro_PDF7_20260407195529.txt', 'Cmdpro_PP11_20260407195530.txt', 'Cmdpro_PP14_20260407195531.txt', 'Cmdpro_0263_20260407195534.txt', 'Cmdpro_P61G_20260407195533.txt', 'Cmdpro_PP12_20260407195530.txt', 'Cmdpro_0267_20260407195535.txt', 'Cmdpro_PDF9_20260407195529.txt', 'Cmdpro_P58G_20260407195532.txt', 'Cmdpro_P59G_20260407195532.txt'] - supplier_pre_order) dans /srv/import/050/ | 2026-04-07 23:20:00,570 import déjà en cours {mutex:MTX_PRODUCT}, fichier ignoré | 2026-04-07 23:20:00,570 fichier present: (['SugCde_2554220_20260407164421.txt', 'SugCde_2554173_20260407100847.txt', 'SugCde_2554224_20260407164446.txt', 'SugCde_2554221_20260407164427.txt', 'SugCde_2554223_20260407164440.txt', 'SugCde_2554159_20260407084334.txt', 'SugCde_2554222_20260407164433.txt', 'SugCde_2554227_20260407164501.txt', 'SugCde_2554226_20260407164457.txt', 'SugCde_2554225_20260407164452.txt'] - supplier_order) dans /srv/import/050/ | 2026-04-07 23:20:00,570 import déjà en cours {mutex:MTX_PRODUCT}, fichier ignoré | 2026-04-07 23:20:00,882 produit inconnu 100738005 - [['P', '100738005', '949.99', '', '', '', '']] | 2026-04-07 23:20:01,245 produit inconnu 100738005 - [['P', '100738005', '1290.00', '', '', '', '']] | 2026-04-07 23:20:01,414 fin intégration: (475d83c5-1341-4e1e-960c-ded55f4414e2) | fichier: /srv/import/050/Pricing_FLEC_20260407195528.txt | 30 lignes formatées | 2 lignes en erreurs | 4 lignes crées | 0 lignes mises à jour | 0 lignes supprimées;050;CASH CENTER ZONE 4
pos1;POS 1;2026-04-09T18:56:08.939058+00:00;112beabb-774d-40f2-95d0-8a10166c637f;2026-04-07T23:19:00.555730;2026-04-07T23:19:00.588695;30;import de données;price_updater;mise à jour de prix;2;succès;interne;Import mise à jour de prix: | fin intégration: (112beabb-774d-40f2-95d0-8a10166c637f) | fichier: /srv/import/050/Pricing_CMB9_20260407195528.txt | 0 lignes formatées | 0 lignes en erreurs | 0 lignes crées | 0 lignes mises à jour | 0 lignes supprimées;050;CASH CENTER ZONE 4
pos1;POS 1;2026-04-09T18:56:08.939058+00:00;66be5598-28c4-4023-978d-b76332615c0c;2026-04-07T23:19:00.536655;2026-04-07T23:19:00.572788;30;import de données;price_updater;mise à jour de prix;2;succès;interne;Import mise à jour de prix: | fin intégration: (66be5598-28c4-4023-978d-b76332615c0c) | fichier: /srv/import/110/999_pricing_20260407195244.csv | 0 lignes formatées | 0 lignes en erreurs | 0 lignes crées | 0 lignes mises à jour | 0 lignes supprimées;110;SUPER U VALLON
pos1;POS 1;2026-04-09T18:56:08.939058+00:00;d1d1783b-9425-4c84-8410-1e4552570187;2026-04-07T23:17:00.534665;2026-04-07T23:18:42.067488;30;import de données;product_suppliers;affectation des fournisseurs aux articles;2;succès;interne;Import affectation des fournisseurs aux articles: | fin intégration: (d1d1783b-9425-4c84-8410-1e4552570187) | fichier: /srv/import/110/236_productssuppliers_20260407195425.csv | 454 lignes formatées | 0 lignes en erreurs | 0 lignes crées | 454 lignes mises à jour | 0 lignes supprimées;110;SUPER U VALLON
pos1;POS 1;2026-04-09T18:56:08.939058+00:00;b4f51394-5da1-418d-9e84-5f90630a49c3;2026-04-07T23:18:00.542042;2026-04-07T23:18:00.585786;30;import de données;price_updater;mise à jour de prix;2;succès;interne;Import mise à jour de prix: | fin intégration: (b4f51394-5da1-418d-9e84-5f90630a49c3) | fichier: /srv/import/050/Pricing_0267_20260407195535.txt | 0 lignes formatées | 0 lignes en erreurs | 0 lignes crées | 0 lignes mises à jour | 0 lignes supprimées;050;CASH CENTER ZONE 4
pos1;POS 1;2026-04-09T18:56:08.939058+00:00;654a8c69-c95e-4d66-b8c8-3703b7a03d58;2026-04-07T23:17:00.554135;2026-04-07T23:17:00.593887;30;import de données;price_updater;mise à jour de prix;2;succès;interne;Import mise à jour de prix: | fin intégration: (654a8c69-c95e-4d66-b8c8-3703b7a03d58) | fichier: /srv/import/050/Pricing_0266_20260407195535.txt | 0 lignes formatées | 0 lignes en erreurs | 0 lignes crées | 0 lignes mises à jour | 0 lignes supprimées;050;CASH CENTER ZONE 4
pos1;POS 1;2026-04-09T18:56:08.939058+00:00;6fee8169-40fb-4e47-b02d-e9e3013f23b7;2026-04-07T23:16:00.546863;2026-04-07T23:16:09.580571;30;import de données;linked_code;codes liés;0;erreur;interne;"Extrait du rapport d'import: | 2026-04-07 23:16:00,556 fichier present: (['Pricing_PP14_20260407195532.txt', 'Pricing_P58G_20260407195532.txt', 'Pricing_0266_20260407195535.txt', 'Pricing_S16B_20260407195534.txt', 'Pricing_0263_20260407195534.txt', 'Pricing_CMB9_20260407195528.txt', 'Pricing_PDF7_20260407195529.txt', 'Pricing_P61G_20260407195533.txt', 'Pricing_PP12_20260407195531.txt', 'Pricing_0267_20260407195535.txt', 'Pricing_FLEC_20260407195528.txt', 'Pricing_PDF9_20260407195530.txt', 'Pricing_P59G_20260407195533.txt', 'Pricing_PP11_20260407195530.txt'] - price_updater) dans /srv/import/110/ | 2026-04-07 23:16:00,556 import déjà en cours {mutex:MTX_PRODUCT}, fichier ignoré | 2026-04-07 23:16:00,557 fichier present: (['Cmdpro_CMB9_20260407195527.txt', 'Cmdpro_0266_20260407195534.txt', 'Cmdpro_FLEC_20260407195528.txt', 'Cmdpro_S16B_20260407195534.txt', 'Cmdpro_PDF7_20260407195529.txt', 'Cmdpro_PP11_20260407195530.txt', 'Cmdpro_PP14_20260407195531.txt', 'Cmdpro_0263_20260407195534.txt', 'Cmdpro_P61G_20260407195533.txt', 'Cmdpro_PP12_20260407195530.txt', 'Cmdpro_0267_20260407195535.txt', 'Cmdpro_PDF9_20260407195529.txt', 'Cmdpro_P58G_20260407195532.txt', 'Cmdpro_P59G_20260407195532.txt'] - supplier_pre_order) dans /srv/import/110/ | 2026-04-07 23:16:00,557 import déjà en cours {mutex:MTX_PRODUCT}, fichier ignoré | 2026-04-07 23:16:00,557 fichier present: (['SugCde_2554220_20260407164421.txt', 'SugCde_2554173_20260407100847.txt', 'SugCde_2554224_20260407164446.txt', 'SugCde_2554221_20260407164427.txt', 'SugCde_2554223_20260407164440.txt', 'SugCde_2554159_20260407084334.txt', 'SugCde_2554222_20260407164433.txt', 'SugCde_2554227_20260407164501.txt', 'SugCde_2554226_20260407164457.txt', 'SugCde_2554225_20260407164452.txt'] - supplier_order) dans /srv/import/110/ | 2026-04-07 23:16:00,557 import déjà en cours {mutex:MTX_PRODUCT}, fichier ignoré | 2026-04-07 23:16:00,559 fichier present: (['Pricing_PP14_20260407195532.txt', 'Pricing_P58G_20260407195532.txt', 'Pricing_0266_20260407195535.txt', 'Pricing_S16B_20260407195534.txt', 'Pricing_0263_20260407195534.txt', 'Pricing_CMB9_20260407195528.txt', 'Pricing_PDF7_20260407195529.txt', 'Pricing_P61G_20260407195533.txt', 'Pricing_PP12_20260407195531.txt', 'Pricing_0267_20260407195535.txt', 'Pricing_FLEC_20260407195528.txt', 'Pricing_PDF9_20260407195530.txt', 'Pricing_P59G_20260407195533.txt', 'Pricing_PP11_20260407195530.txt'] - price_updater) dans /srv/import/050/ | 2026-04-07 23:16:00,562 10 lignes lu dans le fichier /srv/import/050/Pricing_0263_20260407195534.txt | 2026-04-07 23:16:00,562 lancement intégration: (72603cd6-6a7e-4a24-bdf9-3166ca9268d1) | 2026-04-07 23:16:00,586 fichier present: (['Cmdpro_CMB9_20260407195527.txt', 'Cmdpro_0266_20260407195534.txt', 'Cmdpro_FLEC_20260407195528.txt', 'Cmdpro_S16B_20260407195534.txt', 'Cmdpro_PDF7_20260407195529.txt', 'Cmdpro_PP11_20260407195530.txt', 'Cmdpro_PP14_20260407195531.txt', 'Cmdpro_0263_20260407195534.txt', 'Cmdpro_P61G_20260407195533.txt', 'Cmdpro_PP12_20260407195530.txt', 'Cmdpro_0267_20260407195535.txt', 'Cmdpro_PDF9_20260407195529.txt', 'Cmdpro_P58G_20260407195532.txt', 'Cmdpro_P59G_20260407195532.txt'] - supplier_pre_order) dans /srv/import/050/ | 2026-04-07 23:16:00,587 import déjà en cours {mutex:MTX_PRODUCT}, fichier ignoré | 2026-04-07 23:16:00,587 fichier present: (['SugCde_2554220_20260407164421.txt', 'SugCde_2554173_20260407100847.txt', 'SugCde_2554224_20260407164446.txt', 'SugCde_2554221_20260407164427.txt', 'SugCde_2554223_20260407164440.txt', 'SugCde_2554159_20260407084334.txt', 'SugCde_2554222_20260407164433.txt', 'SugCde_2554227_20260407164501.txt', 'SugCde_2554226_20260407164457.txt', 'SugCde_2554225_20260407164452.txt'] - supplier_order) dans /srv/import/050/ | 2026-04-07 23:16:00,587 import déjà en cours {mutex:MTX_PRODUCT}, fichier ignoré | 2026-04-07 23:16:00,613 fin intégration: (72603cd6-6a7e-4a24-bdf9-3166ca9268d1) | fichier: /srv/import/050/Pricing_0263_20260407195534.txt | 0 lignes formatées | 0 lignes en erreurs | 0 lignes crées | 0 lignes mises à jour | 0 lignes supprimées | 2026-04-07 23:16:08,618 {'non_field_errors': [ErrorDetail(string='Le code lié 3500610072758 existe déjà', code='invalid')]} - [;100730524;3500610072758;] | 2026-04-07 23:16:09,549 fin intégration: (6fee8169-40fb-4e47-b02d-e9e3013f23b7) | fichier: /srv/import/110/236_linkedcodes_20260407195425.csv | 204 lignes formatées | 1 lignes en erreurs | 23 lignes crées | 180 lignes mises à jour | 0 lignes supprimées";110;SUPER U VALLON
pos1;POS 1;2026-04-09T18:56:08.939058+00:00;72603cd6-6a7e-4a24-bdf9-3166ca9268d1;2026-04-07T23:16:00.563236;2026-04-07T23:16:00.615876;30;import de données;price_updater;mise à jour de prix;2;succès;interne;Import mise à jour de prix: | fin intégration: (72603cd6-6a7e-4a24-bdf9-3166ca9268d1) | fichier: /srv/import/050/Pricing_0263_20260407195534.txt | 0 lignes formatées | 0 lignes en erreurs | 0 lignes crées | 0 lignes mises à jour | 0 lignes supprimées;050;CASH CENTER ZONE 4
pos1;POS 1;2026-04-09T18:56:08.939058+00:00;aec87ff1-5d1e-4580-b513-76dd1f7410a0;2026-04-07T23:15:00.549772;2026-04-07T23:15:00.582675;30;import de données;price_updater;mise à jour de prix;2;succès;interne;Import mise à jour de prix: | fin intégration: (aec87ff1-5d1e-4580-b513-76dd1f7410a0) | fichier: /srv/import/050/999_pricing_20260407195244.csv | 0 lignes formatées | 0 lignes en erreurs | 0 lignes crées | 0 lignes mises à jour | 0 lignes supprimées;050;CASH CENTER ZONE 4
pos1;POS 1;2026-04-09T18:56:08.939058+00:00;a14cb479-734a-4b02-90a7-70174265d09f;2026-04-07T23:15:00.536542;2026-04-07T23:15:00.567022;30;import de données;linked_code;codes liés;2;succès;interne;Import codes liés: | fin intégration: (a14cb479-734a-4b02-90a7-70174265d09f) | fichier: /srv/import/110/999_linkedcodes_20260407195241.csv | 0 lignes formatées | 0 lignes en erreurs | 0 lignes crées | 0 lignes mises à jour | 0 lignes supprimées;110;SUPER U VALLON
pos1;POS 1;2026-04-09T18:56:08.939058+00:00;dd159673-9e6e-486f-a46f-f871d60defb0;2026-04-07T23:14:00.540900;2026-04-07T23:14:43.637873;30;import de données;product;produit;0;erreur;interne;"Extrait du rapport d'import: | 2026-04-07 23:14:00,564 fichier present: (['999_pricing_20260407195244.csv'] - price_updater) dans /srv/import/050/ | 2026-04-07 23:14:00,566 import déjà en cours {mutex:MTX_PRODUCT}, fichier ignoré | 2026-04-07 23:14:00,566 fichier present: (['Pricing_PP14_20260407195532.txt', 'Pricing_P58G_20260407195532.txt', 'Pricing_0266_20260407195535.txt', 'Pricing_S16B_20260407195534.txt', 'Pricing_0263_20260407195534.txt', 'Pricing_CMB9_20260407195528.txt', 'Pricing_PDF7_20260407195529.txt', 'Pricing_P61G_20260407195533.txt', 'Pricing_PP12_20260407195531.txt', 'Pricing_0267_20260407195535.txt', 'Pricing_FLEC_20260407195528.txt', 'Pricing_PDF9_20260407195530.txt', 'Pricing_P59G_20260407195533.txt', 'Pricing_PP11_20260407195530.txt'] - price_updater) dans /srv/import/050/ | 2026-04-07 23:14:00,566 import déjà en cours {mutex:MTX_PRODUCT}, fichier ignoré | 2026-04-07 23:14:00,567 fichier present: (['Cmdpro_CMB9_20260407195527.txt', 'Cmdpro_0266_20260407195534.txt', 'Cmdpro_FLEC_20260407195528.txt', 'Cmdpro_S16B_20260407195534.txt', 'Cmdpro_PDF7_20260407195529.txt', 'Cmdpro_PP11_20260407195530.txt', 'Cmdpro_PP14_20260407195531.txt', 'Cmdpro_0263_20260407195534.txt', 'Cmdpro_P61G_20260407195533.txt', 'Cmdpro_PP12_20260407195530.txt', 'Cmdpro_0267_20260407195535.txt', 'Cmdpro_PDF9_20260407195529.txt', 'Cmdpro_P58G_20260407195532.txt', 'Cmdpro_P59G_20260407195532.txt'] - supplier_pre_order) dans /srv/import/050/ | 2026-04-07 23:14:00,567 import déjà en cours {mutex:MTX_PRODUCT}, fichier ignoré | 2026-04-07 23:14:00,567 fichier present: (['SugCde_2554220_20260407164421.txt', 'SugCde_2554173_20260407100847.txt', 'SugCde_2554224_20260407164446.txt', 'SugCde_2554221_20260407164427.txt', 'SugCde_2554223_20260407164440.txt', 'SugCde_2554159_20260407084334.txt', 'SugCde_2554222_20260407164433.txt', 'SugCde_2554227_20260407164501.txt', 'SugCde_2554226_20260407164457.txt', 'SugCde_2554225_20260407164452.txt'] - supplier_order) dans /srv/import/050/ | 2026-04-07 23:14:00,567 import déjà en cours {mutex:MTX_PRODUCT}, fichier ignoré | 2026-04-07 23:14:00,586 fin intégration: (e6527279-bccc-40be-bce0-93e5901ece7a) | fichier: /srv/import/050/999_linkedcodes_20260407195241.csv | 0 lignes formatées | 0 lignes en erreurs | 0 lignes crées | 0 lignes mises à jour | 0 lignes supprimées | 2026-04-07 23:14:04,663 Department matching query does not exist. - [20235110120;000000000;94;100214169;1;ESCARGOT AUX AMANDES  (S2P);ESCARGOT AUX AMANDES;1;1;NA;;18.00;650.00;440.00;LD] | 2026-04-07 23:14:07,505 Department matching query does not exist. - [20235110120;000000000;94;100350897;1;ESCARGOT AU CHOCOLAT  (S2P);ESCARGOT AU CHOCOLAT;1;1;NA;;18.00;650.00;440.00;LD] | 2026-04-07 23:14:07,508 Department matching query does not exist. - [20235120130;000000000;98;100354319;1;FONDANT AUX POMMES  (S2P);FONDANT AUX POMMES;1;1;NA;;18.00;1000.00;678.00;LD] | 2026-04-07 23:14:09,894 Department matching query does not exist. - [20235110120;000000000;94;100415685;1;GATEAU ESCARGOT AMAND  (S2P);GATEAU ESCARGOT AMAN;1;1;AC;;18.00;650.00;441.00;LD] | 2026-04-07 23:14:09,896 Department matching query does not exist. - [20235110120;000000000;94;100415687;1;GATEAU ESCARGOT CHOCOLAT  (S2P);GATEAU ESCARGOT CHOC;1;1;AC;;18.00;650.00;441.00;LD] | 2026-04-07 23:14:33,454 Department matching query does not exist. - [20235800810;000000000;98;100697558;1;GRAINE SESAME 25KG;GRAINE SESAME 25KG;1;1;AC;;18.00;107990.00;83240.00;CC] | 2026-04-07 23:14:43,604 fin intégration: (dd159673-9e6e-486f-a46f-f871d60defb0) | fichier: /srv/import/110/236_products_20260407195425.csv | 142 lignes formatées | 6 lignes en erreurs | 19 lignes crées | 123 lignes mises à jour | 0 lignes supprimées";110;SUPER U VALLON
pos1;POS 1;2026-04-09T18:56:08.939058+00:00;e6527279-bccc-40be-bce0-93e5901ece7a;2026-04-07T23:14:00.558855;2026-04-07T23:14:00.588496;30;import de données;linked_code;codes liés;2;succès;interne;Import codes liés: | fin intégration: (e6527279-bccc-40be-bce0-93e5901ece7a) | fichier: /srv/import/050/999_linkedcodes_20260407195241.csv | 0 lignes formatées | 0 lignes en erreurs | 0 lignes crées | 0 lignes mises à jour | 0 lignes supprimées;050;CASH CENTER ZONE 4
pos1;POS 1;2026-04-09T18:56:08.939058+00:00;8ec5f20d-287e-4d3f-b538-d2bed5acd118;2026-04-07T23:13:00.555485;2026-04-07T23:13:00.700800;30;import de données;product;produit;2;succès;interne;Import produit: | fin intégration: (8ec5f20d-287e-4d3f-b538-d2bed5acd118) | fichier: /srv/import/050/999_products_20260407195241.csv | 0 lignes formatées | 0 lignes en erreurs | 0 lignes crées | 0 lignes mises à jour | 0 lignes supprimées;050;CASH CENTER ZONE 4
pos1;POS 1;2026-04-09T18:56:08.939058+00:00;9ccee84d-70cb-4e0c-84b5-b9894c4372a3;2026-04-07T23:13:00.541597;2026-04-07T23:13:00.580250;30;import de données;product;produit;2;succès;interne;Import produit: | fin intégration: (9ccee84d-70cb-4e0c-84b5-b9894c4372a3) | fichier: /srv/import/110/999_products_20260407195241.csv | 0 lignes formatées | 0 lignes en erreurs | 0 lignes crées | 0 lignes mises à jour | 0 lignes supprimées;110;SUPER U VALLON
pos1;POS 1;2026-04-09T18:56:08.939058+00:00;55e802b3-fdc6-4bd6-b972-a2487801e90c;2026-04-07T23:12:00.567590;2026-04-07T23:12:00.751463;30;import de données;supplier;fournisseur;2;succès;interne;Import fournisseur: | fin intégration: (55e802b3-fdc6-4bd6-b972-a2487801e90c) | fichier: /srv/import/050/999_suppliers_20260407195236.csv | 3 lignes formatées | 0 lignes en erreurs | 1 lignes crées | 2 lignes mises à jour | 0 lignes supprimées;050;CASH CENTER ZONE 4
pos1;POS 1;2026-04-09T18:56:08.939058+00:00;db5bd948-94e7-4645-a46a-382d6fcfc5e8;2026-04-07T23:12:00.535660;2026-04-07T23:12:00.660658;30;import de données;supplier;fournisseur;2;succès;interne;Import fournisseur: | fin intégration: (db5bd948-94e7-4645-a46a-382d6fcfc5e8) | fichier: /srv/import/110/999_suppliers_20260407195236.csv | 3 lignes formatées | 0 lignes en erreurs | 1 lignes crées | 2 lignes mises à jour | 0 lignes supprimées;110;SUPER U VALLON
pos1;POS 1;2026-04-09T18:56:08.939058+00:00;af81d257-d8b9-4387-855e-786ca6f35f2e;2026-04-07T23:11:00.578987;2026-04-07T23:11:00.723263;30;import de données;department;département;2;succès;interne;Import département: | fin intégration: (af81d257-d8b9-4387-855e-786ca6f35f2e) | fichier: /srv/import/050/999_departement_20260407195231.csv | 0 lignes formatées | 0 lignes en erreurs | 0 lignes crées | 0 lignes mises à jour | 0 lignes supprimées;050;CASH CENTER ZONE 4
pos1;POS 1;2026-04-09T18:56:08.939058+00:00;e751e559-504a-43ed-b73f-3a5a9ac1abee;2026-04-07T23:11:00.548138;2026-04-07T23:11:00.591236;30;import de données;department;département;2;succès;interne;Import département: | fin intégration: (e751e559-504a-43ed-b73f-3a5a9ac1abee) | fichier: /srv/import/110/999_departement_20260407195231.csv | 0 lignes formatées | 0 lignes en erreurs | 0 lignes crées | 0 lignes mises à jour | 0 lignes supprimées;110;SUPER U VALLON
pos1;POS 1;2026-04-09T18:56:08.939058+00:00;89f8a430-0122-4868-8699-93b1e65d87e9;2026-04-07T17:16:00.510214;2026-04-07T17:16:00.667239;30;import de données;delivery;livraison;2;succès;interne;Import livraison: | fin intégration: (89f8a430-0122-4868-8699-93b1e65d87e9) | fichier: /srv/import/110/Fac_110_00237235.LC | 2 lignes formatées | 0 lignes en erreurs | 2 lignes crées | 0 lignes mises à jour | 0 lignes supprimées;110;SUPER U VALLON
pos1;POS 1;2026-04-09T18:56:08.939058+00:00;b6ebffde-215e-448b-be7d-a83830e40cce;2026-04-07T17:15:00.492147;2026-04-07T17:15:00.653752;30;import de données;delivery;livraison;2;succès;interne;Import livraison: | fin intégration: (b6ebffde-215e-448b-be7d-a83830e40cce) | fichier: /srv/import/110/Fac_110_00237217.LC | 2 lignes formatées | 0 lignes en erreurs | 2 lignes crées | 0 lignes mises à jour | 0 lignes supprimées;110;SUPER U VALLON
pos1;POS 1;2026-04-09T18:56:08.939058+00:00;e8fd3d83-45d0-49a1-87b6-141b1c1c86d3;2026-04-07T17:14:00.511610;2026-04-07T17:14:00.731929;30;import de données;delivery;livraison;2;succès;interne;Import livraison: | fin intégration: (e8fd3d83-45d0-49a1-87b6-141b1c1c86d3) | fichier: /srv/import/110/Fac_110_00216089.LC | 6 lignes formatées | 0 lignes en erreurs | 6 lignes crées | 0 lignes mises à jour | 0 lignes supprimées;110;SUPER U VALLON
pos1;POS 1;2026-04-09T18:56:08.939058+00:00;3a430ad9-35c4-4213-b8de-7645de28e934;2026-04-07T17:13:00.510764;2026-04-07T17:13:01.308589;30;import de données;delivery;livraison;2;succès;interne;Import livraison: | fin intégration: (3a430ad9-35c4-4213-b8de-7645de28e934) | fichier: /srv/import/110/Fac_110_00216088.LC | 21 lignes formatées | 0 lignes en erreurs | 21 lignes crées | 0 lignes mises à jour | 0 lignes supprimées;110;SUPER U VALLON
pos1;POS 1;2026-04-09T18:56:08.939058+00:00;1b53383b-cab5-4acf-a27a-72744e26a14d;2026-04-07T17:12:00.497740;2026-04-07T17:12:00.694053;30;import de données;delivery;livraison;2;succès;interne;Import livraison: | fin intégration: (1b53383b-cab5-4acf-a27a-72744e26a14d) | fichier: /srv/import/110/Fac_110_00216063.LC | 3 lignes formatées | 0 lignes en erreurs | 3 lignes crées | 0 lignes mises à jour | 0 lignes supprimées;110;SUPER U VALLON
pos1;POS 1;2026-04-09T18:56:08.939058+00:00;fdcd4628-84c1-4a21-899c-db36de797042;2026-04-07T17:11:00.521582;2026-04-07T17:11:00.760635;30;import de données;delivery;livraison;0;erreur;interne;Extrait du rapport d'import: | 6 lignes formatées | 0 lignes en erreurs | 6 lignes crées | 0 lignes mises à jour | 0 lignes supprimées | 2026-04-07 12:22:00,432 fichier present: (['Fac_110_00336996.LC'] - delivery) dans /srv/import/110/ | 2026-04-07 12:22:00,434 2 lignes lu dans le fichier /srv/import/110/Fac_110_00336996.LC | 2026-04-07 12:22:00,434 lancement intégration: (27fe596e-d926-4e14-8cd4-d0314cd37c9b) | 2026-04-07 12:22:00,549 fin intégration: (27fe596e-d926-4e14-8cd4-d0314cd37c9b) | fichier: /srv/import/110/Fac_110_00336996.LC | 2 lignes formatées | 0 lignes en erreurs | 2 lignes crées | 0 lignes mises à jour | 0 lignes supprimées | 2026-04-07 17:11:00,518 fichier present: (['Fac_110_00216089.LC', 'Fac_110_00108150.LC', 'Fac_110_00237235.LC', 'Fac_110_00237217.LC', 'Fac_110_00216088.LC', 'Fac_110_00216063.LC'] - delivery) dans /srv/import/110/ | 2026-04-07 17:11:00,520 3 lignes lu dans le fichier /srv/import/110/Fac_110_00108150.LC | 2026-04-07 17:11:00,520 lancement intégration: (fdcd4628-84c1-4a21-899c-db36de797042) | 2026-04-07 17:11:00,680 {'product': [ErrorDetail(string='Ce champ ne peut être nul.', code='null')]} - [L100697073SOURIS FILAIRE USB SAVER SANDBERG  00000994750000100000001000000000010000000280014000004000000 5705730331008 00000000000009947502554186] | 2026-04-07 17:11:00,702 {'product': [ErrorDetail(string='Ce champ ne peut être nul.', code='null')]} - [L100721232CLAVIER FIL KC06 FR V2 NOIR ACCSUP 00000994750000200000001000000000010000000422676000006900000 3615993747411 00000000000009947502554186] | 2026-04-07 17:11:00,706 fin intégration: (fdcd4628-84c1-4a21-899c-db36de797042) | fichier: /srv/import/110/Fac_110_00108150.LC | 3 lignes formatées | 2 lignes en erreurs | 1 lignes crées | 0 lignes mises à jour | 0 lignes supprimées;110;SUPER U VALLON
pos1;POS 1;2026-04-09T18:56:08.939058+00:00;27fe596e-d926-4e14-8cd4-d0314cd37c9b;2026-04-07T12:22:00.435261;2026-04-07T12:22:00.551532;30;import de données;delivery;livraison;2;succès;interne;Import livraison: | fin intégration: (27fe596e-d926-4e14-8cd4-d0314cd37c9b) | fichier: /srv/import/110/Fac_110_00336996.LC | 2 lignes formatées | 0 lignes en erreurs | 2 lignes crées | 0 lignes mises à jour | 0 lignes supprimées;110;SUPER U VALLON
pos1;POS 1;2026-04-09T18:56:08.939058+00:00;64907f2a-c0c3-406f-87c1-5f44f03378dc;2026-04-07T12:21:00.436932;2026-04-07T12:21:00.648930;30;import de données;delivery;livraison;2;succès;interne;Import livraison: | fin intégration: (64907f2a-c0c3-406f-87c1-5f44f03378dc) | fichier: /srv/import/110/Fac_110_00336968.LC | 6 lignes formatées | 0 lignes en erreurs | 6 lignes crées | 0 lignes mises à jour | 0 lignes supprimées;110;SUPER U VALLON
pos1;POS 1;2026-04-09T18:56:08.939058+00:00;63bda549-f733-417f-b236-c34ebb7627de;2026-04-07T12:20:00.437509;2026-04-07T12:20:01.844945;30;import de données;delivery;livraison;2;succès;interne;Import livraison: | fin intégration: (63bda549-f733-417f-b236-c34ebb7627de) | fichier: /srv/import/110/Fac_110_00336898.LC | 39 lignes formatées | 0 lignes en erreurs | 36 lignes crées | 3 lignes mises à jour | 0 lignes supprimées;110;SUPER U VALLON
pos1;POS 1;2026-04-09T18:56:08.939058+00:00;af3cec6f-2958-43f1-81cd-ac42ae1a3162;2026-04-07T12:19:00.434911;2026-04-07T12:19:00.555125;30;import de données;delivery;livraison;2;succès;interne;Import livraison: | fin intégration: (af3cec6f-2958-43f1-81cd-ac42ae1a3162) | fichier: /srv/import/110/Fac_110_00336897.LC | 2 lignes formatées | 0 lignes en erreurs | 2 lignes crées | 0 lignes mises à jour | 0 lignes supprimées;110;SUPER U VALLON
pos1;POS 1;2026-04-09T18:56:08.939058+00:00;0e901678-b567-4035-8b91-b5fa857004fb;2026-04-07T12:18:00.435912;2026-04-07T12:18:01.470837;30;import de données;delivery;livraison;2;succès;interne;Import livraison: | fin intégration: (0e901678-b567-4035-8b91-b5fa857004fb) | fichier: /srv/import/110/Fac_110_00336896.LC | 35 lignes formatées | 0 lignes en erreurs | 35 lignes crées | 0 lignes mises à jour | 0 lignes supprimées;110;SUPER U VALLON
pos1;POS 1;2026-04-09T18:56:08.939058+00:00;bd11ddb4-23c6-433c-87af-0846c024678a;2026-04-07T12:17:00.436446;2026-04-07T12:17:01.011198;30;import de données;delivery;livraison;2;succès;interne;Import livraison: | fin intégration: (bd11ddb4-23c6-433c-87af-0846c024678a) | fichier: /srv/import/110/Fac_110_00336895.LC | 17 lignes formatées | 0 lignes en erreurs | 17 lignes crées | 0 lignes mises à jour | 0 lignes supprimées;110;SUPER U VALLON
pos1;POS 1;2026-04-09T18:56:08.939058+00:00;4ccae9dc-60c1-45b8-b1b3-f1711ad2a4d0;2026-04-07T12:16:00.440361;2026-04-07T12:16:00.855317;30;import de données;delivery;livraison;2;succès;interne;Import livraison: | fin intégration: (4ccae9dc-60c1-45b8-b1b3-f1711ad2a4d0) | fichier: /srv/import/110/Fac_110_00336894.LC | 7 lignes formatées | 0 lignes en erreurs | 7 lignes crées | 0 lignes mises à jour | 0 lignes supprimées;110;SUPER U VALLON
pos1;POS 1;2026-04-09T18:56:08.939058+00:00;80b3c53c-08a6-4aa1-8e91-ac475289e0fa;2026-04-07T12:15:00.448780;2026-04-07T12:15:00.614602;30;import de données;delivery;livraison;2;succès;interne;Import livraison: | fin intégration: (80b3c53c-08a6-4aa1-8e91-ac475289e0fa) | fichier: /srv/import/110/Fac_110_00237182.LC | 2 lignes formatées | 0 lignes en erreurs | 2 lignes crées | 0 lignes mises à jour | 0 lignes supprimées;110;SUPER U VALLON
pos1;POS 1;2026-04-09T18:56:08.939058+00:00;1f1de2f2-af54-4ec4-abe1-ff22c92f98ff;2026-04-07T12:14:00.435680;2026-04-07T12:14:01.491239;30;import de données;delivery;livraison;2;succès;interne;Import livraison: | fin intégration: (1f1de2f2-af54-4ec4-abe1-ff22c92f98ff) | fichier: /srv/import/110/Fac_110_00237093.LC | 28 lignes formatées | 0 lignes en erreurs | 28 lignes crées | 0 lignes mises à jour | 0 lignes supprimées;110;SUPER U VALLON
pos1;POS 1;2026-04-09T18:56:08.939058+00:00;dc13d931-1f97-4fe5-8e6f-a9c74606e1fc;2026-04-07T12:13:00.438336;2026-04-07T12:13:00.567399;30;import de données;delivery;livraison;2;succès;interne;Import livraison: | fin intégration: (dc13d931-1f97-4fe5-8e6f-a9c74606e1fc) | fichier: /srv/import/110/Fac_110_00216038.LC | 2 lignes formatées | 0 lignes en erreurs | 2 lignes crées | 0 lignes mises à jour | 0 lignes supprimées;110;SUPER U VALLON
pos1;POS 1;2026-04-09T18:56:08.939058+00:00;6549aee0-b38a-4d48-9ca9-788de2215d82;2026-04-07T12:12:00.432997;2026-04-07T12:12:00.603529;30;import de données;delivery;livraison;2;succès;interne;Import livraison: | fin intégration: (6549aee0-b38a-4d48-9ca9-788de2215d82) | fichier: /srv/import/110/Fac_110_00215978.LC | 4 lignes formatées | 0 lignes en erreurs | 4 lignes crées | 0 lignes mises à jour | 0 lignes supprimées;110;SUPER U VALLON
pos1;POS 1;2026-04-09T18:56:08.939058+00:00;71354bd2-a7eb-49a1-b527-aba6d454ac32;2026-04-07T12:11:00.464414;2026-04-07T12:11:00.678237;30;import de données;delivery;livraison;2;succès;interne;Import livraison: | fin intégration: (71354bd2-a7eb-49a1-b527-aba6d454ac32) | fichier: /srv/import/110/Fac_110_00215977.LC | 2 lignes formatées | 0 lignes en erreurs | 2 lignes crées | 0 lignes mises à jour | 0 lignes supprimées;110;SUPER U VALLON
pos1;POS 1;2026-04-09T18:56:08.939058+00:00;94dc30c5-e53a-41d6-b85c-e6467f706364;2026-04-06T23:19:00.247085;2026-04-06T23:19:23.425852;30;import de données;price_updater;mise à jour de prix;2;succès;interne;Import mise à jour de prix: | fin intégration: (94dc30c5-e53a-41d6-b85c-e6467f706364) | fichier: /srv/import/110/236_pricing_20260406193209.csv | 1486 lignes formatées | 0 lignes en erreurs | 2 lignes crées | 0 lignes mises à jour | 0 lignes supprimées;110;SUPER U VALLON
pos1;POS 1;2026-04-09T18:56:08.939058+00:00;77285d33-ab99-4361-9a25-ccfb64a4c014;2026-04-06T23:18:00.247307;2026-04-06T23:18:00.281672;30;import de données;price_updater;mise à jour de prix;2;succès;interne;Import mise à jour de prix: | fin intégration: (77285d33-ab99-4361-9a25-ccfb64a4c014) | fichier: /srv/import/110/999_pricing_20260406193059.csv | 0 lignes formatées | 0 lignes en erreurs | 0 lignes crées | 0 lignes mises à jour | 0 lignes supprimées;110;SUPER U VALLON
pos1;POS 1;2026-04-09T18:56:08.939058+00:00;ba50b27f-afbd-41b8-963a-ddc89013b80a;2026-04-06T23:17:00.246330;2026-04-06T23:17:01.506143;30;import de données;product_suppliers;affectation des fournisseurs aux articles;2;succès;interne;Import affectation des fournisseurs aux articles: | fin intégration: (ba50b27f-afbd-41b8-963a-ddc89013b80a) | fichier: /srv/import/110/236_productssuppliers_20260406193207.csv | 8 lignes formatées | 0 lignes en erreurs | 0 lignes crées | 8 lignes mises à jour | 0 lignes supprimées;110;SUPER U VALLON
pos1;POS 1;2026-04-09T18:56:08.939058+00:00;be638d23-97d0-4fec-a9c4-43453e34578d;2026-04-06T23:16:00.259011;2026-04-06T23:16:00.439273;30;import de données;linked_code;codes liés;2;succès;interne;Import codes liés: | fin intégration: (be638d23-97d0-4fec-a9c4-43453e34578d) | fichier: /srv/import/110/236_linkedcodes_20260406193206.csv | 1 lignes formatées | 0 lignes en erreurs | 0 lignes crées | 1 lignes mises à jour | 0 lignes supprimées;110;SUPER U VALLON
pos1;POS 1;2026-04-09T18:56:08.939058+00:00;4d527c53-48d3-47b4-80ba-fcc93432922f;2026-04-06T23:15:00.255534;2026-04-06T23:15:00.288201;30;import de données;price_updater;mise à jour de prix;2;succès;interne;Import mise à jour de prix: | fin intégration: (4d527c53-48d3-47b4-80ba-fcc93432922f) | fichier: /srv/import/050/999_pricing_20260406193059.csv | 0 lignes formatées | 0 lignes en erreurs | 0 lignes crées | 0 lignes mises à jour | 0 lignes supprimées;050;CASH CENTER ZONE 4
pos1;POS 1;2026-04-09T18:56:08.939058+00:00;e777ba1b-c015-4458-81de-5d5ce2f71e41;2026-04-06T23:15:00.242739;2026-04-06T23:15:00.282814;30;import de données;linked_code;codes liés;2;succès;interne;Import codes liés: | fin intégration: (e777ba1b-c015-4458-81de-5d5ce2f71e41) | fichier: /srv/import/110/999_linkedcodes_20260406193056.csv | 0 lignes formatées | 0 lignes en erreurs | 0 lignes crées | 0 lignes mises à jour | 0 lignes supprimées;110;SUPER U VALLON
pos1;POS 1;2026-04-09T18:56:08.939058+00:00;46e9ebab-a84c-42a7-8d4a-b6ead2116c8d;2026-04-06T23:14:00.243041;2026-04-06T23:14:00.854703;30;import de données;product;produit;2;succès;interne;Import produit: | fin intégration: (46e9ebab-a84c-42a7-8d4a-b6ead2116c8d) | fichier: /srv/import/110/236_products_20260406193206.csv | 1 lignes formatées | 0 lignes en erreurs | 0 lignes crées | 1 lignes mises à jour | 0 lignes supprimées;110;SUPER U VALLON
pos1;POS 1;2026-04-09T18:56:08.939058+00:00;733d288f-3498-4b6b-8d81-5f0e03e8e373;2026-04-06T23:14:00.258014;2026-04-06T23:14:00.294695;30;import de données;linked_code;codes liés;2;succès;interne;Import codes liés: | fin intégration: (733d288f-3498-4b6b-8d81-5f0e03e8e373) | fichier: /srv/import/050/999_linkedcodes_20260406193056.csv | 0 lignes formatées | 0 lignes en erreurs | 0 lignes crées | 0 lignes mises à jour | 0 lignes supprimées;050;CASH CENTER ZONE 4
pos1;POS 1;2026-04-09T18:56:08.939058+00:00;5e9ab9e5-3261-491f-a12f-d285faeeea8c;2026-04-06T23:13:00.273022;2026-04-06T23:13:00.304959;30;import de données;product;produit;2;succès;interne;Import produit: | fin intégration: (5e9ab9e5-3261-491f-a12f-d285faeeea8c) | fichier: /srv/import/050/999_products_20260406193056.csv | 0 lignes formatées | 0 lignes en erreurs | 0 lignes crées | 0 lignes mises à jour | 0 lignes supprimées;050;CASH CENTER ZONE 4
pos1;POS 1;2026-04-09T18:56:08.939058+00:00;d42f8f10-52cd-4271-a951-ecfa3ce00452;2026-04-06T23:13:00.250324;2026-04-06T23:13:00.289505;30;import de données;product;produit;2;succès;interne;Import produit: | fin intégration: (d42f8f10-52cd-4271-a951-ecfa3ce00452) | fichier: /srv/import/110/999_products_20260406193056.csv | 0 lignes formatées | 0 lignes en erreurs | 0 lignes crées | 0 lignes mises à jour | 0 lignes supprimées;110;SUPER U VALLON
pos1;POS 1;2026-04-09T18:56:08.939058+00:00;dd03ba7e-a028-4bd2-b151-06a246d52e19;2026-04-06T23:12:00.254080;2026-04-06T23:12:00.293620;30;import de données;supplier;fournisseur;2;succès;interne;Import fournisseur: | fin intégration: (dd03ba7e-a028-4bd2-b151-06a246d52e19) | fichier: /srv/import/050/999_suppliers_20260406193053.csv | 0 lignes formatées | 0 lignes en erreurs | 0 lignes crées | 0 lignes mises à jour | 0 lignes supprimées;050;CASH CENTER ZONE 4
pos1;POS 1;2026-04-09T18:56:08.939058+00:00;17f5a2c2-bed0-40fa-9075-eab89b6333d9;2026-04-06T23:12:00.240949;2026-04-06T23:12:00.272590;30;import de données;supplier;fournisseur;2;succès;interne;Import fournisseur: | fin intégration: (17f5a2c2-bed0-40fa-9075-eab89b6333d9) | fichier: /srv/import/110/999_suppliers_20260406193053.csv | 0 lignes formatées | 0 lignes en erreurs | 0 lignes crées | 0 lignes mises à jour | 0 lignes supprimées;110;SUPER U VALLON
pos1;POS 1;2026-04-09T18:56:08.939058+00:00;edb69bf7-b449-40a4-9b52-41805479eeb3;2026-04-06T23:11:00.274101;2026-04-06T23:11:00.307557;30;import de données;department;département;2;succès;interne;Import département: | fin intégration: (edb69bf7-b449-40a4-9b52-41805479eeb3) | fichier: /srv/import/050/999_departement_20260406193049.csv | 0 lignes formatées | 0 lignes en erreurs | 0 lignes crées | 0 lignes mises à jour | 0 lignes supprimées;050;CASH CENTER ZONE 4
pos1;POS 1;2026-04-09T18:56:08.939058+00:00;68a6884c-e670-4ffc-89bf-9e50474dc244;2026-04-06T23:11:00.245179;2026-04-06T23:11:00.290865;30;import de données;department;département;2;succès;interne;Import département: | fin intégration: (68a6884c-e670-4ffc-89bf-9e50474dc244) | fichier: /srv/import/110/999_departement_20260406193049.csv | 0 lignes formatées | 0 lignes en erreurs | 0 lignes crées | 0 lignes mises à jour | 0 lignes supprimées;110;SUPER U VALLON
pos1;POS 1;2026-04-09T18:56:08.939058+00:00;ace70787-7c67-4c56-96b7-e4f4b4c10823;2026-04-06T12:26:00.168390;2026-04-06T12:26:00.293894;30;import de données;delivery;livraison;2;succès;interne;Import livraison: | fin intégration: (ace70787-7c67-4c56-96b7-e4f4b4c10823) | fichier: /srv/import/110/Fac_110_00336774.LC | 2 lignes formatées | 0 lignes en erreurs | 2 lignes crées | 0 lignes mises à jour | 0 lignes supprimées;110;SUPER U VALLON
pos1;POS 1;2026-04-09T18:56:08.939058+00:00;58de1267-c979-44e1-b24d-82ee3ebdaa7d;2026-04-06T12:25:00.180616;2026-04-06T12:25:00.339535;30;import de données;delivery;livraison;2;succès;interne;Import livraison: | fin intégration: (58de1267-c979-44e1-b24d-82ee3ebdaa7d) | fichier: /srv/import/110/Fac_110_00336766.LC | 3 lignes formatées | 0 lignes en erreurs | 3 lignes crées | 0 lignes mises à jour | 0 lignes supprimées;110;SUPER U VALLON
pos1;POS 1;2026-04-09T18:56:08.939058+00:00;c4b08799-ecf9-4842-89d7-e86090d5310a;2026-04-06T12:24:00.165001;2026-04-06T12:24:00.281075;30;import de données;delivery;livraison;2;succès;interne;Import livraison: | fin intégration: (c4b08799-ecf9-4842-89d7-e86090d5310a) | fichier: /srv/import/110/Fac_110_00336761.LC | 2 lignes formatées | 0 lignes en erreurs | 2 lignes crées | 0 lignes mises à jour | 0 lignes supprimées;110;SUPER U VALLON
pos1;POS 1;2026-04-09T18:56:08.939058+00:00;3eb11e99-cc24-4032-bc1f-d7f0dd54a51c;2026-04-06T12:23:00.166062;2026-04-06T12:23:00.346521;30;import de données;delivery;livraison;2;succès;interne;Import livraison: | fin intégration: (3eb11e99-cc24-4032-bc1f-d7f0dd54a51c) | fichier: /srv/import/110/Fac_110_00336686.LC | 4 lignes formatées | 0 lignes en erreurs | 4 lignes crées | 0 lignes mises à jour | 0 lignes supprimées;110;SUPER U VALLON
pos1;POS 1;2026-04-09T18:56:08.939058+00:00;cd5c65d8-8a5c-4a88-8d52-afcb10bfbfb5;2026-04-06T12:22:00.175500;2026-04-06T12:22:00.920873;30;import de données;delivery;livraison;2;succès;interne;Import livraison: | fin intégration: (cd5c65d8-8a5c-4a88-8d52-afcb10bfbfb5) | fichier: /srv/import/110/Fac_110_00336565.LC | 26 lignes formatées | 0 lignes en erreurs | 25 lignes crées | 1 lignes mises à jour | 0 lignes supprimées;110;SUPER U VALLON
pos1;POS 1;2026-04-09T18:56:08.939058+00:00;74fa0367-4853-4ecf-9dd9-d2113d1edde5;2026-04-06T12:21:00.181294;2026-04-06T12:21:00.348937;30;import de données;delivery;livraison;2;succès;interne;Import livraison: | fin intégration: (74fa0367-4853-4ecf-9dd9-d2113d1edde5) | fichier: /srv/import/110/Fac_110_00236975.LC | 2 lignes formatées | 0 lignes en erreurs | 2 lignes crées | 0 lignes mises à jour | 0 lignes supprimées;110;SUPER U VALLON
pos1;POS 1;2026-04-09T18:56:08.939058+00:00;3b64581f-1ec5-49c2-bfab-f559fc2f3529;2026-04-06T12:20:00.183981;2026-04-06T12:20:01.969869;30;import de données;delivery;livraison;2;succès;interne;Import livraison: | fin intégration: (3b64581f-1ec5-49c2-bfab-f559fc2f3529) | fichier: /srv/import/110/Fac_110_00236852.LC | 54 lignes formatées | 0 lignes en erreurs | 53 lignes crées | 1 lignes mises à jour | 0 lignes supprimées;110;SUPER U VALLON
pos1;POS 1;2026-04-09T18:56:08.939058+00:00;6ff246cf-41f5-4c35-92ac-90ed199c6434;2026-04-06T12:19:00.260652;2026-04-06T12:19:00.557498;30;import de données;delivery;livraison;2;succès;interne;Import livraison: | fin intégration: (6ff246cf-41f5-4c35-92ac-90ed199c6434) | fichier: /srv/import/110/Fac_110_00236851.LC | 4 lignes formatées | 0 lignes en erreurs | 3 lignes crées | 1 lignes mises à jour | 0 lignes supprimées;110;SUPER U VALLON
pos1;POS 1;2026-04-09T18:56:08.939058+00:00;3cb2e117-54f9-4317-ad70-ba5be739b684;2026-04-06T12:18:00.169381;2026-04-06T12:18:02.442191;30;import de données;delivery;livraison;2;succès;interne;Import livraison: | fin intégration: (3cb2e117-54f9-4317-ad70-ba5be739b684) | fichier: /srv/import/110/Fac_110_00236850.LC | 86 lignes formatées | 0 lignes en erreurs | 85 lignes crées | 1 lignes mises à jour | 0 lignes supprimées;110;SUPER U VALLON
pos1;POS 1;2026-04-09T18:56:08.939058+00:00;a8f7084e-4986-4524-b268-565cea57932a;2026-04-06T12:17:00.166056;2026-04-06T12:17:01.870530;30;import de données;delivery;livraison;2;succès;interne;Import livraison: | fin intégration: (a8f7084e-4986-4524-b268-565cea57932a) | fichier: /srv/import/110/Fac_110_00236849.LC | 55 lignes formatées | 0 lignes en erreurs | 51 lignes crées | 4 lignes mises à jour | 0 lignes supprimées;110;SUPER U VALLON
pos1;POS 1;2026-04-09T18:56:08.939058+00:00;6c7e4ba4-2edd-4dae-b403-05f064b31034;2026-04-06T12:16:00.207842;2026-04-06T12:16:02.624600;30;import de données;delivery;livraison;2;succès;interne;Import livraison: | fin intégration: (6c7e4ba4-2edd-4dae-b403-05f064b31034) | fichier: /srv/import/110/Fac_110_00236848.LC | 93 lignes formatées | 0 lignes en erreurs | 89 lignes crées | 4 lignes mises à jour | 0 lignes supprimées;110;SUPER U VALLON
pos1;POS 1;2026-04-09T18:56:08.939058+00:00;e774a914-35b0-415e-b6a1-58434f3160c4;2026-04-06T12:15:00.175226;2026-04-06T12:15:00.340213;30;import de données;delivery;livraison;2;succès;interne;Import livraison: | fin intégration: (e774a914-35b0-415e-b6a1-58434f3160c4) | fichier: /srv/import/110/Fac_110_00236847.LC | 2 lignes formatées | 0 lignes en erreurs | 2 lignes crées | 0 lignes mises à jour | 0 lignes supprimées;110;SUPER U VALLON
pos1;POS 1;2026-04-09T18:56:08.939058+00:00;b2fc8239-e2af-48b1-9694-2a0670339807;2026-04-06T12:14:00.182203;2026-04-06T12:14:00.340016;30;import de données;delivery;livraison;2;succès;interne;Import livraison: | fin intégration: (b2fc8239-e2af-48b1-9694-2a0670339807) | fichier: /srv/import/110/Fac_110_00215954.LC | 3 lignes formatées | 0 lignes en erreurs | 3 lignes crées | 0 lignes mises à jour | 0 lignes supprimées;110;SUPER U VALLON
pos1;POS 1;2026-04-09T18:56:08.939058+00:00;0ff1c73f-0ca1-4cd8-a98c-6f69c5ab3d34;2026-04-06T12:13:00.164766;2026-04-06T12:13:00.310511;30;import de données;delivery;livraison;2;succès;interne;Import livraison: | fin intégration: (0ff1c73f-0ca1-4cd8-a98c-6f69c5ab3d34) | fichier: /srv/import/110/Fac_110_00215837.LC | 2 lignes formatées | 0 lignes en erreurs | 2 lignes crées | 0 lignes mises à jour | 0 lignes supprimées;110;SUPER U VALLON
pos1;POS 1;2026-04-09T18:56:08.939058+00:00;23598b4e-a005-4c5a-a4b2-b9d5dc2bb3e4;2026-04-06T12:12:00.183897;2026-04-06T12:12:00.501133;30;import de données;delivery;livraison;2;succès;interne;Import livraison: | fin intégration: (23598b4e-a005-4c5a-a4b2-b9d5dc2bb3e4) | fichier: /srv/import/110/Fac_110_00215786.LC | 11 lignes formatées | 0 lignes en erreurs | 11 lignes crées | 0 lignes mises à jour | 0 lignes supprimées;110;SUPER U VALLON
pos1;POS 1;2026-04-09T18:56:08.939058+00:00;adbc52ff-bed2-4914-a7fa-e92c0d5dd428;2026-04-06T12:11:00.168745;2026-04-06T12:11:01.173269;30;import de données;delivery;livraison;2;succès;interne;Import livraison: | fin intégration: (adbc52ff-bed2-4914-a7fa-e92c0d5dd428) | fichier: /srv/import/110/Fac_110_00215785.LC | 6 lignes formatées | 0 lignes en erreurs | 6 lignes crées | 0 lignes mises à jour | 0 lignes supprimées;110;SUPER U VALLON
pos1;POS 1;2026-04-09T18:56:08.939058+00:00;f681bba7-c058-40ed-971a-002159b21b09;2026-04-05T23:19:01.940284;2026-04-05T23:19:07.953002;30;import de données;price_updater;mise à jour de prix;2;succès;interne;Import mise à jour de prix: | fin intégration: (f681bba7-c058-40ed-971a-002159b21b09) | fichier: /srv/import/110/236_pricing_20260405183303.csv | 332 lignes formatées | 0 lignes en erreurs | 2 lignes crées | 0 lignes mises à jour | 0 lignes supprimées;110;SUPER U VALLON
pos1;POS 1;2026-04-09T18:56:08.939058+00:00;5c65782a-eae4-49b6-885d-28869a834b40;2026-04-05T23:18:01.926549;2026-04-05T23:18:01.961090;30;import de données;price_updater;mise à jour de prix;2;succès;interne;Import mise à jour de prix: | fin intégration: (5c65782a-eae4-49b6-885d-28869a834b40) | fichier: /srv/import/110/999_pricing_20260405183231.csv | 0 lignes formatées | 0 lignes en erreurs | 0 lignes crées | 0 lignes mises à jour | 0 lignes supprimées;110;SUPER U VALLON
pos1;POS 1;2026-04-09T18:56:08.939058+00:00;2bf4835a-47dc-4672-83a8-453e00d458ab;2026-04-05T23:17:01.926373;2026-04-05T23:17:01.957340;30;import de données;product_suppliers;affectation des fournisseurs aux articles;2;succès;interne;Import affectation des fournisseurs aux articles: | fin intégration: (2bf4835a-47dc-4672-83a8-453e00d458ab) | fichier: /srv/import/110/236_productssuppliers_20260405183301.csv | 0 lignes formatées | 0 lignes en erreurs | 0 lignes crées | 0 lignes mises à jour | 0 lignes supprimées;110;SUPER U VALLON
pos1;POS 1;2026-04-09T18:56:08.939058+00:00;f099fefa-d7bb-4344-890a-4359a23065c3;2026-04-05T23:16:01.924918;2026-04-05T23:16:01.954424;30;import de données;linked_code;codes liés;2;succès;interne;Import codes liés: | fin intégration: (f099fefa-d7bb-4344-890a-4359a23065c3) | fichier: /srv/import/110/236_linkedcodes_20260405183301.csv | 0 lignes formatées | 0 lignes en erreurs | 0 lignes crées | 0 lignes mises à jour | 0 lignes supprimées;110;SUPER U VALLON
pos1;POS 1;2026-04-09T18:56:08.939058+00:00;f4139d00-6079-4911-b932-1fd525f1a957;2026-04-05T23:15:01.938043;2026-04-05T23:15:01.971661;30;import de données;price_updater;mise à jour de prix;2;succès;interne;Import mise à jour de prix: | fin intégration: (f4139d00-6079-4911-b932-1fd525f1a957) | fichier: /srv/import/050/999_pricing_20260405183231.csv | 0 lignes formatées | 0 lignes en erreurs | 0 lignes crées | 0 lignes mises à jour | 0 lignes supprimées;050;CASH CENTER ZONE 4
pos1;POS 1;2026-04-09T18:56:08.939058+00:00;4943a061-4910-4af2-8f04-65480dc67248;2026-04-05T23:15:01.927361;2026-04-05T23:15:01.958858;30;import de données;linked_code;codes liés;2;succès;interne;Import codes liés: | fin intégration: (4943a061-4910-4af2-8f04-65480dc67248) | fichier: /srv/import/110/999_linkedcodes_20260405183230.csv | 0 lignes formatées | 0 lignes en erreurs | 0 lignes crées | 0 lignes mises à jour | 0 lignes supprimées;110;SUPER U VALLON
pos1;POS 1;2026-04-09T18:56:08.939058+00:00;6abd7735-85f7-4e0f-beb4-9b5183551944;2026-04-05T23:14:01.946957;2026-04-05T23:14:01.987885;30;import de données;linked_code;codes liés;2;succès;interne;Import codes liés: | fin intégration: (6abd7735-85f7-4e0f-beb4-9b5183551944) | fichier: /srv/import/050/999_linkedcodes_20260405183230.csv | 0 lignes formatées | 0 lignes en erreurs | 0 lignes crées | 0 lignes mises à jour | 0 lignes supprimées;050;CASH CENTER ZONE 4
pos1;POS 1;2026-04-09T18:56:08.939058+00:00;52b9b95a-9f2a-4c59-946d-0c552fbda7e5;2026-04-05T23:14:01.932432;2026-04-05T23:14:01.967745;30;import de données;product;produit;2;succès;interne;Import produit: | fin intégration: (52b9b95a-9f2a-4c59-946d-0c552fbda7e5) | fichier: /srv/import/110/236_products_20260405183301.csv | 0 lignes formatées | 0 lignes en erreurs | 0 lignes crées | 0 lignes mises à jour | 0 lignes supprimées;110;SUPER U VALLON
pos1;POS 1;2026-04-09T18:56:08.939058+00:00;2b182fe1-9211-4f68-baae-ff5e61f10930;2026-04-05T23:13:01.939754;2026-04-05T23:13:01.972259;30;import de données;product;produit;2;succès;interne;Import produit: | fin intégration: (2b182fe1-9211-4f68-baae-ff5e61f10930) | fichier: /srv/import/050/999_products_20260405183229.csv | 0 lignes formatées | 0 lignes en erreurs | 0 lignes crées | 0 lignes mises à jour | 0 lignes supprimées;050;CASH CENTER ZONE 4
pos1;POS 1;2026-04-09T18:56:08.939058+00:00;6af3a8d1-bb5d-484b-9afa-117681878d2f;2026-04-05T23:13:01.926180;2026-04-05T23:13:01.958426;30;import de données;product;produit;2;succès;interne;Import produit: | fin intégration: (6af3a8d1-bb5d-484b-9afa-117681878d2f) | fichier: /srv/import/110/999_products_20260405183229.csv | 0 lignes formatées | 0 lignes en erreurs | 0 lignes crées | 0 lignes mises à jour | 0 lignes supprimées;110;SUPER U VALLON
pos1;POS 1;2026-04-09T18:56:08.939058+00:00;074ffecd-a4dd-4fce-af97-1d58711daf11;2026-04-05T23:12:01.939573;2026-04-05T23:12:01.971470;30;import de données;supplier;fournisseur;2;succès;interne;Import fournisseur: | fin intégration: (074ffecd-a4dd-4fce-af97-1d58711daf11) | fichier: /srv/import/050/999_suppliers_20260405183227.csv | 0 lignes formatées | 0 lignes en erreurs | 0 lignes crées | 0 lignes mises à jour | 0 lignes supprimées;050;CASH CENTER ZONE 4
pos1;POS 1;2026-04-09T18:56:08.939058+00:00;43380b60-e10c-4664-8e3b-6b0499a1bc77;2026-04-05T23:12:01.927337;2026-04-05T23:12:01.956614;30;import de données;supplier;fournisseur;2;succès;interne;Import fournisseur: | fin intégration: (43380b60-e10c-4664-8e3b-6b0499a1bc77) | fichier: /srv/import/110/999_suppliers_20260405183227.csv | 0 lignes formatées | 0 lignes en erreurs | 0 lignes crées | 0 lignes mises à jour | 0 lignes supprimées;110;SUPER U VALLON
pos1;POS 1;2026-04-09T18:56:08.939058+00:00;8a4075e3-f116-4995-81b5-2c21b1b561d8;2026-04-05T23:11:01.949391;2026-04-05T23:11:02.028302;30;import de données;department;département;2;succès;interne;Import département: | fin intégration: (8a4075e3-f116-4995-81b5-2c21b1b561d8) | fichier: /srv/import/050/999_departement_20260405183222.csv | 0 lignes formatées | 0 lignes en erreurs | 0 lignes crées | 0 lignes mises à jour | 0 lignes supprimées;050;CASH CENTER ZONE 4
pos1;POS 1;2026-04-09T18:56:08.939058+00:00;857dc11a-0a71-4aab-a18c-7a5f6b667a5b;2026-04-05T23:11:01.931802;2026-04-05T23:11:01.969987;30;import de données;department;département;2;succès;interne;Import département: | fin intégration: (857dc11a-0a71-4aab-a18c-7a5f6b667a5b) | fichier: /srv/import/110/999_departement_20260405183222.csv | 0 lignes formatées | 0 lignes en erreurs | 0 lignes crées | 0 lignes mises à jour | 0 lignes supprimées;110;SUPER U VALLON
pos1;POS 1;2026-04-09T18:56:08.939058+00:00;b0800d28-9dcc-47b6-8fba-76bc52e9cd84;2026-04-04T23:19:01.711151;2026-04-04T23:19:02.501280;30;import de données;price_updater;mise à jour de prix;2;succès;interne;Import mise à jour de prix: | fin intégration: (b0800d28-9dcc-47b6-8fba-76bc52e9cd84) | fichier: /srv/import/110/236_pricing_20260404203721.csv | 40 lignes formatées | 0 lignes en erreurs | 4 lignes crées | 0 lignes mises à jour | 0 lignes supprimées;110;SUPER U VALLON
pos1;POS 1;2026-04-09T18:56:08.939058+00:00;a3d9756b-155e-44e0-985b-581763ee9b87;2026-04-04T23:18:01.706039;2026-04-04T23:18:01.738293;30;import de données;price_updater;mise à jour de prix;2;succès;interne;Import mise à jour de prix: | fin intégration: (a3d9756b-155e-44e0-985b-581763ee9b87) | fichier: /srv/import/110/999_pricing_20260404203701.csv | 0 lignes formatées | 0 lignes en erreurs | 0 lignes crées | 0 lignes mises à jour | 0 lignes supprimées;110;SUPER U VALLON
pos1;POS 1;2026-04-09T18:56:08.939058+00:00;f9efea10-7c73-43e6-8660-705c1423abbc;2026-04-04T23:17:01.706272;2026-04-04T23:17:02.014368;30;import de données;product_suppliers;affectation des fournisseurs aux articles;2;succès;interne;Import affectation des fournisseurs aux articles: | fin intégration: (f9efea10-7c73-43e6-8660-705c1423abbc) | fichier: /srv/import/110/236_productssuppliers_20260404203720.csv | 1 lignes formatées | 0 lignes en erreurs | 0 lignes crées | 1 lignes mises à jour | 0 lignes supprimées;110;SUPER U VALLON
pos1;POS 1;2026-04-09T18:56:08.939058+00:00;95643821-d1d0-4116-99e9-bc44a6003ea2;2026-04-04T23:16:01.706552;2026-04-04T23:16:01.736660;30;import de données;linked_code;codes liés;2;succès;interne;Import codes liés: | fin intégration: (95643821-d1d0-4116-99e9-bc44a6003ea2) | fichier: /srv/import/110/236_linkedcodes_20260404203720.csv | 0 lignes formatées | 0 lignes en erreurs | 0 lignes crées | 0 lignes mises à jour | 0 lignes supprimées;110;SUPER U VALLON
pos1;POS 1;2026-04-09T18:56:08.939058+00:00;766d684f-235a-4d47-9cdf-41bf2deec608;2026-04-04T23:15:01.718171;2026-04-04T23:15:01.750595;30;import de données;price_updater;mise à jour de prix;2;succès;interne;Import mise à jour de prix: | fin intégration: (766d684f-235a-4d47-9cdf-41bf2deec608) | fichier: /srv/import/050/999_pricing_20260404203701.csv | 0 lignes formatées | 0 lignes en erreurs | 0 lignes crées | 0 lignes mises à jour | 0 lignes supprimées;050;CASH CENTER ZONE 4
pos1;POS 1;2026-04-09T18:56:08.939058+00:00;af5a63be-449d-49a3-a59a-752cb0cd7de7;2026-04-04T23:15:01.705637;2026-04-04T23:15:01.736422;30;import de données;linked_code;codes liés;2;succès;interne;Import codes liés: | fin intégration: (af5a63be-449d-49a3-a59a-752cb0cd7de7) | fichier: /srv/import/110/999_linkedcodes_20260404203659.csv | 0 lignes formatées | 0 lignes en erreurs | 0 lignes crées | 0 lignes mises à jour | 0 lignes supprimées;110;SUPER U VALLON
pos1;POS 1;2026-04-09T18:56:08.939058+00:00;b3873554-4dd9-4c7e-b6b5-90350c0847dc;2026-04-04T23:14:01.722548;2026-04-04T23:14:01.753540;30;import de données;linked_code;codes liés;2;succès;interne;Import codes liés: | fin intégration: (b3873554-4dd9-4c7e-b6b5-90350c0847dc) | fichier: /srv/import/050/999_linkedcodes_20260404203659.csv | 0 lignes formatées | 0 lignes en erreurs | 0 lignes crées | 0 lignes mises à jour | 0 lignes supprimées;050;CASH CENTER ZONE 4
pos1;POS 1;2026-04-09T18:56:08.939058+00:00;d907062e-f750-41d5-bd31-350f1a305574;2026-04-04T23:14:01.707927;2026-04-04T23:14:01.741992;30;import de données;product;produit;2;succès;interne;Import produit: | fin intégration: (d907062e-f750-41d5-bd31-350f1a305574) | fichier: /srv/import/110/236_products_20260404203720.csv | 0 lignes formatées | 0 lignes en erreurs | 0 lignes crées | 0 lignes mises à jour | 0 lignes supprimées;110;SUPER U VALLON
pos1;POS 1;2026-04-09T18:56:08.939058+00:00;d5cab564-5886-4b10-b3a0-1183990aa2e7;2026-04-04T23:13:01.720908;2026-04-04T23:13:01.765599;30;import de données;product;produit;2;succès;interne;Import produit: | fin intégration: (d5cab564-5886-4b10-b3a0-1183990aa2e7) | fichier: /srv/import/050/999_products_20260404203658.csv | 0 lignes formatées | 0 lignes en erreurs | 0 lignes crées | 0 lignes mises à jour | 0 lignes supprimées;050;CASH CENTER ZONE 4
pos1;POS 1;2026-04-09T18:56:08.939058+00:00;6ac585d5-5165-4df3-bdc5-58220387d326;2026-04-04T23:13:01.706388;2026-04-04T23:13:01.740259;30;import de données;product;produit;2;succès;interne;Import produit: | fin intégration: (6ac585d5-5165-4df3-bdc5-58220387d326) | fichier: /srv/import/110/999_products_20260404203658.csv | 0 lignes formatées | 0 lignes en erreurs | 0 lignes crées | 0 lignes mises à jour | 0 lignes supprimées;110;SUPER U VALLON
pos1;POS 1;2026-04-09T18:56:08.939058+00:00;62543b34-f54a-4b36-aef0-a913ee344673;2026-04-04T23:12:01.719028;2026-04-04T23:12:01.748109;30;import de données;supplier;fournisseur;2;succès;interne;Import fournisseur: | fin intégration: (62543b34-f54a-4b36-aef0-a913ee344673) | fichier: /srv/import/050/999_suppliers_20260404203655.csv | 0 lignes formatées | 0 lignes en erreurs | 0 lignes crées | 0 lignes mises à jour | 0 lignes supprimées;050;CASH CENTER ZONE 4
pos1;POS 1;2026-04-09T18:56:08.939058+00:00;0d050b07-af69-44b7-995a-08e3765c9c55;2026-04-04T23:12:01.703503;2026-04-04T23:12:01.737276;30;import de données;supplier;fournisseur;2;succès;interne;Import fournisseur: | fin intégration: (0d050b07-af69-44b7-995a-08e3765c9c55) | fichier: /srv/import/110/999_suppliers_20260404203655.csv | 0 lignes formatées | 0 lignes en erreurs | 0 lignes crées | 0 lignes mises à jour | 0 lignes supprimées;110;SUPER U VALLON
pos1;POS 1;2026-04-09T18:56:08.939058+00:00;13f307cc-51ed-455b-99fb-4c535196d4ee;2026-04-04T23:11:01.730030;2026-04-04T23:11:01.771307;30;import de données;department;département;2;succès;interne;Import département: | fin intégration: (13f307cc-51ed-455b-99fb-4c535196d4ee) | fichier: /srv/import/050/999_departement_20260404203650.csv | 0 lignes formatées | 0 lignes en erreurs | 0 lignes crées | 0 lignes mises à jour | 0 lignes supprimées;050;CASH CENTER ZONE 4
pos1;POS 1;2026-04-09T18:56:08.939058+00:00;9165fb4f-5125-4c3a-982c-9ad62a05ae82;2026-04-04T23:11:01.708580;2026-04-04T23:11:01.749407;30;import de données;department;département;2;succès;interne;Import département: | fin intégration: (9165fb4f-5125-4c3a-982c-9ad62a05ae82) | fichier: /srv/import/110/999_departement_20260404203650.csv | 0 lignes formatées | 0 lignes en erreurs | 0 lignes crées | 0 lignes mises à jour | 0 lignes supprimées;110;SUPER U VALLON
pos1;POS 1;2026-04-09T18:56:08.939058+00:00;d0bde9cf-e2e7-4564-b400-7cc1b12a3ed8;2026-04-04T17:12:01.659154;2026-04-04T17:12:01.783743;30;import de données;delivery;livraison;2;succès;interne;Import livraison: | fin intégration: (d0bde9cf-e2e7-4564-b400-7cc1b12a3ed8) | fichier: /srv/import/110/Fac_110_00336542.LC | 3 lignes formatées | 0 lignes en erreurs | 3 lignes crées | 0 lignes mises à jour | 0 lignes supprimées;110;SUPER U VALLON
pos1;POS 1;2026-04-09T18:56:08.939058+00:00;2ffff54b-9049-4d77-b30b-fce3e3edd3a2;2026-04-04T17:11:01.652385;2026-04-04T17:11:01.847468;30;import de données;delivery;livraison;2;succès;interne;Import livraison: | fin intégration: (2ffff54b-9049-4d77-b30b-fce3e3edd3a2) | fichier: /srv/import/110/Fac_110_00215718.LC | 6 lignes formatées | 0 lignes en erreurs | 6 lignes crées | 0 lignes mises à jour | 0 lignes supprimées;110;SUPER U VALLON
pos1;POS 1;2026-04-09T18:56:08.939058+00:00;91e2bf6e-e8d6-41fe-9d56-3245882e2ca9;2026-04-04T17:10:01.670117;2026-04-04T17:10:01.829507;30;import de données;delivery;livraison;2;succès;interne;Import livraison: | fin intégration: (91e2bf6e-e8d6-41fe-9d56-3245882e2ca9) | fichier: /srv/import/110/Fac_110_00108062.LC | 2 lignes formatées | 0 lignes en erreurs | 2 lignes crées | 0 lignes mises à jour | 0 lignes supprimées;110;SUPER U VALLON
pos1;POS 1;2026-04-09T18:56:08.939058+00:00;78d12c04-5de6-4865-a4c3-2aeec6d5ac31;2026-04-04T12:22:01.625890;2026-04-04T12:22:01.791088;30;import de données;delivery;livraison;2;succès;interne;Import livraison: | fin intégration: (78d12c04-5de6-4865-a4c3-2aeec6d5ac31) | fichier: /srv/import/110/Fac_110_00336528.LC | 5 lignes formatées | 0 lignes en erreurs | 5 lignes crées | 0 lignes mises à jour | 0 lignes supprimées;110;SUPER U VALLON
pos1;POS 1;2026-04-09T18:56:08.939058+00:00;d28ba1bd-213f-46d2-ab67-52a76fa76dbc;2026-04-04T12:21:01.626410;2026-04-04T12:21:01.893364;30;import de données;delivery;livraison;2;succès;interne;Import livraison: | fin intégration: (d28ba1bd-213f-46d2-ab67-52a76fa76dbc) | fichier: /srv/import/110/Fac_110_00336498.LC | 6 lignes formatées | 0 lignes en erreurs | 6 lignes crées | 0 lignes mises à jour | 0 lignes supprimées;110;SUPER U VALLON
pos1;POS 1;2026-04-09T18:56:08.939058+00:00;1e31c5de-2364-4684-a0e1-593da1fc22b4;2026-04-04T12:20:01.638932;2026-04-04T12:20:01.921768;30;import de données;delivery;livraison;2;succès;interne;Import livraison: | fin intégration: (1e31c5de-2364-4684-a0e1-593da1fc22b4) | fichier: /srv/import/110/Fac_110_00336497.LC | 5 lignes formatées | 0 lignes en erreurs | 5 lignes crées | 0 lignes mises à jour | 0 lignes supprimées;110;SUPER U VALLON
pos1;POS 1;2026-04-09T18:56:08.939058+00:00;22309003-8c30-47c7-a3c2-0967ec5af49f;2026-04-04T12:19:01.629026;2026-04-04T12:19:01.843812;30;import de données;delivery;livraison;2;succès;interne;Import livraison: | fin intégration: (22309003-8c30-47c7-a3c2-0967ec5af49f) | fichier: /srv/import/110/Fac_110_00336496.LC | 5 lignes formatées | 0 lignes en erreurs | 5 lignes crées | 0 lignes mises à jour | 0 lignes supprimées;110;SUPER U VALLON
pos1;POS 1;2026-04-09T18:56:08.939058+00:00;5bc09557-e098-4116-ad1b-704a260ce662;2026-04-04T12:18:01.627705;2026-04-04T12:18:01.743899;30;import de données;delivery;livraison;2;succès;interne;Import livraison: | fin intégration: (5bc09557-e098-4116-ad1b-704a260ce662) | fichier: /srv/import/110/Fac_110_00336485.LC | 2 lignes formatées | 0 lignes en erreurs | 2 lignes crées | 0 lignes mises à jour | 0 lignes supprimées;110;SUPER U VALLON
pos1;POS 1;2026-04-09T18:56:08.939058+00:00;147aa33b-ea29-4d2c-95f8-1e14077564aa;2026-04-04T12:17:01.627759;2026-04-04T12:17:01.829209;30;import de données;delivery;livraison;2;succès;interne;Import livraison: | fin intégration: (147aa33b-ea29-4d2c-95f8-1e14077564aa) | fichier: /srv/import/110/Fac_110_00336461.LC | 5 lignes formatées | 0 lignes en erreurs | 5 lignes crées | 0 lignes mises à jour | 0 lignes supprimées;110;SUPER U VALLON
pos1;POS 1;2026-04-09T18:56:08.939058+00:00;81283667-2207-4af3-a3d8-982b8469c39e;2026-04-04T12:16:01.625897;2026-04-04T12:16:01.722751;30;import de données;delivery;livraison;2;succès;interne;Import livraison: | fin intégration: (81283667-2207-4af3-a3d8-982b8469c39e) | fichier: /srv/import/110/Fac_110_00236757.LC | 2 lignes formatées | 0 lignes en erreurs | 2 lignes crées | 0 lignes mises à jour | 0 lignes supprimées;110;SUPER U VALLON
pos1;POS 1;2026-04-09T18:56:08.939058+00:00;2c78ec3b-5995-40a9-b5b0-a44b80d0aa92;2026-04-04T12:15:01.628486;2026-04-04T12:15:01.771869;30;import de données;delivery;livraison;2;succès;interne;Import livraison: | fin intégration: (2c78ec3b-5995-40a9-b5b0-a44b80d0aa92) | fichier: /srv/import/110/Fac_110_00236714.LC | 2 lignes formatées | 0 lignes en erreurs | 2 lignes crées | 0 lignes mises à jour | 0 lignes supprimées;110;SUPER U VALLON
pos1;POS 1;2026-04-09T18:56:08.939058+00:00;e7c99c76-cd6c-4d6d-a10b-7c24ab77ecf7;2026-04-04T12:14:01.630945;2026-04-04T12:14:01.742459;30;import de données;delivery;livraison;2;succès;interne;Import livraison: | fin intégration: (e7c99c76-cd6c-4d6d-a10b-7c24ab77ecf7) | fichier: /srv/import/110/Fac_110_00108045.LC | 2 lignes formatées | 0 lignes en erreurs | 2 lignes crées | 0 lignes mises à jour | 0 lignes supprimées;110;SUPER U VALLON
pos1;POS 1;2026-04-09T18:56:08.939058+00:00;bc3cea08-40c5-43f9-b1cc-8260fd4b8530;2026-04-04T12:13:01.626212;2026-04-04T12:13:01.738410;30;import de données;delivery;livraison;2;succès;interne;Import livraison: | fin intégration: (bc3cea08-40c5-43f9-b1cc-8260fd4b8530) | fichier: /srv/import/110/Fac_110_00108044.LC | 2 lignes formatées | 0 lignes en erreurs | 2 lignes crées | 0 lignes mises à jour | 0 lignes supprimées;110;SUPER U VALLON
pos1;POS 1;2026-04-09T18:56:08.939058+00:00;742b9a09-2177-4895-a0d0-cc7ebbc7a567;2026-04-04T12:12:01.627337;2026-04-04T12:12:02.350076;30;import de données;delivery;livraison;2;succès;interne;Import livraison: | fin intégration: (742b9a09-2177-4895-a0d0-cc7ebbc7a567) | fichier: /srv/import/110/Fac_110_00108043.LC | 25 lignes formatées | 0 lignes en erreurs | 25 lignes crées | 0 lignes mises à jour | 0 lignes supprimées;110;SUPER U VALLON
pos1;POS 1;2026-04-09T18:56:08.939058+00:00;0ac770b7-cac1-417a-9d54-66e789057b03;2026-04-04T12:11:01.628014;2026-04-04T12:11:02.524614;30;import de données;delivery;livraison;2;succès;interne;Import livraison: | fin intégration: (0ac770b7-cac1-417a-9d54-66e789057b03) | fichier: /srv/import/110/Fac_110_00108042.LC | 34 lignes formatées | 0 lignes en erreurs | 34 lignes crées | 0 lignes mises à jour | 0 lignes supprimées;110;SUPER U VALLON
pos1;POS 1;2026-04-09T18:56:08.939058+00:00;27bb2189-3f71-4656-9126-f6afe8f69074;2026-04-04T12:10:01.627961;2026-04-04T12:10:01.767598;30;import de données;delivery;livraison;2;succès;interne;Import livraison: | fin intégration: (27bb2189-3f71-4656-9126-f6afe8f69074) | fichier: /srv/import/110/Fac_110_00108006.LC | 2 lignes formatées | 0 lignes en erreurs | 2 lignes crées | 0 lignes mises à jour | 0 lignes supprimées;110;SUPER U VALLON
pos1;POS 1;2026-04-09T18:56:08.939058+00:00;edb5136a-e205-47e3-9a43-1354bd0cfe11;2026-04-04T02:01:01.575974;2026-04-04T02:01:03.090802;30;import de données;supplier_order;commande fournisseur;2;succès;interne;Import commande fournisseur: | fin intégration: (edb5136a-e205-47e3-9a43-1354bd0cfe11) | fichier: /srv/import/110/SugCde_2554150_20260403174402.txt | 51 lignes formatées | 0 lignes en erreurs | 4 lignes crées | 47 lignes mises à jour | 0 lignes supprimées;110;SUPER U VALLON
pos1;POS 1;2026-04-09T18:56:08.939058+00:00;44dabb2d-7723-4840-a0d9-ae34b87df6e4;2026-04-04T02:00:01.578486;2026-04-04T02:00:04.884880;30;import de données;supplier_order;commande fournisseur;0;erreur;interne;Extrait du rapport d'import: | 6 lignes crées | 92 lignes mises à jour | 0 lignes supprimées | 2026-04-04 02:00:01,575 fichier present: (['SugCde_2554149_20260403174359.txt', 'SugCde_2554150_20260403174402.txt'] - supplier_order) dans /srv/import/110/ | 2026-04-04 02:00:01,577 133 lignes lu dans le fichier /srv/import/110/SugCde_2554149_20260403174359.txt | 2026-04-04 02:00:01,577 lancement intégration: (44dabb2d-7723-4840-a0d9-ae34b87df6e4) | 2026-04-04 02:00:04,285 {'ean': [ErrorDetail(string='article 100306628 non fournit par FOURNISSEUR CENTRALE', code='invalid')]} - [D03510030662800000050415000000200000000000] | 2026-04-04 02:00:04,299 {'ean': [ErrorDetail(string='article 100306628 non fournit par FOURNISSEUR CENTRALE', code='invalid')]} - [D08010030662800000050415000000200000000000] | 2026-04-04 02:00:04,313 {'ean': [ErrorDetail(string='article 100306628 non fournit par FOURNISSEUR CENTRALE', code='invalid')]} - [D10010030662800000050415000000200000000000] | 2026-04-04 02:00:04,328 {'ean': [ErrorDetail(string='article 100306628 non fournit par FOURNISSEUR CENTRALE', code='invalid')]} - [D12010030662800000050415000000200000000000] | 2026-04-04 02:00:04,342 {'ean': [ErrorDetail(string='article 100306628 non fournit par FOURNISSEUR CENTRALE', code='invalid')]} - [D22010030662800000050415000000200000000000] | 2026-04-04 02:00:04,357 {'ean': [ErrorDetail(string='article 100306628 non fournit par FOURNISSEUR CENTRALE', code='invalid')]} - [D23010030662800000050415000000200000000000] | 2026-04-04 02:00:04,376 {'ean': [ErrorDetail(string='article 100306628 non fournit par FOURNISSEUR CENTRALE', code='invalid')]} - [D26110030662800000050415000000200000000000] | 2026-04-04 02:00:04,391 {'ean': [ErrorDetail(string='article 100306628 non fournit par FOURNISSEUR CENTRALE', code='invalid')]} - [D28110030662800000050415000000200000000000] | 2026-04-04 02:00:04,406 {'ean': [ErrorDetail(string='article 100306628 non fournit par FOURNISSEUR CENTRALE', code='invalid')]} - [D29010030662800000050415000000200000000000] | 2026-04-04 02:00:04,422 {'ean': [ErrorDetail(string='article 100306628 non fournit par FOURNISSEUR CENTRALE', code='invalid')]} - [D29110030662800000050415000000200000000000] | 2026-04-04 02:00:04,437 {'ean': [ErrorDetail(string='article 100306628 non fournit par FOURNISSEUR CENTRALE', code='invalid')]} - [D29210030662800000050415000000200000000000] | 2026-04-04 02:00:04,452 {'ean': [ErrorDetail(string='article 100306628 non fournit par FOURNISSEUR CENTRALE', code='invalid')]} - [D29310030662800000050415000000200000000000] | 2026-04-04 02:00:04,468 {'ean': [ErrorDetail(string='article 100306628 non fournit par FOURNISSEUR CENTRALE', code='invalid')]} - [D29410030662800000050415000000200000000000] | 2026-04-04 02:00:04,484 {'ean': [ErrorDetail(string='article 100306628 non fournit par FOURNISSEUR CENTRALE', code='invalid')]} - [D29510030662800000050415000000200000000000] | 2026-04-04 02:00:04,501 {'ean': [ErrorDetail(string='article 100306628 non fournit par FOURNISSEUR CENTRALE', code='invalid')]} - [D30210030662800000050415000000200000000000] | 2026-04-04 02:00:04,824 fin intégration: (44dabb2d-7723-4840-a0d9-ae34b87df6e4) | fichier: /srv/import/110/SugCde_2554149_20260403174359.txt | 133 lignes formatées | 15 lignes en erreurs | 8 lignes crées | 110 lignes mises à jour | 0 lignes supprimées;110;SUPER U VALLON
pos1;POS 1;2026-04-09T18:56:08.939058+00:00;e24376e5-53d5-42bc-842a-39613390fef1;2026-04-04T01:59:01.552575;2026-04-04T01:59:03.446507;30;import de données;supplier_order;commande fournisseur;2;succès;interne;Import commande fournisseur: | fin intégration: (e24376e5-53d5-42bc-842a-39613390fef1) | fichier: /srv/import/110/SugCde_2554148_20260403174354.txt | 98 lignes formatées | 0 lignes en erreurs | 6 lignes crées | 92 lignes mises à jour | 0 lignes supprimées;110;SUPER U VALLON
pos1;POS 1;2026-04-09T18:56:08.939058+00:00;5e51824c-1c8f-45ad-bc0a-46ab006e2935;2026-04-04T01:58:01.573081;2026-04-04T01:58:03.638524;30;import de données;supplier_order;commande fournisseur;2;succès;interne;Import commande fournisseur: | fin intégration: (5e51824c-1c8f-45ad-bc0a-46ab006e2935) | fichier: /srv/import/110/SugCde_2554147_20260403174349.txt | 76 lignes formatées | 0 lignes en erreurs | 6 lignes crées | 70 lignes mises à jour | 0 lignes supprimées;110;SUPER U VALLON
pos1;POS 1;2026-04-09T18:56:08.939058+00:00;604da1a5-ea6c-42ad-b06e-6e073526b058;2026-04-04T01:57:01.582292;2026-04-04T01:57:03.469555;30;import de données;supplier_order;commande fournisseur;2;succès;interne;Import commande fournisseur: | fin intégration: (604da1a5-ea6c-42ad-b06e-6e073526b058) | fichier: /srv/import/110/SugCde_2554146_20260403174345.txt | 77 lignes formatées | 0 lignes en erreurs | 5 lignes crées | 72 lignes mises à jour | 0 lignes supprimées;110;SUPER U VALLON
pos1;POS 1;2026-04-09T18:56:08.939058+00:00;7fef069b-effb-4e2c-9069-e111ed5264ac;2026-04-04T01:56:01.548093;2026-04-04T01:56:04.121436;30;import de données;supplier_order;commande fournisseur;2;succès;interne;Import commande fournisseur: | fin intégration: (7fef069b-effb-4e2c-9069-e111ed5264ac) | fichier: /srv/import/110/SugCde_2554145_20260403174340.txt | 128 lignes formatées | 0 lignes en erreurs | 9 lignes crées | 119 lignes mises à jour | 0 lignes supprimées;110;SUPER U VALLON
pos1;POS 1;2026-04-09T18:56:08.939058+00:00;e8d5872b-cbe6-4516-816b-4b8046fc6f76;2026-04-04T01:55:01.575504;2026-04-04T01:55:01.649121;30;import de données;supplier_order;commande fournisseur;2;succès;interne;Import commande fournisseur: | fin intégration: (e8d5872b-cbe6-4516-816b-4b8046fc6f76) | fichier: /srv/import/110/SugCde_2554144_20260403174335.txt | 0 lignes formatées | 0 lignes en erreurs | 0 lignes crées | 0 lignes mises à jour | 0 lignes supprimées;110;SUPER U VALLON
pos1;POS 1;2026-04-09T18:56:08.939058+00:00;7710b695-c3f4-461a-b356-bef6ac830c2f;2026-04-04T01:54:01.592998;2026-04-04T01:54:01.643818;30;import de données;supplier_order;commande fournisseur;2;succès;interne;Import commande fournisseur: | fin intégration: (7710b695-c3f4-461a-b356-bef6ac830c2f) | fichier: /srv/import/110/SugCde_2554143_20260403174330.txt | 0 lignes formatées | 0 lignes en erreurs | 0 lignes crées | 0 lignes mises à jour | 0 lignes supprimées;110;SUPER U VALLON
pos1;POS 1;2026-04-09T18:56:08.939058+00:00;c527a0fd-9391-4045-ac2c-4d24dde4b5d2;2026-04-04T01:53:01.578512;2026-04-04T01:53:03.246576;30;import de données;supplier_order;commande fournisseur;0;erreur;interne;Extrait du rapport d'import: | fichier: /srv/import/110/SugCde_2554132_20260403122923.txt | 390 lignes formatées | 17 lignes en erreurs | 23 lignes crées | 350 lignes mises à jour | 0 lignes supprimées | 2026-04-04 01:53:01,566 fichier present: (['SugCde_2554146_20260403174345.txt', 'SugCde_2554145_20260403174340.txt', 'SugCde_2554149_20260403174359.txt', 'SugCde_2554147_20260403174349.txt', 'SugCde_2554142_20260403174323.txt', 'SugCde_2554143_20260403174330.txt', 'SugCde_2554150_20260403174402.txt', 'SugCde_2554144_20260403174335.txt', 'SugCde_2554148_20260403174354.txt'] - supplier_order) dans /srv/import/110/ | 2026-04-04 01:53:01,577 81 lignes lu dans le fichier /srv/import/110/SugCde_2554142_20260403174323.txt | 2026-04-04 01:53:01,577 lancement intégration: (c527a0fd-9391-4045-ac2c-4d24dde4b5d2) | 2026-04-04 01:53:01,969 {'ean': [ErrorDetail(string='article 100481904 non commandable', code='invalid')]} - [D11010048190400000004400000001200000000000] | 2026-04-04 01:53:01,983 {'ean': [ErrorDetail(string='article 100481904 non commandable', code='invalid')]} - [D22010048190400000004400000001200000000000] | 2026-04-04 01:53:01,999 {'ean': [ErrorDetail(string='article 100481904 non commandable', code='invalid')]} - [D23510048190400000004400000001200000000000] | 2026-04-04 01:53:02,013 {'ean': [ErrorDetail(string='article 100481904 non commandable', code='invalid')]} - [D30210048190400000004400000001200000000000] | 2026-04-04 01:53:02,704 {'ean': [ErrorDetail(string='article 100486911 non commandable', code='invalid')]} - [D11010048691100000002366000000800000000000] | 2026-04-04 01:53:02,718 {'ean': [ErrorDetail(string='article 100486911 non commandable', code='invalid')]} - [D22010048691100000002366000000800000000000] | 2026-04-04 01:53:02,732 {'ean': [ErrorDetail(string='article 100486911 non commandable', code='invalid')]} - [D23510048691100000002366000000800000000000] | 2026-04-04 01:53:02,745 {'ean': [ErrorDetail(string='article 100486911 non commandable', code='invalid')]} - [D30210048691100000002366000000800000000000] | 2026-04-04 01:53:02,759 {'ean': [ErrorDetail(string='article 100486926 non commandable', code='invalid')]} - [D11010048692600000008130000001200000000000] | 2026-04-04 01:53:02,773 {'ean': [ErrorDetail(string='article 100486926 non commandable', code='invalid')]} - [D22010048692600000008130000001200000000000] | 2026-04-04 01:53:02,787 {'ean': [ErrorDetail(string='article 100486926 non commandable', code='invalid')]} - [D23510048692600000008130000001200000000000] | 2026-04-04 01:53:02,801 {'ean': [ErrorDetail(string='article 100486926 non commandable', code='invalid')]} - [D30210048692600000008130000001200000000000] | 2026-04-04 01:53:03,186 fin intégration: (c527a0fd-9391-4045-ac2c-4d24dde4b5d2) | fichier: /srv/import/110/SugCde_2554142_20260403174323.txt | 81 lignes formatées | 12 lignes en erreurs | 18 lignes crées | 51 lignes mises à jour | 0 lignes supprimées;110;SUPER U VALLON
pos1;POS 1;2026-04-09T18:56:08.939058+00:00;473afe8b-b911-4ca1-9825-488606aecd4f;2026-04-04T01:52:01.567078;2026-04-04T01:52:10.112181;30;import de données;supplier_order;commande fournisseur;0;erreur;interne;Extrait du rapport d'import: | 0 lignes supprimées | 2026-04-04 01:52:01,559 fichier present: (['SugCde_2554146_20260403174345.txt', 'SugCde_2554145_20260403174340.txt', 'SugCde_2554149_20260403174359.txt', 'SugCde_2554132_20260403122923.txt', 'SugCde_2554147_20260403174349.txt', 'SugCde_2554142_20260403174323.txt', 'SugCde_2554143_20260403174330.txt', 'SugCde_2554150_20260403174402.txt', 'SugCde_2554144_20260403174335.txt', 'SugCde_2554148_20260403174354.txt'] - supplier_order) dans /srv/import/110/ | 2026-04-04 01:52:01,566 390 lignes lu dans le fichier /srv/import/110/SugCde_2554132_20260403122923.txt | 2026-04-04 01:52:01,566 lancement intégration: (473afe8b-b911-4ca1-9825-488606aecd4f) | 2026-04-04 01:52:08,641 {'ean': [ErrorDetail(string='article 100537909 non fournit par FOURNISSEUR CENTRALE', code='invalid')]} - [D03510053790900000001751000001000000000000] | 2026-04-04 01:52:08,656 {'ean': [ErrorDetail(string='article 100537909 non fournit par FOURNISSEUR CENTRALE', code='invalid')]} - [D08010053790900000001751000001000000000000] | 2026-04-04 01:52:08,671 {'ean': [ErrorDetail(string='article 100537909 non fournit par FOURNISSEUR CENTRALE', code='invalid')]} - [D10010053790900000001751000001000000000000] | 2026-04-04 01:52:08,687 {'ean': [ErrorDetail(string='article 100537909 non fournit par FOURNISSEUR CENTRALE', code='invalid')]} - [D11010053790900000001751000001000000000000] | 2026-04-04 01:52:08,702 {'ean': [ErrorDetail(string='article 100537909 non fournit par FOURNISSEUR CENTRALE', code='invalid')]} - [D12010053790900000001751000001000000000000] | 2026-04-04 01:52:08,716 {'ean': [ErrorDetail(string='article 100537909 non fournit par FOURNISSEUR CENTRALE', code='invalid')]} - [D22010053790900000001751000001000000000000] | 2026-04-04 01:52:08,730 {'ean': [ErrorDetail(string='article 100537909 non fournit par FOURNISSEUR CENTRALE', code='invalid')]} - [D23010053790900000001751000001000000000000] | 2026-04-04 01:52:08,744 {'ean': [ErrorDetail(string='article 100537909 non fournit par FOURNISSEUR CENTRALE', code='invalid')]} - [D23510053790900000001751000001000000000000] | 2026-04-04 01:52:08,763 {'ean': [ErrorDetail(string='article 100537909 non fournit par FOURNISSEUR CENTRALE', code='invalid')]} - [D26110053790900000001751000001000000000000] | 2026-04-04 01:52:08,778 {'ean': [ErrorDetail(string='article 100537909 non fournit par FOURNISSEUR CENTRALE', code='invalid')]} - [D28110053790900000001751000001000000000000] | 2026-04-04 01:52:08,795 {'ean': [ErrorDetail(string='article 100537909 non fournit par FOURNISSEUR CENTRALE', code='invalid')]} - [D29010053790900000001751000001000000000000] | 2026-04-04 01:52:08,809 {'ean': [ErrorDetail(string='article 100537909 non fournit par FOURNISSEUR CENTRALE', code='invalid')]} - [D29110053790900000001751000001000000000000] | 2026-04-04 01:52:08,828 {'ean': [ErrorDetail(string='article 100537909 non fournit par FOURNISSEUR CENTRALE', code='invalid')]} - [D29210053790900000001751000001000000000000] | 2026-04-04 01:52:08,842 {'ean': [ErrorDetail(string='article 100537909 non fournit par FOURNISSEUR CENTRALE', code='invalid')]} - [D29310053790900000001751000001000000000000] | 2026-04-04 01:52:08,857 {'ean': [ErrorDetail(string='article 100537909 non fournit par FOURNISSEUR CENTRALE', code='invalid')]} - [D29410053790900000001751000001000000000000] | 2026-04-04 01:52:08,871 {'ean': [ErrorDetail(string='article 100537909 non fournit par FOURNISSEUR CENTRALE', code='invalid')]} - [D29510053790900000001751000001000000000000] | 2026-04-04 01:52:08,886 {'ean': [ErrorDetail(string='article 100537909 non fournit par FOURNISSEUR CENTRALE', code='invalid')]} - [D30210053790900000001751000001000000000000] | 2026-04-04 01:52:10,092 fin intégration: (473afe8b-b911-4ca1-9825-488606aecd4f) | fichier: /srv/import/110/SugCde_2554132_20260403122923.txt | 390 lignes formatées | 17 lignes en erreurs | 23 lignes crées | 350 lignes mises à jour | 0 lignes supprimées;110;SUPER U VALLON
pos1;POS 1;2026-04-09T18:56:08.939058+00:00;5ded180c-e30e-4c97-93a5-a824c2bd3513;2026-04-04T01:51:01.550519;2026-04-04T01:51:01.610341;30;import de données;supplier_order;commande fournisseur;2;succès;interne;Import commande fournisseur: | fin intégration: (5ded180c-e30e-4c97-93a5-a824c2bd3513) | fichier: /srv/import/110/SugCde_2554130_20260403121349.txt | 0 lignes formatées | 0 lignes en erreurs | 0 lignes crées | 0 lignes mises à jour | 0 lignes supprimées;110;SUPER U VALLON
pos1;POS 1;2026-04-09T18:56:08.939058+00:00;9f8f3240-4a03-4bdc-8872-0cf99810344f;2026-04-04T01:50:01.562708;2026-04-04T01:50:02.226712;30;import de données;supplier_order;commande fournisseur;2;succès;interne;Import commande fournisseur: | fin intégration: (9f8f3240-4a03-4bdc-8872-0cf99810344f) | fichier: /srv/import/110/SugCde_2554127_20260403162115.txt | 18 lignes formatées | 0 lignes en erreurs | 2 lignes crées | 16 lignes mises à jour | 0 lignes supprimées;110;SUPER U VALLON
pos1;POS 1;2026-04-09T18:56:08.939058+00:00;27e1c90a-c6b7-407e-874b-767ce4be811c;2026-04-04T01:49:01.583819;2026-04-04T01:49:01.647355;30;import de données;supplier_order;commande fournisseur;2;succès;interne;Import commande fournisseur: | fin intégration: (27e1c90a-c6b7-407e-874b-767ce4be811c) | fichier: /srv/import/110/SugCde_2554126_20260403162113.txt | 0 lignes formatées | 0 lignes en erreurs | 0 lignes crées | 0 lignes mises à jour | 0 lignes supprimées;110;SUPER U VALLON
pos1;POS 1;2026-04-09T18:56:08.939058+00:00;8d225782-9285-4391-8e68-6094b8a341ea;2026-04-04T01:48:01.556246;2026-04-04T01:48:01.604044;30;import de données;supplier_order;commande fournisseur;2;succès;interne;Import commande fournisseur: | fin intégration: (8d225782-9285-4391-8e68-6094b8a341ea) | fichier: /srv/import/110/SugCde_2554125_20260403162110.txt | 0 lignes formatées | 0 lignes en erreurs | 0 lignes crées | 0 lignes mises à jour | 0 lignes supprimées;110;SUPER U VALLON
pos1;POS 1;2026-04-09T18:56:08.939058+00:00;617403ac-77a3-4402-b5f8-81e404d5e8fb;2026-04-04T01:47:01.553862;2026-04-04T01:47:01.627425;30;import de données;supplier_order;commande fournisseur;2;succès;interne;Import commande fournisseur: | fin intégration: (617403ac-77a3-4402-b5f8-81e404d5e8fb) | fichier: /srv/import/110/SugCde_2554124_20260403162107.txt | 0 lignes formatées | 0 lignes en erreurs | 0 lignes crées | 0 lignes mises à jour | 0 lignes supprimées;110;SUPER U VALLON
pos1;POS 1;2026-04-09T18:56:08.939058+00:00;8a009aed-84f0-413f-a0d7-647ee3662ec4;2026-04-04T01:46:01.590467;2026-04-04T01:46:01.659270;30;import de données;supplier_order;commande fournisseur;2;succès;interne;Import commande fournisseur: | fin intégration: (8a009aed-84f0-413f-a0d7-647ee3662ec4) | fichier: /srv/import/110/SugCde_2554123_20260403162104.txt | 0 lignes formatées | 0 lignes en erreurs | 0 lignes crées | 0 lignes mises à jour | 0 lignes supprimées;110;SUPER U VALLON
pos1;POS 1;2026-04-09T18:56:08.939058+00:00;36aa35ac-c0de-4aef-aa81-10adda658a94;2026-04-04T01:45:01.598498;2026-04-04T01:45:01.689100;30;import de données;supplier_order;commande fournisseur;2;succès;interne;Import commande fournisseur: | fin intégration: (36aa35ac-c0de-4aef-aa81-10adda658a94) | fichier: /srv/import/110/SugCde_2554122_20260403162102.txt | 0 lignes formatées | 0 lignes en erreurs | 0 lignes crées | 0 lignes mises à jour | 0 lignes supprimées;110;SUPER U VALLON
pos1;POS 1;2026-04-09T18:56:08.939058+00:00;0d4b3250-6db3-4a72-9e45-42e5689804e5;2026-04-04T01:44:01.547461;2026-04-04T01:44:01.587512;30;import de données;supplier_order;commande fournisseur;2;succès;interne;Import commande fournisseur: | fin intégration: (0d4b3250-6db3-4a72-9e45-42e5689804e5) | fichier: /srv/import/110/SugCde_2554120_20260403162058.txt | 0 lignes formatées | 0 lignes en erreurs | 0 lignes crées | 0 lignes mises à jour | 0 lignes supprimées;110;SUPER U VALLON
pos1;POS 1;2026-04-09T18:56:08.939058+00:00;5db6ac8e-06cb-4804-8bcd-deba600351fa;2026-04-04T01:43:01.548008;2026-04-04T01:43:01.597011;30;import de données;supplier_order;commande fournisseur;2;succès;interne;Import commande fournisseur: | fin intégration: (5db6ac8e-06cb-4804-8bcd-deba600351fa) | fichier: /srv/import/110/SugCde_2554119_20260403162052.txt | 0 lignes formatées | 0 lignes en erreurs | 0 lignes crées | 0 lignes mises à jour | 0 lignes supprimées;110;SUPER U VALLON
pos1;POS 1;2026-04-09T18:56:08.939058+00:00;2f95d459-8714-4fbc-8e04-3113d7f55168;2026-04-04T01:42:01.557397;2026-04-04T01:42:01.786205;30;import de données;supplier_order;commande fournisseur;2;succès;interne;Import commande fournisseur: | fin intégration: (2f95d459-8714-4fbc-8e04-3113d7f55168) | fichier: /srv/import/110/SugCde_2554118_20260403162048.txt | 8 lignes formatées | 0 lignes en erreurs | 2 lignes crées | 6 lignes mises à jour | 0 lignes supprimées;110;SUPER U VALLON
pos1;POS 1;2026-04-09T18:56:08.939058+00:00;4cb1b1e3-ec01-4d41-9ddb-e2a3678db80b;2026-04-04T01:41:01.580645;2026-04-04T01:41:01.844219;30;import de données;supplier_order;commande fournisseur;2;succès;interne;Import commande fournisseur: | fin intégration: (4cb1b1e3-ec01-4d41-9ddb-e2a3678db80b) | fichier: /srv/import/110/SugCde_2554117_20260403162044.txt | 7 lignes formatées | 0 lignes en erreurs | 2 lignes crées | 5 lignes mises à jour | 0 lignes supprimées;110;SUPER U VALLON
pos1;POS 1;2026-04-09T18:56:08.939058+00:00;00daf018-08cf-4a9b-97c4-daad2fb5c948;2026-04-04T01:40:01.550224;2026-04-04T01:40:02.129157;30;import de données;supplier_order;commande fournisseur;2;succès;interne;Import commande fournisseur: | fin intégration: (00daf018-08cf-4a9b-97c4-daad2fb5c948) | fichier: /srv/import/110/SugCde_2554116_20260403162039.txt | 18 lignes formatées | 0 lignes en erreurs | 2 lignes crées | 16 lignes mises à jour | 0 lignes supprimées;110;SUPER U VALLON
pos1;POS 1;2026-04-09T18:56:08.939058+00:00;0358b457-fa78-44a0-aabd-8f073b4bcd80;2026-04-04T01:39:01.582891;2026-04-04T01:39:16.748180;30;import de données;supplier_order;commande fournisseur;2;succès;interne;Import commande fournisseur: | fin intégration: (0358b457-fa78-44a0-aabd-8f073b4bcd80) | fichier: /srv/import/110/SugCde_2554115_20260403161955.txt | 633 lignes formatées | 0 lignes en erreurs | 37 lignes crées | 596 lignes mises à jour | 0 lignes supprimées;110;SUPER U VALLON
pos1;POS 1;2026-04-09T18:56:08.939058+00:00;7b0d52e9-db7d-4852-bdbc-9fa331af1b59;2026-04-04T01:39:01.602018;2026-04-04T01:39:01.686752;30;import de données;supplier_order;commande fournisseur;2;succès;interne;Import commande fournisseur: | fin intégration: (7b0d52e9-db7d-4852-bdbc-9fa331af1b59) | fichier: /srv/import/050/SugCde_2554150_20260403174402.txt | 0 lignes formatées | 0 lignes en erreurs | 0 lignes crées | 0 lignes mises à jour | 0 lignes supprimées;050;CASH CENTER ZONE 4
pos1;POS 1;2026-04-09T18:56:08.939058+00:00;b1be9a8e-1fbb-42f0-b5d2-20452bac91b8;2026-04-04T01:38:01.578387;2026-04-04T01:38:14.929359;30;import de données;supplier_order;commande fournisseur;0;erreur;interne;Extrait du rapport d'import: | 2026-04-04 01:38:01,570 fichier present: (['SugCde_2554122_20260403162102.txt', 'SugCde_2554117_20260403162044.txt', 'SugCde_2554146_20260403174345.txt', 'SugCde_2554114_20260403161717.txt', 'SugCde_2554145_20260403174340.txt', 'SugCde_2554149_20260403174359.txt', 'SugCde_2554132_20260403122923.txt', 'SugCde_2554123_20260403162104.txt', 'SugCde_2554147_20260403174349.txt', 'SugCde_2554142_20260403174323.txt', 'SugCde_2554127_20260403162115.txt', 'SugCde_2554120_20260403162058.txt', 'SugCde_2554125_20260403162110.txt', 'SugCde_2554126_20260403162113.txt', 'SugCde_2554143_20260403174330.txt', 'SugCde_2554150_20260403174402.txt', 'SugCde_2554115_20260403161955.txt', 'SugCde_2554124_20260403162107.txt', 'SugCde_2554144_20260403174335.txt', 'SugCde_2554119_20260403162052.txt', 'SugCde_2554116_20260403162039.txt', 'SugCde_2554118_20260403162048.txt', 'SugCde_2554130_20260403121349.txt', 'SugCde_2554148_20260403174354.txt'] - supplier_order) dans /srv/import/110/ | 2026-04-04 01:38:01,577 529 lignes lu dans le fichier /srv/import/110/SugCde_2554114_20260403161717.txt | 2026-04-04 01:38:01,577 lancement intégration: (b1be9a8e-1fbb-42f0-b5d2-20452bac91b8) | 2026-04-04 01:38:01,588 fichier present: (['SugCde_2554149_20260403174359.txt', 'SugCde_2554150_20260403174402.txt'] - supplier_order) dans /srv/import/050/ | 2026-04-04 01:38:01,593 133 lignes lu dans le fichier /srv/import/050/SugCde_2554149_20260403174359.txt | 2026-04-04 01:38:01,593 lancement intégration: (41b19209-5f86-4b72-8ce0-0017056c9700) | 2026-04-04 01:38:01,684 fin intégration: (41b19209-5f86-4b72-8ce0-0017056c9700) | fichier: /srv/import/050/SugCde_2554149_20260403174359.txt | 0 lignes formatées | 0 lignes en erreurs | 0 lignes crées | 0 lignes mises à jour | 0 lignes supprimées | 2026-04-04 01:38:05,488 {'ean': [ErrorDetail(string='article 100481840 non commandable', code='invalid')]} - [D11010048184000000002034000001200000000000] | 2026-04-04 01:38:05,504 {'ean': [ErrorDetail(string='article 100481840 non commandable', code='invalid')]} - [D22010048184000000002034000001200000000000] | 2026-04-04 01:38:05,518 {'ean': [ErrorDetail(string='article 100481840 non commandable', code='invalid')]} - [D23510048184000000002034000001200000000000] | 2026-04-04 01:38:05,534 {'ean': [ErrorDetail(string='article 100481840 non commandable', code='invalid')]} - [D30210048184000000002034000001200000000000] | 2026-04-04 01:38:12,869 {'ean': [ErrorDetail(string='article 100484242 non commandable', code='invalid')]} - [D11010048424200000003390000000600000000000] | 2026-04-04 01:38:12,885 {'ean': [ErrorDetail(string='article 100484242 non commandable', code='invalid')]} - [D22010048424200000003390000000600000000000] | 2026-04-04 01:38:12,901 {'ean': [ErrorDetail(string='article 100484242 non commandable', code='invalid')]} - [D23510048424200000003390000000600000000000] | 2026-04-04 01:38:12,917 {'ean': [ErrorDetail(string='article 100484242 non commandable', code='invalid')]} - [D30210048424200000003390000000600000000000] | 2026-04-04 01:38:14,900 fin intégration: (b1be9a8e-1fbb-42f0-b5d2-20452bac91b8) | fichier: /srv/import/110/SugCde_2554114_20260403161717.txt | 529 lignes formatées | 8 lignes en erreurs | 131 lignes crées | 390 lignes mises à jour | 0 lignes supprimées;110;SUPER U VALLON
pos1;POS 1;2026-04-09T18:56:08.939058+00:00;41b19209-5f86-4b72-8ce0-0017056c9700;2026-04-04T01:38:01.593754;2026-04-04T01:38:01.690976;30;import de données;supplier_order;commande fournisseur;2;succès;interne;Import commande fournisseur: | fin intégration: (41b19209-5f86-4b72-8ce0-0017056c9700) | fichier: /srv/import/050/SugCde_2554149_20260403174359.txt | 0 lignes formatées | 0 lignes en erreurs | 0 lignes crées | 0 lignes mises à jour | 0 lignes supprimées;050;CASH CENTER ZONE 4
pos1;POS 1;2026-04-09T18:56:08.939058+00:00;5bd07c6c-9e5d-4662-a54a-bd0c342e5a34;2026-04-04T01:37:01.575790;2026-04-04T01:37:03.880502;30;import de données;supplier_order;commande fournisseur;2;succès;interne;Import commande fournisseur: | fin intégration: (5bd07c6c-9e5d-4662-a54a-bd0c342e5a34) | fichier: /srv/import/050/SugCde_2554148_20260403174354.txt | 98 lignes formatées | 0 lignes en erreurs | 6 lignes crées | 92 lignes mises à jour | 0 lignes supprimées;050;CASH CENTER ZONE 4
pos1;POS 1;2026-04-09T18:56:08.939058+00:00;730284ed-9485-4e20-97f1-af6e9e70411e;2026-04-04T01:37:01.553980;2026-04-04T01:37:01.602028;30;import de données;supplier_order;commande fournisseur;2;succès;interne;Import commande fournisseur: | fin intégration: (730284ed-9485-4e20-97f1-af6e9e70411e) | fichier: /srv/import/110/SugCde_2554112_20260403161624.txt | 0 lignes formatées | 0 lignes en erreurs | 0 lignes crées | 0 lignes mises à jour | 0 lignes supprimées;110;SUPER U VALLON
pos1;POS 1;2026-04-09T18:56:08.939058+00:00;8a7e038f-62eb-40ee-bc1e-52ba74e6a33e;2026-04-04T01:36:01.593253;2026-04-04T01:36:01.650762;30;import de données;supplier_order;commande fournisseur;2;succès;interne;Import commande fournisseur: | fin intégration: (8a7e038f-62eb-40ee-bc1e-52ba74e6a33e) | fichier: /srv/import/050/SugCde_2554147_20260403174349.txt | 0 lignes formatées | 0 lignes en erreurs | 0 lignes crées | 0 lignes mises à jour | 0 lignes supprimées;050;CASH CENTER ZONE 4
pos1;POS 1;2026-04-09T18:56:08.939058+00:00;f7641126-7ff4-4813-8ed0-6fb60f386881;2026-04-04T01:36:01.552491;2026-04-04T01:36:01.612342;30;import de données;supplier_order;commande fournisseur;2;succès;interne;Import commande fournisseur: | fin intégration: (f7641126-7ff4-4813-8ed0-6fb60f386881) | fichier: /srv/import/110/SugCde_2554111_20260403161620.txt | 0 lignes formatées | 0 lignes en erreurs | 0 lignes crées | 0 lignes mises à jour | 0 lignes supprimées;110;SUPER U VALLON
pos1;POS 1;2026-04-09T18:56:08.939058+00:00;d2cbd110-d53c-41b6-ab33-8798e43af9da;2026-04-04T01:35:01.577717;2026-04-04T01:35:06.116570;30;import de données;supplier_order;commande fournisseur;0;erreur;interne;Extrait du rapport d'import: | 2026-04-04 01:35:04,903 {'product': [ErrorDetail(string='Ce champ ne peut être nul.', code='null')]} - [D30210054583500000006433000000600000000000] | 2026-04-04 01:35:04,938 {'ean': [ErrorDetail(string='article 100562439 non commandable', code='invalid')]} - [D03510056243900000004470000000600000000000] | 2026-04-04 01:35:04,957 {'ean': [ErrorDetail(string='article 100562439 non commandable', code='invalid')]} - [D10010056243900000004470000000600000000000] | 2026-04-04 01:35:04,971 {'ean': [ErrorDetail(string='article 100562439 non commandable', code='invalid')]} - [D11010056243900000004470000000600000000000] | 2026-04-04 01:35:04,986 {'ean': [ErrorDetail(string='article 100562439 non commandable', code='invalid')]} - [D23010056243900000004470000000600000000000] | 2026-04-04 01:35:05,000 {'ean': [ErrorDetail(string='article 100562439 non commandable', code='invalid')]} - [D23510056243900000004470000000600000000000] | 2026-04-04 01:35:05,015 {'ean': [ErrorDetail(string='article 100562439 non commandable', code='invalid')]} - [D29510056243900000004470000000600000000000] | 2026-04-04 01:35:05,030 {'ean': [ErrorDetail(string='article 100562439 non commandable', code='invalid')]} - [D30110056243900000004470000000600000000000] | 2026-04-04 01:35:05,045 {'ean': [ErrorDetail(string='article 100562439 non commandable', code='invalid')]} - [D30210056243900000004470000000600000000000] | 2026-04-04 01:35:05,919 {'ean': [ErrorDetail(string='article 100696189 non fournit par FOURNISSEUR CENTRALE', code='invalid')]} - [D03510069618900000003242000000600000000000] | 2026-04-04 01:35:05,933 {'ean': [ErrorDetail(string='article 100696189 non fournit par FOURNISSEUR CENTRALE', code='invalid')]} - [D08010069618900000003242000000600000000000] | 2026-04-04 01:35:05,947 {'ean': [ErrorDetail(string='article 100696189 non fournit par FOURNISSEUR CENTRALE', code='invalid')]} - [D10010069618900000003242000000600000000000] | 2026-04-04 01:35:05,962 {'ean': [ErrorDetail(string='article 100696189 non fournit par FOURNISSEUR CENTRALE', code='invalid')]} - [D12010069618900000003242000000600000000000] | 2026-04-04 01:35:05,978 {'ean': [ErrorDetail(string='article 100696189 non fournit par FOURNISSEUR CENTRALE', code='invalid')]} - [D23010069618900000003242000000600000000000] | 2026-04-04 01:35:05,992 {'ean': [ErrorDetail(string='article 100696189 non fournit par FOURNISSEUR CENTRALE', code='invalid')]} - [D28110069618900000003242000000600000000000] | 2026-04-04 01:35:06,006 {'ean': [ErrorDetail(string='article 100696189 non fournit par FOURNISSEUR CENTRALE', code='invalid')]} - [D29010069618900000003242000000600000000000] | 2026-04-04 01:35:06,020 {'ean': [ErrorDetail(string='article 100696189 non fournit par FOURNISSEUR CENTRALE', code='invalid')]} - [D29110069618900000003242000000600000000000] | 2026-04-04 01:35:06,034 {'ean': [ErrorDetail(string='article 100696189 non fournit par FOURNISSEUR CENTRALE', code='invalid')]} - [D29210069618900000003242000000600000000000] | 2026-04-04 01:35:06,049 {'ean': [ErrorDetail(string='article 100696189 non fournit par FOURNISSEUR CENTRALE', code='invalid')]} - [D29310069618900000003242000000600000000000] | 2026-04-04 01:35:06,064 {'ean': [ErrorDetail(string='article 100696189 non fournit par FOURNISSEUR CENTRALE', code='invalid')]} - [D29410069618900000003242000000600000000000] | 2026-04-04 01:35:06,079 {'ean': [ErrorDetail(string='article 100696189 non fournit par FOURNISSEUR CENTRALE', code='invalid')]} - [D29510069618900000003242000000600000000000] | 2026-04-04 01:35:06,095 {'ean': [ErrorDetail(string='article 100696189 non fournit par FOURNISSEUR CENTRALE', code='invalid')]} - [D30110069618900000003242000000600000000000] | 2026-04-04 01:35:06,098 fin intégration: (d2cbd110-d53c-41b6-ab33-8798e43af9da) | fichier: /srv/import/110/SugCde_2554110_20260403161613.txt | 197 lignes formatées | 90 lignes en erreurs | 9 lignes crées | 98 lignes mises à jour | 0 lignes supprimées;110;SUPER U VALLON
pos1;POS 1;2026-04-09T18:56:08.939058+00:00;68dd1423-1a17-463f-9805-c08689dafdcd;2026-04-04T01:35:01.603747;2026-04-04T01:35:04.110407;30;import de données;supplier_order;commande fournisseur;2;succès;interne;Import commande fournisseur: | fin intégration: (68dd1423-1a17-463f-9805-c08689dafdcd) | fichier: /srv/import/050/SugCde_2554146_20260403174345.txt | 77 lignes formatées | 0 lignes en erreurs | 5 lignes crées | 72 lignes mises à jour | 0 lignes supprimées;050;CASH CENTER ZONE 4
pos1;POS 1;2026-04-09T18:56:08.939058+00:00;0121a8fe-0dfd-4456-9b59-795d4a701d8d;2026-04-04T01:34:01.621033;2026-04-04T01:34:01.699940;30;import de données;supplier_order;commande fournisseur;2;succès;interne;Import commande fournisseur: | fin intégration: (0121a8fe-0dfd-4456-9b59-795d4a701d8d) | fichier: /srv/import/050/SugCde_2554145_20260403174340.txt | 0 lignes formatées | 0 lignes en erreurs | 0 lignes crées | 0 lignes mises à jour | 0 lignes supprimées;050;CASH CENTER ZONE 4
pos1;POS 1;2026-04-09T18:56:08.939058+00:00;790244d5-b26d-4263-9ec8-61c10f40bb22;2026-04-04T01:34:01.595075;2026-04-04T01:34:01.657699;30;import de données;supplier_order;commande fournisseur;2;succès;interne;Import commande fournisseur: | fin intégration: (790244d5-b26d-4263-9ec8-61c10f40bb22) | fichier: /srv/import/110/SugCde_2554109_20260403161525.txt | 0 lignes formatées | 0 lignes en erreurs | 0 lignes crées | 0 lignes mises à jour | 0 lignes supprimées;110;SUPER U VALLON
pos1;POS 1;2026-04-09T18:56:08.939058+00:00;2f485121-2854-45dc-b0fd-e401f5c20691;2026-04-04T01:33:01.568547;2026-04-04T01:33:01.745161;30;import de données;supplier_order;commande fournisseur;2;succès;interne;Import commande fournisseur: | fin intégration: (2f485121-2854-45dc-b0fd-e401f5c20691) | fichier: /srv/import/110/SugCde_2554108_20260403161521.txt | 0 lignes formatées | 0 lignes en erreurs | 0 lignes crées | 0 lignes mises à jour | 0 lignes supprimées;110;SUPER U VALLON
pos1;POS 1;2026-04-09T18:56:08.939058+00:00;beaf0fd9-e503-4c30-bd71-d3a134ce5ea3;2026-04-04T01:33:01.602831;2026-04-04T01:33:01.686868;30;import de données;supplier_order;commande fournisseur;2;succès;interne;Import commande fournisseur: | fin intégration: (beaf0fd9-e503-4c30-bd71-d3a134ce5ea3) | fichier: /srv/import/050/SugCde_2554144_20260403174335.txt | 0 lignes formatées | 0 lignes en erreurs | 0 lignes crées | 0 lignes mises à jour | 0 lignes supprimées;050;CASH CENTER ZONE 4
pos1;POS 1;2026-04-09T18:56:08.939058+00:00;cb1376a1-8a87-4101-99e6-e7887dae4cc9;2026-04-04T01:32:01.552439;2026-04-04T01:32:01.622826;30;import de données;supplier_order;commande fournisseur;2;succès;interne;Import commande fournisseur: | fin intégration: (cb1376a1-8a87-4101-99e6-e7887dae4cc9) | fichier: /srv/import/110/SugCde_2554107_20260403161506.txt | 0 lignes formatées | 0 lignes en erreurs | 0 lignes crées | 0 lignes mises à jour | 0 lignes supprimées;110;SUPER U VALLON
pos1;POS 1;2026-04-09T18:56:08.939058+00:00;4164d6ff-0322-4e0c-91c0-34c2a86ebade;2026-04-04T01:32:01.573584;2026-04-04T01:32:01.621451;30;import de données;supplier_order;commande fournisseur;2;succès;interne;Import commande fournisseur: | fin intégration: (4164d6ff-0322-4e0c-91c0-34c2a86ebade) | fichier: /srv/import/050/SugCde_2554143_20260403174330.txt | 0 lignes formatées | 0 lignes en erreurs | 0 lignes crées | 0 lignes mises à jour | 0 lignes supprimées;050;CASH CENTER ZONE 4
pos1;POS 1;2026-04-09T18:56:08.939058+00:00;ca446116-da58-4525-8506-9485ba930d5d;2026-04-04T01:31:01.586788;2026-04-04T01:31:01.656859;30;import de données;supplier_order;commande fournisseur;2;succès;interne;Import commande fournisseur: | fin intégration: (ca446116-da58-4525-8506-9485ba930d5d) | fichier: /srv/import/050/SugCde_2554142_20260403174323.txt | 0 lignes formatées | 0 lignes en erreurs | 0 lignes crées | 0 lignes mises à jour | 0 lignes supprimées;050;CASH CENTER ZONE 4
pos1;POS 1;2026-04-09T18:56:08.939058+00:00;f95e4e6c-d87a-4a38-87eb-36a75e0b0a9f;2026-04-04T01:31:01.551213;2026-04-04T01:31:01.647512;30;import de données;supplier_order;commande fournisseur;2;succès;interne;Import commande fournisseur: | fin intégration: (f95e4e6c-d87a-4a38-87eb-36a75e0b0a9f) | fichier: /srv/import/110/SugCde_2554106_20260403161502.txt | 0 lignes formatées | 0 lignes en erreurs | 0 lignes crées | 0 lignes mises à jour | 0 lignes supprimées;110;SUPER U VALLON
pos1;POS 1;2026-04-09T18:56:08.939058+00:00;faaeee5b-4fa7-47f4-80e4-6f14f0f75211;2026-04-04T01:30:01.569890;2026-04-04T01:30:01.670246;30;import de données;supplier_order;commande fournisseur;2;succès;interne;Import commande fournisseur: | fin intégration: (faaeee5b-4fa7-47f4-80e4-6f14f0f75211) | fichier: /srv/import/050/SugCde_2554132_20260403122923.txt | 0 lignes formatées | 0 lignes en erreurs | 0 lignes crées | 0 lignes mises à jour | 0 lignes supprimées;050;CASH CENTER ZONE 4
pos1;POS 1;2026-04-09T18:56:08.939058+00:00;8d50caf6-34bc-438b-8087-159c2af802ed;2026-04-04T01:30:01.550129;2026-04-04T01:30:01.618084;30;import de données;supplier_order;commande fournisseur;2;succès;interne;Import commande fournisseur: | fin intégration: (8d50caf6-34bc-438b-8087-159c2af802ed) | fichier: /srv/import/110/SugCde_2554105_20260403161446.txt | 0 lignes formatées | 0 lignes en erreurs | 0 lignes crées | 0 lignes mises à jour | 0 lignes supprimées;110;SUPER U VALLON
pos1;POS 1;2026-04-09T18:56:08.939058+00:00;4564a26a-c204-47b4-bdf2-f4cc099c4cf7;2026-04-04T01:29:01.592408;2026-04-04T01:29:01.699950;30;import de données;supplier_order;commande fournisseur;2;succès;interne;Import commande fournisseur: | fin intégration: (4564a26a-c204-47b4-bdf2-f4cc099c4cf7) | fichier: /srv/import/050/SugCde_2554130_20260403121349.txt | 0 lignes formatées | 0 lignes en erreurs | 0 lignes crées | 0 lignes mises à jour | 0 lignes supprimées;050;CASH CENTER ZONE 4
pos1;POS 1;2026-04-09T18:56:08.939058+00:00;7e9097d4-2cfc-4891-891b-8e45cd6ee862;2026-04-04T01:29:01.559175;2026-04-04T01:29:01.643273;30;import de données;supplier_order;commande fournisseur;2;succès;interne;Import commande fournisseur: | fin intégration: (7e9097d4-2cfc-4891-891b-8e45cd6ee862) | fichier: /srv/import/110/SugCde_2554104_20260403161437.txt | 0 lignes formatées | 0 lignes en erreurs | 0 lignes crées | 0 lignes mises à jour | 0 lignes supprimées;110;SUPER U VALLON
pos1;POS 1;2026-04-09T18:56:08.939058+00:00;1f056f63-8668-4c23-847a-a3ac35b12bbf;2026-04-04T01:28:01.543285;2026-04-04T01:28:08.193773;30;import de données;supplier_order;commande fournisseur;2;succès;interne;Import commande fournisseur: | fin intégration: (1f056f63-8668-4c23-847a-a3ac35b12bbf) | fichier: /srv/import/110/SugCde_2554096_20260403111129.txt | 318 lignes formatées | 0 lignes en erreurs | 20 lignes crées | 298 lignes mises à jour | 0 lignes supprimées;110;SUPER U VALLON
pos1;POS 1;2026-04-09T18:56:08.939058+00:00;b1ea0b20-a286-44a5-bf9c-54ee6e227c96;2026-04-04T01:28:01.556091;2026-04-04T01:28:01.602788;30;import de données;supplier_order;commande fournisseur;2;succès;interne;Import commande fournisseur: | fin intégration: (b1ea0b20-a286-44a5-bf9c-54ee6e227c96) | fichier: /srv/import/050/SugCde_2554127_20260403162115.txt | 0 lignes formatées | 0 lignes en erreurs | 0 lignes crées | 0 lignes mises à jour | 0 lignes supprimées;050;CASH CENTER ZONE 4
pos1;POS 1;2026-04-09T18:56:08.939058+00:00;84649eb4-bd12-46b1-886a-69db7d20063f;2026-04-04T01:27:01.591162;2026-04-04T01:27:01.991187;30;import de données;supplier_order;commande fournisseur;2;succès;interne;Import commande fournisseur: | fin intégration: (84649eb4-bd12-46b1-886a-69db7d20063f) | fichier: /srv/import/110/SugCde_2554090_20260403103706.txt | 13 lignes formatées | 0 lignes en erreurs | 2 lignes crées | 11 lignes mises à jour | 0 lignes supprimées;110;SUPER U VALLON
pos1;POS 1;2026-04-09T18:56:08.939058+00:00;9fcd7eaa-3ff7-4217-ba43-dc218ebc9a2f;2026-04-04T01:27:01.605890;2026-04-04T01:27:01.662834;30;import de données;supplier_order;commande fournisseur;2;succès;interne;Import commande fournisseur: | fin intégration: (9fcd7eaa-3ff7-4217-ba43-dc218ebc9a2f) | fichier: /srv/import/050/SugCde_2554126_20260403162113.txt | 0 lignes formatées | 0 lignes en erreurs | 0 lignes crées | 0 lignes mises à jour | 0 lignes supprimées;050;CASH CENTER ZONE 4
pos1;POS 1;2026-04-09T18:56:08.939058+00:00;d0f45703-a1d1-43ef-8676-547f0307f7a9;2026-04-04T01:26:01.595688;2026-04-04T01:26:04.586120;30;import de données;supplier_order;commande fournisseur;0;erreur;interne;Extrait du rapport d'import: | 2026-04-04 01:26:04,254 {'ean': [ErrorDetail(string='article 100681828 non fournit par FOURNISSEUR CENTRALE', code='invalid')]} - [D29510068182800000003383000000600000000000] | 2026-04-04 01:26:04,270 {'ean': [ErrorDetail(string='article 100681829 non fournit par FOURNISSEUR CENTRALE', code='invalid')]} - [D03510068182900000003383000000600000000000] | 2026-04-04 01:26:04,284 {'ean': [ErrorDetail(string='article 100681829 non fournit par FOURNISSEUR CENTRALE', code='invalid')]} - [D10010068182900000003383000000600000000000] | 2026-04-04 01:26:04,299 {'ean': [ErrorDetail(string='article 100681829 non fournit par FOURNISSEUR CENTRALE', code='invalid')]} - [D12010068182900000003383000000600000000000] | 2026-04-04 01:26:04,315 {'ean': [ErrorDetail(string='article 100681829 non fournit par FOURNISSEUR CENTRALE', code='invalid')]} - [D23010068182900000003383000000600000000000] | 2026-04-04 01:26:04,329 {'ean': [ErrorDetail(string='article 100681829 non fournit par FOURNISSEUR CENTRALE', code='invalid')]} - [D28110068182900000003383000000600000000000] | 2026-04-04 01:26:04,343 {'ean': [ErrorDetail(string='article 100681829 non fournit par FOURNISSEUR CENTRALE', code='invalid')]} - [D29410068182900000003383000000600000000000] | 2026-04-04 01:26:04,357 {'ean': [ErrorDetail(string='article 100681829 non fournit par FOURNISSEUR CENTRALE', code='invalid')]} - [D29510068182900000003383000000600000000000] | 2026-04-04 01:26:04,371 {'ean': [ErrorDetail(string='article 100681830 non fournit par FOURNISSEUR CENTRALE', code='invalid')]} - [D03510068183000000003586000000600000000000] | 2026-04-04 01:26:04,385 {'ean': [ErrorDetail(string='article 100681830 non fournit par FOURNISSEUR CENTRALE', code='invalid')]} - [D10010068183000000003586000000600000000000] | 2026-04-04 01:26:04,399 {'ean': [ErrorDetail(string='article 100681830 non fournit par FOURNISSEUR CENTRALE', code='invalid')]} - [D12010068183000000003586000000600000000000] | 2026-04-04 01:26:04,413 {'ean': [ErrorDetail(string='article 100681830 non fournit par FOURNISSEUR CENTRALE', code='invalid')]} - [D23010068183000000003586000000600000000000] | 2026-04-04 01:26:04,428 {'ean': [ErrorDetail(string='article 100681830 non fournit par FOURNISSEUR CENTRALE', code='invalid')]} - [D28110068183000000003586000000600000000000] | 2026-04-04 01:26:04,442 {'ean': [ErrorDetail(string='article 100681830 non fournit par FOURNISSEUR CENTRALE', code='invalid')]} - [D29410068183000000003586000000600000000000] | 2026-04-04 01:26:04,456 {'ean': [ErrorDetail(string='article 100681830 non fournit par FOURNISSEUR CENTRALE', code='invalid')]} - [D29510068183000000003586000000600000000000] | 2026-04-04 01:26:04,470 {'ean': [ErrorDetail(string='article 100681831 non fournit par FOURNISSEUR CENTRALE', code='invalid')]} - [D03510068183100000003383000000600000000000] | 2026-04-04 01:26:04,484 {'ean': [ErrorDetail(string='article 100681831 non fournit par FOURNISSEUR CENTRALE', code='invalid')]} - [D10010068183100000003383000000600000000000] | 2026-04-04 01:26:04,499 {'ean': [ErrorDetail(string='article 100681831 non fournit par FOURNISSEUR CENTRALE', code='invalid')]} - [D12010068183100000003383000000600000000000] | 2026-04-04 01:26:04,513 {'ean': [ErrorDetail(string='article 100681831 non fournit par FOURNISSEUR CENTRALE', code='invalid')]} - [D23010068183100000003383000000600000000000] | 2026-04-04 01:26:04,528 {'ean': [ErrorDetail(string='article 100681831 non fournit par FOURNISSEUR CENTRALE', code='invalid')]} - [D28110068183100000003383000000600000000000] | 2026-04-04 01:26:04,542 {'ean': [ErrorDetail(string='article 100681831 non fournit par FOURNISSEUR CENTRALE', code='invalid')]} - [D29410068183100000003383000000600000000000] | 2026-04-04 01:26:04,557 {'ean': [ErrorDetail(string='article 100681831 non fournit par FOURNISSEUR CENTRALE', code='invalid')]} - [D29510068183100000003383000000600000000000] | 2026-04-04 01:26:04,561 fin intégration: (d0f45703-a1d1-43ef-8676-547f0307f7a9) | fichier: /srv/import/110/SugCde_2554088_20260403103327.txt | 141 lignes formatées | 77 lignes en erreurs | 8 lignes crées | 56 lignes mises à jour | 0 lignes supprimées;110;SUPER U VALLON
pos1;POS 1;2026-04-09T18:56:08.939058+00:00;e3ae6cab-89c6-4199-b96f-f65b8e0b77f3;2026-04-04T01:26:01.615773;2026-04-04T01:26:01.693501;30;import de données;supplier_order;commande fournisseur;2;succès;interne;Import commande fournisseur: | fin intégration: (e3ae6cab-89c6-4199-b96f-f65b8e0b77f3) | fichier: /srv/import/050/SugCde_2554125_20260403162110.txt | 0 lignes formatées | 0 lignes en erreurs | 0 lignes crées | 0 lignes mises à jour | 0 lignes supprimées;050;CASH CENTER ZONE 4
pos1;POS 1;2026-04-09T18:56:08.939058+00:00;6c9532ba-1e15-4369-896d-31612b30566d;2026-04-04T01:25:01.545137;2026-04-04T01:25:13.799682;30;import de données;supplier_order;commande fournisseur;0;erreur;interne;Extrait du rapport d'import: | 2026-04-04 01:25:12,382 {'product': [ErrorDetail(string='Ce champ ne peut être nul.', code='null')]} - [D29510055806600000011200000000300000000000] | 2026-04-04 01:25:12,662 {'product': [ErrorDetail(string='Ce champ ne peut être nul.', code='null')]} - [D03510056845700000009600000000300000000000] | 2026-04-04 01:25:12,672 {'product': [ErrorDetail(string='Ce champ ne peut être nul.', code='null')]} - [D10010056845700000009600000000300000000000] | 2026-04-04 01:25:12,681 {'product': [ErrorDetail(string='Ce champ ne peut être nul.', code='null')]} - [D12010056845700000009600000000300000000000] | 2026-04-04 01:25:12,689 {'product': [ErrorDetail(string='Ce champ ne peut être nul.', code='null')]} - [D23010056845700000009600000000300000000000] | 2026-04-04 01:25:12,701 {'product': [ErrorDetail(string='Ce champ ne peut être nul.', code='null')]} - [D28110056845700000009600000000300000000000] | 2026-04-04 01:25:12,709 {'product': [ErrorDetail(string='Ce champ ne peut être nul.', code='null')]} - [D29410056845700000009600000000300000000000] | 2026-04-04 01:25:12,718 {'product': [ErrorDetail(string='Ce champ ne peut être nul.', code='null')]} - [D29510056845700000009600000000300000000000] | 2026-04-04 01:25:12,934 {'product': [ErrorDetail(string='Ce champ ne peut être nul.', code='null')]} - [D03510057559400000008800000000400000000000] | 2026-04-04 01:25:12,951 {'product': [ErrorDetail(string='Ce champ ne peut être nul.', code='null')]} - [D03510058089200000023051000000300000000000] | 2026-04-04 01:25:12,967 {'product': [ErrorDetail(string='Ce champ ne peut être nul.', code='null')]} - [D10010058089200000023051000000300000000000] | 2026-04-04 01:25:12,982 {'product': [ErrorDetail(string='Ce champ ne peut être nul.', code='null')]} - [D12010058089200000023051000000300000000000] | 2026-04-04 01:25:12,998 {'product': [ErrorDetail(string='Ce champ ne peut être nul.', code='null')]} - [D23010058089200000023051000000300000000000] | 2026-04-04 01:25:13,014 {'product': [ErrorDetail(string='Ce champ ne peut être nul.', code='null')]} - [D28110058089200000023051000000300000000000] | 2026-04-04 01:25:13,024 {'product': [ErrorDetail(string='Ce champ ne peut être nul.', code='null')]} - [D29410058089200000023051000000300000000000] | 2026-04-04 01:25:13,033 {'product': [ErrorDetail(string='Ce champ ne peut être nul.', code='null')]} - [D29510058089200000023051000000300000000000] | 2026-04-04 01:25:13,041 {'product': [ErrorDetail(string='Ce champ ne peut être nul.', code='null')]} - [D03510058977000000011200000000400000000000] | 2026-04-04 01:25:13,050 {'product': [ErrorDetail(string='Ce champ ne peut être nul.', code='null')]} - [D10010058977000000011200000000400000000000] | 2026-04-04 01:25:13,058 {'product': [ErrorDetail(string='Ce champ ne peut être nul.', code='null')]} - [D23010058977000000011200000000400000000000] | 2026-04-04 01:25:13,066 {'product': [ErrorDetail(string='Ce champ ne peut être nul.', code='null')]} - [D29510058977000000011200000000400000000000] | 2026-04-04 01:25:13,627 {'product': [ErrorDetail(string='Ce champ ne peut être nul.', code='null')]} - [D03510066991100000012000000000300000000000] | 2026-04-04 01:25:13,636 {'product': [ErrorDetail(string='Ce champ ne peut être nul.', code='null')]} - [D10010066991100000012000000000300000000000] | 2026-04-04 01:25:13,781 fin intégration: (6c9532ba-1e15-4369-896d-31612b30566d) | fichier: /srv/import/110/SugCde_2554087_20260403103332.txt | 705 lignes formatées | 359 lignes en erreurs | 43 lignes crées | 303 lignes mises à jour | 0 lignes supprimées;110;SUPER U VALLON
pos1;POS 1;2026-04-09T18:56:08.939058+00:00;e256f446-b32c-48b1-bb5d-4e551fc303be;2026-04-04T01:25:01.565289;2026-04-04T01:25:01.627222;30;import de données;supplier_order;commande fournisseur;2;succès;interne;Import commande fournisseur: | fin intégration: (e256f446-b32c-48b1-bb5d-4e551fc303be) | fichier: /srv/import/050/SugCde_2554124_20260403162107.txt | 0 lignes formatées | 0 lignes en erreurs | 0 lignes crées | 0 lignes mises à jour | 0 lignes supprimées;050;CASH CENTER ZONE 4
pos1;POS 1;2026-04-09T18:56:08.939058+00:00;2ec98086-3db0-48c1-8df6-14c10ce5c66b;2026-04-04T01:24:01.571858;2026-04-04T01:24:10.863020;30;import de données;supplier_order;commande fournisseur;0;erreur;interne;Extrait du rapport d'import: | 2026-04-04 01:24:09,817 {'ean': [ErrorDetail(string='article 100678301 non fournit par FOURNISSEUR CENTRALE', code='invalid')]} - [D03510067830100000010169000000600000000000] | 2026-04-04 01:24:09,840 {'ean': [ErrorDetail(string='article 100678301 non fournit par FOURNISSEUR CENTRALE', code='invalid')]} - [D10010067830100000010169000000600000000000] | 2026-04-04 01:24:09,864 {'ean': [ErrorDetail(string='article 100678301 non fournit par FOURNISSEUR CENTRALE', code='invalid')]} - [D12010067830100000010169000000600000000000] | 2026-04-04 01:24:09,895 {'ean': [ErrorDetail(string='article 100678301 non fournit par FOURNISSEUR CENTRALE', code='invalid')]} - [D23010067830100000010169000000600000000000] | 2026-04-04 01:24:09,916 {'ean': [ErrorDetail(string='article 100678301 non fournit par FOURNISSEUR CENTRALE', code='invalid')]} - [D28110067830100000010169000000600000000000] | 2026-04-04 01:24:09,931 {'ean': [ErrorDetail(string='article 100678301 non fournit par FOURNISSEUR CENTRALE', code='invalid')]} - [D29410067830100000010169000000600000000000] | 2026-04-04 01:24:09,946 {'ean': [ErrorDetail(string='article 100678301 non fournit par FOURNISSEUR CENTRALE', code='invalid')]} - [D29510067830100000010169000000600000000000] | 2026-04-04 01:24:10,719 {'product': [ErrorDetail(string='Ce champ ne peut être nul.', code='null')]} - [D03510073609600000012881000000400000000000] | 2026-04-04 01:24:10,728 {'product': [ErrorDetail(string='Ce champ ne peut être nul.', code='null')]} - [D10010073609600000012881000000400000000000] | 2026-04-04 01:24:10,737 {'product': [ErrorDetail(string='Ce champ ne peut être nul.', code='null')]} - [D12010073609600000012881000000400000000000] | 2026-04-04 01:24:10,746 {'product': [ErrorDetail(string='Ce champ ne peut être nul.', code='null')]} - [D23510073609600000012881000000400000000000] | 2026-04-04 01:24:10,754 {'product': [ErrorDetail(string='Ce champ ne peut être nul.', code='null')]} - [D28110073609600000012881000000400000000000] | 2026-04-04 01:24:10,763 {'product': [ErrorDetail(string='Ce champ ne peut être nul.', code='null')]} - [D29410073609600000012881000000400000000000] | 2026-04-04 01:24:10,772 {'product': [ErrorDetail(string='Ce champ ne peut être nul.', code='null')]} - [D29510073609600000012881000000400000000000] | 2026-04-04 01:24:10,781 {'product': [ErrorDetail(string='Ce champ ne peut être nul.', code='null')]} - [D03510073782700000012881000000400000000000] | 2026-04-04 01:24:10,791 {'product': [ErrorDetail(string='Ce champ ne peut être nul.', code='null')]} - [D10010073782700000012881000000400000000000] | 2026-04-04 01:24:10,799 {'product': [ErrorDetail(string='Ce champ ne peut être nul.', code='null')]} - [D12010073782700000012881000000400000000000] | 2026-04-04 01:24:10,807 {'product': [ErrorDetail(string='Ce champ ne peut être nul.', code='null')]} - [D23010073782700000012881000000400000000000] | 2026-04-04 01:24:10,816 {'product': [ErrorDetail(string='Ce champ ne peut être nul.', code='null')]} - [D23510073782700000012881000000400000000000] | 2026-04-04 01:24:10,824 {'product': [ErrorDetail(string='Ce champ ne peut être nul.', code='null')]} - [D28110073782700000012881000000400000000000] | 2026-04-04 01:24:10,832 {'product': [ErrorDetail(string='Ce champ ne peut être nul.', code='null')]} - [D29410073782700000012881000000400000000000] | 2026-04-04 01:24:10,841 {'product': [ErrorDetail(string='Ce champ ne peut être nul.', code='null')]} - [D29510073782700000012881000000400000000000] | 2026-04-04 01:24:10,844 fin intégration: (2ec98086-3db0-48c1-8df6-14c10ce5c66b) | fichier: /srv/import/110/SugCde_2554086_20260403103337.txt | 524 lignes formatées | 184 lignes en erreurs | 39 lignes crées | 301 lignes mises à jour | 0 lignes supprimées;110;SUPER U VALLON
pos1;POS 1;2026-04-09T18:56:08.939058+00:00;bcac6d1b-e76d-4d98-9edd-23a1e99045de;2026-04-04T01:24:01.611877;2026-04-04T01:24:01.701017;30;import de données;supplier_order;commande fournisseur;2;succès;interne;Import commande fournisseur: | fin intégration: (bcac6d1b-e76d-4d98-9edd-23a1e99045de) | fichier: /srv/import/050/SugCde_2554123_20260403162104.txt | 0 lignes formatées | 0 lignes en erreurs | 0 lignes crées | 0 lignes mises à jour | 0 lignes supprimées;050;CASH CENTER ZONE 4
pos1;POS 1;2026-04-09T18:56:08.939058+00:00;56f13b9e-5d49-4b6a-85a5-c31c374a64bd;2026-04-04T01:23:01.577578;2026-04-04T01:23:01.671870;30;import de données;supplier_order;commande fournisseur;2;succès;interne;Import commande fournisseur: | fin intégration: (56f13b9e-5d49-4b6a-85a5-c31c374a64bd) | fichier: /srv/import/050/SugCde_2554122_20260403162102.txt | 0 lignes formatées | 0 lignes en erreurs | 0 lignes crées | 0 lignes mises à jour | 0 lignes supprimées;050;CASH CENTER ZONE 4
pos1;POS 1;2026-04-09T18:56:08.939058+00:00;60a7c889-8cf4-482f-90de-1125c4c42196;2026-04-04T01:23:01.560217;2026-04-04T01:23:01.653873;30;import de données;supplier_order;commande fournisseur;2;succès;interne;Import commande fournisseur: | fin intégration: (60a7c889-8cf4-482f-90de-1125c4c42196) | fichier: /srv/import/110/SugCde_2554080_20260403094153.txt | 0 lignes formatées | 0 lignes en erreurs | 0 lignes crées | 0 lignes mises à jour | 0 lignes supprimées;110;SUPER U VALLON
pos1;POS 1;2026-04-09T18:56:08.939058+00:00;846c844a-cc0d-4a5c-9772-024b1d5cb667;2026-04-04T01:22:01.606571;2026-04-04T01:22:01.671567;30;import de données;supplier_order;commande fournisseur;2;succès;interne;Import commande fournisseur: | fin intégration: (846c844a-cc0d-4a5c-9772-024b1d5cb667) | fichier: /srv/import/050/SugCde_2554120_20260403162058.txt | 0 lignes formatées | 0 lignes en erreurs | 0 lignes crées | 0 lignes mises à jour | 0 lignes supprimées;050;CASH CENTER ZONE 4
pos1;POS 1;2026-04-09T18:56:08.939058+00:00;9572bfd7-6177-442f-b5be-767a849341aa;2026-04-04T01:22:01.575115;2026-04-04T01:22:01.652267;30;import de données;supplier_order;commande fournisseur;2;succès;interne;Import commande fournisseur: | fin intégration: (9572bfd7-6177-442f-b5be-767a849341aa) | fichier: /srv/import/110/SugCde_2554079_20260403094150.txt | 0 lignes formatées | 0 lignes en erreurs | 0 lignes crées | 0 lignes mises à jour | 0 lignes supprimées;110;SUPER U VALLON
pos1;POS 1;2026-04-09T18:56:08.939058+00:00;1c8e871e-4bb3-4248-a667-79bebd52c294;2026-04-04T01:21:01.620317;2026-04-04T01:21:01.705224;30;import de données;supplier_order;commande fournisseur;2;succès;interne;Import commande fournisseur: | fin intégration: (1c8e871e-4bb3-4248-a667-79bebd52c294) | fichier: /srv/import/050/SugCde_2554119_20260403162052.txt | 0 lignes formatées | 0 lignes en erreurs | 0 lignes crées | 0 lignes mises à jour | 0 lignes supprimées;050;CASH CENTER ZONE 4
pos1;POS 1;2026-04-09T18:56:08.939058+00:00;6ee77897-ff4a-45b6-bc21-365d175d8f97;2026-04-04T01:21:01.596022;2026-04-04T01:21:01.682137;30;import de données;supplier_order;commande fournisseur;2;succès;interne;Import commande fournisseur: | fin intégration: (6ee77897-ff4a-45b6-bc21-365d175d8f97) | fichier: /srv/import/110/SugCde_2554078_20260403094147.txt | 0 lignes formatées | 0 lignes en erreurs | 0 lignes crées | 0 lignes mises à jour | 0 lignes supprimées;110;SUPER U VALLON
pos1;POS 1;2026-04-09T18:56:08.939058+00:00;d848347f-ee50-4bf0-b54e-a4f64d2fff4f;2026-04-04T01:20:01.582257;2026-04-04T01:20:01.827140;30;import de données;supplier_order;commande fournisseur;0;erreur;interne;Extrait du rapport d'import: | 2026-04-04 01:20:01,561 fichier present: (['SugCde_2554122_20260403162102.txt', 'SugCde_2554117_20260403162044.txt', 'SugCde_2554096_20260403111129.txt', 'SugCde_2554146_20260403174345.txt', 'SugCde_2554087_20260403103332.txt', 'SugCde_2554114_20260403161717.txt', 'SugCde_2554145_20260403174340.txt', 'SugCde_2554149_20260403174359.txt', 'SugCde_2554132_20260403122923.txt', 'SugCde_2554123_20260403162104.txt', 'SugCde_2554147_20260403174349.txt', 'SugCde_2554142_20260403174323.txt', 'SugCde_2554080_20260403094153.txt', 'SugCde_2554127_20260403162115.txt', 'SugCde_2554090_20260403103706.txt', 'SugCde_2554120_20260403162058.txt', 'SugCde_2554125_20260403162110.txt', 'SugCde_2554108_20260403161521.txt', 'SugCde_2554126_20260403162113.txt', 'SugCde_2554143_20260403174330.txt', 'SugCde_2554112_20260403161624.txt', 'SugCde_2554150_20260403174402.txt', 'SugCde_2554111_20260403161620.txt', 'SugCde_2554109_20260403161525.txt', 'SugCde_2554086_20260403103337.txt', 'SugCde_2554115_20260403161955.txt', 'SugCde_2554124_20260403162107.txt', 'SugCde_2554105_20260403161446.txt', 'SugCde_2554078_20260403094147.txt', 'SugCde_2554077_20260403094143.txt', 'SugCde_2554107_20260403161506.txt', 'SugCde_2554104_20260403161437.txt', 'SugCde_2554144_20260403174335.txt', 'SugCde_2554088_20260403103327.txt', 'SugCde_2554106_20260403161502.txt', 'SugCde_2554079_20260403094150.txt', 'SugCde_2554119_20260403162052.txt', 'SugCde_2554110_20260403161613.txt', 'SugCde_2554116_20260403162039.txt', 'SugCde_2554118_20260403162048.txt', 'SugCde_2554130_20260403121349.txt', 'SugCde_2554148_20260403174354.txt'] - supplier_order) dans /srv/import/110/ | 2026-04-04 01:20:01,563 21 lignes lu dans le fichier /srv/import/110/SugCde_2554077_20260403094143.txt | 2026-04-04 01:20:01,563 lancement intégration: (7570f8d7-9247-49a7-9c65-18eed19f3063) | 2026-04-04 01:20:01,574 fichier present: (['SugCde_2554122_20260403162102.txt', 'SugCde_2554146_20260403174345.txt', 'SugCde_2554145_20260403174340.txt', 'SugCde_2554149_20260403174359.txt', 'SugCde_2554132_20260403122923.txt', 'SugCde_2554123_20260403162104.txt', 'SugCde_2554147_20260403174349.txt', 'SugCde_2554142_20260403174323.txt', 'SugCde_2554127_20260403162115.txt', 'SugCde_2554120_20260403162058.txt', 'SugCde_2554125_20260403162110.txt', 'SugCde_2554126_20260403162113.txt', 'SugCde_2554143_20260403174330.txt', 'SugCde_2554150_20260403174402.txt', 'SugCde_2554124_20260403162107.txt', 'SugCde_2554144_20260403174335.txt', 'SugCde_2554119_20260403162052.txt', 'SugCde_2554118_20260403162048.txt', 'SugCde_2554130_20260403121349.txt', 'SugCde_2554148_20260403174354.txt'] - supplier_order) dans /srv/import/050/ | 2026-04-04 01:20:01,581 8 lignes lu dans le fichier /srv/import/050/SugCde_2554118_20260403162048.txt | 2026-04-04 01:20:01,581 lancement intégration: (d848347f-ee50-4bf0-b54e-a4f64d2fff4f) | 2026-04-04 01:20:01,621 fin intégration: (7570f8d7-9247-49a7-9c65-18eed19f3063) | fichier: /srv/import/110/SugCde_2554077_20260403094143.txt | 0 lignes formatées | 0 lignes en erreurs | 0 lignes crées | 0 lignes mises à jour | 0 lignes supprimées | 2026-04-04 01:20:01,709 {'product': [ErrorDetail(string='Ce champ ne peut être nul.', code='null')]} - [D03510001172500000002034000000600000000000] | 2026-04-04 01:20:01,718 {'product': [ErrorDetail(string='Ce champ ne peut être nul.', code='null')]} - [D04010001172500000002034000000100000000000] | 2026-04-04 01:20:01,727 {'product': [ErrorDetail(string='Ce champ ne peut être nul.', code='null')]} - [D10010001172500000002034000000100000000000] | 2026-04-04 01:20:01,737 {'product': [ErrorDetail(string='Ce champ ne peut être nul.', code='null')]} - [D23010001172500000002034000000100000000000] | 2026-04-04 01:20:01,746 {'product': [ErrorDetail(string='Ce champ ne peut être nul.', code='null')]} - [D23510001172500000002034000000600000000000] | 2026-04-04 01:20:01,756 {'product': [ErrorDetail(string='Ce champ ne peut être nul.', code='null')]} - [D29510001172500000002034000000600000000000] | 2026-04-04 01:20:01,765 {'product': [ErrorDetail(string='Ce champ ne peut être nul.', code='null')]} - [D30210001172500000002034000000100000000000] | 2026-04-04 01:20:01,768 fin intégration: (d848347f-ee50-4bf0-b54e-a4f64d2fff4f) | fichier: /srv/import/050/SugCde_2554118_20260403162048.txt | 8 lignes formatées | 7 lignes en erreurs | 1 lignes crées | 0 lignes mises à jour | 0 lignes supprimées;050;CASH CENTER ZONE 4
pos1;POS 1;2026-04-09T18:56:08.939058+00:00;7570f8d7-9247-49a7-9c65-18eed19f3063;2026-04-04T01:20:01.564307;2026-04-04T01:20:01.624914;30;import de données;supplier_order;commande fournisseur;2;succès;interne;Import commande fournisseur: | fin intégration: (7570f8d7-9247-49a7-9c65-18eed19f3063) | fichier: /srv/import/110/SugCde_2554077_20260403094143.txt | 0 lignes formatées | 0 lignes en erreurs | 0 lignes crées | 0 lignes mises à jour | 0 lignes supprimées;110;SUPER U VALLON
pos1;POS 1;2026-04-09T18:56:08.939058+00:00;8d6c6f0f-b83f-46db-90fc-1040c41b05d3;2026-04-04T01:19:01.612214;2026-04-04T01:19:01.706041;30;import de données;supplier_order;commande fournisseur;2;succès;interne;Import commande fournisseur: | fin intégration: (8d6c6f0f-b83f-46db-90fc-1040c41b05d3) | fichier: /srv/import/050/SugCde_2554117_20260403162044.txt | 0 lignes formatées | 0 lignes en erreurs | 0 lignes crées | 0 lignes mises à jour | 0 lignes supprimées;050;CASH CENTER ZONE 4
pos1;POS 1;2026-04-09T18:56:08.939058+00:00;0469be8d-836b-4157-b117-48228429dd4c;2026-04-04T01:19:01.589313;2026-04-04T01:19:01.684786;30;import de données;supplier_order;commande fournisseur;2;succès;interne;Import commande fournisseur: | fin intégration: (0469be8d-836b-4157-b117-48228429dd4c) | fichier: /srv/import/110/SugCde_2554076_20260403094140.txt | 0 lignes formatées | 0 lignes en erreurs | 0 lignes crées | 0 lignes mises à jour | 0 lignes supprimées;110;SUPER U VALLON
pos1;POS 1;2026-04-09T18:56:08.939058+00:00;b76e0bde-f45d-4467-b59b-fbe1f9e19532;2026-04-04T01:18:01.538352;2026-04-04T01:18:02.415478;30;import de données;supplier_order;commande fournisseur;0;erreur;interne;Extrait du rapport d'import: | 14 lignes crées | 191 lignes mises à jour | 0 lignes supprimées | 2026-04-04 01:18:01,535 fichier present: (['SugCde_2554122_20260403162102.txt', 'SugCde_2554117_20260403162044.txt', 'SugCde_2554096_20260403111129.txt', 'SugCde_2554146_20260403174345.txt', 'SugCde_2554087_20260403103332.txt', 'SugCde_2554114_20260403161717.txt', 'SugCde_2554145_20260403174340.txt', 'SugCde_2554149_20260403174359.txt', 'SugCde_2554076_20260403094140.txt', 'SugCde_2554132_20260403122923.txt', 'SugCde_2554123_20260403162104.txt', 'SugCde_2554147_20260403174349.txt', 'SugCde_2554142_20260403174323.txt', 'SugCde_2554080_20260403094153.txt', 'SugCde_2554127_20260403162115.txt', 'SugCde_2554090_20260403103706.txt', 'SugCde_2554120_20260403162058.txt', 'SugCde_2554125_20260403162110.txt', 'SugCde_2554108_20260403161521.txt', 'SugCde_2554075_20260403094135.txt', 'SugCde_2554126_20260403162113.txt', 'SugCde_2554143_20260403174330.txt', 'SugCde_2554112_20260403161624.txt', 'SugCde_2554150_20260403174402.txt', 'SugCde_2554111_20260403161620.txt', 'SugCde_2554109_20260403161525.txt', 'SugCde_2554086_20260403103337.txt', 'SugCde_2554115_20260403161955.txt', 'SugCde_2554124_20260403162107.txt', 'SugCde_2554105_20260403161446.txt', 'SugCde_2554078_20260403094147.txt', 'SugCde_2554077_20260403094143.txt', 'SugCde_2554107_20260403161506.txt', 'SugCde_2554104_20260403161437.txt', 'SugCde_2554144_20260403174335.txt', 'SugCde_2554088_20260403103327.txt', 'SugCde_2554106_20260403161502.txt', 'SugCde_2554079_20260403094150.txt', 'SugCde_2554119_20260403162052.txt', 'SugCde_2554110_20260403161613.txt', 'SugCde_2554116_20260403162039.txt', 'SugCde_2554118_20260403162048.txt', 'SugCde_2554130_20260403121349.txt', 'SugCde_2554148_20260403174354.txt'] - supplier_order) dans /srv/import/110/ | 2026-04-04 01:18:01,537 28 lignes lu dans le fichier /srv/import/110/SugCde_2554075_20260403094135.txt | 2026-04-04 01:18:01,537 lancement intégration: (b76e0bde-f45d-4467-b59b-fbe1f9e19532) | 2026-04-04 01:18:01,552 fichier present: (['SugCde_2554122_20260403162102.txt', 'SugCde_2554117_20260403162044.txt', 'SugCde_2554146_20260403174345.txt', 'SugCde_2554145_20260403174340.txt', 'SugCde_2554149_20260403174359.txt', 'SugCde_2554132_20260403122923.txt', 'SugCde_2554123_20260403162104.txt', 'SugCde_2554147_20260403174349.txt', 'SugCde_2554142_20260403174323.txt', 'SugCde_2554127_20260403162115.txt', 'SugCde_2554120_20260403162058.txt', 'SugCde_2554125_20260403162110.txt', 'SugCde_2554126_20260403162113.txt', 'SugCde_2554143_20260403174330.txt', 'SugCde_2554150_20260403174402.txt', 'SugCde_2554124_20260403162107.txt', 'SugCde_2554144_20260403174335.txt', 'SugCde_2554119_20260403162052.txt', 'SugCde_2554116_20260403162039.txt', 'SugCde_2554118_20260403162048.txt', 'SugCde_2554130_20260403121349.txt', 'SugCde_2554148_20260403174354.txt'] - supplier_order) dans /srv/import/050/ | 2026-04-04 01:18:01,557 18 lignes lu dans le fichier /srv/import/050/SugCde_2554116_20260403162039.txt | 2026-04-04 01:18:01,557 lancement intégration: (347f8fd7-263e-452a-b519-f0147bb272c8) | 2026-04-04 01:18:02,293 {'product': [ErrorDetail(string='Ce champ ne peut être nul.', code='null')]} - [D03510066175700000009485000001000000000000] | 2026-04-04 01:18:02,307 {'product': [ErrorDetail(string='Ce champ ne peut être nul.', code='null')]} - [D10010066175700000009485000001000000000000] | 2026-04-04 01:18:02,323 {'product': [ErrorDetail(string='Ce champ ne peut être nul.', code='null')]} - [D23010066175700000009485000001000000000000] | 2026-04-04 01:18:02,340 {'product': [ErrorDetail(string='Ce champ ne peut être nul.', code='null')]} - [D29510066175700000009485000001000000000000] | 2026-04-04 01:18:02,348 fin intégration: (b76e0bde-f45d-4467-b59b-fbe1f9e19532) | fichier: /srv/import/110/SugCde_2554075_20260403094135.txt | 28 lignes formatées | 4 lignes en erreurs | 3 lignes crées | 21 lignes mises à jour | 0 lignes supprimées | 2026-04-04 01:18:02,356 fin intégration: (347f8fd7-263e-452a-b519-f0147bb272c8) | fichier: /srv/import/050/SugCde_2554116_20260403162039.txt | 18 lignes formatées | 0 lignes en erreurs | 2 lignes crées | 16 lignes mises à jour | 0 lignes supprimées;110;SUPER U VALLON
pos1;POS 1;2026-04-09T18:56:08.939058+00:00;347f8fd7-263e-452a-b519-f0147bb272c8;2026-04-04T01:18:01.558077;2026-04-04T01:18:02.361152;30;import de données;supplier_order;commande fournisseur;2;succès;interne;Import commande fournisseur: | fin intégration: (347f8fd7-263e-452a-b519-f0147bb272c8) | fichier: /srv/import/050/SugCde_2554116_20260403162039.txt | 18 lignes formatées | 0 lignes en erreurs | 2 lignes crées | 16 lignes mises à jour | 0 lignes supprimées;050;CASH CENTER ZONE 4
pos1;POS 1;2026-04-09T18:56:08.939058+00:00;a66ca232-94ee-4c58-9860-3e16f3ff0f12;2026-04-04T01:17:01.537233;2026-04-04T01:17:06.765048;30;import de données;supplier_order;commande fournisseur;0;erreur;interne;Extrait du rapport d'import: | 2026-04-04 01:17:01,536 lancement intégration: (a66ca232-94ee-4c58-9860-3e16f3ff0f12) | 2026-04-04 01:17:01,557 fichier present: (['SugCde_2554122_20260403162102.txt', 'SugCde_2554117_20260403162044.txt', 'SugCde_2554146_20260403174345.txt', 'SugCde_2554145_20260403174340.txt', 'SugCde_2554149_20260403174359.txt', 'SugCde_2554132_20260403122923.txt', 'SugCde_2554123_20260403162104.txt', 'SugCde_2554147_20260403174349.txt', 'SugCde_2554142_20260403174323.txt', 'SugCde_2554127_20260403162115.txt', 'SugCde_2554120_20260403162058.txt', 'SugCde_2554125_20260403162110.txt', 'SugCde_2554126_20260403162113.txt', 'SugCde_2554143_20260403174330.txt', 'SugCde_2554150_20260403174402.txt', 'SugCde_2554115_20260403161955.txt', 'SugCde_2554124_20260403162107.txt', 'SugCde_2554144_20260403174335.txt', 'SugCde_2554119_20260403162052.txt', 'SugCde_2554116_20260403162039.txt', 'SugCde_2554118_20260403162048.txt', 'SugCde_2554130_20260403121349.txt', 'SugCde_2554148_20260403174354.txt'] - supplier_order) dans /srv/import/050/ | 2026-04-04 01:17:01,567 633 lignes lu dans le fichier /srv/import/050/SugCde_2554115_20260403161955.txt | 2026-04-04 01:17:01,567 lancement intégration: (4a193ecb-1cd4-4e8e-99c8-d943f9cf6ae4) | 2026-04-04 01:17:01,629 fin intégration: (4a193ecb-1cd4-4e8e-99c8-d943f9cf6ae4) | fichier: /srv/import/050/SugCde_2554115_20260403161955.txt | 0 lignes formatées | 0 lignes en erreurs | 0 lignes crées | 0 lignes mises à jour | 0 lignes supprimées | 2026-04-04 01:17:04,074 {'product': [ErrorDetail(string='Ce champ ne peut être nul.', code='null')]} - [D03510065136600000004068000000700000000000] | 2026-04-04 01:17:04,083 {'product': [ErrorDetail(string='Ce champ ne peut être nul.', code='null')]} - [D10010065136600000004068000000700000000000] | 2026-04-04 01:17:04,092 {'product': [ErrorDetail(string='Ce champ ne peut être nul.', code='null')]} - [D23010065136600000004068000000700000000000] | 2026-04-04 01:17:04,101 {'product': [ErrorDetail(string='Ce champ ne peut être nul.', code='null')]} - [D29510065136600000004068000000700000000000] | 2026-04-04 01:17:04,109 {'product': [ErrorDetail(string='Ce champ ne peut être nul.', code='null')]} - [D30210065136600000004068000000700000000000] | 2026-04-04 01:17:04,117 {'product': [ErrorDetail(string='Ce champ ne peut être nul.', code='null')]} - [D03510065136900000004068000000700000000000] | 2026-04-04 01:17:04,129 {'product': [ErrorDetail(string='Ce champ ne peut être nul.', code='null')]} - [D10010065136900000004068000000700000000000] | 2026-04-04 01:17:04,138 {'product': [ErrorDetail(string='Ce champ ne peut être nul.', code='null')]} - [D23010065136900000004068000000700000000000] | 2026-04-04 01:17:04,147 {'product': [ErrorDetail(string='Ce champ ne peut être nul.', code='null')]} - [D29510065136900000004068000000700000000000] | 2026-04-04 01:17:04,155 {'product': [ErrorDetail(string='Ce champ ne peut être nul.', code='null')]} - [D30210065136900000004068000000700000000000] | 2026-04-04 01:17:06,739 fin intégration: (a66ca232-94ee-4c58-9860-3e16f3ff0f12) | fichier: /srv/import/110/SugCde_2554074_20260403094130.txt | 215 lignes formatées | 10 lignes en erreurs | 14 lignes crées | 191 lignes mises à jour | 0 lignes supprimées;110;SUPER U VALLON
pos1;POS 1;2026-04-09T18:56:08.939058+00:00;4a193ecb-1cd4-4e8e-99c8-d943f9cf6ae4;2026-04-04T01:17:01.568058;2026-04-04T01:17:01.632372;30;import de données;supplier_order;commande fournisseur;2;succès;interne;Import commande fournisseur: | fin intégration: (4a193ecb-1cd4-4e8e-99c8-d943f9cf6ae4) | fichier: /srv/import/050/SugCde_2554115_20260403161955.txt | 0 lignes formatées | 0 lignes en erreurs | 0 lignes crées | 0 lignes mises à jour | 0 lignes supprimées;050;CASH CENTER ZONE 4
pos1;POS 1;2026-04-09T18:56:08.939058+00:00;333ad50f-a4c6-4598-886a-fba5fe71ac7e;2026-04-04T01:16:01.565697;2026-04-04T01:16:02.142461;30;import de données;supplier_order;commande fournisseur;2;succès;interne;Import commande fournisseur: | fin intégration: (333ad50f-a4c6-4598-886a-fba5fe71ac7e) | fichier: /srv/import/110/SugCde_2554073_20260403094121.txt | 20 lignes formatées | 0 lignes en erreurs | 2 lignes crées | 18 lignes mises à jour | 0 lignes supprimées;110;SUPER U VALLON
pos1;POS 1;2026-04-09T18:56:08.939058+00:00;e715bd53-51d6-4cda-a302-56715a169703;2026-04-04T01:16:01.588638;2026-04-04T01:16:01.662536;30;import de données;supplier_order;commande fournisseur;2;succès;interne;Import commande fournisseur: | fin intégration: (e715bd53-51d6-4cda-a302-56715a169703) | fichier: /srv/import/050/SugCde_2554114_20260403161717.txt | 0 lignes formatées | 0 lignes en erreurs | 0 lignes crées | 0 lignes mises à jour | 0 lignes supprimées;050;CASH CENTER ZONE 4
pos1;POS 1;2026-04-09T18:56:08.939058+00:00;0dac647d-77a7-4b38-93aa-376b88844c45;2026-04-04T01:15:01.536363;2026-04-04T01:15:02.190451;30;import de données;supplier_pre_order;pré-commande fournisseur;0;erreur;interne;Extrait du rapport d'import: | 2026-04-04 01:15:01,533 fichier present: (['Cmdpro_UFBR_20260403195611.txt'] - supplier_pre_order) dans /srv/import/110/ | 2026-04-04 01:15:01,535 27 lignes lu dans le fichier /srv/import/110/Cmdpro_UFBR_20260403195611.txt | 2026-04-04 01:15:01,535 lancement intégration: (0dac647d-77a7-4b38-93aa-376b88844c45) | 2026-04-04 01:15:01,552 fichier present: (['SugCde_2554122_20260403162102.txt', 'SugCde_2554117_20260403162044.txt', 'SugCde_2554096_20260403111129.txt', 'SugCde_2554146_20260403174345.txt', 'SugCde_2554087_20260403103332.txt', 'SugCde_2554114_20260403161717.txt', 'SugCde_2554145_20260403174340.txt', 'SugCde_2554149_20260403174359.txt', 'SugCde_2554076_20260403094140.txt', 'SugCde_2554132_20260403122923.txt', 'SugCde_2554123_20260403162104.txt', 'SugCde_2554147_20260403174349.txt', 'SugCde_2554142_20260403174323.txt', 'SugCde_2554080_20260403094153.txt', 'SugCde_2554127_20260403162115.txt', 'SugCde_2554090_20260403103706.txt', 'SugCde_2554120_20260403162058.txt', 'SugCde_2554125_20260403162110.txt', 'SugCde_2554108_20260403161521.txt', 'SugCde_2554075_20260403094135.txt', 'SugCde_2554126_20260403162113.txt', 'SugCde_2554143_20260403174330.txt', 'SugCde_2554112_20260403161624.txt', 'SugCde_2554150_20260403174402.txt', 'SugCde_2554111_20260403161620.txt', 'SugCde_2554109_20260403161525.txt', 'SugCde_2554086_20260403103337.txt', 'SugCde_2554115_20260403161955.txt', 'SugCde_2554124_20260403162107.txt', 'SugCde_2554105_20260403161446.txt', 'SugCde_2554073_20260403094121.txt', 'SugCde_2554078_20260403094147.txt', 'SugCde_2554077_20260403094143.txt', 'SugCde_2554107_20260403161506.txt', 'SugCde_2554104_20260403161437.txt', 'SugCde_2554144_20260403174335.txt', 'SugCde_2554088_20260403103327.txt', 'SugCde_2554074_20260403094130.txt', 'SugCde_2554106_20260403161502.txt', 'SugCde_2554079_20260403094150.txt', 'SugCde_2554119_20260403162052.txt', 'SugCde_2554110_20260403161613.txt', 'SugCde_2554116_20260403162039.txt', 'SugCde_2554118_20260403162048.txt', 'SugCde_2554130_20260403121349.txt', 'SugCde_2554148_20260403174354.txt'] - supplier_order) dans /srv/import/110/ | 2026-04-04 01:15:01,556 import déjà en cours {mutex:MTX_PRODUCT}, fichier ignoré | 2026-04-04 01:15:01,558 fichier present: (['SugCde_2554122_20260403162102.txt', 'SugCde_2554117_20260403162044.txt', 'SugCde_2554146_20260403174345.txt', 'SugCde_2554114_20260403161717.txt', 'SugCde_2554145_20260403174340.txt', 'SugCde_2554149_20260403174359.txt', 'SugCde_2554132_20260403122923.txt', 'SugCde_2554123_20260403162104.txt', 'SugCde_2554147_20260403174349.txt', 'SugCde_2554142_20260403174323.txt', 'SugCde_2554127_20260403162115.txt', 'SugCde_2554120_20260403162058.txt', 'SugCde_2554125_20260403162110.txt', 'SugCde_2554126_20260403162113.txt', 'SugCde_2554143_20260403174330.txt', 'SugCde_2554112_20260403161624.txt', 'SugCde_2554150_20260403174402.txt', 'SugCde_2554115_20260403161955.txt', 'SugCde_2554124_20260403162107.txt', 'SugCde_2554144_20260403174335.txt', 'SugCde_2554119_20260403162052.txt', 'SugCde_2554116_20260403162039.txt', 'SugCde_2554118_20260403162048.txt', 'SugCde_2554130_20260403121349.txt', 'SugCde_2554148_20260403174354.txt'] - supplier_order) dans /srv/import/050/ | 2026-04-04 01:15:01,561 13 lignes lu dans le fichier /srv/import/050/SugCde_2554112_20260403161624.txt | 2026-04-04 01:15:01,561 lancement intégration: (8eaf69a4-ac5c-4b25-94cd-ac854928b97b) | 2026-04-04 01:15:01,606 fin intégration: (8eaf69a4-ac5c-4b25-94cd-ac854928b97b) | fichier: /srv/import/050/SugCde_2554112_20260403161624.txt | 0 lignes formatées | 0 lignes en erreurs | 0 lignes crées | 0 lignes mises à jour | 0 lignes supprimées | 2026-04-04 01:15:01,760 {'ean': [ErrorDetail(string='Article non commandable', code='invalid')]} - [MD10032446000002799.000] | 2026-04-04 01:15:01,806 {'ean': [ErrorDetail(string='Article non commandable', code='invalid')]} - [MD10046778300002499.000] | 2026-04-04 01:15:01,832 {'product': [ErrorDetail(string='Ce champ ne peut être nul.', code='null')]} - [MD10064550200002557.000] | 2026-04-04 01:15:01,843 {'product': [ErrorDetail(string='Ce champ ne peut être nul.', code='null')]} - [MD10064551100002600.000] | 2026-04-04 01:15:01,875 {'ean': [ErrorDetail(string='Article non commandable', code='invalid')]} - [MD10065734000002336.000] | 2026-04-04 01:15:02,172 fin intégration: (0dac647d-77a7-4b38-93aa-376b88844c45) | fichier: /srv/import/110/Cmdpro_UFBR_20260403195611.txt | 27 lignes formatées | 5 lignes en erreurs | 0 lignes crées | 22 lignes mises à jour | 0 lignes supprimées;110;SUPER U VALLON
pos1;POS 1;2026-04-09T18:56:08.939058+00:00;8eaf69a4-ac5c-4b25-94cd-ac854928b97b;2026-04-04T01:15:01.561883;2026-04-04T01:15:01.608237;30;import de données;supplier_order;commande fournisseur;2;succès;interne;Import commande fournisseur: | fin intégration: (8eaf69a4-ac5c-4b25-94cd-ac854928b97b) | fichier: /srv/import/050/SugCde_2554112_20260403161624.txt | 0 lignes formatées | 0 lignes en erreurs | 0 lignes crées | 0 lignes mises à jour | 0 lignes supprimées;050;CASH CENTER ZONE 4
pos1;POS 1;2026-04-09T18:56:08.939058+00:00;45b690a8-c52f-4e91-ab23-2ee30f90f712;2026-04-04T01:14:01.604574;2026-04-04T01:14:01.683673;30;import de données;supplier_order;commande fournisseur;2;succès;interne;Import commande fournisseur: | fin intégration: (45b690a8-c52f-4e91-ab23-2ee30f90f712) | fichier: /srv/import/050/SugCde_2554111_20260403161620.txt | 0 lignes formatées | 0 lignes en erreurs | 0 lignes crées | 0 lignes mises à jour | 0 lignes supprimées;050;CASH CENTER ZONE 4
pos1;POS 1;2026-04-09T18:56:08.939058+00:00;5860afdb-5c7b-4701-96e4-6035c97a221b;2026-04-04T01:14:01.568473;2026-04-04T01:14:01.655527;30;import de données;supplier_pre_order;pré-commande fournisseur;2;succès;interne;Import pré-commande fournisseur: | fin intégration: (5860afdb-5c7b-4701-96e4-6035c97a221b) | fichier: /srv/import/110/Cmdpro_TLUM_20260403195611.txt | 0 lignes formatées | 0 lignes en erreurs | 0 lignes crées | 0 lignes mises à jour | 0 lignes supprimées;110;SUPER U VALLON
pos1;POS 1;2026-04-09T18:56:08.939058+00:00;05982089-009d-4ca2-a514-3d853201f823;2026-04-04T01:13:01.576200;2026-04-04T01:13:01.724115;30;import de données;supplier_pre_order;pré-commande fournisseur;2;succès;interne;Import pré-commande fournisseur: | fin intégration: (05982089-009d-4ca2-a514-3d853201f823) | fichier: /srv/import/110/Cmdpro_PVIN_20260403195605.txt | 2 lignes formatées | 0 lignes en erreurs | 1 lignes crées | 1 lignes mises à jour | 0 lignes supprimées;110;SUPER U VALLON
pos1;POS 1;2026-04-09T18:56:08.939058+00:00;c55c1398-2f85-49c1-8011-f470858aef9c;2026-04-04T01:13:01.602527;2026-04-04T01:13:01.694949;30;import de données;supplier_order;commande fournisseur;2;succès;interne;Import commande fournisseur: | fin intégration: (c55c1398-2f85-49c1-8011-f470858aef9c) | fichier: /srv/import/050/SugCde_2554110_20260403161613.txt | 0 lignes formatées | 0 lignes en erreurs | 0 lignes crées | 0 lignes mises à jour | 0 lignes supprimées;050;CASH CENTER ZONE 4
pos1;POS 1;2026-04-09T18:56:08.939058+00:00;868877bb-a867-42f1-83b5-c5c1fe153f87;2026-04-04T01:12:01.566994;2026-04-04T01:12:01.778051;30;import de données;supplier_pre_order;pré-commande fournisseur;2;succès;interne;Import pré-commande fournisseur: | fin intégration: (868877bb-a867-42f1-83b5-c5c1fe153f87) | fichier: /srv/import/110/Cmdpro_PP13_20260403195605.txt | 4 lignes formatées | 0 lignes en erreurs | 1 lignes crées | 2 lignes mises à jour | 0 lignes supprimées;110;SUPER U VALLON
pos1;POS 1;2026-04-09T18:56:08.939058+00:00;2d5416d2-1cd9-44b8-943e-da703ce67ca0;2026-04-04T01:12:01.610787;2026-04-04T01:12:01.662426;30;import de données;supplier_order;commande fournisseur;2;succès;interne;Import commande fournisseur: | fin intégration: (2d5416d2-1cd9-44b8-943e-da703ce67ca0) | fichier: /srv/import/050/SugCde_2554109_20260403161525.txt | 0 lignes formatées | 0 lignes en erreurs | 0 lignes crées | 0 lignes mises à jour | 0 lignes supprimées;050;CASH CENTER ZONE 4
pos1;POS 1;2026-04-09T18:56:08.939058+00:00;b2b6bebe-d96a-4edc-b748-0a004299a255;2026-04-04T01:11:01.551968;2026-04-04T01:11:03.928107;30;import de données;supplier_pre_order;pré-commande fournisseur;2;succès;interne;Import pré-commande fournisseur: | fin intégration: (b2b6bebe-d96a-4edc-b748-0a004299a255) | fichier: /srv/import/110/Cmdpro_PP12_20260403195604.txt | 83 lignes formatées | 0 lignes en erreurs | 0 lignes crées | 81 lignes mises à jour | 2 lignes supprimées;110;SUPER U VALLON
pos1;POS 1;2026-04-09T18:56:08.939058+00:00;d341c747-10aa-4686-8127-9ab9b6ac6812;2026-04-04T01:11:01.600600;2026-04-04T01:11:01.771742;30;import de données;supplier_order;commande fournisseur;2;succès;interne;Import commande fournisseur: | fin intégration: (d341c747-10aa-4686-8127-9ab9b6ac6812) | fichier: /srv/import/050/SugCde_2554108_20260403161521.txt | 0 lignes formatées | 0 lignes en erreurs | 0 lignes crées | 0 lignes mises à jour | 0 lignes supprimées;050;CASH CENTER ZONE 4
pos1;POS 1;2026-04-09T18:56:08.939058+00:00;6111c2b3-34a9-468e-a71a-fdcfcfbffc22;2026-04-04T01:10:01.574066;2026-04-04T01:10:03.913030;30;import de données;supplier_pre_order;pré-commande fournisseur;0;erreur;interne;Extrait du rapport d'import: | 0 lignes en erreurs | 0 lignes crées | 0 lignes mises à jour | 0 lignes supprimées | 2026-04-04 01:10:01,562 fichier present: (['Cmdpro_PVIN_20260403195605.txt', 'Cmdpro_PP11_20260403195604.txt', 'Cmdpro_PP13_20260403195605.txt', 'Cmdpro_UFBR_20260403195611.txt', 'Cmdpro_TLUM_20260403195611.txt', 'Cmdpro_PP12_20260403195604.txt'] - supplier_pre_order) dans /srv/import/110/ | 2026-04-04 01:10:01,573 118 lignes lu dans le fichier /srv/import/110/Cmdpro_PP11_20260403195604.txt | 2026-04-04 01:10:01,573 lancement intégration: (6111c2b3-34a9-468e-a71a-fdcfcfbffc22) | 2026-04-04 01:10:01,590 fichier present: (['SugCde_2554122_20260403162102.txt', 'SugCde_2554117_20260403162044.txt', 'SugCde_2554096_20260403111129.txt', 'SugCde_2554146_20260403174345.txt', 'SugCde_2554087_20260403103332.txt', 'SugCde_2554114_20260403161717.txt', 'SugCde_2554145_20260403174340.txt', 'SugCde_2554149_20260403174359.txt', 'SugCde_2554076_20260403094140.txt', 'SugCde_2554132_20260403122923.txt', 'SugCde_2554123_20260403162104.txt', 'SugCde_2554147_20260403174349.txt', 'SugCde_2554142_20260403174323.txt', 'SugCde_2554080_20260403094153.txt', 'SugCde_2554127_20260403162115.txt', 'SugCde_2554090_20260403103706.txt', 'SugCde_2554120_20260403162058.txt', 'SugCde_2554125_20260403162110.txt', 'SugCde_2554108_20260403161521.txt', 'SugCde_2554075_20260403094135.txt', 'SugCde_2554126_20260403162113.txt', 'SugCde_2554143_20260403174330.txt', 'SugCde_2554112_20260403161624.txt', 'SugCde_2554150_20260403174402.txt', 'SugCde_2554111_20260403161620.txt', 'SugCde_2554109_20260403161525.txt', 'SugCde_2554086_20260403103337.txt', 'SugCde_2554115_20260403161955.txt', 'SugCde_2554124_20260403162107.txt', 'SugCde_2554105_20260403161446.txt', 'SugCde_2554073_20260403094121.txt', 'SugCde_2554078_20260403094147.txt', 'SugCde_2554077_20260403094143.txt', 'SugCde_2554107_20260403161506.txt', 'SugCde_2554104_20260403161437.txt', 'SugCde_2554144_20260403174335.txt', 'SugCde_2554088_20260403103327.txt', 'SugCde_2554074_20260403094130.txt', 'SugCde_2554106_20260403161502.txt', 'SugCde_2554079_20260403094150.txt', 'SugCde_2554119_20260403162052.txt', 'SugCde_2554110_20260403161613.txt', 'SugCde_2554116_20260403162039.txt', 'SugCde_2554118_20260403162048.txt', 'SugCde_2554130_20260403121349.txt', 'SugCde_2554148_20260403174354.txt'] - supplier_order) dans /srv/import/110/ | 2026-04-04 01:10:01,590 import déjà en cours {mutex:MTX_PRODUCT}, fichier ignoré | 2026-04-04 01:10:01,602 fichier present: (['SugCde_2554122_20260403162102.txt', 'SugCde_2554117_20260403162044.txt', 'SugCde_2554146_20260403174345.txt', 'SugCde_2554114_20260403161717.txt', 'SugCde_2554145_20260403174340.txt', 'SugCde_2554149_20260403174359.txt', 'SugCde_2554132_20260403122923.txt', 'SugCde_2554123_20260403162104.txt', 'SugCde_2554147_20260403174349.txt', 'SugCde_2554142_20260403174323.txt', 'SugCde_2554127_20260403162115.txt', 'SugCde_2554120_20260403162058.txt', 'SugCde_2554125_20260403162110.txt', 'SugCde_2554108_20260403161521.txt', 'SugCde_2554126_20260403162113.txt', 'SugCde_2554143_20260403174330.txt', 'SugCde_2554112_20260403161624.txt', 'SugCde_2554150_20260403174402.txt', 'SugCde_2554111_20260403161620.txt', 'SugCde_2554109_20260403161525.txt', 'SugCde_2554115_20260403161955.txt', 'SugCde_2554124_20260403162107.txt', 'SugCde_2554107_20260403161506.txt', 'SugCde_2554144_20260403174335.txt', 'SugCde_2554119_20260403162052.txt', 'SugCde_2554110_20260403161613.txt', 'SugCde_2554116_20260403162039.txt', 'SugCde_2554118_20260403162048.txt', 'SugCde_2554130_20260403121349.txt', 'SugCde_2554148_20260403174354.txt'] - supplier_order) dans /srv/import/050/ | 2026-04-04 01:10:01,605 249 lignes lu dans le fichier /srv/import/050/SugCde_2554107_20260403161506.txt | 2026-04-04 01:10:01,605 lancement intégration: (5c4816df-6ba9-4863-ad51-39c80adc6d5a) | 2026-04-04 01:10:01,684 fin intégration: (5c4816df-6ba9-4863-ad51-39c80adc6d5a) | fichier: /srv/import/050/SugCde_2554107_20260403161506.txt | 0 lignes formatées | 0 lignes en erreurs | 0 lignes crées | 0 lignes mises à jour | 0 lignes supprimées | 2026-04-04 01:10:03,625 {'product': [ErrorDetail(string='Ce champ ne peut être nul.', code='null')]} - [MD10065929900002787.000] | 2026-04-04 01:10:03,895 fin intégration: (6111c2b3-34a9-468e-a71a-fdcfcfbffc22) | fichier: /srv/import/110/Cmdpro_PP11_20260403195604.txt | 118 lignes formatées | 1 lignes en erreurs | 0 lignes crées | 80 lignes mises à jour | 17 lignes supprimées;110;SUPER U VALLON
pos1;POS 1;2026-04-09T18:56:08.939058+00:00;5c4816df-6ba9-4863-ad51-39c80adc6d5a;2026-04-04T01:10:01.606533;2026-04-04T01:10:01.687069;30;import de données;supplier_order;commande fournisseur;2;succès;interne;Import commande fournisseur: | fin intégration: (5c4816df-6ba9-4863-ad51-39c80adc6d5a) | fichier: /srv/import/050/SugCde_2554107_20260403161506.txt | 0 lignes formatées | 0 lignes en erreurs | 0 lignes crées | 0 lignes mises à jour | 0 lignes supprimées;050;CASH CENTER ZONE 4
pos1;POS 1;2026-04-09T18:56:08.939058+00:00;71725aae-15a6-48ba-9dde-25ef63df50c3;2026-04-04T01:09:01.583919;2026-04-04T01:09:01.820456;30;import de données;supplier_order;commande fournisseur;2;succès;interne;Import commande fournisseur: | fin intégration: (71725aae-15a6-48ba-9dde-25ef63df50c3) | fichier: /srv/import/050/SugCde_2554106_20260403161502.txt | 0 lignes formatées | 0 lignes en erreurs | 0 lignes crées | 0 lignes mises à jour | 0 lignes supprimées;050;CASH CENTER ZONE 4
pos1;POS 1;2026-04-09T18:56:08.939058+00:00;3cc41fdd-939b-4797-b1be-1ea1ca2b2986;2026-04-04T01:09:01.556544;2026-04-04T01:09:01.677400;30;import de données;supplier_pre_order;pré-commande fournisseur;2;succès;interne;Import pré-commande fournisseur: | fin intégration: (3cc41fdd-939b-4797-b1be-1ea1ca2b2986) | fichier: /srv/import/110/Cmdpro_PDF9_20260403195603.txt | 2 lignes formatées | 0 lignes en erreurs | 0 lignes crées | 2 lignes mises à jour | 0 lignes supprimées;110;SUPER U VALLON
pos1;POS 1;2026-04-09T18:56:08.939058+00:00;d8895939-7e07-4025-a476-4caa851364e3;2026-04-04T01:08:01.587664;2026-04-04T01:08:01.992057;30;import de données;supplier_pre_order;pré-commande fournisseur;2;succès;interne;Import pré-commande fournisseur: | fin intégration: (d8895939-7e07-4025-a476-4caa851364e3) | fichier: /srv/import/110/Cmdpro_PDF7_20260403195603.txt | 13 lignes formatées | 0 lignes en erreurs | 0 lignes crées | 1 lignes mises à jour | 12 lignes supprimées;110;SUPER U VALLON
pos1;POS 1;2026-04-09T18:56:08.939058+00:00;c59ae62f-19a7-4526-a016-2c2da0578543;2026-04-04T01:08:01.618909;2026-04-04T01:08:01.693225;30;import de données;supplier_order;commande fournisseur;2;succès;interne;Import commande fournisseur: | fin intégration: (c59ae62f-19a7-4526-a016-2c2da0578543) | fichier: /srv/import/050/SugCde_2554105_20260403161446.txt | 0 lignes formatées | 0 lignes en erreurs | 0 lignes crées | 0 lignes mises à jour | 0 lignes supprimées;050;CASH CENTER ZONE 4
pos1;POS 1;2026-04-09T18:56:08.939058+00:00;dc0de4ae-780c-400a-9dc8-c5be17c4f2dd;2026-04-04T01:07:01.553951;2026-04-04T01:07:03.625662;30;import de données;supplier_pre_order;pré-commande fournisseur;2;succès;interne;Import pré-commande fournisseur: | fin intégration: (dc0de4ae-780c-400a-9dc8-c5be17c4f2dd) | fichier: /srv/import/110/Cmdpro_P61G_20260403195610.txt | 48 lignes formatées | 0 lignes en erreurs | 47 lignes crées | 0 lignes mises à jour | 0 lignes supprimées;110;SUPER U VALLON
pos1;POS 1;2026-04-09T18:56:08.939058+00:00;7dc2df55-e52a-430b-bcf0-ddda2c833cfa;2026-04-04T01:07:01.580853;2026-04-04T01:07:01.650773;30;import de données;supplier_order;commande fournisseur;2;succès;interne;Import commande fournisseur: | fin intégration: (7dc2df55-e52a-430b-bcf0-ddda2c833cfa) | fichier: /srv/import/050/SugCde_2554104_20260403161437.txt | 0 lignes formatées | 0 lignes en erreurs | 0 lignes crées | 0 lignes mises à jour | 0 lignes supprimées;050;CASH CENTER ZONE 4
pos1;POS 1;2026-04-09T18:56:08.939058+00:00;56d9deff-3ff3-4869-9b38-e2741e950568;2026-04-04T01:06:01.553964;2026-04-04T01:06:06.387983;30;import de données;supplier_pre_order;pré-commande fournisseur;0;erreur;interne;Extrait du rapport d'import: | 2026-04-04 01:06:01,570 318 lignes lu dans le fichier /srv/import/050/SugCde_2554096_20260403111129.txt | 2026-04-04 01:06:01,571 lancement intégration: (06d5270f-4eb7-444b-86d2-044c6c24037b) | 2026-04-04 01:06:01,646 fin intégration: (06d5270f-4eb7-444b-86d2-044c6c24037b) | fichier: /srv/import/050/SugCde_2554096_20260403111129.txt | 0 lignes formatées | 0 lignes en erreurs | 0 lignes crées | 0 lignes mises à jour | 0 lignes supprimées | 2026-04-04 01:06:02,946 {'product': [ErrorDetail(string='Ce champ ne peut être nul.', code='null')]} - [MD10025143000003343.000] | 2026-04-04 01:06:02,958 {'product': [ErrorDetail(string='Ce champ ne peut être nul.', code='null')]} - [MD10025158400003579.000] | 2026-04-04 01:06:03,757 {'product': [ErrorDetail(string='Ce champ ne peut être nul.', code='null')]} - [MD10042568600004238.000] | 2026-04-04 01:06:03,773 {'product': [ErrorDetail(string='Ce champ ne peut être nul.', code='null')]} - [MD10042576100004344.000] | 2026-04-04 01:06:04,429 {'product': [ErrorDetail(string='Ce champ ne peut être nul.', code='null')]} - [MD10055779800002302.000] | 2026-04-04 01:06:05,074 {'product': [ErrorDetail(string='Ce champ ne peut être nul.', code='null')]} - [MD10066214800003013.000] | 2026-04-04 01:06:05,102 {'product': [ErrorDetail(string='Ce champ ne peut être nul.', code='null')]} - [MD10066216700002298.000] | 2026-04-04 01:06:06,296 {'product': [ErrorDetail(string='Ce champ ne peut être nul.', code='null')]} - [MD10073092900001211.000] | 2026-04-04 01:06:06,319 {'product': [ErrorDetail(string='Ce champ ne peut être nul.', code='null')]} - [MD10073103700001186.000] | 2026-04-04 01:06:06,329 {'product': [ErrorDetail(string='Ce champ ne peut être nul.', code='null')]} - [MD10073103800001420.000] | 2026-04-04 01:06:06,338 {'product': [ErrorDetail(string='Ce champ ne peut être nul.', code='null')]} - [MD10073103900001171.000] | 2026-04-04 01:06:06,346 {'product': [ErrorDetail(string='Ce champ ne peut être nul.', code='null')]} - [MD10073104000001206.000] | 2026-04-04 01:06:06,365 fin intégration: (56d9deff-3ff3-4869-9b38-e2741e950568) | fichier: /srv/import/110/Cmdpro_P58G_20260403195610.txt | 117 lignes formatées | 12 lignes en erreurs | 92 lignes crées | 0 lignes mises à jour | 0 lignes supprimées;110;SUPER U VALLON
pos1;POS 1;2026-04-09T18:56:08.939058+00:00;06d5270f-4eb7-444b-86d2-044c6c24037b;2026-04-04T01:06:01.571804;2026-04-04T01:06:01.649147;30;import de données;supplier_order;commande fournisseur;2;succès;interne;Import commande fournisseur: | fin intégration: (06d5270f-4eb7-444b-86d2-044c6c24037b) | fichier: /srv/import/050/SugCde_2554096_20260403111129.txt | 0 lignes formatées | 0 lignes en erreurs | 0 lignes crées | 0 lignes mises à jour | 0 lignes supprimées;050;CASH CENTER ZONE 4
pos1;POS 1;2026-04-09T18:56:08.939058+00:00;8dd5c762-1d3e-4ed5-9887-db9271b70ec3;2026-04-04T01:05:01.625571;2026-04-04T01:05:01.733172;30;import de données;supplier_order;commande fournisseur;2;succès;interne;Import commande fournisseur: | fin intégration: (8dd5c762-1d3e-4ed5-9887-db9271b70ec3) | fichier: /srv/import/050/SugCde_2554090_20260403103706.txt | 0 lignes formatées | 0 lignes en erreurs | 0 lignes crées | 0 lignes mises à jour | 0 lignes supprimées;050;CASH CENTER ZONE 4
pos1;POS 1;2026-04-09T18:56:08.939058+00:00;4bbce960-4d82-41ee-8e62-5f3238750b72;2026-04-04T01:05:01.595966;2026-04-04T01:05:01.654046;30;import de données;supplier_pre_order;pré-commande fournisseur;2;succès;interne;Import pré-commande fournisseur: | fin intégration: (4bbce960-4d82-41ee-8e62-5f3238750b72) | fichier: /srv/import/110/Cmdpro_P22Q_20260403195609.txt | 0 lignes formatées | 0 lignes en erreurs | 0 lignes crées | 0 lignes mises à jour | 0 lignes supprimées;110;SUPER U VALLON
pos1;POS 1;2026-04-09T18:56:08.939058+00:00;ae3e2c67-820e-4cd4-a2de-d7a86d134c61;2026-04-04T01:04:01.547404;2026-04-04T01:04:01.616113;30;import de données;supplier_order;commande fournisseur;2;succès;interne;Import commande fournisseur: | fin intégration: (ae3e2c67-820e-4cd4-a2de-d7a86d134c61) | fichier: /srv/import/050/SugCde_2554088_20260403103327.txt | 0 lignes formatées | 0 lignes en erreurs | 0 lignes crées | 0 lignes mises à jour | 0 lignes supprimées;050;CASH CENTER ZONE 4
pos1;POS 1;2026-04-09T18:56:08.939058+00:00;26f7b05c-4ef3-41c7-aa7a-e1a71521195e;2026-04-04T01:04:01.531017;2026-04-04T01:04:01.565976;30;import de données;supplier_pre_order;pré-commande fournisseur;2;succès;interne;Import pré-commande fournisseur: | fin intégration: (26f7b05c-4ef3-41c7-aa7a-e1a71521195e) | fichier: /srv/import/110/Cmdpro_P22J_20260403195609.txt | 0 lignes formatées | 0 lignes en erreurs | 0 lignes crées | 0 lignes mises à jour | 0 lignes supprimées;110;SUPER U VALLON
pos1;POS 1;2026-04-09T18:56:08.939058+00:00;5e8ae00d-cc28-4982-a9e0-7e3b2ee87803;2026-04-04T01:03:01.563382;2026-04-04T01:03:03.370873;30;import de données;supplier_pre_order;pré-commande fournisseur;2;succès;interne;Import pré-commande fournisseur: | fin intégration: (5e8ae00d-cc28-4982-a9e0-7e3b2ee87803) | fichier: /srv/import/110/Cmdpro_P21Q_20260403195608.txt | 48 lignes formatées | 0 lignes en erreurs | 0 lignes crées | 48 lignes mises à jour | 0 lignes supprimées;110;SUPER U VALLON
pos1;POS 1;2026-04-09T18:56:08.939058+00:00;c89cf6b2-46a9-4003-8c50-12310faef20c;2026-04-04T01:03:01.592784;2026-04-04T01:03:01.763936;30;import de données;supplier_order;commande fournisseur;2;succès;interne;Import commande fournisseur: | fin intégration: (c89cf6b2-46a9-4003-8c50-12310faef20c) | fichier: /srv/import/050/SugCde_2554087_20260403103332.txt | 0 lignes formatées | 0 lignes en erreurs | 0 lignes crées | 0 lignes mises à jour | 0 lignes supprimées;050;CASH CENTER ZONE 4
pos1;POS 1;2026-04-09T18:56:08.939058+00:00;8790a708-ba94-46b3-bf94-4b083d200b12;2026-04-04T01:02:01.611666;2026-04-04T01:02:01.750895;30;import de données;supplier_order;commande fournisseur;2;succès;interne;Import commande fournisseur: | fin intégration: (8790a708-ba94-46b3-bf94-4b083d200b12) | fichier: /srv/import/050/SugCde_2554086_20260403103337.txt | 0 lignes formatées | 0 lignes en erreurs | 0 lignes crées | 0 lignes mises à jour | 0 lignes supprimées;050;CASH CENTER ZONE 4
pos1;POS 1;2026-04-09T18:56:08.939058+00:00;58f87f3f-6909-4462-86cc-7ef16eebaf68;2026-04-04T01:02:01.583073;2026-04-04T01:02:01.623215;30;import de données;supplier_pre_order;pré-commande fournisseur;2;succès;interne;Import pré-commande fournisseur: | fin intégration: (58f87f3f-6909-4462-86cc-7ef16eebaf68) | fichier: /srv/import/110/Cmdpro_P21J_20260403195608.txt | 0 lignes formatées | 0 lignes en erreurs | 0 lignes crées | 0 lignes mises à jour | 0 lignes supprimées;110;SUPER U VALLON
pos1;POS 1;2026-04-09T18:56:08.939058+00:00;db70cfdb-4071-4722-95b5-69ff71625c13;2026-04-04T01:01:01.643643;2026-04-04T01:01:01.774076;30;import de données;supplier_order;commande fournisseur;2;succès;interne;Import commande fournisseur: | fin intégration: (db70cfdb-4071-4722-95b5-69ff71625c13) | fichier: /srv/import/050/SugCde_2554080_20260403094153.txt | 0 lignes formatées | 0 lignes en erreurs | 0 lignes crées | 0 lignes mises à jour | 0 lignes supprimées;050;CASH CENTER ZONE 4
pos1;POS 1;2026-04-09T18:56:08.939058+00:00;965000f0-3b17-45b4-900a-aeb5c5a4d296;2026-04-04T01:01:01.608814;2026-04-04T01:01:01.649961;30;import de données;supplier_pre_order;pré-commande fournisseur;2;succès;interne;Import pré-commande fournisseur: | fin intégration: (965000f0-3b17-45b4-900a-aeb5c5a4d296) | fichier: /srv/import/110/Cmdpro_P19Q_20260403195607.txt | 0 lignes formatées | 0 lignes en erreurs | 0 lignes crées | 0 lignes mises à jour | 0 lignes supprimées;110;SUPER U VALLON
pos1;POS 1;2026-04-09T18:56:08.939058+00:00;4e1f04c5-27cd-49a0-8ef1-f0310b005765;2026-04-04T01:00:01.606632;2026-04-04T01:00:06.667378;30;import de données;supplier_pre_order;pré-commande fournisseur;0;erreur;interne;Extrait du rapport d'import: | 0 lignes crées | 156 lignes mises à jour | 7 lignes supprimées | 2026-04-04 01:00:01,583 fichier present: (['Cmdpro_P58G_20260403195610.txt', 'Cmdpro_PVIN_20260403195605.txt', 'Cmdpro_P21J_20260403195608.txt', 'Cmdpro_PP11_20260403195604.txt', 'Cmdpro_PP13_20260403195605.txt', 'Cmdpro_UFBR_20260403195611.txt', 'Cmdpro_P61G_20260403195610.txt', 'Cmdpro_PDF7_20260403195603.txt', 'Cmdpro_P22Q_20260403195609.txt', 'Cmdpro_TLUM_20260403195611.txt', 'Cmdpro_PP12_20260403195604.txt', 'Cmdpro_P19Q_20260403195607.txt', 'Cmdpro_P22J_20260403195609.txt', 'Cmdpro_PDF9_20260403195603.txt', 'Cmdpro_P21Q_20260403195608.txt', 'Cmdpro_P17Q_20260403195607.txt'] - supplier_pre_order) dans /srv/import/110/ | 2026-04-04 01:00:01,605 132 lignes lu dans le fichier /srv/import/110/Cmdpro_P17Q_20260403195607.txt | 2026-04-04 01:00:01,605 lancement intégration: (4e1f04c5-27cd-49a0-8ef1-f0310b005765) | 2026-04-04 01:00:01,623 fichier present: (['SugCde_2554122_20260403162102.txt', 'SugCde_2554117_20260403162044.txt', 'SugCde_2554096_20260403111129.txt', 'SugCde_2554146_20260403174345.txt', 'SugCde_2554087_20260403103332.txt', 'SugCde_2554114_20260403161717.txt', 'SugCde_2554145_20260403174340.txt', 'SugCde_2554149_20260403174359.txt', 'SugCde_2554076_20260403094140.txt', 'SugCde_2554132_20260403122923.txt', 'SugCde_2554123_20260403162104.txt', 'SugCde_2554147_20260403174349.txt', 'SugCde_2554142_20260403174323.txt', 'SugCde_2554080_20260403094153.txt', 'SugCde_2554127_20260403162115.txt', 'SugCde_2554090_20260403103706.txt', 'SugCde_2554120_20260403162058.txt', 'SugCde_2554125_20260403162110.txt', 'SugCde_2554108_20260403161521.txt', 'SugCde_2554075_20260403094135.txt', 'SugCde_2554126_20260403162113.txt', 'SugCde_2554143_20260403174330.txt', 'SugCde_2554112_20260403161624.txt', 'SugCde_2554150_20260403174402.txt', 'SugCde_2554111_20260403161620.txt', 'SugCde_2554109_20260403161525.txt', 'SugCde_2554086_20260403103337.txt', 'SugCde_2554115_20260403161955.txt', 'SugCde_2554124_20260403162107.txt', 'SugCde_2554105_20260403161446.txt', 'SugCde_2554073_20260403094121.txt', 'SugCde_2554078_20260403094147.txt', 'SugCde_2554077_20260403094143.txt', 'SugCde_2554107_20260403161506.txt', 'SugCde_2554104_20260403161437.txt', 'SugCde_2554144_20260403174335.txt', 'SugCde_2554088_20260403103327.txt', 'SugCde_2554074_20260403094130.txt', 'SugCde_2554106_20260403161502.txt', 'SugCde_2554079_20260403094150.txt', 'SugCde_2554119_20260403162052.txt', 'SugCde_2554110_20260403161613.txt', 'SugCde_2554116_20260403162039.txt', 'SugCde_2554118_20260403162048.txt', 'SugCde_2554130_20260403121349.txt', 'SugCde_2554148_20260403174354.txt'] - supplier_order) dans /srv/import/110/ | 2026-04-04 01:00:01,624 import déjà en cours {mutex:MTX_PRODUCT}, fichier ignoré | 2026-04-04 01:00:01,630 fichier present: (['SugCde_2554122_20260403162102.txt', 'SugCde_2554117_20260403162044.txt', 'SugCde_2554096_20260403111129.txt', 'SugCde_2554146_20260403174345.txt', 'SugCde_2554087_20260403103332.txt', 'SugCde_2554114_20260403161717.txt', 'SugCde_2554145_20260403174340.txt', 'SugCde_2554149_20260403174359.txt', 'SugCde_2554132_20260403122923.txt', 'SugCde_2554123_20260403162104.txt', 'SugCde_2554147_20260403174349.txt', 'SugCde_2554142_20260403174323.txt', 'SugCde_2554080_20260403094153.txt', 'SugCde_2554127_20260403162115.txt', 'SugCde_2554090_20260403103706.txt', 'SugCde_2554120_20260403162058.txt', 'SugCde_2554125_20260403162110.txt', 'SugCde_2554108_20260403161521.txt', 'SugCde_2554126_20260403162113.txt', 'SugCde_2554143_20260403174330.txt', 'SugCde_2554112_20260403161624.txt', 'SugCde_2554150_20260403174402.txt', 'SugCde_2554111_20260403161620.txt', 'SugCde_2554109_20260403161525.txt', 'SugCde_2554086_20260403103337.txt', 'SugCde_2554115_20260403161955.txt', 'SugCde_2554124_20260403162107.txt', 'SugCde_2554105_20260403161446.txt', 'SugCde_2554107_20260403161506.txt', 'SugCde_2554104_20260403161437.txt', 'SugCde_2554144_20260403174335.txt', 'SugCde_2554088_20260403103327.txt', 'SugCde_2554106_20260403161502.txt', 'SugCde_2554079_20260403094150.txt', 'SugCde_2554119_20260403162052.txt', 'SugCde_2554110_20260403161613.txt', 'SugCde_2554116_20260403162039.txt', 'SugCde_2554118_20260403162048.txt', 'SugCde_2554130_20260403121349.txt', 'SugCde_2554148_20260403174354.txt'] - supplier_order) dans /srv/import/050/ | 2026-04-04 01:00:01,635 91 lignes lu dans le fichier /srv/import/050/SugCde_2554079_20260403094150.txt | 2026-04-04 01:00:01,635 lancement intégration: (2e6caf5b-bf72-493d-a67f-516d6de87de3) | 2026-04-04 01:00:01,713 fin intégration: (2e6caf5b-bf72-493d-a67f-516d6de87de3) | fichier: /srv/import/050/SugCde_2554079_20260403094150.txt | 0 lignes formatées | 0 lignes en erreurs | 0 lignes crées | 0 lignes mises à jour | 0 lignes supprimées | 2026-04-04 01:00:03,754 {'product': [ErrorDetail(string='Ce champ ne peut être nul.', code='null')]} - [MD10070643800005147.000] | 2026-04-04 01:00:03,767 {'product': [ErrorDetail(string='Ce champ ne peut être nul.', code='null')]} - [MD10070646600005147.000] | 2026-04-04 01:00:06,601 fin intégration: (4e1f04c5-27cd-49a0-8ef1-f0310b005765) | fichier: /srv/import/110/Cmdpro_P17Q_20260403195607.txt | 132 lignes formatées | 2 lignes en erreurs | 0 lignes crées | 129 lignes mises à jour | 0 lignes supprimées;110;SUPER U VALLON
pos1;POS 1;2026-04-09T18:56:08.939058+00:00;2e6caf5b-bf72-493d-a67f-516d6de87de3;2026-04-04T01:00:01.636656;2026-04-04T01:00:01.719550;30;import de données;supplier_order;commande fournisseur;2;succès;interne;Import commande fournisseur: | fin intégration: (2e6caf5b-bf72-493d-a67f-516d6de87de3) | fichier: /srv/import/050/SugCde_2554079_20260403094150.txt | 0 lignes formatées | 0 lignes en erreurs | 0 lignes crées | 0 lignes mises à jour | 0 lignes supprimées;050;CASH CENTER ZONE 4
pos1;POS 1;2026-04-09T18:56:08.939058+00:00;0b8ac3d2-b1bb-4f21-aded-e6db159be777;2026-04-04T00:59:01.578028;2026-04-04T00:59:07.771644;30;import de données;supplier_pre_order;pré-commande fournisseur;0;erreur;interne;Extrait du rapport d'import: | 0 lignes mises à jour | 0 lignes supprimées | 2026-04-04 00:59:01,558 fichier present: (['Cmdpro_P58G_20260403195610.txt', 'Cmdpro_PVIN_20260403195605.txt', 'Cmdpro_P21J_20260403195608.txt', 'Cmdpro_PP11_20260403195604.txt', 'Cmdpro_P16Q_20260403195606.txt', 'Cmdpro_PP13_20260403195605.txt', 'Cmdpro_UFBR_20260403195611.txt', 'Cmdpro_P61G_20260403195610.txt', 'Cmdpro_PDF7_20260403195603.txt', 'Cmdpro_P22Q_20260403195609.txt', 'Cmdpro_TLUM_20260403195611.txt', 'Cmdpro_PP12_20260403195604.txt', 'Cmdpro_P19Q_20260403195607.txt', 'Cmdpro_P22J_20260403195609.txt', 'Cmdpro_PDF9_20260403195603.txt', 'Cmdpro_P21Q_20260403195608.txt', 'Cmdpro_P17Q_20260403195607.txt'] - supplier_pre_order) dans /srv/import/110/ | 2026-04-04 00:59:01,575 195 lignes lu dans le fichier /srv/import/110/Cmdpro_P16Q_20260403195606.txt | 2026-04-04 00:59:01,575 lancement intégration: (0b8ac3d2-b1bb-4f21-aded-e6db159be777) | 2026-04-04 00:59:01,596 fichier present: (['SugCde_2554122_20260403162102.txt', 'SugCde_2554117_20260403162044.txt', 'SugCde_2554096_20260403111129.txt', 'SugCde_2554146_20260403174345.txt', 'SugCde_2554087_20260403103332.txt', 'SugCde_2554114_20260403161717.txt', 'SugCde_2554145_20260403174340.txt', 'SugCde_2554149_20260403174359.txt', 'SugCde_2554076_20260403094140.txt', 'SugCde_2554132_20260403122923.txt', 'SugCde_2554123_20260403162104.txt', 'SugCde_2554147_20260403174349.txt', 'SugCde_2554142_20260403174323.txt', 'SugCde_2554080_20260403094153.txt', 'SugCde_2554127_20260403162115.txt', 'SugCde_2554090_20260403103706.txt', 'SugCde_2554120_20260403162058.txt', 'SugCde_2554125_20260403162110.txt', 'SugCde_2554108_20260403161521.txt', 'SugCde_2554075_20260403094135.txt', 'SugCde_2554126_20260403162113.txt', 'SugCde_2554143_20260403174330.txt', 'SugCde_2554112_20260403161624.txt', 'SugCde_2554150_20260403174402.txt', 'SugCde_2554111_20260403161620.txt', 'SugCde_2554109_20260403161525.txt', 'SugCde_2554086_20260403103337.txt', 'SugCde_2554115_20260403161955.txt', 'SugCde_2554124_20260403162107.txt', 'SugCde_2554105_20260403161446.txt', 'SugCde_2554073_20260403094121.txt', 'SugCde_2554078_20260403094147.txt', 'SugCde_2554077_20260403094143.txt', 'SugCde_2554107_20260403161506.txt', 'SugCde_2554104_20260403161437.txt', 'SugCde_2554144_20260403174335.txt', 'SugCde_2554088_20260403103327.txt', 'SugCde_2554074_20260403094130.txt', 'SugCde_2554106_20260403161502.txt', 'SugCde_2554079_20260403094150.txt', 'SugCde_2554119_20260403162052.txt', 'SugCde_2554110_20260403161613.txt', 'SugCde_2554116_20260403162039.txt', 'SugCde_2554118_20260403162048.txt', 'SugCde_2554130_20260403121349.txt', 'SugCde_2554148_20260403174354.txt'] - supplier_order) dans /srv/import/110/ | 2026-04-04 00:59:01,600 import déjà en cours {mutex:MTX_PRODUCT}, fichier ignoré | 2026-04-04 00:59:01,604 fichier present: (['SugCde_2554122_20260403162102.txt', 'SugCde_2554117_20260403162044.txt', 'SugCde_2554096_20260403111129.txt', 'SugCde_2554146_20260403174345.txt', 'SugCde_2554087_20260403103332.txt', 'SugCde_2554114_20260403161717.txt', 'SugCde_2554145_20260403174340.txt', 'SugCde_2554149_20260403174359.txt', 'SugCde_2554132_20260403122923.txt', 'SugCde_2554123_20260403162104.txt', 'SugCde_2554147_20260403174349.txt', 'SugCde_2554142_20260403174323.txt', 'SugCde_2554080_20260403094153.txt', 'SugCde_2554127_20260403162115.txt', 'SugCde_2554090_20260403103706.txt', 'SugCde_2554120_20260403162058.txt', 'SugCde_2554125_20260403162110.txt', 'SugCde_2554108_20260403161521.txt', 'SugCde_2554126_20260403162113.txt', 'SugCde_2554143_20260403174330.txt', 'SugCde_2554112_20260403161624.txt', 'SugCde_2554150_20260403174402.txt', 'SugCde_2554111_20260403161620.txt', 'SugCde_2554109_20260403161525.txt', 'SugCde_2554086_20260403103337.txt', 'SugCde_2554115_20260403161955.txt', 'SugCde_2554124_20260403162107.txt', 'SugCde_2554105_20260403161446.txt', 'SugCde_2554078_20260403094147.txt', 'SugCde_2554107_20260403161506.txt', 'SugCde_2554104_20260403161437.txt', 'SugCde_2554144_20260403174335.txt', 'SugCde_2554088_20260403103327.txt', 'SugCde_2554106_20260403161502.txt', 'SugCde_2554079_20260403094150.txt', 'SugCde_2554119_20260403162052.txt', 'SugCde_2554110_20260403161613.txt', 'SugCde_2554116_20260403162039.txt', 'SugCde_2554118_20260403162048.txt', 'SugCde_2554130_20260403121349.txt', 'SugCde_2554148_20260403174354.txt'] - supplier_order) dans /srv/import/050/ | 2026-04-04 00:59:01,607 126 lignes lu dans le fichier /srv/import/050/SugCde_2554078_20260403094147.txt | 2026-04-04 00:59:01,607 lancement intégration: (f199855d-cdff-4f6d-91c7-3bd4c31218e4) | 2026-04-04 00:59:01,704 fin intégration: (f199855d-cdff-4f6d-91c7-3bd4c31218e4) | fichier: /srv/import/050/SugCde_2554078_20260403094147.txt | 0 lignes formatées | 0 lignes en erreurs | 0 lignes crées | 0 lignes mises à jour | 0 lignes supprimées | 2026-04-04 00:59:03,660 {'product': [ErrorDetail(string='Ce champ ne peut être nul.', code='null')]} - [MD10025158200003678.000] | 2026-04-04 00:59:04,489 {'product': [ErrorDetail(string='Ce champ ne peut être nul.', code='null')]} - [MD10053462300006056.000] | 2026-04-04 00:59:05,199 {'ean': [ErrorDetail(string='Article non commandable', code='invalid')]} - [MD10059544800003114.000] | 2026-04-04 00:59:07,738 fin intégration: (0b8ac3d2-b1bb-4f21-aded-e6db159be777) | fichier: /srv/import/110/Cmdpro_P16Q_20260403195606.txt | 195 lignes formatées | 3 lignes en erreurs | 0 lignes crées | 156 lignes mises à jour | 7 lignes supprimées;110;SUPER U VALLON
pos1;POS 1;2026-04-09T18:56:08.939058+00:00;f199855d-cdff-4f6d-91c7-3bd4c31218e4;2026-04-04T00:59:01.608328;2026-04-04T00:59:01.713196;30;import de données;supplier_order;commande fournisseur;2;succès;interne;Import commande fournisseur: | fin intégration: (f199855d-cdff-4f6d-91c7-3bd4c31218e4) | fichier: /srv/import/050/SugCde_2554078_20260403094147.txt | 0 lignes formatées | 0 lignes en erreurs | 0 lignes crées | 0 lignes mises à jour | 0 lignes supprimées;050;CASH CENTER ZONE 4
pos1;POS 1;2026-04-09T18:56:08.939058+00:00;8bc2fa5f-2072-41d2-8fc4-a99621267fa4;2026-04-04T00:58:01.553117;2026-04-04T00:58:01.632892;30;import de données;supplier_order;commande fournisseur;2;succès;interne;Import commande fournisseur: | fin intégration: (8bc2fa5f-2072-41d2-8fc4-a99621267fa4) | fichier: /srv/import/050/SugCde_2554077_20260403094143.txt | 0 lignes formatées | 0 lignes en erreurs | 0 lignes crées | 0 lignes mises à jour | 0 lignes supprimées;050;CASH CENTER ZONE 4
pos1;POS 1;2026-04-09T18:56:08.939058+00:00;8820e966-636c-407d-8d71-df9a0a50d029;2026-04-04T00:58:01.524034;2026-04-04T00:58:01.600264;30;import de données;supplier_pre_order;pré-commande fournisseur;2;succès;interne;Import pré-commande fournisseur: | fin intégration: (8820e966-636c-407d-8d71-df9a0a50d029) | fichier: /srv/import/110/Cmdpro_NOPH_20260403195602.txt | 0 lignes formatées | 0 lignes en erreurs | 0 lignes crées | 0 lignes mises à jour | 0 lignes supprimées;110;SUPER U VALLON
pos1;POS 1;2026-04-09T18:56:08.939058+00:00;c3e16768-e547-422f-bbb1-2b9185c732d3;2026-04-04T00:57:01.577891;2026-04-04T00:57:04.130382;30;import de données;supplier_pre_order;pré-commande fournisseur;0;erreur;interne;Extrait du rapport d'import: | 2026-04-04 00:57:01,577 lancement intégration: (c3e16768-e547-422f-bbb1-2b9185c732d3) | 2026-04-04 00:57:01,585 fichier present: (['SugCde_2554122_20260403162102.txt', 'SugCde_2554117_20260403162044.txt', 'SugCde_2554096_20260403111129.txt', 'SugCde_2554146_20260403174345.txt', 'SugCde_2554087_20260403103332.txt', 'SugCde_2554114_20260403161717.txt', 'SugCde_2554145_20260403174340.txt', 'SugCde_2554149_20260403174359.txt', 'SugCde_2554076_20260403094140.txt', 'SugCde_2554132_20260403122923.txt', 'SugCde_2554123_20260403162104.txt', 'SugCde_2554147_20260403174349.txt', 'SugCde_2554142_20260403174323.txt', 'SugCde_2554080_20260403094153.txt', 'SugCde_2554127_20260403162115.txt', 'SugCde_2554090_20260403103706.txt', 'SugCde_2554120_20260403162058.txt', 'SugCde_2554125_20260403162110.txt', 'SugCde_2554108_20260403161521.txt', 'SugCde_2554075_20260403094135.txt', 'SugCde_2554126_20260403162113.txt', 'SugCde_2554143_20260403174330.txt', 'SugCde_2554112_20260403161624.txt', 'SugCde_2554150_20260403174402.txt', 'SugCde_2554111_20260403161620.txt', 'SugCde_2554109_20260403161525.txt', 'SugCde_2554086_20260403103337.txt', 'SugCde_2554115_20260403161955.txt', 'SugCde_2554124_20260403162107.txt', 'SugCde_2554105_20260403161446.txt', 'SugCde_2554073_20260403094121.txt', 'SugCde_2554078_20260403094147.txt', 'SugCde_2554077_20260403094143.txt', 'SugCde_2554107_20260403161506.txt', 'SugCde_2554104_20260403161437.txt', 'SugCde_2554144_20260403174335.txt', 'SugCde_2554088_20260403103327.txt', 'SugCde_2554074_20260403094130.txt', 'SugCde_2554106_20260403161502.txt', 'SugCde_2554079_20260403094150.txt', 'SugCde_2554119_20260403162052.txt', 'SugCde_2554110_20260403161613.txt', 'SugCde_2554116_20260403162039.txt', 'SugCde_2554118_20260403162048.txt', 'SugCde_2554130_20260403121349.txt', 'SugCde_2554148_20260403174354.txt'] - supplier_order) dans /srv/import/110/ | 2026-04-04 00:57:01,589 import déjà en cours {mutex:MTX_PRODUCT}, fichier ignoré | 2026-04-04 00:57:01,596 fichier present: (['SugCde_2554122_20260403162102.txt', 'SugCde_2554117_20260403162044.txt', 'SugCde_2554096_20260403111129.txt', 'SugCde_2554146_20260403174345.txt', 'SugCde_2554087_20260403103332.txt', 'SugCde_2554114_20260403161717.txt', 'SugCde_2554145_20260403174340.txt', 'SugCde_2554149_20260403174359.txt', 'SugCde_2554076_20260403094140.txt', 'SugCde_2554132_20260403122923.txt', 'SugCde_2554123_20260403162104.txt', 'SugCde_2554147_20260403174349.txt', 'SugCde_2554142_20260403174323.txt', 'SugCde_2554080_20260403094153.txt', 'SugCde_2554127_20260403162115.txt', 'SugCde_2554090_20260403103706.txt', 'SugCde_2554120_20260403162058.txt', 'SugCde_2554125_20260403162110.txt', 'SugCde_2554108_20260403161521.txt', 'SugCde_2554126_20260403162113.txt', 'SugCde_2554143_20260403174330.txt', 'SugCde_2554112_20260403161624.txt', 'SugCde_2554150_20260403174402.txt', 'SugCde_2554111_20260403161620.txt', 'SugCde_2554109_20260403161525.txt', 'SugCde_2554086_20260403103337.txt', 'SugCde_2554115_20260403161955.txt', 'SugCde_2554124_20260403162107.txt', 'SugCde_2554105_20260403161446.txt', 'SugCde_2554078_20260403094147.txt', 'SugCde_2554077_20260403094143.txt', 'SugCde_2554107_20260403161506.txt', 'SugCde_2554104_20260403161437.txt', 'SugCde_2554144_20260403174335.txt', 'SugCde_2554088_20260403103327.txt', 'SugCde_2554106_20260403161502.txt', 'SugCde_2554079_20260403094150.txt', 'SugCde_2554119_20260403162052.txt', 'SugCde_2554110_20260403161613.txt', 'SugCde_2554116_20260403162039.txt', 'SugCde_2554118_20260403162048.txt', 'SugCde_2554130_20260403121349.txt', 'SugCde_2554148_20260403174354.txt'] - supplier_order) dans /srv/import/050/ | 2026-04-04 00:57:01,598 43 lignes lu dans le fichier /srv/import/050/SugCde_2554076_20260403094140.txt | 2026-04-04 00:57:01,598 lancement intégration: (3cf3dd6f-812f-4d3d-89b4-53b930d8f0c5) | 2026-04-04 00:57:01,660 fin intégration: (3cf3dd6f-812f-4d3d-89b4-53b930d8f0c5) | fichier: /srv/import/050/SugCde_2554076_20260403094140.txt | 0 lignes formatées | 0 lignes en erreurs | 0 lignes crées | 0 lignes mises à jour | 0 lignes supprimées | 2026-04-04 00:57:01,785 {'ean': [ErrorDetail(string='Article non commandable', code='invalid')]} - [MD10001979700007203.000] | 2026-04-04 00:57:02,091 {'ean': [ErrorDetail(string='Article non commandable', code='invalid')]} - [MD10023493000006071.000] | 2026-04-04 00:57:02,503 {'ean': [ErrorDetail(string='Article non commandable', code='invalid')]} - [MD10052848700002812.000] | 2026-04-04 00:57:02,980 {'ean': [ErrorDetail(string='Article non commandable', code='invalid')]} - [MD10061785700003305.000] | 2026-04-04 00:57:03,052 {'ean': [ErrorDetail(string='Article non commandable', code='invalid')]} - [MD10063455500003736.000] | 2026-04-04 00:57:03,108 {'ean': [ErrorDetail(string='Article non commandable', code='invalid')]} - [MD10063862800004152.000] | 2026-04-04 00:57:03,141 {'ean': [ErrorDetail(string='Article non commandable', code='invalid')]} - [MD10064238700005995.000] | 2026-04-04 00:57:03,262 {'product': [ErrorDetail(string='Ce champ ne peut être nul.', code='null')]} - [MD10068274200005900.000] | 2026-04-04 00:57:04,104 fin intégration: (c3e16768-e547-422f-bbb1-2b9185c732d3) | fichier: /srv/import/110/Cmdpro_FX37_20260403195601.txt | 117 lignes formatées | 8 lignes en erreurs | 0 lignes crées | 101 lignes mises à jour | 0 lignes supprimées;110;SUPER U VALLON
pos1;POS 1;2026-04-09T18:56:08.939058+00:00;3cf3dd6f-812f-4d3d-89b4-53b930d8f0c5;2026-04-04T00:57:01.599611;2026-04-04T00:57:01.663873;30;import de données;supplier_order;commande fournisseur;2;succès;interne;Import commande fournisseur: | fin intégration: (3cf3dd6f-812f-4d3d-89b4-53b930d8f0c5) | fichier: /srv/import/050/SugCde_2554076_20260403094140.txt | 0 lignes formatées | 0 lignes en erreurs | 0 lignes crées | 0 lignes mises à jour | 0 lignes supprimées;050;CASH CENTER ZONE 4
pos1;POS 1;2026-04-09T18:56:08.939058+00:00;523cc7a0-bd4d-4bfa-a9e3-b74047594ec5;2026-04-04T00:56:01.591529;2026-04-04T00:56:02.302902;30;import de données;supplier_order;commande fournisseur;0;erreur;interne;Extrait du rapport d'import: | fichier: /srv/import/110/Cmdpro_FX36_20260403195601.txt | 9 lignes formatées | 0 lignes en erreurs | 0 lignes crées | 9 lignes mises à jour | 0 lignes supprimées | 2026-04-04 00:56:02,025 {'product': [ErrorDetail(string='Ce champ ne peut être nul.', code='null')]} - [D03510041657500000040678000001000000000000] | 2026-04-04 00:56:02,036 {'product': [ErrorDetail(string='Ce champ ne peut être nul.', code='null')]} - [D04010041657500000040678000001000000000000] | 2026-04-04 00:56:02,045 {'product': [ErrorDetail(string='Ce champ ne peut être nul.', code='null')]} - [D10010041657500000040678000001000000000000] | 2026-04-04 00:56:02,054 {'product': [ErrorDetail(string='Ce champ ne peut être nul.', code='null')]} - [D11010041657500000040678000001000000000000] | 2026-04-04 00:56:02,063 {'product': [ErrorDetail(string='Ce champ ne peut être nul.', code='null')]} - [D22010041657500000040678000001000000000000] | 2026-04-04 00:56:02,071 {'product': [ErrorDetail(string='Ce champ ne peut être nul.', code='null')]} - [D23010041657500000040678000001000000000000] | 2026-04-04 00:56:02,087 {'product': [ErrorDetail(string='Ce champ ne peut être nul.', code='null')]} - [D23510041657500000040678000001000000000000] | 2026-04-04 00:56:02,103 {'product': [ErrorDetail(string='Ce champ ne peut être nul.', code='null')]} - [D28110041657500000000000000001000000000000] | 2026-04-04 00:56:02,112 {'product': [ErrorDetail(string='Ce champ ne peut être nul.', code='null')]} - [D29510041657500000040678000001000000000000] | 2026-04-04 00:56:02,121 {'product': [ErrorDetail(string='Ce champ ne peut être nul.', code='null')]} - [D30110041657500000040678000001000000000000] | 2026-04-04 00:56:02,131 {'product': [ErrorDetail(string='Ce champ ne peut être nul.', code='null')]} - [D30210041657500000040678000001000000000000] | 2026-04-04 00:56:02,144 {'product': [ErrorDetail(string='Ce champ ne peut être nul.', code='null')]} - [D03510066175700000009485000001000000000000] | 2026-04-04 00:56:02,157 {'product': [ErrorDetail(string='Ce champ ne peut être nul.', code='null')]} - [D10010066175700000009485000001000000000000] | 2026-04-04 00:56:02,174 {'product': [ErrorDetail(string='Ce champ ne peut être nul.', code='null')]} - [D23010066175700000009485000001000000000000] | 2026-04-04 00:56:02,188 {'product': [ErrorDetail(string='Ce champ ne peut être nul.', code='null')]} - [D29510066175700000009485000001000000000000] | 2026-04-04 00:56:02,194 fin intégration: (523cc7a0-bd4d-4bfa-a9e3-b74047594ec5) | fichier: /srv/import/050/SugCde_2554075_20260403094135.txt | 28 lignes formatées | 15 lignes en erreurs | 2 lignes crées | 11 lignes mises à jour | 0 lignes supprimées;050;CASH CENTER ZONE 4
pos1;POS 1;2026-04-09T18:56:08.939058+00:00;9d925301-3af9-4df0-9156-48843e03ef1d;2026-04-04T00:56:01.571283;2026-04-04T00:56:01.892877;30;import de données;supplier_pre_order;pré-commande fournisseur;2;succès;interne;Import pré-commande fournisseur: | fin intégration: (9d925301-3af9-4df0-9156-48843e03ef1d) | fichier: /srv/import/110/Cmdpro_FX36_20260403195601.txt | 9 lignes formatées | 0 lignes en erreurs | 0 lignes crées | 9 lignes mises à jour | 0 lignes supprimées;110;SUPER U VALLON
pos1;POS 1;2026-04-09T18:56:08.939058+00:00;b99745fc-eee7-41b8-8090-be2bc070f922;2026-04-04T00:55:01.600382;2026-04-04T00:55:05.867458;30;import de données;supplier_order;commande fournisseur;0;erreur;interne;Extrait du rapport d'import: | 2026-04-04 00:55:03,782 {'product': [ErrorDetail(string='Ce champ ne peut être nul.', code='null')]} - [D30210065136600000004068000000700000000000] | 2026-04-04 00:55:03,791 {'product': [ErrorDetail(string='Ce champ ne peut être nul.', code='null')]} - [D03510065136900000004068000000700000000000] | 2026-04-04 00:55:03,799 {'product': [ErrorDetail(string='Ce champ ne peut être nul.', code='null')]} - [D10010065136900000004068000000700000000000] | 2026-04-04 00:55:03,807 {'product': [ErrorDetail(string='Ce champ ne peut être nul.', code='null')]} - [D23010065136900000004068000000700000000000] | 2026-04-04 00:55:03,816 {'product': [ErrorDetail(string='Ce champ ne peut être nul.', code='null')]} - [D29510065136900000004068000000700000000000] | 2026-04-04 00:55:03,824 {'product': [ErrorDetail(string='Ce champ ne peut être nul.', code='null')]} - [D30210065136900000004068000000700000000000] | 2026-04-04 00:55:05,637 {'product': [ErrorDetail(string='Ce champ ne peut être nul.', code='null')]} - [D03510069936600000004492000001200000000000] | 2026-04-04 00:55:05,658 {'product': [ErrorDetail(string='Ce champ ne peut être nul.', code='null')]} - [D08010069936600000004492000001200000000000] | 2026-04-04 00:55:05,673 {'product': [ErrorDetail(string='Ce champ ne peut être nul.', code='null')]} - [D10010069936600000004492000001200000000000] | 2026-04-04 00:55:05,686 {'product': [ErrorDetail(string='Ce champ ne peut être nul.', code='null')]} - [D11010069936600000004492000001200000000000] | 2026-04-04 00:55:05,704 {'product': [ErrorDetail(string='Ce champ ne peut être nul.', code='null')]} - [D12010069936600000004492000001200000000000] | 2026-04-04 00:55:05,714 {'product': [ErrorDetail(string='Ce champ ne peut être nul.', code='null')]} - [D23010069936600000004492000001200000000000] | 2026-04-04 00:55:05,723 {'product': [ErrorDetail(string='Ce champ ne peut être nul.', code='null')]} - [D23510069936600000004492000001200000000000] | 2026-04-04 00:55:05,731 {'product': [ErrorDetail(string='Ce champ ne peut être nul.', code='null')]} - [D26110069936600000004492000001200000000000] | 2026-04-04 00:55:05,740 {'product': [ErrorDetail(string='Ce champ ne peut être nul.', code='null')]} - [D28110069936600000004492000001200000000000] | 2026-04-04 00:55:05,749 {'product': [ErrorDetail(string='Ce champ ne peut être nul.', code='null')]} - [D29010069936600000004492000001200000000000] | 2026-04-04 00:55:05,758 {'product': [ErrorDetail(string='Ce champ ne peut être nul.', code='null')]} - [D29110069936600000004492000001200000000000] | 2026-04-04 00:55:05,766 {'product': [ErrorDetail(string='Ce champ ne peut être nul.', code='null')]} - [D29210069936600000004492000001200000000000] | 2026-04-04 00:55:05,775 {'product': [ErrorDetail(string='Ce champ ne peut être nul.', code='null')]} - [D29310069936600000004492000001200000000000] | 2026-04-04 00:55:05,783 {'product': [ErrorDetail(string='Ce champ ne peut être nul.', code='null')]} - [D29410069936600000004492000001200000000000] | 2026-04-04 00:55:05,792 {'product': [ErrorDetail(string='Ce champ ne peut être nul.', code='null')]} - [D29510069936600000004492000001200000000000] | 2026-04-04 00:55:05,800 {'product': [ErrorDetail(string='Ce champ ne peut être nul.', code='null')]} - [D30210069936600000004492000001200000000000] | 2026-04-04 00:55:05,803 fin intégration: (b99745fc-eee7-41b8-8090-be2bc070f922) | fichier: /srv/import/050/SugCde_2554074_20260403094130.txt | 215 lignes formatées | 89 lignes en erreurs | 8 lignes crées | 118 lignes mises à jour | 0 lignes supprimées;050;CASH CENTER ZONE 4
pos1;POS 1;2026-04-09T18:56:08.939058+00:00;72300b76-46e1-4759-935e-6a28ed3c1554;2026-04-04T00:55:01.564967;2026-04-04T00:55:03.651186;30;import de données;supplier_pre_order;pré-commande fournisseur;2;succès;interne;Import pré-commande fournisseur: | fin intégration: (72300b76-46e1-4759-935e-6a28ed3c1554) | fichier: /srv/import/110/Cmdpro_FX35_20260403195600.txt | 61 lignes formatées | 0 lignes en erreurs | 1 lignes crées | 56 lignes mises à jour | 4 lignes supprimées;110;SUPER U VALLON
pos1;POS 1;2026-04-09T18:56:08.939058+00:00;30561a9f-5c15-4899-aad2-4f9af457c8a5;2026-04-04T00:54:01.576052;2026-04-04T00:54:02.339794;30;import de données;supplier_order;commande fournisseur;2;succès;interne;Import commande fournisseur: | fin intégration: (30561a9f-5c15-4899-aad2-4f9af457c8a5) | fichier: /srv/import/050/SugCde_2554073_20260403094121.txt | 20 lignes formatées | 0 lignes en erreurs | 2 lignes crées | 18 lignes mises à jour | 0 lignes supprimées;050;CASH CENTER ZONE 4
pos1;POS 1;2026-04-09T18:56:08.939058+00:00;25dd83de-e44d-433a-9fb4-37b1faf9d61f;2026-04-04T00:54:01.527523;2026-04-04T00:54:02.062428;30;import de données;supplier_pre_order;pré-commande fournisseur;0;erreur;interne;Extrait du rapport d'import: | 0 lignes mises à jour | 0 lignes supprimées | 2026-04-04 00:53:01,638 fin intégration: (b0540e92-de8c-4e0b-ae43-b4af29405aa7) | fichier: /srv/import/050/Cmdpro_UFBR_20260403195611.txt | 0 lignes formatées | 0 lignes en erreurs | 0 lignes crées | 0 lignes mises à jour | 0 lignes supprimées | 2026-04-04 00:54:01,522 fichier present: (['Cmdpro_P58G_20260403195610.txt', 'Cmdpro_FX37_20260403195601.txt', 'Cmdpro_PVIN_20260403195605.txt', 'Cmdpro_P21J_20260403195608.txt', 'Cmdpro_PP11_20260403195604.txt', 'Cmdpro_P16Q_20260403195606.txt', 'Cmdpro_FX35_20260403195600.txt', 'Cmdpro_PP13_20260403195605.txt', 'Cmdpro_FX34_20260403195559.txt', 'Cmdpro_UFBR_20260403195611.txt', 'Cmdpro_P61G_20260403195610.txt', 'Cmdpro_PDF7_20260403195603.txt', 'Cmdpro_FX36_20260403195601.txt', 'Cmdpro_P22Q_20260403195609.txt', 'Cmdpro_TLUM_20260403195611.txt', 'Cmdpro_PP12_20260403195604.txt', 'Cmdpro_P19Q_20260403195607.txt', 'Cmdpro_P22J_20260403195609.txt', 'Cmdpro_NOPH_20260403195602.txt', 'Cmdpro_PDF9_20260403195603.txt', 'Cmdpro_P21Q_20260403195608.txt', 'Cmdpro_P17Q_20260403195607.txt'] - supplier_pre_order) dans /srv/import/110/ | 2026-04-04 00:54:01,526 14 lignes lu dans le fichier /srv/import/110/Cmdpro_FX34_20260403195559.txt | 2026-04-04 00:54:01,526 lancement intégration: (25dd83de-e44d-433a-9fb4-37b1faf9d61f) | 2026-04-04 00:54:01,545 fichier present: (['SugCde_2554122_20260403162102.txt', 'SugCde_2554117_20260403162044.txt', 'SugCde_2554096_20260403111129.txt', 'SugCde_2554146_20260403174345.txt', 'SugCde_2554087_20260403103332.txt', 'SugCde_2554114_20260403161717.txt', 'SugCde_2554145_20260403174340.txt', 'SugCde_2554149_20260403174359.txt', 'SugCde_2554076_20260403094140.txt', 'SugCde_2554132_20260403122923.txt', 'SugCde_2554123_20260403162104.txt', 'SugCde_2554147_20260403174349.txt', 'SugCde_2554142_20260403174323.txt', 'SugCde_2554080_20260403094153.txt', 'SugCde_2554127_20260403162115.txt', 'SugCde_2554090_20260403103706.txt', 'SugCde_2554120_20260403162058.txt', 'SugCde_2554125_20260403162110.txt', 'SugCde_2554108_20260403161521.txt', 'SugCde_2554075_20260403094135.txt', 'SugCde_2554126_20260403162113.txt', 'SugCde_2554143_20260403174330.txt', 'SugCde_2554112_20260403161624.txt', 'SugCde_2554150_20260403174402.txt', 'SugCde_2554111_20260403161620.txt', 'SugCde_2554109_20260403161525.txt', 'SugCde_2554086_20260403103337.txt', 'SugCde_2554115_20260403161955.txt', 'SugCde_2554124_20260403162107.txt', 'SugCde_2554105_20260403161446.txt', 'SugCde_2554073_20260403094121.txt', 'SugCde_2554078_20260403094147.txt', 'SugCde_2554077_20260403094143.txt', 'SugCde_2554107_20260403161506.txt', 'SugCde_2554104_20260403161437.txt', 'SugCde_2554144_20260403174335.txt', 'SugCde_2554088_20260403103327.txt', 'SugCde_2554074_20260403094130.txt', 'SugCde_2554106_20260403161502.txt', 'SugCde_2554079_20260403094150.txt', 'SugCde_2554119_20260403162052.txt', 'SugCde_2554110_20260403161613.txt', 'SugCde_2554116_20260403162039.txt', 'SugCde_2554118_20260403162048.txt', 'SugCde_2554130_20260403121349.txt', 'SugCde_2554148_20260403174354.txt'] - supplier_order) dans /srv/import/110/ | 2026-04-04 00:54:01,557 import déjà en cours {mutex:MTX_PRODUCT}, fichier ignoré | 2026-04-04 00:54:01,569 fichier present: (['SugCde_2554122_20260403162102.txt', 'SugCde_2554117_20260403162044.txt', 'SugCde_2554096_20260403111129.txt', 'SugCde_2554146_20260403174345.txt', 'SugCde_2554087_20260403103332.txt', 'SugCde_2554114_20260403161717.txt', 'SugCde_2554145_20260403174340.txt', 'SugCde_2554149_20260403174359.txt', 'SugCde_2554076_20260403094140.txt', 'SugCde_2554132_20260403122923.txt', 'SugCde_2554123_20260403162104.txt', 'SugCde_2554147_20260403174349.txt', 'SugCde_2554142_20260403174323.txt', 'SugCde_2554080_20260403094153.txt', 'SugCde_2554127_20260403162115.txt', 'SugCde_2554090_20260403103706.txt', 'SugCde_2554120_20260403162058.txt', 'SugCde_2554125_20260403162110.txt', 'SugCde_2554108_20260403161521.txt', 'SugCde_2554075_20260403094135.txt', 'SugCde_2554126_20260403162113.txt', 'SugCde_2554143_20260403174330.txt', 'SugCde_2554112_20260403161624.txt', 'SugCde_2554150_20260403174402.txt', 'SugCde_2554111_20260403161620.txt', 'SugCde_2554109_20260403161525.txt', 'SugCde_2554086_20260403103337.txt', 'SugCde_2554115_20260403161955.txt', 'SugCde_2554124_20260403162107.txt', 'SugCde_2554105_20260403161446.txt', 'SugCde_2554073_20260403094121.txt', 'SugCde_2554078_20260403094147.txt', 'SugCde_2554077_20260403094143.txt', 'SugCde_2554107_20260403161506.txt', 'SugCde_2554104_20260403161437.txt', 'SugCde_2554144_20260403174335.txt', 'SugCde_2554088_20260403103327.txt', 'SugCde_2554074_20260403094130.txt', 'SugCde_2554106_20260403161502.txt', 'SugCde_2554079_20260403094150.txt', 'SugCde_2554119_20260403162052.txt', 'SugCde_2554110_20260403161613.txt', 'SugCde_2554116_20260403162039.txt', 'SugCde_2554118_20260403162048.txt', 'SugCde_2554130_20260403121349.txt', 'SugCde_2554148_20260403174354.txt'] - supplier_order) dans /srv/import/050/ | 2026-04-04 00:54:01,575 20 lignes lu dans le fichier /srv/import/050/SugCde_2554073_20260403094121.txt | 2026-04-04 00:54:01,575 lancement intégration: (30561a9f-5c15-4899-aad2-4f9af457c8a5) | 2026-04-04 00:54:01,887 {'product': [ErrorDetail(string='Ce champ ne peut être nul.', code='null')]} - [MD10069353100001754.000] | 2026-04-04 00:54:02,012 {'product': [ErrorDetail(string='Ce champ ne peut être nul.', code='null')]} - [MD10072240100001243.000] | 2026-04-04 00:54:02,034 {'product': [ErrorDetail(string='Ce champ ne peut être nul.', code='null')]} - [MD10072240500001243.000] | 2026-04-04 00:54:02,039 fin intégration: (25dd83de-e44d-433a-9fb4-37b1faf9d61f) | fichier: /srv/import/110/Cmdpro_FX34_20260403195559.txt | 14 lignes formatées | 3 lignes en erreurs | 0 lignes crées | 11 lignes mises à jour | 0 lignes supprimées;110;SUPER U VALLON
pos1;POS 1;2026-04-09T18:56:08.939058+00:00;b0540e92-de8c-4e0b-ae43-b4af29405aa7;2026-04-04T00:53:01.572192;2026-04-04T00:53:01.640349;30;import de données;supplier_pre_order;pré-commande fournisseur;2;succès;interne;Import pré-commande fournisseur: | fin intégration: (b0540e92-de8c-4e0b-ae43-b4af29405aa7) | fichier: /srv/import/050/Cmdpro_UFBR_20260403195611.txt | 0 lignes formatées | 0 lignes en erreurs | 0 lignes crées | 0 lignes mises à jour | 0 lignes supprimées;050;CASH CENTER ZONE 4
pos1;POS 1;2026-04-09T18:56:08.939058+00:00;42ffe444-3e5b-4d05-b845-fa5b1e3e49d6;2026-04-04T00:53:01.554125;2026-04-04T00:53:01.605413;30;import de données;supplier_pre_order;pré-commande fournisseur;2;succès;interne;Import pré-commande fournisseur: | fin intégration: (42ffe444-3e5b-4d05-b845-fa5b1e3e49d6) | fichier: /srv/import/110/Cmdpro_26VN_20260403195619.txt | 0 lignes formatées | 0 lignes en erreurs | 0 lignes crées | 0 lignes mises à jour | 0 lignes supprimées;110;SUPER U VALLON
pos1;POS 1;2026-04-09T18:56:08.939058+00:00;163faf33-b7d1-4612-a6af-552fbf752682;2026-04-04T00:52:01.549401;2026-04-04T00:52:01.707852;30;import de données;supplier_pre_order;pré-commande fournisseur;2;succès;interne;Import pré-commande fournisseur: | fin intégration: (163faf33-b7d1-4612-a6af-552fbf752682) | fichier: /srv/import/110/Cmdpro_26VI_20260403195618.txt | 2 lignes formatées | 0 lignes en erreurs | 0 lignes crées | 2 lignes mises à jour | 0 lignes supprimées;110;SUPER U VALLON
pos1;POS 1;2026-04-09T18:56:08.939058+00:00;8aade15d-9ebc-49d9-9b49-c43292db973f;2026-04-04T00:52:01.586145;2026-04-04T00:52:01.631947;30;import de données;supplier_pre_order;pré-commande fournisseur;2;succès;interne;Import pré-commande fournisseur: | fin intégration: (8aade15d-9ebc-49d9-9b49-c43292db973f) | fichier: /srv/import/050/Cmdpro_TLUM_20260403195611.txt | 0 lignes formatées | 0 lignes en erreurs | 0 lignes crées | 0 lignes mises à jour | 0 lignes supprimées;050;CASH CENTER ZONE 4
pos1;POS 1;2026-04-09T18:56:08.939058+00:00;4bda1638-5ffc-4b31-a6ec-a3942c379705;2026-04-04T00:51:01.571254;2026-04-04T00:51:01.628171;30;import de données;supplier_pre_order;pré-commande fournisseur;2;succès;interne;Import pré-commande fournisseur: | fin intégration: (4bda1638-5ffc-4b31-a6ec-a3942c379705) | fichier: /srv/import/050/Cmdpro_PVIN_20260403195605.txt | 0 lignes formatées | 0 lignes en erreurs | 0 lignes crées | 0 lignes mises à jour | 0 lignes supprimées;050;CASH CENTER ZONE 4
pos1;POS 1;2026-04-09T18:56:08.939058+00:00;f2173762-24ae-4e8c-b54e-06f36134cf5d;2026-04-04T00:51:01.551091;2026-04-04T00:51:01.596925;30;import de données;supplier_pre_order;pré-commande fournisseur;2;succès;interne;Import pré-commande fournisseur: | fin intégration: (f2173762-24ae-4e8c-b54e-06f36134cf5d) | fichier: /srv/import/110/Cmdpro_26UG_20260403195618.txt | 0 lignes formatées | 0 lignes en erreurs | 0 lignes crées | 0 lignes mises à jour | 0 lignes supprimées;110;SUPER U VALLON
pos1;POS 1;2026-04-09T18:56:08.939058+00:00;57dc9f0a-b241-412e-b949-c59dadea9735;2026-04-04T00:50:01.610373;2026-04-04T00:50:01.851742;30;import de données;supplier_pre_order;pré-commande fournisseur;2;succès;interne;Import pré-commande fournisseur: | fin intégration: (57dc9f0a-b241-412e-b949-c59dadea9735) | fichier: /srv/import/110/Cmdpro_26TR_20260403195617.txt | 4 lignes formatées | 0 lignes en erreurs | 0 lignes crées | 4 lignes mises à jour | 0 lignes supprimées;110;SUPER U VALLON
pos1;POS 1;2026-04-09T18:56:08.939058+00:00;fa7c6c05-b746-4365-89f7-3af41853b14e;2026-04-04T00:50:01.645450;2026-04-04T00:50:01.730640;30;import de données;supplier_pre_order;pré-commande fournisseur;2;succès;interne;Import pré-commande fournisseur: | fin intégration: (fa7c6c05-b746-4365-89f7-3af41853b14e) | fichier: /srv/import/050/Cmdpro_PP13_20260403195605.txt | 0 lignes formatées | 0 lignes en erreurs | 0 lignes crées | 0 lignes mises à jour | 0 lignes supprimées;050;CASH CENTER ZONE 4
pos1;POS 1;2026-04-09T18:56:08.939058+00:00;397af77b-8f71-4249-8670-cf168d28b087;2026-04-04T00:49:01.524029;2026-04-04T00:49:01.711321;30;import de données;supplier_pre_order;pré-commande fournisseur;0;erreur;interne;Extrait du rapport d'import: | 0 lignes mises à jour | 0 lignes supprimées | 2026-04-04 00:49:01,521 fichier present: (['Cmdpro_P58G_20260403195610.txt', 'Cmdpro_FX37_20260403195601.txt', 'Cmdpro_PVIN_20260403195605.txt', 'Cmdpro_P21J_20260403195608.txt', 'Cmdpro_PP11_20260403195604.txt', 'Cmdpro_P16Q_20260403195606.txt', 'Cmdpro_FX35_20260403195600.txt', 'Cmdpro_PP13_20260403195605.txt', 'Cmdpro_26TR_20260403195617.txt', 'Cmdpro_FX34_20260403195559.txt', 'Cmdpro_UFBR_20260403195611.txt', 'Cmdpro_P61G_20260403195610.txt', 'Cmdpro_26UG_20260403195618.txt', 'Cmdpro_PDF7_20260403195603.txt', 'Cmdpro_26VI_20260403195618.txt', 'Cmdpro_26SV_20260403195617.txt', 'Cmdpro_FX36_20260403195601.txt', 'Cmdpro_P22Q_20260403195609.txt', 'Cmdpro_TLUM_20260403195611.txt', 'Cmdpro_PP12_20260403195604.txt', 'Cmdpro_P19Q_20260403195607.txt', 'Cmdpro_P22J_20260403195609.txt', 'Cmdpro_NOPH_20260403195602.txt', 'Cmdpro_PDF9_20260403195603.txt', 'Cmdpro_P21Q_20260403195608.txt', 'Cmdpro_P17Q_20260403195607.txt', 'Cmdpro_26VN_20260403195619.txt'] - supplier_pre_order) dans /srv/import/110/ | 2026-04-04 00:49:01,523 7 lignes lu dans le fichier /srv/import/110/Cmdpro_26SV_20260403195617.txt | 2026-04-04 00:49:01,523 lancement intégration: (397af77b-8f71-4249-8670-cf168d28b087) | 2026-04-04 00:49:01,532 fichier present: (['SugCde_2554122_20260403162102.txt', 'SugCde_2554117_20260403162044.txt', 'SugCde_2554096_20260403111129.txt', 'SugCde_2554146_20260403174345.txt', 'SugCde_2554087_20260403103332.txt', 'SugCde_2554114_20260403161717.txt', 'SugCde_2554145_20260403174340.txt', 'SugCde_2554149_20260403174359.txt', 'SugCde_2554076_20260403094140.txt', 'SugCde_2554132_20260403122923.txt', 'SugCde_2554123_20260403162104.txt', 'SugCde_2554147_20260403174349.txt', 'SugCde_2554142_20260403174323.txt', 'SugCde_2554080_20260403094153.txt', 'SugCde_2554127_20260403162115.txt', 'SugCde_2554090_20260403103706.txt', 'SugCde_2554120_20260403162058.txt', 'SugCde_2554125_20260403162110.txt', 'SugCde_2554108_20260403161521.txt', 'SugCde_2554075_20260403094135.txt', 'SugCde_2554126_20260403162113.txt', 'SugCde_2554143_20260403174330.txt', 'SugCde_2554112_20260403161624.txt', 'SugCde_2554150_20260403174402.txt', 'SugCde_2554111_20260403161620.txt', 'SugCde_2554109_20260403161525.txt', 'SugCde_2554086_20260403103337.txt', 'SugCde_2554115_20260403161955.txt', 'SugCde_2554124_20260403162107.txt', 'SugCde_2554105_20260403161446.txt', 'SugCde_2554073_20260403094121.txt', 'SugCde_2554078_20260403094147.txt', 'SugCde_2554077_20260403094143.txt', 'SugCde_2554107_20260403161506.txt', 'SugCde_2554104_20260403161437.txt', 'SugCde_2554144_20260403174335.txt', 'SugCde_2554088_20260403103327.txt', 'SugCde_2554074_20260403094130.txt', 'SugCde_2554106_20260403161502.txt', 'SugCde_2554079_20260403094150.txt', 'SugCde_2554119_20260403162052.txt', 'SugCde_2554110_20260403161613.txt', 'SugCde_2554116_20260403162039.txt', 'SugCde_2554118_20260403162048.txt', 'SugCde_2554130_20260403121349.txt', 'SugCde_2554148_20260403174354.txt'] - supplier_order) dans /srv/import/110/ | 2026-04-04 00:49:01,533 import déjà en cours {mutex:MTX_PRODUCT}, fichier ignoré | 2026-04-04 00:49:01,535 fichier present: (['Cmdpro_PVIN_20260403195605.txt', 'Cmdpro_PP13_20260403195605.txt', 'Cmdpro_UFBR_20260403195611.txt', 'Cmdpro_TLUM_20260403195611.txt', 'Cmdpro_PP12_20260403195604.txt'] - supplier_pre_order) dans /srv/import/050/ | 2026-04-04 00:49:01,537 83 lignes lu dans le fichier /srv/import/050/Cmdpro_PP12_20260403195604.txt | 2026-04-04 00:49:01,537 lancement intégration: (db1ed461-6185-41fc-84ce-46b59a10dba1) | 2026-04-04 00:49:01,548 fichier present: (['SugCde_2554122_20260403162102.txt', 'SugCde_2554117_20260403162044.txt', 'SugCde_2554096_20260403111129.txt', 'SugCde_2554146_20260403174345.txt', 'SugCde_2554087_20260403103332.txt', 'SugCde_2554114_20260403161717.txt', 'SugCde_2554145_20260403174340.txt', 'SugCde_2554149_20260403174359.txt', 'SugCde_2554076_20260403094140.txt', 'SugCde_2554132_20260403122923.txt', 'SugCde_2554123_20260403162104.txt', 'SugCde_2554147_20260403174349.txt', 'SugCde_2554142_20260403174323.txt', 'SugCde_2554080_20260403094153.txt', 'SugCde_2554127_20260403162115.txt', 'SugCde_2554090_20260403103706.txt', 'SugCde_2554120_20260403162058.txt', 'SugCde_2554125_20260403162110.txt', 'SugCde_2554108_20260403161521.txt', 'SugCde_2554075_20260403094135.txt', 'SugCde_2554126_20260403162113.txt', 'SugCde_2554143_20260403174330.txt', 'SugCde_2554112_20260403161624.txt', 'SugCde_2554150_20260403174402.txt', 'SugCde_2554111_20260403161620.txt', 'SugCde_2554109_20260403161525.txt', 'SugCde_2554086_20260403103337.txt', 'SugCde_2554115_20260403161955.txt', 'SugCde_2554124_20260403162107.txt', 'SugCde_2554105_20260403161446.txt', 'SugCde_2554073_20260403094121.txt', 'SugCde_2554078_20260403094147.txt', 'SugCde_2554077_20260403094143.txt', 'SugCde_2554107_20260403161506.txt', 'SugCde_2554104_20260403161437.txt', 'SugCde_2554144_20260403174335.txt', 'SugCde_2554088_20260403103327.txt', 'SugCde_2554074_20260403094130.txt', 'SugCde_2554106_20260403161502.txt', 'SugCde_2554079_20260403094150.txt', 'SugCde_2554119_20260403162052.txt', 'SugCde_2554110_20260403161613.txt', 'SugCde_2554116_20260403162039.txt', 'SugCde_2554118_20260403162048.txt', 'SugCde_2554130_20260403121349.txt', 'SugCde_2554148_20260403174354.txt'] - supplier_order) dans /srv/import/050/ | 2026-04-04 00:49:01,550 import déjà en cours {mutex:MTX_PRODUCT}, fichier ignoré | 2026-04-04 00:49:01,598 fin intégration: (db1ed461-6185-41fc-84ce-46b59a10dba1) | fichier: /srv/import/050/Cmdpro_PP12_20260403195604.txt | 0 lignes formatées | 0 lignes en erreurs | 0 lignes crées | 0 lignes mises à jour | 0 lignes supprimées | 2026-04-04 00:49:01,626 {'product': [ErrorDetail(string='Ce champ ne peut être nul.', code='null')]} - [MD10069751700000286.000] | 2026-04-04 00:49:01,694 fin intégration: (397af77b-8f71-4249-8670-cf168d28b087) | fichier: /srv/import/110/Cmdpro_26SV_20260403195617.txt | 7 lignes formatées | 1 lignes en erreurs | 0 lignes crées | 6 lignes mises à jour | 0 lignes supprimées;110;SUPER U VALLON
pos1;POS 1;2026-04-09T18:56:08.939058+00:00;db1ed461-6185-41fc-84ce-46b59a10dba1;2026-04-04T00:49:01.538537;2026-04-04T00:49:01.600843;30;import de données;supplier_pre_order;pré-commande fournisseur;2;succès;interne;Import pré-commande fournisseur: | fin intégration: (db1ed461-6185-41fc-84ce-46b59a10dba1) | fichier: /srv/import/050/Cmdpro_PP12_20260403195604.txt | 0 lignes formatées | 0 lignes en erreurs | 0 lignes crées | 0 lignes mises à jour | 0 lignes supprimées;050;CASH CENTER ZONE 4
pos1;POS 1;2026-04-09T18:56:08.939058+00:00;58acc2c6-481a-42db-bd74-d3f35f4c0695;2026-04-04T00:48:01.562889;2026-04-04T00:48:01.650433;30;import de données;supplier_pre_order;pré-commande fournisseur;2;succès;interne;Import pré-commande fournisseur: | fin intégration: (58acc2c6-481a-42db-bd74-d3f35f4c0695) | fichier: /srv/import/050/Cmdpro_PP11_20260403195604.txt | 0 lignes formatées | 0 lignes en erreurs | 0 lignes crées | 0 lignes mises à jour | 0 lignes supprimées;050;CASH CENTER ZONE 4
pos1;POS 1;2026-04-09T18:56:08.939058+00:00;cc5aa083-b7d9-4607-93c2-c97195e7f651;2026-04-04T00:48:01.548063;2026-04-04T00:48:01.593397;30;import de données;supplier_pre_order;pré-commande fournisseur;2;succès;interne;Import pré-commande fournisseur: | fin intégration: (cc5aa083-b7d9-4607-93c2-c97195e7f651) | fichier: /srv/import/110/Cmdpro_26ST_20260403195616.txt | 0 lignes formatées | 0 lignes en erreurs | 0 lignes crées | 0 lignes mises à jour | 0 lignes supprimées;110;SUPER U VALLON
pos1;POS 1;2026-04-09T18:56:08.939058+00:00;2a99fca1-d5e7-4f3a-bb9e-b56ac6fc5e29;2026-04-04T00:47:01.541425;2026-04-04T00:47:01.756890;30;import de données;supplier_pre_order;pré-commande fournisseur;2;succès;interne;Import pré-commande fournisseur: | fin intégration: (2a99fca1-d5e7-4f3a-bb9e-b56ac6fc5e29) | fichier: /srv/import/110/Cmdpro_26SS_20260403195616.txt | 5 lignes formatées | 0 lignes en erreurs | 0 lignes crées | 4 lignes mises à jour | 1 lignes supprimées;110;SUPER U VALLON
pos1;POS 1;2026-04-09T18:56:08.939058+00:00;36325d85-7c38-4bf5-9a0f-870ac454c199;2026-04-04T00:47:01.564029;2026-04-04T00:47:01.616561;30;import de données;supplier_pre_order;pré-commande fournisseur;2;succès;interne;Import pré-commande fournisseur: | fin intégration: (36325d85-7c38-4bf5-9a0f-870ac454c199) | fichier: /srv/import/050/Cmdpro_PDF9_20260403195603.txt | 0 lignes formatées | 0 lignes en erreurs | 0 lignes crées | 0 lignes mises à jour | 0 lignes supprimées;050;CASH CENTER ZONE 4
pos1;POS 1;2026-04-09T18:56:08.939058+00:00;3fabfe49-069a-49df-a536-1af428edf311;2026-04-04T00:46:01.553989;2026-04-04T00:46:01.606425;30;import de données;supplier_pre_order;pré-commande fournisseur;2;succès;interne;Import pré-commande fournisseur: | fin intégration: (3fabfe49-069a-49df-a536-1af428edf311) | fichier: /srv/import/050/Cmdpro_PDF7_20260403195603.txt | 0 lignes formatées | 0 lignes en erreurs | 0 lignes crées | 0 lignes mises à jour | 0 lignes supprimées;050;CASH CENTER ZONE 4
pos1;POS 1;2026-04-09T18:56:08.939058+00:00;43271725-a059-4f0f-bf85-5d9744485198;2026-04-04T00:46:01.524267;2026-04-04T00:46:01.595087;30;import de données;supplier_pre_order;pré-commande fournisseur;2;succès;interne;Import pré-commande fournisseur: | fin intégration: (43271725-a059-4f0f-bf85-5d9744485198) | fichier: /srv/import/110/Cmdpro_26SB_20260403195615.txt | 0 lignes formatées | 0 lignes en erreurs | 0 lignes crées | 0 lignes mises à jour | 0 lignes supprimées;110;SUPER U VALLON
pos1;POS 1;2026-04-09T18:56:08.939058+00:00;4c06315e-8dfa-4e5d-b99d-9a2035ec97d6;2026-04-04T00:45:01.632836;2026-04-04T00:45:01.685116;30;import de données;supplier_pre_order;pré-commande fournisseur;2;succès;interne;Import pré-commande fournisseur: | fin intégration: (4c06315e-8dfa-4e5d-b99d-9a2035ec97d6) | fichier: /srv/import/050/Cmdpro_P61G_20260403195610.txt | 0 lignes formatées | 0 lignes en erreurs | 0 lignes crées | 0 lignes mises à jour | 0 lignes supprimées;050;CASH CENTER ZONE 4
pos1;POS 1;2026-04-09T18:56:08.939058+00:00;a7cb0657-7a1e-4f83-9739-eea736dce3e5;2026-04-04T00:45:01.600458;2026-04-04T00:45:01.679327;30;import de données;supplier_pre_order;pré-commande fournisseur;2;succès;interne;Import pré-commande fournisseur: | fin intégration: (a7cb0657-7a1e-4f83-9739-eea736dce3e5) | fichier: /srv/import/110/Cmdpro_26OE_20260403195615.txt | 0 lignes formatées | 0 lignes en erreurs | 0 lignes crées | 0 lignes mises à jour | 0 lignes supprimées;110;SUPER U VALLON
pos1;POS 1;2026-04-09T18:56:08.939058+00:00;7f13fd39-df93-46a3-8fd9-770b380ecf61;2026-04-04T00:44:01.540369;2026-04-04T00:44:01.580066;30;import de données;supplier_pre_order;pré-commande fournisseur;2;succès;interne;Import pré-commande fournisseur: | fin intégration: (7f13fd39-df93-46a3-8fd9-770b380ecf61) | fichier: /srv/import/050/Cmdpro_P58G_20260403195610.txt | 0 lignes formatées | 0 lignes en erreurs | 0 lignes crées | 0 lignes mises à jour | 0 lignes supprimées;050;CASH CENTER ZONE 4
pos1;POS 1;2026-04-09T18:56:08.939058+00:00;159cc802-3e9f-4b94-9700-3ec2e4fd2e16;2026-04-04T00:44:01.529520;2026-04-04T00:44:01.567414;30;import de données;supplier_pre_order;pré-commande fournisseur;2;succès;interne;Import pré-commande fournisseur: | fin intégration: (159cc802-3e9f-4b94-9700-3ec2e4fd2e16) | fichier: /srv/import/110/Cmdpro_26GC_20260403195614.txt | 0 lignes formatées | 0 lignes en erreurs | 0 lignes crées | 0 lignes mises à jour | 0 lignes supprimées;110;SUPER U VALLON
pos1;POS 1;2026-04-09T18:56:08.939058+00:00;a02f0a64-dfb7-4cd5-b65f-def60b0ca92e;2026-04-04T00:43:01.545562;2026-04-04T00:43:01.786850;30;import de données;supplier_pre_order;pré-commande fournisseur;2;succès;interne;Import pré-commande fournisseur: | fin intégration: (a02f0a64-dfb7-4cd5-b65f-def60b0ca92e) | fichier: /srv/import/110/Cmdpro_26FP_20260403195614.txt | 5 lignes formatées | 0 lignes en erreurs | 0 lignes crées | 5 lignes mises à jour | 0 lignes supprimées;110;SUPER U VALLON
pos1;POS 1;2026-04-09T18:56:08.939058+00:00;5f17fe5a-c62a-4ed5-9360-f9e84da10671;2026-04-04T00:43:01.569300;2026-04-04T00:43:01.621831;30;import de données;supplier_pre_order;pré-commande fournisseur;2;succès;interne;Import pré-commande fournisseur: | fin intégration: (5f17fe5a-c62a-4ed5-9360-f9e84da10671) | fichier: /srv/import/050/Cmdpro_P22Q_20260403195609.txt | 0 lignes formatées | 0 lignes en erreurs | 0 lignes crées | 0 lignes mises à jour | 0 lignes supprimées;050;CASH CENTER ZONE 4
pos1;POS 1;2026-04-09T18:56:08.939058+00:00;52494889-e1b7-47e2-9d83-bd2753d81b05;2026-04-04T00:42:01.543890;2026-04-04T00:42:01.738289;30;import de données;supplier_pre_order;pré-commande fournisseur;2;succès;interne;Import pré-commande fournisseur: | fin intégration: (52494889-e1b7-47e2-9d83-bd2753d81b05) | fichier: /srv/import/110/Cmdpro_26CL_20260403195614.txt | 4 lignes formatées | 0 lignes en erreurs | 0 lignes crées | 4 lignes mises à jour | 0 lignes supprimées;110;SUPER U VALLON
pos1;POS 1;2026-04-09T18:56:08.939058+00:00;6bc2ca4e-aa93-4668-9b7c-df1eafb4351b;2026-04-04T00:42:01.570552;2026-04-04T00:42:01.628780;30;import de données;supplier_pre_order;pré-commande fournisseur;2;succès;interne;Import pré-commande fournisseur: | fin intégration: (6bc2ca4e-aa93-4668-9b7c-df1eafb4351b) | fichier: /srv/import/050/Cmdpro_P22J_20260403195609.txt | 0 lignes formatées | 0 lignes en erreurs | 0 lignes crées | 0 lignes mises à jour | 0 lignes supprimées;050;CASH CENTER ZONE 4
pos1;POS 1;2026-04-09T18:56:08.939058+00:00;d68e0a24-912b-49a5-a5b1-631678191b76;2026-04-04T00:41:01.533253;2026-04-04T00:41:01.724800;30;import de données;supplier_pre_order;pré-commande fournisseur;2;succès;interne;Import pré-commande fournisseur: | fin intégration: (d68e0a24-912b-49a5-a5b1-631678191b76) | fichier: /srv/import/110/Cmdpro_26CC_20260403195613.txt | 7 lignes formatées | 0 lignes en erreurs | 0 lignes crées | 7 lignes mises à jour | 0 lignes supprimées;110;SUPER U VALLON
pos1;POS 1;2026-04-09T18:56:08.939058+00:00;796255d3-c447-4116-bcbf-b2d9becee12e;2026-04-04T00:41:01.554018;2026-04-04T00:41:01.605497;30;import de données;supplier_pre_order;pré-commande fournisseur;2;succès;interne;Import pré-commande fournisseur: | fin intégration: (796255d3-c447-4116-bcbf-b2d9becee12e) | fichier: /srv/import/050/Cmdpro_P21Q_20260403195608.txt | 0 lignes formatées | 0 lignes en erreurs | 0 lignes crées | 0 lignes mises à jour | 0 lignes supprimées;050;CASH CENTER ZONE 4
pos1;POS 1;2026-04-09T18:56:08.939058+00:00;6e372e9d-f57b-4284-9fee-fde5755681f8;2026-04-04T00:40:01.557481;2026-04-04T00:40:01.858542;30;import de données;supplier_pre_order;pré-commande fournisseur;2;succès;interne;Import pré-commande fournisseur: | fin intégration: (6e372e9d-f57b-4284-9fee-fde5755681f8) | fichier: /srv/import/110/Cmdpro_15CL_20260403195613.txt | 7 lignes formatées | 0 lignes en erreurs | 0 lignes crées | 7 lignes mises à jour | 0 lignes supprimées;110;SUPER U VALLON
pos1;POS 1;2026-04-09T18:56:08.939058+00:00;baf74e2c-7492-47c0-bb61-8c326ee18162;2026-04-04T00:40:01.584490;2026-04-04T00:40:01.666715;30;import de données;supplier_pre_order;pré-commande fournisseur;2;succès;interne;Import pré-commande fournisseur: | fin intégration: (baf74e2c-7492-47c0-bb61-8c326ee18162) | fichier: /srv/import/050/Cmdpro_P21J_20260403195608.txt | 0 lignes formatées | 0 lignes en erreurs | 0 lignes crées | 0 lignes mises à jour | 0 lignes supprimées;050;CASH CENTER ZONE 4
pos1;POS 1;2026-04-09T18:56:08.939058+00:00;fc6a6e7b-0036-4252-81dc-2548798e752b;2026-04-04T00:39:01.546319;2026-04-04T00:39:01.582626;30;import de données;supplier_pre_order;pré-commande fournisseur;2;succès;interne;Import pré-commande fournisseur: | fin intégration: (fc6a6e7b-0036-4252-81dc-2548798e752b) | fichier: /srv/import/050/Cmdpro_P19Q_20260403195607.txt | 0 lignes formatées | 0 lignes en erreurs | 0 lignes crées | 0 lignes mises à jour | 0 lignes supprimées;050;CASH CENTER ZONE 4
pos1;POS 1;2026-04-09T18:56:08.939058+00:00;07c2ab34-bb6e-4be8-b31d-0d453b0de671;2026-04-04T00:39:01.530923;2026-04-04T00:39:01.574941;30;import de données;supplier_pre_order;pré-commande fournisseur;2;succès;interne;Import pré-commande fournisseur: | fin intégration: (07c2ab34-bb6e-4be8-b31d-0d453b0de671) | fichier: /srv/import/110/Cmdpro_12SV_20260403195612.txt | 0 lignes formatées | 0 lignes en erreurs | 0 lignes crées | 0 lignes mises à jour | 0 lignes supprimées;110;SUPER U VALLON
pos1;POS 1;2026-04-09T18:56:08.939058+00:00;4424a4c7-07ad-40b8-b1ba-b669771697cf;2026-04-04T00:38:01.559848;2026-04-04T00:38:05.045980;30;import de données;supplier_pre_order;pré-commande fournisseur;0;erreur;interne;Extrait du rapport d'import: | 2026-04-04 00:38:04,075 {'product': [ErrorDetail(string='Ce champ ne peut être nul.', code='null')]} - [MD10061889600006695.000] | 2026-04-04 00:38:04,092 {'product': [ErrorDetail(string='Ce champ ne peut être nul.', code='null')]} - [MD10061891800006695.000] | 2026-04-04 00:38:04,228 {'product': [ErrorDetail(string='Ce champ ne peut être nul.', code='null')]} - [MD10062827100007627.000] | 2026-04-04 00:38:04,344 {'ean': [ErrorDetail(string='Article non commandable', code='invalid')]} - [MD10063423500012366.000] | 2026-04-04 00:38:04,361 {'ean': [ErrorDetail(string='Article non commandable', code='invalid')]} - [MD10063466900007500.000] | 2026-04-04 00:38:04,373 {'product': [ErrorDetail(string='Ce champ ne peut être nul.', code='null')]} - [MD10063530600037203.000] | 2026-04-04 00:38:04,384 {'product': [ErrorDetail(string='Ce champ ne peut être nul.', code='null')]} - [MD10063794600017626.000] | 2026-04-04 00:38:04,396 {'product': [ErrorDetail(string='Ce champ ne peut être nul.', code='null')]} - [MD10063795000017793.000] | 2026-04-04 00:38:04,409 {'product': [ErrorDetail(string='Ce champ ne peut être nul.', code='null')]} - [MD10063795100022271.000] | 2026-04-04 00:38:04,457 {'product': [ErrorDetail(string='Ce champ ne peut être nul.', code='null')]} - [MD10063992000005568.000] | 2026-04-04 00:38:04,469 {'ean': [ErrorDetail(string='Article non commandable', code='invalid')]} - [MD10064040600005647.000] | 2026-04-04 00:38:04,480 {'ean': [ErrorDetail(string='Article non commandable', code='invalid')]} - [MD10064040700010763.000] | 2026-04-04 00:38:04,492 {'ean': [ErrorDetail(string='Article non commandable', code='invalid')]} - [MD10064057500004407.000] | 2026-04-04 00:38:04,504 {'product': [ErrorDetail(string='Ce champ ne peut être nul.', code='null')]} - [MD10064073800003728.000] | 2026-04-04 00:38:04,515 {'ean': [ErrorDetail(string='Article non commandable', code='invalid')]} - [MD10064206000007778.010] | 2026-04-04 00:38:04,543 {'ean': [ErrorDetail(string='Article non commandable', code='invalid')]} - [MD10064238600006164.000] | 2026-04-04 00:38:04,557 {'ean': [ErrorDetail(string='Article non commandable', code='invalid')]} - [MD10064238800006356.000] | 2026-04-04 00:38:04,584 {'ean': [ErrorDetail(string='Article non commandable', code='invalid')]} - [MD10064239000008644.000] | 2026-04-04 00:38:04,646 {'product': [ErrorDetail(string='Ce champ ne peut être nul.', code='null')]} - [MD10066238700009316.000] | 2026-04-04 00:38:04,657 {'product': [ErrorDetail(string='Ce champ ne peut être nul.', code='null')]} - [MD10066238800015558.000] | 2026-04-04 00:38:04,937 {'product': [ErrorDetail(string='Ce champ ne peut être nul.', code='null')]} - [MD10071599500016950.000] | 2026-04-04 00:38:04,961 {'product': [ErrorDetail(string='Ce champ ne peut être nul.', code='null')]} - [MD10071599600012244.000] | 2026-04-04 00:38:05,001 fin intégration: (4424a4c7-07ad-40b8-b1ba-b669771697cf) | fichier: /srv/import/110/Cmdpro_0186_20260403195612.txt | 170 lignes formatées | 92 lignes en erreurs | 1 lignes crées | 66 lignes mises à jour | 9 lignes supprimées;110;SUPER U VALLON
pos1;POS 1;2026-04-09T18:56:08.939058+00:00;fb9b8911-aa6e-484b-8edb-f88f4720a000;2026-04-04T00:38:01.581994;2026-04-04T00:38:01.686193;30;import de données;supplier_pre_order;pré-commande fournisseur;2;succès;interne;Import pré-commande fournisseur: | fin intégration: (fb9b8911-aa6e-484b-8edb-f88f4720a000) | fichier: /srv/import/050/Cmdpro_P17Q_20260403195607.txt | 0 lignes formatées | 0 lignes en erreurs | 0 lignes crées | 0 lignes mises à jour | 0 lignes supprimées;050;CASH CENTER ZONE 4
pos1;POS 1;2026-04-09T18:56:08.939058+00:00;007e8333-66c0-458d-8238-3c46ce0e3d19;2026-04-04T00:37:01.520353;2026-04-04T00:37:03.344272;30;import de données;delivery;livraison;2;succès;interne;Import livraison: | fin intégration: (007e8333-66c0-458d-8238-3c46ce0e3d19) | fichier: /srv/import/110/Fac_110_00336422.LC | 45 lignes formatées | 0 lignes en erreurs | 42 lignes crées | 3 lignes mises à jour | 0 lignes supprimées;110;SUPER U VALLON
pos1;POS 1;2026-04-09T18:56:08.939058+00:00;14744a73-622f-4a47-95cd-0a9b8b068642;2026-04-04T00:37:01.537902;2026-04-04T00:37:01.596830;30;import de données;supplier_pre_order;pré-commande fournisseur;2;succès;interne;Import pré-commande fournisseur: | fin intégration: (14744a73-622f-4a47-95cd-0a9b8b068642) | fichier: /srv/import/050/Cmdpro_P16Q_20260403195606.txt | 0 lignes formatées | 0 lignes en erreurs | 0 lignes crées | 0 lignes mises à jour | 0 lignes supprimées;050;CASH CENTER ZONE 4
pos1;POS 1;2026-04-09T18:56:08.939058+00:00;ebe13510-b800-4099-bb5a-80b6e27c31aa;2026-04-04T00:36:01.544842;2026-04-04T00:36:01.748473;30;import de données;delivery;livraison;2;succès;interne;Import livraison: | fin intégration: (ebe13510-b800-4099-bb5a-80b6e27c31aa) | fichier: /srv/import/110/Fac_110_00336421.LC | 3 lignes formatées | 0 lignes en erreurs | 3 lignes crées | 0 lignes mises à jour | 0 lignes supprimées;110;SUPER U VALLON
pos1;POS 1;2026-04-09T18:56:08.939058+00:00;5c1a3e96-2355-463e-9ce5-4af1c2db7c60;2026-04-04T00:36:01.584434;2026-04-04T00:36:01.632977;30;import de données;supplier_pre_order;pré-commande fournisseur;2;succès;interne;Import pré-commande fournisseur: | fin intégration: (5c1a3e96-2355-463e-9ce5-4af1c2db7c60) | fichier: /srv/import/050/Cmdpro_NOPH_20260403195602.txt | 0 lignes formatées | 0 lignes en erreurs | 0 lignes crées | 0 lignes mises à jour | 0 lignes supprimées;050;CASH CENTER ZONE 4
pos1;POS 1;2026-04-09T18:56:08.939058+00:00;b2f9482d-14be-49d0-832e-e9aaf615a48c;2026-04-04T00:35:01.534043;2026-04-04T00:35:01.958582;30;import de données;delivery;livraison;2;succès;interne;Import livraison: | fin intégration: (b2f9482d-14be-49d0-832e-e9aaf615a48c) | fichier: /srv/import/110/Fac_110_00336420.LC | 8 lignes formatées | 0 lignes en erreurs | 8 lignes crées | 0 lignes mises à jour | 0 lignes supprimées;110;SUPER U VALLON
pos1;POS 1;2026-04-09T18:56:08.939058+00:00;641580c0-46eb-4d23-b317-d7444d1167e3;2026-04-04T00:35:01.557543;2026-04-04T00:35:01.629574;30;import de données;supplier_pre_order;pré-commande fournisseur;2;succès;interne;Import pré-commande fournisseur: | fin intégration: (641580c0-46eb-4d23-b317-d7444d1167e3) | fichier: /srv/import/050/Cmdpro_FX37_20260403195601.txt | 0 lignes formatées | 0 lignes en erreurs | 0 lignes crées | 0 lignes mises à jour | 0 lignes supprimées;050;CASH CENTER ZONE 4
pos1;POS 1;2026-04-09T18:56:08.939058+00:00;eaa0b043-39df-4de9-ac11-58690e01cd5f;2026-04-04T00:34:01.573590;2026-04-04T00:34:01.777991;30;import de données;delivery;livraison;2;succès;interne;Import livraison: | fin intégration: (eaa0b043-39df-4de9-ac11-58690e01cd5f) | fichier: /srv/import/110/Fac_110_00336419.LC | 2 lignes formatées | 0 lignes en erreurs | 2 lignes crées | 0 lignes mises à jour | 0 lignes supprimées;110;SUPER U VALLON
pos1;POS 1;2026-04-09T18:56:08.939058+00:00;9cc0cda3-3e29-4c0a-8429-de5cb328d1d0;2026-04-04T00:34:01.604690;2026-04-04T00:34:01.681431;30;import de données;supplier_pre_order;pré-commande fournisseur;2;succès;interne;Import pré-commande fournisseur: | fin intégration: (9cc0cda3-3e29-4c0a-8429-de5cb328d1d0) | fichier: /srv/import/050/Cmdpro_FX36_20260403195601.txt | 0 lignes formatées | 0 lignes en erreurs | 0 lignes crées | 0 lignes mises à jour | 0 lignes supprimées;050;CASH CENTER ZONE 4
pos1;POS 1;2026-04-09T18:56:08.939058+00:00;3b880d54-afcb-4c63-9a01-6b18b91242cc;2026-04-04T00:33:01.554318;2026-04-04T00:33:01.854370;30;import de données;delivery;livraison;2;succès;interne;Import livraison: | fin intégration: (3b880d54-afcb-4c63-9a01-6b18b91242cc) | fichier: /srv/import/110/Fac_110_00336418.LC | 3 lignes formatées | 0 lignes en erreurs | 2 lignes crées | 1 lignes mises à jour | 0 lignes supprimées;110;SUPER U VALLON
pos1;POS 1;2026-04-09T18:56:08.939058+00:00;83725820-94a4-4506-a77f-1061bfbedf9f;2026-04-04T00:33:01.580664;2026-04-04T00:33:01.667740;30;import de données;supplier_pre_order;pré-commande fournisseur;2;succès;interne;Import pré-commande fournisseur: | fin intégration: (83725820-94a4-4506-a77f-1061bfbedf9f) | fichier: /srv/import/050/Cmdpro_FX35_20260403195600.txt | 0 lignes formatées | 0 lignes en erreurs | 0 lignes crées | 0 lignes mises à jour | 0 lignes supprimées;050;CASH CENTER ZONE 4
pos1;POS 1;2026-04-09T18:56:08.939058+00:00;05881dae-da9e-4ea4-9a38-b28784658979;2026-04-04T00:32:01.510889;2026-04-04T00:32:02.245276;30;import de données;delivery;livraison;2;succès;interne;Import livraison: | fin intégration: (05881dae-da9e-4ea4-9a38-b28784658979) | fichier: /srv/import/110/Fac_110_00336417.LC | 14 lignes formatées | 0 lignes en erreurs | 14 lignes crées | 0 lignes mises à jour | 0 lignes supprimées;110;SUPER U VALLON
pos1;POS 1;2026-04-09T18:56:08.939058+00:00;5430ac76-f293-4ff5-8b9d-6bb695aecccb;2026-04-04T00:32:01.543563;2026-04-04T00:32:01.609286;30;import de données;supplier_pre_order;pré-commande fournisseur;2;succès;interne;Import pré-commande fournisseur: | fin intégration: (5430ac76-f293-4ff5-8b9d-6bb695aecccb) | fichier: /srv/import/050/Cmdpro_FX34_20260403195559.txt | 0 lignes formatées | 0 lignes en erreurs | 0 lignes crées | 0 lignes mises à jour | 0 lignes supprimées;050;CASH CENTER ZONE 4
pos1;POS 1;2026-04-09T18:56:08.939058+00:00;10cc0bef-9070-4e15-86f3-b5c04cd16c04;2026-04-04T00:31:01.549287;2026-04-04T00:31:01.687807;30;import de données;delivery;livraison;2;succès;interne;Import livraison: | fin intégration: (10cc0bef-9070-4e15-86f3-b5c04cd16c04) | fichier: /srv/import/110/Fac_110_00336416.LC | 2 lignes formatées | 0 lignes en erreurs | 2 lignes crées | 0 lignes mises à jour | 0 lignes supprimées;110;SUPER U VALLON
pos1;POS 1;2026-04-09T18:56:08.939058+00:00;4da52b19-f2f4-4704-a3de-0c96b69e6bd8;2026-04-04T00:31:01.572571;2026-04-04T00:31:01.644138;30;import de données;supplier_pre_order;pré-commande fournisseur;2;succès;interne;Import pré-commande fournisseur: | fin intégration: (4da52b19-f2f4-4704-a3de-0c96b69e6bd8) | fichier: /srv/import/050/Cmdpro_26VN_20260403195619.txt | 0 lignes formatées | 0 lignes en erreurs | 0 lignes crées | 0 lignes mises à jour | 0 lignes supprimées;050;CASH CENTER ZONE 4
pos1;POS 1;2026-04-09T18:56:08.939058+00:00;05c14e41-24d2-441a-9739-683135f57af1;2026-04-04T00:30:01.534854;2026-04-04T00:30:01.714824;30;import de données;delivery;livraison;2;succès;interne;Import livraison: | fin intégration: (05c14e41-24d2-441a-9739-683135f57af1) | fichier: /srv/import/110/Fac_110_00336415.LC | 2 lignes formatées | 0 lignes en erreurs | 2 lignes crées | 0 lignes mises à jour | 0 lignes supprimées;110;SUPER U VALLON
pos1;POS 1;2026-04-09T18:56:08.939058+00:00;82778778-9724-4227-9ed6-e53893929001;2026-04-04T00:30:01.561780;2026-04-04T00:30:01.603887;30;import de données;supplier_pre_order;pré-commande fournisseur;2;succès;interne;Import pré-commande fournisseur: | fin intégration: (82778778-9724-4227-9ed6-e53893929001) | fichier: /srv/import/050/Cmdpro_26VI_20260403195618.txt | 0 lignes formatées | 0 lignes en erreurs | 0 lignes crées | 0 lignes mises à jour | 0 lignes supprimées;050;CASH CENTER ZONE 4
pos1;POS 1;2026-04-09T18:56:08.939058+00:00;5660818e-a39c-4104-8ed7-4d0ba4049121;2026-04-04T00:29:01.537450;2026-04-04T00:29:03.248460;30;import de données;price_updater;mise à jour de prix;0;erreur;interne;Extrait du rapport d'import: | 2026-04-04 00:29:01,560 import déjà en cours {mutex:MTX_PRODUCT}, fichier ignoré | 2026-04-04 00:29:01,561 fichier present: (['Cmdpro_P58G_20260403195610.txt', 'Cmdpro_FX37_20260403195601.txt', 'Cmdpro_PVIN_20260403195605.txt', 'Cmdpro_P21J_20260403195608.txt', 'Cmdpro_PP11_20260403195604.txt', 'Cmdpro_P16Q_20260403195606.txt', 'Cmdpro_FX35_20260403195600.txt', 'Cmdpro_26CC_20260403195613.txt', 'Cmdpro_PP13_20260403195605.txt', 'Cmdpro_26TR_20260403195617.txt', 'Cmdpro_FX34_20260403195559.txt', 'Cmdpro_26ST_20260403195616.txt', 'Cmdpro_UFBR_20260403195611.txt', 'Cmdpro_P61G_20260403195610.txt', 'Cmdpro_26UG_20260403195618.txt', 'Cmdpro_PDF7_20260403195603.txt', 'Cmdpro_26VI_20260403195618.txt', 'Cmdpro_26SB_20260403195615.txt', 'Cmdpro_26SV_20260403195617.txt', 'Cmdpro_FX36_20260403195601.txt', 'Cmdpro_P22Q_20260403195609.txt', 'Cmdpro_12SV_20260403195612.txt', 'Cmdpro_26CL_20260403195614.txt', 'Cmdpro_15CL_20260403195613.txt', 'Cmdpro_TLUM_20260403195611.txt', 'Cmdpro_26GC_20260403195614.txt', 'Cmdpro_PP12_20260403195604.txt', 'Cmdpro_P19Q_20260403195607.txt', 'Cmdpro_P22J_20260403195609.txt', 'Cmdpro_26SS_20260403195616.txt', 'Cmdpro_26FP_20260403195614.txt', 'Cmdpro_NOPH_20260403195602.txt', 'Cmdpro_PDF9_20260403195603.txt', 'Cmdpro_P21Q_20260403195608.txt', 'Cmdpro_26OE_20260403195615.txt', 'Cmdpro_0186_20260403195612.txt', 'Cmdpro_P17Q_20260403195607.txt', 'Cmdpro_26VN_20260403195619.txt'] - supplier_pre_order) dans /srv/import/110/ | 2026-04-04 00:29:01,562 import déjà en cours {mutex:MTX_PRODUCT}, fichier ignoré | 2026-04-04 00:29:01,562 fichier present: (['SugCde_2554122_20260403162102.txt', 'SugCde_2554117_20260403162044.txt', 'SugCde_2554096_20260403111129.txt', 'SugCde_2554146_20260403174345.txt', 'SugCde_2554087_20260403103332.txt', 'SugCde_2554114_20260403161717.txt', 'SugCde_2554145_20260403174340.txt', 'SugCde_2554149_20260403174359.txt', 'SugCde_2554076_20260403094140.txt', 'SugCde_2554132_20260403122923.txt', 'SugCde_2554123_20260403162104.txt', 'SugCde_2554147_20260403174349.txt', 'SugCde_2554142_20260403174323.txt', 'SugCde_2554080_20260403094153.txt', 'SugCde_2554127_20260403162115.txt', 'SugCde_2554090_20260403103706.txt', 'SugCde_2554120_20260403162058.txt', 'SugCde_2554125_20260403162110.txt', 'SugCde_2554108_20260403161521.txt', 'SugCde_2554075_20260403094135.txt', 'SugCde_2554126_20260403162113.txt', 'SugCde_2554143_20260403174330.txt', 'SugCde_2554112_20260403161624.txt', 'SugCde_2554150_20260403174402.txt', 'SugCde_2554111_20260403161620.txt', 'SugCde_2554109_20260403161525.txt', 'SugCde_2554086_20260403103337.txt', 'SugCde_2554115_20260403161955.txt', 'SugCde_2554124_20260403162107.txt', 'SugCde_2554105_20260403161446.txt', 'SugCde_2554073_20260403094121.txt', 'SugCde_2554078_20260403094147.txt', 'SugCde_2554077_20260403094143.txt', 'SugCde_2554107_20260403161506.txt', 'SugCde_2554104_20260403161437.txt', 'SugCde_2554144_20260403174335.txt', 'SugCde_2554088_20260403103327.txt', 'SugCde_2554074_20260403094130.txt', 'SugCde_2554106_20260403161502.txt', 'SugCde_2554079_20260403094150.txt', 'SugCde_2554119_20260403162052.txt', 'SugCde_2554110_20260403161613.txt', 'SugCde_2554116_20260403162039.txt', 'SugCde_2554118_20260403162048.txt', 'SugCde_2554130_20260403121349.txt', 'SugCde_2554148_20260403174354.txt'] - supplier_order) dans /srv/import/110/ | 2026-04-04 00:29:01,563 import déjà en cours {mutex:MTX_PRODUCT}, fichier ignoré | 2026-04-04 00:29:01,564 fichier present: (['Cmdpro_P58G_20260403195610.txt', 'Cmdpro_FX37_20260403195601.txt', 'Cmdpro_PVIN_20260403195605.txt', 'Cmdpro_P21J_20260403195608.txt', 'Cmdpro_PP11_20260403195604.txt', 'Cmdpro_P16Q_20260403195606.txt', 'Cmdpro_FX35_20260403195600.txt', 'Cmdpro_PP13_20260403195605.txt', 'Cmdpro_FX34_20260403195559.txt', 'Cmdpro_UFBR_20260403195611.txt', 'Cmdpro_P61G_20260403195610.txt', 'Cmdpro_26UG_20260403195618.txt', 'Cmdpro_PDF7_20260403195603.txt', 'Cmdpro_26VI_20260403195618.txt', 'Cmdpro_FX36_20260403195601.txt', 'Cmdpro_P22Q_20260403195609.txt', 'Cmdpro_TLUM_20260403195611.txt', 'Cmdpro_PP12_20260403195604.txt', 'Cmdpro_P19Q_20260403195607.txt', 'Cmdpro_P22J_20260403195609.txt', 'Cmdpro_NOPH_20260403195602.txt', 'Cmdpro_PDF9_20260403195603.txt', 'Cmdpro_P21Q_20260403195608.txt', 'Cmdpro_P17Q_20260403195607.txt', 'Cmdpro_26VN_20260403195619.txt'] - supplier_pre_order) dans /srv/import/050/ | 2026-04-04 00:29:01,586 7 lignes lu dans le fichier /srv/import/050/Cmdpro_26UG_20260403195618.txt | 2026-04-04 00:29:01,586 lancement intégration: (633ac659-917d-478a-8d7e-10e0444bad02) | 2026-04-04 00:29:01,595 fichier present: (['SugCde_2554122_20260403162102.txt', 'SugCde_2554117_20260403162044.txt', 'SugCde_2554096_20260403111129.txt', 'SugCde_2554146_20260403174345.txt', 'SugCde_2554087_20260403103332.txt', 'SugCde_2554114_20260403161717.txt', 'SugCde_2554145_20260403174340.txt', 'SugCde_2554149_20260403174359.txt', 'SugCde_2554076_20260403094140.txt', 'SugCde_2554132_20260403122923.txt', 'SugCde_2554123_20260403162104.txt', 'SugCde_2554147_20260403174349.txt', 'SugCde_2554142_20260403174323.txt', 'SugCde_2554080_20260403094153.txt', 'SugCde_2554127_20260403162115.txt', 'SugCde_2554090_20260403103706.txt', 'SugCde_2554120_20260403162058.txt', 'SugCde_2554125_20260403162110.txt', 'SugCde_2554108_20260403161521.txt', 'SugCde_2554075_20260403094135.txt', 'SugCde_2554126_20260403162113.txt', 'SugCde_2554143_20260403174330.txt', 'SugCde_2554112_20260403161624.txt', 'SugCde_2554150_20260403174402.txt', 'SugCde_2554111_20260403161620.txt', 'SugCde_2554109_20260403161525.txt', 'SugCde_2554086_20260403103337.txt', 'SugCde_2554115_20260403161955.txt', 'SugCde_2554124_20260403162107.txt', 'SugCde_2554105_20260403161446.txt', 'SugCde_2554073_20260403094121.txt', 'SugCde_2554078_20260403094147.txt', 'SugCde_2554077_20260403094143.txt', 'SugCde_2554107_20260403161506.txt', 'SugCde_2554104_20260403161437.txt', 'SugCde_2554144_20260403174335.txt', 'SugCde_2554088_20260403103327.txt', 'SugCde_2554074_20260403094130.txt', 'SugCde_2554106_20260403161502.txt', 'SugCde_2554079_20260403094150.txt', 'SugCde_2554119_20260403162052.txt', 'SugCde_2554110_20260403161613.txt', 'SugCde_2554116_20260403162039.txt', 'SugCde_2554118_20260403162048.txt', 'SugCde_2554130_20260403121349.txt', 'SugCde_2554148_20260403174354.txt'] - supplier_order) dans /srv/import/050/ | 2026-04-04 00:29:01,595 import déjà en cours {mutex:MTX_PRODUCT}, fichier ignoré | 2026-04-04 00:29:01,678 fin intégration: (633ac659-917d-478a-8d7e-10e0444bad02) | fichier: /srv/import/050/Cmdpro_26UG_20260403195618.txt | 0 lignes formatées | 0 lignes en erreurs | 0 lignes crées | 0 lignes mises à jour | 0 lignes supprimées | 2026-04-04 00:29:01,702 produit inconnu 100645502 - [['P', '100645502', '2557.00', '', '', '', '']] | 2026-04-04 00:29:01,713 produit inconnu 100645511 - [['P', '100645511', '2600.00', '', '', '', '']] | 2026-04-04 00:29:02,560 produit inconnu 100645502 - [['P', '100645502', '4000.00', '', '', '', '']] | 2026-04-04 00:29:02,564 produit inconnu 100645511 - [['P', '100645511', '3750.00', '', '', '', '']] | 2026-04-04 00:29:03,229 fin intégration: (5660818e-a39c-4104-8ed7-4d0ba4049121) | fichier: /srv/import/110/Pricing_UFBR_20260403195612.txt | 48 lignes formatées | 4 lignes en erreurs | 2 lignes crées | 0 lignes mises à jour | 0 lignes supprimées;110;SUPER U VALLON
pos1;POS 1;2026-04-09T18:56:08.939058+00:00;633ac659-917d-478a-8d7e-10e0444bad02;2026-04-04T00:29:01.587735;2026-04-04T00:29:01.689251;30;import de données;supplier_pre_order;pré-commande fournisseur;2;succès;interne;Import pré-commande fournisseur: | fin intégration: (633ac659-917d-478a-8d7e-10e0444bad02) | fichier: /srv/import/050/Cmdpro_26UG_20260403195618.txt | 0 lignes formatées | 0 lignes en erreurs | 0 lignes crées | 0 lignes mises à jour | 0 lignes supprimées;050;CASH CENTER ZONE 4
pos1;POS 1;2026-04-09T18:56:08.939058+00:00;d77e9c24-d5ae-4720-b4d7-0cc701294cab;2026-04-04T00:28:01.543603;2026-04-04T00:28:01.580777;30;import de données;supplier_pre_order;pré-commande fournisseur;2;succès;interne;Import pré-commande fournisseur: | fin intégration: (d77e9c24-d5ae-4720-b4d7-0cc701294cab) | fichier: /srv/import/050/Cmdpro_26TR_20260403195617.txt | 0 lignes formatées | 0 lignes en erreurs | 0 lignes crées | 0 lignes mises à jour | 0 lignes supprimées;050;CASH CENTER ZONE 4
pos1;POS 1;2026-04-09T18:56:08.939058+00:00;7d7c8aac-209a-44fd-94d8-c946cd9bb0ce;2026-04-04T00:28:01.520309;2026-04-04T00:28:01.562085;30;import de données;price_updater;mise à jour de prix;2;succès;interne;Import mise à jour de prix: | fin intégration: (7d7c8aac-209a-44fd-94d8-c946cd9bb0ce) | fichier: /srv/import/110/Pricing_TLUM_20260403195611.txt | 0 lignes formatées | 0 lignes en erreurs | 0 lignes crées | 0 lignes mises à jour | 0 lignes supprimées;110;SUPER U VALLON
pos1;POS 1;2026-04-09T18:56:08.939058+00:00;8c221d1e-bd61-4850-86be-4c5d96e8c228;2026-04-04T00:27:01.516891;2026-04-04T00:27:01.761207;30;import de données;price_updater;mise à jour de prix;2;succès;interne;Import mise à jour de prix: | fin intégration: (8c221d1e-bd61-4850-86be-4c5d96e8c228) | fichier: /srv/import/110/Pricing_PVIN_20260403195606.txt | 2 lignes formatées | 0 lignes en erreurs | 2 lignes crées | 0 lignes mises à jour | 0 lignes supprimées;110;SUPER U VALLON
pos1;POS 1;2026-04-09T18:56:08.939058+00:00;886477c1-6c84-4f60-a0f4-422f8f7a3a05;2026-04-04T00:27:01.536525;2026-04-04T00:27:01.634713;30;import de données;supplier_pre_order;pré-commande fournisseur;2;succès;interne;Import pré-commande fournisseur: | fin intégration: (886477c1-6c84-4f60-a0f4-422f8f7a3a05) | fichier: /srv/import/050/Cmdpro_26SV_20260403195617.txt | 0 lignes formatées | 0 lignes en erreurs | 0 lignes crées | 0 lignes mises à jour | 0 lignes supprimées;050;CASH CENTER ZONE 4
pos1;POS 1;2026-04-09T18:56:08.939058+00:00;ca20cf89-57cb-4ecd-861d-d38dc415c666;2026-04-04T00:26:01.508931;2026-04-04T00:26:01.732459;30;import de données;price_updater;mise à jour de prix;2;succès;interne;Import mise à jour de prix: | fin intégration: (ca20cf89-57cb-4ecd-861d-d38dc415c666) | fichier: /srv/import/110/Pricing_PP13_20260403195605.txt | 4 lignes formatées | 0 lignes en erreurs | 2 lignes crées | 0 lignes mises à jour | 0 lignes supprimées;110;SUPER U VALLON
pos1;POS 1;2026-04-09T18:56:08.939058+00:00;367e0fbd-4a2c-49e7-8423-8b7ce6e6c58e;2026-04-04T00:26:01.538740;2026-04-04T00:26:01.584854;30;import de données;supplier_pre_order;pré-commande fournisseur;2;succès;interne;Import pré-commande fournisseur: | fin intégration: (367e0fbd-4a2c-49e7-8423-8b7ce6e6c58e) | fichier: /srv/import/050/Cmdpro_26ST_20260403195616.txt | 0 lignes formatées | 0 lignes en erreurs | 0 lignes crées | 0 lignes mises à jour | 0 lignes supprimées;050;CASH CENTER ZONE 4
pos1;POS 1;2026-04-09T18:56:08.939058+00:00;b29cddfd-5a2e-430a-97cc-518c12ce02e7;2026-04-04T00:25:01.573995;2026-04-04T00:25:01.636882;30;import de données;supplier_pre_order;pré-commande fournisseur;2;succès;interne;Import pré-commande fournisseur: | fin intégration: (b29cddfd-5a2e-430a-97cc-518c12ce02e7) | fichier: /srv/import/050/Cmdpro_26SS_20260403195616.txt | 0 lignes formatées | 0 lignes en erreurs | 0 lignes crées | 0 lignes mises à jour | 0 lignes supprimées;050;CASH CENTER ZONE 4
pos1;POS 1;2026-04-09T18:56:08.939058+00:00;e1c27323-91f9-46dc-9c91-c3780942568e;2026-04-04T00:25:01.551369;2026-04-04T00:25:01.618282;30;import de données;price_updater;mise à jour de prix;2;succès;interne;Import mise à jour de prix: | fin intégration: (e1c27323-91f9-46dc-9c91-c3780942568e) | fichier: /srv/import/110/Pricing_PP12_20260403195605.txt | 0 lignes formatées | 0 lignes en erreurs | 0 lignes crées | 0 lignes mises à jour | 0 lignes supprimées;110;SUPER U VALLON
pos1;POS 1;2026-04-09T18:56:08.939058+00:00;55a17e48-7d6f-420a-a202-9692024ce833;2026-04-04T00:24:01.551447;2026-04-04T00:24:06.618959;30;import de données;price_updater;mise à jour de prix;0;erreur;interne;Extrait du rapport d'import: | 2026-04-04 00:24:01,550 lancement intégration: (55a17e48-7d6f-420a-a202-9692024ce833) | 2026-04-04 00:24:01,562 fichier present: (['Fac_110_00336422.LC', 'Fac_110_00336419.LC', 'Fac_110_00336420.LC', 'Fac_110_00336417.LC', 'Fac_110_00336415.LC', 'Fac_110_00336416.LC', 'Fac_110_00336418.LC', 'Fac_110_00336421.LC'] - delivery) dans /srv/import/110/ | 2026-04-04 00:24:01,563 import déjà en cours {mutex:MTX_PRODUCT}, fichier ignoré | 2026-04-04 00:24:01,563 fichier present: (['Cmdpro_P58G_20260403195610.txt', 'Cmdpro_FX37_20260403195601.txt', 'Cmdpro_PVIN_20260403195605.txt', 'Cmdpro_P21J_20260403195608.txt', 'Cmdpro_PP11_20260403195604.txt', 'Cmdpro_P16Q_20260403195606.txt', 'Cmdpro_FX35_20260403195600.txt', 'Cmdpro_26CC_20260403195613.txt', 'Cmdpro_PP13_20260403195605.txt', 'Cmdpro_26TR_20260403195617.txt', 'Cmdpro_FX34_20260403195559.txt', 'Cmdpro_26ST_20260403195616.txt', 'Cmdpro_UFBR_20260403195611.txt', 'Cmdpro_P61G_20260403195610.txt', 'Cmdpro_26UG_20260403195618.txt', 'Cmdpro_PDF7_20260403195603.txt', 'Cmdpro_26VI_20260403195618.txt', 'Cmdpro_26SB_20260403195615.txt', 'Cmdpro_26SV_20260403195617.txt', 'Cmdpro_FX36_20260403195601.txt', 'Cmdpro_P22Q_20260403195609.txt', 'Cmdpro_12SV_20260403195612.txt', 'Cmdpro_26CL_20260403195614.txt', 'Cmdpro_15CL_20260403195613.txt', 'Cmdpro_TLUM_20260403195611.txt', 'Cmdpro_26GC_20260403195614.txt', 'Cmdpro_PP12_20260403195604.txt', 'Cmdpro_P19Q_20260403195607.txt', 'Cmdpro_P22J_20260403195609.txt', 'Cmdpro_26SS_20260403195616.txt', 'Cmdpro_26FP_20260403195614.txt', 'Cmdpro_NOPH_20260403195602.txt', 'Cmdpro_PDF9_20260403195603.txt', 'Cmdpro_P21Q_20260403195608.txt', 'Cmdpro_26OE_20260403195615.txt', 'Cmdpro_0186_20260403195612.txt', 'Cmdpro_P17Q_20260403195607.txt', 'Cmdpro_26VN_20260403195619.txt'] - supplier_pre_order) dans /srv/import/110/ | 2026-04-04 00:24:01,564 import déjà en cours {mutex:MTX_PRODUCT}, fichier ignoré | 2026-04-04 00:24:01,564 fichier present: (['SugCde_2554122_20260403162102.txt', 'SugCde_2554117_20260403162044.txt', 'SugCde_2554096_20260403111129.txt', 'SugCde_2554146_20260403174345.txt', 'SugCde_2554087_20260403103332.txt', 'SugCde_2554114_20260403161717.txt', 'SugCde_2554145_20260403174340.txt', 'SugCde_2554149_20260403174359.txt', 'SugCde_2554076_20260403094140.txt', 'SugCde_2554132_20260403122923.txt', 'SugCde_2554123_20260403162104.txt', 'SugCde_2554147_20260403174349.txt', 'SugCde_2554142_20260403174323.txt', 'SugCde_2554080_20260403094153.txt', 'SugCde_2554127_20260403162115.txt', 'SugCde_2554090_20260403103706.txt', 'SugCde_2554120_20260403162058.txt', 'SugCde_2554125_20260403162110.txt', 'SugCde_2554108_20260403161521.txt', 'SugCde_2554075_20260403094135.txt', 'SugCde_2554126_20260403162113.txt', 'SugCde_2554143_20260403174330.txt', 'SugCde_2554112_20260403161624.txt', 'SugCde_2554150_20260403174402.txt', 'SugCde_2554111_20260403161620.txt', 'SugCde_2554109_20260403161525.txt', 'SugCde_2554086_20260403103337.txt', 'SugCde_2554115_20260403161955.txt', 'SugCde_2554124_20260403162107.txt', 'SugCde_2554105_20260403161446.txt', 'SugCde_2554073_20260403094121.txt', 'SugCde_2554078_20260403094147.txt', 'SugCde_2554077_20260403094143.txt', 'SugCde_2554107_20260403161506.txt', 'SugCde_2554104_20260403161437.txt', 'SugCde_2554144_20260403174335.txt', 'SugCde_2554088_20260403103327.txt', 'SugCde_2554074_20260403094130.txt', 'SugCde_2554106_20260403161502.txt', 'SugCde_2554079_20260403094150.txt', 'SugCde_2554119_20260403162052.txt', 'SugCde_2554110_20260403161613.txt', 'SugCde_2554116_20260403162039.txt', 'SugCde_2554118_20260403162048.txt', 'SugCde_2554130_20260403121349.txt', 'SugCde_2554148_20260403174354.txt'] - supplier_order) dans /srv/import/110/ | 2026-04-04 00:24:01,564 import déjà en cours {mutex:MTX_PRODUCT}, fichier ignoré | 2026-04-04 00:24:01,568 fichier present: (['Cmdpro_P58G_20260403195610.txt', 'Cmdpro_FX37_20260403195601.txt', 'Cmdpro_PVIN_20260403195605.txt', 'Cmdpro_P21J_20260403195608.txt', 'Cmdpro_PP11_20260403195604.txt', 'Cmdpro_P16Q_20260403195606.txt', 'Cmdpro_FX35_20260403195600.txt', 'Cmdpro_PP13_20260403195605.txt', 'Cmdpro_26TR_20260403195617.txt', 'Cmdpro_FX34_20260403195559.txt', 'Cmdpro_26ST_20260403195616.txt', 'Cmdpro_UFBR_20260403195611.txt', 'Cmdpro_P61G_20260403195610.txt', 'Cmdpro_26UG_20260403195618.txt', 'Cmdpro_PDF7_20260403195603.txt', 'Cmdpro_26VI_20260403195618.txt', 'Cmdpro_26SB_20260403195615.txt', 'Cmdpro_26SV_20260403195617.txt', 'Cmdpro_FX36_20260403195601.txt', 'Cmdpro_P22Q_20260403195609.txt', 'Cmdpro_TLUM_20260403195611.txt', 'Cmdpro_PP12_20260403195604.txt', 'Cmdpro_P19Q_20260403195607.txt', 'Cmdpro_P22J_20260403195609.txt', 'Cmdpro_26SS_20260403195616.txt', 'Cmdpro_NOPH_20260403195602.txt', 'Cmdpro_PDF9_20260403195603.txt', 'Cmdpro_P21Q_20260403195608.txt', 'Cmdpro_P17Q_20260403195607.txt', 'Cmdpro_26VN_20260403195619.txt'] - supplier_pre_order) dans /srv/import/050/ | 2026-04-04 00:24:01,577 3 lignes lu dans le fichier /srv/import/050/Cmdpro_26SB_20260403195615.txt | 2026-04-04 00:24:01,577 lancement intégration: (467d617a-7a6c-4819-b967-c0c56bae182b) | 2026-04-04 00:24:01,589 fichier present: (['SugCde_2554122_20260403162102.txt', 'SugCde_2554117_20260403162044.txt', 'SugCde_2554096_20260403111129.txt', 'SugCde_2554146_20260403174345.txt', 'SugCde_2554087_20260403103332.txt', 'SugCde_2554114_20260403161717.txt', 'SugCde_2554145_20260403174340.txt', 'SugCde_2554149_20260403174359.txt', 'SugCde_2554076_20260403094140.txt', 'SugCde_2554132_20260403122923.txt', 'SugCde_2554123_20260403162104.txt', 'SugCde_2554147_20260403174349.txt', 'SugCde_2554142_20260403174323.txt', 'SugCde_2554080_20260403094153.txt', 'SugCde_2554127_20260403162115.txt', 'SugCde_2554090_20260403103706.txt', 'SugCde_2554120_20260403162058.txt', 'SugCde_2554125_20260403162110.txt', 'SugCde_2554108_20260403161521.txt', 'SugCde_2554075_20260403094135.txt', 'SugCde_2554126_20260403162113.txt', 'SugCde_2554143_20260403174330.txt', 'SugCde_2554112_20260403161624.txt', 'SugCde_2554150_20260403174402.txt', 'SugCde_2554111_20260403161620.txt', 'SugCde_2554109_20260403161525.txt', 'SugCde_2554086_20260403103337.txt', 'SugCde_2554115_20260403161955.txt', 'SugCde_2554124_20260403162107.txt', 'SugCde_2554105_20260403161446.txt', 'SugCde_2554073_20260403094121.txt', 'SugCde_2554078_20260403094147.txt', 'SugCde_2554077_20260403094143.txt', 'SugCde_2554107_20260403161506.txt', 'SugCde_2554104_20260403161437.txt', 'SugCde_2554144_20260403174335.txt', 'SugCde_2554088_20260403103327.txt', 'SugCde_2554074_20260403094130.txt', 'SugCde_2554106_20260403161502.txt', 'SugCde_2554079_20260403094150.txt', 'SugCde_2554119_20260403162052.txt', 'SugCde_2554110_20260403161613.txt', 'SugCde_2554116_20260403162039.txt', 'SugCde_2554118_20260403162048.txt', 'SugCde_2554130_20260403121349.txt', 'SugCde_2554148_20260403174354.txt'] - supplier_order) dans /srv/import/050/ | 2026-04-04 00:24:01,590 import déjà en cours {mutex:MTX_PRODUCT}, fichier ignoré | 2026-04-04 00:24:01,643 fin intégration: (467d617a-7a6c-4819-b967-c0c56bae182b) | fichier: /srv/import/050/Cmdpro_26SB_20260403195615.txt | 0 lignes formatées | 0 lignes en erreurs | 0 lignes crées | 0 lignes mises à jour | 0 lignes supprimées | 2026-04-04 00:24:02,218 produit inconnu 100659299 - [['P', '100659299', '2787.00', '', '', '', '']] | 2026-04-04 00:24:04,843 produit inconnu 100659299 - [['P', '100659299', '3675.00', '', '', '', '']] | 2026-04-04 00:24:06,596 fin intégration: (55a17e48-7d6f-420a-a202-9692024ce833) | fichier: /srv/import/110/Pricing_PP11_20260403195604.txt | 174 lignes formatées | 2 lignes en erreurs | 4 lignes crées | 0 lignes mises à jour | 0 lignes supprimées;110;SUPER U VALLON
pos1;POS 1;2026-04-09T18:56:08.939058+00:00;467d617a-7a6c-4819-b967-c0c56bae182b;2026-04-04T00:24:01.578538;2026-04-04T00:24:01.647433;30;import de données;supplier_pre_order;pré-commande fournisseur;2;succès;interne;Import pré-commande fournisseur: | fin intégration: (467d617a-7a6c-4819-b967-c0c56bae182b) | fichier: /srv/import/050/Cmdpro_26SB_20260403195615.txt | 0 lignes formatées | 0 lignes en erreurs | 0 lignes crées | 0 lignes mises à jour | 0 lignes supprimées;050;CASH CENTER ZONE 4
pos1;POS 1;2026-04-09T18:56:08.939058+00:00;89d2a63c-5c52-4ebf-ae5c-66a27c92906f;2026-04-04T00:23:01.532125;2026-04-04T00:23:01.748879;30;import de données;price_updater;mise à jour de prix;2;succès;interne;Import mise à jour de prix: | fin intégration: (89d2a63c-5c52-4ebf-ae5c-66a27c92906f) | fichier: /srv/import/110/Pricing_PDF9_20260403195603.txt | 2 lignes formatées | 0 lignes en erreurs | 2 lignes crées | 0 lignes mises à jour | 0 lignes supprimées;110;SUPER U VALLON
pos1;POS 1;2026-04-09T18:56:08.939058+00:00;da4339b3-131a-45d8-b6ee-9663036a835b;2026-04-04T00:23:01.554301;2026-04-04T00:23:01.629547;30;import de données;supplier_pre_order;pré-commande fournisseur;2;succès;interne;Import pré-commande fournisseur: | fin intégration: (da4339b3-131a-45d8-b6ee-9663036a835b) | fichier: /srv/import/050/Cmdpro_26OE_20260403195615.txt | 0 lignes formatées | 0 lignes en erreurs | 0 lignes crées | 0 lignes mises à jour | 0 lignes supprimées;050;CASH CENTER ZONE 4
pos1;POS 1;2026-04-09T18:56:08.939058+00:00;e9bd25e1-4bbd-479e-8db4-f6d78a1309a2;2026-04-04T00:22:01.587761;2026-04-04T00:22:02.460316;30;import de données;price_updater;mise à jour de prix;2;succès;interne;Import mise à jour de prix: | fin intégration: (e9bd25e1-4bbd-479e-8db4-f6d78a1309a2) | fichier: /srv/import/110/Pricing_PDF7_20260403195603.txt | 24 lignes formatées | 0 lignes en erreurs | 2 lignes crées | 0 lignes mises à jour | 0 lignes supprimées;110;SUPER U VALLON
pos1;POS 1;2026-04-09T18:56:08.939058+00:00;c0e3eff1-0754-48a6-89fe-8b9f5778491c;2026-04-04T00:22:01.629303;2026-04-04T00:22:01.678912;30;import de données;supplier_pre_order;pré-commande fournisseur;2;succès;interne;Import pré-commande fournisseur: | fin intégration: (c0e3eff1-0754-48a6-89fe-8b9f5778491c) | fichier: /srv/import/050/Cmdpro_26GC_20260403195614.txt | 0 lignes formatées | 0 lignes en erreurs | 0 lignes crées | 0 lignes mises à jour | 0 lignes supprimées;050;CASH CENTER ZONE 4
pos1;POS 1;2026-04-09T18:56:08.939058+00:00;14e1dc43-93dd-4c9f-9929-7aa449b73c92;2026-04-04T00:21:01.525216;2026-04-04T00:21:04.275196;30;import de données;price_updater;mise à jour de prix;2;succès;interne;Import mise à jour de prix: | fin intégration: (14e1dc43-93dd-4c9f-9929-7aa449b73c92) | fichier: /srv/import/110/Pricing_P61G_20260403195611.txt | 94 lignes formatées | 0 lignes en erreurs | 4 lignes crées | 0 lignes mises à jour | 0 lignes supprimées;110;SUPER U VALLON
pos1;POS 1;2026-04-09T18:56:08.939058+00:00;f684caf9-c30a-4e82-a892-71fe80904c41;2026-04-04T00:21:01.548443;2026-04-04T00:21:01.645404;30;import de données;supplier_pre_order;pré-commande fournisseur;2;succès;interne;Import pré-commande fournisseur: | fin intégration: (f684caf9-c30a-4e82-a892-71fe80904c41) | fichier: /srv/import/050/Cmdpro_26FP_20260403195614.txt | 0 lignes formatées | 0 lignes en erreurs | 0 lignes crées | 0 lignes mises à jour | 0 lignes supprimées;050;CASH CENTER ZONE 4
pos1;POS 1;2026-04-09T18:56:08.939058+00:00;c66621b0-0e21-484a-91f3-6d940e5c9dd9;2026-04-04T00:20:01.566713;2026-04-04T00:20:07.698736;30;import de données;price_updater;mise à jour de prix;0;erreur;interne;Extrait du rapport d'import: | 2026-04-04 00:20:02,008 produit inconnu 100425686 - [['P', '100425686', '4238.00', '', '', '', '']] | 2026-04-04 00:20:02,011 produit inconnu 100425761 - [['P', '100425761', '4344.00', '', '', '', '']] | 2026-04-04 00:20:02,061 produit inconnu 100557798 - [['P', '100557798', '2302.00', '', '', '', '']] | 2026-04-04 00:20:02,112 produit inconnu 100662148 - [['P', '100662148', '3013.00', '', '', '', '']] | 2026-04-04 00:20:02,114 produit inconnu 100662167 - [['P', '100662167', '2298.00', '', '', '', '']] | 2026-04-04 00:20:02,189 produit inconnu 100730929 - [['P', '100730929', '1211.00', '', '', '', '']] | 2026-04-04 00:20:02,192 produit inconnu 100731037 - [['P', '100731037', '1186.00', '', '', '', '']] | 2026-04-04 00:20:02,194 produit inconnu 100731038 - [['P', '100731038', '1420.00', '', '', '', '']] | 2026-04-04 00:20:02,196 produit inconnu 100731039 - [['P', '100731039', '1171.00', '', '', '', '']] | 2026-04-04 00:20:02,199 produit inconnu 100731040 - [['P', '100731040', '1206.00', '', '', '', '']] | 2026-04-04 00:20:05,027 produit inconnu 100251430 - [['P', '100251430', '4950.00', '', '', '', '']] | 2026-04-04 00:20:05,031 produit inconnu 100251584 - [['P', '100251584', '5300.00', '', '', '', '']] | 2026-04-04 00:20:05,088 produit inconnu 100425686 - [['P', '100425686', '5950.00', '', '', '', '']] | 2026-04-04 00:20:05,090 produit inconnu 100425761 - [['P', '100425761', '6600.00', '', '', '', '']] | 2026-04-04 00:20:05,123 produit inconnu 100557798 - [['P', '100557798', '3050.00', '', '', '', '']] | 2026-04-04 00:20:05,157 produit inconnu 100662148 - [['P', '100662148', '4000.00', '', '', '', '']] | 2026-04-04 00:20:05,160 produit inconnu 100662167 - [['P', '100662167', '3050.00', '', '', '', '']] | 2026-04-04 00:20:05,222 produit inconnu 100730929 - [['P', '100730929', '1900.00', '', '', '', '']] | 2026-04-04 00:20:05,225 produit inconnu 100731037 - [['P', '100731037', '1900.00', '', '', '', '']] | 2026-04-04 00:20:05,227 produit inconnu 100731038 - [['P', '100731038', '2250.00', '', '', '', '']] | 2026-04-04 00:20:05,230 produit inconnu 100731039 - [['P', '100731039', '1900.00', '', '', '', '']] | 2026-04-04 00:20:05,233 produit inconnu 100731040 - [['P', '100731040', '1900.00', '', '', '', '']] | 2026-04-04 00:20:07,676 fin intégration: (c66621b0-0e21-484a-91f3-6d940e5c9dd9) | fichier: /srv/import/110/Pricing_P58G_20260403195610.txt | 186 lignes formatées | 24 lignes en erreurs | 4 lignes crées | 0 lignes mises à jour | 0 lignes supprimées;110;SUPER U VALLON
pos1;POS 1;2026-04-09T18:56:08.939058+00:00;4972a2a3-8901-4520-a022-27a79141358d;2026-04-04T00:20:01.616519;2026-04-04T00:20:01.702919;30;import de données;supplier_pre_order;pré-commande fournisseur;2;succès;interne;Import pré-commande fournisseur: | fin intégration: (4972a2a3-8901-4520-a022-27a79141358d) | fichier: /srv/import/050/Cmdpro_26CL_20260403195614.txt | 0 lignes formatées | 0 lignes en erreurs | 0 lignes crées | 0 lignes mises à jour | 0 lignes supprimées;050;CASH CENTER ZONE 4
pos1;POS 1;2026-04-09T18:56:08.939058+00:00;0f2933cb-fc08-4d34-856d-18919e2be8da;2026-04-04T00:19:01.563785;2026-04-04T00:19:01.625899;30;import de données;supplier_pre_order;pré-commande fournisseur;2;succès;interne;Import pré-commande fournisseur: | fin intégration: (0f2933cb-fc08-4d34-856d-18919e2be8da) | fichier: /srv/import/050/Cmdpro_26CC_20260403195613.txt | 0 lignes formatées | 0 lignes en erreurs | 0 lignes crées | 0 lignes mises à jour | 0 lignes supprimées;050;CASH CENTER ZONE 4
pos1;POS 1;2026-04-09T18:56:08.939058+00:00;10e51ff8-1909-487d-9f33-e5e16873c9c3;2026-04-04T00:19:01.532085;2026-04-04T00:19:01.590224;30;import de données;price_updater;mise à jour de prix;2;succès;interne;Import mise à jour de prix: | fin intégration: (10e51ff8-1909-487d-9f33-e5e16873c9c3) | fichier: /srv/import/110/Pricing_P22Q_20260403195610.txt | 0 lignes formatées | 0 lignes en erreurs | 0 lignes crées | 0 lignes mises à jour | 0 lignes supprimées;110;SUPER U VALLON
pos1;POS 1;2026-04-09T18:56:08.939058+00:00;3bdde907-49c7-4e6a-8576-cc3309177e86;2026-04-04T00:18:01.551549;2026-04-04T00:18:01.602033;30;import de données;supplier_pre_order;pré-commande fournisseur;2;succès;interne;Import pré-commande fournisseur: | fin intégration: (3bdde907-49c7-4e6a-8576-cc3309177e86) | fichier: /srv/import/050/Cmdpro_15CL_20260403195613.txt | 0 lignes formatées | 0 lignes en erreurs | 0 lignes crées | 0 lignes mises à jour | 0 lignes supprimées;050;CASH CENTER ZONE 4
pos1;POS 1;2026-04-09T18:56:08.939058+00:00;04723ad9-8547-47d5-9584-adb647d654e3;2026-04-04T00:18:01.525092;2026-04-04T00:18:01.573368;30;import de données;price_updater;mise à jour de prix;2;succès;interne;Import mise à jour de prix: | fin intégration: (04723ad9-8547-47d5-9584-adb647d654e3) | fichier: /srv/import/110/Pricing_P22J_20260403195609.txt | 0 lignes formatées | 0 lignes en erreurs | 0 lignes crées | 0 lignes mises à jour | 0 lignes supprimées;110;SUPER U VALLON
pos1;POS 1;2026-04-09T18:56:08.939058+00:00;9bcfd397-1332-4081-91f7-5d317e10f091;2026-04-04T00:17:01.505915;2026-04-04T00:17:04.697226;30;import de données;price_updater;mise à jour de prix;2;succès;interne;Import mise à jour de prix: | fin intégration: (9bcfd397-1332-4081-91f7-5d317e10f091) | fichier: /srv/import/110/Pricing_P21Q_20260403195608.txt | 94 lignes formatées | 0 lignes en erreurs | 2 lignes crées | 0 lignes mises à jour | 0 lignes supprimées;110;SUPER U VALLON
pos1;POS 1;2026-04-09T18:56:08.939058+00:00;b26b2f16-4e33-4483-867d-1604b8918ea2;2026-04-04T00:17:01.533151;2026-04-04T00:17:01.578591;30;import de données;supplier_pre_order;pré-commande fournisseur;2;succès;interne;Import pré-commande fournisseur: | fin intégration: (b26b2f16-4e33-4483-867d-1604b8918ea2) | fichier: /srv/import/050/Cmdpro_12SV_20260403195612.txt | 0 lignes formatées | 0 lignes en erreurs | 0 lignes crées | 0 lignes mises à jour | 0 lignes supprimées;050;CASH CENTER ZONE 4
pos1;POS 1;2026-04-09T18:56:08.939058+00:00;115e7134-44f4-4286-9371-dc86b1078018;2026-04-04T00:16:01.592465;2026-04-04T00:16:01.750172;30;import de données;supplier_pre_order;pré-commande fournisseur;2;succès;interne;Import pré-commande fournisseur: | fin intégration: (115e7134-44f4-4286-9371-dc86b1078018) | fichier: /srv/import/050/Cmdpro_0186_20260403195612.txt | 0 lignes formatées | 0 lignes en erreurs | 0 lignes crées | 0 lignes mises à jour | 0 lignes supprimées;050;CASH CENTER ZONE 4
pos1;POS 1;2026-04-09T18:56:08.939058+00:00;ea894373-512c-4504-b1d0-87abea47e742;2026-04-04T00:16:01.556085;2026-04-04T00:16:01.693351;30;import de données;price_updater;mise à jour de prix;2;succès;interne;Import mise à jour de prix: | fin intégration: (ea894373-512c-4504-b1d0-87abea47e742) | fichier: /srv/import/110/Pricing_P21J_20260403195608.txt | 0 lignes formatées | 0 lignes en erreurs | 0 lignes crées | 0 lignes mises à jour | 0 lignes supprimées;110;SUPER U VALLON
pos1;POS 1;2026-04-09T18:56:08.939058+00:00;eb51aaaa-ad2a-48d2-92df-170dcb586160;2026-04-04T00:15:01.551932;2026-04-04T00:15:01.639395;30;import de données;price_updater;mise à jour de prix;2;succès;interne;Import mise à jour de prix: | fin intégration: (eb51aaaa-ad2a-48d2-92df-170dcb586160) | fichier: /srv/import/050/Pricing_UFBR_20260403195612.txt | 0 lignes formatées | 0 lignes en erreurs | 0 lignes crées | 0 lignes mises à jour | 0 lignes supprimées;050;CASH CENTER ZONE 4
pos1;POS 1;2026-04-09T18:56:08.939058+00:00;716712ee-021b-4888-bd1e-572aa88dd3bc;2026-04-04T00:15:01.524157;2026-04-04T00:15:01.601594;30;import de données;price_updater;mise à jour de prix;2;succès;interne;Import mise à jour de prix: | fin intégration: (716712ee-021b-4888-bd1e-572aa88dd3bc) | fichier: /srv/import/110/Pricing_P19Q_20260403195607.txt | 0 lignes formatées | 0 lignes en erreurs | 0 lignes crées | 0 lignes mises à jour | 0 lignes supprimées;110;SUPER U VALLON
pos1;POS 1;2026-04-09T18:56:08.939058+00:00;55707056-14ed-495a-b7d6-20a660cb6e56;2026-04-04T00:14:01.547457;2026-04-04T00:14:09.952886;30;import de données;price_updater;mise à jour de prix;0;erreur;interne;Extrait du rapport d'import: | 2026-04-04 00:14:01,564 import déjà en cours {mutex:MTX_PRODUCT}, fichier ignoré | 2026-04-04 00:14:01,565 fichier present: (['SugCde_2554122_20260403162102.txt', 'SugCde_2554117_20260403162044.txt', 'SugCde_2554096_20260403111129.txt', 'SugCde_2554146_20260403174345.txt', 'SugCde_2554087_20260403103332.txt', 'SugCde_2554114_20260403161717.txt', 'SugCde_2554145_20260403174340.txt', 'SugCde_2554149_20260403174359.txt', 'SugCde_2554076_20260403094140.txt', 'SugCde_2554132_20260403122923.txt', 'SugCde_2554123_20260403162104.txt', 'SugCde_2554147_20260403174349.txt', 'SugCde_2554142_20260403174323.txt', 'SugCde_2554080_20260403094153.txt', 'SugCde_2554127_20260403162115.txt', 'SugCde_2554090_20260403103706.txt', 'SugCde_2554120_20260403162058.txt', 'SugCde_2554125_20260403162110.txt', 'SugCde_2554108_20260403161521.txt', 'SugCde_2554075_20260403094135.txt', 'SugCde_2554126_20260403162113.txt', 'SugCde_2554143_20260403174330.txt', 'SugCde_2554112_20260403161624.txt', 'SugCde_2554150_20260403174402.txt', 'SugCde_2554111_20260403161620.txt', 'SugCde_2554109_20260403161525.txt', 'SugCde_2554086_20260403103337.txt', 'SugCde_2554115_20260403161955.txt', 'SugCde_2554124_20260403162107.txt', 'SugCde_2554105_20260403161446.txt', 'SugCde_2554073_20260403094121.txt', 'SugCde_2554078_20260403094147.txt', 'SugCde_2554077_20260403094143.txt', 'SugCde_2554107_20260403161506.txt', 'SugCde_2554104_20260403161437.txt', 'SugCde_2554144_20260403174335.txt', 'SugCde_2554088_20260403103327.txt', 'SugCde_2554074_20260403094130.txt', 'SugCde_2554106_20260403161502.txt', 'SugCde_2554079_20260403094150.txt', 'SugCde_2554119_20260403162052.txt', 'SugCde_2554110_20260403161613.txt', 'SugCde_2554116_20260403162039.txt', 'SugCde_2554118_20260403162048.txt', 'SugCde_2554130_20260403121349.txt', 'SugCde_2554148_20260403174354.txt'] - supplier_order) dans /srv/import/110/ | 2026-04-04 00:14:01,565 import déjà en cours {mutex:MTX_PRODUCT}, fichier ignoré | 2026-04-04 00:14:01,576 fichier present: (['Pricing_TLUM_20260403195611.txt', 'Pricing_UFBR_20260403195612.txt'] - price_updater) dans /srv/import/050/ | 2026-04-04 00:14:01,583 410 lignes lu dans le fichier /srv/import/050/Pricing_TLUM_20260403195611.txt | 2026-04-04 00:14:01,583 lancement intégration: (f10bc0c5-e9dc-4658-976f-8f019170547e) | 2026-04-04 00:14:01,614 fichier present: (['Cmdpro_P58G_20260403195610.txt', 'Cmdpro_FX37_20260403195601.txt', 'Cmdpro_PVIN_20260403195605.txt', 'Cmdpro_P21J_20260403195608.txt', 'Cmdpro_PP11_20260403195604.txt', 'Cmdpro_P16Q_20260403195606.txt', 'Cmdpro_FX35_20260403195600.txt', 'Cmdpro_26CC_20260403195613.txt', 'Cmdpro_PP13_20260403195605.txt', 'Cmdpro_26TR_20260403195617.txt', 'Cmdpro_FX34_20260403195559.txt', 'Cmdpro_26ST_20260403195616.txt', 'Cmdpro_UFBR_20260403195611.txt', 'Cmdpro_P61G_20260403195610.txt', 'Cmdpro_26UG_20260403195618.txt', 'Cmdpro_PDF7_20260403195603.txt', 'Cmdpro_26VI_20260403195618.txt', 'Cmdpro_26SB_20260403195615.txt', 'Cmdpro_26SV_20260403195617.txt', 'Cmdpro_FX36_20260403195601.txt', 'Cmdpro_P22Q_20260403195609.txt', 'Cmdpro_12SV_20260403195612.txt', 'Cmdpro_26CL_20260403195614.txt', 'Cmdpro_15CL_20260403195613.txt', 'Cmdpro_TLUM_20260403195611.txt', 'Cmdpro_26GC_20260403195614.txt', 'Cmdpro_PP12_20260403195604.txt', 'Cmdpro_P19Q_20260403195607.txt', 'Cmdpro_P22J_20260403195609.txt', 'Cmdpro_26SS_20260403195616.txt', 'Cmdpro_26FP_20260403195614.txt', 'Cmdpro_NOPH_20260403195602.txt', 'Cmdpro_PDF9_20260403195603.txt', 'Cmdpro_P21Q_20260403195608.txt', 'Cmdpro_26OE_20260403195615.txt', 'Cmdpro_0186_20260403195612.txt', 'Cmdpro_P17Q_20260403195607.txt', 'Cmdpro_26VN_20260403195619.txt'] - supplier_pre_order) dans /srv/import/050/ | 2026-04-04 00:14:01,615 import déjà en cours {mutex:MTX_PRODUCT}, fichier ignoré | 2026-04-04 00:14:01,615 fichier present: (['SugCde_2554122_20260403162102.txt', 'SugCde_2554117_20260403162044.txt', 'SugCde_2554096_20260403111129.txt', 'SugCde_2554146_20260403174345.txt', 'SugCde_2554087_20260403103332.txt', 'SugCde_2554114_20260403161717.txt', 'SugCde_2554145_20260403174340.txt', 'SugCde_2554149_20260403174359.txt', 'SugCde_2554076_20260403094140.txt', 'SugCde_2554132_20260403122923.txt', 'SugCde_2554123_20260403162104.txt', 'SugCde_2554147_20260403174349.txt', 'SugCde_2554142_20260403174323.txt', 'SugCde_2554080_20260403094153.txt', 'SugCde_2554127_20260403162115.txt', 'SugCde_2554090_20260403103706.txt', 'SugCde_2554120_20260403162058.txt', 'SugCde_2554125_20260403162110.txt', 'SugCde_2554108_20260403161521.txt', 'SugCde_2554075_20260403094135.txt', 'SugCde_2554126_20260403162113.txt', 'SugCde_2554143_20260403174330.txt', 'SugCde_2554112_20260403161624.txt', 'SugCde_2554150_20260403174402.txt', 'SugCde_2554111_20260403161620.txt', 'SugCde_2554109_20260403161525.txt', 'SugCde_2554086_20260403103337.txt', 'SugCde_2554115_20260403161955.txt', 'SugCde_2554124_20260403162107.txt', 'SugCde_2554105_20260403161446.txt', 'SugCde_2554073_20260403094121.txt', 'SugCde_2554078_20260403094147.txt', 'SugCde_2554077_20260403094143.txt', 'SugCde_2554107_20260403161506.txt', 'SugCde_2554104_20260403161437.txt', 'SugCde_2554144_20260403174335.txt', 'SugCde_2554088_20260403103327.txt', 'SugCde_2554074_20260403094130.txt', 'SugCde_2554106_20260403161502.txt', 'SugCde_2554079_20260403094150.txt', 'SugCde_2554119_20260403162052.txt', 'SugCde_2554110_20260403161613.txt', 'SugCde_2554116_20260403162039.txt', 'SugCde_2554118_20260403162048.txt', 'SugCde_2554130_20260403121349.txt', 'SugCde_2554148_20260403174354.txt'] - supplier_order) dans /srv/import/050/ | 2026-04-04 00:14:01,616 import déjà en cours {mutex:MTX_PRODUCT}, fichier ignoré | 2026-04-04 00:14:01,660 fin intégration: (f10bc0c5-e9dc-4658-976f-8f019170547e) | fichier: /srv/import/050/Pricing_TLUM_20260403195611.txt | 0 lignes formatées | 0 lignes en erreurs | 0 lignes crées | 0 lignes mises à jour | 0 lignes supprimées | 2026-04-04 00:14:01,813 produit inconnu 100706438 - [['P', '100706438', '5147.00', '', '', '', '']] | 2026-04-04 00:14:01,823 produit inconnu 100706466 - [['P', '100706466', '5147.00', '', '', '', '']] | 2026-04-04 00:14:06,329 produit inconnu 100706438 - [['P', '100706438', '8900.00', '', '', '', '']] | 2026-04-04 00:14:06,331 produit inconnu 100706466 - [['P', '100706466', '8900.00', '', '', '', '']] | 2026-04-04 00:14:09,924 fin intégration: (55707056-14ed-495a-b7d6-20a660cb6e56) | fichier: /srv/import/110/Pricing_P17Q_20260403195607.txt | 256 lignes formatées | 4 lignes en erreurs | 2 lignes crées | 0 lignes mises à jour | 0 lignes supprimées;110;SUPER U VALLON
pos1;POS 1;2026-04-09T18:56:08.939058+00:00;f10bc0c5-e9dc-4658-976f-8f019170547e;2026-04-04T00:14:01.583966;2026-04-04T00:14:01.666252;30;import de données;price_updater;mise à jour de prix;2;succès;interne;Import mise à jour de prix: | fin intégration: (f10bc0c5-e9dc-4658-976f-8f019170547e) | fichier: /srv/import/050/Pricing_TLUM_20260403195611.txt | 0 lignes formatées | 0 lignes en erreurs | 0 lignes crées | 0 lignes mises à jour | 0 lignes supprimées;050;CASH CENTER ZONE 4
pos1;POS 1;2026-04-09T18:56:08.939058+00:00;978d4c34-370a-4361-8139-549436635e66;2026-04-04T00:13:01.518194;2026-04-04T00:13:11.987534;30;import de données;price_updater;mise à jour de prix;0;erreur;interne;Extrait du rapport d'import: | 2026-04-04 00:13:01,550 import déjà en cours {mutex:MTX_PRODUCT}, fichier ignoré | 2026-04-04 00:13:01,550 fichier present: (['SugCde_2554122_20260403162102.txt', 'SugCde_2554117_20260403162044.txt', 'SugCde_2554096_20260403111129.txt', 'SugCde_2554146_20260403174345.txt', 'SugCde_2554087_20260403103332.txt', 'SugCde_2554114_20260403161717.txt', 'SugCde_2554145_20260403174340.txt', 'SugCde_2554149_20260403174359.txt', 'SugCde_2554076_20260403094140.txt', 'SugCde_2554132_20260403122923.txt', 'SugCde_2554123_20260403162104.txt', 'SugCde_2554147_20260403174349.txt', 'SugCde_2554142_20260403174323.txt', 'SugCde_2554080_20260403094153.txt', 'SugCde_2554127_20260403162115.txt', 'SugCde_2554090_20260403103706.txt', 'SugCde_2554120_20260403162058.txt', 'SugCde_2554125_20260403162110.txt', 'SugCde_2554108_20260403161521.txt', 'SugCde_2554075_20260403094135.txt', 'SugCde_2554126_20260403162113.txt', 'SugCde_2554143_20260403174330.txt', 'SugCde_2554112_20260403161624.txt', 'SugCde_2554150_20260403174402.txt', 'SugCde_2554111_20260403161620.txt', 'SugCde_2554109_20260403161525.txt', 'SugCde_2554086_20260403103337.txt', 'SugCde_2554115_20260403161955.txt', 'SugCde_2554124_20260403162107.txt', 'SugCde_2554105_20260403161446.txt', 'SugCde_2554073_20260403094121.txt', 'SugCde_2554078_20260403094147.txt', 'SugCde_2554077_20260403094143.txt', 'SugCde_2554107_20260403161506.txt', 'SugCde_2554104_20260403161437.txt', 'SugCde_2554144_20260403174335.txt', 'SugCde_2554088_20260403103327.txt', 'SugCde_2554074_20260403094130.txt', 'SugCde_2554106_20260403161502.txt', 'SugCde_2554079_20260403094150.txt', 'SugCde_2554119_20260403162052.txt', 'SugCde_2554110_20260403161613.txt', 'SugCde_2554116_20260403162039.txt', 'SugCde_2554118_20260403162048.txt', 'SugCde_2554130_20260403121349.txt', 'SugCde_2554148_20260403174354.txt'] - supplier_order) dans /srv/import/110/ | 2026-04-04 00:13:01,551 import déjà en cours {mutex:MTX_PRODUCT}, fichier ignoré | 2026-04-04 00:13:01,554 fichier present: (['Pricing_TLUM_20260403195611.txt', 'Pricing_PVIN_20260403195606.txt', 'Pricing_UFBR_20260403195612.txt'] - price_updater) dans /srv/import/050/ | 2026-04-04 00:13:01,568 6 lignes lu dans le fichier /srv/import/050/Pricing_PVIN_20260403195606.txt | 2026-04-04 00:13:01,568 lancement intégration: (706fe50c-8701-440f-b185-4e7b47acf0a9) | 2026-04-04 00:13:01,582 fichier present: (['Cmdpro_P58G_20260403195610.txt', 'Cmdpro_FX37_20260403195601.txt', 'Cmdpro_PVIN_20260403195605.txt', 'Cmdpro_P21J_20260403195608.txt', 'Cmdpro_PP11_20260403195604.txt', 'Cmdpro_P16Q_20260403195606.txt', 'Cmdpro_FX35_20260403195600.txt', 'Cmdpro_26CC_20260403195613.txt', 'Cmdpro_PP13_20260403195605.txt', 'Cmdpro_26TR_20260403195617.txt', 'Cmdpro_FX34_20260403195559.txt', 'Cmdpro_26ST_20260403195616.txt', 'Cmdpro_UFBR_20260403195611.txt', 'Cmdpro_P61G_20260403195610.txt', 'Cmdpro_26UG_20260403195618.txt', 'Cmdpro_PDF7_20260403195603.txt', 'Cmdpro_26VI_20260403195618.txt', 'Cmdpro_26SB_20260403195615.txt', 'Cmdpro_26SV_20260403195617.txt', 'Cmdpro_FX36_20260403195601.txt', 'Cmdpro_P22Q_20260403195609.txt', 'Cmdpro_12SV_20260403195612.txt', 'Cmdpro_26CL_20260403195614.txt', 'Cmdpro_15CL_20260403195613.txt', 'Cmdpro_TLUM_20260403195611.txt', 'Cmdpro_26GC_20260403195614.txt', 'Cmdpro_PP12_20260403195604.txt', 'Cmdpro_P19Q_20260403195607.txt', 'Cmdpro_P22J_20260403195609.txt', 'Cmdpro_26SS_20260403195616.txt', 'Cmdpro_26FP_20260403195614.txt', 'Cmdpro_NOPH_20260403195602.txt', 'Cmdpro_PDF9_20260403195603.txt', 'Cmdpro_P21Q_20260403195608.txt', 'Cmdpro_26OE_20260403195615.txt', 'Cmdpro_0186_20260403195612.txt', 'Cmdpro_P17Q_20260403195607.txt', 'Cmdpro_26VN_20260403195619.txt'] - supplier_pre_order) dans /srv/import/050/ | 2026-04-04 00:13:01,582 import déjà en cours {mutex:MTX_PRODUCT}, fichier ignoré | 2026-04-04 00:13:01,583 fichier present: (['SugCde_2554122_20260403162102.txt', 'SugCde_2554117_20260403162044.txt', 'SugCde_2554096_20260403111129.txt', 'SugCde_2554146_20260403174345.txt', 'SugCde_2554087_20260403103332.txt', 'SugCde_2554114_20260403161717.txt', 'SugCde_2554145_20260403174340.txt', 'SugCde_2554149_20260403174359.txt', 'SugCde_2554076_20260403094140.txt', 'SugCde_2554132_20260403122923.txt', 'SugCde_2554123_20260403162104.txt', 'SugCde_2554147_20260403174349.txt', 'SugCde_2554142_20260403174323.txt', 'SugCde_2554080_20260403094153.txt', 'SugCde_2554127_20260403162115.txt', 'SugCde_2554090_20260403103706.txt', 'SugCde_2554120_20260403162058.txt', 'SugCde_2554125_20260403162110.txt', 'SugCde_2554108_20260403161521.txt', 'SugCde_2554075_20260403094135.txt', 'SugCde_2554126_20260403162113.txt', 'SugCde_2554143_20260403174330.txt', 'SugCde_2554112_20260403161624.txt', 'SugCde_2554150_20260403174402.txt', 'SugCde_2554111_20260403161620.txt', 'SugCde_2554109_20260403161525.txt', 'SugCde_2554086_20260403103337.txt', 'SugCde_2554115_20260403161955.txt', 'SugCde_2554124_20260403162107.txt', 'SugCde_2554105_20260403161446.txt', 'SugCde_2554073_20260403094121.txt', 'SugCde_2554078_20260403094147.txt', 'SugCde_2554077_20260403094143.txt', 'SugCde_2554107_20260403161506.txt', 'SugCde_2554104_20260403161437.txt', 'SugCde_2554144_20260403174335.txt', 'SugCde_2554088_20260403103327.txt', 'SugCde_2554074_20260403094130.txt', 'SugCde_2554106_20260403161502.txt', 'SugCde_2554079_20260403094150.txt', 'SugCde_2554119_20260403162052.txt', 'SugCde_2554110_20260403161613.txt', 'SugCde_2554116_20260403162039.txt', 'SugCde_2554118_20260403162048.txt', 'SugCde_2554130_20260403121349.txt', 'SugCde_2554148_20260403174354.txt'] - supplier_order) dans /srv/import/050/ | 2026-04-04 00:13:01,583 import déjà en cours {mutex:MTX_PRODUCT}, fichier ignoré | 2026-04-04 00:13:01,626 fin intégration: (706fe50c-8701-440f-b185-4e7b47acf0a9) | fichier: /srv/import/050/Pricing_PVIN_20260403195606.txt | 0 lignes formatées | 0 lignes en erreurs | 0 lignes crées | 0 lignes mises à jour | 0 lignes supprimées | 2026-04-04 00:13:01,848 produit inconnu 100251582 - [['P', '100251582', '3678.00', '', '', '', '']] | 2026-04-04 00:13:02,020 produit inconnu 100534623 - [['P', '100534623', '6056.00', '', '', '', '']] | 2026-04-04 00:13:07,534 produit inconnu 100251582 - [['P', '100251582', '5100.00', '', '', '', '']] | 2026-04-04 00:13:07,622 produit inconnu 100534623 - [['P', '100534623', '7950.00', '', '', '', '']] | 2026-04-04 00:13:11,958 fin intégration: (978d4c34-370a-4361-8139-549436635e66) | fichier: /srv/import/110/Pricing_P16Q_20260403195606.txt | 312 lignes formatées | 4 lignes en erreurs | 2 lignes crées | 0 lignes mises à jour | 0 lignes supprimées;110;SUPER U VALLON
pos1;POS 1;2026-04-09T18:56:08.939058+00:00;706fe50c-8701-440f-b185-4e7b47acf0a9;2026-04-04T00:13:01.569841;2026-04-04T00:13:01.634811;30;import de données;price_updater;mise à jour de prix;2;succès;interne;Import mise à jour de prix: | fin intégration: (706fe50c-8701-440f-b185-4e7b47acf0a9) | fichier: /srv/import/050/Pricing_PVIN_20260403195606.txt | 0 lignes formatées | 0 lignes en erreurs | 0 lignes crées | 0 lignes mises à jour | 0 lignes supprimées;050;CASH CENTER ZONE 4
pos1;POS 1;2026-04-09T18:56:08.939058+00:00;994f648c-73bd-4b17-9e6d-7bf60cd96bf4;2026-04-04T00:12:01.570174;2026-04-04T00:12:01.624643;30;import de données;price_updater;mise à jour de prix;2;succès;interne;Import mise à jour de prix: | fin intégration: (994f648c-73bd-4b17-9e6d-7bf60cd96bf4) | fichier: /srv/import/050/Pricing_PP13_20260403195605.txt | 0 lignes formatées | 0 lignes en erreurs | 0 lignes crées | 0 lignes mises à jour | 0 lignes supprimées;050;CASH CENTER ZONE 4
pos1;POS 1;2026-04-09T18:56:08.939058+00:00;a1c1996f-9d0a-40ae-a6d0-3d926f6233f0;2026-04-04T00:12:01.526751;2026-04-04T00:12:01.595461;30;import de données;price_updater;mise à jour de prix;2;succès;interne;Import mise à jour de prix: | fin intégration: (a1c1996f-9d0a-40ae-a6d0-3d926f6233f0) | fichier: /srv/import/110/Pricing_NOPH_20260403195602.txt | 0 lignes formatées | 0 lignes en erreurs | 0 lignes crées | 0 lignes mises à jour | 0 lignes supprimées;110;SUPER U VALLON
pos1;POS 1;2026-04-09T18:56:08.939058+00:00;326078b6-8a43-43fa-a274-1c5ce9755336;2026-04-04T00:11:01.503731;2026-04-04T00:11:08.305794;30;import de données;price_updater;mise à jour de prix;0;erreur;interne;Extrait du rapport d'import: | 2026-04-04 00:11:01,516 import déjà en cours {mutex:MTX_PRODUCT}, fichier ignoré | 2026-04-04 00:11:01,517 fichier present: (['Cmdpro_P58G_20260403195610.txt', 'Cmdpro_FX37_20260403195601.txt', 'Cmdpro_PVIN_20260403195605.txt', 'Cmdpro_P21J_20260403195608.txt', 'Cmdpro_PP11_20260403195604.txt', 'Cmdpro_P16Q_20260403195606.txt', 'Cmdpro_FX35_20260403195600.txt', 'Cmdpro_26CC_20260403195613.txt', 'Cmdpro_PP13_20260403195605.txt', 'Cmdpro_26TR_20260403195617.txt', 'Cmdpro_FX34_20260403195559.txt', 'Cmdpro_26ST_20260403195616.txt', 'Cmdpro_UFBR_20260403195611.txt', 'Cmdpro_P61G_20260403195610.txt', 'Cmdpro_26UG_20260403195618.txt', 'Cmdpro_PDF7_20260403195603.txt', 'Cmdpro_26VI_20260403195618.txt', 'Cmdpro_26SB_20260403195615.txt', 'Cmdpro_26SV_20260403195617.txt', 'Cmdpro_FX36_20260403195601.txt', 'Cmdpro_P22Q_20260403195609.txt', 'Cmdpro_12SV_20260403195612.txt', 'Cmdpro_26CL_20260403195614.txt', 'Cmdpro_15CL_20260403195613.txt', 'Cmdpro_TLUM_20260403195611.txt', 'Cmdpro_26GC_20260403195614.txt', 'Cmdpro_PP12_20260403195604.txt', 'Cmdpro_P19Q_20260403195607.txt', 'Cmdpro_P22J_20260403195609.txt', 'Cmdpro_26SS_20260403195616.txt', 'Cmdpro_26FP_20260403195614.txt', 'Cmdpro_NOPH_20260403195602.txt', 'Cmdpro_PDF9_20260403195603.txt', 'Cmdpro_P21Q_20260403195608.txt', 'Cmdpro_26OE_20260403195615.txt', 'Cmdpro_0186_20260403195612.txt', 'Cmdpro_P17Q_20260403195607.txt', 'Cmdpro_26VN_20260403195619.txt'] - supplier_pre_order) dans /srv/import/110/ | 2026-04-04 00:11:01,517 import déjà en cours {mutex:MTX_PRODUCT}, fichier ignoré | 2026-04-04 00:11:01,518 fichier present: (['SugCde_2554122_20260403162102.txt', 'SugCde_2554117_20260403162044.txt', 'SugCde_2554096_20260403111129.txt', 'SugCde_2554146_20260403174345.txt', 'SugCde_2554087_20260403103332.txt', 'SugCde_2554114_20260403161717.txt', 'SugCde_2554145_20260403174340.txt', 'SugCde_2554149_20260403174359.txt', 'SugCde_2554076_20260403094140.txt', 'SugCde_2554132_20260403122923.txt', 'SugCde_2554123_20260403162104.txt', 'SugCde_2554147_20260403174349.txt', 'SugCde_2554142_20260403174323.txt', 'SugCde_2554080_20260403094153.txt', 'SugCde_2554127_20260403162115.txt', 'SugCde_2554090_20260403103706.txt', 'SugCde_2554120_20260403162058.txt', 'SugCde_2554125_20260403162110.txt', 'SugCde_2554108_20260403161521.txt', 'SugCde_2554075_20260403094135.txt', 'SugCde_2554126_20260403162113.txt', 'SugCde_2554143_20260403174330.txt', 'SugCde_2554112_20260403161624.txt', 'SugCde_2554150_20260403174402.txt', 'SugCde_2554111_20260403161620.txt', 'SugCde_2554109_20260403161525.txt', 'SugCde_2554086_20260403103337.txt', 'SugCde_2554115_20260403161955.txt', 'SugCde_2554124_20260403162107.txt', 'SugCde_2554105_20260403161446.txt', 'SugCde_2554073_20260403094121.txt', 'SugCde_2554078_20260403094147.txt', 'SugCde_2554077_20260403094143.txt', 'SugCde_2554107_20260403161506.txt', 'SugCde_2554104_20260403161437.txt', 'SugCde_2554144_20260403174335.txt', 'SugCde_2554088_20260403103327.txt', 'SugCde_2554074_20260403094130.txt', 'SugCde_2554106_20260403161502.txt', 'SugCde_2554079_20260403094150.txt', 'SugCde_2554119_20260403162052.txt', 'SugCde_2554110_20260403161613.txt', 'SugCde_2554116_20260403162039.txt', 'SugCde_2554118_20260403162048.txt', 'SugCde_2554130_20260403121349.txt', 'SugCde_2554148_20260403174354.txt'] - supplier_order) dans /srv/import/110/ | 2026-04-04 00:11:01,518 import déjà en cours {mutex:MTX_PRODUCT}, fichier ignoré | 2026-04-04 00:11:01,521 fichier present: (['Pricing_PP13_20260403195605.txt', 'Pricing_TLUM_20260403195611.txt', 'Pricing_PP12_20260403195605.txt', 'Pricing_PVIN_20260403195606.txt', 'Pricing_UFBR_20260403195612.txt'] - price_updater) dans /srv/import/050/ | 2026-04-04 00:11:01,527 0 lignes lu dans le fichier /srv/import/050/Pricing_PP12_20260403195605.txt | 2026-04-04 00:11:01,527 lancement intégration: (906527fd-28b2-4789-bffa-954f12fe00fa) | 2026-04-04 00:11:01,539 fichier present: (['Cmdpro_P58G_20260403195610.txt', 'Cmdpro_FX37_20260403195601.txt', 'Cmdpro_PVIN_20260403195605.txt', 'Cmdpro_P21J_20260403195608.txt', 'Cmdpro_PP11_20260403195604.txt', 'Cmdpro_P16Q_20260403195606.txt', 'Cmdpro_FX35_20260403195600.txt', 'Cmdpro_26CC_20260403195613.txt', 'Cmdpro_PP13_20260403195605.txt', 'Cmdpro_26TR_20260403195617.txt', 'Cmdpro_FX34_20260403195559.txt', 'Cmdpro_26ST_20260403195616.txt', 'Cmdpro_UFBR_20260403195611.txt', 'Cmdpro_P61G_20260403195610.txt', 'Cmdpro_26UG_20260403195618.txt', 'Cmdpro_PDF7_20260403195603.txt', 'Cmdpro_26VI_20260403195618.txt', 'Cmdpro_26SB_20260403195615.txt', 'Cmdpro_26SV_20260403195617.txt', 'Cmdpro_FX36_20260403195601.txt', 'Cmdpro_P22Q_20260403195609.txt', 'Cmdpro_12SV_20260403195612.txt', 'Cmdpro_26CL_20260403195614.txt', 'Cmdpro_15CL_20260403195613.txt', 'Cmdpro_TLUM_20260403195611.txt', 'Cmdpro_26GC_20260403195614.txt', 'Cmdpro_PP12_20260403195604.txt', 'Cmdpro_P19Q_20260403195607.txt', 'Cmdpro_P22J_20260403195609.txt', 'Cmdpro_26SS_20260403195616.txt', 'Cmdpro_26FP_20260403195614.txt', 'Cmdpro_NOPH_20260403195602.txt', 'Cmdpro_PDF9_20260403195603.txt', 'Cmdpro_P21Q_20260403195608.txt', 'Cmdpro_26OE_20260403195615.txt', 'Cmdpro_0186_20260403195612.txt', 'Cmdpro_P17Q_20260403195607.txt', 'Cmdpro_26VN_20260403195619.txt'] - supplier_pre_order) dans /srv/import/050/ | 2026-04-04 00:11:01,543 import déjà en cours {mutex:MTX_PRODUCT}, fichier ignoré | 2026-04-04 00:11:01,544 fichier present: (['SugCde_2554122_20260403162102.txt', 'SugCde_2554117_20260403162044.txt', 'SugCde_2554096_20260403111129.txt', 'SugCde_2554146_20260403174345.txt', 'SugCde_2554087_20260403103332.txt', 'SugCde_2554114_20260403161717.txt', 'SugCde_2554145_20260403174340.txt', 'SugCde_2554149_20260403174359.txt', 'SugCde_2554076_20260403094140.txt', 'SugCde_2554132_20260403122923.txt', 'SugCde_2554123_20260403162104.txt', 'SugCde_2554147_20260403174349.txt', 'SugCde_2554142_20260403174323.txt', 'SugCde_2554080_20260403094153.txt', 'SugCde_2554127_20260403162115.txt', 'SugCde_2554090_20260403103706.txt', 'SugCde_2554120_20260403162058.txt', 'SugCde_2554125_20260403162110.txt', 'SugCde_2554108_20260403161521.txt', 'SugCde_2554075_20260403094135.txt', 'SugCde_2554126_20260403162113.txt', 'SugCde_2554143_20260403174330.txt', 'SugCde_2554112_20260403161624.txt', 'SugCde_2554150_20260403174402.txt', 'SugCde_2554111_20260403161620.txt', 'SugCde_2554109_20260403161525.txt', 'SugCde_2554086_20260403103337.txt', 'SugCde_2554115_20260403161955.txt', 'SugCde_2554124_20260403162107.txt', 'SugCde_2554105_20260403161446.txt', 'SugCde_2554073_20260403094121.txt', 'SugCde_2554078_20260403094147.txt', 'SugCde_2554077_20260403094143.txt', 'SugCde_2554107_20260403161506.txt', 'SugCde_2554104_20260403161437.txt', 'SugCde_2554144_20260403174335.txt', 'SugCde_2554088_20260403103327.txt', 'SugCde_2554074_20260403094130.txt', 'SugCde_2554106_20260403161502.txt', 'SugCde_2554079_20260403094150.txt', 'SugCde_2554119_20260403162052.txt', 'SugCde_2554110_20260403161613.txt', 'SugCde_2554116_20260403162039.txt', 'SugCde_2554118_20260403162048.txt', 'SugCde_2554130_20260403121349.txt', 'SugCde_2554148_20260403174354.txt'] - supplier_order) dans /srv/import/050/ | 2026-04-04 00:11:01,545 import déjà en cours {mutex:MTX_PRODUCT}, fichier ignoré | 2026-04-04 00:11:01,572 fin intégration: (906527fd-28b2-4789-bffa-954f12fe00fa) | fichier: /srv/import/050/Pricing_PP12_20260403195605.txt | 0 lignes formatées | 0 lignes en erreurs | 0 lignes crées | 0 lignes mises à jour | 0 lignes supprimées | 2026-04-04 00:11:01,825 produit inconnu 100682742 - [['P', '100682742', '5900.00', '', '', '', '']] | 2026-04-04 00:11:05,162 produit inconnu 100682742 - [['P', '100682742', '7000.00', '', '', '', '']] | 2026-04-04 00:11:08,273 fin intégration: (326078b6-8a43-43fa-a274-1c5ce9755336) | fichier: /srv/import/110/Pricing_FX37_20260403195602.txt | 214 lignes formatées | 2 lignes en erreurs | 2 lignes crées | 0 lignes mises à jour | 0 lignes supprimées;110;SUPER U VALLON
pos1;POS 1;2026-04-09T18:56:08.939058+00:00;906527fd-28b2-4789-bffa-954f12fe00fa;2026-04-04T00:11:01.528552;2026-04-04T00:11:01.575264;30;import de données;price_updater;mise à jour de prix;2;succès;interne;Import mise à jour de prix: | fin intégration: (906527fd-28b2-4789-bffa-954f12fe00fa) | fichier: /srv/import/050/Pricing_PP12_20260403195605.txt | 0 lignes formatées | 0 lignes en erreurs | 0 lignes crées | 0 lignes mises à jour | 0 lignes supprimées;050;CASH CENTER ZONE 4
pos1;POS 1;2026-04-09T18:56:08.939058+00:00;0681b0f4-8304-4412-b3d5-826d7dec5322;2026-04-04T00:10:01.489201;2026-04-04T00:10:02.269536;30;import de données;price_updater;mise à jour de prix;2;succès;interne;Import mise à jour de prix: | fin intégration: (0681b0f4-8304-4412-b3d5-826d7dec5322) | fichier: /srv/import/110/Pricing_FX36_20260403195601.txt | 16 lignes formatées | 0 lignes en erreurs | 2 lignes crées | 0 lignes mises à jour | 0 lignes supprimées;110;SUPER U VALLON
pos1;POS 1;2026-04-09T18:56:08.939058+00:00;ab83df5d-64af-4f3b-a95f-58a4961847e4;2026-04-04T00:10:01.540534;2026-04-04T00:10:01.593716;30;import de données;price_updater;mise à jour de prix;2;succès;interne;Import mise à jour de prix: | fin intégration: (ab83df5d-64af-4f3b-a95f-58a4961847e4) | fichier: /srv/import/050/Pricing_PP11_20260403195604.txt | 0 lignes formatées | 0 lignes en erreurs | 0 lignes crées | 0 lignes mises à jour | 0 lignes supprimées;050;CASH CENTER ZONE 4
pos1;POS 1;2026-04-09T18:56:08.939058+00:00;22d66a78-4aee-4294-801c-130e29d28147;2026-04-04T00:09:01.520885;2026-04-04T00:09:05.680486;30;import de données;price_updater;mise à jour de prix;2;succès;interne;Import mise à jour de prix: | fin intégration: (22d66a78-4aee-4294-801c-130e29d28147) | fichier: /srv/import/110/Pricing_FX35_20260403195601.txt | 112 lignes formatées | 0 lignes en erreurs | 2 lignes crées | 0 lignes mises à jour | 0 lignes supprimées;110;SUPER U VALLON
pos1;POS 1;2026-04-09T18:56:08.939058+00:00;6ba3772c-d2bb-491b-81c5-ca4f36919be2;2026-04-04T00:09:01.565760;2026-04-04T00:09:01.653223;30;import de données;price_updater;mise à jour de prix;2;succès;interne;Import mise à jour de prix: | fin intégration: (6ba3772c-d2bb-491b-81c5-ca4f36919be2) | fichier: /srv/import/050/Pricing_PDF9_20260403195603.txt | 0 lignes formatées | 0 lignes en erreurs | 0 lignes crées | 0 lignes mises à jour | 0 lignes supprimées;050;CASH CENTER ZONE 4
pos1;POS 1;2026-04-09T18:56:08.939058+00:00;d5f75cdf-c9c7-45a5-a0de-d84026814d17;2026-04-04T00:08:01.552289;2026-04-04T00:08:02.581827;30;import de données;price_updater;mise à jour de prix;0;erreur;interne;Extrait du rapport d'import: | 2026-04-04 00:08:01,568 import déjà en cours {mutex:MTX_PRODUCT}, fichier ignoré | 2026-04-04 00:08:01,570 fichier present: (['Pricing_PDF9_20260403195603.txt', 'Pricing_PP13_20260403195605.txt', 'Pricing_PDF7_20260403195603.txt', 'Pricing_TLUM_20260403195611.txt', 'Pricing_PP11_20260403195604.txt', 'Pricing_PP12_20260403195605.txt', 'Pricing_PVIN_20260403195606.txt', 'Pricing_UFBR_20260403195612.txt'] - price_updater) dans /srv/import/050/ | 2026-04-04 00:08:01,584 28 lignes lu dans le fichier /srv/import/050/Pricing_PDF7_20260403195603.txt | 2026-04-04 00:08:01,584 lancement intégration: (bb2aa704-2d0a-48e7-ad29-52f2e1ecdb6a) | 2026-04-04 00:08:01,602 fichier present: (['Cmdpro_P58G_20260403195610.txt', 'Cmdpro_FX37_20260403195601.txt', 'Cmdpro_PVIN_20260403195605.txt', 'Cmdpro_P21J_20260403195608.txt', 'Cmdpro_PP11_20260403195604.txt', 'Cmdpro_P16Q_20260403195606.txt', 'Cmdpro_FX35_20260403195600.txt', 'Cmdpro_26CC_20260403195613.txt', 'Cmdpro_PP13_20260403195605.txt', 'Cmdpro_26TR_20260403195617.txt', 'Cmdpro_FX34_20260403195559.txt', 'Cmdpro_26ST_20260403195616.txt', 'Cmdpro_UFBR_20260403195611.txt', 'Cmdpro_P61G_20260403195610.txt', 'Cmdpro_26UG_20260403195618.txt', 'Cmdpro_PDF7_20260403195603.txt', 'Cmdpro_26VI_20260403195618.txt', 'Cmdpro_26SB_20260403195615.txt', 'Cmdpro_26SV_20260403195617.txt', 'Cmdpro_FX36_20260403195601.txt', 'Cmdpro_P22Q_20260403195609.txt', 'Cmdpro_12SV_20260403195612.txt', 'Cmdpro_26CL_20260403195614.txt', 'Cmdpro_15CL_20260403195613.txt', 'Cmdpro_TLUM_20260403195611.txt', 'Cmdpro_26GC_20260403195614.txt', 'Cmdpro_PP12_20260403195604.txt', 'Cmdpro_P19Q_20260403195607.txt', 'Cmdpro_P22J_20260403195609.txt', 'Cmdpro_26SS_20260403195616.txt', 'Cmdpro_26FP_20260403195614.txt', 'Cmdpro_NOPH_20260403195602.txt', 'Cmdpro_PDF9_20260403195603.txt', 'Cmdpro_P21Q_20260403195608.txt', 'Cmdpro_26OE_20260403195615.txt', 'Cmdpro_0186_20260403195612.txt', 'Cmdpro_P17Q_20260403195607.txt', 'Cmdpro_26VN_20260403195619.txt'] - supplier_pre_order) dans /srv/import/050/ | 2026-04-04 00:08:01,603 import déjà en cours {mutex:MTX_PRODUCT}, fichier ignoré | 2026-04-04 00:08:01,603 fichier present: (['SugCde_2554122_20260403162102.txt', 'SugCde_2554117_20260403162044.txt', 'SugCde_2554096_20260403111129.txt', 'SugCde_2554146_20260403174345.txt', 'SugCde_2554087_20260403103332.txt', 'SugCde_2554114_20260403161717.txt', 'SugCde_2554145_20260403174340.txt', 'SugCde_2554149_20260403174359.txt', 'SugCde_2554076_20260403094140.txt', 'SugCde_2554132_20260403122923.txt', 'SugCde_2554123_20260403162104.txt', 'SugCde_2554147_20260403174349.txt', 'SugCde_2554142_20260403174323.txt', 'SugCde_2554080_20260403094153.txt', 'SugCde_2554127_20260403162115.txt', 'SugCde_2554090_20260403103706.txt', 'SugCde_2554120_20260403162058.txt', 'SugCde_2554125_20260403162110.txt', 'SugCde_2554108_20260403161521.txt', 'SugCde_2554075_20260403094135.txt', 'SugCde_2554126_20260403162113.txt', 'SugCde_2554143_20260403174330.txt', 'SugCde_2554112_20260403161624.txt', 'SugCde_2554150_20260403174402.txt', 'SugCde_2554111_20260403161620.txt', 'SugCde_2554109_20260403161525.txt', 'SugCde_2554086_20260403103337.txt', 'SugCde_2554115_20260403161955.txt', 'SugCde_2554124_20260403162107.txt', 'SugCde_2554105_20260403161446.txt', 'SugCde_2554073_20260403094121.txt', 'SugCde_2554078_20260403094147.txt', 'SugCde_2554077_20260403094143.txt', 'SugCde_2554107_20260403161506.txt', 'SugCde_2554104_20260403161437.txt', 'SugCde_2554144_20260403174335.txt', 'SugCde_2554088_20260403103327.txt', 'SugCde_2554074_20260403094130.txt', 'SugCde_2554106_20260403161502.txt', 'SugCde_2554079_20260403094150.txt', 'SugCde_2554119_20260403162052.txt', 'SugCde_2554110_20260403161613.txt', 'SugCde_2554116_20260403162039.txt', 'SugCde_2554118_20260403162048.txt', 'SugCde_2554130_20260403121349.txt', 'SugCde_2554148_20260403174354.txt'] - supplier_order) dans /srv/import/050/ | 2026-04-04 00:08:01,603 import déjà en cours {mutex:MTX_PRODUCT}, fichier ignoré | 2026-04-04 00:08:01,649 fin intégration: (bb2aa704-2d0a-48e7-ad29-52f2e1ecdb6a) | fichier: /srv/import/050/Pricing_PDF7_20260403195603.txt | 0 lignes formatées | 0 lignes en erreurs | 0 lignes crées | 0 lignes mises à jour | 0 lignes supprimées | 2026-04-04 00:08:01,686 produit inconnu 100693531 - [['P', '100693531', '1754.00', '', '', '', '']] | 2026-04-04 00:08:01,704 produit inconnu 100722401 - [['P', '100722401', '1243.00', '', '', '', '']] | 2026-04-04 00:08:01,709 produit inconnu 100722405 - [['P', '100722405', '1243.00', '', '', '', '']] | 2026-04-04 00:08:02,169 produit inconnu 100693531 - [['P', '100693531', '2300.00', '', '', '', '']] | 2026-04-04 00:08:02,188 produit inconnu 100722401 - [['P', '100722401', '1700.00', '', '', '', '']] | 2026-04-04 00:08:02,200 produit inconnu 100722405 - [['P', '100722405', '1700.00', '', '', '', '']] | 2026-04-04 00:08:02,547 fin intégration: (d5f75cdf-c9c7-45a5-a0de-d84026814d17) | fichier: /srv/import/110/Pricing_FX34_20260403195600.txt | 20 lignes formatées | 6 lignes en erreurs | 2 lignes crées | 0 lignes mises à jour | 0 lignes supprimées;110;SUPER U VALLON
pos1;POS 1;2026-04-09T18:56:08.939058+00:00;bb2aa704-2d0a-48e7-ad29-52f2e1ecdb6a;2026-04-04T00:08:01.585281;2026-04-04T00:08:01.653228;30;import de données;price_updater;mise à jour de prix;2;succès;interne;Import mise à jour de prix: | fin intégration: (bb2aa704-2d0a-48e7-ad29-52f2e1ecdb6a) | fichier: /srv/import/050/Pricing_PDF7_20260403195603.txt | 0 lignes formatées | 0 lignes en erreurs | 0 lignes crées | 0 lignes mises à jour | 0 lignes supprimées;050;CASH CENTER ZONE 4
pos1;POS 1;2026-04-09T18:56:08.939058+00:00;c1266b74-19cb-475a-bef8-39c0394dbfa0;2026-04-04T00:07:01.551517;2026-04-04T00:07:01.606558;30;import de données;price_updater;mise à jour de prix;2;succès;interne;Import mise à jour de prix: | fin intégration: (c1266b74-19cb-475a-bef8-39c0394dbfa0) | fichier: /srv/import/050/Pricing_P61G_20260403195611.txt | 0 lignes formatées | 0 lignes en erreurs | 0 lignes crées | 0 lignes mises à jour | 0 lignes supprimées;050;CASH CENTER ZONE 4
pos1;POS 1;2026-04-09T18:56:08.939058+00:00;a583ce46-67af-40ce-b1fe-0d0ae03a7758;2026-04-04T00:07:01.509817;2026-04-04T00:07:01.558981;30;import de données;price_updater;mise à jour de prix;2;succès;interne;Import mise à jour de prix: | fin intégration: (a583ce46-67af-40ce-b1fe-0d0ae03a7758) | fichier: /srv/import/110/Pricing_26VN_20260403195619.txt | 0 lignes formatées | 0 lignes en erreurs | 0 lignes crées | 0 lignes mises à jour | 0 lignes supprimées;110;SUPER U VALLON
pos1;POS 1;2026-04-09T18:56:08.939058+00:00;7489e512-ac70-4c0e-8d75-6e364158b4e9;2026-04-04T00:06:01.503346;2026-04-04T00:06:01.728591;30;import de données;price_updater;mise à jour de prix;2;succès;interne;Import mise à jour de prix: | fin intégration: (7489e512-ac70-4c0e-8d75-6e364158b4e9) | fichier: /srv/import/110/Pricing_26VI_20260403195618.txt | 2 lignes formatées | 0 lignes en erreurs | 2 lignes crées | 0 lignes mises à jour | 0 lignes supprimées;110;SUPER U VALLON
pos1;POS 1;2026-04-09T18:56:08.939058+00:00;4c0c301c-7d3e-46af-87ab-4f79d5c87220;2026-04-04T00:06:01.546519;2026-04-04T00:06:01.633243;30;import de données;price_updater;mise à jour de prix;2;succès;interne;Import mise à jour de prix: | fin intégration: (4c0c301c-7d3e-46af-87ab-4f79d5c87220) | fichier: /srv/import/050/Pricing_P58G_20260403195610.txt | 0 lignes formatées | 0 lignes en erreurs | 0 lignes crées | 0 lignes mises à jour | 0 lignes supprimées;050;CASH CENTER ZONE 4
pos1;POS 1;2026-04-09T18:56:08.939058+00:00;af4e3ef6-9278-410e-af71-b9a6cb253c2b;2026-04-04T00:05:01.558612;2026-04-04T00:05:01.670269;30;import de données;price_updater;mise à jour de prix;2;succès;interne;Import mise à jour de prix: | fin intégration: (af4e3ef6-9278-410e-af71-b9a6cb253c2b) | fichier: /srv/import/050/Pricing_P22Q_20260403195610.txt | 0 lignes formatées | 0 lignes en erreurs | 0 lignes crées | 0 lignes mises à jour | 0 lignes supprimées;050;CASH CENTER ZONE 4
pos1;POS 1;2026-04-09T18:56:08.939058+00:00;84a2ca6f-1e1a-4bae-9c68-a1e2ce84465a;2026-04-04T00:05:01.514525;2026-04-04T00:05:01.574963;30;import de données;price_updater;mise à jour de prix;2;succès;interne;Import mise à jour de prix: | fin intégration: (84a2ca6f-1e1a-4bae-9c68-a1e2ce84465a) | fichier: /srv/import/110/Pricing_26UG_20260403195618.txt | 0 lignes formatées | 0 lignes en erreurs | 0 lignes crées | 0 lignes mises à jour | 0 lignes supprimées;110;SUPER U VALLON
pos1;POS 1;2026-04-09T18:56:08.939058+00:00;ab0418b1-d521-487e-b3cb-7c001a37480e;2026-04-04T00:04:01.492364;2026-04-04T00:04:01.816642;30;import de données;price_updater;mise à jour de prix;2;succès;interne;Import mise à jour de prix: | fin intégration: (ab0418b1-d521-487e-b3cb-7c001a37480e) | fichier: /srv/import/110/Pricing_26TR_20260403195617.txt | 6 lignes formatées | 0 lignes en erreurs | 2 lignes crées | 0 lignes mises à jour | 0 lignes supprimées;110;SUPER U VALLON
pos1;POS 1;2026-04-09T18:56:08.939058+00:00;378e6bca-9f21-40eb-a9ba-28f4971be8f7;2026-04-04T00:04:01.514116;2026-04-04T00:04:01.572980;30;import de données;price_updater;mise à jour de prix;2;succès;interne;Import mise à jour de prix: | fin intégration: (378e6bca-9f21-40eb-a9ba-28f4971be8f7) | fichier: /srv/import/050/Pricing_P22J_20260403195609.txt | 0 lignes formatées | 0 lignes en erreurs | 0 lignes crées | 0 lignes mises à jour | 0 lignes supprimées;050;CASH CENTER ZONE 4
pos1;POS 1;2026-04-09T18:56:08.939058+00:00;dd3ddf28-ffb2-4221-8a59-203ea580b1da;2026-04-04T00:03:01.521822;2026-04-04T00:03:02.255493;30;import de données;price_updater;mise à jour de prix;0;erreur;interne;Extrait du rapport d'import: | 2026-04-04 00:03:01,563 import déjà en cours {mutex:MTX_PRODUCT}, fichier ignoré | 2026-04-04 00:03:01,564 fichier present: (['Cmdpro_P58G_20260403195610.txt', 'Cmdpro_FX37_20260403195601.txt', 'Cmdpro_PVIN_20260403195605.txt', 'Cmdpro_P21J_20260403195608.txt', 'Cmdpro_PP11_20260403195604.txt', 'Cmdpro_P16Q_20260403195606.txt', 'Cmdpro_FX35_20260403195600.txt', 'Cmdpro_26CC_20260403195613.txt', 'Cmdpro_PP13_20260403195605.txt', 'Cmdpro_26TR_20260403195617.txt', 'Cmdpro_FX34_20260403195559.txt', 'Cmdpro_26ST_20260403195616.txt', 'Cmdpro_UFBR_20260403195611.txt', 'Cmdpro_P61G_20260403195610.txt', 'Cmdpro_26UG_20260403195618.txt', 'Cmdpro_PDF7_20260403195603.txt', 'Cmdpro_26VI_20260403195618.txt', 'Cmdpro_26SB_20260403195615.txt', 'Cmdpro_26SV_20260403195617.txt', 'Cmdpro_FX36_20260403195601.txt', 'Cmdpro_P22Q_20260403195609.txt', 'Cmdpro_12SV_20260403195612.txt', 'Cmdpro_26CL_20260403195614.txt', 'Cmdpro_15CL_20260403195613.txt', 'Cmdpro_TLUM_20260403195611.txt', 'Cmdpro_26GC_20260403195614.txt', 'Cmdpro_PP12_20260403195604.txt', 'Cmdpro_P19Q_20260403195607.txt', 'Cmdpro_P22J_20260403195609.txt', 'Cmdpro_26SS_20260403195616.txt', 'Cmdpro_26FP_20260403195614.txt', 'Cmdpro_NOPH_20260403195602.txt', 'Cmdpro_PDF9_20260403195603.txt', 'Cmdpro_P21Q_20260403195608.txt', 'Cmdpro_26OE_20260403195615.txt', 'Cmdpro_0186_20260403195612.txt', 'Cmdpro_P17Q_20260403195607.txt', 'Cmdpro_26VN_20260403195619.txt'] - supplier_pre_order) dans /srv/import/110/ | 2026-04-04 00:03:01,564 import déjà en cours {mutex:MTX_PRODUCT}, fichier ignoré | 2026-04-04 00:03:01,564 fichier present: (['SugCde_2554122_20260403162102.txt', 'SugCde_2554117_20260403162044.txt', 'SugCde_2554096_20260403111129.txt', 'SugCde_2554146_20260403174345.txt', 'SugCde_2554087_20260403103332.txt', 'SugCde_2554114_20260403161717.txt', 'SugCde_2554145_20260403174340.txt', 'SugCde_2554149_20260403174359.txt', 'SugCde_2554076_20260403094140.txt', 'SugCde_2554132_20260403122923.txt', 'SugCde_2554123_20260403162104.txt', 'SugCde_2554147_20260403174349.txt', 'SugCde_2554142_20260403174323.txt', 'SugCde_2554080_20260403094153.txt', 'SugCde_2554127_20260403162115.txt', 'SugCde_2554090_20260403103706.txt', 'SugCde_2554120_20260403162058.txt', 'SugCde_2554125_20260403162110.txt', 'SugCde_2554108_20260403161521.txt', 'SugCde_2554075_20260403094135.txt', 'SugCde_2554126_20260403162113.txt', 'SugCde_2554143_20260403174330.txt', 'SugCde_2554112_20260403161624.txt', 'SugCde_2554150_20260403174402.txt', 'SugCde_2554111_20260403161620.txt', 'SugCde_2554109_20260403161525.txt', 'SugCde_2554086_20260403103337.txt', 'SugCde_2554115_20260403161955.txt', 'SugCde_2554124_20260403162107.txt', 'SugCde_2554105_20260403161446.txt', 'SugCde_2554073_20260403094121.txt', 'SugCde_2554078_20260403094147.txt', 'SugCde_2554077_20260403094143.txt', 'SugCde_2554107_20260403161506.txt', 'SugCde_2554104_20260403161437.txt', 'SugCde_2554144_20260403174335.txt', 'SugCde_2554088_20260403103327.txt', 'SugCde_2554074_20260403094130.txt', 'SugCde_2554106_20260403161502.txt', 'SugCde_2554079_20260403094150.txt', 'SugCde_2554119_20260403162052.txt', 'SugCde_2554110_20260403161613.txt', 'SugCde_2554116_20260403162039.txt', 'SugCde_2554118_20260403162048.txt', 'SugCde_2554130_20260403121349.txt', 'SugCde_2554148_20260403174354.txt'] - supplier_order) dans /srv/import/110/ | 2026-04-04 00:03:01,565 import déjà en cours {mutex:MTX_PRODUCT}, fichier ignoré | 2026-04-04 00:03:01,566 fichier present: (['Pricing_PDF9_20260403195603.txt', 'Pricing_PP13_20260403195605.txt', 'Pricing_P22Q_20260403195610.txt', 'Pricing_PDF7_20260403195603.txt', 'Pricing_P61G_20260403195611.txt', 'Pricing_P22J_20260403195609.txt', 'Pricing_TLUM_20260403195611.txt', 'Pricing_P21Q_20260403195608.txt', 'Pricing_PP11_20260403195604.txt', 'Pricing_PP12_20260403195605.txt', 'Pricing_PVIN_20260403195606.txt', 'Pricing_P58G_20260403195610.txt', 'Pricing_UFBR_20260403195612.txt'] - price_updater) dans /srv/import/050/ | 2026-04-04 00:03:01,583 98 lignes lu dans le fichier /srv/import/050/Pricing_P21Q_20260403195608.txt | 2026-04-04 00:03:01,583 lancement intégration: (eec4c55f-31f0-4591-a28a-077c5b577ce4) | 2026-04-04 00:03:01,606 fichier present: (['Cmdpro_P58G_20260403195610.txt', 'Cmdpro_FX37_20260403195601.txt', 'Cmdpro_PVIN_20260403195605.txt', 'Cmdpro_P21J_20260403195608.txt', 'Cmdpro_PP11_20260403195604.txt', 'Cmdpro_P16Q_20260403195606.txt', 'Cmdpro_FX35_20260403195600.txt', 'Cmdpro_26CC_20260403195613.txt', 'Cmdpro_PP13_20260403195605.txt', 'Cmdpro_26TR_20260403195617.txt', 'Cmdpro_FX34_20260403195559.txt', 'Cmdpro_26ST_20260403195616.txt', 'Cmdpro_UFBR_20260403195611.txt', 'Cmdpro_P61G_20260403195610.txt', 'Cmdpro_26UG_20260403195618.txt', 'Cmdpro_PDF7_20260403195603.txt', 'Cmdpro_26VI_20260403195618.txt', 'Cmdpro_26SB_20260403195615.txt', 'Cmdpro_26SV_20260403195617.txt', 'Cmdpro_FX36_20260403195601.txt', 'Cmdpro_P22Q_20260403195609.txt', 'Cmdpro_12SV_20260403195612.txt', 'Cmdpro_26CL_20260403195614.txt', 'Cmdpro_15CL_20260403195613.txt', 'Cmdpro_TLUM_20260403195611.txt', 'Cmdpro_26GC_20260403195614.txt', 'Cmdpro_PP12_20260403195604.txt', 'Cmdpro_P19Q_20260403195607.txt', 'Cmdpro_P22J_20260403195609.txt', 'Cmdpro_26SS_20260403195616.txt', 'Cmdpro_26FP_20260403195614.txt', 'Cmdpro_NOPH_20260403195602.txt', 'Cmdpro_PDF9_20260403195603.txt', 'Cmdpro_P21Q_20260403195608.txt', 'Cmdpro_26OE_20260403195615.txt', 'Cmdpro_0186_20260403195612.txt', 'Cmdpro_P17Q_20260403195607.txt', 'Cmdpro_26VN_20260403195619.txt'] - supplier_pre_order) dans /srv/import/050/ | 2026-04-04 00:03:01,608 import déjà en cours {mutex:MTX_PRODUCT}, fichier ignoré | 2026-04-04 00:03:01,609 fichier present: (['SugCde_2554122_20260403162102.txt', 'SugCde_2554117_20260403162044.txt', 'SugCde_2554096_20260403111129.txt', 'SugCde_2554146_20260403174345.txt', 'SugCde_2554087_20260403103332.txt', 'SugCde_2554114_20260403161717.txt', 'SugCde_2554145_20260403174340.txt', 'SugCde_2554149_20260403174359.txt', 'SugCde_2554076_20260403094140.txt', 'SugCde_2554132_20260403122923.txt', 'SugCde_2554123_20260403162104.txt', 'SugCde_2554147_20260403174349.txt', 'SugCde_2554142_20260403174323.txt', 'SugCde_2554080_20260403094153.txt', 'SugCde_2554127_20260403162115.txt', 'SugCde_2554090_20260403103706.txt', 'SugCde_2554120_20260403162058.txt', 'SugCde_2554125_20260403162110.txt', 'SugCde_2554108_20260403161521.txt', 'SugCde_2554075_20260403094135.txt', 'SugCde_2554126_20260403162113.txt', 'SugCde_2554143_20260403174330.txt', 'SugCde_2554112_20260403161624.txt', 'SugCde_2554150_20260403174402.txt', 'SugCde_2554111_20260403161620.txt', 'SugCde_2554109_20260403161525.txt', 'SugCde_2554086_20260403103337.txt', 'SugCde_2554115_20260403161955.txt', 'SugCde_2554124_20260403162107.txt', 'SugCde_2554105_20260403161446.txt', 'SugCde_2554073_20260403094121.txt', 'SugCde_2554078_20260403094147.txt', 'SugCde_2554077_20260403094143.txt', 'SugCde_2554107_20260403161506.txt', 'SugCde_2554104_20260403161437.txt', 'SugCde_2554144_20260403174335.txt', 'SugCde_2554088_20260403103327.txt', 'SugCde_2554074_20260403094130.txt', 'SugCde_2554106_20260403161502.txt', 'SugCde_2554079_20260403094150.txt', 'SugCde_2554119_20260403162052.txt', 'SugCde_2554110_20260403161613.txt', 'SugCde_2554116_20260403162039.txt', 'SugCde_2554118_20260403162048.txt', 'SugCde_2554130_20260403121349.txt', 'SugCde_2554148_20260403174354.txt'] - supplier_order) dans /srv/import/050/ | 2026-04-04 00:03:01,609 import déjà en cours {mutex:MTX_PRODUCT}, fichier ignoré | 2026-04-04 00:03:01,624 produit inconnu 100697517 - [['P', '100697517', '286.00', '', '', '', '']] | 2026-04-04 00:03:01,643 fin intégration: (eec4c55f-31f0-4591-a28a-077c5b577ce4) | fichier: /srv/import/050/Pricing_P21Q_20260403195608.txt | 0 lignes formatées | 0 lignes en erreurs | 0 lignes crées | 0 lignes mises à jour | 0 lignes supprimées | 2026-04-04 00:03:01,983 produit inconnu 100697517 - [['P', '100697517', '500.00', '', '', '', '']] | 2026-04-04 00:03:02,199 fin intégration: (dd3ddf28-ffb2-4221-8a59-203ea580b1da) | fichier: /srv/import/110/Pricing_26SV_20260403195617.txt | 10 lignes formatées | 2 lignes en erreurs | 2 lignes crées | 0 lignes mises à jour | 0 lignes supprimées;110;SUPER U VALLON
pos1;POS 1;2026-04-09T18:56:08.939058+00:00;eec4c55f-31f0-4591-a28a-077c5b577ce4;2026-04-04T00:03:01.584572;2026-04-04T00:03:01.647052;30;import de données;price_updater;mise à jour de prix;2;succès;interne;Import mise à jour de prix: | fin intégration: (eec4c55f-31f0-4591-a28a-077c5b577ce4) | fichier: /srv/import/050/Pricing_P21Q_20260403195608.txt | 0 lignes formatées | 0 lignes en erreurs | 0 lignes crées | 0 lignes mises à jour | 0 lignes supprimées;050;CASH CENTER ZONE 4
pos1;POS 1;2026-04-09T18:56:08.939058+00:00;4226233f-2338-4c8c-a953-749d0ce4510e;2026-04-04T00:02:01.530886;2026-04-04T00:02:01.605545;30;import de données;price_updater;mise à jour de prix;2;succès;interne;Import mise à jour de prix: | fin intégration: (4226233f-2338-4c8c-a953-749d0ce4510e) | fichier: /srv/import/110/Pricing_26ST_20260403195616.txt | 0 lignes formatées | 0 lignes en erreurs | 0 lignes crées | 0 lignes mises à jour | 0 lignes supprimées;110;SUPER U VALLON
pos1;POS 1;2026-04-09T18:56:08.939058+00:00;33fb030c-995c-4377-94a8-146a0decb807;2026-04-04T00:02:01.561433;2026-04-04T00:02:01.605209;30;import de données;price_updater;mise à jour de prix;2;succès;interne;Import mise à jour de prix: | fin intégration: (33fb030c-995c-4377-94a8-146a0decb807) | fichier: /srv/import/050/Pricing_P21J_20260403195608.txt | 0 lignes formatées | 0 lignes en erreurs | 0 lignes crées | 0 lignes mises à jour | 0 lignes supprimées;050;CASH CENTER ZONE 4
pos1;POS 1;2026-04-09T18:56:08.939058+00:00;382aa8a6-40d8-4503-b505-778b182e4d2f;2026-04-04T00:01:01.482718;2026-04-04T00:01:01.994724;30;import de données;price_updater;mise à jour de prix;2;succès;interne;Import mise à jour de prix: | fin intégration: (382aa8a6-40d8-4503-b505-778b182e4d2f) | fichier: /srv/import/110/Pricing_26SS_20260403195616.txt | 8 lignes formatées | 0 lignes en erreurs | 4 lignes crées | 0 lignes mises à jour | 0 lignes supprimées;110;SUPER U VALLON
pos1;POS 1;2026-04-09T18:56:08.939058+00:00;966c01e0-72ad-400f-b524-d094b38def0f;2026-04-04T00:01:01.535314;2026-04-04T00:01:01.589410;30;import de données;price_updater;mise à jour de prix;2;succès;interne;Import mise à jour de prix: | fin intégration: (966c01e0-72ad-400f-b524-d094b38def0f) | fichier: /srv/import/050/Pricing_P19Q_20260403195607.txt | 0 lignes formatées | 0 lignes en erreurs | 0 lignes crées | 0 lignes mises à jour | 0 lignes supprimées;050;CASH CENTER ZONE 4
pos1;POS 1;2026-04-09T18:56:08.939058+00:00;39b85153-7c72-45ae-97ef-47713dd11908;2026-04-04T00:00:01.567355;2026-04-04T00:00:01.670354;30;import de données;price_updater;mise à jour de prix;2;succès;interne;Import mise à jour de prix: | fin intégration: (39b85153-7c72-45ae-97ef-47713dd11908) | fichier: /srv/import/050/Pricing_P17Q_20260403195607.txt | 0 lignes formatées | 0 lignes en erreurs | 0 lignes crées | 0 lignes mises à jour | 0 lignes supprimées;050;CASH CENTER ZONE 4
pos1;POS 1;2026-04-09T18:56:08.939058+00:00;ab1a97e3-6a27-4571-a584-dfd0a18bc607;2026-04-04T00:00:01.491362;2026-04-04T00:00:01.569378;30;import de données;price_updater;mise à jour de prix;2;succès;interne;Import mise à jour de prix: | fin intégration: (ab1a97e3-6a27-4571-a584-dfd0a18bc607) | fichier: /srv/import/110/Pricing_26SB_20260403195616.txt | 0 lignes formatées | 0 lignes en erreurs | 0 lignes crées | 0 lignes mises à jour | 0 lignes supprimées;110;SUPER U VALLON
pos1;POS 1;2026-04-09T18:56:08.939058+00:00;d9e3e5c0-78fc-4874-8494-9afad2e2a4f8;2026-04-03T23:59:01.499634;2026-04-03T23:59:01.535447;30;import de données;price_updater;mise à jour de prix;2;succès;interne;Import mise à jour de prix: | fin intégration: (d9e3e5c0-78fc-4874-8494-9afad2e2a4f8) | fichier: /srv/import/050/Pricing_P16Q_20260403195606.txt | 0 lignes formatées | 0 lignes en erreurs | 0 lignes crées | 0 lignes mises à jour | 0 lignes supprimées;050;CASH CENTER ZONE 4
pos1;POS 1;2026-04-09T18:56:08.939058+00:00;41164937-21c4-4a31-acc0-46c4cb0fe760;2026-04-03T23:59:01.481332;2026-04-03T23:59:01.512499;30;import de données;price_updater;mise à jour de prix;2;succès;interne;Import mise à jour de prix: | fin intégration: (41164937-21c4-4a31-acc0-46c4cb0fe760) | fichier: /srv/import/110/Pricing_26OE_20260403195615.txt | 0 lignes formatées | 0 lignes en erreurs | 0 lignes crées | 0 lignes mises à jour | 0 lignes supprimées;110;SUPER U VALLON
pos1;POS 1;2026-04-09T18:56:08.939058+00:00;781a3414-6517-4990-a9df-47e3af11d144;2026-04-03T23:58:01.495152;2026-04-03T23:58:01.534104;30;import de données;price_updater;mise à jour de prix;2;succès;interne;Import mise à jour de prix: | fin intégration: (781a3414-6517-4990-a9df-47e3af11d144) | fichier: /srv/import/050/Pricing_NOPH_20260403195602.txt | 0 lignes formatées | 0 lignes en erreurs | 0 lignes crées | 0 lignes mises à jour | 0 lignes supprimées;050;CASH CENTER ZONE 4
pos1;POS 1;2026-04-09T18:56:08.939058+00:00;cc071219-2479-425c-b2f6-833310b901f1;2026-04-03T23:58:01.481064;2026-04-03T23:58:01.515972;30;import de données;price_updater;mise à jour de prix;2;succès;interne;Import mise à jour de prix: | fin intégration: (cc071219-2479-425c-b2f6-833310b901f1) | fichier: /srv/import/110/Pricing_26GC_20260403195615.txt | 0 lignes formatées | 0 lignes en erreurs | 0 lignes crées | 0 lignes mises à jour | 0 lignes supprimées;110;SUPER U VALLON
pos1;POS 1;2026-04-09T18:56:08.939058+00:00;80714133-bf34-4772-b8f6-f5ca11a15163;2026-04-03T23:57:01.486453;2026-04-03T23:57:01.767526;30;import de données;price_updater;mise à jour de prix;2;succès;interne;Import mise à jour de prix: | fin intégration: (80714133-bf34-4772-b8f6-f5ca11a15163) | fichier: /srv/import/110/Pricing_26FP_20260403195614.txt | 8 lignes formatées | 0 lignes en erreurs | 2 lignes crées | 0 lignes mises à jour | 0 lignes supprimées;110;SUPER U VALLON
pos1;POS 1;2026-04-09T18:56:08.939058+00:00;0327853a-8106-4cdf-a5c4-3920909bfb58;2026-04-03T23:57:01.500401;2026-04-03T23:57:01.535812;30;import de données;price_updater;mise à jour de prix;2;succès;interne;Import mise à jour de prix: | fin intégration: (0327853a-8106-4cdf-a5c4-3920909bfb58) | fichier: /srv/import/050/Pricing_FX37_20260403195602.txt | 0 lignes formatées | 0 lignes en erreurs | 0 lignes crées | 0 lignes mises à jour | 0 lignes supprimées;050;CASH CENTER ZONE 4
pos1;POS 1;2026-04-09T18:56:08.939058+00:00;cf076da8-21bc-49f6-9a2f-b9585533fc09;2026-04-03T23:56:01.477047;2026-04-03T23:56:01.651159;30;import de données;price_updater;mise à jour de prix;2;succès;interne;Import mise à jour de prix: | fin intégration: (cf076da8-21bc-49f6-9a2f-b9585533fc09) | fichier: /srv/import/110/Pricing_26CL_20260403195614.txt | 6 lignes formatées | 0 lignes en erreurs | 2 lignes crées | 0 lignes mises à jour | 0 lignes supprimées;110;SUPER U VALLON
pos1;POS 1;2026-04-09T18:56:08.939058+00:00;9bef3181-97a8-4037-985b-60396efebbb8;2026-04-03T23:56:01.491630;2026-04-03T23:56:01.518013;30;import de données;price_updater;mise à jour de prix;2;succès;interne;Import mise à jour de prix: | fin intégration: (9bef3181-97a8-4037-985b-60396efebbb8) | fichier: /srv/import/050/Pricing_FX36_20260403195601.txt | 0 lignes formatées | 0 lignes en erreurs | 0 lignes crées | 0 lignes mises à jour | 0 lignes supprimées;050;CASH CENTER ZONE 4
pos1;POS 1;2026-04-09T18:56:08.939058+00:00;d1a70b6c-0050-4dad-9eac-a51b321937ee;2026-04-03T23:55:01.479365;2026-04-03T23:55:01.763364;30;import de données;price_updater;mise à jour de prix;2;succès;interne;Import mise à jour de prix: | fin intégration: (d1a70b6c-0050-4dad-9eac-a51b321937ee) | fichier: /srv/import/110/Pricing_26CC_20260403195614.txt | 12 lignes formatées | 0 lignes en erreurs | 2 lignes crées | 0 lignes mises à jour | 0 lignes supprimées;110;SUPER U VALLON
pos1;POS 1;2026-04-09T18:56:08.939058+00:00;9b4f75f9-c6b5-4103-9b77-661ddfa6cafb;2026-04-03T23:55:01.496109;2026-04-03T23:55:01.528388;30;import de données;price_updater;mise à jour de prix;2;succès;interne;Import mise à jour de prix: | fin intégration: (9b4f75f9-c6b5-4103-9b77-661ddfa6cafb) | fichier: /srv/import/050/Pricing_FX35_20260403195601.txt | 0 lignes formatées | 0 lignes en erreurs | 0 lignes crées | 0 lignes mises à jour | 0 lignes supprimées;050;CASH CENTER ZONE 4
pos1;POS 1;2026-04-09T18:56:08.939058+00:00;716984c5-099a-46e5-824b-2cf00b6e81a5;2026-04-03T23:54:01.478622;2026-04-03T23:54:01.755151;30;import de données;price_updater;mise à jour de prix;2;succès;interne;Import mise à jour de prix: | fin intégration: (716984c5-099a-46e5-824b-2cf00b6e81a5) | fichier: /srv/import/110/Pricing_15CL_20260403195613.txt | 12 lignes formatées | 0 lignes en erreurs | 2 lignes crées | 0 lignes mises à jour | 0 lignes supprimées;110;SUPER U VALLON
pos1;POS 1;2026-04-09T18:56:08.939058+00:00;252988b1-695f-4554-857b-db599223fa9c;2026-04-03T23:54:01.490837;2026-04-03T23:54:01.528576;30;import de données;price_updater;mise à jour de prix;2;succès;interne;Import mise à jour de prix: | fin intégration: (252988b1-695f-4554-857b-db599223fa9c) | fichier: /srv/import/050/Pricing_FX34_20260403195600.txt | 0 lignes formatées | 0 lignes en erreurs | 0 lignes crées | 0 lignes mises à jour | 0 lignes supprimées;050;CASH CENTER ZONE 4
pos1;POS 1;2026-04-09T18:56:08.939058+00:00;9387f3c6-e104-4676-919d-9269c00a0cd1;2026-04-03T23:53:01.501692;2026-04-03T23:53:01.546836;30;import de données;price_updater;mise à jour de prix;2;succès;interne;Import mise à jour de prix: | fin intégration: (9387f3c6-e104-4676-919d-9269c00a0cd1) | fichier: /srv/import/050/Pricing_26VN_20260403195619.txt | 0 lignes formatées | 0 lignes en erreurs | 0 lignes crées | 0 lignes mises à jour | 0 lignes supprimées;050;CASH CENTER ZONE 4
pos1;POS 1;2026-04-09T18:56:08.939058+00:00;593638c1-72de-450c-8449-0fa4bf882e54;2026-04-03T23:53:01.484814;2026-04-03T23:53:01.525156;30;import de données;price_updater;mise à jour de prix;2;succès;interne;Import mise à jour de prix: | fin intégration: (593638c1-72de-450c-8449-0fa4bf882e54) | fichier: /srv/import/110/Pricing_12SV_20260403195612.txt | 0 lignes formatées | 0 lignes en erreurs | 0 lignes crées | 0 lignes mises à jour | 0 lignes supprimées;110;SUPER U VALLON
pos1;POS 1;2026-04-09T18:56:08.939058+00:00;55cb970f-24e4-4fa8-9291-e1372ad4c3c5;2026-04-03T23:52:01.480234;2026-04-03T23:52:05.950717;30;import de données;price_updater;mise à jour de prix;0;erreur;interne;Extrait du rapport d'import: | 2026-04-03 23:52:03,879 produit inconnu 100575126 - [['P', '100575126', '25300.00', '', '', '', '']] | 2026-04-03 23:52:03,884 produit inconnu 100575179 - [['P', '100575179', '16800.00', '', '', '', '']] | 2026-04-03 23:52:03,925 produit inconnu 100582040 - [['P', '100582040', '2000.00', '', '', '', '']] | 2026-04-03 23:52:03,928 produit inconnu 100591268 - [['P', '100591268', '8500.00', '', '', '', '']] | 2026-04-03 23:52:03,964 produit inconnu 100606385 - [['P', '100606385', '10000.00', '', '', '', '']] | 2026-04-03 23:52:03,967 produit inconnu 100606805 - [['P', '100606805', '27600.00', '', '', '', '']] | 2026-04-03 23:52:03,969 produit inconnu 100606850 - [['P', '100606850', '14100.00', '', '', '', '']] | 2026-04-03 23:52:03,972 produit inconnu 100607458 - [['P', '100607458', '5000.00', '', '', '', '']] | 2026-04-03 23:52:03,977 produit inconnu 100609447 - [['P', '100609447', '4800.00', '', '', '', '']] | 2026-04-03 23:52:03,994 produit inconnu 100618896 - [['P', '100618896', '7900.00', '', '', '', '']] | 2026-04-03 23:52:03,996 produit inconnu 100618918 - [['P', '100618918', '7900.00', '', '', '', '']] | 2026-04-03 23:52:04,009 produit inconnu 100628271 - [['P', '100628271', '9000.00', '', '', '', '']] | 2026-04-03 23:52:04,024 produit inconnu 100635306 - [['P', '100635306', '43900.00', '', '', '', '']] | 2026-04-03 23:52:04,027 produit inconnu 100637946 - [['P', '100637946', '20800.00', '', '', '', '']] | 2026-04-03 23:52:04,029 produit inconnu 100637950 - [['P', '100637950', '21000.00', '', '', '', '']] | 2026-04-03 23:52:04,031 produit inconnu 100637951 - [['P', '100637951', '26300.00', '', '', '', '']] | 2026-04-03 23:52:04,036 produit inconnu 100639920 - [['P', '100639920', '6600.00', '', '', '', '']] | 2026-04-03 23:52:04,045 produit inconnu 100640738 - [['P', '100640738', '4400.00', '', '', '', '']] | 2026-04-03 23:52:04,063 produit inconnu 100662387 - [['P', '100662387', '11000.00', '', '', '', '']] | 2026-04-03 23:52:04,066 produit inconnu 100662388 - [['P', '100662388', '18400.00', '', '', '', '']] | 2026-04-03 23:52:04,084 produit inconnu 100715995 - [['P', '100715995', '20000.00', '', '', '', '']] | 2026-04-03 23:52:04,086 produit inconnu 100715996 - [['P', '100715996', '15000.00', '', '', '', '']] | 2026-04-03 23:52:05,930 fin intégration: (55cb970f-24e4-4fa8-9291-e1372ad4c3c5) | fichier: /srv/import/110/Pricing_0186_20260403195612.txt | 250 lignes formatées | 72 lignes en erreurs | 4 lignes crées | 0 lignes mises à jour | 0 lignes supprimées;110;SUPER U VALLON
pos1;POS 1;2026-04-09T18:56:08.939058+00:00;291b6878-5ee2-43a1-99bc-986b78981ead;2026-04-03T23:52:01.499419;2026-04-03T23:52:01.530537;30;import de données;price_updater;mise à jour de prix;2;succès;interne;Import mise à jour de prix: | fin intégration: (291b6878-5ee2-43a1-99bc-986b78981ead) | fichier: /srv/import/050/Pricing_26VI_20260403195618.txt | 0 lignes formatées | 0 lignes en erreurs | 0 lignes crées | 0 lignes mises à jour | 0 lignes supprimées;050;CASH CENTER ZONE 4
pos1;POS 1;2026-04-09T18:56:08.939058+00:00;4bc40ebe-b95b-443a-ab4c-a7d97ed57b9f;2026-04-03T23:51:01.482270;2026-04-03T23:51:30.203424;30;import de données;price_updater;mise à jour de prix;2;succès;interne;Import mise à jour de prix: | fin intégration: (4bc40ebe-b95b-443a-ab4c-a7d97ed57b9f) | fichier: /srv/import/110/236_pricing_20260403195519.csv | 1564 lignes formatées | 0 lignes en erreurs | 4 lignes crées | 0 lignes mises à jour | 0 lignes supprimées;110;SUPER U VALLON
pos1;POS 1;2026-04-09T18:56:08.939058+00:00;02566579-66c0-45d0-9cb2-e20fbed566af;2026-04-03T23:51:01.522390;2026-04-03T23:51:01.557632;30;import de données;price_updater;mise à jour de prix;2;succès;interne;Import mise à jour de prix: | fin intégration: (02566579-66c0-45d0-9cb2-e20fbed566af) | fichier: /srv/import/050/Pricing_26UG_20260403195618.txt | 0 lignes formatées | 0 lignes en erreurs | 0 lignes crées | 0 lignes mises à jour | 0 lignes supprimées;050;CASH CENTER ZONE 4
pos1;POS 1;2026-04-09T18:56:08.939058+00:00;4228c2f2-38e6-4e3b-97ad-b8e2eb3f2854;2026-04-03T23:50:01.505071;2026-04-03T23:50:01.539218;30;import de données;price_updater;mise à jour de prix;2;succès;interne;Import mise à jour de prix: | fin intégration: (4228c2f2-38e6-4e3b-97ad-b8e2eb3f2854) | fichier: /srv/import/050/Pricing_26TR_20260403195617.txt | 0 lignes formatées | 0 lignes en erreurs | 0 lignes crées | 0 lignes mises à jour | 0 lignes supprimées;050;CASH CENTER ZONE 4
pos1;POS 1;2026-04-09T18:56:08.939058+00:00;c2ca5e29-092c-4e3e-b411-c786d90586c9;2026-04-03T23:50:01.474417;2026-04-03T23:50:01.522706;30;import de données;price_updater;mise à jour de prix;2;succès;interne;Import mise à jour de prix: | fin intégration: (c2ca5e29-092c-4e3e-b411-c786d90586c9) | fichier: /srv/import/110/999_pricing_20260403195416.csv | 0 lignes formatées | 0 lignes en erreurs | 0 lignes crées | 0 lignes mises à jour | 0 lignes supprimées;110;SUPER U VALLON
pos1;POS 1;2026-04-09T18:56:08.939058+00:00;4e21b152-3077-4775-8396-1a079e03f45b;2026-04-03T23:47:01.482741;2026-04-03T23:49:30.366430;30;import de données;product_suppliers;affectation des fournisseurs aux articles;2;succès;interne;Import affectation des fournisseurs aux articles: | fin intégration: (4e21b152-3077-4775-8396-1a079e03f45b) | fichier: /srv/import/110/236_productssuppliers_20260403195518.csv | 856 lignes formatées | 0 lignes en erreurs | 0 lignes crées | 856 lignes mises à jour | 0 lignes supprimées;110;SUPER U VALLON
pos1;POS 1;2026-04-09T18:56:08.939058+00:00;ea3a59b8-72d8-49aa-a230-b6162ae4e66d;2026-04-03T23:49:01.487865;2026-04-03T23:49:01.520236;30;import de données;price_updater;mise à jour de prix;2;succès;interne;Import mise à jour de prix: | fin intégration: (ea3a59b8-72d8-49aa-a230-b6162ae4e66d) | fichier: /srv/import/050/Pricing_26SV_20260403195617.txt | 0 lignes formatées | 0 lignes en erreurs | 0 lignes crées | 0 lignes mises à jour | 0 lignes supprimées;050;CASH CENTER ZONE 4
pos1;POS 1;2026-04-09T18:56:08.939058+00:00;fc65dc62-e804-4bad-87a0-6041c9fb7a43;2026-04-03T23:48:01.492090;2026-04-03T23:48:01.538393;30;import de données;price_updater;mise à jour de prix;2;succès;interne;Import mise à jour de prix: | fin intégration: (fc65dc62-e804-4bad-87a0-6041c9fb7a43) | fichier: /srv/import/050/Pricing_26ST_20260403195616.txt | 0 lignes formatées | 0 lignes en erreurs | 0 lignes crées | 0 lignes mises à jour | 0 lignes supprimées;050;CASH CENTER ZONE 4
pos1;POS 1;2026-04-09T18:56:08.939058+00:00;bbd79071-e38b-4fdb-9acf-d9e337ad4ca3;2026-04-03T23:47:01.536245;2026-04-03T23:47:01.568126;30;import de données;price_updater;mise à jour de prix;2;succès;interne;Import mise à jour de prix: | fin intégration: (bbd79071-e38b-4fdb-9acf-d9e337ad4ca3) | fichier: /srv/import/050/Pricing_26SS_20260403195616.txt | 0 lignes formatées | 0 lignes en erreurs | 0 lignes crées | 0 lignes mises à jour | 0 lignes supprimées;050;CASH CENTER ZONE 4
pos1;POS 1;2026-04-09T18:56:08.939058+00:00;d91c97ea-a444-4ae3-bb0a-b8919954efc0;2026-04-03T23:46:01.477356;2026-04-03T23:46:09.441293;30;import de données;linked_code;codes liés;2;succès;interne;Import codes liés: | fin intégration: (d91c97ea-a444-4ae3-bb0a-b8919954efc0) | fichier: /srv/import/110/236_linkedcodes_20260403195518.csv | 175 lignes formatées | 0 lignes en erreurs | 27 lignes crées | 148 lignes mises à jour | 0 lignes supprimées;110;SUPER U VALLON
pos1;POS 1;2026-04-09T18:56:08.939058+00:00;d1e38b9e-52d8-479a-b8cb-8a84d27c6fc3;2026-04-03T23:46:01.506196;2026-04-03T23:46:01.540618;30;import de données;price_updater;mise à jour de prix;2;succès;interne;Import mise à jour de prix: | fin intégration: (d1e38b9e-52d8-479a-b8cb-8a84d27c6fc3) | fichier: /srv/import/050/Pricing_26SB_20260403195616.txt | 0 lignes formatées | 0 lignes en erreurs | 0 lignes crées | 0 lignes mises à jour | 0 lignes supprimées;050;CASH CENTER ZONE 4
pos1;POS 1;2026-04-09T18:56:08.939058+00:00;c3adfdf6-7f8d-44da-8ab2-9102099b0d78;2026-04-03T23:45:01.489016;2026-04-03T23:45:01.524459;30;import de données;price_updater;mise à jour de prix;2;succès;interne;Import mise à jour de prix: | fin intégration: (c3adfdf6-7f8d-44da-8ab2-9102099b0d78) | fichier: /srv/import/050/Pricing_26OE_20260403195615.txt | 0 lignes formatées | 0 lignes en erreurs | 0 lignes crées | 0 lignes mises à jour | 0 lignes supprimées;050;CASH CENTER ZONE 4
pos1;POS 1;2026-04-09T18:56:08.939058+00:00;a6fbf7ed-a8fe-41ad-9202-791cb4720ef3;2026-04-03T23:45:01.475963;2026-04-03T23:45:01.507056;30;import de données;linked_code;codes liés;2;succès;interne;Import codes liés: | fin intégration: (a6fbf7ed-a8fe-41ad-9202-791cb4720ef3) | fichier: /srv/import/110/999_linkedcodes_20260403195414.csv | 0 lignes formatées | 0 lignes en erreurs | 0 lignes crées | 0 lignes mises à jour | 0 lignes supprimées;110;SUPER U VALLON
pos1;POS 1;2026-04-09T18:56:08.939058+00:00;09edc75c-d9b3-4349-89c4-3f1196be99f8;2026-04-03T23:44:01.480304;2026-04-03T23:44:32.878798;30;import de données;product;produit;0;erreur;interne;"Extrait du rapport d'import: | 2026-04-03 23:44:01,495 import déjà en cours {mutex:MTX_PRODUCT}, fichier ignoré | 2026-04-03 23:44:01,495 fichier present: (['Cmdpro_P58G_20260403195610.txt', 'Cmdpro_FX37_20260403195601.txt', 'Cmdpro_PVIN_20260403195605.txt', 'Cmdpro_P21J_20260403195608.txt', 'Cmdpro_PP11_20260403195604.txt', 'Cmdpro_P16Q_20260403195606.txt', 'Cmdpro_FX35_20260403195600.txt', 'Cmdpro_26CC_20260403195613.txt', 'Cmdpro_PP13_20260403195605.txt', 'Cmdpro_26TR_20260403195617.txt', 'Cmdpro_FX34_20260403195559.txt', 'Cmdpro_26ST_20260403195616.txt', 'Cmdpro_UFBR_20260403195611.txt', 'Cmdpro_P61G_20260403195610.txt', 'Cmdpro_26UG_20260403195618.txt', 'Cmdpro_PDF7_20260403195603.txt', 'Cmdpro_26VI_20260403195618.txt', 'Cmdpro_26SB_20260403195615.txt', 'Cmdpro_26SV_20260403195617.txt', 'Cmdpro_FX36_20260403195601.txt', 'Cmdpro_P22Q_20260403195609.txt', 'Cmdpro_12SV_20260403195612.txt', 'Cmdpro_26CL_20260403195614.txt', 'Cmdpro_15CL_20260403195613.txt', 'Cmdpro_TLUM_20260403195611.txt', 'Cmdpro_26GC_20260403195614.txt', 'Cmdpro_PP12_20260403195604.txt', 'Cmdpro_P19Q_20260403195607.txt', 'Cmdpro_P22J_20260403195609.txt', 'Cmdpro_26SS_20260403195616.txt', 'Cmdpro_26FP_20260403195614.txt', 'Cmdpro_NOPH_20260403195602.txt', 'Cmdpro_PDF9_20260403195603.txt', 'Cmdpro_P21Q_20260403195608.txt', 'Cmdpro_26OE_20260403195615.txt', 'Cmdpro_0186_20260403195612.txt', 'Cmdpro_P17Q_20260403195607.txt', 'Cmdpro_26VN_20260403195619.txt'] - supplier_pre_order) dans /srv/import/110/ | 2026-04-03 23:44:01,496 import déjà en cours {mutex:MTX_PRODUCT}, fichier ignoré | 2026-04-03 23:44:01,500 fichier present: (['SugCde_2554122_20260403162102.txt', 'SugCde_2554117_20260403162044.txt', 'SugCde_2554096_20260403111129.txt', 'SugCde_2554146_20260403174345.txt', 'SugCde_2554087_20260403103332.txt', 'SugCde_2554114_20260403161717.txt', 'SugCde_2554145_20260403174340.txt', 'SugCde_2554149_20260403174359.txt', 'SugCde_2554076_20260403094140.txt', 'SugCde_2554132_20260403122923.txt', 'SugCde_2554123_20260403162104.txt', 'SugCde_2554147_20260403174349.txt', 'SugCde_2554142_20260403174323.txt', 'SugCde_2554080_20260403094153.txt', 'SugCde_2554127_20260403162115.txt', 'SugCde_2554090_20260403103706.txt', 'SugCde_2554120_20260403162058.txt', 'SugCde_2554125_20260403162110.txt', 'SugCde_2554108_20260403161521.txt', 'SugCde_2554075_20260403094135.txt', 'SugCde_2554126_20260403162113.txt', 'SugCde_2554143_20260403174330.txt', 'SugCde_2554112_20260403161624.txt', 'SugCde_2554150_20260403174402.txt', 'SugCde_2554111_20260403161620.txt', 'SugCde_2554109_20260403161525.txt', 'SugCde_2554086_20260403103337.txt', 'SugCde_2554115_20260403161955.txt', 'SugCde_2554124_20260403162107.txt', 'SugCde_2554105_20260403161446.txt', 'SugCde_2554073_20260403094121.txt', 'SugCde_2554078_20260403094147.txt', 'SugCde_2554077_20260403094143.txt', 'SugCde_2554107_20260403161506.txt', 'SugCde_2554104_20260403161437.txt', 'SugCde_2554144_20260403174335.txt', 'SugCde_2554088_20260403103327.txt', 'SugCde_2554074_20260403094130.txt', 'SugCde_2554106_20260403161502.txt', 'SugCde_2554079_20260403094150.txt', 'SugCde_2554119_20260403162052.txt', 'SugCde_2554110_20260403161613.txt', 'SugCde_2554116_20260403162039.txt', 'SugCde_2554118_20260403162048.txt', 'SugCde_2554130_20260403121349.txt', 'SugCde_2554148_20260403174354.txt'] - supplier_order) dans /srv/import/110/ | 2026-04-03 23:44:01,500 import déjà en cours {mutex:MTX_PRODUCT}, fichier ignoré | 2026-04-03 23:44:01,503 fichier present: (['Pricing_26VN_20260403195619.txt', 'Pricing_26VI_20260403195618.txt', 'Pricing_FX34_20260403195600.txt', 'Pricing_26SB_20260403195616.txt', 'Pricing_FX37_20260403195602.txt', 'Pricing_26UG_20260403195618.txt', 'Pricing_PDF9_20260403195603.txt', 'Pricing_PP13_20260403195605.txt', 'Pricing_26ST_20260403195616.txt', 'Pricing_26GC_20260403195615.txt', 'Pricing_26OE_20260403195615.txt', 'Pricing_P22Q_20260403195610.txt', 'Pricing_PDF7_20260403195603.txt', 'Pricing_P61G_20260403195611.txt', 'Pricing_P22J_20260403195609.txt', 'Pricing_TLUM_20260403195611.txt', 'Pricing_P21Q_20260403195608.txt', 'Pricing_PP11_20260403195604.txt', 'Pricing_P17Q_20260403195607.txt', 'Pricing_26TR_20260403195617.txt', 'Pricing_P19Q_20260403195607.txt', 'Pricing_P16Q_20260403195606.txt', 'Pricing_NOPH_20260403195602.txt', 'Pricing_PP12_20260403195605.txt', 'Pricing_26SV_20260403195617.txt', 'Pricing_PVIN_20260403195606.txt', 'Pricing_P58G_20260403195610.txt', 'Pricing_26SS_20260403195616.txt', 'Pricing_FX35_20260403195601.txt', 'Pricing_FX36_20260403195601.txt', 'Pricing_P21J_20260403195608.txt', 'Pricing_UFBR_20260403195612.txt'] - price_updater) dans /srv/import/050/ | 2026-04-03 23:44:01,505 12 lignes lu dans le fichier /srv/import/050/Pricing_26GC_20260403195615.txt | 2026-04-03 23:44:01,505 lancement intégration: (c9184f2e-e801-4f98-a155-b3cbc70908d5) | 2026-04-03 23:44:01,517 fichier present: (['Cmdpro_P58G_20260403195610.txt', 'Cmdpro_FX37_20260403195601.txt', 'Cmdpro_PVIN_20260403195605.txt', 'Cmdpro_P21J_20260403195608.txt', 'Cmdpro_PP11_20260403195604.txt', 'Cmdpro_P16Q_20260403195606.txt', 'Cmdpro_FX35_20260403195600.txt', 'Cmdpro_26CC_20260403195613.txt', 'Cmdpro_PP13_20260403195605.txt', 'Cmdpro_26TR_20260403195617.txt', 'Cmdpro_FX34_20260403195559.txt', 'Cmdpro_26ST_20260403195616.txt', 'Cmdpro_UFBR_20260403195611.txt', 'Cmdpro_P61G_20260403195610.txt', 'Cmdpro_26UG_20260403195618.txt', 'Cmdpro_PDF7_20260403195603.txt', 'Cmdpro_26VI_20260403195618.txt', 'Cmdpro_26SB_20260403195615.txt', 'Cmdpro_26SV_20260403195617.txt', 'Cmdpro_FX36_20260403195601.txt', 'Cmdpro_P22Q_20260403195609.txt', 'Cmdpro_12SV_20260403195612.txt', 'Cmdpro_26CL_20260403195614.txt', 'Cmdpro_15CL_20260403195613.txt', 'Cmdpro_TLUM_20260403195611.txt', 'Cmdpro_26GC_20260403195614.txt', 'Cmdpro_PP12_20260403195604.txt', 'Cmdpro_P19Q_20260403195607.txt', 'Cmdpro_P22J_20260403195609.txt', 'Cmdpro_26SS_20260403195616.txt', 'Cmdpro_26FP_20260403195614.txt', 'Cmdpro_NOPH_20260403195602.txt', 'Cmdpro_PDF9_20260403195603.txt', 'Cmdpro_P21Q_20260403195608.txt', 'Cmdpro_26OE_20260403195615.txt', 'Cmdpro_0186_20260403195612.txt', 'Cmdpro_P17Q_20260403195607.txt', 'Cmdpro_26VN_20260403195619.txt'] - supplier_pre_order) dans /srv/import/050/ | 2026-04-03 23:44:01,517 import déjà en cours {mutex:MTX_PRODUCT}, fichier ignoré | 2026-04-03 23:44:01,517 fichier present: (['SugCde_2554122_20260403162102.txt', 'SugCde_2554117_20260403162044.txt', 'SugCde_2554096_20260403111129.txt', 'SugCde_2554146_20260403174345.txt', 'SugCde_2554087_20260403103332.txt', 'SugCde_2554114_20260403161717.txt', 'SugCde_2554145_20260403174340.txt', 'SugCde_2554149_20260403174359.txt', 'SugCde_2554076_20260403094140.txt', 'SugCde_2554132_20260403122923.txt', 'SugCde_2554123_20260403162104.txt', 'SugCde_2554147_20260403174349.txt', 'SugCde_2554142_20260403174323.txt', 'SugCde_2554080_20260403094153.txt', 'SugCde_2554127_20260403162115.txt', 'SugCde_2554090_20260403103706.txt', 'SugCde_2554120_20260403162058.txt', 'SugCde_2554125_20260403162110.txt', 'SugCde_2554108_20260403161521.txt', 'SugCde_2554075_20260403094135.txt', 'SugCde_2554126_20260403162113.txt', 'SugCde_2554143_20260403174330.txt', 'SugCde_2554112_20260403161624.txt', 'SugCde_2554150_20260403174402.txt', 'SugCde_2554111_20260403161620.txt', 'SugCde_2554109_20260403161525.txt', 'SugCde_2554086_20260403103337.txt', 'SugCde_2554115_20260403161955.txt', 'SugCde_2554124_20260403162107.txt', 'SugCde_2554105_20260403161446.txt', 'SugCde_2554073_20260403094121.txt', 'SugCde_2554078_20260403094147.txt', 'SugCde_2554077_20260403094143.txt', 'SugCde_2554107_20260403161506.txt', 'SugCde_2554104_20260403161437.txt', 'SugCde_2554144_20260403174335.txt', 'SugCde_2554088_20260403103327.txt', 'SugCde_2554074_20260403094130.txt', 'SugCde_2554106_20260403161502.txt', 'SugCde_2554079_20260403094150.txt', 'SugCde_2554119_20260403162052.txt', 'SugCde_2554110_20260403161613.txt', 'SugCde_2554116_20260403162039.txt', 'SugCde_2554118_20260403162048.txt', 'SugCde_2554130_20260403121349.txt', 'SugCde_2554148_20260403174354.txt'] - supplier_order) dans /srv/import/050/ | 2026-04-03 23:44:01,518 import déjà en cours {mutex:MTX_PRODUCT}, fichier ignoré | 2026-04-03 23:44:01,540 fin intégration: (c9184f2e-e801-4f98-a155-b3cbc70908d5) | fichier: /srv/import/050/Pricing_26GC_20260403195615.txt | 0 lignes formatées | 0 lignes en erreurs | 0 lignes crées | 0 lignes mises à jour | 0 lignes supprimées | 2026-04-03 23:44:12,936 Department matching query does not exist. - [20235100120;000000000;94;100501891;180;PAIN CHOCO MARGA 70G C*180 P*64 COR;PAIN CHOCO MARGA 70G;1;1;AC;;18.00;350.00;182.99;CC] | 2026-04-03 23:44:12,938 Department matching query does not exist. - [20235100120;000000000;94;100501892;200;CROISSANT MARGAR 60G C*200 P*64 COR;CROISSANT MARGAR 60G;1;1;AC;;18.00;300.00;121.99;CC] | 2026-04-03 23:44:32,860 fin intégration: (09edc75c-d9b3-4349-89c4-3f1196be99f8) | fichier: /srv/import/110/236_products_20260403195518.csv | 129 lignes formatées | 2 lignes en erreurs | 13 lignes crées | 116 lignes mises à jour | 0 lignes supprimées";110;SUPER U VALLON
pos1;POS 1;2026-04-09T18:56:08.939058+00:00;c9184f2e-e801-4f98-a155-b3cbc70908d5;2026-04-03T23:44:01.506751;2026-04-03T23:44:01.542414;30;import de données;price_updater;mise à jour de prix;2;succès;interne;Import mise à jour de prix: | fin intégration: (c9184f2e-e801-4f98-a155-b3cbc70908d5) | fichier: /srv/import/050/Pricing_26GC_20260403195615.txt | 0 lignes formatées | 0 lignes en erreurs | 0 lignes crées | 0 lignes mises à jour | 0 lignes supprimées;050;CASH CENTER ZONE 4
pos1;POS 1;2026-04-09T18:56:08.939058+00:00;c7796cea-3cd6-4901-9916-d5a306e98f01;2026-04-03T23:14:01.481602;2026-04-03T23:43:21.535752;30;import de données;product;produit;0;erreur;interne;Extrait du rapport d'import: | 2026-04-03 23:43:15,703 import déjà en cours {mutex:MTX_PRODUCT}, fichier ignoré | 2026-04-03 23:43:15,704 fichier present: (['Fac_110_00336422.LC', 'Fac_110_00336419.LC', 'Fac_110_00336420.LC', 'Fac_110_00336417.LC', 'Fac_110_00336415.LC', 'Fac_110_00336416.LC', 'Fac_110_00336418.LC', 'Fac_110_00336421.LC'] - delivery) dans /srv/import/110/ | 2026-04-03 23:43:15,704 import déjà en cours {mutex:MTX_PRODUCT}, fichier ignoré | 2026-04-03 23:43:15,704 fichier present: (['Cmdpro_P58G_20260403195610.txt', 'Cmdpro_FX37_20260403195601.txt', 'Cmdpro_PVIN_20260403195605.txt', 'Cmdpro_P21J_20260403195608.txt', 'Cmdpro_PP11_20260403195604.txt', 'Cmdpro_P16Q_20260403195606.txt', 'Cmdpro_FX35_20260403195600.txt', 'Cmdpro_26CC_20260403195613.txt', 'Cmdpro_PP13_20260403195605.txt', 'Cmdpro_26TR_20260403195617.txt', 'Cmdpro_FX34_20260403195559.txt', 'Cmdpro_26ST_20260403195616.txt', 'Cmdpro_UFBR_20260403195611.txt', 'Cmdpro_P61G_20260403195610.txt', 'Cmdpro_26UG_20260403195618.txt', 'Cmdpro_PDF7_20260403195603.txt', 'Cmdpro_26VI_20260403195618.txt', 'Cmdpro_26SB_20260403195615.txt', 'Cmdpro_26SV_20260403195617.txt', 'Cmdpro_FX36_20260403195601.txt', 'Cmdpro_P22Q_20260403195609.txt', 'Cmdpro_12SV_20260403195612.txt', 'Cmdpro_26CL_20260403195614.txt', 'Cmdpro_15CL_20260403195613.txt', 'Cmdpro_TLUM_20260403195611.txt', 'Cmdpro_26GC_20260403195614.txt', 'Cmdpro_PP12_20260403195604.txt', 'Cmdpro_P19Q_20260403195607.txt', 'Cmdpro_P22J_20260403195609.txt', 'Cmdpro_26SS_20260403195616.txt', 'Cmdpro_26FP_20260403195614.txt', 'Cmdpro_NOPH_20260403195602.txt', 'Cmdpro_PDF9_20260403195603.txt', 'Cmdpro_P21Q_20260403195608.txt', 'Cmdpro_26OE_20260403195615.txt', 'Cmdpro_0186_20260403195612.txt', 'Cmdpro_P17Q_20260403195607.txt', 'Cmdpro_26VN_20260403195619.txt'] - supplier_pre_order) dans /srv/import/110/ | 2026-04-03 23:43:15,705 import déjà en cours {mutex:MTX_PRODUCT}, fichier ignoré | 2026-04-03 23:43:15,705 fichier present: (['SugCde_2554122_20260403162102.txt', 'SugCde_2554117_20260403162044.txt', 'SugCde_2554096_20260403111129.txt', 'SugCde_2554146_20260403174345.txt', 'SugCde_2554087_20260403103332.txt', 'SugCde_2554114_20260403161717.txt', 'SugCde_2554145_20260403174340.txt', 'SugCde_2554149_20260403174359.txt', 'SugCde_2554076_20260403094140.txt', 'SugCde_2554132_20260403122923.txt', 'SugCde_2554123_20260403162104.txt', 'SugCde_2554147_20260403174349.txt', 'SugCde_2554142_20260403174323.txt', 'SugCde_2554080_20260403094153.txt', 'SugCde_2554127_20260403162115.txt', 'SugCde_2554090_20260403103706.txt', 'SugCde_2554120_20260403162058.txt', 'SugCde_2554125_20260403162110.txt', 'SugCde_2554108_20260403161521.txt', 'SugCde_2554075_20260403094135.txt', 'SugCde_2554126_20260403162113.txt', 'SugCde_2554143_20260403174330.txt', 'SugCde_2554112_20260403161624.txt', 'SugCde_2554150_20260403174402.txt', 'SugCde_2554111_20260403161620.txt', 'SugCde_2554109_20260403161525.txt', 'SugCde_2554086_20260403103337.txt', 'SugCde_2554115_20260403161955.txt', 'SugCde_2554124_20260403162107.txt', 'SugCde_2554105_20260403161446.txt', 'SugCde_2554073_20260403094121.txt', 'SugCde_2554078_20260403094147.txt', 'SugCde_2554077_20260403094143.txt', 'SugCde_2554107_20260403161506.txt', 'SugCde_2554104_20260403161437.txt', 'SugCde_2554144_20260403174335.txt', 'SugCde_2554088_20260403103327.txt', 'SugCde_2554074_20260403094130.txt', 'SugCde_2554106_20260403161502.txt', 'SugCde_2554079_20260403094150.txt', 'SugCde_2554119_20260403162052.txt', 'SugCde_2554110_20260403161613.txt', 'SugCde_2554116_20260403162039.txt', 'SugCde_2554118_20260403162048.txt', 'SugCde_2554130_20260403121349.txt', 'SugCde_2554148_20260403174354.txt'] - supplier_order) dans /srv/import/110/ | 2026-04-03 23:43:15,706 import déjà en cours {mutex:MTX_PRODUCT}, fichier ignoré | 2026-04-03 23:43:15,709 fichier present: (['Pricing_26VN_20260403195619.txt', 'Pricing_26VI_20260403195618.txt', 'Pricing_FX34_20260403195600.txt', 'Pricing_26SB_20260403195616.txt', 'Pricing_FX37_20260403195602.txt', 'Pricing_26UG_20260403195618.txt', 'Pricing_PDF9_20260403195603.txt', 'Pricing_PP13_20260403195605.txt', 'Pricing_26ST_20260403195616.txt', 'Pricing_26GC_20260403195615.txt', 'Pricing_26OE_20260403195615.txt', 'Pricing_P22Q_20260403195610.txt', 'Pricing_PDF7_20260403195603.txt', 'Pricing_P61G_20260403195611.txt', 'Pricing_P22J_20260403195609.txt', 'Pricing_TLUM_20260403195611.txt', 'Pricing_P21Q_20260403195608.txt', 'Pricing_PP11_20260403195604.txt', 'Pricing_P17Q_20260403195607.txt', 'Pricing_26TR_20260403195617.txt', 'Pricing_P19Q_20260403195607.txt', 'Pricing_P16Q_20260403195606.txt', 'Pricing_NOPH_20260403195602.txt', 'Pricing_PP12_20260403195605.txt', 'Pricing_26SV_20260403195617.txt', 'Pricing_PVIN_20260403195606.txt', 'Pricing_P58G_20260403195610.txt', 'Pricing_26SS_20260403195616.txt', 'Pricing_FX35_20260403195601.txt', 'Pricing_FX36_20260403195601.txt', 'Pricing_P21J_20260403195608.txt', 'Pricing_UFBR_20260403195612.txt', 'Pricing_26FP_20260403195614.txt'] - price_updater) dans /srv/import/050/ | 2026-04-03 23:43:15,712 12 lignes lu dans le fichier /srv/import/050/Pricing_26FP_20260403195614.txt | 2026-04-03 23:43:15,712 lancement intégration: (1d758f46-e186-45c9-9037-728821352365) | 2026-04-03 23:43:15,724 fichier present: (['Cmdpro_P58G_20260403195610.txt', 'Cmdpro_FX37_20260403195601.txt', 'Cmdpro_PVIN_20260403195605.txt', 'Cmdpro_P21J_20260403195608.txt', 'Cmdpro_PP11_20260403195604.txt', 'Cmdpro_P16Q_20260403195606.txt', 'Cmdpro_FX35_20260403195600.txt', 'Cmdpro_26CC_20260403195613.txt', 'Cmdpro_PP13_20260403195605.txt', 'Cmdpro_26TR_20260403195617.txt', 'Cmdpro_FX34_20260403195559.txt', 'Cmdpro_26ST_20260403195616.txt', 'Cmdpro_UFBR_20260403195611.txt', 'Cmdpro_P61G_20260403195610.txt', 'Cmdpro_26UG_20260403195618.txt', 'Cmdpro_PDF7_20260403195603.txt', 'Cmdpro_26VI_20260403195618.txt', 'Cmdpro_26SB_20260403195615.txt', 'Cmdpro_26SV_20260403195617.txt', 'Cmdpro_FX36_20260403195601.txt', 'Cmdpro_P22Q_20260403195609.txt', 'Cmdpro_12SV_20260403195612.txt', 'Cmdpro_26CL_20260403195614.txt', 'Cmdpro_15CL_20260403195613.txt', 'Cmdpro_TLUM_20260403195611.txt', 'Cmdpro_26GC_20260403195614.txt', 'Cmdpro_PP12_20260403195604.txt', 'Cmdpro_P19Q_20260403195607.txt', 'Cmdpro_P22J_20260403195609.txt', 'Cmdpro_26SS_20260403195616.txt', 'Cmdpro_26FP_20260403195614.txt', 'Cmdpro_NOPH_20260403195602.txt', 'Cmdpro_PDF9_20260403195603.txt', 'Cmdpro_P21Q_20260403195608.txt', 'Cmdpro_26OE_20260403195615.txt', 'Cmdpro_0186_20260403195612.txt', 'Cmdpro_P17Q_20260403195607.txt', 'Cmdpro_26VN_20260403195619.txt'] - supplier_pre_order) dans /srv/import/050/ | 2026-04-03 23:43:15,725 import déjà en cours {mutex:MTX_PRODUCT}, fichier ignoré | 2026-04-03 23:43:15,725 fichier present: (['SugCde_2554122_20260403162102.txt', 'SugCde_2554117_20260403162044.txt', 'SugCde_2554096_20260403111129.txt', 'SugCde_2554146_20260403174345.txt', 'SugCde_2554087_20260403103332.txt', 'SugCde_2554114_20260403161717.txt', 'SugCde_2554145_20260403174340.txt', 'SugCde_2554149_20260403174359.txt', 'SugCde_2554076_20260403094140.txt', 'SugCde_2554132_20260403122923.txt', 'SugCde_2554123_20260403162104.txt', 'SugCde_2554147_20260403174349.txt', 'SugCde_2554142_20260403174323.txt', 'SugCde_2554080_20260403094153.txt', 'SugCde_2554127_20260403162115.txt', 'SugCde_2554090_20260403103706.txt', 'SugCde_2554120_20260403162058.txt', 'SugCde_2554125_20260403162110.txt', 'SugCde_2554108_20260403161521.txt', 'SugCde_2554075_20260403094135.txt', 'SugCde_2554126_20260403162113.txt', 'SugCde_2554143_20260403174330.txt', 'SugCde_2554112_20260403161624.txt', 'SugCde_2554150_20260403174402.txt', 'SugCde_2554111_20260403161620.txt', 'SugCde_2554109_20260403161525.txt', 'SugCde_2554086_20260403103337.txt', 'SugCde_2554115_20260403161955.txt', 'SugCde_2554124_20260403162107.txt', 'SugCde_2554105_20260403161446.txt', 'SugCde_2554073_20260403094121.txt', 'SugCde_2554078_20260403094147.txt', 'SugCde_2554077_20260403094143.txt', 'SugCde_2554107_20260403161506.txt', 'SugCde_2554104_20260403161437.txt', 'SugCde_2554144_20260403174335.txt', 'SugCde_2554088_20260403103327.txt', 'SugCde_2554074_20260403094130.txt', 'SugCde_2554106_20260403161502.txt', 'SugCde_2554079_20260403094150.txt', 'SugCde_2554119_20260403162052.txt', 'SugCde_2554110_20260403161613.txt', 'SugCde_2554116_20260403162039.txt', 'SugCde_2554118_20260403162048.txt', 'SugCde_2554130_20260403121349.txt', 'SugCde_2554148_20260403174354.txt'] - supplier_order) dans /srv/import/050/ | 2026-04-03 23:43:15,725 import déjà en cours {mutex:MTX_PRODUCT}, fichier ignoré | 2026-04-03 23:43:15,808 fin intégration: (1d758f46-e186-45c9-9037-728821352365) | fichier: /srv/import/050/Pricing_26FP_20260403195614.txt | 0 lignes formatées | 0 lignes en erreurs | 0 lignes crées | 0 lignes mises à jour | 0 lignes supprimées | 2026-04-03 23:43:21,458 fin intégration: (c7796cea-3cd6-4901-9916-d5a306e98f01) | fichier: /srv/import/110/236_products_20260403101512.csv | 18374 lignes formatées | 190 lignes en erreurs | 0 lignes crées | 18372 lignes mises à jour | 0 lignes supprimées;110;SUPER U VALLON
pos1;POS 1;2026-04-09T18:56:08.939058+00:00;1d758f46-e186-45c9-9037-728821352365;2026-04-03T23:43:15.713375;2026-04-03T23:43:15.813293;30;import de données;price_updater;mise à jour de prix;2;succès;interne;Import mise à jour de prix: | fin intégration: (1d758f46-e186-45c9-9037-728821352365) | fichier: /srv/import/050/Pricing_26FP_20260403195614.txt | 0 lignes formatées | 0 lignes en erreurs | 0 lignes crées | 0 lignes mises à jour | 0 lignes supprimées;050;CASH CENTER ZONE 4
pos1;POS 1;2026-04-09T18:56:08.939058+00:00;a45d3a85-c3bb-4fec-8e96-2a89a69acc76;2026-04-03T23:42:01.486608;2026-04-03T23:42:01.531028;30;import de données;price_updater;mise à jour de prix;2;succès;interne;Import mise à jour de prix: | fin intégration: (a45d3a85-c3bb-4fec-8e96-2a89a69acc76) | fichier: /srv/import/050/Pricing_26CL_20260403195614.txt | 0 lignes formatées | 0 lignes en erreurs | 0 lignes crées | 0 lignes mises à jour | 0 lignes supprimées;050;CASH CENTER ZONE 4
pos1;POS 1;2026-04-09T18:56:08.939058+00:00;d81fc001-9430-4b7a-b5bd-bccc2d303578;2026-04-03T23:41:01.483549;2026-04-03T23:41:01.522184;30;import de données;price_updater;mise à jour de prix;2;succès;interne;Import mise à jour de prix: | fin intégration: (d81fc001-9430-4b7a-b5bd-bccc2d303578) | fichier: /srv/import/050/Pricing_26CC_20260403195614.txt | 0 lignes formatées | 0 lignes en erreurs | 0 lignes crées | 0 lignes mises à jour | 0 lignes supprimées;050;CASH CENTER ZONE 4
pos1;POS 1;2026-04-09T18:56:08.939058+00:00;be0500a1-f394-47e3-baca-7978e6059b8b;2026-04-03T23:40:01.494037;2026-04-03T23:40:01.534067;30;import de données;price_updater;mise à jour de prix;2;succès;interne;Import mise à jour de prix: | fin intégration: (be0500a1-f394-47e3-baca-7978e6059b8b) | fichier: /srv/import/050/Pricing_15CL_20260403195613.txt | 0 lignes formatées | 0 lignes en erreurs | 0 lignes crées | 0 lignes mises à jour | 0 lignes supprimées;050;CASH CENTER ZONE 4
pos1;POS 1;2026-04-09T18:56:08.939058+00:00;ca2c642a-c7ff-4bcb-80a9-21c647940273;2026-04-03T23:39:50.265389;2026-04-03T23:39:50.345918;30;import de données;price_updater;mise à jour de prix;2;succès;interne;Import mise à jour de prix: | fin intégration: (ca2c642a-c7ff-4bcb-80a9-21c647940273) | fichier: /srv/import/050/Pricing_12SV_20260403195612.txt | 0 lignes formatées | 0 lignes en erreurs | 0 lignes crées | 0 lignes mises à jour | 0 lignes supprimées;050;CASH CENTER ZONE 4
pos1;POS 1;2026-04-09T18:56:08.939058+00:00;3ee327de-6ffd-4e1d-9098-a7c7ad3e8ffb;2026-04-03T23:39:48.995033;2026-04-03T23:39:49.073951;30;import de données;price_updater;mise à jour de prix;2;succès;interne;Import mise à jour de prix: | fin intégration: (3ee327de-6ffd-4e1d-9098-a7c7ad3e8ffb) | fichier: /srv/import/050/Pricing_0186_20260403195612.txt | 0 lignes formatées | 0 lignes en erreurs | 0 lignes crées | 0 lignes mises à jour | 0 lignes supprimées;050;CASH CENTER ZONE 4
pos1;POS 1;2026-04-09T18:56:08.939058+00:00;cbda7fbd-5b4e-4b49-b34c-75948899a607;2026-04-03T23:39:32.368335;2026-04-03T23:39:32.453814;30;import de données;price_updater;mise à jour de prix;2;succès;interne;Import mise à jour de prix: | fin intégration: (cbda7fbd-5b4e-4b49-b34c-75948899a607) | fichier: /srv/import/050/999_pricing_20260403195416.csv | 0 lignes formatées | 0 lignes en erreurs | 0 lignes crées | 0 lignes mises à jour | 0 lignes supprimées;050;CASH CENTER ZONE 4
pos1;POS 1;2026-04-09T18:56:08.939058+00:00;993742d6-3445-4e19-b6c4-288c77a516c5;2026-04-03T23:14:01.540998;2026-04-03T23:38:34.791814;30;import de données;linked_code;codes liés;2;succès;interne;Import codes liés: | fin intégration: (993742d6-3445-4e19-b6c4-288c77a516c5) | fichier: /srv/import/050/999_linkedcodes_20260403195414.csv | 0 lignes formatées | 0 lignes en erreurs | 0 lignes crées | 0 lignes mises à jour | 0 lignes supprimées;050;CASH CENTER ZONE 4
pos1;POS 1;2026-04-09T18:56:08.939058+00:00;f57835f1-617b-488b-81c8-964190aadaf9;2026-04-03T23:13:01.486860;2026-04-03T23:13:01.735940;30;import de données;product;produit;2;succès;interne;Import produit: | fin intégration: (f57835f1-617b-488b-81c8-964190aadaf9) | fichier: /srv/import/050/999_products_20260403195413.csv | 0 lignes formatées | 0 lignes en erreurs | 0 lignes crées | 0 lignes mises à jour | 0 lignes supprimées;050;CASH CENTER ZONE 4
pos1;POS 1;2026-04-09T18:56:08.939058+00:00;9e694d0a-46d0-4c09-a9fd-67e2c2f28e6f;2026-04-03T23:13:01.464165;2026-04-03T23:13:01.499674;30;import de données;product;produit;2;succès;interne;Import produit: | fin intégration: (9e694d0a-46d0-4c09-a9fd-67e2c2f28e6f) | fichier: /srv/import/110/999_products_20260403195413.csv | 0 lignes formatées | 0 lignes en erreurs | 0 lignes crées | 0 lignes mises à jour | 0 lignes supprimées;110;SUPER U VALLON
pos1;POS 1;2026-04-09T18:56:08.939058+00:00;1714e5b7-6019-482f-b1c6-347a1332c6ea;2026-04-03T23:12:01.461142;2026-04-03T23:12:01.699959;30;import de données;supplier;fournisseur;2;succès;interne;Import fournisseur: | fin intégration: (1714e5b7-6019-482f-b1c6-347a1332c6ea) | fichier: /srv/import/110/999_suppliers_20260403195411.csv | 4 lignes formatées | 0 lignes en erreurs | 3 lignes crées | 1 lignes mises à jour | 0 lignes supprimées;110;SUPER U VALLON
pos1;POS 1;2026-04-09T18:56:08.939058+00:00;f70e41ba-0e90-4045-adef-d871e5497b21;2026-04-03T23:12:01.491653;2026-04-03T23:12:01.651774;30;import de données;supplier;fournisseur;2;succès;interne;Import fournisseur: | fin intégration: (f70e41ba-0e90-4045-adef-d871e5497b21) | fichier: /srv/import/050/999_suppliers_20260403195411.csv | 4 lignes formatées | 0 lignes en erreurs | 3 lignes crées | 1 lignes mises à jour | 0 lignes supprimées;050;CASH CENTER ZONE 4
pos1;POS 1;2026-04-09T18:56:08.939058+00:00;bf9fabcc-acc5-4f73-96c1-b65b38df19e4;2026-04-03T23:11:01.493237;2026-04-03T23:11:01.528803;30;import de données;department;département;2;succès;interne;Import département: | fin intégration: (bf9fabcc-acc5-4f73-96c1-b65b38df19e4) | fichier: /srv/import/050/999_departement_20260403195406.csv | 0 lignes formatées | 0 lignes en erreurs | 0 lignes crées | 0 lignes mises à jour | 0 lignes supprimées;050;CASH CENTER ZONE 4
pos1;POS 1;2026-04-09T18:56:08.939058+00:00;6b740281-4411-42af-bb91-dae9e767ba0f;2026-04-03T23:11:01.469828;2026-04-03T23:11:01.507789;30;import de données;department;département;2;succès;interne;Import département: | fin intégration: (6b740281-4411-42af-bb91-dae9e767ba0f) | fichier: /srv/import/110/999_departement_20260403195406.csv | 0 lignes formatées | 0 lignes en erreurs | 0 lignes crées | 0 lignes mises à jour | 0 lignes supprimées;110;SUPER U VALLON
pos1;POS 1;2026-04-09T18:56:08.939058+00:00;30583ae5-cce0-48f2-94a7-2d050e47819e;2026-04-03T17:20:01.415740;2026-04-03T17:20:01.537934;30;import de données;delivery;livraison;2;succès;interne;Import livraison: | fin intégration: (30583ae5-cce0-48f2-94a7-2d050e47819e) | fichier: /srv/import/110/Fac_110_00336293.LC | 2 lignes formatées | 0 lignes en erreurs | 2 lignes crées | 0 lignes mises à jour | 0 lignes supprimées;110;SUPER U VALLON
pos1;POS 1;2026-04-09T18:56:08.939058+00:00;468de451-26fc-4a40-804c-388e501929b7;2026-04-03T17:19:01.415486;2026-04-03T17:19:01.546373;30;import de données;delivery;livraison;2;succès;interne;Import livraison: | fin intégration: (468de451-26fc-4a40-804c-388e501929b7) | fichier: /srv/import/110/Fac_110_00336286.LC | 3 lignes formatées | 0 lignes en erreurs | 3 lignes crées | 0 lignes mises à jour | 0 lignes supprimées;110;SUPER U VALLON
pos1;POS 1;2026-04-09T18:56:08.939058+00:00;f4f032ba-a6ef-46e8-8a6a-aef92fad90d0;2026-04-03T17:18:01.415077;2026-04-03T17:18:01.512916;30;import de données;delivery;livraison;2;succès;interne;Import livraison: | fin intégration: (f4f032ba-a6ef-46e8-8a6a-aef92fad90d0) | fichier: /srv/import/110/Fac_110_00236622.LC | 2 lignes formatées | 0 lignes en erreurs | 2 lignes crées | 0 lignes mises à jour | 0 lignes supprimées;110;SUPER U VALLON
pos1;POS 1;2026-04-09T18:56:08.939058+00:00;7b6473cf-ba42-4eb7-ae4d-f9231ecf5847;2026-04-03T17:17:01.420216;2026-04-03T17:17:01.547598;30;import de données;delivery;livraison;2;succès;interne;Import livraison: | fin intégration: (7b6473cf-ba42-4eb7-ae4d-f9231ecf5847) | fichier: /srv/import/110/Fac_110_00236597.LC | 3 lignes formatées | 0 lignes en erreurs | 3 lignes crées | 0 lignes mises à jour | 0 lignes supprimées;110;SUPER U VALLON
pos1;POS 1;2026-04-09T18:56:08.939058+00:00;99000f54-3cb6-4948-84b6-4d58faa7926c;2026-04-03T17:16:01.416796;2026-04-03T17:16:01.585589;30;import de données;delivery;livraison;2;succès;interne;Import livraison: | fin intégration: (99000f54-3cb6-4948-84b6-4d58faa7926c) | fichier: /srv/import/110/Fac_110_00236596.LC | 3 lignes formatées | 0 lignes en erreurs | 3 lignes crées | 0 lignes mises à jour | 0 lignes supprimées;110;SUPER U VALLON
pos1;POS 1;2026-04-09T18:56:08.939058+00:00;c15c80e9-3dd5-4302-84f4-9a084825cdd2;2026-04-03T17:15:01.450295;2026-04-03T17:15:04.113534;30;import de données;delivery;livraison;2;succès;interne;Import livraison: | fin intégration: (c15c80e9-3dd5-4302-84f4-9a084825cdd2) | fichier: /srv/import/110/Fac_110_00236595.LC | 82 lignes formatées | 0 lignes en erreurs | 81 lignes crées | 1 lignes mises à jour | 0 lignes supprimées;110;SUPER U VALLON
pos1;POS 1;2026-04-09T18:56:08.939058+00:00;ba756ce8-589f-4ce6-896f-cd4ba703bd6a;2026-04-03T17:14:01.414524;2026-04-03T17:14:01.574029;30;import de données;delivery;livraison;2;succès;interne;Import livraison: | fin intégration: (ba756ce8-589f-4ce6-896f-cd4ba703bd6a) | fichier: /srv/import/110/Fac_110_00236594.LC | 4 lignes formatées | 0 lignes en erreurs | 4 lignes crées | 0 lignes mises à jour | 0 lignes supprimées;110;SUPER U VALLON
pos1;POS 1;2026-04-09T18:56:08.939058+00:00;2ff2aec0-8177-4f3f-8f24-95a899e5da34;2026-04-03T17:13:01.414359;2026-04-03T17:13:01.801828;30;import de données;delivery;livraison;2;succès;interne;Import livraison: | fin intégration: (2ff2aec0-8177-4f3f-8f24-95a899e5da34) | fichier: /srv/import/110/Fac_110_00236593.LC | 14 lignes formatées | 0 lignes en erreurs | 14 lignes crées | 0 lignes mises à jour | 0 lignes supprimées;110;SUPER U VALLON
