pos_id;pos_name;collected_at;id;created_at;updated_at;entry_type_value;entry_type_label;entry_type_detail_type;entry_type_detail_text;status_value;status_label;username;report;shop_reference;shop_name
pos18;POS 18;2026-04-09T18:57:06.973160+00:00;22901944-e6b3-443d-8592-c88148a7cb70;2026-04-08T23:11:24.190329;2026-04-08T23:11:24.190342;30;import de données;department;département;1;en cours;interne;;376;CASH IVOIRE U SICOGI ANGRE
pos18;POS 18;2026-04-09T18:57:06.973160+00:00;ed3fd61b-25e4-48f7-a6c8-d9ee282c50a7;2026-04-08T23:11:24.176771;2026-04-08T23:11:24.176784;30;import de données;department;département;1;en cours;interne;;372;CASH IVOIRE U MAROC
pos18;POS 18;2026-04-09T18:57:06.973160+00:00;0007d750-03b4-4310-9f48-81b11627c84d;2026-04-08T23:11:24.165720;2026-04-08T23:11:24.165732;30;import de données;department;département;1;en cours;interne;;368;CASH IVOIRE U SADIGUIBA
pos18;POS 18;2026-04-09T18:57:06.973160+00:00;a5afcdc4-e3f6-47d9-ac90-c19ce36c55ff;2026-04-08T23:11:24.151793;2026-04-08T23:11:24.151805;30;import de données;department;département;1;en cours;interne;;357;CASH IVOIRE U REMBLAIS
pos18;POS 18;2026-04-09T18:57:06.973160+00:00;44d3a336-89ae-4fe9-ab07-4bbf44086055;2026-04-08T23:11:24.139217;2026-04-08T23:11:24.139229;30;import de données;department;département;1;en cours;interne;;354;CASH IVOIRE U TOITS ROUGES
pos18;POS 18;2026-04-09T18:57:06.973160+00:00;e64ff227-f70c-4513-9c13-4983de27f797;2026-04-08T23:11:24.122775;2026-04-08T23:11:24.122792;30;import de données;department;département;1;en cours;interne;;378;CASH IVOIRE DJE KONAN
pos18;POS 18;2026-04-09T18:57:06.973160+00:00;b20d2d5a-861c-41ea-b509-05fd69dfbf6f;2026-04-08T17:11:20.512907;2026-04-08T17:11:20.641501;30;import de données;delivery;livraison;0;erreur;interne;"Extrait du rapport d'import: | 3 lignes en erreurs | 1 lignes crées | 0 lignes mises à jour | 0 lignes supprimées | 2026-04-08 17:11:20,503 fichier present: (['Fac_357_00337316.LC'] - delivery) dans /srv/import/357/ | 2026-04-08 17:11:20,504 2 lignes lu dans le fichier /srv/import/357/Fac_357_00337316.LC | 2026-04-08 17:11:20,505 lancement intégration: (63196266-6bc7-4dee-afe3-3a152d2deecd) | 2026-04-08 17:11:20,511 fichier present: (['Fac_372_00337312.LC'] - delivery) dans /srv/import/372/ | 2026-04-08 17:11:20,512 3 lignes lu dans le fichier /srv/import/372/Fac_372_00337312.LC | 2026-04-08 17:11:20,512 lancement intégration: (b20d2d5a-861c-41ea-b509-05fd69dfbf6f) | 2026-04-08 17:11:20,591 {'product': [ErrorDetail(string=""PAIN MIE SANDW NATURE 550G BLG n'est pas fourni par le fournisseur FOURNISSEUR CENTRALE"", code='invalid')]} - [L100697675PAIN MIE SANDW NATURE 550G BLG     00000436320000100000010000000000010000000239186000002990000 3760049799187 00000000000004363200034379] | 2026-04-08 17:11:20,592 {'product': [ErrorDetail(string=""BRIOCHE TRANCHEE 500G D LA BOULANGE n'est pas fourni par le fournisseur FOURNISSEUR CENTRALE"", code='invalid')]} - [L100667181BRIOCHE TRANCHEE 500G D LA BOULANGE00000436330000100000007000000000010000000269748000003290000 3760049791440 00000000000004363300041752] | 2026-04-08 17:11:20,595 fin intégration: (63196266-6bc7-4dee-afe3-3a152d2deecd) | fichier: /srv/import/357/Fac_357_00337316.LC | 2 lignes formatées | 1 lignes en erreurs | 1 lignes crées | 0 lignes mises à jour | 0 lignes supprimées | 2026-04-08 17:11:20,608 {'product': [ErrorDetail(string=""PAIN AU LAIT NAT X10 350G D LA BOUL n'est pas fourni par le fournisseur FOURNISSEUR CENTRALE"", code='invalid')]} - [L100667184PAIN AU LAIT NAT X10 350G D LA BOUL00000436330000200000011000000000010000000215232000002690000 3760049799200 00000000000004363300041752] | 2026-04-08 17:11:20,613 fin intégration: (b20d2d5a-861c-41ea-b509-05fd69dfbf6f) | fichier: /srv/import/372/Fac_372_00337312.LC | 3 lignes formatées | 2 lignes en erreurs | 1 lignes crées | 0 lignes mises à jour | 0 lignes supprimées";372;CASH IVOIRE U MAROC
pos18;POS 18;2026-04-09T18:57:06.973160+00:00;63196266-6bc7-4dee-afe3-3a152d2deecd;2026-04-08T17:11:20.505598;2026-04-08T17:11:20.621804;30;import de données;delivery;livraison;0;erreur;interne;"Extrait du rapport d'import: | 3 lignes en erreurs | 1 lignes crées | 0 lignes mises à jour | 0 lignes supprimées | 2026-04-08 17:11:20,503 fichier present: (['Fac_357_00337316.LC'] - delivery) dans /srv/import/357/ | 2026-04-08 17:11:20,504 2 lignes lu dans le fichier /srv/import/357/Fac_357_00337316.LC | 2026-04-08 17:11:20,505 lancement intégration: (63196266-6bc7-4dee-afe3-3a152d2deecd) | 2026-04-08 17:11:20,511 fichier present: (['Fac_372_00337312.LC'] - delivery) dans /srv/import/372/ | 2026-04-08 17:11:20,512 3 lignes lu dans le fichier /srv/import/372/Fac_372_00337312.LC | 2026-04-08 17:11:20,512 lancement intégration: (b20d2d5a-861c-41ea-b509-05fd69dfbf6f) | 2026-04-08 17:11:20,591 {'product': [ErrorDetail(string=""PAIN MIE SANDW NATURE 550G BLG n'est pas fourni par le fournisseur FOURNISSEUR CENTRALE"", code='invalid')]} - [L100697675PAIN MIE SANDW NATURE 550G BLG     00000436320000100000010000000000010000000239186000002990000 3760049799187 00000000000004363200034379] | 2026-04-08 17:11:20,592 {'product': [ErrorDetail(string=""BRIOCHE TRANCHEE 500G D LA BOULANGE n'est pas fourni par le fournisseur FOURNISSEUR CENTRALE"", code='invalid')]} - [L100667181BRIOCHE TRANCHEE 500G D LA BOULANGE00000436330000100000007000000000010000000269748000003290000 3760049791440 00000000000004363300041752] | 2026-04-08 17:11:20,595 fin intégration: (63196266-6bc7-4dee-afe3-3a152d2deecd) | fichier: /srv/import/357/Fac_357_00337316.LC | 2 lignes formatées | 1 lignes en erreurs | 1 lignes crées | 0 lignes mises à jour | 0 lignes supprimées | 2026-04-08 17:11:20,608 {'product': [ErrorDetail(string=""PAIN AU LAIT NAT X10 350G D LA BOUL n'est pas fourni par le fournisseur FOURNISSEUR CENTRALE"", code='invalid')]} - [L100667184PAIN AU LAIT NAT X10 350G D LA BOUL00000436330000200000011000000000010000000215232000002690000 3760049799200 00000000000004363300041752] | 2026-04-08 17:11:20,613 fin intégration: (b20d2d5a-861c-41ea-b509-05fd69dfbf6f) | fichier: /srv/import/372/Fac_372_00337312.LC | 3 lignes formatées | 2 lignes en erreurs | 1 lignes crées | 0 lignes mises à jour | 0 lignes supprimées";357;CASH IVOIRE U REMBLAIS
pos18;POS 18;2026-04-09T18:57:06.973160+00:00;3e492598-2c69-4a39-8bda-30585ef96dde;2026-04-08T17:10:20.546361;2026-04-08T17:10:21.829190;30;import de données;delivery;livraison;0;erreur;interne;"Extrait du rapport d'import: | 2026-04-08 17:10:20,643 {'product': [ErrorDetail(string=""PALETTE APAL  80*120 n'est pas fourni par le fournisseur FOURNISSEUR CENTRALE"", code='invalid')]} - [L100514060PALETTE APAL  80*120               00000440570000300000002000000000020000001049138000010490000 2001005140607 00000000000004405703911921] | 2026-04-08 17:10:20,646 fin intégration: (bc24c114-6e71-4c7d-90df-8038c21da109) | fichier: /srv/import/357/Fac_357_00337315.LC | 4 lignes formatées | 3 lignes en erreurs | 1 lignes crées | 0 lignes mises à jour | 0 lignes supprimées | 2026-04-08 17:10:20,662 {'product': [ErrorDetail(string=""BAC PRELOG PLIABL600*400*235 47L GM n'est pas fourni par le fournisseur FOURNISSEUR CENTRALE"", code='invalid')]} - [L100239401BAC PRELOG PLIABL600*400*235 47L GM00000440600000200000001000000000010000001409274000014095000 2001002394010 00000000000004406003911914] | 2026-04-08 17:10:20,683 {'product': [ErrorDetail(string=""PALETTE APAL  80*120 n'est pas fourni par le fournisseur FOURNISSEUR CENTRALE"", code='invalid')]} - [L100514060PALETTE APAL  80*120               00000440600000300000002000000000020000001049138000010490000 2001005140607 00000000000004406003911914] | 2026-04-08 17:10:20,687 fin intégration: (2ab16b11-dc33-4bbf-98d5-fc8f3f873a12) | fichier: /srv/import/372/Fac_372_00337311.LC | 4 lignes formatées | 3 lignes en erreurs | 1 lignes crées | 0 lignes mises à jour | 0 lignes supprimées | 2026-04-08 17:10:21,738 {'product': [ErrorDetail(string=""BAC PRELOG PLIABL30L 600*400*165 PM n'est pas fourni par le fournisseur FOURNISSEUR CENTRALE"", code='invalid')]} - [L100153729BAC PRELOG PLIABL30L 600*400*165 PM00000440610000100000028000000000280000001172366300011725000 2001001537296 00000000000004406103912078] | 2026-04-08 17:10:21,771 {'product': [ErrorDetail(string=""BAC PRELOG PLIABL600*400*235 47L GM n'est pas fourni par le fournisseur FOURNISSEUR CENTRALE"", code='invalid')]} - [L100239401BAC PRELOG PLIABL600*400*235 47L GM00000440610000200000014000000000140000001409274000014095000 2001002394010 00000000000004406103912078] | 2026-04-08 17:10:21,793 {'product': [ErrorDetail(string=""PALETTE APAL  80*120 n'est pas fourni par le fournisseur FOURNISSEUR CENTRALE"", code='invalid')]} - [L100514060PALETTE APAL  80*120               00000440610000300000005000000000050000001049138000010490000 2001005140607 00000000000004406103912078] | 2026-04-08 17:10:21,797 fin intégration: (3e492598-2c69-4a39-8bda-30585ef96dde) | fichier: /srv/import/376/Fac_376_00337317.LC | 4 lignes formatées | 3 lignes en erreurs | 1 lignes crées | 0 lignes mises à jour | 0 lignes supprimées";376;CASH IVOIRE U SICOGI ANGRE
pos18;POS 18;2026-04-09T18:57:06.973160+00:00;2ab16b11-dc33-4bbf-98d5-fc8f3f873a12;2026-04-08T17:10:20.538282;2026-04-08T17:10:20.707867;30;import de données;delivery;livraison;0;erreur;interne;"Extrait du rapport d'import: | 2026-04-08 17:10:20,623 {'product': [ErrorDetail(string=""CONT ISO 175L 81*66*63 n'est pas fourni par le fournisseur FOURNISSEUR CENTRALE"", code='invalid')]} - [L100191196CONT ISO 175L 81*66*63             00000440570000200000001000000000010000057914636000579146000 2001001911966 00000000000004405703911921] | 2026-04-08 17:10:20,623 {'product': [ErrorDetail(string=""PALETTE APAL  80*120 n'est pas fourni par le fournisseur FOURNISSEUR CENTRALE"", code='invalid')]} - [L100514060PALETTE APAL  80*120               00000440590000100000001000000000010000001049138000010490000 2001005140607 00000000000004405903912100] | 2026-04-08 17:10:20,626 fin intégration: (d69d06b3-d8fc-48ee-b97c-667a8f2daef1) | fichier: /srv/import/368/Fac_368_00337329.LC | 2 lignes formatées | 1 lignes en erreurs | 1 lignes crées | 0 lignes mises à jour | 0 lignes supprimées | 2026-04-08 17:10:20,641 {'product': [ErrorDetail(string=""BAC PRELOG PLIABL30L 600*400*165 PM n'est pas fourni par le fournisseur FOURNISSEUR CENTRALE"", code='invalid')]} - [L100153729BAC PRELOG PLIABL30L 600*400*165 PM00000440600000100000003000000000030000001172366300011725000 2001001537296 00000000000004406003911914] | 2026-04-08 17:10:20,643 {'product': [ErrorDetail(string=""PALETTE APAL  80*120 n'est pas fourni par le fournisseur FOURNISSEUR CENTRALE"", code='invalid')]} - [L100514060PALETTE APAL  80*120               00000440570000300000002000000000020000001049138000010490000 2001005140607 00000000000004405703911921] | 2026-04-08 17:10:20,646 fin intégration: (bc24c114-6e71-4c7d-90df-8038c21da109) | fichier: /srv/import/357/Fac_357_00337315.LC | 4 lignes formatées | 3 lignes en erreurs | 1 lignes crées | 0 lignes mises à jour | 0 lignes supprimées | 2026-04-08 17:10:20,662 {'product': [ErrorDetail(string=""BAC PRELOG PLIABL600*400*235 47L GM n'est pas fourni par le fournisseur FOURNISSEUR CENTRALE"", code='invalid')]} - [L100239401BAC PRELOG PLIABL600*400*235 47L GM00000440600000200000001000000000010000001409274000014095000 2001002394010 00000000000004406003911914] | 2026-04-08 17:10:20,683 {'product': [ErrorDetail(string=""PALETTE APAL  80*120 n'est pas fourni par le fournisseur FOURNISSEUR CENTRALE"", code='invalid')]} - [L100514060PALETTE APAL  80*120               00000440600000300000002000000000020000001049138000010490000 2001005140607 00000000000004406003911914] | 2026-04-08 17:10:20,687 fin intégration: (2ab16b11-dc33-4bbf-98d5-fc8f3f873a12) | fichier: /srv/import/372/Fac_372_00337311.LC | 4 lignes formatées | 3 lignes en erreurs | 1 lignes crées | 0 lignes mises à jour | 0 lignes supprimées";372;CASH IVOIRE U MAROC
pos18;POS 18;2026-04-09T18:57:06.973160+00:00;bc24c114-6e71-4c7d-90df-8038c21da109;2026-04-08T17:10:20.508664;2026-04-08T17:10:20.678963;30;import de données;delivery;livraison;0;erreur;interne;"Extrait du rapport d'import: | 2026-04-08 17:10:20,604 {'product': [ErrorDetail(string=""BAC PRELOG PLIABL30L 600*400*165 PM n'est pas fourni par le fournisseur FOURNISSEUR CENTRALE"", code='invalid')]} - [L100153729BAC PRELOG PLIABL30L 600*400*165 PM00000440570000100000006000000000060000001172366300011725000 2001001537296 00000000000004405703911921] | 2026-04-08 17:10:20,615 fin intégration: (564fbbe1-923d-4b68-9fb7-59a526a1551b) | fichier: /srv/import/354/Fac_354_00337330.LC | 2 lignes formatées | 0 lignes en erreurs | 2 lignes crées | 0 lignes mises à jour | 0 lignes supprimées | 2026-04-08 17:10:20,623 {'product': [ErrorDetail(string=""CONT ISO 175L 81*66*63 n'est pas fourni par le fournisseur FOURNISSEUR CENTRALE"", code='invalid')]} - [L100191196CONT ISO 175L 81*66*63             00000440570000200000001000000000010000057914636000579146000 2001001911966 00000000000004405703911921] | 2026-04-08 17:10:20,623 {'product': [ErrorDetail(string=""PALETTE APAL  80*120 n'est pas fourni par le fournisseur FOURNISSEUR CENTRALE"", code='invalid')]} - [L100514060PALETTE APAL  80*120               00000440590000100000001000000000010000001049138000010490000 2001005140607 00000000000004405903912100] | 2026-04-08 17:10:20,626 fin intégration: (d69d06b3-d8fc-48ee-b97c-667a8f2daef1) | fichier: /srv/import/368/Fac_368_00337329.LC | 2 lignes formatées | 1 lignes en erreurs | 1 lignes crées | 0 lignes mises à jour | 0 lignes supprimées | 2026-04-08 17:10:20,641 {'product': [ErrorDetail(string=""BAC PRELOG PLIABL30L 600*400*165 PM n'est pas fourni par le fournisseur FOURNISSEUR CENTRALE"", code='invalid')]} - [L100153729BAC PRELOG PLIABL30L 600*400*165 PM00000440600000100000003000000000030000001172366300011725000 2001001537296 00000000000004406003911914] | 2026-04-08 17:10:20,643 {'product': [ErrorDetail(string=""PALETTE APAL  80*120 n'est pas fourni par le fournisseur FOURNISSEUR CENTRALE"", code='invalid')]} - [L100514060PALETTE APAL  80*120               00000440570000300000002000000000020000001049138000010490000 2001005140607 00000000000004405703911921] | 2026-04-08 17:10:20,646 fin intégration: (bc24c114-6e71-4c7d-90df-8038c21da109) | fichier: /srv/import/357/Fac_357_00337315.LC | 4 lignes formatées | 3 lignes en erreurs | 1 lignes crées | 0 lignes mises à jour | 0 lignes supprimées | 2026-04-08 17:10:20,662 {'product': [ErrorDetail(string=""BAC PRELOG PLIABL600*400*235 47L GM n'est pas fourni par le fournisseur FOURNISSEUR CENTRALE"", code='invalid')]} - [L100239401BAC PRELOG PLIABL600*400*235 47L GM00000440600000200000001000000000010000001409274000014095000 2001002394010 00000000000004406003911914]";357;CASH IVOIRE U REMBLAIS
pos18;POS 18;2026-04-09T18:57:06.973160+00:00;d69d06b3-d8fc-48ee-b97c-667a8f2daef1;2026-04-08T17:10:20.519521;2026-04-08T17:10:20.644750;30;import de données;delivery;livraison;0;erreur;interne;"Extrait du rapport d'import: | 2026-04-08 17:10:20,517 fichier present: (['Fac_368_00337329.LC'] - delivery) dans /srv/import/368/ | 2026-04-08 17:10:20,518 2 lignes lu dans le fichier /srv/import/368/Fac_368_00337329.LC | 2026-04-08 17:10:20,518 lancement intégration: (d69d06b3-d8fc-48ee-b97c-667a8f2daef1) | 2026-04-08 17:10:20,535 fichier present: (['Fac_372_00337312.LC', 'Fac_372_00337311.LC'] - delivery) dans /srv/import/372/ | 2026-04-08 17:10:20,537 4 lignes lu dans le fichier /srv/import/372/Fac_372_00337311.LC | 2026-04-08 17:10:20,537 lancement intégration: (2ab16b11-dc33-4bbf-98d5-fc8f3f873a12) | 2026-04-08 17:10:20,543 fichier present: (['Fac_376_00337317.LC'] - delivery) dans /srv/import/376/ | 2026-04-08 17:10:20,545 4 lignes lu dans le fichier /srv/import/376/Fac_376_00337317.LC | 2026-04-08 17:10:20,545 lancement intégration: (3e492598-2c69-4a39-8bda-30585ef96dde) | 2026-04-08 17:10:20,604 {'product': [ErrorDetail(string=""BAC PRELOG PLIABL30L 600*400*165 PM n'est pas fourni par le fournisseur FOURNISSEUR CENTRALE"", code='invalid')]} - [L100153729BAC PRELOG PLIABL30L 600*400*165 PM00000440570000100000006000000000060000001172366300011725000 2001001537296 00000000000004405703911921] | 2026-04-08 17:10:20,615 fin intégration: (564fbbe1-923d-4b68-9fb7-59a526a1551b) | fichier: /srv/import/354/Fac_354_00337330.LC | 2 lignes formatées | 0 lignes en erreurs | 2 lignes crées | 0 lignes mises à jour | 0 lignes supprimées | 2026-04-08 17:10:20,623 {'product': [ErrorDetail(string=""CONT ISO 175L 81*66*63 n'est pas fourni par le fournisseur FOURNISSEUR CENTRALE"", code='invalid')]} - [L100191196CONT ISO 175L 81*66*63             00000440570000200000001000000000010000057914636000579146000 2001001911966 00000000000004405703911921] | 2026-04-08 17:10:20,623 {'product': [ErrorDetail(string=""PALETTE APAL  80*120 n'est pas fourni par le fournisseur FOURNISSEUR CENTRALE"", code='invalid')]} - [L100514060PALETTE APAL  80*120               00000440590000100000001000000000010000001049138000010490000 2001005140607 00000000000004405903912100] | 2026-04-08 17:10:20,626 fin intégration: (d69d06b3-d8fc-48ee-b97c-667a8f2daef1) | fichier: /srv/import/368/Fac_368_00337329.LC | 2 lignes formatées | 1 lignes en erreurs | 1 lignes crées | 0 lignes mises à jour | 0 lignes supprimées | 2026-04-08 17:10:20,641 {'product': [ErrorDetail(string=""BAC PRELOG PLIABL30L 600*400*165 PM n'est pas fourni par le fournisseur FOURNISSEUR CENTRALE"", code='invalid')]} - [L100153729BAC PRELOG PLIABL30L 600*400*165 PM00000440600000100000003000000000030000001172366300011725000 2001001537296 00000000000004406003911914] | 2026-04-08 17:10:20,643 {'product': [ErrorDetail(string=""PALETTE APAL  80*120 n'est pas fourni par le fournisseur FOURNISSEUR CENTRALE"", code='invalid')]} - [L100514060PALETTE APAL  80*120               00000440570000300000002000000000020000001049138000010490000 2001005140607 00000000000004405703911921]";368;CASH IVOIRE U SADIGUIBA
pos18;POS 18;2026-04-09T18:57:06.973160+00:00;564fbbe1-923d-4b68-9fb7-59a526a1551b;2026-04-08T17:10:20.497844;2026-04-08T17:10:20.617754;30;import de données;delivery;livraison;2;succès;interne;Import livraison: | fin intégration: (564fbbe1-923d-4b68-9fb7-59a526a1551b) | fichier: /srv/import/354/Fac_354_00337330.LC | 2 lignes formatées | 0 lignes en erreurs | 2 lignes crées | 0 lignes mises à jour | 0 lignes supprimées;354;CASH IVOIRE U TOITS ROUGES
pos18;POS 18;2026-04-09T18:57:06.973160+00:00;8f0b39c0-4c42-446b-9de5-844da7fef535;2026-04-08T12:34:18.280359;2026-04-08T12:34:18.433674;30;import de données;delivery;livraison;0;erreur;interne;"Extrait du rapport d'import: | 2026-04-08 12:33:18,500 {'product': [ErrorDetail(string=""LG PDT FILET 5KGS BAT n'est pas fourni par le fournisseur FOURNISSEUR CENTRALE"", code='invalid')]} - [L045073401LG PDT FILET 5KGS BAT              00000435730000700000010000000000100000000156000000001950000 2000450734010 00000000000004357302554130] | 2026-04-08 12:33:18,521 {'product': [ErrorDetail(string=""LG PDT VRAC BAT n'est pas fourni par le fournisseur FOURNISSEUR CENTRALE"", code='invalid')]} - [L045073501LG PDT VRAC BAT                    00000435730000800000050000000000020000000031300000000490000 2800443000005 00000000000004357302554130] | 2026-04-08 12:33:18,540 {'product': [ErrorDetail(string=""FR TROP BANANE PLANTAIN ALLOCO ASP n'est pas fourni par le fournisseur FOURNISSEUR CENTRALE"", code='invalid')]} - [L100050270FR TROP BANANE PLANTAIN ALLOCO ASP 00000435730000900000010000000000010000000035300000000400000 2800611000004 00000000000004357302554193] | 2026-04-08 12:33:18,559 {'product': [ErrorDetail(string=""LG POIVRON VERT LOCAL ASP n'est pas fourni par le fournisseur FOURNISSEUR CENTRALE"", code='invalid')]} - [L100050286LG POIVRON VERT LOCAL ASP          00000435730001000000005000000000010000000178100000001990000 2800627000005 00000000000004357302554193] | 2026-04-08 12:33:18,578 {'product': [ErrorDetail(string=""FR TROP BANANE PLANTIN VERTE ASP n'est pas fourni par le fournisseur FOURNISSEUR CENTRALE"", code='invalid')]} - [L100075353FR TROP BANANE PLANTIN VERTE ASP   00000435730001100000010000000000010000000033000000000375000 2882497000002 00000000000004357302554193] | 2026-04-08 12:33:18,597 {'product': [ErrorDetail(string=""FR PEP POMME GOLDEN VRAC 1/2G B n'est pas fourni par le fournisseur FOURNISSEUR CENTRALE"", code='invalid')]} - [L100084074FR PEP POMME GOLDEN VRAC 1/2G B    00000435730001200000018200000000010000000149270000001790000 2882597000001 00000000000004357302554130] | 2026-04-08 12:33:18,614 {'product': [ErrorDetail(string=""FR PEP POIRE PACKAM VRAC 1/2G BAT n'est pas fourni par le fournisseur FOURNISSEUR CENTRALE"", code='invalid')]} - [L100207445FR PEP POIRE PACKAM VRAC 1/2G BAT  00000435730001300000012500000000010000000135700000001690000 2803654000000 00000000000004357302554130] | 2026-04-08 12:33:18,631 {'product': [ErrorDetail(string=""FR PEP POMME PINK LADY VRAC 1/2GROS n'est pas fourni par le fournisseur FOURNISSEUR CENTRALE"", code='invalid')]} - [L100324266FR PEP POMME PINK LADY VRAC 1/2GROS00000435730001400000018200000000010000000183962000002190000 2141003000005 00000000000004357302554130] | 2026-04-08 12:33:18,649 {'product': [ErrorDetail(string=""LG OIGNON HOLLANDE PETIT VRAC n'est pas fourni par le fournisseur FOURNISSEUR CENTRALE"", code='invalid')]} - [L100666284LG OIGNON HOLLANDE PETIT VRAC      00000435730001500000025000000000010000000038900000000450000 2809624000001 00000000000004357302554193] | 2026-04-08 12:33:18,652 fin intégration: (8ced2662-1c62-4e65-8113-e21ce26a050e) | fichier: /srv/import/372/Fac_372_00337262.LC | 16 lignes formatées | 15 lignes en erreurs | 1 lignes crées | 0 lignes mises à jour | 0 lignes supprimées | 2026-04-08 12:34:18,277 fichier present: (['Fac_372_00337301.LC'] - delivery) dans /srv/import/372/ | 2026-04-08 12:34:18,279 3 lignes lu dans le fichier /srv/import/372/Fac_372_00337301.LC | 2026-04-08 12:34:18,279 lancement intégration: (8f0b39c0-4c42-446b-9de5-844da7fef535) | 2026-04-08 12:34:18,379 {'product': [ErrorDetail(string=""PIZZA BOLOGNAISE 320G PP n'est pas fourni par le fournisseur FOURNISSEUR CENTRALE"", code='invalid')]} - [L100228464PIZZA BOLOGNAISE 320G PP           00000438090000100000006000000000010000000224200000002990000 3248833701887 00000000000004380900041753] | 2026-04-08 12:34:18,399 {'product': [ErrorDetail(string=""GL CONE RHUM/RAISIN X6 384G U n'est pas fourni par le fournisseur FOURNISSEUR CENTRALE"", code='invalid')]} - [L100475618GL CONE RHUM/RAISIN X6 384G U      00000438090000200000006000000000010000000224200000002990000 3256222234656 00000000000004380900041753] | 2026-04-08 12:34:18,402 fin intégration: (8f0b39c0-4c42-446b-9de5-844da7fef535) | fichier: /srv/import/372/Fac_372_00337301.LC | 3 lignes formatées | 2 lignes en erreurs | 1 lignes crées | 0 lignes mises à jour | 0 lignes supprimées";372;CASH IVOIRE U MAROC
pos18;POS 18;2026-04-09T18:57:06.973160+00:00;8ced2662-1c62-4e65-8113-e21ce26a050e;2026-04-08T12:33:18.277225;2026-04-08T12:33:18.673112;30;import de données;delivery;livraison;0;erreur;interne;"Extrait du rapport d'import: | 1 lignes crées | 0 lignes mises à jour | 0 lignes supprimées | 2026-04-08 12:33:18,268 fichier present: (['Fac_372_00337262.LC', 'Fac_372_00337301.LC'] - delivery) dans /srv/import/372/ | 2026-04-08 12:33:18,276 16 lignes lu dans le fichier /srv/import/372/Fac_372_00337262.LC | 2026-04-08 12:33:18,276 lancement intégration: (8ced2662-1c62-4e65-8113-e21ce26a050e) | 2026-04-08 12:33:18,378 {'product': [ErrorDetail(string=""FR PEP POMME GRANNY VRAC 1/2G BAT n'est pas fourni par le fournisseur FOURNISSEUR CENTRALE"", code='invalid')]} - [L044001307FR PEP POMME GRANNY VRAC 1/2G BAT  00000435730000100000018200000000010000000169094000001990000 2800704000003 00000000000004357302554130] | 2026-04-08 12:33:18,396 {'product': [ErrorDetail(string=""FR PEP KIWI PIECE BAT n'est pas fourni par le fournisseur FOURNISSEUR CENTRALE"", code='invalid')]} - [L044012101FR PEP KIWI PIECE BAT              00000435730000200000039000000000010000000039176000000490000 2000440121011 00000000000004357302554130] | 2026-04-08 12:33:18,415 {'product': [ErrorDetail(string=""FR AGR CLEMENTINE VRAC BAT n'est pas fourni par le fournisseur FOURNISSEUR CENTRALE"", code='invalid')]} - [L044021803FR AGR CLEMENTINE VRAC BAT         00000435730000300000030000000000030000000152220000001890000 2887540000008 00000000000004357302554130] | 2026-04-08 12:33:18,434 {'product': [ErrorDetail(string=""FR PEP RAISIN RED GLOBE BAT n'est pas fourni par le fournisseur FOURNISSEUR CENTRALE"", code='invalid')]} - [L044095006FR PEP RAISIN RED GLOBE BAT        00000435730000400000016400000000020000000399194000004990000 2802410000001 00000000000004357302554130] | 2026-04-08 12:33:18,452 {'product': [ErrorDetail(string=""LG BETTERAVE ENT.CUITE SCHT 500G BA n'est pas fourni par le fournisseur FOURNISSEUR CENTRALE"", code='invalid')]} - [L045053101LG BETTERAVE ENT.CUITE SCHT 500G BA00000435730000500000012000000000010000000103250000001290000 3279370101106 00000000000004357302554130] | 2026-04-08 12:33:18,472 {'product': [ErrorDetail(string=""LG CAROTTE SHT 1KG BAT n'est pas fourni par le fournisseur FOURNISSEUR CENTRALE"", code='invalid')]} - [L045054105LG CAROTTE SHT 1KG BAT             00000435730000600000020000000000020000000065000000000790000 3000028024504 00000000000004357302554130] | 2026-04-08 12:33:18,500 {'product': [ErrorDetail(string=""LG PDT FILET 5KGS BAT n'est pas fourni par le fournisseur FOURNISSEUR CENTRALE"", code='invalid')]} - [L045073401LG PDT FILET 5KGS BAT              00000435730000700000010000000000100000000156000000001950000 2000450734010 00000000000004357302554130] | 2026-04-08 12:33:18,521 {'product': [ErrorDetail(string=""LG PDT VRAC BAT n'est pas fourni par le fournisseur FOURNISSEUR CENTRALE"", code='invalid')]} - [L045073501LG PDT VRAC BAT                    00000435730000800000050000000000020000000031300000000490000 2800443000005 00000000000004357302554130] | 2026-04-08 12:33:18,540 {'product': [ErrorDetail(string=""FR TROP BANANE PLANTAIN ALLOCO ASP n'est pas fourni par le fournisseur FOURNISSEUR CENTRALE"", code='invalid')]} - [L100050270FR TROP BANANE PLANTAIN ALLOCO ASP 00000435730000900000010000000000010000000035300000000400000 2800611000004 00000000000004357302554193] | 2026-04-08 12:33:18,559 {'product': [ErrorDetail(string=""LG POIVRON VERT LOCAL ASP n'est pas fourni par le fournisseur FOURNISSEUR CENTRALE"", code='invalid')]} - [L100050286LG POIVRON VERT LOCAL ASP          00000435730001000000005000000000010000000178100000001990000 2800627000005 00000000000004357302554193] | 2026-04-08 12:33:18,578 {'product': [ErrorDetail(string=""FR TROP BANANE PLANTIN VERTE ASP n'est pas fourni par le fournisseur FOURNISSEUR CENTRALE"", code='invalid')]} - [L100075353FR TROP BANANE PLANTIN VERTE ASP   00000435730001100000010000000000010000000033000000000375000 2882497000002 00000000000004357302554193] | 2026-04-08 12:33:18,597 {'product': [ErrorDetail(string=""FR PEP POMME GOLDEN VRAC 1/2G B n'est pas fourni par le fournisseur FOURNISSEUR CENTRALE"", code='invalid')]} - [L100084074FR PEP POMME GOLDEN VRAC 1/2G B    00000435730001200000018200000000010000000149270000001790000 2882597000001 00000000000004357302554130] | 2026-04-08 12:33:18,614 {'product': [ErrorDetail(string=""FR PEP POIRE PACKAM VRAC 1/2G BAT n'est pas fourni par le fournisseur FOURNISSEUR CENTRALE"", code='invalid')]} - [L100207445FR PEP POIRE PACKAM VRAC 1/2G BAT  00000435730001300000012500000000010000000135700000001690000 2803654000000 00000000000004357302554130] | 2026-04-08 12:33:18,631 {'product': [ErrorDetail(string=""FR PEP POMME PINK LADY VRAC 1/2GROS n'est pas fourni par le fournisseur FOURNISSEUR CENTRALE"", code='invalid')]} - [L100324266FR PEP POMME PINK LADY VRAC 1/2GROS00000435730001400000018200000000010000000183962000002190000 2141003000005 00000000000004357302554130] | 2026-04-08 12:33:18,649 {'product': [ErrorDetail(string=""LG OIGNON HOLLANDE PETIT VRAC n'est pas fourni par le fournisseur FOURNISSEUR CENTRALE"", code='invalid')]} - [L100666284LG OIGNON HOLLANDE PETIT VRAC      00000435730001500000025000000000010000000038900000000450000 2809624000001 00000000000004357302554193] | 2026-04-08 12:33:18,652 fin intégration: (8ced2662-1c62-4e65-8113-e21ce26a050e) | fichier: /srv/import/372/Fac_372_00337262.LC | 16 lignes formatées | 15 lignes en erreurs | 1 lignes crées | 0 lignes mises à jour | 0 lignes supprimées";372;CASH IVOIRE U MAROC
pos18;POS 18;2026-04-09T18:57:06.973160+00:00;1db45bba-b4dd-46e4-a580-9b49b88e6049;2026-04-08T12:32:18.253579;2026-04-08T12:32:18.527366;30;import de données;delivery;livraison;0;erreur;interne;"Extrait du rapport d'import: | 2026-04-08 12:31:18,369 {'product': [ErrorDetail(string=""PAIN CHOCO 20%PB 60G 200/C 56/P NEU n'est pas fourni par le fournisseur FOURNISSEUR CENTRALE"", code='invalid')]} - [L100367350PAIN CHOCO 20%PB 60G 200/C 56/P NEU00000431370000200000200000000000010000000029972000000400000 2001003673503 00000000000004313700041733] | 2026-04-08 12:31:18,372 fin intégration: (25fce587-f4d7-45d0-85c1-1976c6f1ea49) | fichier: /srv/import/372/Fac_372_00337260.LC | 3 lignes formatées | 2 lignes en erreurs | 1 lignes crées | 0 lignes mises à jour | 0 lignes supprimées | 2026-04-08 12:32:18,250 fichier present: (['Fac_372_00337262.LC', 'Fac_372_00337261.LC', 'Fac_372_00337301.LC'] - delivery) dans /srv/import/372/ | 2026-04-08 12:32:18,252 11 lignes lu dans le fichier /srv/import/372/Fac_372_00337261.LC | 2026-04-08 12:32:18,253 lancement intégration: (1db45bba-b4dd-46e4-a580-9b49b88e6049) | 2026-04-08 12:32:18,341 {'product': [ErrorDetail(string=""BEURRE DX PRESIDENT 200G n'est pas fourni par le fournisseur FOURNISSEUR CENTRALE"", code='invalid')]} - [L042001027BEURRE DX PRESIDENT 200G           00000434110000100000040000000000010000000254172000002990000 3228022910023 00000000000004341100041751] | 2026-04-08 12:32:18,358 {'product': [ErrorDetail(string=""VQR 8P 112G BEL n'est pas fourni par le fournisseur FOURNISSEUR CENTRALE"", code='invalid')]} - [L043001042VQR 8P 112G BEL                    00000434110000200000036000000000010000000066080000000800000 3073781194197 00000000000004341100041752] | 2026-04-08 12:32:18,375 {'product': [ErrorDetail(string=""V Q R 24P  336G (BEL) n'est pas fourni par le fournisseur FOURNISSEUR CENTRALE"", code='invalid')]} - [L043001045V Q R 24P  336G (BEL)              00000434110000300000012000000000010000000190806000002300000 3073781194234 00000000000004341100041752] | 2026-04-08 12:32:18,394 {'product': [ErrorDetail(string=""CREME ENT EXCELLENCE 35% 1L ELVIR n'est pas fourni par le fournisseur FOURNISSEUR CENTRALE"", code='invalid')]} - [L100007895CREME ENT EXCELLENCE 35% 1L ELVIR  00000434110000400000012000000000010000000509170000005990000 3161911703385 00000000000004341100041751] | 2026-04-08 12:32:18,411 {'product': [ErrorDetail(string=""DESS LACTE ABRICOT 125GX4 ELVIR n'est pas fourni par le fournisseur FOURNISSEUR CENTRALE"", code='invalid')]} - [L100007907DESS LACTE ABRICOT 125GX4 ELVIR    00000434110000500000006000000000010000000207090000002590000 3451790397622 00000000000004341100041751] | 2026-04-08 12:32:18,427 {'product': [ErrorDetail(string=""BEURRE DX 125GX40 PRESIDENT n'est pas fourni par le fournisseur FOURNISSEUR CENTRALE"", code='invalid')]} - [L100336101BEURRE DX 125GX40 PRESIDENT        00000434110000600000040000000000010000000143606000001690000 3228020481150 00000000000004341100041751] | 2026-04-08 12:32:18,443 {'product': [ErrorDetail(string=""DL MON GREC NATURE 125GX4 ELVIR n'est pas fourni par le fournisseur FOURNISSEUR CENTRALE"", code='invalid')]} - [L100406465DL MON GREC NATURE 125GX4 ELVIR    00000434110000700000006000000000010000000271164000003390000 3451790188718 00000000000004341100041751] | 2026-04-08 12:32:18,460 {'product': [ErrorDetail(string=""CREME ENT CUIS 35 % 50CL ELVIR n'est pas fourni par le fournisseur FOURNISSEUR CENTRALE"", code='invalid')]} - [L100411936CREME ENT CUIS 35 % 50CL ELVIR     00000434110000800000012000000000010000000398604000004690000 3451790196577 00000000000004341100041751] | 2026-04-08 12:32:18,477 {'product': [ErrorDetail(string=""DESS LACTE PECHE 125GX4 ELVIR n'est pas fourni par le fournisseur FOURNISSEUR CENTRALE"", code='invalid')]} - [L100640354DESS LACTE PECHE 125GX4 ELVIR      00000434110000900000006000000000010000000207090000002590000 3451790019739 00000000000004341100041751] | 2026-04-08 12:32:18,496 {'product': [ErrorDetail(string=""CREME DESS CHOCO NOISET 100GX4 ELVI n'est pas fourni par le fournisseur FOURNISSEUR CENTRALE"", code='invalid')]} - [L100650484CREME DESS CHOCO NOISET 100GX4 ELVI00000434110001000000012000000000010000000159300000001990000 3451790019173 00000000000004341100041751] | 2026-04-08 12:32:18,499 fin intégration: (1db45bba-b4dd-46e4-a580-9b49b88e6049) | fichier: /srv/import/372/Fac_372_00337261.LC | 11 lignes formatées | 10 lignes en erreurs | 1 lignes crées | 0 lignes mises à jour | 0 lignes supprimées";372;CASH IVOIRE U MAROC
pos18;POS 18;2026-04-09T18:57:06.973160+00:00;25fce587-f4d7-45d0-85c1-1976c6f1ea49;2026-04-08T12:31:18.251047;2026-04-08T12:31:18.401865;30;import de données;delivery;livraison;0;erreur;interne;"Extrait du rapport d'import: | 3 lignes crées | 0 lignes mises à jour | 0 lignes supprimées | 2026-04-08 12:30:18,236 fichier present: (['Fac_372_00337260.LC', 'Fac_372_00337262.LC', 'Fac_372_00337259.LC', 'Fac_372_00337261.LC', 'Fac_372_00337301.LC'] - delivery) dans /srv/import/372/ | 2026-04-08 12:30:18,238 3 lignes lu dans le fichier /srv/import/372/Fac_372_00337259.LC | 2026-04-08 12:30:18,238 lancement intégration: (057565d0-128e-49e4-883d-75d045ab382c) | 2026-04-08 12:30:18,342 {'product': [ErrorDetail(string=""PAIN CHOCO MARGA 70G C*180 P*64 COR n'est pas fourni par le fournisseur FOURNISSEUR CENTRALE"", code='invalid')]} - [L100501891PAIN CHOCO MARGA 70G C*180 P*64 COR00000431290000100000180000000000010000000023364000000300000 2001005018913 00000000000004312900041732] | 2026-04-08 12:30:18,368 {'product': [ErrorDetail(string=""CROISSANT MARGAR 60G C*200 P*64 COR n'est pas fourni par le fournisseur FOURNISSEUR CENTRALE"", code='invalid')]} - [L100501892CROISSANT MARGAR 60G C*200 P*64 COR00000431290000200000400000000000020000000016520000000250000 2001005018920 00000000000004312900041732] | 2026-04-08 12:30:18,372 fin intégration: (057565d0-128e-49e4-883d-75d045ab382c) | fichier: /srv/import/372/Fac_372_00337259.LC | 3 lignes formatées | 2 lignes en erreurs | 1 lignes crées | 0 lignes mises à jour | 0 lignes supprimées | 2026-04-08 12:31:18,248 fichier present: (['Fac_372_00337260.LC', 'Fac_372_00337262.LC', 'Fac_372_00337261.LC', 'Fac_372_00337301.LC'] - delivery) dans /srv/import/372/ | 2026-04-08 12:31:18,250 3 lignes lu dans le fichier /srv/import/372/Fac_372_00337260.LC | 2026-04-08 12:31:18,250 lancement intégration: (25fce587-f4d7-45d0-85c1-1976c6f1ea49) | 2026-04-08 12:31:18,352 {'product': [ErrorDetail(string=""CROISSANT PB 23% 50G 200/C 56/P NEU n'est pas fourni par le fournisseur FOURNISSEUR CENTRALE"", code='invalid')]} - [L100270539CROISSANT PB 23% 50G 200/C 56/P NEU00000431370000100000400000000000020000000025606000000350000 2001002705397 00000000000004313700041733] | 2026-04-08 12:31:18,369 {'product': [ErrorDetail(string=""PAIN CHOCO 20%PB 60G 200/C 56/P NEU n'est pas fourni par le fournisseur FOURNISSEUR CENTRALE"", code='invalid')]} - [L100367350PAIN CHOCO 20%PB 60G 200/C 56/P NEU00000431370000200000200000000000010000000029972000000400000 2001003673503 00000000000004313700041733] | 2026-04-08 12:31:18,372 fin intégration: (25fce587-f4d7-45d0-85c1-1976c6f1ea49) | fichier: /srv/import/372/Fac_372_00337260.LC | 3 lignes formatées | 2 lignes en erreurs | 1 lignes crées | 0 lignes mises à jour | 0 lignes supprimées";372;CASH IVOIRE U MAROC
pos18;POS 18;2026-04-09T18:57:06.973160+00:00;057565d0-128e-49e4-883d-75d045ab382c;2026-04-08T12:30:18.239500;2026-04-08T12:30:18.401176;30;import de données;delivery;livraison;0;erreur;interne;"Extrait du rapport d'import: | 2026-04-08 12:29:18,300 {'product': [ErrorDetail(string=""PALETTE APAL  80*120 n'est pas fourni par le fournisseur FOURNISSEUR CENTRALE"", code='invalid')]} - [L100514060PALETTE APAL  80*120               00000183430000100000005000000000050000001049138000010490000 2001005140607 00000000000001834303910955] | 2026-04-08 12:29:18,304 fin intégration: (42dd4d37-abff-4c61-aacf-c00da89619db) | fichier: /srv/import/372/Fac_372_00237331.LC | 2 lignes formatées | 1 lignes en erreurs | 1 lignes crées | 0 lignes mises à jour | 0 lignes supprimées | 2026-04-08 12:29:18,326 fin intégration: (c5f48777-5570-4524-b32f-71f4f9f5c2b5) | fichier: /srv/import/354/Fac_354_00337297.LC | 3 lignes formatées | 0 lignes en erreurs | 3 lignes crées | 0 lignes mises à jour | 0 lignes supprimées | 2026-04-08 12:30:18,236 fichier present: (['Fac_372_00337260.LC', 'Fac_372_00337262.LC', 'Fac_372_00337259.LC', 'Fac_372_00337261.LC', 'Fac_372_00337301.LC'] - delivery) dans /srv/import/372/ | 2026-04-08 12:30:18,238 3 lignes lu dans le fichier /srv/import/372/Fac_372_00337259.LC | 2026-04-08 12:30:18,238 lancement intégration: (057565d0-128e-49e4-883d-75d045ab382c) | 2026-04-08 12:30:18,342 {'product': [ErrorDetail(string=""PAIN CHOCO MARGA 70G C*180 P*64 COR n'est pas fourni par le fournisseur FOURNISSEUR CENTRALE"", code='invalid')]} - [L100501891PAIN CHOCO MARGA 70G C*180 P*64 COR00000431290000100000180000000000010000000023364000000300000 2001005018913 00000000000004312900041732] | 2026-04-08 12:30:18,368 {'product': [ErrorDetail(string=""CROISSANT MARGAR 60G C*200 P*64 COR n'est pas fourni par le fournisseur FOURNISSEUR CENTRALE"", code='invalid')]} - [L100501892CROISSANT MARGAR 60G C*200 P*64 COR00000431290000200000400000000000020000000016520000000250000 2001005018920 00000000000004312900041732] | 2026-04-08 12:30:18,372 fin intégration: (057565d0-128e-49e4-883d-75d045ab382c) | fichier: /srv/import/372/Fac_372_00337259.LC | 3 lignes formatées | 2 lignes en erreurs | 1 lignes crées | 0 lignes mises à jour | 0 lignes supprimées";372;CASH IVOIRE U MAROC
pos18;POS 18;2026-04-09T18:57:06.973160+00:00;42dd4d37-abff-4c61-aacf-c00da89619db;2026-04-08T12:29:18.215592;2026-04-08T12:29:18.331867;30;import de données;delivery;livraison;0;erreur;interne;"Extrait du rapport d'import: | fichier: /srv/import/376/Fac_376_00337298.LC | 3 lignes formatées | 0 lignes en erreurs | 3 lignes crées | 0 lignes mises à jour | 0 lignes supprimées | 2026-04-08 12:29:18,200 fichier present: (['Fac_354_00337297.LC'] - delivery) dans /srv/import/354/ | 2026-04-08 12:29:18,202 3 lignes lu dans le fichier /srv/import/354/Fac_354_00337297.LC | 2026-04-08 12:29:18,202 lancement intégration: (c5f48777-5570-4524-b32f-71f4f9f5c2b5) | 2026-04-08 12:29:18,213 fichier present: (['Fac_372_00337260.LC', 'Fac_372_00337262.LC', 'Fac_372_00337259.LC', 'Fac_372_00337261.LC', 'Fac_372_00337301.LC', 'Fac_372_00237331.LC'] - delivery) dans /srv/import/372/ | 2026-04-08 12:29:18,214 2 lignes lu dans le fichier /srv/import/372/Fac_372_00237331.LC | 2026-04-08 12:29:18,214 lancement intégration: (42dd4d37-abff-4c61-aacf-c00da89619db) | 2026-04-08 12:29:18,300 {'product': [ErrorDetail(string=""PALETTE APAL  80*120 n'est pas fourni par le fournisseur FOURNISSEUR CENTRALE"", code='invalid')]} - [L100514060PALETTE APAL  80*120               00000183430000100000005000000000050000001049138000010490000 2001005140607 00000000000001834303910955] | 2026-04-08 12:29:18,304 fin intégration: (42dd4d37-abff-4c61-aacf-c00da89619db) | fichier: /srv/import/372/Fac_372_00237331.LC | 2 lignes formatées | 1 lignes en erreurs | 1 lignes crées | 0 lignes mises à jour | 0 lignes supprimées | 2026-04-08 12:29:18,326 fin intégration: (c5f48777-5570-4524-b32f-71f4f9f5c2b5) | fichier: /srv/import/354/Fac_354_00337297.LC | 3 lignes formatées | 0 lignes en erreurs | 3 lignes crées | 0 lignes mises à jour | 0 lignes supprimées";372;CASH IVOIRE U MAROC
pos18;POS 18;2026-04-09T18:57:06.973160+00:00;c5f48777-5570-4524-b32f-71f4f9f5c2b5;2026-04-08T12:29:18.203327;2026-04-08T12:29:18.328825;30;import de données;delivery;livraison;2;succès;interne;Import livraison: | fin intégration: (c5f48777-5570-4524-b32f-71f4f9f5c2b5) | fichier: /srv/import/354/Fac_354_00337297.LC | 3 lignes formatées | 0 lignes en erreurs | 3 lignes crées | 0 lignes mises à jour | 0 lignes supprimées;354;CASH IVOIRE U TOITS ROUGES
pos18;POS 18;2026-04-09T18:57:06.973160+00:00;48d1f54b-b78f-4c95-aff4-d315678dfd55;2026-04-08T12:28:18.220293;2026-04-08T12:28:18.377715;30;import de données;delivery;livraison;2;succès;interne;Import livraison: | fin intégration: (48d1f54b-b78f-4c95-aff4-d315678dfd55) | fichier: /srv/import/376/Fac_376_00337298.LC | 3 lignes formatées | 0 lignes en erreurs | 3 lignes crées | 0 lignes mises à jour | 0 lignes supprimées;376;CASH IVOIRE U SICOGI ANGRE
pos18;POS 18;2026-04-09T18:57:06.973160+00:00;dd2d7d20-9f31-4425-b32c-5adc90fd8426;2026-04-08T12:28:18.210036;2026-04-08T12:28:18.340700;30;import de données;delivery;livraison;0;erreur;interne;"Extrait du rapport d'import: | 18 lignes crées | 0 lignes mises à jour | 0 lignes supprimées | 2026-04-08 12:28:18,192 fichier present: (['Fac_354_00337297.LC', 'Fac_354_00337296.LC'] - delivery) dans /srv/import/354/ | 2026-04-08 12:28:18,194 2 lignes lu dans le fichier /srv/import/354/Fac_354_00337296.LC | 2026-04-08 12:28:18,194 lancement intégration: (9e8e69a7-ea2b-4ac7-98cb-42b319328954) | 2026-04-08 12:28:18,205 fichier present: (['Fac_372_00337260.LC', 'Fac_372_00337262.LC', 'Fac_372_00337259.LC', 'Fac_372_00237279.LC', 'Fac_372_00337261.LC', 'Fac_372_00337301.LC', 'Fac_372_00237331.LC'] - delivery) dans /srv/import/372/ | 2026-04-08 12:28:18,209 2 lignes lu dans le fichier /srv/import/372/Fac_372_00237279.LC | 2026-04-08 12:28:18,209 lancement intégration: (dd2d7d20-9f31-4425-b32c-5adc90fd8426) | 2026-04-08 12:28:18,217 fichier present: (['Fac_376_00337298.LC'] - delivery) dans /srv/import/376/ | 2026-04-08 12:28:18,219 3 lignes lu dans le fichier /srv/import/376/Fac_376_00337298.LC | 2026-04-08 12:28:18,219 lancement intégration: (48d1f54b-b78f-4c95-aff4-d315678dfd55) | 2026-04-08 12:28:18,305 {'product': [ErrorDetail(string=""LESS PDRE ST NIL 180G n'est pas fourni par le fournisseur FOURNISSEUR CENTRALE"", code='invalid')]} - [L100085517LESS PDRE ST NIL 180G              00000183300000100000016000000000160000000025960000000290000 6186000820382 00000000000001833003910927] | 2026-04-08 12:28:18,309 fin intégration: (dd2d7d20-9f31-4425-b32c-5adc90fd8426) | fichier: /srv/import/372/Fac_372_00237279.LC | 2 lignes formatées | 1 lignes en erreurs | 1 lignes crées | 0 lignes mises à jour | 0 lignes supprimées | 2026-04-08 12:28:18,315 fin intégration: (9e8e69a7-ea2b-4ac7-98cb-42b319328954) | fichier: /srv/import/354/Fac_354_00337296.LC | 2 lignes formatées | 0 lignes en erreurs | 2 lignes crées | 0 lignes mises à jour | 0 lignes supprimées";372;CASH IVOIRE U MAROC
pos18;POS 18;2026-04-09T18:57:06.973160+00:00;9e8e69a7-ea2b-4ac7-98cb-42b319328954;2026-04-08T12:28:18.194977;2026-04-08T12:28:18.317158;30;import de données;delivery;livraison;2;succès;interne;Import livraison: | fin intégration: (9e8e69a7-ea2b-4ac7-98cb-42b319328954) | fichier: /srv/import/354/Fac_354_00337296.LC | 2 lignes formatées | 0 lignes en erreurs | 2 lignes crées | 0 lignes mises à jour | 0 lignes supprimées;354;CASH IVOIRE U TOITS ROUGES
pos18;POS 18;2026-04-09T18:57:06.973160+00:00;1382b3b8-5e18-444b-8dc7-4ebbd3e3b471;2026-04-08T12:27:18.196796;2026-04-08T12:27:18.825416;30;import de données;delivery;livraison;2;succès;interne;Import livraison: | fin intégration: (1382b3b8-5e18-444b-8dc7-4ebbd3e3b471) | fichier: /srv/import/354/Fac_354_00337244.LC | 18 lignes formatées | 0 lignes en erreurs | 18 lignes crées | 0 lignes mises à jour | 0 lignes supprimées;354;CASH IVOIRE U TOITS ROUGES
pos18;POS 18;2026-04-09T18:57:06.973160+00:00;cbbc5378-765c-4568-93c8-fbb223cdb9bb;2026-04-08T12:27:18.216925;2026-04-08T12:27:18.793786;30;import de données;delivery;livraison;2;succès;interne;Import livraison: | fin intégration: (cbbc5378-765c-4568-93c8-fbb223cdb9bb) | fichier: /srv/import/376/Fac_376_00337267.LC | 17 lignes formatées | 0 lignes en erreurs | 17 lignes crées | 0 lignes mises à jour | 0 lignes supprimées;376;CASH IVOIRE U SICOGI ANGRE
pos18;POS 18;2026-04-09T18:57:06.973160+00:00;3d185507-dd17-4b6d-94c1-57b3a1d9eb37;2026-04-08T12:27:18.208153;2026-04-08T12:27:18.357977;30;import de données;delivery;livraison;0;erreur;interne;"Extrait du rapport d'import: | 1 lignes crées | 0 lignes mises à jour | 0 lignes supprimées | 2026-04-08 12:26:18,829 fin intégration: (359022d8-6432-41fb-860c-99a6b6239261) | fichier: /srv/import/376/Fac_376_00337266.LC | 20 lignes formatées | 0 lignes en erreurs | 20 lignes crées | 0 lignes mises à jour | 0 lignes supprimées | 2026-04-08 12:27:18,194 fichier present: (['Fac_354_00337244.LC', 'Fac_354_00337297.LC', 'Fac_354_00337296.LC'] - delivery) dans /srv/import/354/ | 2026-04-08 12:27:18,196 18 lignes lu dans le fichier /srv/import/354/Fac_354_00337244.LC | 2026-04-08 12:27:18,196 lancement intégration: (1382b3b8-5e18-444b-8dc7-4ebbd3e3b471) | 2026-04-08 12:27:18,203 fichier present: (['Fac_372_00337260.LC', 'Fac_372_00337262.LC', 'Fac_372_00337259.LC', 'Fac_372_00237278.LC', 'Fac_372_00237279.LC', 'Fac_372_00337261.LC', 'Fac_372_00337301.LC', 'Fac_372_00237331.LC'] - delivery) dans /srv/import/372/ | 2026-04-08 12:27:18,207 2 lignes lu dans le fichier /srv/import/372/Fac_372_00237278.LC | 2026-04-08 12:27:18,207 lancement intégration: (3d185507-dd17-4b6d-94c1-57b3a1d9eb37) | 2026-04-08 12:27:18,213 fichier present: (['Fac_376_00337298.LC', 'Fac_376_00337267.LC'] - delivery) dans /srv/import/376/ | 2026-04-08 12:27:18,216 17 lignes lu dans le fichier /srv/import/376/Fac_376_00337267.LC | 2026-04-08 12:27:18,216 lancement intégration: (cbbc5378-765c-4568-93c8-fbb223cdb9bb) | 2026-04-08 12:27:18,325 {'product': [ErrorDetail(string=""MINI LACTES FRAISE 6X55G BLEDINA n'est pas fourni par le fournisseur FOURNISSEUR CENTRALE"", code='invalid')]} - [L100234851MINI LACTES FRAISE 6X55G BLEDINA   00000176830000100000016000000000020000000208844000002325000 3041091222015 00000000000001768300041747] | 2026-04-08 12:27:18,329 fin intégration: (3d185507-dd17-4b6d-94c1-57b3a1d9eb37) | fichier: /srv/import/372/Fac_372_00237278.LC | 2 lignes formatées | 1 lignes en erreurs | 1 lignes crées | 0 lignes mises à jour | 0 lignes supprimées";372;CASH IVOIRE U MAROC
pos18;POS 18;2026-04-09T18:57:06.973160+00:00;359022d8-6432-41fb-860c-99a6b6239261;2026-04-08T12:26:18.216348;2026-04-08T12:26:18.831513;30;import de données;delivery;livraison;2;succès;interne;Import livraison: | fin intégration: (359022d8-6432-41fb-860c-99a6b6239261) | fichier: /srv/import/376/Fac_376_00337266.LC | 20 lignes formatées | 0 lignes en erreurs | 20 lignes crées | 0 lignes mises à jour | 0 lignes supprimées;376;CASH IVOIRE U SICOGI ANGRE
pos18;POS 18;2026-04-09T18:57:06.973160+00:00;14f58897-99e1-46a4-9eb8-fcb3bce3137b;2026-04-08T12:26:18.205977;2026-04-08T12:26:18.370352;30;import de données;delivery;livraison;0;erreur;interne;"Extrait du rapport d'import: | 0 lignes mises à jour | 0 lignes supprimées | 2026-04-08 12:26:18,187 fichier present: (['Fac_354_00337244.LC', 'Fac_354_00337297.LC', 'Fac_354_00337296.LC', 'Fac_354_00337243.LC'] - delivery) dans /srv/import/354/ | 2026-04-08 12:26:18,189 2 lignes lu dans le fichier /srv/import/354/Fac_354_00337243.LC | 2026-04-08 12:26:18,189 lancement intégration: (b229e93e-14d6-4edd-9e1c-70bd13adaf1e) | 2026-04-08 12:26:18,203 fichier present: (['Fac_372_00337260.LC', 'Fac_372_00237277.LC', 'Fac_372_00337262.LC', 'Fac_372_00337259.LC', 'Fac_372_00237278.LC', 'Fac_372_00237279.LC', 'Fac_372_00337261.LC', 'Fac_372_00337301.LC', 'Fac_372_00237331.LC'] - delivery) dans /srv/import/372/ | 2026-04-08 12:26:18,205 3 lignes lu dans le fichier /srv/import/372/Fac_372_00237277.LC | 2026-04-08 12:26:18,205 lancement intégration: (14f58897-99e1-46a4-9eb8-fcb3bce3137b) | 2026-04-08 12:26:18,214 fichier present: (['Fac_376_00337298.LC', 'Fac_376_00337267.LC', 'Fac_376_00337266.LC'] - delivery) dans /srv/import/376/ | 2026-04-08 12:26:18,215 20 lignes lu dans le fichier /srv/import/376/Fac_376_00337266.LC | 2026-04-08 12:26:18,215 lancement intégration: (359022d8-6432-41fb-860c-99a6b6239261) | 2026-04-08 12:26:18,317 {'product': [ErrorDetail(string=""SAC NON TISSE 35X42(5X2) U n'est pas fourni par le fournisseur FOURNISSEUR CENTRALE"", code='invalid')]} - [L100547290SAC NON TISSE 35X42(5X2) U         00000176820000100005000000000000050000000005664000000060000 6180000000416 00000000000001768200041731] | 2026-04-08 12:26:18,318 fin intégration: (b229e93e-14d6-4edd-9e1c-70bd13adaf1e) | fichier: /srv/import/354/Fac_354_00337243.LC | 2 lignes formatées | 0 lignes en erreurs | 2 lignes crées | 0 lignes mises à jour | 0 lignes supprimées | 2026-04-08 12:26:18,336 {'product': [ErrorDetail(string=""SAC NON TISSE BC 35X42(5X2) A ANSE n'est pas fourni par le fournisseur FOURNISSEUR CENTRALE"", code='invalid')]} - [L100700061SAC NON TISSE BC 35X42(5X2) A ANSE 00000176820000200001250000000000050000000011328000000125000 6186000346455 00000000000001768200041731] | 2026-04-08 12:26:18,340 fin intégration: (14f58897-99e1-46a4-9eb8-fcb3bce3137b) | fichier: /srv/import/372/Fac_372_00237277.LC | 3 lignes formatées | 2 lignes en erreurs | 1 lignes crées | 0 lignes mises à jour | 0 lignes supprimées";372;CASH IVOIRE U MAROC
pos18;POS 18;2026-04-09T18:57:06.973160+00:00;b229e93e-14d6-4edd-9e1c-70bd13adaf1e;2026-04-08T12:26:18.190522;2026-04-08T12:26:18.321391;30;import de données;delivery;livraison;2;succès;interne;Import livraison: | fin intégration: (b229e93e-14d6-4edd-9e1c-70bd13adaf1e) | fichier: /srv/import/354/Fac_354_00337243.LC | 2 lignes formatées | 0 lignes en erreurs | 2 lignes crées | 0 lignes mises à jour | 0 lignes supprimées;354;CASH IVOIRE U TOITS ROUGES
pos18;POS 18;2026-04-09T18:57:06.973160+00:00;acd59b79-d25a-4874-88b9-4b6033d6953a;2026-04-08T12:25:18.203796;2026-04-08T12:25:18.848796;30;import de données;delivery;livraison;0;erreur;interne;"Extrait du rapport d'import: | 2026-04-08 12:25:18,450 {'product': [ErrorDetail(string=""LESS PDRE A LAVER 80G NIL n'est pas fourni par le fournisseur FOURNISSEUR CENTRALE"", code='invalid')]} - [L100245794LESS PDRE A LAVER 80G NIL          00000176800001000000100000000000010000000007911300000090000 6186000820993 00000000000001768000041734] | 2026-04-08 12:25:18,468 {'product': [ErrorDetail(string=""LESS PDRE 850G BEKO n'est pas fourni par le fournisseur FOURNISSEUR CENTRALE"", code='invalid')]} - [L100267883LESS PDRE 850G BEKO                00000176800001100000012000000000010000000061360000000700000 6186000106226 00000000000001768000041734] | 2026-04-08 12:25:18,486 {'product': [ErrorDetail(string=""LESS PDRE ARIEL 1KG n'est pas fourni par le fournisseur FOURNISSEUR CENTRALE"", code='invalid')]} - [L100305877LESS PDRE ARIEL 1KG                00000176800001200000012000000000010000000248390000003100000 5410076189571 00000000000001768000041734] | 2026-04-08 12:25:18,504 {'product': [ErrorDetail(string=""SAV MARSEIL 375GMAGICO n'est pas fourni par le fournisseur FOURNISSEUR CENTRALE"", code='invalid')]} - [L100356606SAV MARSEIL 375GMAGICO             00000176800001300000024000000000010000000037878000000425000 6186000195657 00000000000001768000041734] | 2026-04-08 12:25:18,520 {'product': [ErrorDetail(string=""DESINF ANTISEPTIQUE 50CL CLEANOL n'est pas fourni par le fournisseur FOURNISSEUR CENTRALE"", code='invalid')]} - [L100408062DESINF ANTISEPTIQUE 50CL CLEANOL   00000176800001400000012000000000010000000077762000000990000 6186000269006 00000000000001768000041734] | 2026-04-08 12:25:18,536 {'product': [ErrorDetail(string=""CARRE VAISS COLORE X5 U n'est pas fourni par le fournisseur FOURNISSEUR CENTRALE"", code='invalid')]} - [L100463484CARRE VAISS COLORE X5 U            00000176800001500000020000000000010000000101126000001500000 3256221384123 00000000000001768000041734] | 2026-04-08 12:25:18,552 {'product': [ErrorDetail(string=""EPONG VEGET GRAT VERTE X4 PXM n'est pas fourni par le fournisseur FOURNISSEUR CENTRALE"", code='invalid')]} - [L100463488EPONG VEGET GRAT VERTE X4 PXM      00000176800001600000024000000000010000000064192000000850000 3660992017126 00000000000001768000041734] | 2026-04-08 12:25:18,570 {'product': [ErrorDetail(string=""DESO GEL FLR BLCHE 1X150G PXM n'est pas fourni par le fournisseur FOURNISSEUR CENTRALE"", code='invalid')]} - [L100465009DESO GEL FLR BLCHE 1X150G PXM      00000176800001700000012000000000010000000067142000001000000 3660992024452 00000000000001768000041734] | 2026-04-08 12:25:18,587 {'product': [ErrorDetail(string=""SAV MENAG 400G MAYA n'est pas fourni par le fournisseur FOURNISSEUR CENTRALE"", code='invalid')]} - [L100517654SAV MENAG 400G MAYA                00000176800001800000024000000000010000000036344000000425000 6186000195183 00000000000001768000041734] | 2026-04-08 12:25:18,604 {'product': [ErrorDetail(string=""SAV MARSEIL 250GMAGICO n'est pas fourni par le fournisseur FOURNISSEUR CENTRALE"", code='invalid')]} - [L100528693SAV MARSEIL 250GMAGICO             00000176800001900000080000000000020000000022656000000250000 6186000195336 00000000000001768000041734] | 2026-04-08 12:25:18,620 {'product': [ErrorDetail(string=""SAV MENAG CITR 250G MAGICO n'est pas fourni par le fournisseur FOURNISSEUR CENTRALE"", code='invalid')]} - [L100538868SAV MENAG CITR 250G MAGICO         00000176800002000000040000000000010000000022066000000275000 6186000195398 00000000000001768000041734] | 2026-04-08 12:25:18,637 {'product': [ErrorDetail(string=""SAV N�2 LAVEND 220G BF n'est pas fourni par le fournisseur FOURNISSEUR CENTRALE"", code='invalid')]} - [L100601193SAV N�2 LAVEND 220G BF             00000176800002100000064000000000020000000043660000000500000 6181001995817 00000000000001768000041734] | 2026-04-08 12:25:18,654 {'product': [ErrorDetail(string=""SAV N�4 BAR 260G BF n'est pas fourni par le fournisseur FOURNISSEUR CENTRALE"", code='invalid')]} - [L100601195SAV N�4 BAR 260G BF                00000176800002200000036000000000010000000048262000000550000 6181001995770 00000000000001768000041734] | 2026-04-08 12:25:18,672 {'product': [ErrorDetail(string=""SAV N�8 BAR 520G BF n'est pas fourni par le fournisseur FOURNISSEUR CENTRALE"", code='invalid')]} - [L100601196SAV N�8 BAR 520G BF                00000176800002300000024000000000010000000082836000000950000 6181001995756 00000000000001768000041734] | 2026-04-08 12:25:18,689 {'product': [ErrorDetail(string=""LESS PDRE ROUGE 400G ARC n'est pas fourni par le fournisseur FOURNISSEUR CENTRALE"", code='invalid')]} - [L100637227LESS PDRE ROUGE 400G ARC           00000176800002400000012000000000010000000031742000000450000 6186000015474 00000000000001768000041734] | 2026-04-08 12:25:18,709 {'product': [ErrorDetail(string=""DETACH SPRAY TEXT 25CL NIL n'est pas fourni par le fournisseur FOURNISSEUR CENTRALE"", code='invalid')]} - [L100673311DETACH SPRAY TEXT 25CL NIL         00000176800002500000012000000000010000000113634000001500000 6186000820467 00000000000001768000041734] | 2026-04-08 12:25:18,726 {'product': [ErrorDetail(string=""SAV MENAG MOJITO 250G BELAIR n'est pas fourni par le fournisseur FOURNISSEUR CENTRALE"", code='invalid')]} - [L100690304SAV MENAG MOJITO 250G BELAIR       00000176800002600000040000000000010000000021712000000250000 6181100691634 00000000000001768000041734] | 2026-04-08 12:25:18,743 {'product': [ErrorDetail(string=""SAV MENAG 375G FLASH n'est pas fourni par le fournisseur FOURNISSEUR CENTRALE"", code='invalid')]} - [L100695974SAV MENAG 375G FLASH               00000176800002700000024000000000010000000033394000000400000 6186000317028 00000000000001768000041734] | 2026-04-08 12:25:18,761 {'product': [ErrorDetail(string=""SAV MENAG CIT 240G FLASH n'est pas fourni par le fournisseur FOURNISSEUR CENTRALE"", code='invalid')]} - [L100695975SAV MENAG CIT 240G FLASH           00000176800002800000040000000000010000000017818000000225000 6186000317981 00000000000001768000041734] | 2026-04-08 12:25:18,781 {'product': [ErrorDetail(string=""SAV MENAG CIT 368G FLASH n'est pas fourni par le fournisseur FOURNISSEUR CENTRALE"", code='invalid')]} - [L100695976SAV MENAG CIT 368G FLASH           00000176800002900000024000000000010000000030562000000375000 6186000317998 00000000000001768000041734] | 2026-04-08 12:25:18,800 {'product': [ErrorDetail(string=""SAV MENAG 370G MIFA n'est pas fourni par le fournisseur FOURNISSEUR CENTRALE"", code='invalid')]} - [L100697930SAV MENAG 370G MIFA                00000176800003000000024000000000010000000032922000000375000 6181100226225 00000000000001768000041734] | 2026-04-08 12:25:18,818 {'product': [ErrorDetail(string=""EAU JAVEL 8� DOYPK 1L CLEAN EXTRA n'est pas fourni par le fournisseur FOURNISSEUR CENTRALE"", code='invalid')]} - [L100716627EAU JAVEL 8� DOYPK 1L CLEAN EXTRA  00000176800003100000012000000000010000000035282000000425000 6186000129799 00000000000001768000041734] | 2026-04-08 12:25:18,821 fin intégration: (acd59b79-d25a-4874-88b9-4b6033d6953a) | fichier: /srv/import/372/Fac_372_00237276.LC | 32 lignes formatées | 31 lignes en erreurs | 1 lignes crées | 0 lignes mises à jour | 0 lignes supprimées";372;CASH IVOIRE U MAROC
pos18;POS 18;2026-04-09T18:57:06.973160+00:00;c50aff0b-8b08-46bb-9352-16ae7786d01d;2026-04-08T12:25:18.213433;2026-04-08T12:25:18.382007;30;import de données;delivery;livraison;0;erreur;interne;"Extrait du rapport d'import: | 2026-04-08 12:25:18,199 fichier present: (['Fac_372_00337260.LC', 'Fac_372_00237277.LC', 'Fac_372_00337262.LC', 'Fac_372_00337259.LC', 'Fac_372_00237278.LC', 'Fac_372_00237279.LC', 'Fac_372_00337261.LC', 'Fac_372_00237276.LC', 'Fac_372_00337301.LC', 'Fac_372_00237331.LC'] - delivery) dans /srv/import/372/ | 2026-04-08 12:25:18,203 32 lignes lu dans le fichier /srv/import/372/Fac_372_00237276.LC | 2026-04-08 12:25:18,203 lancement intégration: (acd59b79-d25a-4874-88b9-4b6033d6953a) | 2026-04-08 12:25:18,209 fichier present: (['Fac_376_00337298.LC', 'Fac_376_00337267.LC', 'Fac_376_00337265.LC', 'Fac_376_00337266.LC'] - delivery) dans /srv/import/376/ | 2026-04-08 12:25:18,212 5 lignes lu dans le fichier /srv/import/376/Fac_376_00337265.LC | 2026-04-08 12:25:18,212 lancement intégration: (c50aff0b-8b08-46bb-9352-16ae7786d01d) | 2026-04-08 12:25:18,289 {'product': [ErrorDetail(string=""VQR 8P 112G BEL n'est pas fourni par le fournisseur FOURNISSEUR CENTRALE"", code='invalid')]} - [L043001042VQR 8P 112G BEL                    00000434130000100000036000000000010000000066080000000800000 3073781194197 00000000000004341300036202] | 2026-04-08 12:25:18,294 {'product': [ErrorDetail(string=""JAVEL SUPER CLEAN 12� 1L n'est pas fourni par le fournisseur FOURNISSEUR CENTRALE"", code='invalid')]} - [L100044336JAVEL SUPER CLEAN 12� 1L           00000176800000100000012000000000010000000060298000000680000 6186000015146 00000000000001768000041734] | 2026-04-08 12:25:18,308 {'product': [ErrorDetail(string=""V Q R 24P  336G (BEL) n'est pas fourni par le fournisseur FOURNISSEUR CENTRALE"", code='invalid')]} - [L043001045V Q R 24P  336G (BEL)              00000434130000200000012000000000010000000190806000002300000 3073781194234 00000000000004341300036202] | 2026-04-08 12:25:18,312 {'product': [ErrorDetail(string=""JAVEL SUPER CLEAN 8� 1L n'est pas fourni par le fournisseur FOURNISSEUR CENTRALE"", code='invalid')]} - [L100044345JAVEL SUPER CLEAN 8� 1L            00000176800000200000012000000000010000000057348000000590000 6186000015177 00000000000001768000041734] | 2026-04-08 12:25:18,329 {'product': [ErrorDetail(string=""LIQ VAISS CITR 90CL SUPER n'est pas fourni par le fournisseur FOURNISSEUR CENTRALE"", code='invalid')]} - [L100047762LIQ VAISS CITR 90CL SUPER          00000176800000300000012000000000010000000082482000001000000 6186000015269 00000000000001768000041734] | 2026-04-08 12:25:18,345 {'product': [ErrorDetail(string=""SAV LIQ CITR 1L BLEU SUP CLEAN n'est pas fourni par le fournisseur FOURNISSEUR CENTRALE"", code='invalid')]} - [L100047841SAV LIQ CITR 1L BLEU SUP CLEAN     00000176800000400000012000000000010000000073986000000875000 6186000015320 00000000000001768000041734] | 2026-04-08 12:25:18,362 fin intégration: (c50aff0b-8b08-46bb-9352-16ae7786d01d) | fichier: /srv/import/376/Fac_376_00337265.LC | 5 lignes formatées | 2 lignes en erreurs | 3 lignes crées | 0 lignes mises à jour | 0 lignes supprimées | 2026-04-08 12:25:18,363 {'product': [ErrorDetail(string=""LESS PDRE 20G NIL n'est pas fourni par le fournisseur FOURNISSEUR CENTRALE"", code='invalid')]} - [L100062409LESS PDRE 20G NIL                  00000176800000500000240000000000010000000002124000000025000 6186000015467 00000000000001768000041734] | 2026-04-08 12:25:18,376 fin intégration: (cd6635bd-fada-473d-9225-f9c4b06915a2) | fichier: /srv/import/354/Fac_354_00337242.LC | 5 lignes formatées | 0 lignes en erreurs | 5 lignes crées | 0 lignes mises à jour | 0 lignes supprimées | 2026-04-08 12:25:18,379 {'product': [ErrorDetail(string=""LESS PDRE ST NIL 180G n'est pas fourni par le fournisseur FOURNISSEUR CENTRALE"", code='invalid')]} - [L100085517LESS PDRE ST NIL 180G              00000176800000600000024000000000240000000025960000000290000 6186000820382 00000000000001768000041734]";376;CASH IVOIRE U SICOGI ANGRE
pos18;POS 18;2026-04-09T18:57:06.973160+00:00;cd6635bd-fada-473d-9225-f9c4b06915a2;2026-04-08T12:25:18.190921;2026-04-08T12:25:18.377929;30;import de données;delivery;livraison;2;succès;interne;Import livraison: | fin intégration: (cd6635bd-fada-473d-9225-f9c4b06915a2) | fichier: /srv/import/354/Fac_354_00337242.LC | 5 lignes formatées | 0 lignes en erreurs | 5 lignes crées | 0 lignes mises à jour | 0 lignes supprimées;354;CASH IVOIRE U TOITS ROUGES
pos18;POS 18;2026-04-09T18:57:06.973160+00:00;a67503e9-b135-4d82-bd78-a7016fa62fb3;2026-04-08T12:24:18.187013;2026-04-08T12:24:18.369758;30;import de données;delivery;livraison;0;erreur;interne;"Extrait du rapport d'import: | 2026-04-08 12:24:18,197 fichier present: (['Fac_376_00337298.LC', 'Fac_376_00337267.LC', 'Fac_376_00337265.LC', 'Fac_376_00337266.LC', 'Fac_376_00337264.LC'] - delivery) dans /srv/import/376/ | 2026-04-08 12:24:18,198 3 lignes lu dans le fichier /srv/import/376/Fac_376_00337264.LC | 2026-04-08 12:24:18,199 lancement intégration: (6fa61a71-1093-46e1-9b3d-8065466a38c7) | 2026-04-08 12:24:18,298 {'product': [ErrorDetail(string=""CROQ CHN PETTY 4KG VINCENT n'est pas fourni par le fournisseur FOURNISSEUR CENTRALE"", code='invalid')]} - [L100407119CROQ CHN PETTY 4KG VINCENT         00000176780000100000003000000000030000000772310000009650000 8068080789644 00000000000001767800041746] | 2026-04-08 12:24:18,315 {'product': [ErrorDetail(string=""BOUL SCE CHN BF 1200G U n'est pas fourni par le fournisseur FOURNISSEUR CENTRALE"", code='invalid')]} - [L100460406BOUL SCE CHN BF 1200G U            00000176780000200000012000000000010000000201426000002850000 3256221661057 00000000000001767800041745] | 2026-04-08 12:24:18,317 fin intégration: (662919f0-f5a7-4ab1-9ce0-7bc0a5e45d59) | fichier: /srv/import/354/Fac_354_00337241.LC | 3 lignes formatées | 0 lignes en erreurs | 3 lignes crées | 0 lignes mises à jour | 0 lignes supprimées | 2026-04-08 12:24:18,336 {'product': [ErrorDetail(string=""BOUL SCE CHT POULET 400G PXM n'est pas fourni par le fournisseur FOURNISSEUR CENTRALE"", code='invalid')]} - [L100464965BOUL SCE CHT POULET 400G PXM       00000176780000300000024000000000010000000066906000000800000 3660992012381 00000000000001767800041745] | 2026-04-08 12:24:18,340 fin intégration: (a67503e9-b135-4d82-bd78-a7016fa62fb3) | fichier: /srv/import/372/Fac_372_00237275.LC | 4 lignes formatées | 3 lignes en erreurs | 1 lignes crées | 0 lignes mises à jour | 0 lignes supprimées | 2026-04-08 12:24:18,345 fin intégration: (6fa61a71-1093-46e1-9b3d-8065466a38c7) | fichier: /srv/import/376/Fac_376_00337264.LC | 3 lignes formatées | 0 lignes en erreurs | 3 lignes crées | 0 lignes mises à jour | 0 lignes supprimées";372;CASH IVOIRE U MAROC
pos18;POS 18;2026-04-09T18:57:06.973160+00:00;6fa61a71-1093-46e1-9b3d-8065466a38c7;2026-04-08T12:24:18.199745;2026-04-08T12:24:18.347236;30;import de données;delivery;livraison;2;succès;interne;Import livraison: | fin intégration: (6fa61a71-1093-46e1-9b3d-8065466a38c7) | fichier: /srv/import/376/Fac_376_00337264.LC | 3 lignes formatées | 0 lignes en erreurs | 3 lignes crées | 0 lignes mises à jour | 0 lignes supprimées;376;CASH IVOIRE U SICOGI ANGRE
pos18;POS 18;2026-04-09T18:57:06.973160+00:00;662919f0-f5a7-4ab1-9ce0-7bc0a5e45d59;2026-04-08T12:24:18.175523;2026-04-08T12:24:18.319414;30;import de données;delivery;livraison;2;succès;interne;Import livraison: | fin intégration: (662919f0-f5a7-4ab1-9ce0-7bc0a5e45d59) | fichier: /srv/import/354/Fac_354_00337241.LC | 3 lignes formatées | 0 lignes en erreurs | 3 lignes crées | 0 lignes mises à jour | 0 lignes supprimées;354;CASH IVOIRE U TOITS ROUGES
pos18;POS 18;2026-04-09T18:57:06.973160+00:00;1998d87f-fa0d-4a9b-949c-d7fc2c1e3d3b;2026-04-08T12:23:18.200947;2026-04-08T12:23:19.037102;30;import de données;delivery;livraison;0;erreur;interne;"Extrait du rapport d'import: | 2026-04-08 12:23:18,589 {'product': [ErrorDetail(string=""BONB TAGADA 30G HARIBO n'est pas fourni par le fournisseur FOURNISSEUR CENTRALE"", code='invalid')]} - [L100160809BONB TAGADA 30G HARIBO             00000176760001500000030000000000010000000044958000000575000 3103220064986 00000000000001767600041744] | 2026-04-08 12:23:18,606 {'product': [ErrorDetail(string=""BISC GALET 130G ST MICHEL n'est pas fourni par le fournisseur FOURNISSEUR CENTRALE"", code='invalid')]} - [L100215463BISC GALET 130G ST MICHEL          00000176760001600000018000000000010000000107144000001350000 3023470001015 00000000000001767600041744] | 2026-04-08 12:23:18,625 {'product': [ErrorDetail(string=""BONB CROCOPIK 120G HARIBO n'est pas fourni par le fournisseur FOURNISSEUR CENTRALE"", code='invalid')]} - [L100248108BONB CROCOPIK 120G HARIBO          00000176760001700000030000000000010000000112926000001500000 3103220033791 00000000000001767600041744] | 2026-04-08 12:23:18,643 {'product': [ErrorDetail(string=""CHOC TABLETTE NOIR 82% 100G CEMOI n'est pas fourni par le fournisseur FOURNISSEUR CENTRALE"", code='invalid')]} - [L100345501CHOC TABLETTE NOIR 82% 100G CEMOI  00000176760001800000017000000000010000000204966000002650000 3173281446595 00000000000001767600041744] | 2026-04-08 12:23:18,662 {'product': [ErrorDetail(string=""CHOC TABLET NOIR 50% 100G CHOCOFUN n'est pas fourni par le fournisseur FOURNISSEUR CENTRALE"", code='invalid')]} - [L100433193CHOC TABLET NOIR 50% 100G CHOCOFUN 00000176760001900000030000000000010000000073160000000975000 6186000316953 00000000000001767600041744] | 2026-04-08 12:23:18,683 {'product': [ErrorDetail(string=""PATE TART 18G CHOCOCFUN n'est pas fourni par le fournisseur FOURNISSEUR CENTRALE"", code='invalid')]} - [L100436163PATE TART 18G CHOCOCFUN            00000176760002000000144000000000010000000005428000000075000 6186000316403 00000000000001767600041744] | 2026-04-08 12:23:18,701 {'product': [ErrorDetail(string=""CHOC LAIT VRAC 35G TOBLERONE n'est pas fourni par le fournisseur FOURNISSEUR CENTRALE"", code='invalid')]} - [L100455730CHOC LAIT VRAC 35G TOBLERONE       00000176760002100000024000000000010000000073042000000925000 0000076145759 00000000000001767600041744] | 2026-04-08 12:23:18,720 {'product': [ErrorDetail(string=""BISC GALET BRET BEUR 125GX2 U n'est pas fourni par le fournisseur FOURNISSEUR CENTRALE"", code='invalid')]} - [L100460852BISC GALET BRET BEUR 125GX2 U      00000176760002200000012000000000010000000206736000002800000 3256220031080 00000000000001767600041744] | 2026-04-08 12:23:18,739 {'product': [ErrorDetail(string=""BISC SABLE CHOCO NR 200G U n'est pas fourni par le fournisseur FOURNISSEUR CENTRALE"", code='invalid')]} - [L100461194BISC SABLE CHOCO NR 200G U         00000176760002300000016000000000010000000160126000002150000 3256229802155 00000000000001767600041744] | 2026-04-08 12:23:18,759 {'product': [ErrorDetail(string=""PDRE 100% CACAO BTE 350G TAFI SA n'est pas fourni par le fournisseur FOURNISSEUR CENTRALE"", code='invalid')]} - [L100494433PDRE 100% CACAO BTE 350G TAFI SA   00000176760002400000012000000000010000000318246000003800000 6186000092192 00000000000001767600041744] | 2026-04-08 12:23:18,780 {'product': [ErrorDetail(string=""PATE  TART CHOC 250G AYA n'est pas fourni par le fournisseur FOURNISSEUR CENTRALE"", code='invalid')]} - [L100553595PATE  TART CHOC 250G AYA           00000176760002500000060000000000050000000061478000000700000 6186000195152 00000000000001767600041756] | 2026-04-08 12:23:18,801 {'product': [ErrorDetail(string=""FARINE SCHT 500G DOUCINE n'est pas fourni par le fournisseur FOURNISSEUR CENTRALE"", code='invalid')]} - [L100594358FARINE SCHT 500G DOUCINE           00000176760002600000048000000000020000000029100000000325000 6188000003307 00000000000001767600041744] | 2026-04-08 12:23:18,820 {'product': [ErrorDetail(string=""BOISS INST BTE 300G NESQUIK n'est pas fourni par le fournisseur FOURNISSEUR CENTRALE"", code='invalid')]} - [L100618585BOISS INST BTE 300G NESQUIK        00000176760002700000015000000000010000000228448000002500000 8445290133403 00000000000001767600041744] | 2026-04-08 12:23:18,838 {'product': [ErrorDetail(string=""BONB COLA BTLES FIZZ 90G FINI n'est pas fourni par le fournisseur FOURNISSEUR CENTRALE"", code='invalid')]} - [L100662488BONB COLA BTLES FIZZ 90G FINI      00000176760002800000012000000000010000000072334000000975000 8410525116766 00000000000001767600041744] | 2026-04-08 12:23:18,857 {'product': [ErrorDetail(string=""BONB BISOUS FRAISE 90G FINI n'est pas fourni par le fournisseur FOURNISSEUR CENTRALE"", code='invalid')]} - [L100662497BONB BISOUS FRAISE 90G FINI        00000176760002900000012000000000010000000072334000000975000 8410525116704 00000000000001767600041744] | 2026-04-08 12:23:18,879 {'product': [ErrorDetail(string=""BONB TAPIS MAGIQUES 90G FINI n'est pas fourni par le fournisseur FOURNISSEUR CENTRALE"", code='invalid')]} - [L100662500BONB TAPIS MAGIQUES 90G FINI       00000176760003000000012000000000010000000072334000000975000 8410525121500 00000000000001767600041744] | 2026-04-08 12:23:18,900 {'product': [ErrorDetail(string=""BONB ROSES&BLEUES BTLES 90G FINI n'est pas fourni par le fournisseur FOURNISSEUR CENTRALE"", code='invalid')]} - [L100662501BONB ROSES&BLEUES BTLES 90G FINI   00000176760003100000012000000000010000000072334000000975000 8410525241314 00000000000001767600041744] | 2026-04-08 12:23:18,921 {'product': [ErrorDetail(string=""BONB FRAISE SAUVAGE 90G FINI n'est pas fourni par le fournisseur FOURNISSEUR CENTRALE"", code='invalid')]} - [L100662503BONB FRAISE SAUVAGE 90G FINI       00000176760003200000012000000000010000000072334000000975000 8410525119019 00000000000001767600041744] | 2026-04-08 12:23:18,941 {'product': [ErrorDetail(string=""BONB COEUR PECHE 90G FINI n'est pas fourni par le fournisseur FOURNISSEUR CENTRALE"", code='invalid')]} - [L100662505BONB COEUR PECHE 90G FINI          00000176760003300000012000000000010000000072334000000975000 8410525247354 00000000000001767600041744] | 2026-04-08 12:23:18,961 {'product': [ErrorDetail(string=""BONB TRANCH PASTEQUE 90G FINI n'est pas fourni par le fournisseur FOURNISSEUR CENTRALE"", code='invalid')]} - [L100662507BONB TRANCH PASTEQUE 90G FINI      00000176760003400000012000000000010000000072334000000975000 8410525178085 00000000000001767600041744] | 2026-04-08 12:23:18,982 {'product': [ErrorDetail(string=""BONB OURS 90G FINI n'est pas fourni par le fournisseur FOURNISSEUR CENTRALE"", code='invalid')]} - [L100662509BONB OURS 90G FINI                 00000176760003500000012000000000010000000072334000000975000 8410525116728 00000000000001767600041744] | 2026-04-08 12:23:19,005 {'product': [ErrorDetail(string=""PATE TART CHOC SCHT 48ML/50ML AYA n'est pas fourni par le fournisseur FOURNISSEUR CENTRALE"", code='invalid')]} - [L100666877PATE TART CHOC SCHT 48ML/50ML AYA  00000176760003600000180000000000030000000008378000000100000 6186000678211 00000000000001767600041756] | 2026-04-08 12:23:19,009 fin intégration: (1998d87f-fa0d-4a9b-949c-d7fc2c1e3d3b) | fichier: /srv/import/372/Fac_372_00237274.LC | 37 lignes formatées | 36 lignes en erreurs | 1 lignes crées | 0 lignes mises à jour | 0 lignes supprimées";372;CASH IVOIRE U MAROC
pos18;POS 18;2026-04-09T18:57:06.973160+00:00;5047ef9e-3f20-464b-9861-d0899503057f;2026-04-08T12:23:18.183041;2026-04-08T12:23:18.376115;30;import de données;delivery;livraison;2;succès;interne;Import livraison: | fin intégration: (5047ef9e-3f20-464b-9861-d0899503057f) | fichier: /srv/import/354/Fac_354_00337240.LC | 4 lignes formatées | 0 lignes en erreurs | 4 lignes crées | 0 lignes mises à jour | 0 lignes supprimées;354;CASH IVOIRE U TOITS ROUGES
pos18;POS 18;2026-04-09T18:57:06.973160+00:00;7d34485d-7091-4fc9-a2ab-6a04db8c1df4;2026-04-08T12:23:18.212670;2026-04-08T12:23:18.373587;30;import de données;delivery;livraison;2;succès;interne;Import livraison: | fin intégration: (7d34485d-7091-4fc9-a2ab-6a04db8c1df4) | fichier: /srv/import/376/Fac_376_00337263.LC | 3 lignes formatées | 0 lignes en erreurs | 3 lignes crées | 0 lignes mises à jour | 0 lignes supprimées;376;CASH IVOIRE U SICOGI ANGRE
pos18;POS 18;2026-04-09T18:57:06.973160+00:00;7dfd5226-564f-454a-80fc-7c6bc609a2d7;2026-04-08T12:22:18.206616;2026-04-08T12:22:18.782954;30;import de données;delivery;livraison;0;erreur;interne;"Extrait du rapport d'import: | 2026-04-08 12:22:18,534 {'product': [ErrorDetail(string=""LG OIGNON HOLLANDE PETIT VRAC n'est pas fourni par le fournisseur FOURNISSEUR CENTRALE"", code='invalid')]} - [L100666284LG OIGNON HOLLANDE PETIT VRAC      00000435710001400000025000000000010000000038900000000450000 2809624000001 00000000000004357102554193] | 2026-04-08 12:22:18,537 fin intégration: (afb868f0-3f06-45e9-8b1c-da9636949353) | fichier: /srv/import/368/Fac_368_00337258.LC | 15 lignes formatées | 14 lignes en erreurs | 1 lignes crées | 0 lignes mises à jour | 0 lignes supprimées | 2026-04-08 12:22:18,538 {'product': [ErrorDetail(string=""MARG POT 500G AYA n'est pas fourni par le fournisseur FOURNISSEUR CENTRALE"", code='invalid')]} - [L100498923MARG POT 500G AYA                  00000176740001300000060000000000050000000075166000000925000 6186000195435 00000000000001767400041756] | 2026-04-08 12:22:18,555 {'product': [ErrorDetail(string=""CHIPS ORIGINAL 165G PRINGLES KT n'est pas fourni par le fournisseur FOURNISSEUR CENTRALE"", code='invalid')]} - [L100515463CHIPS ORIGINAL 165G PRINGLES KT    00000176740001400000019000000000010000000167796000002200000 5053990127726 00000000000001767400041746] | 2026-04-08 12:22:18,574 {'product': [ErrorDetail(string=""LAIT PDRE NIDO 15G NESTLE n'est pas fourni par le fournisseur FOURNISSEUR CENTRALE"", code='invalid')]} - [L100615414LAIT PDRE NIDO 15G NESTLE          00000176740001500000240000000000020000000008720000000100000 6181002002972 00000000000001767400041744] | 2026-04-08 12:22:18,596 {'product': [ErrorDetail(string=""LAIT SCHT BLEU 360G LAITY n'est pas fourni par le fournisseur FOURNISSEUR CENTRALE"", code='invalid')]} - [L100626495LAIT SCHT BLEU 360G LAITY          00000176740001600000012000000000020000000156851000001850000 6181100572193 00000000000001767400041744] | 2026-04-08 12:22:18,613 {'product': [ErrorDetail(string=""LAIT NS DEMI ECREME 0,50L LAITY n'est pas fourni par le fournisseur FOURNISSEUR CENTRALE"", code='invalid')]} - [L100654758LAIT NS DEMI ECREME 0,50L LAITY    00000176740001700000012000000000010000000046216000000575000 6181100572124 00000000000001767400041744] | 2026-04-08 12:22:18,633 {'product': [ErrorDetail(string=""LAIT NS STERILISE ECREME 0,5L LAITY n'est pas fourni par le fournisseur FOURNISSEUR CENTRALE"", code='invalid')]} - [L100655986LAIT NS STERILISE ECREME 0,5L LAITY00000176740001800000012000000000010000000043818000000700000 6181004000600 00000000000001767400041744] | 2026-04-08 12:22:18,654 {'product': [ErrorDetail(string=""LAIT NS STERILISE ENTIER 0,5L LAITY n'est pas fourni par le fournisseur FOURNISSEUR CENTRALE"", code='invalid')]} - [L100655994LAIT NS STERILISE ENTIER 0,5L LAITY00000176740001900000012000000000010000000050467000000625000 6181004000563 00000000000001767400041744] | 2026-04-08 12:22:18,673 {'product': [ErrorDetail(string=""SUCRE GRANULE ROUX 230G P.TATIE n'est pas fourni par le fournisseur FOURNISSEUR CENTRALE"", code='invalid')]} - [L100665862SUCRE GRANULE ROUX 230G P.TATIE    00000176740002000000060000000000010000000023364000000250000 6181100340341 00000000000001767400041744] | 2026-04-08 12:22:18,690 {'product': [ErrorDetail(string=""CHIPS SEL MER SCHT 40G HUNTERS n'est pas fourni par le fournisseur FOURNISSEUR CENTRALE"", code='invalid')]} - [L100672539CHIPS SEL MER SCHT 40G HUNTERS     00000176740002100000024000000000010000000040828000000550000 0733603091778 00000000000001767400041746] | 2026-04-08 12:22:18,706 {'product': [ErrorDetail(string=""CHIPS HOT CHILLI PEPPER SCHT 40G HU n'est pas fourni par le fournisseur FOURNISSEUR CENTRALE"", code='invalid')]} - [L100672540CHIPS HOT CHILLI PEPPER SCHT 40G HU00000176740002200000024000000000010000000040828000000550000 0733603091785 00000000000001767400041746] | 2026-04-08 12:22:18,723 {'product': [ErrorDetail(string=""LAIT PDRE VEG DELICE SCHT15G BONNET n'est pas fourni par le fournisseur FOURNISSEUR CENTRALE"", code='invalid')]} - [L100716395LAIT PDRE VEG DELICE SCHT15G BONNET00000176740002300000120000000000010000000008393000000100000 6186001015053 00000000000001767400041744] | 2026-04-08 12:22:18,743 {'product': [ErrorDetail(string=""LAIT C S BTE 1KG PEARL n'est pas fourni par le fournisseur FOURNISSEUR CENTRALE"", code='invalid')]} - [L100722492LAIT C S BTE 1KG PEARL             00000176740002400000024000000000010000000107147000001200000 9555513213535 00000000000001767400041744] | 2026-04-08 12:22:18,761 {'product': [ErrorDetail(string=""LAIT PDRE PREM SCHT 360G BIBLOS n'est pas fourni par le fournisseur FOURNISSEUR CENTRALE"", code='invalid')]} - [L100728806LAIT PDRE PREM SCHT 360G BIBLOS    00000176740002500000006000000000010000000168841000002000000 6186000346530 00000000000001767400041744] | 2026-04-08 12:22:18,765 fin intégration: (7dfd5226-564f-454a-80fc-7c6bc609a2d7) | fichier: /srv/import/372/Fac_372_00237273.LC | 26 lignes formatées | 25 lignes en erreurs | 1 lignes crées | 0 lignes mises à jour | 0 lignes supprimées";372;CASH IVOIRE U MAROC
pos18;POS 18;2026-04-09T18:57:06.973160+00:00;afb868f0-3f06-45e9-8b1c-da9636949353;2026-04-08T12:22:18.184808;2026-04-08T12:22:18.563478;30;import de données;delivery;livraison;0;erreur;interne;"Extrait du rapport d'import: | 2026-04-08 12:22:18,422 {'product': [ErrorDetail(string=""SUCRE GRANULE SCHT ROUX 1KG SUCRIVO n'est pas fourni par le fournisseur FOURNISSEUR CENTRALE"", code='invalid')]} - [L100394994SUCRE GRANULE SCHT ROUX 1KG SUCRIVO00000176740000700000025000000000010000000077054000000825000 6186000052059 00000000000001767400041744] | 2026-04-08 12:22:18,441 {'product': [ErrorDetail(string=""MARG POT 800G AYA n'est pas fourni par le fournisseur FOURNISSEUR CENTRALE"", code='invalid')]} - [L100450331MARG POT 800G AYA                  00000176740000800000040000000000050000000108914000001300000 6186000195213 00000000000001767400041756] | 2026-04-08 12:22:18,442 {'product': [ErrorDetail(string=""LG CHOUX VERT LOCAL ASP n'est pas fourni par le fournisseur FOURNISSEUR CENTRALE"", code='invalid')]} - [L100050275LG CHOUX VERT LOCAL ASP            00000435710000900000010000000000010000000062000000000690000 2001000502752 00000000000004357102554193] | 2026-04-08 12:22:18,458 {'product': [ErrorDetail(string=""THE VRT CIT X25 SCHT 40G U n'est pas fourni par le fournisseur FOURNISSEUR CENTRALE"", code='invalid')]} - [L100462021THE VRT CIT X25 SCHT 40G U         00000176740000900000010000000000010000000105256000001300000 3256220041881 00000000000001767400041744] | 2026-04-08 12:22:18,460 {'product': [ErrorDetail(string=""FR TROP BANANE PLANTIN VERTE ASP n'est pas fourni par le fournisseur FOURNISSEUR CENTRALE"", code='invalid')]} - [L100075353FR TROP BANANE PLANTIN VERTE ASP   00000435710001000000020000000000020000000033000000000375000 2882497000002 00000000000004357102554193] | 2026-04-08 12:22:18,477 {'product': [ErrorDetail(string=""CEREAL INF MULTICER BTE 350G/300G N n'est pas fourni par le fournisseur FOURNISSEUR CENTRALE"", code='invalid')]} - [L100483648CEREAL INF MULTICER BTE 350G/300G N00000176740001000000016000000000010000000125023000001550000 7891331850456 00000000000001767400041745] | 2026-04-08 12:22:18,478 {'product': [ErrorDetail(string=""FR PEP POMME GOLDEN VRAC 1/2G B n'est pas fourni par le fournisseur FOURNISSEUR CENTRALE"", code='invalid')]} - [L100084074FR PEP POMME GOLDEN VRAC 1/2G B    00000435710001100000018200000000010000000149270000001790000 2882597000001 00000000000004357102554130] | 2026-04-08 12:22:18,494 fin intégration: (12da9cd7-0167-4149-bfcf-52899ab43a5c) | fichier: /srv/import/354/Fac_354_00337239.LC | 8 lignes formatées | 0 lignes en erreurs | 8 lignes crées | 0 lignes mises à jour | 0 lignes supprimées | 2026-04-08 12:22:18,494 {'product': [ErrorDetail(string=""LAIT PDRE ENTIER 360G SCHT BNET RGE n'est pas fourni par le fournisseur FOURNISSEUR CENTRALE"", code='invalid')]} - [L100484629LAIT PDRE ENTIER 360G SCHT BNET RGE00000176740001100000018000000000030000000161320000002000000 6186000208371 00000000000001767400041744] | 2026-04-08 12:22:18,497 {'product': [ErrorDetail(string=""FR PEP POIRE PACKAM VRAC 1/2G BAT n'est pas fourni par le fournisseur FOURNISSEUR CENTRALE"", code='invalid')]} - [L100207445FR PEP POIRE PACKAM VRAC 1/2G BAT  00000435710001200000012500000000010000000135700000001690000 2803654000000 00000000000004357102554130] | 2026-04-08 12:22:18,514 {'product': [ErrorDetail(string=""MARG POT 250G AYA n'est pas fourni par le fournisseur FOURNISSEUR CENTRALE"", code='invalid')]} - [L100498914MARG POT 250G AYA                  00000176740001200000060000000000050000000053100000000650000 6186000195381 00000000000001767400041756] | 2026-04-08 12:22:18,515 {'product': [ErrorDetail(string=""FR PEP POMME PINK LADY VRAC 1/2GROS n'est pas fourni par le fournisseur FOURNISSEUR CENTRALE"", code='invalid')]} - [L100324266FR PEP POMME PINK LADY VRAC 1/2GROS00000435710001300000018200000000010000000183962000002190000 2141003000005 00000000000004357102554130] | 2026-04-08 12:22:18,534 {'product': [ErrorDetail(string=""LG OIGNON HOLLANDE PETIT VRAC n'est pas fourni par le fournisseur FOURNISSEUR CENTRALE"", code='invalid')]} - [L100666284LG OIGNON HOLLANDE PETIT VRAC      00000435710001400000025000000000010000000038900000000450000 2809624000001 00000000000004357102554193] | 2026-04-08 12:22:18,537 fin intégration: (afb868f0-3f06-45e9-8b1c-da9636949353) | fichier: /srv/import/368/Fac_368_00337258.LC | 15 lignes formatées | 14 lignes en erreurs | 1 lignes crées | 0 lignes mises à jour | 0 lignes supprimées | 2026-04-08 12:22:18,538 {'product': [ErrorDetail(string=""MARG POT 500G AYA n'est pas fourni par le fournisseur FOURNISSEUR CENTRALE"", code='invalid')]} - [L100498923MARG POT 500G AYA                  00000176740001300000060000000000050000000075166000000925000 6186000195435 00000000000001767400041756] | 2026-04-08 12:22:18,555 {'product': [ErrorDetail(string=""CHIPS ORIGINAL 165G PRINGLES KT n'est pas fourni par le fournisseur FOURNISSEUR CENTRALE"", code='invalid')]} - [L100515463CHIPS ORIGINAL 165G PRINGLES KT    00000176740001400000019000000000010000000167796000002200000 5053990127726 00000000000001767400041746]";368;CASH IVOIRE U SADIGUIBA
pos18;POS 18;2026-04-09T18:57:06.973160+00:00;12da9cd7-0167-4149-bfcf-52899ab43a5c;2026-04-08T12:22:18.175069;2026-04-08T12:22:18.496753;30;import de données;delivery;livraison;2;succès;interne;Import livraison: | fin intégration: (12da9cd7-0167-4149-bfcf-52899ab43a5c) | fichier: /srv/import/354/Fac_354_00337239.LC | 8 lignes formatées | 0 lignes en erreurs | 8 lignes crées | 0 lignes mises à jour | 0 lignes supprimées;354;CASH IVOIRE U TOITS ROUGES
pos18;POS 18;2026-04-09T18:57:06.973160+00:00;918d1856-1131-4a03-a557-009fcfffcb22;2026-04-08T12:22:18.225126;2026-04-08T12:22:18.370544;30;import de données;delivery;livraison;0;erreur;interne;"Extrait du rapport d'import: | 2026-04-08 12:22:18,172 fichier present: (['Fac_354_00337239.LC', 'Fac_354_00337242.LC', 'Fac_354_00337241.LC', 'Fac_354_00337240.LC', 'Fac_354_00337244.LC', 'Fac_354_00337297.LC', 'Fac_354_00337296.LC', 'Fac_354_00337243.LC'] - delivery) dans /srv/import/354/ | 2026-04-08 12:22:18,174 8 lignes lu dans le fichier /srv/import/354/Fac_354_00337239.LC | 2026-04-08 12:22:18,174 lancement intégration: (12da9cd7-0167-4149-bfcf-52899ab43a5c) | 2026-04-08 12:22:18,182 fichier present: (['Fac_368_00337258.LC'] - delivery) dans /srv/import/368/ | 2026-04-08 12:22:18,184 15 lignes lu dans le fichier /srv/import/368/Fac_368_00337258.LC | 2026-04-08 12:22:18,184 lancement intégration: (afb868f0-3f06-45e9-8b1c-da9636949353) | 2026-04-08 12:22:18,203 fichier present: (['Fac_372_00337260.LC', 'Fac_372_00237277.LC', 'Fac_372_00237273.LC', 'Fac_372_00237274.LC', 'Fac_372_00337262.LC', 'Fac_372_00337259.LC', 'Fac_372_00237278.LC', 'Fac_372_00237275.LC', 'Fac_372_00237279.LC', 'Fac_372_00337261.LC', 'Fac_372_00237276.LC', 'Fac_372_00337301.LC', 'Fac_372_00237331.LC'] - delivery) dans /srv/import/372/ | 2026-04-08 12:22:18,205 26 lignes lu dans le fichier /srv/import/372/Fac_372_00237273.LC | 2026-04-08 12:22:18,205 lancement intégration: (7dfd5226-564f-454a-80fc-7c6bc609a2d7) | 2026-04-08 12:22:18,221 fichier present: (['Fac_376_00337298.LC', 'Fac_376_00337263.LC', 'Fac_376_00337267.LC', 'Fac_376_00337265.LC', 'Fac_376_00337266.LC', 'Fac_376_00337264.LC', 'Fac_376_00237340.LC'] - delivery) dans /srv/import/376/ | 2026-04-08 12:22:18,224 2 lignes lu dans le fichier /srv/import/376/Fac_376_00237340.LC | 2026-04-08 12:22:18,224 lancement intégration: (918d1856-1131-4a03-a557-009fcfffcb22) | 2026-04-08 12:22:18,292 {'product': [ErrorDetail(string=""FR PEP POMME GRANNY VRAC 1/2G BAT n'est pas fourni par le fournisseur FOURNISSEUR CENTRALE"", code='invalid')]} - [L044001307FR PEP POMME GRANNY VRAC 1/2G BAT  00000435710000100000018200000000010000000169094000001990000 2800704000003 00000000000004357102554130] | 2026-04-08 12:22:18,311 {'product': [ErrorDetail(string=""FR AGR ORANGE VRAC BAT n'est pas fourni par le fournisseur FOURNISSEUR CENTRALE"", code='invalid')]} - [L044020301FR AGR ORANGE VRAC BAT             00000435710000200000015500000000010000000036933800000390000 2887779000008 00000000000004357102554130] | 2026-04-08 12:22:18,311 {'product': [ErrorDetail(string=""CERELAC BLE ST 50G NESTLE n'est pas fourni par le fournisseur FOURNISSEUR CENTRALE"", code='invalid')]} - [L025025583CERELAC BLE ST 50G NESTLE          00000176740000100000080000000000010000000028122000000300000 6033000086815 00000000000001767400041745] | 2026-04-08 12:22:18,329 {'product': [ErrorDetail(string=""FR AGR ORANGE VRAC BAT n'est pas fourni par le fournisseur FOURNISSEUR CENTRALE"", code='invalid')]} - [L044020301FR AGR ORANGE VRAC BAT             00000435710000300000001033000000010000000036933800000390000 2887779000008 00000000000004357102554130] | 2026-04-08 12:22:18,330 {'product': [ErrorDetail(string=""PTIT P POM/POIRE 130G BLEDINA n'est pas fourni par le fournisseur FOURNISSEUR CENTRALE"", code='invalid')]} - [L025025730PTIT P POM/POIRE 130G BLEDINA      00000176740000200000012000000000010000000105020000001135000 3041090005541 00000000000001767400041746] | 2026-04-08 12:22:18,343 {'product': [ErrorDetail(string=""PALETTE APAL  80*120 n'est pas fourni par le fournisseur FOURNISSEUR CENTRALE"", code='invalid')]} - [L100514060PALETTE APAL  80*120               00000183440000100000005000000000050000001049138000010490000 2001005140607 00000000000001834403910964] | 2026-04-08 12:22:18,347 {'product': [ErrorDetail(string=""LAIT PDR ENTIER SHT 15G BNET RGE n'est pas fourni par le fournisseur FOURNISSEUR CENTRALE"", code='invalid')]} - [L100083225LAIT PDR ENTIER SHT 15G BNET RGE   00000176740000300000360000000000030000000008502000000100000 6186001015022 00000000000001767400041744] | 2026-04-08 12:22:18,347 fin intégration: (918d1856-1131-4a03-a557-009fcfffcb22) | fichier: /srv/import/376/Fac_376_00237340.LC | 2 lignes formatées | 1 lignes en erreurs | 1 lignes crées | 0 lignes mises à jour | 0 lignes supprimées | 2026-04-08 12:22:18,348 {'product': [ErrorDetail(string=""FR AGR CLEMENTINE VRAC BAT n'est pas fourni par le fournisseur FOURNISSEUR CENTRALE"", code='invalid')]} - [L044021803FR AGR CLEMENTINE VRAC BAT         00000435710000400000030000000000030000000152220000001890000 2887540000008 00000000000004357102554130] | 2026-04-08 12:22:18,365 {'product': [ErrorDetail(string=""PTIT P BANANE 55G X6 BLEDINA n'est pas fourni par le fournisseur FOURNISSEUR CENTRALE"", code='invalid')]} - [L100188267PTIT P BANANE 55G X6 BLEDINA       00000176740000400000016000000000020000000208844000002325000 3041091222022 00000000000001767400041745] | 2026-04-08 12:22:18,367 {'product': [ErrorDetail(string=""FR PEP RAISIN RED GLOBE BAT n'est pas fourni par le fournisseur FOURNISSEUR CENTRALE"", code='invalid')]} - [L044095006FR PEP RAISIN RED GLOBE BAT        00000435710000500000008200000000010000000399194000004990000 2802410000001 00000000000004357102554130]";376;CASH IVOIRE U SICOGI ANGRE
pos18;POS 18;2026-04-09T18:57:06.973160+00:00;531024f9-a9a7-49e5-b689-a34c470dd29e;2026-04-08T12:21:18.197754;2026-04-08T12:21:18.718131;30;import de données;delivery;livraison;0;erreur;interne;"Extrait du rapport d'import: | 3 lignes formatées | 2 lignes en erreurs | 1 lignes crées | 0 lignes mises à jour | 0 lignes supprimées | 2026-04-08 12:21:18,377 {'product': [ErrorDetail(string=""P POIS T F 4/4 SOLEIL n'est pas fourni par le fournisseur FOURNISSEUR CENTRALE"", code='invalid')]} - [L100004070P POIS T F 4/4 SOLEIL              00000176720000500000012000000000010000000222311600002950000 3083680011365 00000000000001767200041745] | 2026-04-08 12:21:18,401 {'product': [ErrorDetail(string=""VINAIGR RGE 6� 90CL AROMATE n'est pas fourni par le fournisseur FOURNISSEUR CENTRALE"", code='invalid')]} - [L100047027VINAIGR RGE 6� 90CL AROMATE        00000176720000600000012000000000010000000054162000000675000 6186000015412 00000000000001767200041745] | 2026-04-08 12:21:18,423 {'product': [ErrorDetail(string=""MOUT DIJON 370G PXM n'est pas fourni par le fournisseur FOURNISSEUR CENTRALE"", code='invalid')]} - [L100056453MOUT DIJON 370G PXM                00000176720000700000006000000000010000000104548000001400000 3660992011759 00000000000001767200041745] | 2026-04-08 12:21:18,441 {'product': [ErrorDetail(string=""LUNCHEON MEAT CHICKEN 400G JF n'est pas fourni par le fournisseur FOURNISSEUR CENTRALE"", code='invalid')]} - [L100188769LUNCHEON MEAT CHICKEN 400G JF      00000176720000800000020000000000010000000086140000001125000 3434350005496 00000000000001767200041745] | 2026-04-08 12:21:18,459 {'product': [ErrorDetail(string=""HUIL VEG 3L DINOR n'est pas fourni par le fournisseur FOURNISSEUR CENTRALE"", code='invalid')]} - [L100291925HUIL VEG 3L DINOR                  00000176720000900000030000000000050000000340312000003775000 6181100222999 00000000000001767200041745] | 2026-04-08 12:21:18,479 {'product': [ErrorDetail(string=""RIZ VIET PARF 22,5KG MAMAN n'est pas fourni par le fournisseur FOURNISSEUR CENTRALE"", code='invalid')]} - [L100361920RIZ VIET PARF 22,5KG MAMAN         00000176720001000000010000000000100000001093600000011900000 6186000182886 00000000000001767200041746] | 2026-04-08 12:21:18,497 {'product': [ErrorDetail(string=""VINAIGR BLC 8� 90CL AROMATE n'est pas fourni par le fournisseur FOURNISSEUR CENTRALE"", code='invalid')]} - [L100438238VINAIGR BLC 8� 90CL AROMATE        00000176720001100000012000000000010000000058528000000750000 6186000106998 00000000000001767200041745] | 2026-04-08 12:21:18,517 {'product': [ErrorDetail(string=""TOM CONC SACHETS 56G ALYSSA n'est pas fourni par le fournisseur FOURNISSEUR CENTRALE"", code='invalid')]} - [L100449529TOM CONC SACHETS 56G ALYSSA        00000176720001200000050000000000010000000007198000000080000 6186000182831 00000000000001767200041746] | 2026-04-08 12:21:18,545 {'product': [ErrorDetail(string=""CORNICH EX F 72CL 360G U n'est pas fourni par le fournisseur FOURNISSEUR CENTRALE"", code='invalid')]} - [L100461664CORNICH EX F 72CL 360G U           00000176720001300000012000000000010000000200010000002500000 3256221411003 00000000000001767200041745] | 2026-04-08 12:21:18,572 {'product': [ErrorDetail(string=""OLIV VTE DENOY BOCAL 37CL 160G U n'est pas fourni par le fournisseur FOURNISSEUR CENTRALE"", code='invalid')]} - [L100461724OLIV VTE DENOY BOCAL 37CL 160G U   00000176720001400000012000000000010000000121540000001500000 3256220112215 00000000000001767200041745] | 2026-04-08 12:21:18,593 {'product': [ErrorDetail(string=""CHAMP EMINC.1ERCHOIX BTE 1/2 230G U n'est pas fourni par le fournisseur FOURNISSEUR CENTRALE"", code='invalid')]} - [L100462423CHAMP EMINC.1ERCHOIX BTE 1/2 230G U00000176720001500000012000000000010000000133576000001650000 3256222115528 00000000000001767200041746] | 2026-04-08 12:21:18,614 {'product': [ErrorDetail(string=""HARICOTS RGE BTE 1/2 250G U n'est pas fourni par le fournisseur FOURNISSEUR CENTRALE"", code='invalid')]} - [L100462596HARICOTS RGE BTE 1/2 250G U        00000176720001600000012000000000010000000079178000001000000 3256225042128 00000000000001767200041746] | 2026-04-08 12:21:18,635 {'product': [ErrorDetail(string=""LENT CAROT BTE 1/2 265G U n'est pas fourni par le fournisseur FOURNISSEUR CENTRALE"", code='invalid')]} - [L100462618LENT CAROT BTE 1/2 265G U          00000176720001700000012000000000010000000076110000001000000 3256225042043 00000000000001767200041746] | 2026-04-08 12:21:18,656 {'product': [ErrorDetail(string=""LENT PREPAREES 4/4 530 GR U n'est pas fourni par le fournisseur FOURNISSEUR CENTRALE"", code='invalid')]} - [L100462621LENT PREPAREES 4/4 530 GR U        00000176720001800000012000000000010000000115994000001450000 3256220194570 00000000000001767200041746] | 2026-04-08 12:21:18,676 {'product': [ErrorDetail(string=""MAIS DOUX GRAINS BTE 1/2 285G U n'est pas fourni par le fournisseur FOURNISSEUR CENTRALE"", code='invalid')]} - [L100462622MAIS DOUX GRAINS BTE 1/2 285G U    00000176720001900000012000000000010000000082482000001100000 3256222114088 00000000000001767200041746] | 2026-04-08 12:21:18,696 {'product': [ErrorDetail(string=""SARD 125G MARIA/ROFFIO/BANYAN/VOMA n'est pas fourni par le fournisseur FOURNISSEUR CENTRALE"", code='invalid')]} - [L100719236SARD 125G MARIA/ROFFIO/BANYAN/VOMA 00000176720002000000100000000000020000000033748000000350000 2001007192369 00000000000001767200041745] | 2026-04-08 12:21:18,700 fin intégration: (531024f9-a9a7-49e5-b689-a34c470dd29e) | fichier: /srv/import/372/Fac_372_00237272.LC | 21 lignes formatées | 20 lignes en erreurs | 1 lignes crées | 0 lignes mises à jour | 0 lignes supprimées";372;CASH IVOIRE U MAROC
pos18;POS 18;2026-04-09T18:57:06.973160+00:00;1d2f5b07-af76-49c5-a759-00aae14e2b4f;2026-04-08T12:21:18.219780;2026-04-08T12:21:18.390692;30;import de données;delivery;livraison;0;erreur;interne;"Extrait du rapport d'import: | fichier: /srv/import/354/Fac_354_00237330.LC | 2 lignes formatées | 0 lignes en erreurs | 2 lignes crées | 0 lignes mises à jour | 0 lignes supprimées | 2026-04-08 12:21:18,300 fin intégration: (ec9eb4e7-cec1-45c2-b861-b1084323a872) | fichier: /srv/import/368/Fac_368_00237337.LC | 2 lignes formatées | 1 lignes en erreurs | 1 lignes crées | 0 lignes mises à jour | 0 lignes supprimées | 2026-04-08 12:21:18,303 {'product': [ErrorDetail(string=""OLIV VTE BOC 37CL 354G CRES M n'est pas fourni par le fournisseur FOURNISSEUR CENTRALE"", code='invalid')]} - [L014014215OLIV VTE BOC 37CL 354G CRES M      00000176720000100000012000000000010000000116230000001500000 3076820006277 00000000000001767200041750] | 2026-04-08 12:21:18,322 {'product': [ErrorDetail(string=""MAYO 710G LESIEUR n'est pas fourni par le fournisseur FOURNISSEUR CENTRALE"", code='invalid')]} - [L014014524MAYO 710G LESIEUR                  00000176720000200000012000000000010000000306092000003800000 3036814537040 00000000000001767200041746] | 2026-04-08 12:21:18,341 {'product': [ErrorDetail(string=""CONC TOM 70G SOLEMIO FANA n'est pas fourni par le fournisseur FOURNISSEUR CENTRALE"", code='invalid')]} - [L014014951CONC TOM 70G SOLEMIO FANA          00000176720000300000100000000000010000000013098000000175000 0000080316237 00000000000001767200041746] | 2026-04-08 12:21:18,344 {'product': [ErrorDetail(string=""PTIT P BANANE 55G X6 BLEDINA n'est pas fourni par le fournisseur FOURNISSEUR CENTRALE"", code='invalid')]} - [L100188267PTIT P BANANE 55G X6 BLEDINA       00000183180000100000008000000000010000000208844000002325000 3041091222022 00000000000001831800036219] | 2026-04-08 12:21:18,359 {'product': [ErrorDetail(string=""CONC TOM BTE 1/2 SOLEMIO/FANA n'est pas fourni par le fournisseur FOURNISSEUR CENTRALE"", code='invalid')]} - [L014014973CONC TOM BTE 1/2 SOLEMIO/FANA      00000176720000400000024000000000010000000086376000001000000 8010966216942 00000000000001767200041746] | 2026-04-08 12:21:18,367 {'product': [ErrorDetail(string=""MINI LACTES FRAISE 6X55G BLEDINA n'est pas fourni par le fournisseur FOURNISSEUR CENTRALE"", code='invalid')]} - [L100234851MINI LACTES FRAISE 6X55G BLEDINA   00000183180000200000008000000000010000000208844000002325000 3041091222015 00000000000001831800036219] | 2026-04-08 12:21:18,370 fin intégration: (1d2f5b07-af76-49c5-a759-00aae14e2b4f) | fichier: /srv/import/376/Fac_376_00237295.LC | 3 lignes formatées | 2 lignes en erreurs | 1 lignes crées | 0 lignes mises à jour | 0 lignes supprimées | 2026-04-08 12:21:18,377 {'product': [ErrorDetail(string=""P POIS T F 4/4 SOLEIL n'est pas fourni par le fournisseur FOURNISSEUR CENTRALE"", code='invalid')]} - [L100004070P POIS T F 4/4 SOLEIL              00000176720000500000012000000000010000000222311600002950000 3083680011365 00000000000001767200041745]";376;CASH IVOIRE U SICOGI ANGRE
pos18;POS 18;2026-04-09T18:57:06.973160+00:00;ec9eb4e7-cec1-45c2-b861-b1084323a872;2026-04-08T12:21:18.183268;2026-04-08T12:21:18.330544;30;import de données;delivery;livraison;0;erreur;interne;"Extrait du rapport d'import: | 2026-04-08 12:21:18,164 2 lignes lu dans le fichier /srv/import/354/Fac_354_00237330.LC | 2026-04-08 12:21:18,164 lancement intégration: (6a242b2d-831c-45ff-be2c-c04ba02ef880) | 2026-04-08 12:21:18,181 fichier present: (['Fac_368_00237337.LC', 'Fac_368_00337258.LC'] - delivery) dans /srv/import/368/ | 2026-04-08 12:21:18,182 2 lignes lu dans le fichier /srv/import/368/Fac_368_00237337.LC | 2026-04-08 12:21:18,182 lancement intégration: (ec9eb4e7-cec1-45c2-b861-b1084323a872) | 2026-04-08 12:21:18,194 fichier present: (['Fac_372_00337260.LC', 'Fac_372_00237277.LC', 'Fac_372_00237273.LC', 'Fac_372_00237274.LC', 'Fac_372_00337262.LC', 'Fac_372_00337259.LC', 'Fac_372_00237278.LC', 'Fac_372_00237275.LC', 'Fac_372_00237279.LC', 'Fac_372_00337261.LC', 'Fac_372_00237276.LC', 'Fac_372_00337301.LC', 'Fac_372_00237272.LC', 'Fac_372_00237331.LC'] - delivery) dans /srv/import/372/ | 2026-04-08 12:21:18,196 21 lignes lu dans le fichier /srv/import/372/Fac_372_00237272.LC | 2026-04-08 12:21:18,196 lancement intégration: (531024f9-a9a7-49e5-b689-a34c470dd29e) | 2026-04-08 12:21:18,214 fichier present: (['Fac_376_00337298.LC', 'Fac_376_00337263.LC', 'Fac_376_00337267.LC', 'Fac_376_00337265.LC', 'Fac_376_00237295.LC', 'Fac_376_00337266.LC', 'Fac_376_00337264.LC', 'Fac_376_00237340.LC'] - delivery) dans /srv/import/376/ | 2026-04-08 12:21:18,218 3 lignes lu dans le fichier /srv/import/376/Fac_376_00237295.LC | 2026-04-08 12:21:18,219 lancement intégration: (1d2f5b07-af76-49c5-a759-00aae14e2b4f) | 2026-04-08 12:21:18,297 {'product': [ErrorDetail(string=""PALETTE APAL  80*120 n'est pas fourni par le fournisseur FOURNISSEUR CENTRALE"", code='invalid')]} - [L100514060PALETTE APAL  80*120               00000183420000100000006000000000060000001049138000010490000 2001005140607 00000000000001834203910961] | 2026-04-08 12:21:18,298 fin intégration: (6a242b2d-831c-45ff-be2c-c04ba02ef880) | fichier: /srv/import/354/Fac_354_00237330.LC | 2 lignes formatées | 0 lignes en erreurs | 2 lignes crées | 0 lignes mises à jour | 0 lignes supprimées | 2026-04-08 12:21:18,300 fin intégration: (ec9eb4e7-cec1-45c2-b861-b1084323a872) | fichier: /srv/import/368/Fac_368_00237337.LC | 2 lignes formatées | 1 lignes en erreurs | 1 lignes crées | 0 lignes mises à jour | 0 lignes supprimées | 2026-04-08 12:21:18,303 {'product': [ErrorDetail(string=""OLIV VTE BOC 37CL 354G CRES M n'est pas fourni par le fournisseur FOURNISSEUR CENTRALE"", code='invalid')]} - [L014014215OLIV VTE BOC 37CL 354G CRES M      00000176720000100000012000000000010000000116230000001500000 3076820006277 00000000000001767200041750] | 2026-04-08 12:21:18,322 {'product': [ErrorDetail(string=""MAYO 710G LESIEUR n'est pas fourni par le fournisseur FOURNISSEUR CENTRALE"", code='invalid')]} - [L014014524MAYO 710G LESIEUR                  00000176720000200000012000000000010000000306092000003800000 3036814537040 00000000000001767200041746]";368;CASH IVOIRE U SADIGUIBA
pos18;POS 18;2026-04-09T18:57:06.973160+00:00;6a242b2d-831c-45ff-be2c-c04ba02ef880;2026-04-08T12:21:18.165112;2026-04-08T12:21:18.300864;30;import de données;delivery;livraison;2;succès;interne;Import livraison: | fin intégration: (6a242b2d-831c-45ff-be2c-c04ba02ef880) | fichier: /srv/import/354/Fac_354_00237330.LC | 2 lignes formatées | 0 lignes en erreurs | 2 lignes crées | 0 lignes mises à jour | 0 lignes supprimées;354;CASH IVOIRE U TOITS ROUGES
pos18;POS 18;2026-04-09T18:57:06.973160+00:00;d72bd14e-1468-431e-b716-fa985a17c575;2026-04-08T12:20:18.216601;2026-04-08T12:20:19.692513;30;import de données;delivery;livraison;2;succès;interne;Import livraison: | fin intégration: (d72bd14e-1468-431e-b716-fa985a17c575) | fichier: /srv/import/376/Fac_376_00237294.LC | 10 lignes formatées | 0 lignes en erreurs | 10 lignes crées | 0 lignes mises à jour | 0 lignes supprimées;376;CASH IVOIRE U SICOGI ANGRE
pos18;POS 18;2026-04-09T18:57:06.973160+00:00;89cec5ed-9722-419d-b1eb-956c1fd2527e;2026-04-08T12:20:18.159311;2026-04-08T12:20:19.164656;30;import de données;delivery;livraison;2;succès;interne;Import livraison: | fin intégration: (89cec5ed-9722-419d-b1eb-956c1fd2527e) | fichier: /srv/import/354/Fac_354_00237261.LC | 35 lignes formatées | 0 lignes en erreurs | 35 lignes crées | 0 lignes mises à jour | 0 lignes supprimées;354;CASH IVOIRE U TOITS ROUGES
pos18;POS 18;2026-04-09T18:57:06.973160+00:00;4fe0f230-0e53-476a-be61-a4ba4a459e47;2026-04-08T12:20:18.171515;2026-04-08T12:20:18.534248;30;import de données;delivery;livraison;0;erreur;interne;"Extrait du rapport d'import: | 0 lignes supprimées | 2026-04-08 12:20:18,297 {'product': [ErrorDetail(string=""FR PEP KIWI PIECE BAT n'est pas fourni par le fournisseur FOURNISSEUR CENTRALE"", code='invalid')]} - [L044012101FR PEP KIWI PIECE BAT              00000435690000200000039000000000010000000039176000000490000 2000440121011 00000000000004356902554130] | 2026-04-08 12:20:18,308 {'product': [ErrorDetail(string=""PALETTE APAL  80*120 n'est pas fourni par le fournisseur FOURNISSEUR CENTRALE"", code='invalid')]} - [L100514060PALETTE APAL  80*120               00000174920000100000008000000000080000001049138000010490000 2001005140607 00000000000001749203910976] | 2026-04-08 12:20:18,311 fin intégration: (91c329c6-4bfb-4b39-98d5-afe31ec6a922) | fichier: /srv/import/372/Fac_372_00216217.LC | 2 lignes formatées | 1 lignes en erreurs | 1 lignes crées | 0 lignes mises à jour | 0 lignes supprimées | 2026-04-08 12:20:18,322 {'product': [ErrorDetail(string=""FR AGR CLEMENTINE VRAC BAT n'est pas fourni par le fournisseur FOURNISSEUR CENTRALE"", code='invalid')]} - [L044021803FR AGR CLEMENTINE VRAC BAT         00000435690000300000020000000000020000000152220000001890000 2887540000008 00000000000004356902554130] | 2026-04-08 12:20:18,347 {'product': [ErrorDetail(string=""FR PEP RAISIN RED GLOBE BAT n'est pas fourni par le fournisseur FOURNISSEUR CENTRALE"", code='invalid')]} - [L044095006FR PEP RAISIN RED GLOBE BAT        00000435690000400000008200000000040000000399194000004990000 2802410000001 00000000000004356902554130] | 2026-04-08 12:20:18,369 {'product': [ErrorDetail(string=""LG CAROTTE SHT 1KG BAT n'est pas fourni par le fournisseur FOURNISSEUR CENTRALE"", code='invalid')]} - [L045054105LG CAROTTE SHT 1KG BAT             00000435690000500000020000000000020000000065000000000790000 3000028024504 00000000000004356902554130] | 2026-04-08 12:20:18,390 {'product': [ErrorDetail(string=""LG PDT FILET 5KGS BAT n'est pas fourni par le fournisseur FOURNISSEUR CENTRALE"", code='invalid')]} - [L045073401LG PDT FILET 5KGS BAT              00000435690000600000040000000000400000000156000000001950000 2000450734010 00000000000004356902554130] | 2026-04-08 12:20:18,409 {'product': [ErrorDetail(string=""LG SEC THYM-LAURIER  SAC 20G X20  B n'est pas fourni par le fournisseur FOURNISSEUR CENTRALE"", code='invalid')]} - [L100000039LG SEC THYM-LAURIER  SAC 20G X20  B00000435690000700000020000000000010000000103000000001290000 3760202650454 00000000000004356902554130] | 2026-04-08 12:20:18,428 {'product': [ErrorDetail(string=""FR TROP BANANE PLANTIN VERTE ASP n'est pas fourni par le fournisseur FOURNISSEUR CENTRALE"", code='invalid')]} - [L100075353FR TROP BANANE PLANTIN VERTE ASP   00000435690000800000060000000000060000000033000000000375000 2882497000002 00000000000004356902554193] | 2026-04-08 12:20:18,446 {'product': [ErrorDetail(string=""FR PEP POMME GOLDEN VRAC 1/2G B n'est pas fourni par le fournisseur FOURNISSEUR CENTRALE"", code='invalid')]} - [L100084074FR PEP POMME GOLDEN VRAC 1/2G B    00000435690000900000018200000000010000000149270000001790000 2882597000001 00000000000004356902554130] | 2026-04-08 12:20:18,468 {'product': [ErrorDetail(string=""FR PEP POIRE PACKAM VRAC 1/2G BAT n'est pas fourni par le fournisseur FOURNISSEUR CENTRALE"", code='invalid')]} - [L100207445FR PEP POIRE PACKAM VRAC 1/2G BAT  00000435690001000000012500000000010000000135700000001690000 2803654000000 00000000000004356902554130] | 2026-04-08 12:20:18,486 {'product': [ErrorDetail(string=""FR PEP POMME PINK LADY VRAC 1/2GROS n'est pas fourni par le fournisseur FOURNISSEUR CENTRALE"", code='invalid')]} - [L100324266FR PEP POMME PINK LADY VRAC 1/2GROS00000435690001100000018200000000010000000183962000002190000 2141003000005 00000000000004356902554130] | 2026-04-08 12:20:18,504 {'product': [ErrorDetail(string=""LG OIGNON HOLLANDE PETIT VRAC n'est pas fourni par le fournisseur FOURNISSEUR CENTRALE"", code='invalid')]} - [L100666284LG OIGNON HOLLANDE PETIT VRAC      00000435690001200000025000000000010000000038900000000450000 2809624000001 00000000000004356902554193] | 2026-04-08 12:20:18,508 fin intégration: (4fe0f230-0e53-476a-be61-a4ba4a459e47) | fichier: /srv/import/357/Fac_357_00337252.LC | 13 lignes formatées | 12 lignes en erreurs | 1 lignes crées | 0 lignes mises à jour | 0 lignes supprimées";357;CASH IVOIRE U REMBLAIS
pos18;POS 18;2026-04-09T18:57:06.973160+00:00;91c329c6-4bfb-4b39-98d5-afe31ec6a922;2026-04-08T12:20:18.204117;2026-04-08T12:20:18.331548;30;import de données;delivery;livraison;0;erreur;interne;"Extrait du rapport d'import: | 2026-04-08 12:20:18,179 fichier present: (['Fac_368_00237271.LC', 'Fac_368_00237337.LC', 'Fac_368_00337258.LC'] - delivery) dans /srv/import/368/ | 2026-04-08 12:20:18,187 2 lignes lu dans le fichier /srv/import/368/Fac_368_00237271.LC | 2026-04-08 12:20:18,187 lancement intégration: (e7976e5b-323b-4e7f-bf35-a19cd0d16e28) | 2026-04-08 12:20:18,197 fichier present: (['Fac_372_00337260.LC', 'Fac_372_00237277.LC', 'Fac_372_00237273.LC', 'Fac_372_00237274.LC', 'Fac_372_00337262.LC', 'Fac_372_00337259.LC', 'Fac_372_00237278.LC', 'Fac_372_00237275.LC', 'Fac_372_00237279.LC', 'Fac_372_00216217.LC', 'Fac_372_00337261.LC', 'Fac_372_00237276.LC', 'Fac_372_00337301.LC', 'Fac_372_00237272.LC', 'Fac_372_00237331.LC'] - delivery) dans /srv/import/372/ | 2026-04-08 12:20:18,203 2 lignes lu dans le fichier /srv/import/372/Fac_372_00216217.LC | 2026-04-08 12:20:18,203 lancement intégration: (91c329c6-4bfb-4b39-98d5-afe31ec6a922) | 2026-04-08 12:20:18,211 fichier present: (['Fac_376_00337298.LC', 'Fac_376_00337263.LC', 'Fac_376_00337267.LC', 'Fac_376_00337265.LC', 'Fac_376_00237295.LC', 'Fac_376_00237294.LC', 'Fac_376_00337266.LC', 'Fac_376_00337264.LC', 'Fac_376_00237340.LC'] - delivery) dans /srv/import/376/ | 2026-04-08 12:20:18,215 10 lignes lu dans le fichier /srv/import/376/Fac_376_00237294.LC | 2026-04-08 12:20:18,215 lancement intégration: (d72bd14e-1468-431e-b716-fa985a17c575) | 2026-04-08 12:20:18,277 {'product': [ErrorDetail(string=""FR PEP POMME GRANNY VRAC 1/2G BAT n'est pas fourni par le fournisseur FOURNISSEUR CENTRALE"", code='invalid')]} - [L044001307FR PEP POMME GRANNY VRAC 1/2G BAT  00000435690000100000018200000000010000000169094000001990000 2800704000003 00000000000004356902554130] | 2026-04-08 12:20:18,292 {'product': [ErrorDetail(string=""LESS PDRE ST NIL 180G n'est pas fourni par le fournisseur FOURNISSEUR CENTRALE"", code='invalid')]} - [L100085517LESS PDRE ST NIL 180G              00000183290000100000016000000000160000000025960000000290000 6186000820382 00000000000001832903910928] | 2026-04-08 12:20:18,295 fin intégration: (e7976e5b-323b-4e7f-bf35-a19cd0d16e28) | fichier: /srv/import/368/Fac_368_00237271.LC | 2 lignes formatées | 1 lignes en erreurs | 1 lignes crées | 0 lignes mises à jour | 0 lignes supprimées | 2026-04-08 12:20:18,297 {'product': [ErrorDetail(string=""FR PEP KIWI PIECE BAT n'est pas fourni par le fournisseur FOURNISSEUR CENTRALE"", code='invalid')]} - [L044012101FR PEP KIWI PIECE BAT              00000435690000200000039000000000010000000039176000000490000 2000440121011 00000000000004356902554130] | 2026-04-08 12:20:18,308 {'product': [ErrorDetail(string=""PALETTE APAL  80*120 n'est pas fourni par le fournisseur FOURNISSEUR CENTRALE"", code='invalid')]} - [L100514060PALETTE APAL  80*120               00000174920000100000008000000000080000001049138000010490000 2001005140607 00000000000001749203910976] | 2026-04-08 12:20:18,311 fin intégration: (91c329c6-4bfb-4b39-98d5-afe31ec6a922) | fichier: /srv/import/372/Fac_372_00216217.LC | 2 lignes formatées | 1 lignes en erreurs | 1 lignes crées | 0 lignes mises à jour | 0 lignes supprimées | 2026-04-08 12:20:18,322 {'product': [ErrorDetail(string=""FR AGR CLEMENTINE VRAC BAT n'est pas fourni par le fournisseur FOURNISSEUR CENTRALE"", code='invalid')]} - [L044021803FR AGR CLEMENTINE VRAC BAT         00000435690000300000020000000000020000000152220000001890000 2887540000008 00000000000004356902554130]";372;CASH IVOIRE U MAROC
pos18;POS 18;2026-04-09T18:57:06.973160+00:00;e7976e5b-323b-4e7f-bf35-a19cd0d16e28;2026-04-08T12:20:18.188067;2026-04-08T12:20:18.315823;30;import de données;delivery;livraison;0;erreur;interne;"Extrait du rapport d'import: | 2026-04-08 12:20:18,170 lancement intégration: (4fe0f230-0e53-476a-be61-a4ba4a459e47) | 2026-04-08 12:20:18,179 fichier present: (['Fac_368_00237271.LC', 'Fac_368_00237337.LC', 'Fac_368_00337258.LC'] - delivery) dans /srv/import/368/ | 2026-04-08 12:20:18,187 2 lignes lu dans le fichier /srv/import/368/Fac_368_00237271.LC | 2026-04-08 12:20:18,187 lancement intégration: (e7976e5b-323b-4e7f-bf35-a19cd0d16e28) | 2026-04-08 12:20:18,197 fichier present: (['Fac_372_00337260.LC', 'Fac_372_00237277.LC', 'Fac_372_00237273.LC', 'Fac_372_00237274.LC', 'Fac_372_00337262.LC', 'Fac_372_00337259.LC', 'Fac_372_00237278.LC', 'Fac_372_00237275.LC', 'Fac_372_00237279.LC', 'Fac_372_00216217.LC', 'Fac_372_00337261.LC', 'Fac_372_00237276.LC', 'Fac_372_00337301.LC', 'Fac_372_00237272.LC', 'Fac_372_00237331.LC'] - delivery) dans /srv/import/372/ | 2026-04-08 12:20:18,203 2 lignes lu dans le fichier /srv/import/372/Fac_372_00216217.LC | 2026-04-08 12:20:18,203 lancement intégration: (91c329c6-4bfb-4b39-98d5-afe31ec6a922) | 2026-04-08 12:20:18,211 fichier present: (['Fac_376_00337298.LC', 'Fac_376_00337263.LC', 'Fac_376_00337267.LC', 'Fac_376_00337265.LC', 'Fac_376_00237295.LC', 'Fac_376_00237294.LC', 'Fac_376_00337266.LC', 'Fac_376_00337264.LC', 'Fac_376_00237340.LC'] - delivery) dans /srv/import/376/ | 2026-04-08 12:20:18,215 10 lignes lu dans le fichier /srv/import/376/Fac_376_00237294.LC | 2026-04-08 12:20:18,215 lancement intégration: (d72bd14e-1468-431e-b716-fa985a17c575) | 2026-04-08 12:20:18,277 {'product': [ErrorDetail(string=""FR PEP POMME GRANNY VRAC 1/2G BAT n'est pas fourni par le fournisseur FOURNISSEUR CENTRALE"", code='invalid')]} - [L044001307FR PEP POMME GRANNY VRAC 1/2G BAT  00000435690000100000018200000000010000000169094000001990000 2800704000003 00000000000004356902554130] | 2026-04-08 12:20:18,292 {'product': [ErrorDetail(string=""LESS PDRE ST NIL 180G n'est pas fourni par le fournisseur FOURNISSEUR CENTRALE"", code='invalid')]} - [L100085517LESS PDRE ST NIL 180G              00000183290000100000016000000000160000000025960000000290000 6186000820382 00000000000001832903910928] | 2026-04-08 12:20:18,295 fin intégration: (e7976e5b-323b-4e7f-bf35-a19cd0d16e28) | fichier: /srv/import/368/Fac_368_00237271.LC | 2 lignes formatées | 1 lignes en erreurs | 1 lignes crées | 0 lignes mises à jour | 0 lignes supprimées | 2026-04-08 12:20:18,297 {'product': [ErrorDetail(string=""FR PEP KIWI PIECE BAT n'est pas fourni par le fournisseur FOURNISSEUR CENTRALE"", code='invalid')]} - [L044012101FR PEP KIWI PIECE BAT              00000435690000200000039000000000010000000039176000000490000 2000440121011 00000000000004356902554130] | 2026-04-08 12:20:18,308 {'product': [ErrorDetail(string=""PALETTE APAL  80*120 n'est pas fourni par le fournisseur FOURNISSEUR CENTRALE"", code='invalid')]} - [L100514060PALETTE APAL  80*120               00000174920000100000008000000000080000001049138000010490000 2001005140607 00000000000001749203910976] | 2026-04-08 12:20:18,311 fin intégration: (91c329c6-4bfb-4b39-98d5-afe31ec6a922) | fichier: /srv/import/372/Fac_372_00216217.LC | 2 lignes formatées | 1 lignes en erreurs | 1 lignes crées | 0 lignes mises à jour | 0 lignes supprimées";368;CASH IVOIRE U SADIGUIBA
pos18;POS 18;2026-04-09T18:57:06.973160+00:00;4feba891-a68d-42d2-bc7a-4262599327fd;2026-04-08T12:19:18.215114;2026-04-08T12:19:19.942510;30;import de données;delivery;livraison;0;erreur;interne;"Extrait du rapport d'import: | 0 lignes supprimées | 2026-04-08 12:19:18,356 {'product': [ErrorDetail(string=""DL MON GREC FRAISE 125GX6 ELVIR n'est pas fourni par le fournisseur FOURNISSEUR CENTRALE"", code='invalid')]} - [L100644668DL MON GREC FRAISE 125GX6 ELVIR    00000434070000600000006000000000010000000271164000003390000 3451790011856 00000000000004340700034379] | 2026-04-08 12:19:18,360 fin intégration: (b78ec7b4-c1b3-4792-a6e5-8c35289f74b0) | fichier: /srv/import/357/Fac_357_00337251.LC | 7 lignes formatées | 6 lignes en erreurs | 1 lignes crées | 0 lignes mises à jour | 0 lignes supprimées | 2026-04-08 12:19:18,475 fin intégration: (511daf00-df65-4afe-8996-589651b5eb2b) | fichier: /srv/import/354/Fac_354_00237260.LC | 10 lignes formatées | 0 lignes en erreurs | 10 lignes crées | 0 lignes mises à jour | 0 lignes supprimées | 2026-04-08 12:19:19,483 {'product': [ErrorDetail(string=""FARINE PATISSE 1KG T45 GMA n'est pas fourni par le fournisseur FOURNISSEUR CENTRALE"", code='invalid')]} - [L010010051FARINE PATISSE 1KG T45 GMA         00000180760000200000020000000000020000000052200000000625000 6186000040018 00000000000001807600036217] | 2026-04-08 12:19:19,737 {'product': [ErrorDetail(string=""TAB CHOC 200G PATISSIER CHOCOFUN n'est pas fourni par le fournisseur FOURNISSEUR CENTRALE"", code='invalid')]} - [L100436160TAB CHOC 200G PATISSIER CHOCOFUN   00000180760001300000020000000000020000000133812000001700000 6186000316113 00000000000001807600036217] | 2026-04-08 12:19:19,754 {'product': [ErrorDetail(string=""PATES SPAGH 500G PANZANI n'est pas fourni par le fournisseur FOURNISSEUR CENTRALE"", code='invalid')]} - [L100458740PATES SPAGH 500G PANZANI           00000180760001400000040000000000020000000069651000000875000 6181100094909 00000000000001807600036206] | 2026-04-08 12:19:19,925 fin intégration: (4feba891-a68d-42d2-bc7a-4262599327fd) | fichier: /srv/import/376/Fac_376_00237293.LC | 22 lignes formatées | 3 lignes en erreurs | 19 lignes crées | 0 lignes mises à jour | 0 lignes supprimées";376;CASH IVOIRE U SICOGI ANGRE
pos18;POS 18;2026-04-09T18:57:06.973160+00:00;511daf00-df65-4afe-8996-589651b5eb2b;2026-04-08T12:19:18.147138;2026-04-08T12:19:18.477035;30;import de données;delivery;livraison;2;succès;interne;Import livraison: | fin intégration: (511daf00-df65-4afe-8996-589651b5eb2b) | fichier: /srv/import/354/Fac_354_00237260.LC | 10 lignes formatées | 0 lignes en erreurs | 10 lignes crées | 0 lignes mises à jour | 0 lignes supprimées;354;CASH IVOIRE U TOITS ROUGES
pos18;POS 18;2026-04-09T18:57:06.973160+00:00;b78ec7b4-c1b3-4792-a6e5-8c35289f74b0;2026-04-08T12:19:18.159560;2026-04-08T12:19:18.390987;30;import de données;delivery;livraison;0;erreur;interne;"Extrait du rapport d'import: | 2026-04-08 12:19:18,296 {'product': [ErrorDetail(string=""SAC CROISSANT N�3 PQT 1000 n'est pas fourni par le fournisseur FOURNISSEUR CENTRALE"", code='invalid')]} - [L100289883SAC CROISSANT N�3 PQT 1000         00000181540000200000002000000000020000001146016000011460000 3760251120687 00000000000001815400036060] | 2026-04-08 12:19:18,299 fin intégration: (7dcca946-2138-46dc-86e6-72289e6e70f2) | fichier: /srv/import/368/Fac_368_00237270.LC | 3 lignes formatées | 2 lignes en erreurs | 1 lignes crées | 0 lignes mises à jour | 0 lignes supprimées | 2026-04-08 12:19:18,302 {'product': [ErrorDetail(string=""JUS CLEMENTINES 1L PRESS ANDROS n'est pas fourni par le fournisseur FOURNISSEUR CENTRALE"", code='invalid')]} - [L100300400JUS CLEMENTINES 1L PRESS ANDROS    00000434070000300000006000000000010000000287212000003590000 3608580951940 00000000000004340700034379] | 2026-04-08 12:19:18,320 {'product': [ErrorDetail(string=""CREME VEGET CUISINE 20CL GRAN CUCIN n'est pas fourni par le fournisseur FOURNISSEUR CENTRALE"", code='invalid')]} - [L100478753CREME VEGET CUISINE 20CL GRAN CUCIN00000434070000400000024000000000010000000071390000000890000 0000000418900 00000000000004340700034379] | 2026-04-08 12:19:18,337 {'product': [ErrorDetail(string=""DL MON GREC VANILLE 125GX4 ELVIR n'est pas fourni par le fournisseur FOURNISSEUR CENTRALE"", code='invalid')]} - [L100492719DL MON GREC VANILLE 125GX4 ELVIR   00000434070000500000006000000000010000000271164000003390000 3451790011917 00000000000004340700034379] | 2026-04-08 12:19:18,338 {'product': [ErrorDetail(string=""IGP OC ROUGE CLAIR 2023 n'est pas fourni par le fournisseur FOURNISSEUR CENTRALE"", code='invalid')]} - [L100674187IGP OC ROUGE CLAIR 2023            00000174410000100000006000000000010000000299956000003000000 3514123131390 00000000000001744100041737] | 2026-04-08 12:19:18,341 fin intégration: (d3a8a355-4993-4c21-9fce-a049f79cbf8d) | fichier: /srv/import/372/Fac_372_00216150.LC | 2 lignes formatées | 1 lignes en erreurs | 1 lignes crées | 0 lignes mises à jour | 0 lignes supprimées | 2026-04-08 12:19:18,356 {'product': [ErrorDetail(string=""DL MON GREC FRAISE 125GX6 ELVIR n'est pas fourni par le fournisseur FOURNISSEUR CENTRALE"", code='invalid')]} - [L100644668DL MON GREC FRAISE 125GX6 ELVIR    00000434070000600000006000000000010000000271164000003390000 3451790011856 00000000000004340700034379] | 2026-04-08 12:19:18,360 fin intégration: (b78ec7b4-c1b3-4792-a6e5-8c35289f74b0) | fichier: /srv/import/357/Fac_357_00337251.LC | 7 lignes formatées | 6 lignes en erreurs | 1 lignes crées | 0 lignes mises à jour | 0 lignes supprimées";357;CASH IVOIRE U REMBLAIS
pos18;POS 18;2026-04-09T18:57:06.973160+00:00;d3a8a355-4993-4c21-9fce-a049f79cbf8d;2026-04-08T12:19:18.197444;2026-04-08T12:19:18.361746;30;import de données;delivery;livraison;0;erreur;interne;"Extrait du rapport d'import: | 2026-04-08 12:19:18,296 {'product': [ErrorDetail(string=""SAC CROISSANT N�3 PQT 1000 n'est pas fourni par le fournisseur FOURNISSEUR CENTRALE"", code='invalid')]} - [L100289883SAC CROISSANT N�3 PQT 1000         00000181540000200000002000000000020000001146016000011460000 3760251120687 00000000000001815400036060] | 2026-04-08 12:19:18,299 fin intégration: (7dcca946-2138-46dc-86e6-72289e6e70f2) | fichier: /srv/import/368/Fac_368_00237270.LC | 3 lignes formatées | 2 lignes en erreurs | 1 lignes crées | 0 lignes mises à jour | 0 lignes supprimées | 2026-04-08 12:19:18,302 {'product': [ErrorDetail(string=""JUS CLEMENTINES 1L PRESS ANDROS n'est pas fourni par le fournisseur FOURNISSEUR CENTRALE"", code='invalid')]} - [L100300400JUS CLEMENTINES 1L PRESS ANDROS    00000434070000300000006000000000010000000287212000003590000 3608580951940 00000000000004340700034379] | 2026-04-08 12:19:18,320 {'product': [ErrorDetail(string=""CREME VEGET CUISINE 20CL GRAN CUCIN n'est pas fourni par le fournisseur FOURNISSEUR CENTRALE"", code='invalid')]} - [L100478753CREME VEGET CUISINE 20CL GRAN CUCIN00000434070000400000024000000000010000000071390000000890000 0000000418900 00000000000004340700034379] | 2026-04-08 12:19:18,337 {'product': [ErrorDetail(string=""DL MON GREC VANILLE 125GX4 ELVIR n'est pas fourni par le fournisseur FOURNISSEUR CENTRALE"", code='invalid')]} - [L100492719DL MON GREC VANILLE 125GX4 ELVIR   00000434070000500000006000000000010000000271164000003390000 3451790011917 00000000000004340700034379] | 2026-04-08 12:19:18,338 {'product': [ErrorDetail(string=""IGP OC ROUGE CLAIR 2023 n'est pas fourni par le fournisseur FOURNISSEUR CENTRALE"", code='invalid')]} - [L100674187IGP OC ROUGE CLAIR 2023            00000174410000100000006000000000010000000299956000003000000 3514123131390 00000000000001744100041737] | 2026-04-08 12:19:18,341 fin intégration: (d3a8a355-4993-4c21-9fce-a049f79cbf8d) | fichier: /srv/import/372/Fac_372_00216150.LC | 2 lignes formatées | 1 lignes en erreurs | 1 lignes crées | 0 lignes mises à jour | 0 lignes supprimées | 2026-04-08 12:19:18,356 {'product': [ErrorDetail(string=""DL MON GREC FRAISE 125GX6 ELVIR n'est pas fourni par le fournisseur FOURNISSEUR CENTRALE"", code='invalid')]} - [L100644668DL MON GREC FRAISE 125GX6 ELVIR    00000434070000600000006000000000010000000271164000003390000 3451790011856 00000000000004340700034379] | 2026-04-08 12:19:18,360 fin intégration: (b78ec7b4-c1b3-4792-a6e5-8c35289f74b0) | fichier: /srv/import/357/Fac_357_00337251.LC | 7 lignes formatées | 6 lignes en erreurs | 1 lignes crées | 0 lignes mises à jour | 0 lignes supprimées";372;CASH IVOIRE U MAROC
pos18;POS 18;2026-04-09T18:57:06.973160+00:00;7dcca946-2138-46dc-86e6-72289e6e70f2;2026-04-08T12:19:18.179820;2026-04-08T12:19:18.330737;30;import de données;delivery;livraison;0;erreur;interne;"Extrait du rapport d'import: | 2026-04-08 12:19:18,144 fichier present: (['Fac_354_00337239.LC', 'Fac_354_00337242.LC', 'Fac_354_00237261.LC', 'Fac_354_00337241.LC', 'Fac_354_00237330.LC', 'Fac_354_00237260.LC', 'Fac_354_00337240.LC', 'Fac_354_00337244.LC', 'Fac_354_00337297.LC', 'Fac_354_00337296.LC', 'Fac_354_00337243.LC'] - delivery) dans /srv/import/354/ | 2026-04-08 12:19:18,146 10 lignes lu dans le fichier /srv/import/354/Fac_354_00237260.LC | 2026-04-08 12:19:18,146 lancement intégration: (511daf00-df65-4afe-8996-589651b5eb2b) | 2026-04-08 12:19:18,157 fichier present: (['Fac_357_00337251.LC', 'Fac_357_00337252.LC'] - delivery) dans /srv/import/357/ | 2026-04-08 12:19:18,158 7 lignes lu dans le fichier /srv/import/357/Fac_357_00337251.LC | 2026-04-08 12:19:18,158 lancement intégration: (b78ec7b4-c1b3-4792-a6e5-8c35289f74b0) | 2026-04-08 12:19:18,174 fichier present: (['Fac_368_00237270.LC', 'Fac_368_00237271.LC', 'Fac_368_00237337.LC', 'Fac_368_00337258.LC'] - delivery) dans /srv/import/368/ | 2026-04-08 12:19:18,175 3 lignes lu dans le fichier /srv/import/368/Fac_368_00237270.LC | 2026-04-08 12:19:18,179 lancement intégration: (7dcca946-2138-46dc-86e6-72289e6e70f2) | 2026-04-08 12:19:18,192 fichier present: (['Fac_372_00337260.LC', 'Fac_372_00237277.LC', 'Fac_372_00237273.LC', 'Fac_372_00237274.LC', 'Fac_372_00337262.LC', 'Fac_372_00337259.LC', 'Fac_372_00237278.LC', 'Fac_372_00237275.LC', 'Fac_372_00216150.LC', 'Fac_372_00237279.LC', 'Fac_372_00216217.LC', 'Fac_372_00337261.LC', 'Fac_372_00237276.LC', 'Fac_372_00337301.LC', 'Fac_372_00237272.LC', 'Fac_372_00237331.LC'] - delivery) dans /srv/import/372/ | 2026-04-08 12:19:18,196 2 lignes lu dans le fichier /srv/import/372/Fac_372_00216150.LC | 2026-04-08 12:19:18,196 lancement intégration: (d3a8a355-4993-4c21-9fce-a049f79cbf8d) | 2026-04-08 12:19:18,210 fichier present: (['Fac_376_00337298.LC', 'Fac_376_00337263.LC', 'Fac_376_00337267.LC', 'Fac_376_00337265.LC', 'Fac_376_00237295.LC', 'Fac_376_00237294.LC', 'Fac_376_00337266.LC', 'Fac_376_00237293.LC', 'Fac_376_00337264.LC', 'Fac_376_00237340.LC'] - delivery) dans /srv/import/376/ | 2026-04-08 12:19:18,214 22 lignes lu dans le fichier /srv/import/376/Fac_376_00237293.LC | 2026-04-08 12:19:18,214 lancement intégration: (4feba891-a68d-42d2-bc7a-4262599327fd) | 2026-04-08 12:19:18,266 {'product': [ErrorDetail(string=""VQR 8P 112G BEL n'est pas fourni par le fournisseur FOURNISSEUR CENTRALE"", code='invalid')]} - [L043001042VQR 8P 112G BEL                    00000434070000100000036000000000010000000066080000000800000 3073781194197 00000000000004340700034379] | 2026-04-08 12:19:18,276 {'product': [ErrorDetail(string=""SAC PLASTIQUE F&L 4*975SAC CHINE n'est pas fourni par le fournisseur FOURNISSEUR CENTRALE"", code='invalid')]} - [L100247167SAC PLASTIQUE F&L 4*975SAC CHINE   00000181540000100000001000000000010000003442650000034425000 3760251120854 00000000000001815400036060] | 2026-04-08 12:19:18,284 {'product': [ErrorDetail(string=""V Q R 24P  336G (BEL) n'est pas fourni par le fournisseur FOURNISSEUR CENTRALE"", code='invalid')]} - [L043001045V Q R 24P  336G (BEL)              00000434070000200000012000000000010000000190806000002300000 3073781194234 00000000000004340700034379] | 2026-04-08 12:19:18,296 {'product': [ErrorDetail(string=""SAC CROISSANT N�3 PQT 1000 n'est pas fourni par le fournisseur FOURNISSEUR CENTRALE"", code='invalid')]} - [L100289883SAC CROISSANT N�3 PQT 1000         00000181540000200000002000000000020000001146016000011460000 3760251120687 00000000000001815400036060] | 2026-04-08 12:19:18,299 fin intégration: (7dcca946-2138-46dc-86e6-72289e6e70f2) | fichier: /srv/import/368/Fac_368_00237270.LC | 3 lignes formatées | 2 lignes en erreurs | 1 lignes crées | 0 lignes mises à jour | 0 lignes supprimées | 2026-04-08 12:19:18,302 {'product': [ErrorDetail(string=""JUS CLEMENTINES 1L PRESS ANDROS n'est pas fourni par le fournisseur FOURNISSEUR CENTRALE"", code='invalid')]} - [L100300400JUS CLEMENTINES 1L PRESS ANDROS    00000434070000300000006000000000010000000287212000003590000 3608580951940 00000000000004340700034379] | 2026-04-08 12:19:18,320 {'product': [ErrorDetail(string=""CREME VEGET CUISINE 20CL GRAN CUCIN n'est pas fourni par le fournisseur FOURNISSEUR CENTRALE"", code='invalid')]} - [L100478753CREME VEGET CUISINE 20CL GRAN CUCIN00000434070000400000024000000000010000000071390000000890000 0000000418900 00000000000004340700034379]";368;CASH IVOIRE U SADIGUIBA
pos18;POS 18;2026-04-09T18:57:06.973160+00:00;b9b56110-e270-47a5-bcd0-81f1e90b158d;2026-04-08T12:18:18.171853;2026-04-08T12:18:19.893339;30;import de données;delivery;livraison;0;erreur;interne;"Extrait du rapport d'import: | fichier: /srv/import/372/Fac_372_00216149.LC | 3 lignes formatées | 2 lignes en erreurs | 1 lignes crées | 0 lignes mises à jour | 0 lignes supprimées | 2026-04-08 12:18:19,469 {'product': [ErrorDetail(string=""CERELAC BLE 400G NESTLE n'est pas fourni par le fournisseur FOURNISSEUR CENTRALE"", code='invalid')]} - [L025025564CERELAC BLE 400G NESTLE            00000180070000200000012000000000010000000221270000002395000 6033000080189 00000000000001800700036218] | 2026-04-08 12:18:19,490 {'product': [ErrorDetail(string=""CERELAC BLE ST 50G NESTLE n'est pas fourni par le fournisseur FOURNISSEUR CENTRALE"", code='invalid')]} - [L025025583CERELAC BLE ST 50G NESTLE          00000180070000300000080000000000010000000028122000000300000 6033000086815 00000000000001800700036218] | 2026-04-08 12:18:19,508 {'product': [ErrorDetail(string=""CEREAL LACTEE CROISSANCE 250G BLEDI n'est pas fourni par le fournisseur FOURNISSEUR CENTRALE"", code='invalid')]} - [L100062625CEREAL LACTEE CROISSANCE 250G BLEDI00000180070000400000012000000000010000000181594000002000000 3041091245298 00000000000001800700036218] | 2026-04-08 12:18:19,554 {'product': [ErrorDetail(string=""MINI LACTEE ABRICOT 55GX6 BLED n'est pas fourni par le fournisseur FOURNISSEUR CENTRALE"", code='invalid')]} - [L100336918MINI LACTEE ABRICOT 55GX6 BLED     00000180070000600000008000000000010000000278495000003100000 3041091221926 00000000000001800700036206] | 2026-04-08 12:18:19,684 fin intégration: (656780ce-0584-4139-a714-6ffd6642007f) | fichier: /srv/import/354/Fac_354_00237259.LC | 55 lignes formatées | 0 lignes en erreurs | 55 lignes crées | 0 lignes mises à jour | 0 lignes supprimées | 2026-04-08 12:18:19,756 {'product': [ErrorDetail(string=""PTIT BLED L MINI LACTE MANGU 55GX6 n'est pas fourni par le fournisseur FOURNISSEUR CENTRALE"", code='invalid')]} - [L100503158PTIT BLED L MINI LACTE MANGU 55GX6 00000180070001400000016000000000020000000262799000002875000 3041092053441 00000000000001800700036206] | 2026-04-08 12:18:19,797 {'product': [ErrorDetail(string=""INF CAMOMILLE DIGEST 28G JBE n'est pas fourni par le fournisseur FOURNISSEUR CENTRALE"", code='invalid')]} - [L100561172INF CAMOMILLE DIGEST 28G JBE       00000180070001600000012000000000010000000268214000003600000 3478820006095 00000000000001800700036220] | 2026-04-08 12:18:19,872 {'product': [ErrorDetail(string=""LAIT PDRE VEG DELICE SCHT15G BONNET n'est pas fourni par le fournisseur FOURNISSEUR CENTRALE"", code='invalid')]} - [L100716395LAIT PDRE VEG DELICE SCHT15G BONNET00000180070001900000360000000000030000000008393000000100000 6186001015053 00000000000001800700036217] | 2026-04-08 12:18:19,876 fin intégration: (b9b56110-e270-47a5-bcd0-81f1e90b158d) | fichier: /srv/import/376/Fac_376_00237292.LC | 20 lignes formatées | 7 lignes en erreurs | 13 lignes crées | 0 lignes mises à jour | 0 lignes supprimées";376;CASH IVOIRE U SICOGI ANGRE
pos18;POS 18;2026-04-09T18:57:06.973160+00:00;656780ce-0584-4139-a714-6ffd6642007f;2026-04-08T12:18:18.137095;2026-04-08T12:18:19.686252;30;import de données;delivery;livraison;2;succès;interne;Import livraison: | fin intégration: (656780ce-0584-4139-a714-6ffd6642007f) | fichier: /srv/import/354/Fac_354_00237259.LC | 55 lignes formatées | 0 lignes en erreurs | 55 lignes crées | 0 lignes mises à jour | 0 lignes supprimées;354;CASH IVOIRE U TOITS ROUGES
pos18;POS 18;2026-04-09T18:57:06.973160+00:00;7b217166-c53f-48c7-b0ef-a9e64e4d6e0e;2026-04-08T12:18:18.163914;2026-04-08T12:18:18.320443;30;import de données;delivery;livraison;0;erreur;interne;"Extrait du rapport d'import: | 2026-04-08 12:18:18,171 lancement intégration: (b9b56110-e270-47a5-bcd0-81f1e90b158d) | 2026-04-08 12:18:18,233 {'product': [ErrorDetail(string=""CREV CUITE DEC 200G SIDPROM n'est pas fourni par le fournisseur FOURNISSEUR CENTRALE"", code='invalid')]} - [L100167500CREV CUITE DEC 200G SIDPROM        00000431970000100000030000000000300000000359310000004490000 6188000071108 00000000000004319700034380] | 2026-04-08 12:18:18,251 {'product': [ErrorDetail(string=""GL BAT FOLIE DE CHOCO*4 290G U n'est pas fourni par le fournisseur FOURNISSEUR CENTRALE"", code='invalid')]} - [L100475605GL BAT FOLIE DE CHOCO*4 290G U     00000431970000200000006000000000010000000296652000003490000 3256224355007 00000000000004319700034380] | 2026-04-08 12:18:18,254 fin intégration: (0240f07d-e062-4ff1-87f5-beed0c223f76) | fichier: /srv/import/357/Fac_357_00337250.LC | 3 lignes formatées | 2 lignes en erreurs | 1 lignes crées | 0 lignes mises à jour | 0 lignes supprimées | 2026-04-08 12:18:18,263 {'product': [ErrorDetail(string=""SAC NON TISSE BC 35X42(5X2) A ANSE n'est pas fourni par le fournisseur FOURNISSEUR CENTRALE"", code='invalid')]} - [L100700061SAC NON TISSE BC 35X42(5X2) A ANSE 00000181530000100000500000000000020000000011328000000125000 6186000346455 00000000000001815300036059] | 2026-04-08 12:18:18,267 fin intégration: (5fcfe069-35bb-49db-b971-cea6a33365a6) | fichier: /srv/import/368/Fac_368_00237269.LC | 2 lignes formatées | 1 lignes en erreurs | 1 lignes crées | 0 lignes mises à jour | 0 lignes supprimées | 2026-04-08 12:18:18,272 {'product': [ErrorDetail(string=""VDP AUDE CUVEE ST ANNE n'est pas fourni par le fournisseur FOURNISSEUR CENTRALE"", code='invalid')]} - [L100074824VDP AUDE CUVEE ST ANNE             00000174390000100000006000000000010000000316476000003500000 3291890004439 00000000000001743900041738] | 2026-04-08 12:18:18,294 {'product': [ErrorDetail(string=""BDX CH ST MARTIN 2024 n'est pas fourni par le fournisseur FOURNISSEUR CENTRALE"", code='invalid')]} - [L100352331BDX CH ST MARTIN 2024              00000174390000200000006000000000010000000362850000004500000 3500610058745 00000000000001743900041738] | 2026-04-08 12:18:18,298 fin intégration: (7b217166-c53f-48c7-b0ef-a9e64e4d6e0e) | fichier: /srv/import/372/Fac_372_00216149.LC | 3 lignes formatées | 2 lignes en erreurs | 1 lignes crées | 0 lignes mises à jour | 0 lignes supprimées";372;CASH IVOIRE U MAROC
pos18;POS 18;2026-04-09T18:57:06.973160+00:00;5fcfe069-35bb-49db-b971-cea6a33365a6;2026-04-08T12:18:18.155735;2026-04-08T12:18:18.290709;30;import de données;delivery;livraison;0;erreur;interne;"Extrait du rapport d'import: | 2026-04-08 12:18:18,147 lancement intégration: (0240f07d-e062-4ff1-87f5-beed0c223f76) | 2026-04-08 12:18:18,153 fichier present: (['Fac_368_00237270.LC', 'Fac_368_00237271.LC', 'Fac_368_00237337.LC', 'Fac_368_00237269.LC', 'Fac_368_00337258.LC'] - delivery) dans /srv/import/368/ | 2026-04-08 12:18:18,155 2 lignes lu dans le fichier /srv/import/368/Fac_368_00237269.LC | 2026-04-08 12:18:18,155 lancement intégration: (5fcfe069-35bb-49db-b971-cea6a33365a6) | 2026-04-08 12:18:18,161 fichier present: (['Fac_372_00216149.LC', 'Fac_372_00337260.LC', 'Fac_372_00237277.LC', 'Fac_372_00237273.LC', 'Fac_372_00237274.LC', 'Fac_372_00337262.LC', 'Fac_372_00337259.LC', 'Fac_372_00237278.LC', 'Fac_372_00237275.LC', 'Fac_372_00216150.LC', 'Fac_372_00237279.LC', 'Fac_372_00216217.LC', 'Fac_372_00337261.LC', 'Fac_372_00237276.LC', 'Fac_372_00337301.LC', 'Fac_372_00237272.LC', 'Fac_372_00237331.LC'] - delivery) dans /srv/import/372/ | 2026-04-08 12:18:18,163 3 lignes lu dans le fichier /srv/import/372/Fac_372_00216149.LC | 2026-04-08 12:18:18,163 lancement intégration: (7b217166-c53f-48c7-b0ef-a9e64e4d6e0e) | 2026-04-08 12:18:18,169 fichier present: (['Fac_376_00337298.LC', 'Fac_376_00237292.LC', 'Fac_376_00337263.LC', 'Fac_376_00337267.LC', 'Fac_376_00337265.LC', 'Fac_376_00237295.LC', 'Fac_376_00237294.LC', 'Fac_376_00337266.LC', 'Fac_376_00237293.LC', 'Fac_376_00337264.LC', 'Fac_376_00237340.LC'] - delivery) dans /srv/import/376/ | 2026-04-08 12:18:18,171 20 lignes lu dans le fichier /srv/import/376/Fac_376_00237292.LC | 2026-04-08 12:18:18,171 lancement intégration: (b9b56110-e270-47a5-bcd0-81f1e90b158d) | 2026-04-08 12:18:18,233 {'product': [ErrorDetail(string=""CREV CUITE DEC 200G SIDPROM n'est pas fourni par le fournisseur FOURNISSEUR CENTRALE"", code='invalid')]} - [L100167500CREV CUITE DEC 200G SIDPROM        00000431970000100000030000000000300000000359310000004490000 6188000071108 00000000000004319700034380] | 2026-04-08 12:18:18,251 {'product': [ErrorDetail(string=""GL BAT FOLIE DE CHOCO*4 290G U n'est pas fourni par le fournisseur FOURNISSEUR CENTRALE"", code='invalid')]} - [L100475605GL BAT FOLIE DE CHOCO*4 290G U     00000431970000200000006000000000010000000296652000003490000 3256224355007 00000000000004319700034380] | 2026-04-08 12:18:18,254 fin intégration: (0240f07d-e062-4ff1-87f5-beed0c223f76) | fichier: /srv/import/357/Fac_357_00337250.LC | 3 lignes formatées | 2 lignes en erreurs | 1 lignes crées | 0 lignes mises à jour | 0 lignes supprimées | 2026-04-08 12:18:18,263 {'product': [ErrorDetail(string=""SAC NON TISSE BC 35X42(5X2) A ANSE n'est pas fourni par le fournisseur FOURNISSEUR CENTRALE"", code='invalid')]} - [L100700061SAC NON TISSE BC 35X42(5X2) A ANSE 00000181530000100000500000000000020000000011328000000125000 6186000346455 00000000000001815300036059] | 2026-04-08 12:18:18,267 fin intégration: (5fcfe069-35bb-49db-b971-cea6a33365a6) | fichier: /srv/import/368/Fac_368_00237269.LC | 2 lignes formatées | 1 lignes en erreurs | 1 lignes crées | 0 lignes mises à jour | 0 lignes supprimées | 2026-04-08 12:18:18,272 {'product': [ErrorDetail(string=""VDP AUDE CUVEE ST ANNE n'est pas fourni par le fournisseur FOURNISSEUR CENTRALE"", code='invalid')]} - [L100074824VDP AUDE CUVEE ST ANNE             00000174390000100000006000000000010000000316476000003500000 3291890004439 00000000000001743900041738]";368;CASH IVOIRE U SADIGUIBA
pos18;POS 18;2026-04-09T18:57:06.973160+00:00;0240f07d-e062-4ff1-87f5-beed0c223f76;2026-04-08T12:18:18.148084;2026-04-08T12:18:18.287973;30;import de données;delivery;livraison;0;erreur;interne;"Extrait du rapport d'import: | 2026-04-08 12:18:18,147 lancement intégration: (0240f07d-e062-4ff1-87f5-beed0c223f76) | 2026-04-08 12:18:18,153 fichier present: (['Fac_368_00237270.LC', 'Fac_368_00237271.LC', 'Fac_368_00237337.LC', 'Fac_368_00237269.LC', 'Fac_368_00337258.LC'] - delivery) dans /srv/import/368/ | 2026-04-08 12:18:18,155 2 lignes lu dans le fichier /srv/import/368/Fac_368_00237269.LC | 2026-04-08 12:18:18,155 lancement intégration: (5fcfe069-35bb-49db-b971-cea6a33365a6) | 2026-04-08 12:18:18,161 fichier present: (['Fac_372_00216149.LC', 'Fac_372_00337260.LC', 'Fac_372_00237277.LC', 'Fac_372_00237273.LC', 'Fac_372_00237274.LC', 'Fac_372_00337262.LC', 'Fac_372_00337259.LC', 'Fac_372_00237278.LC', 'Fac_372_00237275.LC', 'Fac_372_00216150.LC', 'Fac_372_00237279.LC', 'Fac_372_00216217.LC', 'Fac_372_00337261.LC', 'Fac_372_00237276.LC', 'Fac_372_00337301.LC', 'Fac_372_00237272.LC', 'Fac_372_00237331.LC'] - delivery) dans /srv/import/372/ | 2026-04-08 12:18:18,163 3 lignes lu dans le fichier /srv/import/372/Fac_372_00216149.LC | 2026-04-08 12:18:18,163 lancement intégration: (7b217166-c53f-48c7-b0ef-a9e64e4d6e0e) | 2026-04-08 12:18:18,169 fichier present: (['Fac_376_00337298.LC', 'Fac_376_00237292.LC', 'Fac_376_00337263.LC', 'Fac_376_00337267.LC', 'Fac_376_00337265.LC', 'Fac_376_00237295.LC', 'Fac_376_00237294.LC', 'Fac_376_00337266.LC', 'Fac_376_00237293.LC', 'Fac_376_00337264.LC', 'Fac_376_00237340.LC'] - delivery) dans /srv/import/376/ | 2026-04-08 12:18:18,171 20 lignes lu dans le fichier /srv/import/376/Fac_376_00237292.LC | 2026-04-08 12:18:18,171 lancement intégration: (b9b56110-e270-47a5-bcd0-81f1e90b158d) | 2026-04-08 12:18:18,233 {'product': [ErrorDetail(string=""CREV CUITE DEC 200G SIDPROM n'est pas fourni par le fournisseur FOURNISSEUR CENTRALE"", code='invalid')]} - [L100167500CREV CUITE DEC 200G SIDPROM        00000431970000100000030000000000300000000359310000004490000 6188000071108 00000000000004319700034380] | 2026-04-08 12:18:18,251 {'product': [ErrorDetail(string=""GL BAT FOLIE DE CHOCO*4 290G U n'est pas fourni par le fournisseur FOURNISSEUR CENTRALE"", code='invalid')]} - [L100475605GL BAT FOLIE DE CHOCO*4 290G U     00000431970000200000006000000000010000000296652000003490000 3256224355007 00000000000004319700034380] | 2026-04-08 12:18:18,254 fin intégration: (0240f07d-e062-4ff1-87f5-beed0c223f76) | fichier: /srv/import/357/Fac_357_00337250.LC | 3 lignes formatées | 2 lignes en erreurs | 1 lignes crées | 0 lignes mises à jour | 0 lignes supprimées | 2026-04-08 12:18:18,263 {'product': [ErrorDetail(string=""SAC NON TISSE BC 35X42(5X2) A ANSE n'est pas fourni par le fournisseur FOURNISSEUR CENTRALE"", code='invalid')]} - [L100700061SAC NON TISSE BC 35X42(5X2) A ANSE 00000181530000100000500000000000020000000011328000000125000 6186000346455 00000000000001815300036059] | 2026-04-08 12:18:18,267 fin intégration: (5fcfe069-35bb-49db-b971-cea6a33365a6) | fichier: /srv/import/368/Fac_368_00237269.LC | 2 lignes formatées | 1 lignes en erreurs | 1 lignes crées | 0 lignes mises à jour | 0 lignes supprimées | 2026-04-08 12:18:18,272 {'product': [ErrorDetail(string=""VDP AUDE CUVEE ST ANNE n'est pas fourni par le fournisseur FOURNISSEUR CENTRALE"", code='invalid')]} - [L100074824VDP AUDE CUVEE ST ANNE             00000174390000100000006000000000010000000316476000003500000 3291890004439 00000000000001743900041738]";357;CASH IVOIRE U REMBLAIS
pos18;POS 18;2026-04-09T18:57:06.973160+00:00;3d805d3d-abec-4c89-bcbc-71939e22b8db;2026-04-08T12:17:18.227347;2026-04-08T12:17:20.736822;30;import de données;delivery;livraison;0;erreur;interne;"Extrait du rapport d'import: | 23 lignes formatées | 0 lignes en erreurs | 23 lignes crées | 0 lignes mises à jour | 0 lignes supprimées | 2026-04-08 12:17:19,467 {'product': [ErrorDetail(string=""MAYO 710G LESIEUR n'est pas fourni par le fournisseur FOURNISSEUR CENTRALE"", code='invalid')]} - [L014014524MAYO 710G LESIEUR                  00000179370000100000012000000000010000000306092000003800000 3036814537040 00000000000001793700036206] | 2026-04-08 12:17:19,485 {'product': [ErrorDetail(string=""CONC TOM 70G SOLEMIO FANA n'est pas fourni par le fournisseur FOURNISSEUR CENTRALE"", code='invalid')]} - [L014014951CONC TOM 70G SOLEMIO FANA          00000179370000200000100000000000010000000013098000000175000 0000080316237 00000000000001793700036206] | 2026-04-08 12:17:19,529 {'product': [ErrorDetail(string=""CONF ABRIC 440G MONTY n'est pas fourni par le fournisseur FOURNISSEUR CENTRALE"", code='invalid')]} - [L020020111CONF ABRIC 440G MONTY              00000179380003100000006000000000010000000137942000001700000 3045320519914 00000000000001793800036217] | 2026-04-08 12:17:19,546 {'product': [ErrorDetail(string=""CONF FRAISE 440G MONTY n'est pas fourni par le fournisseur FOURNISSEUR CENTRALE"", code='invalid')]} - [L020020156CONF FRAISE 440G MONTY             00000179380003200000006000000000010000000160598000002100000 3045320519907 00000000000001793800036217] | 2026-04-08 12:17:19,637 {'product': [ErrorDetail(string=""SARD PIMENT 1/4 CLUB BELMA n'est pas fourni par le fournisseur FOURNISSEUR CENTRALE"", code='invalid')]} - [L022022060SARD PIMENT 1/4 CLUB BELMA         00000179380003600000050000000000010000000052746000000600000 6111116000021 00000000000001793800036206] | 2026-04-08 12:17:19,879 {'product': [ErrorDetail(string=""MOUT DIJON AROMATE 255G SIPROC n'est pas fourni par le fournisseur FOURNISSEUR CENTRALE"", code='invalid')]} - [L100188921MOUT DIJON AROMATE 255G SIPROC     00000179370000700000024000000000020000000090978000001150000 6186000820030 00000000000001793700036206] | 2026-04-08 12:17:19,928 {'product': [ErrorDetail(string=""THON MIET HUILE 160G POMPON ROUGE n'est pas fourni par le fournisseur FOURNISSEUR CENTRALE"", code='invalid')]} - [L100278530THON MIET HUILE 160G POMPON ROUGE  00000179380004200000048000000000010000000073514000000950000 6181100370980 00000000000001793800036206] | 2026-04-08 12:17:19,986 {'product': [ErrorDetail(string=""RIZ RIZIERE LG VIET PARF 5KG n'est pas fourni par le fournisseur FOURNISSEUR CENTRALE"", code='invalid')]} - [L100306691RIZ RIZIERE LG VIET PARF 5KG       00000179370000900000025000000000050000000309500000003350000 6186000182954 00000000000001793700036206] | 2026-04-08 12:17:20,003 {'product': [ErrorDetail(string=""RIZ VIET PARF 900G RIZIERE n'est pas fourni par le fournisseur FOURNISSEUR CENTRALE"", code='invalid')]} - [L100317385RIZ VIET PARF 900G RIZIERE         00000179370001000000060000000000030000000052800000000575000 6186000182275 00000000000001793700036206] | 2026-04-08 12:17:20,021 {'product': [ErrorDetail(string=""RIZ VIET PARF 4,5KG RIZIERE n'est pas fourni par le fournisseur FOURNISSEUR CENTRALE"", code='invalid')]} - [L100317387RIZ VIET PARF 4,5KG RIZIERE        00000179370001100000020000000000040000000247400000002650000 6181100571363 00000000000001793700036206] | 2026-04-08 12:17:20,098 {'product': [ErrorDetail(string=""SARD GEN HLE OLI 140G CONNETABLE n'est pas fourni par le fournisseur FOURNISSEUR CENTRALE"", code='invalid')]} - [L100378090SARD GEN HLE OLI 140G CONNETABLE   00000179380004400000024000000000020000000103132000001275000 3263670128017 00000000000001793800036206] | 2026-04-08 12:17:20,241 {'product': [ErrorDetail(string=""VINAIGR BLC 8� 90CL AROMATE n'est pas fourni par le fournisseur FOURNISSEUR CENTRALE"", code='invalid')]} - [L100438238VINAIGR BLC 8� 90CL AROMATE        00000179370001600000012000000000010000000058528000000750000 6186000106998 00000000000001793700036206] | 2026-04-08 12:17:20,261 {'product': [ErrorDetail(string=""VINAIGR BLC 30CL 8� AROMATE n'est pas fourni par le fournisseur FOURNISSEUR CENTRALE"", code='invalid')]} - [L100452182VINAIGR BLC 30CL 8� AROMATE        00000179370001700000012000000000010000000021004000000325000 6186000341009 00000000000001793700036206] | 2026-04-08 12:17:20,604 {'product': [ErrorDetail(string=""KETCH 390G POT AROMATE n'est pas fourni par le fournisseur FOURNISSEUR CENTRALE"", code='invalid')]} - [L100475747KETCH 390G POT AROMATE             00000179380004900000024000000000020000000058174000000800000 6186000341092 00000000000001793800036206] | 2026-04-08 12:17:20,622 {'product': [ErrorDetail(string=""MOUT 45CL/490G AROMATE n'est pas fourni par le fournisseur FOURNISSEUR CENTRALE"", code='invalid')]} - [L100643570MOUT 45CL/490G AROMATE             00000179370002800000006000000000010000000161896000002000000 6186000341788 00000000000001793700036206] | 2026-04-08 12:17:20,638 {'product': [ErrorDetail(string=""MOUT 270G AROMATE n'est pas fourni par le fournisseur FOURNISSEUR CENTRALE"", code='invalid')]} - [L100655500MOUT 270G AROMATE                  00000179370002900000012000000000010000000092040000001100000 6186000341603 00000000000001793700036206] | 2026-04-08 12:17:20,719 fin intégration: (3d805d3d-abec-4c89-bcbc-71939e22b8db) | fichier: /srv/import/376/Fac_376_00237291.LC | 52 lignes formatées | 16 lignes en erreurs | 36 lignes crées | 0 lignes mises à jour | 0 lignes supprimées";376;CASH IVOIRE U SICOGI ANGRE
pos18;POS 18;2026-04-09T18:57:06.973160+00:00;31772367-2fe0-4a20-b355-b233f7f9efac;2026-04-08T12:17:18.139356;2026-04-08T12:17:18.921916;30;import de données;delivery;livraison;2;succès;interne;Import livraison: | fin intégration: (31772367-2fe0-4a20-b355-b233f7f9efac) | fichier: /srv/import/354/Fac_354_00237258.LC | 23 lignes formatées | 0 lignes en erreurs | 23 lignes crées | 0 lignes mises à jour | 0 lignes supprimées;354;CASH IVOIRE U TOITS ROUGES
pos18;POS 18;2026-04-09T18:57:06.973160+00:00;075db309-836e-4731-89fe-738a52849ec6;2026-04-08T12:17:18.172837;2026-04-08T12:17:18.740755;30;import de données;delivery;livraison;0;erreur;interne;"Extrait du rapport d'import: | 2026-04-08 12:17:18,492 {'product': [ErrorDetail(string=""BISC ROUDOR 150G ST MICHEL n'est pas fourni par le fournisseur FOURNISSEUR CENTRALE"", code='invalid')]} - [L100153404BISC ROUDOR 150G ST MICHEL         00000180740000800000018000000000010000000129682000001750000 3023470020016 00000000000001807400036050] | 2026-04-08 12:17:18,511 {'product': [ErrorDetail(string=""PATES SPAGH N�1 .1  200G MAMAN n'est pas fourni par le fournisseur FOURNISSEUR CENTRALE"", code='invalid')]} - [L100207815PATES SPAGH N�1 .1  200G MAMAN     00000180740000900000160000000000040000000019293000000225000 6181100093186 00000000000001807400036056] | 2026-04-08 12:17:18,528 {'product': [ErrorDetail(string=""BISC OREO CACAO 66G n'est pas fourni par le fournisseur FOURNISSEUR CENTRALE"", code='invalid')]} - [L100222839BISC OREO CACAO 66G                00000180740001000000020000000000010000000064192000000900000 0000084100733 00000000000001807400036050] | 2026-04-08 12:17:18,545 {'product': [ErrorDetail(string=""BISC OREO ENROBE CHOC LAIT 246G n'est pas fourni par le fournisseur FOURNISSEUR CENTRALE"", code='invalid')]} - [L100234028BISC OREO ENROBE CHOC LAIT 246G    00000180740001100000010000000000010000000314942000003900000 7622300489434 00000000000001807400036050] | 2026-04-08 12:17:18,563 {'product': [ErrorDetail(string=""BISC BISKREM 40G ULKER n'est pas fourni par le fournisseur FOURNISSEUR CENTRALE"", code='invalid')]} - [L100411849BISC BISKREM 40G ULKER             00000180740001200000144000000000010000000011800000000150000 8690504115229 00000000000001807400036050] | 2026-04-08 12:17:18,574 {'product': [ErrorDetail(string=""EAU MIN BTL 6X1,5L EVIAN n'est pas fourni par le fournisseur FOURNISSEUR CENTRALE"", code='invalid')]} - [L100131385EAU MIN BTL 6X1,5L EVIAN           00000174380000100000004000000000040000000732308000008575000 3068320120263 00000000000001743800041739] | 2026-04-08 12:17:18,577 fin intégration: (4ce1d332-d244-4c86-acb0-d2a8f77844ec) | fichier: /srv/import/372/Fac_372_00216148.LC | 2 lignes formatées | 1 lignes en erreurs | 1 lignes crées | 0 lignes mises à jour | 0 lignes supprimées | 2026-04-08 12:17:18,582 {'product': [ErrorDetail(string=""COUSCOUS MOYEN BTE 1KG TIPIAK n'est pas fourni par le fournisseur FOURNISSEUR CENTRALE"", code='invalid')]} - [L100416831COUSCOUS MOYEN BTE 1KG TIPIAK      00000180740001300000018000000000030000000195054000002700000 3600900022545 00000000000001807400036056] | 2026-04-08 12:17:18,600 {'product': [ErrorDetail(string=""CHOC TABLET LAIT 30% 100G CEMOI n'est pas fourni par le fournisseur FOURNISSEUR CENTRALE"", code='invalid')]} - [L100417617CHOC TABLET LAIT 30% 100G CEMOI    00000180740001400000030000000000010000000118944000001475000 3173282021357 00000000000001807400036050] | 2026-04-08 12:17:18,617 {'product': [ErrorDetail(string=""CHOC TABLET NOIR 50% 100G CHOCOFUN n'est pas fourni par le fournisseur FOURNISSEUR CENTRALE"", code='invalid')]} - [L100433193CHOC TABLET NOIR 50% 100G CHOCOFUN 00000180740001500000030000000000010000000073160000000975000 6186000316953 00000000000001807400036050] | 2026-04-08 12:17:18,636 {'product': [ErrorDetail(string=""BISC BOUDOIRS BTE 175G U n'est pas fourni par le fournisseur FOURNISSEUR CENTRALE"", code='invalid')]} - [L100461165BISC BOUDOIRS BTE 175G U           00000180740001600000020000000000010000000133222000001820000 3256220210102 00000000000001807400036050] | 2026-04-08 12:17:18,654 {'product': [ErrorDetail(string=""CAPUC CHOC 144G U n'est pas fourni par le fournisseur FOURNISSEUR CENTRALE"", code='invalid')]} - [L100461257CAPUC CHOC 144G U                  00000180740001700000012000000000010000000193402000002550000 3256220113519 00000000000001807400036050] | 2026-04-08 12:17:18,672 {'product': [ErrorDetail(string=""BONB TRANCH PASTEQUE 90G FINI n'est pas fourni par le fournisseur FOURNISSEUR CENTRALE"", code='invalid')]} - [L100662507BONB TRANCH PASTEQUE 90G FINI      00000180740001800000012000000000010000000072334000000975000 8410525178085 00000000000001807400036050] | 2026-04-08 12:17:18,691 {'product': [ErrorDetail(string=""BONB REQUINS ASSRT/BLEU 90G FINI n'est pas fourni par le fournisseur FOURNISSEUR CENTRALE"", code='invalid')]} - [L100662510BONB REQUINS ASSRT/BLEU 90G FINI   00000180740001900000012000000000010000000072334000000975000 8410525116834 00000000000001807400036050] | 2026-04-08 12:17:18,709 {'product': [ErrorDetail(string=""FARINE BLE T45 1KG GOURMANDINE n'est pas fourni par le fournisseur FOURNISSEUR CENTRALE"", code='invalid')]} - [L100672291FARINE BLE T45 1KG GOURMANDINE     00000180740002000000030000000000030000000051700000000625000 6188000085006 00000000000001807400036061] | 2026-04-08 12:17:18,714 fin intégration: (075db309-836e-4731-89fe-738a52849ec6) | fichier: /srv/import/368/Fac_368_00237268.LC | 21 lignes formatées | 20 lignes en erreurs | 1 lignes crées | 0 lignes mises à jour | 0 lignes supprimées";368;CASH IVOIRE U SADIGUIBA
pos18;POS 18;2026-04-09T18:57:06.973160+00:00;4ce1d332-d244-4c86-acb0-d2a8f77844ec;2026-04-08T12:17:18.207495;2026-04-08T12:17:18.607141;30;import de données;delivery;livraison;0;erreur;interne;"Extrait du rapport d'import: | fichier: /srv/import/357/Fac_357_00237457.LC | 2 lignes formatées | 1 lignes en erreurs | 1 lignes crées | 0 lignes mises à jour | 0 lignes supprimées | 2026-04-08 12:17:18,333 {'product': [ErrorDetail(string=""CHOC LT NOIS 100G LINDT n'est pas fourni par le fournisseur FOURNISSEUR CENTRALE"", code='invalid')]} - [L006006390CHOC LT NOIS 100G LINDT            00000180740000100000020000000000010000000252992000003375000 3046920013888 00000000000001807400036050] | 2026-04-08 12:17:18,356 {'product': [ErrorDetail(string=""CHAPELURE DOREE CROUST 250G TIPIAK n'est pas fourni par le fournisseur FOURNISSEUR CENTRALE"", code='invalid')]} - [L100020161CHAPELURE DOREE CROUST 250G TIPIAK 00000180740000200000120000000000100000000096406000001300000 3165440007808 00000000000001807400036056] | 2026-04-08 12:17:18,376 {'product': [ErrorDetail(string=""BISC GAUF VANIL 175G LOACKER n'est pas fourni par le fournisseur FOURNISSEUR CENTRALE"", code='invalid')]} - [L100033802BISC GAUF VANIL 175G LOACKER       00000180740000300000018000000000010000000172280000002275000 8000380007240 00000000000001807400036050] | 2026-04-08 12:17:18,396 {'product': [ErrorDetail(string=""BISC GAUF NAPOLIT 45G LOACKER n'est pas fourni par le fournisseur FOURNISSEUR CENTRALE"", code='invalid')]} - [L100033804BISC GAUF NAPOLIT 45G LOACKER      00000180740000400000025000000000010000000053572000000650000 0000080001218 00000000000001807400036050] | 2026-04-08 12:17:18,420 {'product': [ErrorDetail(string=""PATES SPAGH N�1 .5 200G MAMAN n'est pas fourni par le fournisseur FOURNISSEUR CENTRALE"", code='invalid')]} - [L100049287PATES SPAGH N�1 .5 200G MAMAN      00000180740000500000200000000000050000000019293000000225000 6181100093117 00000000000001807400036056] | 2026-04-08 12:17:18,442 {'product': [ErrorDetail(string=""PATES SPAGH N� 1. 5  500G MAMAN n'est pas fourni par le fournisseur FOURNISSEUR CENTRALE"", code='invalid')]} - [L100094302PATES SPAGH N� 1. 5  500G MAMAN    00000180740000600000080000000000040000000044145000000525000 6181100093131 00000000000001807400036056] | 2026-04-08 12:17:18,461 {'product': [ErrorDetail(string=""BONB SUPER MINT 10X100 SACHETS TOMY n'est pas fourni par le fournisseur FOURNISSEUR CENTRALE"", code='invalid')]} - [L100129194BONB SUPER MINT 10X100 SACHETS TOMY00000180740000700000010000000000010000000088854000001200000 9501101135468 00000000000001807400036050] | 2026-04-08 12:17:18,492 {'product': [ErrorDetail(string=""BISC ROUDOR 150G ST MICHEL n'est pas fourni par le fournisseur FOURNISSEUR CENTRALE"", code='invalid')]} - [L100153404BISC ROUDOR 150G ST MICHEL         00000180740000800000018000000000010000000129682000001750000 3023470020016 00000000000001807400036050] | 2026-04-08 12:17:18,511 {'product': [ErrorDetail(string=""PATES SPAGH N�1 .1  200G MAMAN n'est pas fourni par le fournisseur FOURNISSEUR CENTRALE"", code='invalid')]} - [L100207815PATES SPAGH N�1 .1  200G MAMAN     00000180740000900000160000000000040000000019293000000225000 6181100093186 00000000000001807400036056] | 2026-04-08 12:17:18,528 {'product': [ErrorDetail(string=""BISC OREO CACAO 66G n'est pas fourni par le fournisseur FOURNISSEUR CENTRALE"", code='invalid')]} - [L100222839BISC OREO CACAO 66G                00000180740001000000020000000000010000000064192000000900000 0000084100733 00000000000001807400036050] | 2026-04-08 12:17:18,545 {'product': [ErrorDetail(string=""BISC OREO ENROBE CHOC LAIT 246G n'est pas fourni par le fournisseur FOURNISSEUR CENTRALE"", code='invalid')]} - [L100234028BISC OREO ENROBE CHOC LAIT 246G    00000180740001100000010000000000010000000314942000003900000 7622300489434 00000000000001807400036050] | 2026-04-08 12:17:18,563 {'product': [ErrorDetail(string=""BISC BISKREM 40G ULKER n'est pas fourni par le fournisseur FOURNISSEUR CENTRALE"", code='invalid')]} - [L100411849BISC BISKREM 40G ULKER             00000180740001200000144000000000010000000011800000000150000 8690504115229 00000000000001807400036050] | 2026-04-08 12:17:18,574 {'product': [ErrorDetail(string=""EAU MIN BTL 6X1,5L EVIAN n'est pas fourni par le fournisseur FOURNISSEUR CENTRALE"", code='invalid')]} - [L100131385EAU MIN BTL 6X1,5L EVIAN           00000174380000100000004000000000040000000732308000008575000 3068320120263 00000000000001743800041739] | 2026-04-08 12:17:18,577 fin intégration: (4ce1d332-d244-4c86-acb0-d2a8f77844ec) | fichier: /srv/import/372/Fac_372_00216148.LC | 2 lignes formatées | 1 lignes en erreurs | 1 lignes crées | 0 lignes mises à jour | 0 lignes supprimées | 2026-04-08 12:17:18,582 {'product': [ErrorDetail(string=""COUSCOUS MOYEN BTE 1KG TIPIAK n'est pas fourni par le fournisseur FOURNISSEUR CENTRALE"", code='invalid')]} - [L100416831COUSCOUS MOYEN BTE 1KG TIPIAK      00000180740001300000018000000000030000000195054000002700000 3600900022545 00000000000001807400036056] | 2026-04-08 12:17:18,600 {'product': [ErrorDetail(string=""CHOC TABLET LAIT 30% 100G CEMOI n'est pas fourni par le fournisseur FOURNISSEUR CENTRALE"", code='invalid')]} - [L100417617CHOC TABLET LAIT 30% 100G CEMOI    00000180740001400000030000000000010000000118944000001475000 3173282021357 00000000000001807400036050]";372;CASH IVOIRE U MAROC
pos18;POS 18;2026-04-09T18:57:06.973160+00:00;3650629e-f460-4bcd-9b12-a42956455437;2026-04-08T12:17:18.152139;2026-04-08T12:17:18.307213;30;import de données;delivery;livraison;0;erreur;interne;"Extrait du rapport d'import: | 68 lignes formatées | 44 lignes en erreurs | 24 lignes crées | 0 lignes mises à jour | 0 lignes supprimées | 2026-04-08 12:17:18,135 fichier present: (['Fac_354_00237258.LC', 'Fac_354_00337239.LC', 'Fac_354_00337242.LC', 'Fac_354_00237261.LC', 'Fac_354_00337241.LC', 'Fac_354_00237330.LC', 'Fac_354_00237260.LC', 'Fac_354_00237259.LC', 'Fac_354_00337240.LC', 'Fac_354_00337244.LC', 'Fac_354_00337297.LC', 'Fac_354_00337296.LC', 'Fac_354_00337243.LC'] - delivery) dans /srv/import/354/ | 2026-04-08 12:17:18,138 23 lignes lu dans le fichier /srv/import/354/Fac_354_00237258.LC | 2026-04-08 12:17:18,138 lancement intégration: (31772367-2fe0-4a20-b355-b233f7f9efac) | 2026-04-08 12:17:18,146 fichier present: (['Fac_357_00237457.LC', 'Fac_357_00337251.LC', 'Fac_357_00337250.LC', 'Fac_357_00337252.LC'] - delivery) dans /srv/import/357/ | 2026-04-08 12:17:18,151 2 lignes lu dans le fichier /srv/import/357/Fac_357_00237457.LC | 2026-04-08 12:17:18,151 lancement intégration: (3650629e-f460-4bcd-9b12-a42956455437) | 2026-04-08 12:17:18,167 fichier present: (['Fac_368_00237270.LC', 'Fac_368_00237271.LC', 'Fac_368_00237337.LC', 'Fac_368_00237269.LC', 'Fac_368_00237268.LC', 'Fac_368_00337258.LC'] - delivery) dans /srv/import/368/ | 2026-04-08 12:17:18,172 21 lignes lu dans le fichier /srv/import/368/Fac_368_00237268.LC | 2026-04-08 12:17:18,172 lancement intégration: (075db309-836e-4731-89fe-738a52849ec6) | 2026-04-08 12:17:18,197 fichier present: (['Fac_372_00216149.LC', 'Fac_372_00337260.LC', 'Fac_372_00237277.LC', 'Fac_372_00237273.LC', 'Fac_372_00237274.LC', 'Fac_372_00337262.LC', 'Fac_372_00337259.LC', 'Fac_372_00237278.LC', 'Fac_372_00237275.LC', 'Fac_372_00216150.LC', 'Fac_372_00216148.LC', 'Fac_372_00237279.LC', 'Fac_372_00216217.LC', 'Fac_372_00337261.LC', 'Fac_372_00237276.LC', 'Fac_372_00337301.LC', 'Fac_372_00237272.LC', 'Fac_372_00237331.LC'] - delivery) dans /srv/import/372/ | 2026-04-08 12:17:18,206 2 lignes lu dans le fichier /srv/import/372/Fac_372_00216148.LC | 2026-04-08 12:17:18,206 lancement intégration: (4ce1d332-d244-4c86-acb0-d2a8f77844ec) | 2026-04-08 12:17:18,221 fichier present: (['Fac_376_00337298.LC', 'Fac_376_00237292.LC', 'Fac_376_00337263.LC', 'Fac_376_00337267.LC', 'Fac_376_00337265.LC', 'Fac_376_00237295.LC', 'Fac_376_00237294.LC', 'Fac_376_00337266.LC', 'Fac_376_00237293.LC', 'Fac_376_00337264.LC', 'Fac_376_00237291.LC', 'Fac_376_00237340.LC'] - delivery) dans /srv/import/376/ | 2026-04-08 12:17:18,226 52 lignes lu dans le fichier /srv/import/376/Fac_376_00237291.LC | 2026-04-08 12:17:18,226 lancement intégration: (3d805d3d-abec-4c89-bcbc-71939e22b8db) | 2026-04-08 12:17:18,281 {'product': [ErrorDetail(string=""PALETTE APAL  80*120 n'est pas fourni par le fournisseur FOURNISSEUR CENTRALE"", code='invalid')]} - [L100514060PALETTE APAL  80*120               00000184580000100000001000000000010000001049138000010490000 2001005140607 00000000000001845803912043] | 2026-04-08 12:17:18,285 fin intégration: (3650629e-f460-4bcd-9b12-a42956455437) | fichier: /srv/import/357/Fac_357_00237457.LC | 2 lignes formatées | 1 lignes en erreurs | 1 lignes crées | 0 lignes mises à jour | 0 lignes supprimées";357;CASH IVOIRE U REMBLAIS
pos18;POS 18;2026-04-09T18:57:06.973160+00:00;e2f2fe39-94bc-441f-a248-e2fdb4382fb9;2026-04-08T12:16:18.196962;2026-04-08T12:16:21.239369;30;import de données;delivery;livraison;0;erreur;interne;"Extrait du rapport d'import: | 2026-04-08 12:16:20,252 {'product': [ErrorDetail(string=""SERV HYG MAXI POCKET NML X14 PERFEC n'est pas fourni par le fournisseur FOURNISSEUR CENTRALE"", code='invalid')]} - [L100445745SERV HYG MAXI POCKET NML X14 PERFEC00000178540002700000012000000000010000000042716000000550000 6186000205677 00000000000001785400036214] | 2026-04-08 12:16:20,279 {'product': [ErrorDetail(string=""SERV HYG MAXI POCKET SUPER X12 PERF n'est pas fourni par le fournisseur FOURNISSEUR CENTRALE"", code='invalid')]} - [L100445746SERV HYG MAXI POCKET SUPER X12 PERF00000178540002800000012000000000010000000042716000000550000 6186000205684 00000000000001785400036214] | 2026-04-08 12:16:20,300 {'product': [ErrorDetail(string=""SERV HYG MAX POCKET S PARFX12 PERFE n'est pas fourni par le fournisseur FOURNISSEUR CENTRALE"", code='invalid')]} - [L100450455SERV HYG MAX POCKET S PARFX12 PERFE00000178540002900000012000000000010000000042716000000550000 6186000205691 00000000000001785400036214] | 2026-04-08 12:16:20,321 {'product': [ErrorDetail(string=""CR 50CL AVOVITA n'est pas fourni par le fournisseur FOURNISSEUR CENTRALE"", code='invalid')]} - [L100458885CR 50CL AVOVITA                    00000178540003000000004000000000010000000108796000001350000 6186000077113 00000000000001785400036214] | 2026-04-08 12:16:20,341 {'product': [ErrorDetail(string=""CR CORPS BEUR CACAO 50CL QUEEN ELI n'est pas fourni par le fournisseur FOURNISSEUR CENTRALE"", code='invalid')]} - [L100458896CR CORPS BEUR CACAO 50CL QUEEN ELI 00000178540003100000004000000000010000000134402000001750000 6186000077014 00000000000001785400036214] | 2026-04-08 12:16:20,599 {'product': [ErrorDetail(string=""EDC BB 50CL BABYMED n'est pas fourni par le fournisseur FOURNISSEUR CENTRALE"", code='invalid')]} - [L100479353EDC BB 50CL BABYMED                00000178540003600000012000000000020000000099592000001350000 6181100535167 00000000000001785400036214] | 2026-04-08 12:16:20,627 {'product': [ErrorDetail(string=""GEL DCHE BB 80CL BABYMED n'est pas fourni par le fournisseur FOURNISSEUR CENTRALE"", code='invalid')]} - [L100479354GEL DCHE BB 80CL BABYMED           00000178540003700000012000000000010000000141954000001850000 6181100535143 00000000000001785400036214] | 2026-04-08 12:16:20,654 {'product': [ErrorDetail(string=""TALC BB 500G BABYMED n'est pas fourni par le fournisseur FOURNISSEUR CENTRALE"", code='invalid')]} - [L100479359TALC BB 500G BABYMED               00000178540003800000006000000000010000000066552000000950000 6181100535198 00000000000001785400036214] | 2026-04-08 12:16:20,682 {'product': [ErrorDetail(string=""EDP REVE MAGIQUE 9CL GDK n'est pas fourni par le fournisseur FOURNISSEUR CENTRALE"", code='invalid')]} - [L100494680EDP REVE MAGIQUE 9CL GDK           00000178540003900000006000000000010000000082364000001175000 6181100316056 00000000000001785400036214] | 2026-04-08 12:16:20,705 {'product': [ErrorDetail(string=""DEO ROLL MEN CLASS 5CL n'est pas fourni par le fournisseur FOURNISSEUR CENTRALE"", code='invalid')]} - [L100516457DEO ROLL MEN CLASS 5CL             00000178540004000000012000000000020000000033748000000500000 6181100533798 00000000000001785400036214] | 2026-04-08 12:16:20,821 {'product': [ErrorDetail(string=""EDC GLYCERINEE 36,5CL MY BABY n'est pas fourni par le fournisseur FOURNISSEUR CENTRALE"", code='invalid')]} - [L100559568EDC GLYCERINEE 36,5CL MY BABY      00000178540004400000006000000000010000000113516000001650000 6181100631517 00000000000001785400036214] | 2026-04-08 12:16:20,844 {'product': [ErrorDetail(string=""LAIT TOIL 365ML MY BABY n'est pas fourni par le fournisseur FOURNISSEUR CENTRALE"", code='invalid')]} - [L100559572LAIT TOIL 365ML MY BABY            00000178540004500000006000000000010000000079532000001150000 6181100631494 00000000000001785400036214] | 2026-04-08 12:16:20,866 {'product': [ErrorDetail(string=""GEL LAV DOUX 365ML MY BABY n'est pas fourni par le fournisseur FOURNISSEUR CENTRALE"", code='invalid')]} - [L100559574GEL LAV DOUX 365ML MY BABY         00000178540004600000006000000000010000000079532000001150000 6181100631487 00000000000001785400036214] | 2026-04-08 12:16:20,889 {'product': [ErrorDetail(string=""GEL LAV DOUX 755ML MY BABY n'est pas fourni par le fournisseur FOURNISSEUR CENTRALE"", code='invalid')]} - [L100559575GEL LAV DOUX 755ML MY BABY         00000178540004700000006000000000010000000124962000001750000 6181100631470 00000000000001785400036214] | 2026-04-08 12:16:20,908 {'product': [ErrorDetail(string=""TALC APAISANT 250G MY BABY n'est pas fourni par le fournisseur FOURNISSEUR CENTRALE"", code='invalid')]} - [L100559576TALC APAISANT 250G MY BABY         00000178540004800000006000000000010000000051094000000800000 6181100631579 00000000000001785400036214] | 2026-04-08 12:16:20,928 {'product': [ErrorDetail(string=""TALC APAISANT 500G MY BABY n'est pas fourni par le fournisseur FOURNISSEUR CENTRALE"", code='invalid')]} - [L100559577TALC APAISANT 500G MY BABY         00000178540004900000006000000000010000000073986000001000000 6181100631425 00000000000001785400036214] | 2026-04-08 12:16:20,949 {'product': [ErrorDetail(string=""huil MASSAGE 11CL MY BABY n'est pas fourni par le fournisseur FOURNISSEUR CENTRALE"", code='invalid')]} - [L100559578huil MASSAGE 11CL MY BABY          00000178540005000000012000000000020000000062540000000875000 6181100631418 00000000000001785400036214] | 2026-04-08 12:16:20,972 {'product': [ErrorDetail(string=""LOTION DEMEL ALOE VERA 16CL HEL n'est pas fourni par le fournisseur FOURNISSEUR CENTRALE"", code='invalid')]} - [L100577652LOTION DEMEL ALOE VERA 16CL HEL    00000178540005100000006000000000010000000053926000000825000 6181100382464 00000000000001785400036214] | 2026-04-08 12:16:21,054 {'product': [ErrorDetail(string=""DEO ROLL ON HOM SOFT&CONT 5CL FA n'est pas fourni par le fournisseur FOURNISSEUR CENTRALE"", code='invalid')]} - [L100662885DEO ROLL ON HOM SOFT&CONT 5CL FA   00000178540005400000006000000000010000000085314000001150000 6281031259344 00000000000001785400036214] | 2026-04-08 12:16:21,076 {'product': [ErrorDetail(string=""SERV HYG ULT THIN LONG X8 ALWAYS n'est pas fourni par le fournisseur FOURNISSEUR CENTRALE"", code='invalid')]} - [L100718111SERV HYG ULT THIN LONG X8 ALWAYS   00000178540005500000024000000000010000000072216000000900000 8700216622967 00000000000001785400036214] | 2026-04-08 12:16:21,096 {'product': [ErrorDetail(string=""SERV HYG ULT THIN LONG X16 ALWAYS n'est pas fourni par le fournisseur FOURNISSEUR CENTRALE"", code='invalid')]} - [L100718112SERV HYG ULT THIN LONG X16 ALWAYS  00000178540005600000012000000000010000000133340000001675000 8700216415941 00000000000001785400036214] | 2026-04-08 12:16:21,115 {'product': [ErrorDetail(string=""SERV HYG MAXI EPAIS LONG X8 ALWAYS n'est pas fourni par le fournisseur FOURNISSEUR CENTRALE"", code='invalid')]} - [L100718113SERV HYG MAXI EPAIS LONG X8 ALWAYS 00000178540005700000016000000000010000000092394000001150000 8700216852562 00000000000001785400036214] | 2026-04-08 12:16:21,218 fin intégration: (e2f2fe39-94bc-441f-a248-e2fdb4382fb9) | fichier: /srv/import/376/Fac_376_00237290.LC | 68 lignes formatées | 44 lignes en erreurs | 24 lignes crées | 0 lignes mises à jour | 0 lignes supprimées";376;CASH IVOIRE U SICOGI ANGRE
pos18;POS 18;2026-04-09T18:57:06.973160+00:00;5fa93aec-5f9e-4eac-9d9d-64aa578281b3;2026-04-08T12:16:18.133017;2026-04-08T12:16:20.176074;30;import de données;delivery;livraison;2;succès;interne;Import livraison: | fin intégration: (5fa93aec-5f9e-4eac-9d9d-64aa578281b3) | fichier: /srv/import/354/Fac_354_00237257.LC | 62 lignes formatées | 0 lignes en erreurs | 59 lignes crées | 3 lignes mises à jour | 0 lignes supprimées;354;CASH IVOIRE U TOITS ROUGES
pos18;POS 18;2026-04-09T18:57:06.973160+00:00;fc555012-c758-4f49-a9ee-bc4b99a33ad1;2026-04-08T12:16:18.170676;2026-04-08T12:16:18.593390;30;import de données;delivery;livraison;0;erreur;interne;"Extrait du rapport d'import: | 2026-04-08 12:16:18,378 {'product': [ErrorDetail(string=""CEREAL DIASTASEE ETUI 250G FRANCE n'est pas fourni par le fournisseur FOURNISSEUR CENTRALE"", code='invalid')]} - [L100286388CEREAL DIASTASEE ETUI 250G FRANCE  00000180050000500000012000000000010000000160230000002000000 3043933941115 00000000000001800500036051] | 2026-04-08 12:16:18,396 {'product': [ErrorDetail(string=""BISC O'LAIT 18 14G PARLE n'est pas fourni par le fournisseur FOURNISSEUR CENTRALE"", code='invalid')]} - [L100460378BISC O'LAIT 18 14G PARLE           00000180720000800000192000000000020000000002242000000025000 6186000565252 00000000000001807200034359] | 2026-04-08 12:16:18,398 {'product': [ErrorDetail(string=""LAIT PDRE INST BTE 28% 900G LAITY n'est pas fourni par le fournisseur FOURNISSEUR CENTRALE"", code='invalid')]} - [L100364972LAIT PDRE INST BTE 28% 900G LAITY  00000180050000600000006000000000010000000494097000005800000 6186000182718 00000000000001800500036061] | 2026-04-08 12:16:18,415 {'product': [ErrorDetail(string=""CHOC BATON NOIR 10G CHOCOFUN n'est pas fourni par le fournisseur FOURNISSEUR CENTRALE"", code='invalid')]} - [L100522550CHOC BATON NOIR 10G CHOCOFUN       00000180720000900000192000000000010000000005192000000060000 6186000316274 00000000000001807200034359] | 2026-04-08 12:16:18,417 {'product': [ErrorDetail(string=""CEREAL CORN FLAKES 375G BLONDOR n'est pas fourni par le fournisseur FOURNISSEUR CENTRALE"", code='invalid')]} - [L100392933CEREAL CORN FLAKES 375G BLONDOR    00000180050000700000012000000000010000000155642000001990000 4008713708134 00000000000001800500036050] | 2026-04-08 12:16:18,435 {'product': [ErrorDetail(string=""BONB TRANCH PASTEQUE 90G FINI n'est pas fourni par le fournisseur FOURNISSEUR CENTRALE"", code='invalid')]} - [L100662507BONB TRANCH PASTEQUE 90G FINI      00000180720001000000012000000000010000000072334000000975000 8410525178085 00000000000001807200034359] | 2026-04-08 12:16:18,437 {'product': [ErrorDetail(string=""CEREAL INF MULTICER BTE 350G/300G N n'est pas fourni par le fournisseur FOURNISSEUR CENTRALE"", code='invalid')]} - [L100483648CEREAL INF MULTICER BTE 350G/300G N00000180050000800000016000000000010000000125023000001550000 7891331850456 00000000000001800500036051] | 2026-04-08 12:16:18,455 {'product': [ErrorDetail(string=""BISC FOURRE CHOCO 70G PERK n'est pas fourni par le fournisseur FOURNISSEUR CENTRALE"", code='invalid')]} - [L100720712BISC FOURRE CHOCO 70G PERK         00000180720001100000012000000000010000000043896000000550000 6033000301277 00000000000001807200034359] | 2026-04-08 12:16:18,460 fin intégration: (6272058d-eff8-474d-9186-be0e9a0cb571) | fichier: /srv/import/357/Fac_357_00237264.LC | 12 lignes formatées | 11 lignes en erreurs | 1 lignes crées | 0 lignes mises à jour | 0 lignes supprimées | 2026-04-08 12:16:18,461 {'product': [ErrorDetail(string=""LAIT PDRE ENTIER 360G SCHT BNET RGE n'est pas fourni par le fournisseur FOURNISSEUR CENTRALE"", code='invalid')]} - [L100484629LAIT PDRE ENTIER 360G SCHT BNET RGE00000180050000900000030000000000050000000161320000002000000 6186000208371 00000000000001800500036050] | 2026-04-08 12:16:18,485 {'product': [ErrorDetail(string=""CHIPS ORIGINAL 165G PRINGLES KT n'est pas fourni par le fournisseur FOURNISSEUR CENTRALE"", code='invalid')]} - [L100515463CHIPS ORIGINAL 165G PRINGLES KT    00000180050001000000019000000000010000000167796000002200000 5053990127726 00000000000001800500036051] | 2026-04-08 12:16:18,505 {'product': [ErrorDetail(string=""LAIT PDRE NIDO 15G NESTLE n'est pas fourni par le fournisseur FOURNISSEUR CENTRALE"", code='invalid')]} - [L100615414LAIT PDRE NIDO 15G NESTLE          00000180050001100000120000000000010000000008720000000100000 6181002002972 00000000000001800500036051] | 2026-04-08 12:16:18,531 {'product': [ErrorDetail(string=""LAIT SCHT BLEU 360G LAITY n'est pas fourni par le fournisseur FOURNISSEUR CENTRALE"", code='invalid')]} - [L100626495LAIT SCHT BLEU 360G LAITY          00000180050001200000030000000000050000000156851000001850000 6181100572193 00000000000001800500036050] | 2026-04-08 12:16:18,550 {'product': [ErrorDetail(string=""LAIT NS DEMI ECREME 0,50L LAITY n'est pas fourni par le fournisseur FOURNISSEUR CENTRALE"", code='invalid')]} - [L100654758LAIT NS DEMI ECREME 0,50L LAITY    00000180050001300000012000000000010000000046216000000575000 6181100572124 00000000000001800500036051] | 2026-04-08 12:16:18,572 {'product': [ErrorDetail(string=""CHIPS HOT CHILLI PEPPER SCHT 40G HU n'est pas fourni par le fournisseur FOURNISSEUR CENTRALE"", code='invalid')]} - [L100672540CHIPS HOT CHILLI PEPPER SCHT 40G HU00000180050001400000024000000000010000000040828000000550000 0733603091785 00000000000001800500036051] | 2026-04-08 12:16:18,575 fin intégration: (fc555012-c758-4f49-a9ee-bc4b99a33ad1) | fichier: /srv/import/368/Fac_368_00237267.LC | 15 lignes formatées | 14 lignes en erreurs | 1 lignes crées | 0 lignes mises à jour | 0 lignes supprimées";368;CASH IVOIRE U SADIGUIBA
pos18;POS 18;2026-04-09T18:57:06.973160+00:00;6272058d-eff8-474d-9186-be0e9a0cb571;2026-04-08T12:16:18.144177;2026-04-08T12:16:18.493522;30;import de données;delivery;livraison;0;erreur;interne;"Extrait du rapport d'import: | 1 lignes en erreurs | 1 lignes crées | 0 lignes mises à jour | 0 lignes supprimées | 2026-04-08 12:16:18,314 {'product': [ErrorDetail(string=""CEREAL LAIT RIZ FRT ETUI 250G FRANC n'est pas fourni par le fournisseur FOURNISSEUR CENTRALE"", code='invalid')]} - [L100237069CEREAL LAIT RIZ FRT ETUI 250G FRANC00000180050000200000012000000000010000000160230000002000000 3043933961311 00000000000001800500036051] | 2026-04-08 12:16:18,318 {'product': [ErrorDetail(string=""FARINE PATISSE 1KG T45 GMA n'est pas fourni par le fournisseur FOURNISSEUR CENTRALE"", code='invalid')]} - [L010010051FARINE PATISSE 1KG T45 GMA         00000180720000400000010000000000010000000052200000000625000 6186000040018 00000000000001807200034359] | 2026-04-08 12:16:18,333 {'product': [ErrorDetail(string=""CEREAL LAIT BLE BISC ETUI 250G FRAN n'est pas fourni par le fournisseur FOURNISSEUR CENTRALE"", code='invalid')]} - [L100237071CEREAL LAIT BLE BISC ETUI 250G FRAN00000180050000300000012000000000010000000160230000002000000 3043933221217 00000000000001800500036051] | 2026-04-08 12:16:18,338 {'product': [ErrorDetail(string=""BONB MINI OURS OR 40G HARIBO n'est pas fourni par le fournisseur FOURNISSEUR CENTRALE"", code='invalid')]} - [L100160823BONB MINI OURS OR 40G HARIBO       00000180720000500000030000000000010000000043424000000575000 3103220030431 00000000000001807200034359] | 2026-04-08 12:16:18,352 {'product': [ErrorDetail(string=""CEREAL PHOSPH LACT BISC 190G/200G B n'est pas fourni par le fournisseur FOURNISSEUR CENTRALE"", code='invalid')]} - [L100285786CEREAL PHOSPH LACT BISC 190G/200G B00000180050000400000012000000000010000000112270000001250000 3041091879257 00000000000001800500036051] | 2026-04-08 12:16:18,356 {'product': [ErrorDetail(string=""BISC SABLE RETZ NOIX COCO 120G ST M n'est pas fourni par le fournisseur FOURNISSEUR CENTRALE"", code='invalid')]} - [L100217650BISC SABLE RETZ NOIX COCO 120G ST M00000180720000600000018000000000010000000078352000001050000 3023470010017 00000000000001807200034359] | 2026-04-08 12:16:18,378 {'product': [ErrorDetail(string=""BISC BISKREM 40G ULKER n'est pas fourni par le fournisseur FOURNISSEUR CENTRALE"", code='invalid')]} - [L100411849BISC BISKREM 40G ULKER             00000180720000700000288000000000020000000011800000000150000 8690504115229 00000000000001807200034359] | 2026-04-08 12:16:18,378 {'product': [ErrorDetail(string=""CEREAL DIASTASEE ETUI 250G FRANCE n'est pas fourni par le fournisseur FOURNISSEUR CENTRALE"", code='invalid')]} - [L100286388CEREAL DIASTASEE ETUI 250G FRANCE  00000180050000500000012000000000010000000160230000002000000 3043933941115 00000000000001800500036051] | 2026-04-08 12:16:18,396 {'product': [ErrorDetail(string=""BISC O'LAIT 18 14G PARLE n'est pas fourni par le fournisseur FOURNISSEUR CENTRALE"", code='invalid')]} - [L100460378BISC O'LAIT 18 14G PARLE           00000180720000800000192000000000020000000002242000000025000 6186000565252 00000000000001807200034359] | 2026-04-08 12:16:18,398 {'product': [ErrorDetail(string=""LAIT PDRE INST BTE 28% 900G LAITY n'est pas fourni par le fournisseur FOURNISSEUR CENTRALE"", code='invalid')]} - [L100364972LAIT PDRE INST BTE 28% 900G LAITY  00000180050000600000006000000000010000000494097000005800000 6186000182718 00000000000001800500036061] | 2026-04-08 12:16:18,415 {'product': [ErrorDetail(string=""CHOC BATON NOIR 10G CHOCOFUN n'est pas fourni par le fournisseur FOURNISSEUR CENTRALE"", code='invalid')]} - [L100522550CHOC BATON NOIR 10G CHOCOFUN       00000180720000900000192000000000010000000005192000000060000 6186000316274 00000000000001807200034359] | 2026-04-08 12:16:18,417 {'product': [ErrorDetail(string=""CEREAL CORN FLAKES 375G BLONDOR n'est pas fourni par le fournisseur FOURNISSEUR CENTRALE"", code='invalid')]} - [L100392933CEREAL CORN FLAKES 375G BLONDOR    00000180050000700000012000000000010000000155642000001990000 4008713708134 00000000000001800500036050] | 2026-04-08 12:16:18,435 {'product': [ErrorDetail(string=""BONB TRANCH PASTEQUE 90G FINI n'est pas fourni par le fournisseur FOURNISSEUR CENTRALE"", code='invalid')]} - [L100662507BONB TRANCH PASTEQUE 90G FINI      00000180720001000000012000000000010000000072334000000975000 8410525178085 00000000000001807200034359] | 2026-04-08 12:16:18,437 {'product': [ErrorDetail(string=""CEREAL INF MULTICER BTE 350G/300G N n'est pas fourni par le fournisseur FOURNISSEUR CENTRALE"", code='invalid')]} - [L100483648CEREAL INF MULTICER BTE 350G/300G N00000180050000800000016000000000010000000125023000001550000 7891331850456 00000000000001800500036051] | 2026-04-08 12:16:18,455 {'product': [ErrorDetail(string=""BISC FOURRE CHOCO 70G PERK n'est pas fourni par le fournisseur FOURNISSEUR CENTRALE"", code='invalid')]} - [L100720712BISC FOURRE CHOCO 70G PERK         00000180720001100000012000000000010000000043896000000550000 6033000301277 00000000000001807200034359] | 2026-04-08 12:16:18,460 fin intégration: (6272058d-eff8-474d-9186-be0e9a0cb571) | fichier: /srv/import/357/Fac_357_00237264.LC | 12 lignes formatées | 11 lignes en erreurs | 1 lignes crées | 0 lignes mises à jour | 0 lignes supprimées | 2026-04-08 12:16:18,461 {'product': [ErrorDetail(string=""LAIT PDRE ENTIER 360G SCHT BNET RGE n'est pas fourni par le fournisseur FOURNISSEUR CENTRALE"", code='invalid')]} - [L100484629LAIT PDRE ENTIER 360G SCHT BNET RGE00000180050000900000030000000000050000000161320000002000000 6186000208371 00000000000001800500036050] | 2026-04-08 12:16:18,485 {'product': [ErrorDetail(string=""CHIPS ORIGINAL 165G PRINGLES KT n'est pas fourni par le fournisseur FOURNISSEUR CENTRALE"", code='invalid')]} - [L100515463CHIPS ORIGINAL 165G PRINGLES KT    00000180050001000000019000000000010000000167796000002200000 5053990127726 00000000000001800500036051]";357;CASH IVOIRE U REMBLAIS
pos18;POS 18;2026-04-09T18:57:06.973160+00:00;069ef92a-21b1-4fe1-83bc-d4eefeb6f8cc;2026-04-08T12:16:18.182179;2026-04-08T12:16:18.332157;30;import de données;delivery;livraison;0;erreur;interne;"Extrait du rapport d'import: | 2026-04-08 12:16:18,129 fichier present: (['Fac_354_00237258.LC', 'Fac_354_00337239.LC', 'Fac_354_00337242.LC', 'Fac_354_00237261.LC', 'Fac_354_00337241.LC', 'Fac_354_00237330.LC', 'Fac_354_00237260.LC', 'Fac_354_00237259.LC', 'Fac_354_00337240.LC', 'Fac_354_00337244.LC', 'Fac_354_00337297.LC', 'Fac_354_00337296.LC', 'Fac_354_00237257.LC', 'Fac_354_00337243.LC'] - delivery) dans /srv/import/354/ | 2026-04-08 12:16:18,132 62 lignes lu dans le fichier /srv/import/354/Fac_354_00237257.LC | 2026-04-08 12:16:18,132 lancement intégration: (5fa93aec-5f9e-4eac-9d9d-64aa578281b3) | 2026-04-08 12:16:18,141 fichier present: (['Fac_357_00237457.LC', 'Fac_357_00337251.LC', 'Fac_357_00337250.LC', 'Fac_357_00237264.LC', 'Fac_357_00337252.LC'] - delivery) dans /srv/import/357/ | 2026-04-08 12:16:18,143 12 lignes lu dans le fichier /srv/import/357/Fac_357_00237264.LC | 2026-04-08 12:16:18,143 lancement intégration: (6272058d-eff8-474d-9186-be0e9a0cb571) | 2026-04-08 12:16:18,158 fichier present: (['Fac_368_00237270.LC', 'Fac_368_00237267.LC', 'Fac_368_00237271.LC', 'Fac_368_00237337.LC', 'Fac_368_00237269.LC', 'Fac_368_00237268.LC', 'Fac_368_00337258.LC'] - delivery) dans /srv/import/368/ | 2026-04-08 12:16:18,169 15 lignes lu dans le fichier /srv/import/368/Fac_368_00237267.LC | 2026-04-08 12:16:18,169 lancement intégration: (fc555012-c758-4f49-a9ee-bc4b99a33ad1) | 2026-04-08 12:16:18,177 fichier present: (['Fac_372_00216149.LC', 'Fac_372_00216147.LC', 'Fac_372_00337260.LC', 'Fac_372_00237277.LC', 'Fac_372_00237273.LC', 'Fac_372_00237274.LC', 'Fac_372_00337262.LC', 'Fac_372_00337259.LC', 'Fac_372_00237278.LC', 'Fac_372_00237275.LC', 'Fac_372_00216150.LC', 'Fac_372_00216148.LC', 'Fac_372_00237279.LC', 'Fac_372_00216217.LC', 'Fac_372_00337261.LC', 'Fac_372_00237276.LC', 'Fac_372_00337301.LC', 'Fac_372_00237272.LC', 'Fac_372_00237331.LC'] - delivery) dans /srv/import/372/ | 2026-04-08 12:16:18,181 2 lignes lu dans le fichier /srv/import/372/Fac_372_00216147.LC | 2026-04-08 12:16:18,181 lancement intégration: (069ef92a-21b1-4fe1-83bc-d4eefeb6f8cc) | 2026-04-08 12:16:18,193 fichier present: (['Fac_376_00337298.LC', 'Fac_376_00237290.LC', 'Fac_376_00237292.LC', 'Fac_376_00337263.LC', 'Fac_376_00337267.LC', 'Fac_376_00337265.LC', 'Fac_376_00237295.LC', 'Fac_376_00237294.LC', 'Fac_376_00337266.LC', 'Fac_376_00237293.LC', 'Fac_376_00337264.LC', 'Fac_376_00237291.LC', 'Fac_376_00237340.LC'] - delivery) dans /srv/import/376/ | 2026-04-08 12:16:18,196 68 lignes lu dans le fichier /srv/import/376/Fac_376_00237290.LC | 2026-04-08 12:16:18,196 lancement intégration: (e2f2fe39-94bc-441f-a248-e2fdb4382fb9) | 2026-04-08 12:16:18,258 {'product': [ErrorDetail(string=""CHOC TAB LT NOISET 100G CEMOI n'est pas fourni par le fournisseur FOURNISSEUR CENTRALE"", code='invalid')]} - [L006006625CHOC TAB LT NOISET 100G CEMOI      00000180720000100000028000000000010000000141128000001775000 3173283214147 00000000000001807200034359] | 2026-04-08 12:16:18,280 {'product': [ErrorDetail(string=""CHOC MARS BARRE 51G VGL n'est pas fourni par le fournisseur FOURNISSEUR CENTRALE"", code='invalid')]} - [L006006692CHOC MARS BARRE 51G VGL            00000180720000200000048000000000010000000046374000000600000 5000159407236 00000000000001807200034359] | 2026-04-08 12:16:18,294 {'product': [ErrorDetail(string=""CEREAL LACTEE FRUIT&LAIT 250G BLEDI n'est pas fourni par le fournisseur FOURNISSEUR CENTRALE"", code='invalid')]} - [L025025672CEREAL LACTEE FRUIT&LAIT 250G BLEDI00000180050000100000012000000000010000000166661000001850000 3041090007484 00000000000001800500036051] | 2026-04-08 12:16:18,299 {'product': [ErrorDetail(string=""CHOC TWIX BARRE 50G VGL n'est pas fourni par le fournisseur FOURNISSEUR CENTRALE"", code='invalid')]} - [L006006694CHOC TWIX BARRE 50G VGL            00000180720000300000050000000000010000000046374000000600000 5000159459228 00000000000001807200034359] | 2026-04-08 12:16:18,308 {'product': [ErrorDetail(string=""EAU MIN BTL 1,8L OLGANE n'est pas fourni par le fournisseur FOURNISSEUR CENTRALE"", code='invalid')]} - [L100104079EAU MIN BTL 1,8L OLGANE            00000174370000100000048000000000040000000034220000000380000 6181100250022 00000000000001743700041736] | 2026-04-08 12:16:18,311 fin intégration: (069ef92a-21b1-4fe1-83bc-d4eefeb6f8cc) | fichier: /srv/import/372/Fac_372_00216147.LC | 2 lignes formatées | 1 lignes en erreurs | 1 lignes crées | 0 lignes mises à jour | 0 lignes supprimées | 2026-04-08 12:16:18,314 {'product': [ErrorDetail(string=""CEREAL LAIT RIZ FRT ETUI 250G FRANC n'est pas fourni par le fournisseur FOURNISSEUR CENTRALE"", code='invalid')]} - [L100237069CEREAL LAIT RIZ FRT ETUI 250G FRANC00000180050000200000012000000000010000000160230000002000000 3043933961311 00000000000001800500036051] | 2026-04-08 12:16:18,318 {'product': [ErrorDetail(string=""FARINE PATISSE 1KG T45 GMA n'est pas fourni par le fournisseur FOURNISSEUR CENTRALE"", code='invalid')]} - [L010010051FARINE PATISSE 1KG T45 GMA         00000180720000400000010000000000010000000052200000000625000 6186000040018 00000000000001807200034359]";372;CASH IVOIRE U MAROC
pos18;POS 18;2026-04-09T18:57:06.973160+00:00;db670684-2f1d-4afc-9a57-ad08d301310b;2026-04-08T12:15:18.159281;2026-04-08T12:15:19.356907;30;import de données;delivery;livraison;0;erreur;interne;"Extrait du rapport d'import: | 2026-04-08 12:15:18,335 {'product': [ErrorDetail(string=""RIZ VIET PARF 4,5KG RIZIERE n'est pas fourni par le fournisseur FOURNISSEUR CENTRALE"", code='invalid')]} - [L100317387RIZ VIET PARF 4,5KG RIZIERE        00000179340000500000100000000000200000000247400000002650000 6181100571363 00000000000001793400036056] | 2026-04-08 12:15:18,356 {'product': [ErrorDetail(string=""LAIT CS 1KG MERVEILLE n'est pas fourni par le fournisseur FOURNISSEUR CENTRALE"", code='invalid')]} - [L100594469LAIT CS 1KG MERVEILLE              00000180030000800000024000000000010000000114559000001450000 6188000036602 00000000000001800300034359] | 2026-04-08 12:15:18,358 {'product': [ErrorDetail(string=""RIZ VIET PARF 4,5KG MAMAN n'est pas fourni par le fournisseur FOURNISSEUR CENTRALE"", code='invalid')]} - [L100317388RIZ VIET PARF 4,5KG MAMAN          00000179340000600000025000000000050000000236600000002550000 6186000182183 00000000000001793400036051] | 2026-04-08 12:15:18,363 fin intégration: (f2d97e13-c9b3-440e-9e6a-ba01db7276a3) | fichier: /srv/import/368/Fac_368_00237266.LC | 9 lignes formatées | 8 lignes en erreurs | 1 lignes crées | 0 lignes mises à jour | 0 lignes supprimées | 2026-04-08 12:15:18,375 {'product': [ErrorDetail(string=""LAIT NS DEMI ECREME 0,50L LAITY n'est pas fourni par le fournisseur FOURNISSEUR CENTRALE"", code='invalid')]} - [L100654758LAIT NS DEMI ECREME 0,50L LAITY    00000180030000900000012000000000010000000046216000000575000 6181100572124 00000000000001800300034359] | 2026-04-08 12:15:18,394 {'product': [ErrorDetail(string=""CEREAL CORN FL SS 375G SHANTIS n'est pas fourni par le fournisseur FOURNISSEUR CENTRALE"", code='invalid')]} - [L100710663CEREAL CORN FL SS 375G SHANTIS     00000180030001000000012000000000010000000097232000001300000 8906024650790 00000000000001800300034359] | 2026-04-08 12:15:18,397 fin intégration: (fca305c1-9776-482b-b68b-a1fdd35eda87) | fichier: /srv/import/357/Fac_357_00237263.LC | 11 lignes formatées | 10 lignes en erreurs | 1 lignes crées | 0 lignes mises à jour | 0 lignes supprimées | 2026-04-08 12:15:19,322 {'product': [ErrorDetail(string=""PALETTE APAL  80*120 n'est pas fourni par le fournisseur FOURNISSEUR CENTRALE"", code='invalid')]} - [L100514060PALETTE APAL  80*120               00000174930000100000005000000000050000001049138000010490000 2001005140607 00000000000001749303910987] | 2026-04-08 12:15:19,327 fin intégration: (db670684-2f1d-4afc-9a57-ad08d301310b) | fichier: /srv/import/376/Fac_376_00216226.LC | 2 lignes formatées | 1 lignes en erreurs | 1 lignes crées | 0 lignes mises à jour | 0 lignes supprimées";376;CASH IVOIRE U SICOGI ANGRE
pos18;POS 18;2026-04-09T18:57:06.973160+00:00;fca305c1-9776-482b-b68b-a1fdd35eda87;2026-04-08T12:15:18.125176;2026-04-08T12:15:18.424496;30;import de données;delivery;livraison;0;erreur;interne;"Extrait du rapport d'import: | 4 lignes formatées | 3 lignes en erreurs | 1 lignes crées | 0 lignes mises à jour | 0 lignes supprimées | 2026-04-08 12:15:18,309 {'product': [ErrorDetail(string=""THE VRT CIT X25 SCHT 40G U n'est pas fourni par le fournisseur FOURNISSEUR CENTRALE"", code='invalid')]} - [L100462021THE VRT CIT X25 SCHT 40G U         00000180030000600000020000000000020000000105256000001300000 3256220041881 00000000000001800300034371] | 2026-04-08 12:15:18,316 {'product': [ErrorDetail(string=""RIZ VIET PARF 900G MAMAN n'est pas fourni par le fournisseur FOURNISSEUR CENTRALE"", code='invalid')]} - [L100314733RIZ VIET PARF 900G MAMAN           00000179340000400000060000000000030000000048800000000550000 6186000055081 00000000000001793400036051] | 2026-04-08 12:15:18,331 {'product': [ErrorDetail(string=""LAIT PDRE ENTIER 360G SCHT BNET RGE n'est pas fourni par le fournisseur FOURNISSEUR CENTRALE"", code='invalid')]} - [L100484629LAIT PDRE ENTIER 360G SCHT BNET RGE00000180030000700000018000000000030000000161320000002000000 6186000208371 00000000000001800300034359] | 2026-04-08 12:15:18,335 {'product': [ErrorDetail(string=""RIZ VIET PARF 4,5KG RIZIERE n'est pas fourni par le fournisseur FOURNISSEUR CENTRALE"", code='invalid')]} - [L100317387RIZ VIET PARF 4,5KG RIZIERE        00000179340000500000100000000000200000000247400000002650000 6181100571363 00000000000001793400036056] | 2026-04-08 12:15:18,356 {'product': [ErrorDetail(string=""LAIT CS 1KG MERVEILLE n'est pas fourni par le fournisseur FOURNISSEUR CENTRALE"", code='invalid')]} - [L100594469LAIT CS 1KG MERVEILLE              00000180030000800000024000000000010000000114559000001450000 6188000036602 00000000000001800300034359] | 2026-04-08 12:15:18,358 {'product': [ErrorDetail(string=""RIZ VIET PARF 4,5KG MAMAN n'est pas fourni par le fournisseur FOURNISSEUR CENTRALE"", code='invalid')]} - [L100317388RIZ VIET PARF 4,5KG MAMAN          00000179340000600000025000000000050000000236600000002550000 6186000182183 00000000000001793400036051] | 2026-04-08 12:15:18,363 fin intégration: (f2d97e13-c9b3-440e-9e6a-ba01db7276a3) | fichier: /srv/import/368/Fac_368_00237266.LC | 9 lignes formatées | 8 lignes en erreurs | 1 lignes crées | 0 lignes mises à jour | 0 lignes supprimées | 2026-04-08 12:15:18,375 {'product': [ErrorDetail(string=""LAIT NS DEMI ECREME 0,50L LAITY n'est pas fourni par le fournisseur FOURNISSEUR CENTRALE"", code='invalid')]} - [L100654758LAIT NS DEMI ECREME 0,50L LAITY    00000180030000900000012000000000010000000046216000000575000 6181100572124 00000000000001800300034359] | 2026-04-08 12:15:18,394 {'product': [ErrorDetail(string=""CEREAL CORN FL SS 375G SHANTIS n'est pas fourni par le fournisseur FOURNISSEUR CENTRALE"", code='invalid')]} - [L100710663CEREAL CORN FL SS 375G SHANTIS     00000180030001000000012000000000010000000097232000001300000 8906024650790 00000000000001800300034359] | 2026-04-08 12:15:18,397 fin intégration: (fca305c1-9776-482b-b68b-a1fdd35eda87) | fichier: /srv/import/357/Fac_357_00237263.LC | 11 lignes formatées | 10 lignes en erreurs | 1 lignes crées | 0 lignes mises à jour | 0 lignes supprimées";357;CASH IVOIRE U REMBLAIS
pos18;POS 18;2026-04-09T18:57:06.973160+00:00;f2d97e13-c9b3-440e-9e6a-ba01db7276a3;2026-04-08T12:15:18.134650;2026-04-08T12:15:18.379973;30;import de données;delivery;livraison;0;erreur;interne;"Extrait du rapport d'import: | 2026-04-08 12:15:18,264 {'product': [ErrorDetail(string=""RIZ VIET LG 5% MAMAN 5KG n'est pas fourni par le fournisseur FOURNISSEUR CENTRALE"", code='invalid')]} - [L100094244RIZ VIET LG 5% MAMAN 5KG           00000179350000800000030000000000060000000286000000003100000 2001000942442 00000000000001793500036056] | 2026-04-08 12:15:18,273 {'product': [ErrorDetail(string=""SUCRE PDR BLC DOYPCK 750G P.TATIE n'est pas fourni par le fournisseur FOURNISSEUR CENTRALE"", code='invalid')]} - [L100295552SUCRE PDR BLC DOYPCK 750G P.TATIE  00000180030000400000024000000000010000000087556000000950000 6181100340167 00000000000001800300034359] | 2026-04-08 12:15:18,278 {'product': [ErrorDetail(string=""BIERE BLDE ESP BTE 5,4� 33CL ESTREL n'est pas fourni par le fournisseur FOURNISSEUR CENTRALE"", code='invalid')]} - [L100688184BIERE BLDE ESP BTE 5,4� 33CL ESTREL00000174360000200000072000000000030000000035754000000375000 8410793526137 00000000000001743600041735] | 2026-04-08 12:15:18,281 {'product': [ErrorDetail(string=""RIZ RIZIERE LG VIET PARF 5KG n'est pas fourni par le fournisseur FOURNISSEUR CENTRALE"", code='invalid')]} - [L100306691RIZ RIZIERE LG VIET PARF 5KG       00001013200000100000100000000000010000000309500000003350000 6186000182954 00000000000010132000036056] | 2026-04-08 12:15:18,291 {'product': [ErrorDetail(string=""CEREAL PETAL BLE CHOCO 375G BLONDOR n'est pas fourni par le fournisseur FOURNISSEUR CENTRALE"", code='invalid')]} - [L100392928CEREAL PETAL BLE CHOCO 375G BLONDOR00000180030000500000012000000000010000000190570000002550000 4008713700954 00000000000001800300034359] | 2026-04-08 12:15:18,297 {'product': [ErrorDetail(string=""BIERE BLDE ESP BTL 5,4� 33CL ESTREL n'est pas fourni par le fournisseur FOURNISSEUR CENTRALE"", code='invalid')]} - [L100688185BIERE BLDE ESP BTL 5,4� 33CL ESTREL00000174360000300000048000000000020000000051802000000550000 8410793022936 00000000000001743600041735] | 2026-04-08 12:15:18,299 {'product': [ErrorDetail(string=""RIZ RIZIERE LG VIET PARF 5KG n'est pas fourni par le fournisseur FOURNISSEUR CENTRALE"", code='invalid')]} - [L100306691RIZ RIZIERE LG VIET PARF 5KG       00000179340000300000015000000000030000000309500000003350000 6186000182954 00000000000001793400036056] | 2026-04-08 12:15:18,300 fin intégration: (49879901-667c-48eb-9d03-d1f343ea5782) | fichier: /srv/import/372/Fac_372_00216146.LC | 4 lignes formatées | 3 lignes en erreurs | 1 lignes crées | 0 lignes mises à jour | 0 lignes supprimées | 2026-04-08 12:15:18,309 {'product': [ErrorDetail(string=""THE VRT CIT X25 SCHT 40G U n'est pas fourni par le fournisseur FOURNISSEUR CENTRALE"", code='invalid')]} - [L100462021THE VRT CIT X25 SCHT 40G U         00000180030000600000020000000000020000000105256000001300000 3256220041881 00000000000001800300034371] | 2026-04-08 12:15:18,316 {'product': [ErrorDetail(string=""RIZ VIET PARF 900G MAMAN n'est pas fourni par le fournisseur FOURNISSEUR CENTRALE"", code='invalid')]} - [L100314733RIZ VIET PARF 900G MAMAN           00000179340000400000060000000000030000000048800000000550000 6186000055081 00000000000001793400036051] | 2026-04-08 12:15:18,331 {'product': [ErrorDetail(string=""LAIT PDRE ENTIER 360G SCHT BNET RGE n'est pas fourni par le fournisseur FOURNISSEUR CENTRALE"", code='invalid')]} - [L100484629LAIT PDRE ENTIER 360G SCHT BNET RGE00000180030000700000018000000000030000000161320000002000000 6186000208371 00000000000001800300034359] | 2026-04-08 12:15:18,335 {'product': [ErrorDetail(string=""RIZ VIET PARF 4,5KG RIZIERE n'est pas fourni par le fournisseur FOURNISSEUR CENTRALE"", code='invalid')]} - [L100317387RIZ VIET PARF 4,5KG RIZIERE        00000179340000500000100000000000200000000247400000002650000 6181100571363 00000000000001793400036056] | 2026-04-08 12:15:18,356 {'product': [ErrorDetail(string=""LAIT CS 1KG MERVEILLE n'est pas fourni par le fournisseur FOURNISSEUR CENTRALE"", code='invalid')]} - [L100594469LAIT CS 1KG MERVEILLE              00000180030000800000024000000000010000000114559000001450000 6188000036602 00000000000001800300034359] | 2026-04-08 12:15:18,358 {'product': [ErrorDetail(string=""RIZ VIET PARF 4,5KG MAMAN n'est pas fourni par le fournisseur FOURNISSEUR CENTRALE"", code='invalid')]} - [L100317388RIZ VIET PARF 4,5KG MAMAN          00000179340000600000025000000000050000000236600000002550000 6186000182183 00000000000001793400036051] | 2026-04-08 12:15:18,363 fin intégration: (f2d97e13-c9b3-440e-9e6a-ba01db7276a3) | fichier: /srv/import/368/Fac_368_00237266.LC | 9 lignes formatées | 8 lignes en erreurs | 1 lignes crées | 0 lignes mises à jour | 0 lignes supprimées | 2026-04-08 12:15:18,375 {'product': [ErrorDetail(string=""LAIT NS DEMI ECREME 0,50L LAITY n'est pas fourni par le fournisseur FOURNISSEUR CENTRALE"", code='invalid')]} - [L100654758LAIT NS DEMI ECREME 0,50L LAITY    00000180030000900000012000000000010000000046216000000575000 6181100572124 00000000000001800300034359]";368;CASH IVOIRE U SADIGUIBA
pos18;POS 18;2026-04-09T18:57:06.973160+00:00;49879901-667c-48eb-9d03-d1f343ea5782;2026-04-08T12:15:18.147004;2026-04-08T12:15:18.322715;30;import de données;delivery;livraison;0;erreur;interne;"Extrait du rapport d'import: | fichier: /srv/import/354/Fac_354_00216220.LC | 2 lignes formatées | 0 lignes en erreurs | 2 lignes crées | 0 lignes mises à jour | 0 lignes supprimées | 2026-04-08 12:15:18,219 {'product': [ErrorDetail(string=""THE JAUNE A100 200G LIPTON n'est pas fourni par le fournisseur FOURNISSEUR CENTRALE"", code='invalid')]} - [L005005110THE JAUNE A100 200G LIPTON         00000180030000100000012000000000010000000243906000002850000 5410033852630 00000000000001800300034359] | 2026-04-08 12:15:18,226 {'product': [ErrorDetail(string=""PATE ABATS BOEUF 1/10 JFLOCH n'est pas fourni par le fournisseur FOURNISSEUR CENTRALE"", code='invalid')]} - [L100023790PATE ABATS BOEUF 1/10 JFLOCH       00000179350000700000060000000000010000000035990000000475000 3434350001757 00000000000001793500036051] | 2026-04-08 12:15:18,238 {'product': [ErrorDetail(string=""LAIT PDR ENTIER SHT 15G BNET RGE n'est pas fourni par le fournisseur FOURNISSEUR CENTRALE"", code='invalid')]} - [L100083225LAIT PDR ENTIER SHT 15G BNET RGE   00000180030000200000360000000000030000000008502000000100000 6186001015022 00000000000001800300034359] | 2026-04-08 12:15:18,246 {'product': [ErrorDetail(string=""RIZ VIET LG 5% MAMAN 5KG n'est pas fourni par le fournisseur FOURNISSEUR CENTRALE"", code='invalid')]} - [L100094244RIZ VIET LG 5% MAMAN 5KG           00000179340000200000045000000000090000000286000000003100000 2001000942442 00000000000001793400036056] | 2026-04-08 12:15:18,256 {'product': [ErrorDetail(string=""LAIT C N S BLEU 380G PEARL n'est pas fourni par le fournisseur FOURNISSEUR CENTRALE"", code='invalid')]} - [L100251009LAIT C N S BLEU 380G PEARL         00000180030000300000024000000000010000000069106000000750000 6186000208814 00000000000001800300034359] | 2026-04-08 12:15:18,259 {'product': [ErrorDetail(string=""SIROP GRENAD BTL 1L PAILLOTTES n'est pas fourni par le fournisseur FOURNISSEUR CENTRALE"", code='invalid')]} - [L100075886SIROP GRENAD BTL 1L PAILLOTTES     00000174360000100000012000000000020000000217120000002750000 3014400003025 00000000000001743600041735] | 2026-04-08 12:15:18,264 {'product': [ErrorDetail(string=""RIZ VIET LG 5% MAMAN 5KG n'est pas fourni par le fournisseur FOURNISSEUR CENTRALE"", code='invalid')]} - [L100094244RIZ VIET LG 5% MAMAN 5KG           00000179350000800000030000000000060000000286000000003100000 2001000942442 00000000000001793500036056] | 2026-04-08 12:15:18,273 {'product': [ErrorDetail(string=""SUCRE PDR BLC DOYPCK 750G P.TATIE n'est pas fourni par le fournisseur FOURNISSEUR CENTRALE"", code='invalid')]} - [L100295552SUCRE PDR BLC DOYPCK 750G P.TATIE  00000180030000400000024000000000010000000087556000000950000 6181100340167 00000000000001800300034359] | 2026-04-08 12:15:18,278 {'product': [ErrorDetail(string=""BIERE BLDE ESP BTE 5,4� 33CL ESTREL n'est pas fourni par le fournisseur FOURNISSEUR CENTRALE"", code='invalid')]} - [L100688184BIERE BLDE ESP BTE 5,4� 33CL ESTREL00000174360000200000072000000000030000000035754000000375000 8410793526137 00000000000001743600041735] | 2026-04-08 12:15:18,281 {'product': [ErrorDetail(string=""RIZ RIZIERE LG VIET PARF 5KG n'est pas fourni par le fournisseur FOURNISSEUR CENTRALE"", code='invalid')]} - [L100306691RIZ RIZIERE LG VIET PARF 5KG       00001013200000100000100000000000010000000309500000003350000 6186000182954 00000000000010132000036056] | 2026-04-08 12:15:18,291 {'product': [ErrorDetail(string=""CEREAL PETAL BLE CHOCO 375G BLONDOR n'est pas fourni par le fournisseur FOURNISSEUR CENTRALE"", code='invalid')]} - [L100392928CEREAL PETAL BLE CHOCO 375G BLONDOR00000180030000500000012000000000010000000190570000002550000 4008713700954 00000000000001800300034359] | 2026-04-08 12:15:18,297 {'product': [ErrorDetail(string=""BIERE BLDE ESP BTL 5,4� 33CL ESTREL n'est pas fourni par le fournisseur FOURNISSEUR CENTRALE"", code='invalid')]} - [L100688185BIERE BLDE ESP BTL 5,4� 33CL ESTREL00000174360000300000048000000000020000000051802000000550000 8410793022936 00000000000001743600041735] | 2026-04-08 12:15:18,299 {'product': [ErrorDetail(string=""RIZ RIZIERE LG VIET PARF 5KG n'est pas fourni par le fournisseur FOURNISSEUR CENTRALE"", code='invalid')]} - [L100306691RIZ RIZIERE LG VIET PARF 5KG       00000179340000300000015000000000030000000309500000003350000 6186000182954 00000000000001793400036056] | 2026-04-08 12:15:18,300 fin intégration: (49879901-667c-48eb-9d03-d1f343ea5782) | fichier: /srv/import/372/Fac_372_00216146.LC | 4 lignes formatées | 3 lignes en erreurs | 1 lignes crées | 0 lignes mises à jour | 0 lignes supprimées | 2026-04-08 12:15:18,309 {'product': [ErrorDetail(string=""THE VRT CIT X25 SCHT 40G U n'est pas fourni par le fournisseur FOURNISSEUR CENTRALE"", code='invalid')]} - [L100462021THE VRT CIT X25 SCHT 40G U         00000180030000600000020000000000020000000105256000001300000 3256220041881 00000000000001800300034371] | 2026-04-08 12:15:18,316 {'product': [ErrorDetail(string=""RIZ VIET PARF 900G MAMAN n'est pas fourni par le fournisseur FOURNISSEUR CENTRALE"", code='invalid')]} - [L100314733RIZ VIET PARF 900G MAMAN           00000179340000400000060000000000030000000048800000000550000 6186000055081 00000000000001793400036051]";372;CASH IVOIRE U MAROC
pos18;POS 18;2026-04-09T18:57:06.973160+00:00;48794a3a-7852-4809-83bb-60d715832788;2026-04-08T12:15:18.114637;2026-04-08T12:15:18.214265;30;import de données;delivery;livraison;2;succès;interne;Import livraison: | fin intégration: (48794a3a-7852-4809-83bb-60d715832788) | fichier: /srv/import/354/Fac_354_00216220.LC | 2 lignes formatées | 0 lignes en erreurs | 2 lignes crées | 0 lignes mises à jour | 0 lignes supprimées;354;CASH IVOIRE U TOITS ROUGES
pos18;POS 18;2026-04-09T18:57:06.973160+00:00;9fe81169-b797-4767-b93e-fee97ea7c332;2026-04-08T12:14:18.175654;2026-04-08T12:14:19.385176;30;import de données;delivery;livraison;2;succès;interne;Import livraison: | fin intégration: (9fe81169-b797-4767-b93e-fee97ea7c332) | fichier: /srv/import/376/Fac_376_00216140.LC | 2 lignes formatées | 0 lignes en erreurs | 2 lignes crées | 0 lignes mises à jour | 0 lignes supprimées;376;CASH IVOIRE U SICOGI ANGRE
pos18;POS 18;2026-04-09T18:57:06.973160+00:00;743a2685-1a34-410e-a3b4-6b4cd3a6a600;2026-04-08T12:14:18.139623;2026-04-08T12:14:18.826527;30;import de données;delivery;livraison;0;erreur;interne;"Extrait du rapport d'import: | 2026-04-08 12:14:18,440 {'product': [ErrorDetail(string=""JAVEL 8� 3L SUPER CLEAN n'est pas fourni par le fournisseur FOURNISSEUR CENTRALE"", code='invalid')]} - [L100100215JAVEL 8� 3L SUPER CLEAN            00000178520001000000006000000000010000000130036000001550000 6186000015221 00000000000001785200036058] | 2026-04-08 12:14:18,458 {'product': [ErrorDetail(string=""EDT INCIDENCE BLEU 10CL SIVOP n'est pas fourni par le fournisseur FOURNISSEUR CENTRALE"", code='invalid')]} - [L100177656EDT INCIDENCE BLEU 10CL SIVOP      00000178520001100000006000000000020000000431762000005750000 3442151008288 00000000000001785200036058] | 2026-04-08 12:14:18,475 {'product': [ErrorDetail(string=""JAVEL 12� 4L CLEAN EXTRA ELITE COSM n'est pas fourni par le fournisseur FOURNISSEUR CENTRALE"", code='invalid')]} - [L100193521JAVEL 12� 4L CLEAN EXTRA ELITE COSM00000178520001200000004000000000010000000172988000001950000 6186000129089 00000000000001785200036058] | 2026-04-08 12:14:18,491 {'product': [ErrorDetail(string=""LESS PDRE 1KG NIL n'est pas fourni par le fournisseur FOURNISSEUR CENTRALE"", code='invalid')]} - [L100226655LESS PDRE 1KG NIL                  00000178520001300000020000000000020000000142898000001575000 6186000820306 00000000000001785200036058] | 2026-04-08 12:14:18,509 {'product': [ErrorDetail(string=""LESS PDRE NIL SACHET 500G n'est pas fourni par le fournisseur FOURNISSEUR CENTRALE"", code='invalid')]} - [L100231047LESS PDRE NIL SACHET 500G          00000178520001400000024000000000020000000074458000000800000 6186000820832 00000000000001785200036058] | 2026-04-08 12:14:18,528 {'product': [ErrorDetail(string=""LESS PDRE A LAVER 40G NIL SIPROCHIM n'est pas fourni par le fournisseur FOURNISSEUR CENTRALE"", code='invalid')]} - [L100245784LESS PDRE A LAVER 40G NIL SIPROCHIM00000178520001500000100000000000010000000003894000000050000 6186000015818 00000000000001785200036058] | 2026-04-08 12:14:18,547 {'product': [ErrorDetail(string=""LESS PDRE A LAVER 80G NIL n'est pas fourni par le fournisseur FOURNISSEUR CENTRALE"", code='invalid')]} - [L100245794LESS PDRE A LAVER 80G NIL          00000178520001600000100000000000010000000007911300000090000 6186000820993 00000000000001785200036058] | 2026-04-08 12:14:18,565 {'product': [ErrorDetail(string=""LESS PDRE 850G BEKO n'est pas fourni par le fournisseur FOURNISSEUR CENTRALE"", code='invalid')]} - [L100267883LESS PDRE 850G BEKO                00000178520001700000012000000000010000000061360000000700000 6186000106226 00000000000001785200036058] | 2026-04-08 12:14:18,584 {'product': [ErrorDetail(string=""CHGE BB MINI SDT 3-5KG X42 JOYA n'est pas fourni par le fournisseur FOURNISSEUR CENTRALE"", code='invalid')]} - [L100351070CHGE BB MINI SDT 3-5KG X42 JOYA    00000178520001800000005000000000010000000355534000004300000 6186000205004 00000000000001785200036058] | 2026-04-08 12:14:18,604 {'product': [ErrorDetail(string=""CHGE BB STD MINI 3/5KG X48 SMILEY n'est pas fourni par le fournisseur FOURNISSEUR CENTRALE"", code='invalid')]} - [L100377699CHGE BB STD MINI 3/5KG X48 SMILEY  00000178520001900000005000000000010000000322730000004000000 6186000205080 00000000000001785200036058] | 2026-04-08 12:14:18,623 {'product': [ErrorDetail(string=""CHGE BB STD MIDI 5/10KG X44 SMILEY n'est pas fourni par le fournisseur FOURNISSEUR CENTRALE"", code='invalid')]} - [L100377702CHGE BB STD MIDI 5/10KG X44 SMILEY 00000178520002000000005000000000010000000322848000004000000 6186000205097 00000000000001785200036058] | 2026-04-08 12:14:18,641 {'product': [ErrorDetail(string=""CHGE BB JUMB PACK MIDI 5/10KGX70 JO n'est pas fourni par le fournisseur FOURNISSEUR CENTRALE"", code='invalid')]} - [L100386579CHGE BB JUMB PACK MIDI 5/10KGX70 JO00000178520002100000004000000000010000000670476000007900000 6186000205059 00000000000001785200036058] | 2026-04-08 12:14:18,657 {'product': [ErrorDetail(string=""DESO TEXTILE 40CL BELAIR n'est pas fourni par le fournisseur FOURNISSEUR CENTRALE"", code='invalid')]} - [L100409965DESO TEXTILE 40CL BELAIR           00000178520002200000006000000000010000000072216000000900000 6181100534405 00000000000001785200036049] | 2026-04-08 12:14:18,673 {'product': [ErrorDetail(string=""ASSOUPL GRAND AIR 1,5L SOUPLINE n'est pas fourni par le fournisseur FOURNISSEUR CENTRALE"", code='invalid')]} - [L100459919ASSOUPL GRAND AIR 1,5L SOUPLINE    00000178520002300000012000000000010000000298894000003950000 8718951191174 00000000000001785200036049] | 2026-04-08 12:14:18,689 {'product': [ErrorDetail(string=""DESO LAVDE 15CL BELAIR n'est pas fourni par le fournisseur FOURNISSEUR CENTRALE"", code='invalid')]} - [L100476192DESO LAVDE 15CL BELAIR             00000178520002400000006000000000010000000029972000000350000 6181100535969 00000000000001785200036049] | 2026-04-08 12:14:18,705 {'product': [ErrorDetail(string=""DESO PECHE 15CL BELAIR n'est pas fourni par le fournisseur FOURNISSEUR CENTRALE"", code='invalid')]} - [L100476200DESO PECHE 15CL BELAIR             00000178520002500000006000000000010000000029972000000350000 6181100535983 00000000000001785200036049] | 2026-04-08 12:14:18,722 {'product': [ErrorDetail(string=""DESO VANILL 15CL BELAIR n'est pas fourni par le fournisseur FOURNISSEUR CENTRALE"", code='invalid')]} - [L100476205DESO VANILL 15CL BELAIR            00000178520002600000006000000000010000000029972000000350000 6181100535990 00000000000001785200036049] | 2026-04-08 12:14:18,738 {'product': [ErrorDetail(string=""LAIT TOIL 365ML MY BABY n'est pas fourni par le fournisseur FOURNISSEUR CENTRALE"", code='invalid')]} - [L100559572LAIT TOIL 365ML MY BABY            00000178520002700000006000000000010000000079532000001150000 6181100631494 00000000000001785200036058] | 2026-04-08 12:14:18,754 {'product': [ErrorDetail(string=""GEL LAVANT 400ML BEBE SUISSE n'est pas fourni par le fournisseur FOURNISSEUR CENTRALE"", code='invalid')]} - [L100604523GEL LAVANT 400ML BEBE SUISSE       00000178520002800000006000000000010000000079532000001175000 6182000133583 00000000000001785200036058] | 2026-04-08 12:14:18,772 {'product': [ErrorDetail(string=""JAVEL 8� 1L MADAR n'est pas fourni par le fournisseur FOURNISSEUR CENTRALE"", code='invalid')]} - [L100685086JAVEL 8� 1L MADAR                  00000178520002900000012000000000010000000041772000000525000 6181004002147 00000000000001785200036058] | 2026-04-08 12:14:18,789 {'product': [ErrorDetail(string=""SAV MENAG TEXTILE 250G BELAIR n'est pas fourni par le fournisseur FOURNISSEUR CENTRALE"", code='invalid')]} - [L100690310SAV MENAG TEXTILE 250G BELAIR      00000178520003000000040000000000010000000021712000000250000 6181100691283 00000000000001785200036049] | 2026-04-08 12:14:18,805 {'product': [ErrorDetail(string=""EAU JAVEL 8� DOYPK 1L CLEAN EXTRA n'est pas fourni par le fournisseur FOURNISSEUR CENTRALE"", code='invalid')]} - [L100716627EAU JAVEL 8� DOYPK 1L CLEAN EXTRA  00000178520003100000012000000000010000000035282000000425000 6186000129799 00000000000001785200036049] | 2026-04-08 12:14:18,809 fin intégration: (743a2685-1a34-410e-a3b4-6b4cd3a6a600) | fichier: /srv/import/368/Fac_368_00237265.LC | 32 lignes formatées | 31 lignes en erreurs | 1 lignes crées | 0 lignes mises à jour | 0 lignes supprimées";368;CASH IVOIRE U SADIGUIBA
pos18;POS 18;2026-04-09T18:57:06.973160+00:00;6c62f2e2-4921-456f-a424-7ffb11122b01;2026-04-08T12:14:18.154420;2026-04-08T12:14:18.410243;30;import de données;delivery;livraison;0;erreur;interne;"Extrait du rapport d'import: | 2026-04-08 12:14:18,284 {'product': [ErrorDetail(string=""BDB FRAICH INT 50CL LISTERINE n'est pas fourni par le fournisseur FOURNISSEUR CENTRALE"", code='invalid')]} - [L100404131BDB FRAICH INT 50CL LISTERINE      00000178470000300000012000000000010000000273642000003300000 3574661811314 00000000000001784700034367] | 2026-04-08 12:14:18,304 {'product': [ErrorDetail(string=""BDB REFLEX 225ML GANDOUR n'est pas fourni par le fournisseur FOURNISSEUR CENTRALE"", code='invalid')]} - [L100536838BDB REFLEX 225ML GANDOUR           00000178470000400000036000000000010000000039766000000550000 6182000131992 00000000000001784700034367] | 2026-04-08 12:14:18,308 {'product': [ErrorDetail(string=""JAVEL SUPER CLEAN 12� 1L n'est pas fourni par le fournisseur FOURNISSEUR CENTRALE"", code='invalid')]} - [L100044336JAVEL SUPER CLEAN 12� 1L           00000178520000300000012000000000010000000060298000000680000 6186000015146 00000000000001785200036058] | 2026-04-08 12:14:18,316 {'product': [ErrorDetail(string=""SIROP MENTH BTL 1L BARDINET n'est pas fourni par le fournisseur FOURNISSEUR CENTRALE"", code='invalid')]} - [L030006103SIROP MENTH BTL 1L BARDINET        00000174340000100000012000000000020000000216884000002800000 3014409003026 00000000000001743400041739] | 2026-04-08 12:14:18,322 {'product': [ErrorDetail(string=""DENT CHARBON CITR 130G SIGNAL n'est pas fourni par le fournisseur FOURNISSEUR CENTRALE"", code='invalid')]} - [L100686800DENT CHARBON CITR 130G SIGNAL      00000178470000500000024000000000040000000073278000000900000 8934839133559 00000000000001784700034367] | 2026-04-08 12:14:18,326 {'product': [ErrorDetail(string=""NETTOY VITRE SPRAY 80CL SUPER CLEA n'est pas fourni par le fournisseur FOURNISSEUR CENTRALE"", code='invalid')]} - [L100044340NETTOY VITRE SPRAY 80CL SUPER CLEA 00000178520000400000012000000000010000000101480000001150000 6186000015405 00000000000001785200036058] | 2026-04-08 12:14:18,340 {'product': [ErrorDetail(string=""DENT PRO HEALTH FRESH 93G ORAL B n'est pas fourni par le fournisseur FOURNISSEUR CENTRALE"", code='invalid')]} - [L100718109DENT PRO HEALTH FRESH 93G ORAL B   00000178470000600000024000000000010000000151158000001900000 8006540885116 00000000000001784700034367] | 2026-04-08 12:14:18,343 fin intégration: (20ea1656-a5b7-4006-9078-635ca4989841) | fichier: /srv/import/357/Fac_357_00237262.LC | 7 lignes formatées | 6 lignes en erreurs | 1 lignes crées | 0 lignes mises à jour | 0 lignes supprimées | 2026-04-08 12:14:18,344 {'product': [ErrorDetail(string=""JAVEL SUPER CLEAN 8� 1L n'est pas fourni par le fournisseur FOURNISSEUR CENTRALE"", code='invalid')]} - [L100044345JAVEL SUPER CLEAN 8� 1L            00000178520000500000048000000000040000000057348000000590000 6186000015177 00000000000001785200036049] | 2026-04-08 12:14:18,347 {'product': [ErrorDetail(string=""BOISS ENERG BTE 4X250ML RED BULL n'est pas fourni par le fournisseur FOURNISSEUR CENTRALE"", code='invalid')]} - [L100108495BOISS ENERG BTE 4X250ML RED BULL   00000174340000200000006000000000010000000330046000003500000 9002490100490 00000000000001743400041739] | 2026-04-08 12:14:18,362 {'product': [ErrorDetail(string=""LIQ VAISS CITR 90CL SUPER n'est pas fourni par le fournisseur FOURNISSEUR CENTRALE"", code='invalid')]} - [L100047762LIQ VAISS CITR 90CL SUPER          00000178520000600000012000000000010000000082482000001000000 6186000015269 00000000000001785200036058] | 2026-04-08 12:14:18,366 {'product': [ErrorDetail(string=""PANACH BLDE 1,2� 10X25CL AMI FRITZ n'est pas fourni par le fournisseur FOURNISSEUR CENTRALE"", code='invalid')]} - [L100143197PANACH BLDE 1,2� 10X25CL AMI FRITZ 00000174340000300000006000000000030000000443444000004800000 3244850005304 00000000000001743400041739] | 2026-04-08 12:14:18,379 {'product': [ErrorDetail(string=""SAV LIQ CITR 4L SUPER CLEAN n'est pas fourni par le fournisseur FOURNISSEUR CENTRALE"", code='invalid')]} - [L100047842SAV LIQ CITR 4L SUPER CLEAN        00000178520000700000008000000000020000000256414000002875000 6186000015337 00000000000001785200036049] | 2026-04-08 12:14:18,383 {'product': [ErrorDetail(string=""BOISS ENERG SS BTE 4X25CL RED BULL n'est pas fourni par le fournisseur FOURNISSEUR CENTRALE"", code='invalid')]} - [L100625501BOISS ENERG SS BTE 4X25CL RED BULL 00000174340000400000006000000000010000000571828000006100000 9002490200381 00000000000001743400041739] | 2026-04-08 12:14:18,390 fin intégration: (6c62f2e2-4921-456f-a424-7ffb11122b01) | fichier: /srv/import/372/Fac_372_00216145.LC | 5 lignes formatées | 4 lignes en erreurs | 1 lignes crées | 0 lignes mises à jour | 0 lignes supprimées | 2026-04-08 12:14:18,399 {'product': [ErrorDetail(string=""LESS PDRE ST NIL 180G n'est pas fourni par le fournisseur FOURNISSEUR CENTRALE"", code='invalid')]} - [L100085517LESS PDRE ST NIL 180G              00000178520000800000024000000000240000000025960000000290000 6186000820382 00000000000001785200036058]";372;CASH IVOIRE U MAROC
pos18;POS 18;2026-04-09T18:57:06.973160+00:00;20ea1656-a5b7-4006-9078-635ca4989841;2026-04-08T12:14:18.118908;2026-04-08T12:14:18.370531;30;import de données;delivery;livraison;0;erreur;interne;"Extrait du rapport d'import: | 2026-04-08 12:14:18,254 fin intégration: (f772f899-c9b1-4507-8db6-884d0c7c680f) | fichier: /srv/import/354/Fac_354_00216158.LC | 2 lignes formatées | 0 lignes en erreurs | 2 lignes crées | 0 lignes mises à jour | 0 lignes supprimées | 2026-04-08 12:14:18,257 {'product': [ErrorDetail(string=""JAVEL 8� 4L SUPER CLEAN n'est pas fourni par le fournisseur FOURNISSEUR CENTRALE"", code='invalid')]} - [L100044334JAVEL 8� 4L SUPER CLEAN            00000178520000100000012000000000030000000165908000001775000 8250200052251 00000000000001785200036058] | 2026-04-08 12:14:18,263 {'product': [ErrorDetail(string=""CR VIS GOM SIVODERM 10CL n'est pas fourni par le fournisseur FOURNISSEUR CENTRALE"", code='invalid')]} - [L100297557CR VIS GOM SIVODERM 10CL           00000178470000200000024000000000040000000043188000000590000 6181100328752 00000000000001784700034370] | 2026-04-08 12:14:18,281 {'product': [ErrorDetail(string=""JAVEL SUPER CLEAN 12� 4L n'est pas fourni par le fournisseur FOURNISSEUR CENTRALE"", code='invalid')]} - [L100044335JAVEL SUPER CLEAN 12� 4L           00000178520000200000012000000000030000000188564000001975000 8250200062250 00000000000001785200036058] | 2026-04-08 12:14:18,284 {'product': [ErrorDetail(string=""BDB FRAICH INT 50CL LISTERINE n'est pas fourni par le fournisseur FOURNISSEUR CENTRALE"", code='invalid')]} - [L100404131BDB FRAICH INT 50CL LISTERINE      00000178470000300000012000000000010000000273642000003300000 3574661811314 00000000000001784700034367] | 2026-04-08 12:14:18,304 {'product': [ErrorDetail(string=""BDB REFLEX 225ML GANDOUR n'est pas fourni par le fournisseur FOURNISSEUR CENTRALE"", code='invalid')]} - [L100536838BDB REFLEX 225ML GANDOUR           00000178470000400000036000000000010000000039766000000550000 6182000131992 00000000000001784700034367] | 2026-04-08 12:14:18,308 {'product': [ErrorDetail(string=""JAVEL SUPER CLEAN 12� 1L n'est pas fourni par le fournisseur FOURNISSEUR CENTRALE"", code='invalid')]} - [L100044336JAVEL SUPER CLEAN 12� 1L           00000178520000300000012000000000010000000060298000000680000 6186000015146 00000000000001785200036058] | 2026-04-08 12:14:18,316 {'product': [ErrorDetail(string=""SIROP MENTH BTL 1L BARDINET n'est pas fourni par le fournisseur FOURNISSEUR CENTRALE"", code='invalid')]} - [L030006103SIROP MENTH BTL 1L BARDINET        00000174340000100000012000000000020000000216884000002800000 3014409003026 00000000000001743400041739] | 2026-04-08 12:14:18,322 {'product': [ErrorDetail(string=""DENT CHARBON CITR 130G SIGNAL n'est pas fourni par le fournisseur FOURNISSEUR CENTRALE"", code='invalid')]} - [L100686800DENT CHARBON CITR 130G SIGNAL      00000178470000500000024000000000040000000073278000000900000 8934839133559 00000000000001784700034367] | 2026-04-08 12:14:18,326 {'product': [ErrorDetail(string=""NETTOY VITRE SPRAY 80CL SUPER CLEA n'est pas fourni par le fournisseur FOURNISSEUR CENTRALE"", code='invalid')]} - [L100044340NETTOY VITRE SPRAY 80CL SUPER CLEA 00000178520000400000012000000000010000000101480000001150000 6186000015405 00000000000001785200036058] | 2026-04-08 12:14:18,340 {'product': [ErrorDetail(string=""DENT PRO HEALTH FRESH 93G ORAL B n'est pas fourni par le fournisseur FOURNISSEUR CENTRALE"", code='invalid')]} - [L100718109DENT PRO HEALTH FRESH 93G ORAL B   00000178470000600000024000000000010000000151158000001900000 8006540885116 00000000000001784700034367] | 2026-04-08 12:14:18,343 fin intégration: (20ea1656-a5b7-4006-9078-635ca4989841) | fichier: /srv/import/357/Fac_357_00237262.LC | 7 lignes formatées | 6 lignes en erreurs | 1 lignes crées | 0 lignes mises à jour | 0 lignes supprimées | 2026-04-08 12:14:18,344 {'product': [ErrorDetail(string=""JAVEL SUPER CLEAN 8� 1L n'est pas fourni par le fournisseur FOURNISSEUR CENTRALE"", code='invalid')]} - [L100044345JAVEL SUPER CLEAN 8� 1L            00000178520000500000048000000000040000000057348000000590000 6186000015177 00000000000001785200036049] | 2026-04-08 12:14:18,347 {'product': [ErrorDetail(string=""BOISS ENERG BTE 4X250ML RED BULL n'est pas fourni par le fournisseur FOURNISSEUR CENTRALE"", code='invalid')]} - [L100108495BOISS ENERG BTE 4X250ML RED BULL   00000174340000200000006000000000010000000330046000003500000 9002490100490 00000000000001743400041739] | 2026-04-08 12:14:18,362 {'product': [ErrorDetail(string=""LIQ VAISS CITR 90CL SUPER n'est pas fourni par le fournisseur FOURNISSEUR CENTRALE"", code='invalid')]} - [L100047762LIQ VAISS CITR 90CL SUPER          00000178520000600000012000000000010000000082482000001000000 6186000015269 00000000000001785200036058] | 2026-04-08 12:14:18,366 {'product': [ErrorDetail(string=""PANACH BLDE 1,2� 10X25CL AMI FRITZ n'est pas fourni par le fournisseur FOURNISSEUR CENTRALE"", code='invalid')]} - [L100143197PANACH BLDE 1,2� 10X25CL AMI FRITZ 00000174340000300000006000000000030000000443444000004800000 3244850005304 00000000000001743400041739]";357;CASH IVOIRE U REMBLAIS
pos18;POS 18;2026-04-09T18:57:06.973160+00:00;f772f899-c9b1-4507-8db6-884d0c7c680f;2026-04-08T12:14:18.103330;2026-04-08T12:14:18.256770;30;import de données;delivery;livraison;2;succès;interne;Import livraison: | fin intégration: (f772f899-c9b1-4507-8db6-884d0c7c680f) | fichier: /srv/import/354/Fac_354_00216158.LC | 2 lignes formatées | 0 lignes en erreurs | 2 lignes crées | 0 lignes mises à jour | 0 lignes supprimées;354;CASH IVOIRE U TOITS ROUGES
pos18;POS 18;2026-04-09T18:57:06.973160+00:00;d1ae9aa0-841b-4e10-b4cf-a13eb29cfd6f;2026-04-08T12:13:18.175012;2026-04-08T12:13:19.454716;30;import de données;delivery;livraison;2;succès;interne;Import livraison: | fin intégration: (d1ae9aa0-841b-4e10-b4cf-a13eb29cfd6f) | fichier: /srv/import/376/Fac_376_00216139.LC | 2 lignes formatées | 0 lignes en erreurs | 2 lignes crées | 0 lignes mises à jour | 0 lignes supprimées;376;CASH IVOIRE U SICOGI ANGRE
pos18;POS 18;2026-04-09T18:57:06.973160+00:00;6d419abf-1b2a-42cf-be6b-8e72ffa964e3;2026-04-08T12:13:18.160040;2026-04-08T12:13:18.308607;30;import de données;delivery;livraison;0;erreur;interne;"Extrait du rapport d'import: | 1 lignes crées | 0 lignes mises à jour | 0 lignes supprimées | 2026-04-08 12:13:18,255 {'product': [ErrorDetail(string=""PALETTE APAL  80*120 n'est pas fourni par le fournisseur FOURNISSEUR CENTRALE"", code='invalid')]} - [L100514060PALETTE APAL  80*120               00000174910000100000005000000000050000001049138000010490000 2001005140607 00000000000001749103910978] | 2026-04-08 12:13:18,259 fin intégration: (e27a7abd-6ca1-4037-ab72-f0940b77c960) | fichier: /srv/import/368/Fac_368_00216219.LC | 2 lignes formatées | 1 lignes en erreurs | 1 lignes crées | 0 lignes mises à jour | 0 lignes supprimées | 2026-04-08 12:13:18,271 fin intégration: (8812ebdb-a190-4ae7-939d-c7edbacd436f) | fichier: /srv/import/354/Fac_354_00216157.LC | 3 lignes formatées | 0 lignes en erreurs | 3 lignes crées | 0 lignes mises à jour | 0 lignes supprimées | 2026-04-08 12:13:18,275 {'product': [ErrorDetail(string=""JUS OR BTE 25CL PRESSEA n'est pas fourni par le fournisseur FOURNISSEUR CENTRALE"", code='invalid')]} - [L100690898JUS OR BTE 25CL PRESSEA            00000174320000100000024000000000010000000035872000000450000 6186000806072 00000000000001743200041740] | 2026-04-08 12:13:18,279 fin intégration: (6d419abf-1b2a-42cf-be6b-8e72ffa964e3) | fichier: /srv/import/372/Fac_372_00216144.LC | 2 lignes formatées | 1 lignes en erreurs | 1 lignes crées | 0 lignes mises à jour | 0 lignes supprimées";372;CASH IVOIRE U MAROC
pos18;POS 18;2026-04-09T18:57:06.973160+00:00;e27a7abd-6ca1-4037-ab72-f0940b77c960;2026-04-08T12:13:18.147718;2026-04-08T12:13:18.288029;30;import de données;delivery;livraison;0;erreur;interne;"Extrait du rapport d'import: | 1 lignes crées | 0 lignes mises à jour | 0 lignes supprimées | 2026-04-08 12:13:18,255 {'product': [ErrorDetail(string=""PALETTE APAL  80*120 n'est pas fourni par le fournisseur FOURNISSEUR CENTRALE"", code='invalid')]} - [L100514060PALETTE APAL  80*120               00000174910000100000005000000000050000001049138000010490000 2001005140607 00000000000001749103910978] | 2026-04-08 12:13:18,259 fin intégration: (e27a7abd-6ca1-4037-ab72-f0940b77c960) | fichier: /srv/import/368/Fac_368_00216219.LC | 2 lignes formatées | 1 lignes en erreurs | 1 lignes crées | 0 lignes mises à jour | 0 lignes supprimées | 2026-04-08 12:13:18,271 fin intégration: (8812ebdb-a190-4ae7-939d-c7edbacd436f) | fichier: /srv/import/354/Fac_354_00216157.LC | 3 lignes formatées | 0 lignes en erreurs | 3 lignes crées | 0 lignes mises à jour | 0 lignes supprimées | 2026-04-08 12:13:18,275 {'product': [ErrorDetail(string=""JUS OR BTE 25CL PRESSEA n'est pas fourni par le fournisseur FOURNISSEUR CENTRALE"", code='invalid')]} - [L100690898JUS OR BTE 25CL PRESSEA            00000174320000100000024000000000010000000035872000000450000 6186000806072 00000000000001743200041740] | 2026-04-08 12:13:18,279 fin intégration: (6d419abf-1b2a-42cf-be6b-8e72ffa964e3) | fichier: /srv/import/372/Fac_372_00216144.LC | 2 lignes formatées | 1 lignes en erreurs | 1 lignes crées | 0 lignes mises à jour | 0 lignes supprimées";368;CASH IVOIRE U SADIGUIBA
pos18;POS 18;2026-04-09T18:57:06.973160+00:00;8812ebdb-a190-4ae7-939d-c7edbacd436f;2026-04-08T12:13:18.124386;2026-04-08T12:13:18.274940;30;import de données;delivery;livraison;2;succès;interne;Import livraison: | fin intégration: (8812ebdb-a190-4ae7-939d-c7edbacd436f) | fichier: /srv/import/354/Fac_354_00216157.LC | 3 lignes formatées | 0 lignes en erreurs | 3 lignes crées | 0 lignes mises à jour | 0 lignes supprimées;354;CASH IVOIRE U TOITS ROUGES
pos18;POS 18;2026-04-09T18:57:06.973160+00:00;1f5d7a0f-2b5b-4289-8187-007191dde6cb;2026-04-08T12:13:18.136026;2026-04-08T12:13:18.267170;30;import de données;delivery;livraison;0;erreur;interne;"Extrait du rapport d'import: | 2026-04-08 12:13:18,130 fichier present: (['Fac_357_00237457.LC', 'Fac_357_00337251.LC', 'Fac_357_00337250.LC', 'Fac_357_00237263.LC', 'Fac_357_00237264.LC', 'Fac_357_00216308.LC', 'Fac_357_00237262.LC', 'Fac_357_00337252.LC'] - delivery) dans /srv/import/357/ | 2026-04-08 12:13:18,135 2 lignes lu dans le fichier /srv/import/357/Fac_357_00216308.LC | 2026-04-08 12:13:18,135 lancement intégration: (1f5d7a0f-2b5b-4289-8187-007191dde6cb) | 2026-04-08 12:13:18,142 fichier present: (['Fac_368_00237270.LC', 'Fac_368_00237267.LC', 'Fac_368_00216219.LC', 'Fac_368_00237271.LC', 'Fac_368_00237265.LC', 'Fac_368_00237337.LC', 'Fac_368_00237269.LC', 'Fac_368_00237268.LC', 'Fac_368_00237266.LC', 'Fac_368_00337258.LC'] - delivery) dans /srv/import/368/ | 2026-04-08 12:13:18,146 2 lignes lu dans le fichier /srv/import/368/Fac_368_00216219.LC | 2026-04-08 12:13:18,147 lancement intégration: (e27a7abd-6ca1-4037-ab72-f0940b77c960) | 2026-04-08 12:13:18,154 fichier present: (['Fac_372_00216149.LC', 'Fac_372_00216147.LC', 'Fac_372_00337260.LC', 'Fac_372_00237277.LC', 'Fac_372_00237273.LC', 'Fac_372_00237274.LC', 'Fac_372_00337262.LC', 'Fac_372_00337259.LC', 'Fac_372_00237278.LC', 'Fac_372_00216145.LC', 'Fac_372_00237275.LC', 'Fac_372_00216146.LC', 'Fac_372_00216144.LC', 'Fac_372_00216150.LC', 'Fac_372_00216148.LC', 'Fac_372_00237279.LC', 'Fac_372_00216217.LC', 'Fac_372_00337261.LC', 'Fac_372_00237276.LC', 'Fac_372_00337301.LC', 'Fac_372_00237272.LC', 'Fac_372_00237331.LC'] - delivery) dans /srv/import/372/ | 2026-04-08 12:13:18,159 2 lignes lu dans le fichier /srv/import/372/Fac_372_00216144.LC | 2026-04-08 12:13:18,159 lancement intégration: (6d419abf-1b2a-42cf-be6b-8e72ffa964e3) | 2026-04-08 12:13:18,170 fichier present: (['Fac_376_00337298.LC', 'Fac_376_00237290.LC', 'Fac_376_00237292.LC', 'Fac_376_00337263.LC', 'Fac_376_00216226.LC', 'Fac_376_00337267.LC', 'Fac_376_00337265.LC', 'Fac_376_00216139.LC', 'Fac_376_00216140.LC', 'Fac_376_00237295.LC', 'Fac_376_00237294.LC', 'Fac_376_00337266.LC', 'Fac_376_00237293.LC', 'Fac_376_00337264.LC', 'Fac_376_00237291.LC', 'Fac_376_00237340.LC'] - delivery) dans /srv/import/376/ | 2026-04-08 12:13:18,174 2 lignes lu dans le fichier /srv/import/376/Fac_376_00216139.LC | 2026-04-08 12:13:18,174 lancement intégration: (d1ae9aa0-841b-4e10-b4cf-a13eb29cfd6f) | 2026-04-08 12:13:18,235 {'product': [ErrorDetail(string=""PALETTE APAL  80*120 n'est pas fourni par le fournisseur FOURNISSEUR CENTRALE"", code='invalid')]} - [L100514060PALETTE APAL  80*120               00000175560000100000008000000000080000001049138000010490000 2001005140607 00000000000001755603911912] | 2026-04-08 12:13:18,238 fin intégration: (1f5d7a0f-2b5b-4289-8187-007191dde6cb) | fichier: /srv/import/357/Fac_357_00216308.LC | 2 lignes formatées | 1 lignes en erreurs | 1 lignes crées | 0 lignes mises à jour | 0 lignes supprimées | 2026-04-08 12:13:18,255 {'product': [ErrorDetail(string=""PALETTE APAL  80*120 n'est pas fourni par le fournisseur FOURNISSEUR CENTRALE"", code='invalid')]} - [L100514060PALETTE APAL  80*120               00000174910000100000005000000000050000001049138000010490000 2001005140607 00000000000001749103910978] | 2026-04-08 12:13:18,259 fin intégration: (e27a7abd-6ca1-4037-ab72-f0940b77c960) | fichier: /srv/import/368/Fac_368_00216219.LC | 2 lignes formatées | 1 lignes en erreurs | 1 lignes crées | 0 lignes mises à jour | 0 lignes supprimées";357;CASH IVOIRE U REMBLAIS
pos18;POS 18;2026-04-09T18:57:06.973160+00:00;cabf5240-d268-4395-8cde-2f6a4eb8e778;2026-04-08T12:12:18.188049;2026-04-08T12:12:20.321934;30;import de données;delivery;livraison;0;erreur;interne;"Extrait du rapport d'import: | 2026-04-08 12:12:19,043 {'product': [ErrorDetail(string=""VDF CAB SAUV GRDE VENDANGE n'est pas fourni par le fournisseur FOURNISSEUR CENTRALE"", code='invalid')]} - [L100654788VDF CAB SAUV GRDE VENDANGE         00000173440003500000006000000000010000000275176000003400000 3428720067481 00000000000001734400041742] | 2026-04-08 12:12:19,064 {'product': [ErrorDetail(string=""VIN ARG BLC SEC MENDOZA n'est pas fourni par le fournisseur FOURNISSEUR CENTRALE"", code='invalid')]} - [L100681834VIN ARG BLC SEC MENDOZA            00000173440003600000012000000000020000000140184000001800000 6186000690817 00000000000001734400041743] | 2026-04-08 12:12:19,086 {'product': [ErrorDetail(string=""VIN ARG CUVEE MENDOZA 14� 2023 n'est pas fourni par le fournisseur FOURNISSEUR CENTRALE"", code='invalid')]} - [L100681835VIN ARG CUVEE MENDOZA 14� 2023     00000173440003700000012000000000020000000173460000002500000 6186000690800 00000000000001734400041742] | 2026-04-08 12:12:19,108 {'product': [ErrorDetail(string=""VIN BLC MOUSSEUX CDF BTE 25CL n'est pas fourni par le fournisseur FOURNISSEUR CENTRALE"", code='invalid')]} - [L100681837VIN BLC MOUSSEUX CDF BTE 25CL      00000173440003800000024000000000010000000039530000000500000 6186000929009 00000000000001734400041741] | 2026-04-08 12:12:19,130 {'product': [ErrorDetail(string=""BDX CH COLOMBE EGLISE 2023 n'est pas fourni par le fournisseur FOURNISSEUR CENTRALE"", code='invalid')]} - [L100728872BDX CH COLOMBE EGLISE 2023         00000173440003900000006000000000010000000393058000004900000 3429673828051 00000000000001734400041742] | 2026-04-08 12:12:19,134 fin intégration: (46f99bf3-e041-48f6-8682-dfd4f844c6d6) | fichier: /srv/import/372/Fac_372_00216143.LC | 40 lignes formatées | 39 lignes en erreurs | 1 lignes crées | 0 lignes mises à jour | 0 lignes supprimées | 2026-04-08 12:12:19,696 {'product': [ErrorDetail(string=""BDX MOUTON CADET 14,5� 2022 n'est pas fourni par le fournisseur FOURNISSEUR CENTRALE"", code='invalid')]} - [L033244245BDX MOUTON CADET 14,5� 2022        00000173460000100000030000000000050000000610650000006990000 3262151001757 00000000000001734600036215] | 2026-04-08 12:12:19,716 {'product': [ErrorDetail(string=""VIN PORT RSE MATEUS n'est pas fourni par le fournisseur FOURNISSEUR CENTRALE"", code='invalid')]} - [L034549145VIN PORT RSE MATEUS                00000173460000200000006000000000010000000407454000005400000 5601012011500 00000000000001734600036215] | 2026-04-08 12:12:19,817 {'product': [ErrorDetail(string=""VIN ESP CASTEL DEL LUGAR 1L n'est pas fourni par le fournisseur FOURNISSEUR CENTRALE"", code='invalid')]} - [L100076213VIN ESP CASTEL DEL LUGAR 1L        00000173460000500000012000000000020000000206500000002250000 8413513121049 00000000000001734600036215] | 2026-04-08 12:12:19,845 {'product': [ErrorDetail(string=""VIN ESP BARON DEL LUGAR n'est pas fourni par le fournisseur FOURNISSEUR CENTRALE"", code='invalid')]} - [L100095880VIN ESP BARON DEL LUGAR            00000173460000600000018000000000030000000159300000001950000 8413513121032 00000000000001734600036215] | 2026-04-08 12:12:19,871 {'product': [ErrorDetail(string=""VIN ESP CUVEE ST JEAN n'est pas fourni par le fournisseur FOURNISSEUR CENTRALE"", code='invalid')]} - [L100135090VIN ESP CUVEE ST JEAN              00000173460000700000018000000000030000000153400000001900000 3760134431923 00000000000001734600036215] | 2026-04-08 12:12:19,933 {'product': [ErrorDetail(string=""VIN IT DON ANTONIO n'est pas fourni par le fournisseur FOURNISSEUR CENTRALE"", code='invalid')]} - [L100321310VIN IT DON ANTONIO                 00000173460000900000012000000000010000000165200000001950000 8413513000719 00000000000001734600036215] | 2026-04-08 12:12:20,189 {'product': [ErrorDetail(string=""VDCE POULET BICYCLETTE 13� n'est pas fourni par le fournisseur FOURNISSEUR CENTRALE"", code='invalid')]} - [L100595464VDCE POULET BICYCLETTE 13�         00000173460001700000018000000000030000000245676000003050000 3760217679037 00000000000001734600036215] | 2026-04-08 12:12:20,214 {'product': [ErrorDetail(string=""PETILLANT ANAS CRISTELOR 75CL n'est pas fourni par le fournisseur FOURNISSEUR CENTRALE"", code='invalid')]} - [L100619824PETILLANT ANAS CRISTELOR 75CL      00000173460001800000012000000000020000000162250000002000000 6186000136063 00000000000001734600036215] | 2026-04-08 12:12:20,235 {'product': [ErrorDetail(string=""PETILLANT MANG CRISTELOR 75CL n'est pas fourni par le fournisseur FOURNISSEUR CENTRALE"", code='invalid')]} - [L100619825PETILLANT MANG CRISTELOR 75CL      00000173460001900000012000000000020000000162250000002000000 6186000136223 00000000000001734600036215] | 2026-04-08 12:12:20,301 fin intégration: (cabf5240-d268-4395-8cde-2f6a4eb8e778) | fichier: /srv/import/376/Fac_376_00216138.LC | 22 lignes formatées | 9 lignes en erreurs | 13 lignes crées | 0 lignes mises à jour | 0 lignes supprimées";376;CASH IVOIRE U SICOGI ANGRE
pos18;POS 18;2026-04-09T18:57:06.973160+00:00;46f99bf3-e041-48f6-8682-dfd4f844c6d6;2026-04-08T12:12:18.167477;2026-04-08T12:12:19.156323;30;import de données;delivery;livraison;0;erreur;interne;"Extrait du rapport d'import: | 2026-04-08 12:12:18,820 fin intégration: (95c940ef-2fcb-4643-81c7-bfb5ca2fe070) | fichier: /srv/import/357/Fac_357_00216161.LC | 26 lignes formatées | 25 lignes en erreurs | 1 lignes crées | 0 lignes mises à jour | 0 lignes supprimées | 2026-04-08 12:12:18,840 {'product': [ErrorDetail(string=""IGP OC BLC MOEL MUSCAT R.MAZET 2024 n'est pas fourni par le fournisseur FOURNISSEUR CENTRALE"", code='invalid')]} - [L100518668IGP OC BLC MOEL MUSCAT R.MAZET 202400000173440002600000006000000000010000000396716000005000000 3175529644916 00000000000001734400041742] | 2026-04-08 12:12:18,861 {'product': [ErrorDetail(string=""PET RAIS RGE 75CL REND-VOUS n'est pas fourni par le fournisseur FOURNISSEUR CENTRALE"", code='invalid')]} - [L100533381PET RAIS RGE 75CL REND-VOUS        00000173440002700000006000000000010000000210866000002625000 3272850203192 00000000000001734400041741] | 2026-04-08 12:12:18,883 {'product': [ErrorDetail(string=""PET RAIS BLC 75CL REND-VOUS n'est pas fourni par le fournisseur FOURNISSEUR CENTRALE"", code='invalid')]} - [L100533383PET RAIS BLC 75CL REND-VOUS        00000173440002800000006000000000010000000210866000002625000 3272850203185 00000000000001734400041741] | 2026-04-08 12:12:18,910 {'product': [ErrorDetail(string=""PET COCKT BLEU 75CL REND-VOUS n'est pas fourni par le fournisseur FOURNISSEUR CENTRALE"", code='invalid')]} - [L100533397PET COCKT BLEU 75CL REND-VOUS      00000173440002900000006000000000010000000210866000002625000 3272850044757 00000000000001734400041741] | 2026-04-08 12:12:18,936 {'product': [ErrorDetail(string=""VDT CHATEAUX DE FRANCE RGE 12� 75CL n'est pas fourni par le fournisseur FOURNISSEUR CENTRALE"", code='invalid')]} - [L100544995VDT CHATEAUX DE FRANCE RGE 12� 75CL00000173440003000000012000000000010000000089916000001100000 6186000929351 00000000000001734400041742] | 2026-04-08 12:12:18,957 {'product': [ErrorDetail(string=""VDT BLC TETRA 50CL CH SAINT BERNARD n'est pas fourni par le fournisseur FOURNISSEUR CENTRALE"", code='invalid')]} - [L100567469VDT BLC TETRA 50CL CH SAINT BERNARD00000173440003100000024000000000010000000057230000000725000 6186000212491 00000000000001734400041742] | 2026-04-08 12:12:18,981 {'product': [ErrorDetail(string=""VDCE POULET BICYCLETTE 13� n'est pas fourni par le fournisseur FOURNISSEUR CENTRALE"", code='invalid')]} - [L100595464VDCE POULET BICYCLETTE 13�         00000173440003200000006000000000010000000245676000003050000 3760217679037 00000000000001734400041742] | 2026-04-08 12:12:19,002 {'product': [ErrorDetail(string=""VIN DON SIMON BTLE n'est pas fourni par le fournisseur FOURNISSEUR CENTRALE"", code='invalid')]} - [L100600262VIN DON SIMON BTLE                 00000173440003300000012000000000020000000153754000001975000 8410261271316 00000000000001734400041742] | 2026-04-08 12:12:19,022 {'product': [ErrorDetail(string=""JUS POM PETILLANT BIO 75CL U n'est pas fourni par le fournisseur FOURNISSEUR CENTRALE"", code='invalid')]} - [L100631254JUS POM PETILLANT BIO 75CL U       00000173440003400000006000000000010000000281666000003500000 3256228415189 00000000000001734400041741] | 2026-04-08 12:12:19,043 {'product': [ErrorDetail(string=""VDF CAB SAUV GRDE VENDANGE n'est pas fourni par le fournisseur FOURNISSEUR CENTRALE"", code='invalid')]} - [L100654788VDF CAB SAUV GRDE VENDANGE         00000173440003500000006000000000010000000275176000003400000 3428720067481 00000000000001734400041742] | 2026-04-08 12:12:19,064 {'product': [ErrorDetail(string=""VIN ARG BLC SEC MENDOZA n'est pas fourni par le fournisseur FOURNISSEUR CENTRALE"", code='invalid')]} - [L100681834VIN ARG BLC SEC MENDOZA            00000173440003600000012000000000020000000140184000001800000 6186000690817 00000000000001734400041743] | 2026-04-08 12:12:19,086 {'product': [ErrorDetail(string=""VIN ARG CUVEE MENDOZA 14� 2023 n'est pas fourni par le fournisseur FOURNISSEUR CENTRALE"", code='invalid')]} - [L100681835VIN ARG CUVEE MENDOZA 14� 2023     00000173440003700000012000000000020000000173460000002500000 6186000690800 00000000000001734400041742] | 2026-04-08 12:12:19,108 {'product': [ErrorDetail(string=""VIN BLC MOUSSEUX CDF BTE 25CL n'est pas fourni par le fournisseur FOURNISSEUR CENTRALE"", code='invalid')]} - [L100681837VIN BLC MOUSSEUX CDF BTE 25CL      00000173440003800000024000000000010000000039530000000500000 6186000929009 00000000000001734400041741] | 2026-04-08 12:12:19,130 {'product': [ErrorDetail(string=""BDX CH COLOMBE EGLISE 2023 n'est pas fourni par le fournisseur FOURNISSEUR CENTRALE"", code='invalid')]} - [L100728872BDX CH COLOMBE EGLISE 2023         00000173440003900000006000000000010000000393058000004900000 3429673828051 00000000000001734400041742] | 2026-04-08 12:12:19,134 fin intégration: (46f99bf3-e041-48f6-8682-dfd4f844c6d6) | fichier: /srv/import/372/Fac_372_00216143.LC | 40 lignes formatées | 39 lignes en erreurs | 1 lignes crées | 0 lignes mises à jour | 0 lignes supprimées";372;CASH IVOIRE U MAROC
pos18;POS 18;2026-04-09T18:57:06.973160+00:00;95c940ef-2fcb-4643-81c7-bfb5ca2fe070;2026-04-08T12:12:18.132861;2026-04-08T12:12:18.853393;30;import de données;delivery;livraison;0;erreur;interne;"Extrait du rapport d'import: | 0 lignes mises à jour | 0 lignes supprimées | 2026-04-08 12:12:18,601 {'product': [ErrorDetail(string=""BERGERAC CH ROUSSEAU 2020 n'est pas fourni par le fournisseur FOURNISSEUR CENTRALE"", code='invalid')]} - [L100341431BERGERAC CH ROUSSEAU 2020          00000173380001700000006000000000010000000382556000004900000 3263286316624 00000000000001733800034383] | 2026-04-08 12:12:18,609 {'product': [ErrorDetail(string=""VIN IT BLC DON ANTONIO n'est pas fourni par le fournisseur FOURNISSEUR CENTRALE"", code='invalid')]} - [L100321314VIN IT BLC DON ANTONIO             00000173440001700000012000000000010000000165200000001950000 8413513000726 00000000000001734400041742] | 2026-04-08 12:12:18,628 {'product': [ErrorDetail(string=""SANGRIA TETRA BRK 13� 25CL CH FRCE n'est pas fourni par le fournisseur FOURNISSEUR CENTRALE"", code='invalid')]} - [L100407639SANGRIA TETRA BRK 13� 25CL CH FRCE 00000173380001800000048000000000010000000028320000000350000 6186000087990 00000000000001733800034383] | 2026-04-08 12:12:18,629 {'product': [ErrorDetail(string=""VDCE MOEL BARON ARIGNAC RGE n'est pas fourni par le fournisseur FOURNISSEUR CENTRALE"", code='invalid')]} - [L100337480VDCE MOEL BARON ARIGNAC RGE        00000173440001800000006000000000010000000308570000003850000 3500610051135 00000000000001734400041742] | 2026-04-08 12:12:18,656 {'product': [ErrorDetail(string=""VIN MOUSS 1/2 SEC BARON ARIGNAC n'est pas fourni par le fournisseur FOURNISSEUR CENTRALE"", code='invalid')]} - [L100337501VIN MOUSS 1/2 SEC BARON ARIGNAC    00000173440001900000030000000000050000000382556000004800000 3500610033629 00000000000001734400041743] | 2026-04-08 12:12:18,660 {'product': [ErrorDetail(string=""VIN SOUVENIRS n'est pas fourni par le fournisseur FOURNISSEUR CENTRALE"", code='invalid')]} - [L100415408VIN SOUVENIRS                      00000173380001900000018000000000030000000205674000002600000 8436570001154 00000000000001733800034383] | 2026-04-08 12:12:18,684 {'product': [ErrorDetail(string=""VIN ESP PETITE VEND n'est pas fourni par le fournisseur FOURNISSEUR CENTRALE"", code='invalid')]} - [L100385620VIN ESP PETITE VEND                00000173440002000000024000000000020000000159300000001950000 8413513121087 00000000000001734400041742] | 2026-04-08 12:12:18,690 {'product': [ErrorDetail(string=""VIN BLC MOEL SOUVENIRS n'est pas fourni par le fournisseur FOURNISSEUR CENTRALE"", code='invalid')]} - [L100415409VIN BLC MOEL SOUVENIRS             00000173380002000000012000000000020000000205674000002600000 8436570001178 00000000000001733800034383] | 2026-04-08 12:12:18,708 {'product': [ErrorDetail(string=""VIN MOUSS RSE 1/2 SEC BARON ARIGNAC n'est pas fourni par le fournisseur FOURNISSEUR CENTRALE"", code='invalid')]} - [L100400930VIN MOUSS RSE 1/2 SEC BARON ARIGNAC00000173440002100000012000000000020000000382556000004800000 3500610108396 00000000000001734400041743] | 2026-04-08 12:12:18,714 {'product': [ErrorDetail(string=""VIN MONTMEYRAC n'est pas fourni par le fournisseur FOURNISSEUR CENTRALE"", code='invalid')]} - [L100482950VIN MONTMEYRAC                     00000173380002100000012000000000020000000220660000002600000 8436576360774 00000000000001733800034383] | 2026-04-08 12:12:18,735 {'product': [ErrorDetail(string=""VIN SOUVENIRS n'est pas fourni par le fournisseur FOURNISSEUR CENTRALE"", code='invalid')]} - [L100415408VIN SOUVENIRS                      00000173440002200000006000000000010000000205674000002600000 8436570001154 00000000000001734400041742] | 2026-04-08 12:12:18,737 {'product': [ErrorDetail(string=""VIN ROUGE MOEL SOUVENIS n'est pas fourni par le fournisseur FOURNISSEUR CENTRALE"", code='invalid')]} - [L100558070VIN ROUGE MOEL SOUVENIS            00000173380002200000018000000000030000000205674000002600000 8436570001161 00000000000001733800034383] | 2026-04-08 12:12:18,759 {'product': [ErrorDetail(string=""BDX HAUSSMAN 2021 n'est pas fourni par le fournisseur FOURNISSEUR CENTRALE"", code='invalid')]} - [L100438763BDX HAUSSMAN 2021                  00000173440002300000006000000000010000000532770000007200000 3438910862604 00000000000001734400041742] | 2026-04-08 12:12:18,760 {'product': [ErrorDetail(string=""VIN DON SIMON BTLE n'est pas fourni par le fournisseur FOURNISSEUR CENTRALE"", code='invalid')]} - [L100600262VIN DON SIMON BTLE                 00000173380002300000012000000000020000000153754000001975000 8410261271316 00000000000001733800034383] | 2026-04-08 12:12:18,785 {'product': [ErrorDetail(string=""VIN MONTMEYRAC n'est pas fourni par le fournisseur FOURNISSEUR CENTRALE"", code='invalid')]} - [L100482950VIN MONTMEYRAC                     00000173440002400000012000000000020000000220660000002600000 8436576360774 00000000000001734400041742] | 2026-04-08 12:12:18,789 {'product': [ErrorDetail(string=""BDX LA GRANDE VENDANGE 13,5� 2023 n'est pas fourni par le fournisseur FOURNISSEUR CENTRALE"", code='invalid')]} - [L100654784BDX LA GRANDE VENDANGE 13,5� 2023  00000173380002400000006000000000010000000302788000003750000 3428720067474 00000000000001733800034383] | 2026-04-08 12:12:18,810 {'product': [ErrorDetail(string=""BDX CHEVALIER CAVINAL 2024 n'est pas fourni par le fournisseur FOURNISSEUR CENTRALE"", code='invalid')]} - [L100497762BDX CHEVALIER CAVINAL 2024         00000173440002500000006000000000010000000288156000003950000 3500610137501 00000000000001734400041742] | 2026-04-08 12:12:18,814 {'product': [ErrorDetail(string=""VIN MOUSS 0� JP CHENET ICE EDITION n'est pas fourni par le fournisseur FOURNISSEUR CENTRALE"", code='invalid')]} - [L100704699VIN MOUSS 0� JP CHENET ICE EDITION 00000173380002500000006000000000010000000546930000006800000 3500610172748 00000000000001733800034383] | 2026-04-08 12:12:18,820 fin intégration: (95c940ef-2fcb-4643-81c7-bfb5ca2fe070) | fichier: /srv/import/357/Fac_357_00216161.LC | 26 lignes formatées | 25 lignes en erreurs | 1 lignes crées | 0 lignes mises à jour | 0 lignes supprimées | 2026-04-08 12:12:18,840 {'product': [ErrorDetail(string=""IGP OC BLC MOEL MUSCAT R.MAZET 2024 n'est pas fourni par le fournisseur FOURNISSEUR CENTRALE"", code='invalid')]} - [L100518668IGP OC BLC MOEL MUSCAT R.MAZET 202400000173440002600000006000000000010000000396716000005000000 3175529644916 00000000000001734400041742]";357;CASH IVOIRE U REMBLAIS
pos18;POS 18;2026-04-09T18:57:06.973160+00:00;bd0b2010-0f66-4ab1-9408-45da4691cde1;2026-04-08T12:12:18.107877;2026-04-08T12:12:18.598957;30;import de données;delivery;livraison;2;succès;interne;Import livraison: | fin intégration: (bd0b2010-0f66-4ab1-9408-45da4691cde1) | fichier: /srv/import/354/Fac_354_00216156.LC | 14 lignes formatées | 0 lignes en erreurs | 14 lignes crées | 0 lignes mises à jour | 0 lignes supprimées;354;CASH IVOIRE U TOITS ROUGES
pos18;POS 18;2026-04-09T18:57:06.973160+00:00;dea4fd88-e3a5-41de-8a0e-6f25fa039316;2026-04-08T12:12:18.152799;2026-04-08T12:12:18.530560;30;import de données;delivery;livraison;0;erreur;interne;"Extrait du rapport d'import: | 2026-04-08 12:12:18,384 {'product': [ErrorDetail(string=""VDT MOEL DEUX ANGES n'est pas fourni par le fournisseur FOURNISSEUR CENTRALE"", code='invalid')]} - [L100133224VDT MOEL DEUX ANGES                00000173380000700000012000000000020000000276237100003500000 3291890011765 00000000000001733800034383] | 2026-04-08 12:12:18,396 {'product': [ErrorDetail(string=""CDR VILL U 14,5� 2023 n'est pas fourni par le fournisseur FOURNISSEUR CENTRALE"", code='invalid')]} - [L100464521CDR VILL U 14,5� 2023              00000173420000700000012000000000020000000474360000005900000 3256220850056 00000000000001734200036053] | 2026-04-08 12:12:18,396 {'product': [ErrorDetail(string=""VDCE RSE BARON D'ARIGNAC n'est pas fourni par le fournisseur FOURNISSEUR CENTRALE"", code='invalid')]} - [L100029604VDCE RSE BARON D'ARIGNAC           00000173440000600000006000000000010000000285324000003600000 3500610051111 00000000000001734400041742] | 2026-04-08 12:12:18,403 {'product': [ErrorDetail(string=""VDT MOEL JOPALOR BLC n'est pas fourni par le fournisseur FOURNISSEUR CENTRALE"", code='invalid')]} - [L100280546VDT MOEL JOPALOR BLC               00000173380000800000024000000000040000000247800000002950000 3291890024796 00000000000001733800034383] | 2026-04-08 12:12:18,414 {'product': [ErrorDetail(string=""BERGERAC FONSECOST U 75CL 2023 n'est pas fourni par le fournisseur FOURNISSEUR CENTRALE"", code='invalid')]} - [L100464537BERGERAC FONSECOST U 75CL 2023     00000173420000800000006000000000010000000399666000005000000 3256220652636 00000000000001734200036053] | 2026-04-08 12:12:18,414 {'product': [ErrorDetail(string=""VIN ESP CASTEL DEL LUGAR 1L n'est pas fourni par le fournisseur FOURNISSEUR CENTRALE"", code='invalid')]} - [L100076213VIN ESP CASTEL DEL LUGAR 1L        00000173440000700000012000000000020000000206500000002250000 8413513121049 00000000000001734400041742] | 2026-04-08 12:12:18,424 {'product': [ErrorDetail(string=""BDX CH ROUGIER 2024 n'est pas fourni par le fournisseur FOURNISSEUR CENTRALE"", code='invalid')]} - [L100293826BDX CH ROUGIER 2024                00000173380000900000006000000000010000000366980000004900000 3455441532905 00000000000001733800034383] | 2026-04-08 12:12:18,434 {'product': [ErrorDetail(string=""VIN ESP BARON DEL LUGAR n'est pas fourni par le fournisseur FOURNISSEUR CENTRALE"", code='invalid')]} - [L100095880VIN ESP BARON DEL LUGAR            00000173440000800000012000000000020000000159300000001950000 8413513121032 00000000000001734400041742] | 2026-04-08 12:12:18,434 {'product': [ErrorDetail(string=""VIN MONTMEYRAC n'est pas fourni par le fournisseur FOURNISSEUR CENTRALE"", code='invalid')]} - [L100482950VIN MONTMEYRAC                     00000173420000900000006000000000010000000220660000002600000 8436576360774 00000000000001734200036053] | 2026-04-08 12:12:18,444 {'product': [ErrorDetail(string=""VIN MOUSS JP CHENET ICE n'est pas fourni par le fournisseur FOURNISSEUR CENTRALE"", code='invalid')]} - [L100309271VIN MOUSS JP CHENET ICE            00000173380001000000006000000000010000000453235900005700000 3500610085338 00000000000001733800034383] | 2026-04-08 12:12:18,453 {'product': [ErrorDetail(string=""VDT MOEL BARON TILLAC n'est pas fourni par le fournisseur FOURNISSEUR CENTRALE"", code='invalid')]} - [L100109480VDT MOEL BARON TILLAC              00000173440000900000006000000000010000000276331800003500000 3291890006235 00000000000001734400041742] | 2026-04-08 12:12:18,453 {'product': [ErrorDetail(string=""IGP OC BLC MOEL MUSCAT R.MAZET 2024 n'est pas fourni par le fournisseur FOURNISSEUR CENTRALE"", code='invalid')]} - [L100518668IGP OC BLC MOEL MUSCAT R.MAZET 202400000173420001000000006000000000010000000396716000005000000 3175529644916 00000000000001734200036053] | 2026-04-08 12:12:18,466 {'product': [ErrorDetail(string=""VIN IT RSE DON ANTONIO 2025 n'est pas fourni par le fournisseur FOURNISSEUR CENTRALE"", code='invalid')]} - [L100321312VIN IT RSE DON ANTONIO 2025        00000173380001100000024000000000020000000165200000001950000 8413513000757 00000000000001733800034383] | 2026-04-08 12:12:18,471 {'product': [ErrorDetail(string=""BDX CH PIED ARG CV HT COUT 14� 2023 n'est pas fourni par le fournisseur FOURNISSEUR CENTRALE"", code='invalid')]} - [L100596885BDX CH PIED ARG CV HT COUT 14� 202300000173420001100000012000000000020000000471056000006100000 3500610114953 00000000000001734200036053] | 2026-04-08 12:12:18,472 {'product': [ErrorDetail(string=""VIN BARON DEL LUGAR RSE 75CL n'est pas fourni par le fournisseur FOURNISSEUR CENTRALE"", code='invalid')]} - [L100124105VIN BARON DEL LUGAR RSE 75CL       00000173440001000000006000000000010000000159300000001950000 8413513121056 00000000000001734400041742] | 2026-04-08 12:12:18,485 {'product': [ErrorDetail(string=""VIN IT BLC DON ANTONIO n'est pas fourni par le fournisseur FOURNISSEUR CENTRALE"", code='invalid')]} - [L100321314VIN IT BLC DON ANTONIO             00000173380001200000036000000000030000000165200000001950000 8413513000726 00000000000001733800034383] | 2026-04-08 12:12:18,490 {'product': [ErrorDetail(string=""VIN BARON DEL LUGAR BLC 75CL n'est pas fourni par le fournisseur FOURNISSEUR CENTRALE"", code='invalid')]} - [L100124106VIN BARON DEL LUGAR BLC 75CL       00000173440001100000006000000000010000000159300000001950000 8413513121063 00000000000001734400041742] | 2026-04-08 12:12:18,490 {'product': [ErrorDetail(string=""VDF CAB SAUV GRDE VENDANGE n'est pas fourni par le fournisseur FOURNISSEUR CENTRALE"", code='invalid')]} - [L100654788VDF CAB SAUV GRDE VENDANGE         00000173420001200000012000000000020000000275176000003400000 3428720067481 00000000000001734200036053] | 2026-04-08 12:12:18,506 {'product': [ErrorDetail(string=""VDCE BLC MOEL BARON ARIGNAC n'est pas fourni par le fournisseur FOURNISSEUR CENTRALE"", code='invalid')]} - [L100337474VDCE BLC MOEL BARON ARIGNAC        00000173380001300000018000000000030000000308570000003850000 3500610051128 00000000000001733800034383] | 2026-04-08 12:12:18,509 {'product': [ErrorDetail(string=""VIN BLC MOUSSEUX CDF BTE 25CL n'est pas fourni par le fournisseur FOURNISSEUR CENTRALE"", code='invalid')]} - [L100681837VIN BLC MOUSSEUX CDF BTE 25CL      00000173420001300000024000000000010000000039530000000500000 6186000929009 00000000000001734200036053] | 2026-04-08 12:12:18,510 {'product': [ErrorDetail(string=""BDX MER-CAB SAUV CALVET 2024 n'est pas fourni par le fournisseur FOURNISSEUR CENTRALE"", code='invalid')]} - [L100144372BDX MER-CAB SAUV CALVET 2024       00000173440001200000006000000000010000000444388000005600000 3159567000552 00000000000001734400041742] | 2026-04-08 12:12:18,512 fin intégration: (dea4fd88-e3a5-41de-8a0e-6f25fa039316) | fichier: /srv/import/368/Fac_368_00216115.LC | 14 lignes formatées | 13 lignes en erreurs | 1 lignes crées | 0 lignes mises à jour | 0 lignes supprimées | 2026-04-08 12:12:18,527 {'product': [ErrorDetail(string=""VDCE MOEL BARON ARIGNAC RGE n'est pas fourni par le fournisseur FOURNISSEUR CENTRALE"", code='invalid')]} - [L100337480VDCE MOEL BARON ARIGNAC RGE        00000173380001400000018000000000030000000308570000003850000 3500610051135 00000000000001733800034383]";368;CASH IVOIRE U SADIGUIBA
pos18;POS 18;2026-04-09T18:57:06.973160+00:00;8048de18-e922-4a09-afb6-9bfa2b7841ab;2026-04-08T12:11:18.135813;2026-04-08T12:11:19.730450;30;import de données;delivery;livraison;0;erreur;interne;"Extrait du rapport d'import: | 2026-04-08 12:11:18,479 {'product': [ErrorDetail(string=""EAU MIN BTL 45CL AKWABAO n'est pas fourni par le fournisseur FOURNISSEUR CENTRALE"", code='invalid')]} - [L100530551EAU MIN BTL 45CL AKWABAO           00000172480001000000120000000000100000000006844000000100000 6181113101212 00000000000001724800041741] | 2026-04-08 12:11:18,482 fin intégration: (aeaa03aa-b9f6-4280-bae6-41ad895ed1f3) | fichier: /srv/import/357/Fac_357_00216160.LC | 17 lignes formatées | 16 lignes en erreurs | 1 lignes crées | 0 lignes mises à jour | 0 lignes supprimées | 2026-04-08 12:11:18,495 {'product': [ErrorDetail(string=""EAU MIN BTL 10L CELESTE n'est pas fourni par le fournisseur FOURNISSEUR CENTRALE"", code='invalid')]} - [L100593517EAU MIN BTL 10L CELESTE            00000172480001100000004000000000020000000112454000001200000 6186000055616 00000000000001724800041741] | 2026-04-08 12:11:18,511 {'product': [ErrorDetail(string=""EAU MIN BTL 33CL KIRENE n'est pas fourni par le fournisseur FOURNISSEUR CENTRALE"", code='invalid')]} - [L100664119EAU MIN BTL 33CL KIRENE            00000172480001200000120000000000100000000008378000000100000 6186000455249 00000000000001724800041741] | 2026-04-08 12:11:18,529 {'product': [ErrorDetail(string=""EAU MIN BTL 0,33L OLGANE n'est pas fourni par le fournisseur FOURNISSEUR CENTRALE"", code='invalid')]} - [L100696697EAU MIN BTL 0,33L OLGANE           00000172490001800000150000000000100000000008968000000100000 6181100250480 00000000000001724900041741] | 2026-04-08 12:11:18,533 fin intégration: (61b9b4df-4966-452a-9141-d9f5e393fcd2) | fichier: /srv/import/372/Fac_372_00216142.LC | 19 lignes formatées | 18 lignes en erreurs | 1 lignes crées | 0 lignes mises à jour | 0 lignes supprimées | 2026-04-08 12:11:19,359 {'product': [ErrorDetail(string=""EAU MIN NAT PET 0,5L AWA n'est pas fourni par le fournisseur FOURNISSEUR CENTRALE"", code='invalid')]} - [L032020101EAU MIN NAT PET 0,5L AWA           00000172520000900000045000000000050000000007788000000125000 6181100360059 00000000000001725200036215] | 2026-04-08 12:11:19,449 {'product': [ErrorDetail(string=""EAU MIN NAT PET 0,5L CELESTE n'est pas fourni par le fournisseur FOURNISSEUR CENTRALE"", code='invalid')]} - [L100135099EAU MIN NAT PET 0,5L CELESTE       00000172510000400000270000000000300000000010620000000150000 6181100099126 00000000000001725100036215] | 2026-04-08 12:11:19,700 fin intégration: (8048de18-e922-4a09-afb6-9bfa2b7841ab) | fichier: /srv/import/376/Fac_376_00216137.LC | 14 lignes formatées | 2 lignes en erreurs | 11 lignes crées | 1 lignes mises à jour | 0 lignes supprimées";376;CASH IVOIRE U SICOGI ANGRE
pos18;POS 18;2026-04-09T18:57:06.973160+00:00;61b9b4df-4966-452a-9141-d9f5e393fcd2;2026-04-08T12:11:18.126328;2026-04-08T12:11:18.551548;30;import de données;delivery;livraison;0;erreur;interne;"Extrait du rapport d'import: | 2026-04-08 12:11:18,409 {'product': [ErrorDetail(string=""EAU SOURC PET 33CL CRISTALINE n'est pas fourni par le fournisseur FOURNISSEUR CENTRALE"", code='invalid')]} - [L100385748EAU SOURC PET 33CL CRISTALINE      00000172360000800000160000000000100000000006490000000100000 3254381026402 00000000000001723600034383] | 2026-04-08 12:11:18,411 {'product': [ErrorDetail(string=""EAU MIN NAT PET 1L CELESTE n'est pas fourni par le fournisseur FOURNISSEUR CENTRALE"", code='invalid')]} - [L100378962EAU MIN NAT PET 1L CELESTE         00000172480000600000120000000000100000000017700000000225000 6186000055418 00000000000001724800041741] | 2026-04-08 12:11:18,426 {'product': [ErrorDetail(string=""EAU MIN BONBONNE 18L WATER n'est pas fourni par le fournisseur FOURNISSEUR CENTRALE"", code='invalid')]} - [L100515586EAU MIN BONBONNE 18L WATER         00000942140000100000015000000000010000000157884000001875000 6182151321518 00000000000009421400034383] | 2026-04-08 12:11:18,429 {'product': [ErrorDetail(string=""EAU SOURC PET 33CL CRISTALINE n'est pas fourni par le fournisseur FOURNISSEUR CENTRALE"", code='invalid')]} - [L100385748EAU SOURC PET 33CL CRISTALINE      00000172480000700000160000000000100000000006490000000100000 3254381026402 00000000000001724800041741] | 2026-04-08 12:11:18,445 {'product': [ErrorDetail(string=""EAU MIN BTL 1,5L AKWABAO n'est pas fourni par le fournisseur FOURNISSEUR CENTRALE"", code='invalid')]} - [L100530547EAU MIN BTL 1,5L AKWABAO           00000172360000900000018000000000030000000027140000000325000 6181112312220 00000000000001723600034383] | 2026-04-08 12:11:18,448 {'product': [ErrorDetail(string=""EAU MIN BONBONNE 18L WATER n'est pas fourni par le fournisseur FOURNISSEUR CENTRALE"", code='invalid')]} - [L100515586EAU MIN BONBONNE 18L WATER         00000172480000800000005000000000050000000157884000001875000 6182151321518 00000000000001724800041741] | 2026-04-08 12:11:18,462 {'product': [ErrorDetail(string=""EAU MIN BTL 45CL AKWABAO n'est pas fourni par le fournisseur FOURNISSEUR CENTRALE"", code='invalid')]} - [L100530551EAU MIN BTL 45CL AKWABAO           00000172360001000000120000000000100000000006844000000100000 6181113101212 00000000000001723600034383] | 2026-04-08 12:11:18,464 {'product': [ErrorDetail(string=""EAU MIN BTL 1,5L AKWABAO n'est pas fourni par le fournisseur FOURNISSEUR CENTRALE"", code='invalid')]} - [L100530547EAU MIN BTL 1,5L AKWABAO           00000172480000900000060000000000100000000027140000000325000 6181112312220 00000000000001724800041741] | 2026-04-08 12:11:18,478 {'product': [ErrorDetail(string=""EAU MIN BTL 33CL KIRENE n'est pas fourni par le fournisseur FOURNISSEUR CENTRALE"", code='invalid')]} - [L100664119EAU MIN BTL 33CL KIRENE            00000172360001100000240000000000200000000008378000000100000 6186000455249 00000000000001723600034383] | 2026-04-08 12:11:18,479 {'product': [ErrorDetail(string=""EAU MIN BTL 45CL AKWABAO n'est pas fourni par le fournisseur FOURNISSEUR CENTRALE"", code='invalid')]} - [L100530551EAU MIN BTL 45CL AKWABAO           00000172480001000000120000000000100000000006844000000100000 6181113101212 00000000000001724800041741] | 2026-04-08 12:11:18,482 fin intégration: (aeaa03aa-b9f6-4280-bae6-41ad895ed1f3) | fichier: /srv/import/357/Fac_357_00216160.LC | 17 lignes formatées | 16 lignes en erreurs | 1 lignes crées | 0 lignes mises à jour | 0 lignes supprimées | 2026-04-08 12:11:18,495 {'product': [ErrorDetail(string=""EAU MIN BTL 10L CELESTE n'est pas fourni par le fournisseur FOURNISSEUR CENTRALE"", code='invalid')]} - [L100593517EAU MIN BTL 10L CELESTE            00000172480001100000004000000000020000000112454000001200000 6186000055616 00000000000001724800041741] | 2026-04-08 12:11:18,511 {'product': [ErrorDetail(string=""EAU MIN BTL 33CL KIRENE n'est pas fourni par le fournisseur FOURNISSEUR CENTRALE"", code='invalid')]} - [L100664119EAU MIN BTL 33CL KIRENE            00000172480001200000120000000000100000000008378000000100000 6186000455249 00000000000001724800041741] | 2026-04-08 12:11:18,529 {'product': [ErrorDetail(string=""EAU MIN BTL 0,33L OLGANE n'est pas fourni par le fournisseur FOURNISSEUR CENTRALE"", code='invalid')]} - [L100696697EAU MIN BTL 0,33L OLGANE           00000172490001800000150000000000100000000008968000000100000 6181100250480 00000000000001724900041741] | 2026-04-08 12:11:18,533 fin intégration: (61b9b4df-4966-452a-9141-d9f5e393fcd2) | fichier: /srv/import/372/Fac_372_00216142.LC | 19 lignes formatées | 18 lignes en erreurs | 1 lignes crées | 0 lignes mises à jour | 0 lignes supprimées";372;CASH IVOIRE U MAROC
pos18;POS 18;2026-04-09T18:57:06.973160+00:00;aeaa03aa-b9f6-4280-bae6-41ad895ed1f3;2026-04-08T12:11:18.108962;2026-04-08T12:11:18.508355;30;import de données;delivery;livraison;0;erreur;interne;"Extrait du rapport d'import: | 2026-04-08 12:11:18,392 {'product': [ErrorDetail(string=""EAU MIN NAT PET 1L CELESTE n'est pas fourni par le fournisseur FOURNISSEUR CENTRALE"", code='invalid')]} - [L100378962EAU MIN NAT PET 1L CELESTE         00000172360000700000360000000000300000000017700000000225000 6186000055418 00000000000001723600034383] | 2026-04-08 12:11:18,394 {'product': [ErrorDetail(string=""EAU MIN PET 1L OLGANE n'est pas fourni par le fournisseur FOURNISSEUR CENTRALE"", code='invalid')]} - [L100199830EAU MIN PET 1L OLGANE              00000172490001700000060000000000100000000022656000000250000 6181100250015 00000000000001724900041741] | 2026-04-08 12:11:18,398 {'product': [ErrorDetail(string=""EAU MIN BTL 33CL KIRENE n'est pas fourni par le fournisseur FOURNISSEUR CENTRALE"", code='invalid')]} - [L100664119EAU MIN BTL 33CL KIRENE            00000172450001100000180000000000150000000008378000000100000 6186000455249 00000000000001724500036053] | 2026-04-08 12:11:18,401 fin intégration: (797ba762-fd9d-4941-b9c2-d0b73e2432f7) | fichier: /srv/import/368/Fac_368_00216114.LC | 13 lignes formatées | 12 lignes en erreurs | 1 lignes crées | 0 lignes mises à jour | 0 lignes supprimées | 2026-04-08 12:11:18,409 {'product': [ErrorDetail(string=""EAU SOURC PET 33CL CRISTALINE n'est pas fourni par le fournisseur FOURNISSEUR CENTRALE"", code='invalid')]} - [L100385748EAU SOURC PET 33CL CRISTALINE      00000172360000800000160000000000100000000006490000000100000 3254381026402 00000000000001723600034383] | 2026-04-08 12:11:18,411 {'product': [ErrorDetail(string=""EAU MIN NAT PET 1L CELESTE n'est pas fourni par le fournisseur FOURNISSEUR CENTRALE"", code='invalid')]} - [L100378962EAU MIN NAT PET 1L CELESTE         00000172480000600000120000000000100000000017700000000225000 6186000055418 00000000000001724800041741] | 2026-04-08 12:11:18,426 {'product': [ErrorDetail(string=""EAU MIN BONBONNE 18L WATER n'est pas fourni par le fournisseur FOURNISSEUR CENTRALE"", code='invalid')]} - [L100515586EAU MIN BONBONNE 18L WATER         00000942140000100000015000000000010000000157884000001875000 6182151321518 00000000000009421400034383] | 2026-04-08 12:11:18,429 {'product': [ErrorDetail(string=""EAU SOURC PET 33CL CRISTALINE n'est pas fourni par le fournisseur FOURNISSEUR CENTRALE"", code='invalid')]} - [L100385748EAU SOURC PET 33CL CRISTALINE      00000172480000700000160000000000100000000006490000000100000 3254381026402 00000000000001724800041741] | 2026-04-08 12:11:18,445 {'product': [ErrorDetail(string=""EAU MIN BTL 1,5L AKWABAO n'est pas fourni par le fournisseur FOURNISSEUR CENTRALE"", code='invalid')]} - [L100530547EAU MIN BTL 1,5L AKWABAO           00000172360000900000018000000000030000000027140000000325000 6181112312220 00000000000001723600034383] | 2026-04-08 12:11:18,448 {'product': [ErrorDetail(string=""EAU MIN BONBONNE 18L WATER n'est pas fourni par le fournisseur FOURNISSEUR CENTRALE"", code='invalid')]} - [L100515586EAU MIN BONBONNE 18L WATER         00000172480000800000005000000000050000000157884000001875000 6182151321518 00000000000001724800041741] | 2026-04-08 12:11:18,462 {'product': [ErrorDetail(string=""EAU MIN BTL 45CL AKWABAO n'est pas fourni par le fournisseur FOURNISSEUR CENTRALE"", code='invalid')]} - [L100530551EAU MIN BTL 45CL AKWABAO           00000172360001000000120000000000100000000006844000000100000 6181113101212 00000000000001723600034383] | 2026-04-08 12:11:18,464 {'product': [ErrorDetail(string=""EAU MIN BTL 1,5L AKWABAO n'est pas fourni par le fournisseur FOURNISSEUR CENTRALE"", code='invalid')]} - [L100530547EAU MIN BTL 1,5L AKWABAO           00000172480000900000060000000000100000000027140000000325000 6181112312220 00000000000001724800041741] | 2026-04-08 12:11:18,478 {'product': [ErrorDetail(string=""EAU MIN BTL 33CL KIRENE n'est pas fourni par le fournisseur FOURNISSEUR CENTRALE"", code='invalid')]} - [L100664119EAU MIN BTL 33CL KIRENE            00000172360001100000240000000000200000000008378000000100000 6186000455249 00000000000001723600034383] | 2026-04-08 12:11:18,479 {'product': [ErrorDetail(string=""EAU MIN BTL 45CL AKWABAO n'est pas fourni par le fournisseur FOURNISSEUR CENTRALE"", code='invalid')]} - [L100530551EAU MIN BTL 45CL AKWABAO           00000172480001000000120000000000100000000006844000000100000 6181113101212 00000000000001724800041741] | 2026-04-08 12:11:18,482 fin intégration: (aeaa03aa-b9f6-4280-bae6-41ad895ed1f3) | fichier: /srv/import/357/Fac_357_00216160.LC | 17 lignes formatées | 16 lignes en erreurs | 1 lignes crées | 0 lignes mises à jour | 0 lignes supprimées | 2026-04-08 12:11:18,495 {'product': [ErrorDetail(string=""EAU MIN BTL 10L CELESTE n'est pas fourni par le fournisseur FOURNISSEUR CENTRALE"", code='invalid')]} - [L100593517EAU MIN BTL 10L CELESTE            00000172480001100000004000000000020000000112454000001200000 6186000055616 00000000000001724800041741]";357;CASH IVOIRE U REMBLAIS
pos18;POS 18;2026-04-09T18:57:06.973160+00:00;797ba762-fd9d-4941-b9c2-d0b73e2432f7;2026-04-08T12:11:18.117351;2026-04-08T12:11:18.419651;30;import de données;delivery;livraison;0;erreur;interne;"Extrait du rapport d'import: | 2026-04-08 12:11:18,286 {'product': [ErrorDetail(string=""EAU MIN BTL 6X1,8L OLGANE n'est pas fourni par le fournisseur FOURNISSEUR CENTRALE"", code='invalid')]} - [L100112534EAU MIN BTL 6X1,8L OLGANE          00000172380001600000004000000000040000000197768000002200000 2001001125349 00000000000001723800034383] | 2026-04-08 12:11:18,295 {'product': [ErrorDetail(string=""EAU MIN NAT PET 1L CELESTE n'est pas fourni par le fournisseur FOURNISSEUR CENTRALE"", code='invalid')]} - [L100378962EAU MIN NAT PET 1L CELESTE         00000172450000500000180000000000150000000017700000000225000 6186000055418 00000000000001724500036053] | 2026-04-08 12:11:18,298 {'product': [ErrorDetail(string=""EAU MIN NAT PET 1,5L CELESTE n'est pas fourni par le fournisseur FOURNISSEUR CENTRALE"", code='invalid')]} - [L100135091EAU MIN NAT PET 1,5L CELESTE       00000172480000300000090000000000100000000028319500000325000 6181100099119 00000000000001724800041741] | 2026-04-08 12:11:18,305 {'product': [ErrorDetail(string=""EAU MIN NAT PET 0,5L CELESTE n'est pas fourni par le fournisseur FOURNISSEUR CENTRALE"", code='invalid')]} - [L100135099EAU MIN NAT PET 0,5L CELESTE       00000172360000400000270000000000300000000010620000000150000 6181100099126 00000000000001723600034383] | 2026-04-08 12:11:18,313 {'product': [ErrorDetail(string=""EAU SOURC PET 33CL CRISTALINE n'est pas fourni par le fournisseur FOURNISSEUR CENTRALE"", code='invalid')]} - [L100385748EAU SOURC PET 33CL CRISTALINE      00000172450000600000128000000000080000000006490000000100000 3254381026402 00000000000001724500036053] | 2026-04-08 12:11:18,317 {'product': [ErrorDetail(string=""EAU MIN NAT PET 0,5L CELESTE n'est pas fourni par le fournisseur FOURNISSEUR CENTRALE"", code='invalid')]} - [L100135099EAU MIN NAT PET 0,5L CELESTE       00000172480000400000090000000000100000000010620000000150000 6181100099126 00000000000001724800041741] | 2026-04-08 12:11:18,323 {'product': [ErrorDetail(string=""EAU SOURC BTL 1,5L CRISTALINE n'est pas fourni par le fournisseur FOURNISSEUR CENTRALE"", code='invalid')]} - [L100170342EAU SOURC BTL 1,5L CRISTALINE      00000172370001400000120000000000200000000021830000000275000 3274080005003 00000000000001723700034383] | 2026-04-08 12:11:18,330 {'product': [ErrorDetail(string=""EAU MIN BONBONNE 18L WATER n'est pas fourni par le fournisseur FOURNISSEUR CENTRALE"", code='invalid')]} - [L100515586EAU MIN BONBONNE 18L WATER         00000172450000700000010000000000100000000157884000001875000 6182151321518 00000000000001724500036053] | 2026-04-08 12:11:18,334 {'product': [ErrorDetail(string=""EAU MIN NAT PET 6X1,5L CELEST n'est pas fourni par le fournisseur FOURNISSEUR CENTRALE"", code='invalid')]} - [L100135121EAU MIN NAT PET 6X1,5L CELEST      00000172480000500000001000000000010000000167206000001925000 6186000055494 00000000000001724800041741] | 2026-04-08 12:11:18,339 {'product': [ErrorDetail(string=""EAU MIN PET 1L OLGANE n'est pas fourni par le fournisseur FOURNISSEUR CENTRALE"", code='invalid')]} - [L100199830EAU MIN PET 1L OLGANE              00000172370001500000030000000000050000000022656000000250000 6181100250015 00000000000001723700034383] | 2026-04-08 12:11:18,347 {'product': [ErrorDetail(string=""EAU MIN BTL 1,5L AKWABAO n'est pas fourni par le fournisseur FOURNISSEUR CENTRALE"", code='invalid')]} - [L100530547EAU MIN BTL 1,5L AKWABAO           00000172450000800000030000000000050000000027140000000325000 6181112312220 00000000000001724500036053] | 2026-04-08 12:11:18,352 {'product': [ErrorDetail(string=""EAU MIN NAT PET 6X1,5L CELEST n'est pas fourni par le fournisseur FOURNISSEUR CENTRALE"", code='invalid')]} - [L100135121EAU MIN NAT PET 6X1,5L CELEST      00000172490001500000009000000000090000000167206000001925000 6186000055494 00000000000001724900041741] | 2026-04-08 12:11:18,355 {'product': [ErrorDetail(string=""EAU MIN BT/VRE 25CL CELESTE n'est pas fourni par le fournisseur FOURNISSEUR CENTRALE"", code='invalid')]} - [L100218884EAU MIN BT/VRE 25CL CELESTE        00000172360000500000120000000000050000000007914000000100000 6186000055098 00000000000001723600034383] | 2026-04-08 12:11:18,364 {'product': [ErrorDetail(string=""EAU MIN BTL 45CL AKWABAO n'est pas fourni par le fournisseur FOURNISSEUR CENTRALE"", code='invalid')]} - [L100530551EAU MIN BTL 45CL AKWABAO           00000172450000900000120000000000100000000006844000000100000 6181113101212 00000000000001724500036053] | 2026-04-08 12:11:18,376 {'product': [ErrorDetail(string=""EAU MIN BTL 33CL CELESTE n'est pas fourni par le fournisseur FOURNISSEUR CENTRALE"", code='invalid')]} - [L100325217EAU MIN BTL 33CL CELESTE           00000172360000600000400000000000200000000010502000000125000 6186000182206 00000000000001723600034383] | 2026-04-08 12:11:18,377 {'product': [ErrorDetail(string=""EAU SOURC BTL 1,5L CRISTALINE n'est pas fourni par le fournisseur FOURNISSEUR CENTRALE"", code='invalid')]} - [L100170342EAU SOURC BTL 1,5L CRISTALINE      00000172490001600000060000000000100000000021830000000275000 3274080005003 00000000000001724900041741] | 2026-04-08 12:11:18,381 {'product': [ErrorDetail(string=""EAU MIN BTL 10L CELESTE n'est pas fourni par le fournisseur FOURNISSEUR CENTRALE"", code='invalid')]} - [L100593517EAU MIN BTL 10L CELESTE            00000172450001000000006000000000030000000112454000001200000 6186000055616 00000000000001724500036053] | 2026-04-08 12:11:18,392 {'product': [ErrorDetail(string=""EAU MIN NAT PET 1L CELESTE n'est pas fourni par le fournisseur FOURNISSEUR CENTRALE"", code='invalid')]} - [L100378962EAU MIN NAT PET 1L CELESTE         00000172360000700000360000000000300000000017700000000225000 6186000055418 00000000000001723600034383] | 2026-04-08 12:11:18,394 {'product': [ErrorDetail(string=""EAU MIN PET 1L OLGANE n'est pas fourni par le fournisseur FOURNISSEUR CENTRALE"", code='invalid')]} - [L100199830EAU MIN PET 1L OLGANE              00000172490001700000060000000000100000000022656000000250000 6181100250015 00000000000001724900041741] | 2026-04-08 12:11:18,398 {'product': [ErrorDetail(string=""EAU MIN BTL 33CL KIRENE n'est pas fourni par le fournisseur FOURNISSEUR CENTRALE"", code='invalid')]} - [L100664119EAU MIN BTL 33CL KIRENE            00000172450001100000180000000000150000000008378000000100000 6186000455249 00000000000001724500036053] | 2026-04-08 12:11:18,401 fin intégration: (797ba762-fd9d-4941-b9c2-d0b73e2432f7) | fichier: /srv/import/368/Fac_368_00216114.LC | 13 lignes formatées | 12 lignes en erreurs | 1 lignes crées | 0 lignes mises à jour | 0 lignes supprimées | 2026-04-08 12:11:18,409 {'product': [ErrorDetail(string=""EAU SOURC PET 33CL CRISTALINE n'est pas fourni par le fournisseur FOURNISSEUR CENTRALE"", code='invalid')]} - [L100385748EAU SOURC PET 33CL CRISTALINE      00000172360000800000160000000000100000000006490000000100000 3254381026402 00000000000001723600034383] | 2026-04-08 12:11:18,411 {'product': [ErrorDetail(string=""EAU MIN NAT PET 1L CELESTE n'est pas fourni par le fournisseur FOURNISSEUR CENTRALE"", code='invalid')]} - [L100378962EAU MIN NAT PET 1L CELESTE         00000172480000600000120000000000100000000017700000000225000 6186000055418 00000000000001724800041741]";368;CASH IVOIRE U SADIGUIBA
pos18;POS 18;2026-04-09T18:57:06.973160+00:00;8a55dd73-3e49-4baa-bc2d-6ebca40d2cdd;2026-04-08T12:11:18.094758;2026-04-08T12:11:18.256474;30;import de données;delivery;livraison;2;succès;interne;Import livraison: | fin intégration: (8a55dd73-3e49-4baa-bc2d-6ebca40d2cdd) | fichier: /srv/import/354/Fac_354_00216155.LC | 4 lignes formatées | 0 lignes en erreurs | 4 lignes crées | 0 lignes mises à jour | 0 lignes supprimées;354;CASH IVOIRE U TOITS ROUGES
pos18;POS 18;2026-04-09T18:57:06.973160+00:00;395fc09a-b34f-4207-b2a3-112ffc25a626;2026-04-08T12:10:18.130294;2026-04-08T12:10:20.473114;30;import de données;delivery;livraison;0;erreur;interne;"Extrait du rapport d'import: | 2026-04-08 12:10:19,582 {'product': [ErrorDetail(string=""BOISS GAZ COLA SS BTE 25CL PEPSI n'est pas fourni par le fournisseur FOURNISSEUR CENTRALE"", code='invalid')]} - [L100698947BOISS GAZ COLA SS BTE 25CL PEPSI   00000171500005600000024000000000010000000024662000000300000 6186000806614 00000000000001715000041741] | 2026-04-08 12:10:19,602 {'product': [ErrorDetail(string=""BOISS GAZ POM 30CL FANTA n'est pas fourni par le fournisseur FOURNISSEUR CENTRALE"", code='invalid')]} - [L100701729BOISS GAZ POM 30CL FANTA           00000171500005700000060000000000050000000014632000000175000 0000087303681 00000000000001715000041741] | 2026-04-08 12:10:19,630 {'product': [ErrorDetail(string=""BOISS GAZ OR PET 1L YOUKI n'est pas fourni par le fournisseur FOURNISSEUR CENTRALE"", code='invalid')]} - [L100711029BOISS GAZ OR PET 1L YOUKI          00000171500005800000006000000000010000000045902000000600000 3700029401204 00000000000001715000041741] | 2026-04-08 12:10:19,649 {'product': [ErrorDetail(string=""BOISS ENERG BTE 25CL GORILLA n'est pas fourni par le fournisseur FOURNISSEUR CENTRALE"", code='invalid')]} - [L100722722BOISS ENERG BTE 25CL GORILLA       00000171500005900000024000000000010000000033512000000500000 5289000058852 00000000000001715000041741] | 2026-04-08 12:10:19,668 {'product': [ErrorDetail(string=""BIERE AROMAT CIT BTE 33CL CHILL n'est pas fourni par le fournisseur FOURNISSEUR CENTRALE"", code='invalid')]} - [L100737722BIERE AROMAT CIT BTE 33CL CHILL    00000171500006000000048000000000020000000035990000000450000 5407010260304 00000000000001715000041741] | 2026-04-08 12:10:19,671 fin intégration: (191c2d02-662a-4a9b-86d9-334d98076c01) | fichier: /srv/import/372/Fac_372_00216141.LC | 63 lignes formatées | 62 lignes en erreurs | 1 lignes crées | 0 lignes mises à jour | 0 lignes supprimées | 2026-04-08 12:10:19,715 {'product': [ErrorDetail(string=""BOISS GAZ BTE 33CL COCA COLA n'est pas fourni par le fournisseur FOURNISSEUR CENTRALE"", code='invalid')]} - [L030002262BOISS GAZ BTE 33CL COCA COLA       00000171530000100000120000000000050000000030208000000350000 5449000000996 00000000000001715300036215] | 2026-04-08 12:10:19,770 {'product': [ErrorDetail(string=""BOISS GAZ BTE 33CL ORANGINA n'est pas fourni par le fournisseur FOURNISSEUR CENTRALE"", code='invalid')]} - [L100088297BOISS GAZ BTE 33CL ORANGINA        00000171530000300000072000000000030000000031506000000375000 8435185961679 00000000000001715300036215] | 2026-04-08 12:10:19,790 {'product': [ErrorDetail(string=""BOISS GAZ PET 1,5L SPRITE n'est pas fourni par le fournisseur FOURNISSEUR CENTRALE"", code='invalid')]} - [L100101273BOISS GAZ PET 1,5L SPRITE          00000171530000400000030000000000050000000063484000000750000 5449000012203 00000000000001715300036215] | 2026-04-08 12:10:19,833 {'product': [ErrorDetail(string=""BOISS GAZ PET 50CL ORANGINA n'est pas fourni par le fournisseur FOURNISSEUR CENTRALE"", code='invalid')]} - [L100208425BOISS GAZ PET 50CL ORANGINA        00000171530000600000030000000000050000000043070000000500000 8435185100955 00000000000001715300036215] | 2026-04-08 12:10:19,850 {'product': [ErrorDetail(string=""PUR JUS ANAS BTE 33CL IVORIO n'est pas fourni par le fournisseur FOURNISSEUR CENTRALE"", code='invalid')]} - [L100230855PUR JUS ANAS BTE 33CL IVORIO       00000171530000700000072000000000030000000052982000000650000 5999991071418 00000000000001715300036215] | 2026-04-08 12:10:19,871 {'product': [ErrorDetail(string=""BOISS GAZ PET 125CL ORANGINA n'est pas fourni par le fournisseur FOURNISSEUR CENTRALE"", code='invalid')]} - [L100278531BOISS GAZ PET 125CL ORANGINA       00000171530000800000018000000000030000000087910000001000000 8435185100962 00000000000001715300036215] | 2026-04-08 12:10:19,993 {'product': [ErrorDetail(string=""BOISS GAZ OR PET 30CL YOUKI n'est pas fourni par le fournisseur FOURNISSEUR CENTRALE"", code='invalid')]} - [L100456110BOISS GAZ OR PET 30CL YOUKI        00000171530001300000060000000000050000000015694000000200000 3700029406230 00000000000001715300036215] | 2026-04-08 12:10:20,274 {'product': [ErrorDetail(string=""BOISS GAZ COLA PET 30CL PEPSI n'est pas fourni par le fournisseur FOURNISSEUR CENTRALE"", code='invalid')]} - [L100676197BOISS GAZ COLA PET 30CL PEPSI      00000171530002300000060000000000050000000016756000000200000 6186000806119 00000000000001715300036215] | 2026-04-08 12:10:20,357 {'product': [ErrorDetail(string=""BOISS GAZ PET 30CL EVERVESS n'est pas fourni par le fournisseur FOURNISSEUR CENTRALE"", code='invalid')]} - [L100676203BOISS GAZ PET 30CL EVERVESS        00000171530002600000060000000000050000000015812000000200000 6186000806157 00000000000001715300036215] | 2026-04-08 12:10:20,449 fin intégration: (395fc09a-b34f-4207-b2a3-112ffc25a626) | fichier: /srv/import/376/Fac_376_00216136.LC | 30 lignes formatées | 9 lignes en erreurs | 21 lignes crées | 0 lignes mises à jour | 0 lignes supprimées";376;CASH IVOIRE U SICOGI ANGRE
pos18;POS 18;2026-04-09T18:57:06.973160+00:00;191c2d02-662a-4a9b-86d9-334d98076c01;2026-04-08T12:10:18.118763;2026-04-08T12:10:19.693000;30;import de données;delivery;livraison;0;erreur;interne;"Extrait du rapport d'import: | 2026-04-08 12:10:19,285 {'product': [ErrorDetail(string=""PUR JUS MANG 1L CEBON n'est pas fourni par le fournisseur FOURNISSEUR CENTRALE"", code='invalid')]} - [L100641335PUR JUS MANG 1L CEBON              00000171500003900000006000000000010000000120360000001450000 6186000568246 00000000000001715000041741] | 2026-04-08 12:10:19,302 {'product': [ErrorDetail(string=""BOISS GAZ BTE 33CL VIMTO n'est pas fourni par le fournisseur FOURNISSEUR CENTRALE"", code='invalid')]} - [L100646656BOISS GAZ BTE 33CL VIMTO           00000171500004000000072000000000030000000041182000000525000 5010438007187 00000000000001715000041741] | 2026-04-08 12:10:19,318 {'product': [ErrorDetail(string=""BOISS GAZ COLA PET 30CL PEPSI n'est pas fourni par le fournisseur FOURNISSEUR CENTRALE"", code='invalid')]} - [L100676197BOISS GAZ COLA PET 30CL PEPSI      00000171500004100000036000000000030000000016756000000200000 6186000806119 00000000000001715000041741] | 2026-04-08 12:10:19,335 {'product': [ErrorDetail(string=""BOISS GAZ COLA SS PET 30CL PEPSI n'est pas fourni par le fournisseur FOURNISSEUR CENTRALE"", code='invalid')]} - [L100676198BOISS GAZ COLA SS PET 30CL PEPSI   00000171500004200000048000000000040000000016756000000200000 6186000806126 00000000000001715000041741] | 2026-04-08 12:10:19,351 {'product': [ErrorDetail(string=""BOISS GAZ OR PET 30CL MIRINDA n'est pas fourni par le fournisseur FOURNISSEUR CENTRALE"", code='invalid')]} - [L100676199BOISS GAZ OR PET 30CL MIRINDA      00000171500004300000036000000000030000000016756000000200000 6186000806133 00000000000001715000041741] | 2026-04-08 12:10:19,368 {'product': [ErrorDetail(string=""BOISS GAZ FRUITY PET 30CL MIRINDA n'est pas fourni par le fournisseur FOURNISSEUR CENTRALE"", code='invalid')]} - [L100676200BOISS GAZ FRUITY PET 30CL MIRINDA  00000171500004400000036000000000030000000016756000000200000 6186000806140 00000000000001715000041741] | 2026-04-08 12:10:19,384 {'product': [ErrorDetail(string=""BOISS GAZ SS PET 30CL SEVEN UP n'est pas fourni par le fournisseur FOURNISSEUR CENTRALE"", code='invalid')]} - [L100676202BOISS GAZ SS PET 30CL SEVEN UP     00000171500004500000024000000000020000000016756000000200000 6186000806362 00000000000001715000041741] | 2026-04-08 12:10:19,400 {'product': [ErrorDetail(string=""BOISS GAZ PET 30CL EVERVESS n'est pas fourni par le fournisseur FOURNISSEUR CENTRALE"", code='invalid')]} - [L100676203BOISS GAZ PET 30CL EVERVESS        00000171500004600000036000000000030000000015812000000200000 6186000806157 00000000000001715000041741] | 2026-04-08 12:10:19,417 {'product': [ErrorDetail(string=""BOISS GAZ COLA PET 1.25L PEPSI n'est pas fourni par le fournisseur FOURNISSEUR CENTRALE"", code='invalid')]} - [L100676205BOISS GAZ COLA PET 1.25L PEPSI     00000171500004700000012000000000020000000059000000000750000 6186000806300 00000000000001715000041741] | 2026-04-08 12:10:19,433 {'product': [ErrorDetail(string=""JUS COCO ANAS BTE 25CL PRESSEA n'est pas fourni par le fournisseur FOURNISSEUR CENTRALE"", code='invalid')]} - [L100690893JUS COCO ANAS BTE 25CL PRESSEA     00000171500004800000024000000000010000000038940000000500000 6186000806461 00000000000001715000041741] | 2026-04-08 12:10:19,450 {'product': [ErrorDetail(string=""JUS COCKTL BTE 25CL PRESSEA n'est pas fourni par le fournisseur FOURNISSEUR CENTRALE"", code='invalid')]} - [L100690899JUS COCKTL BTE 25CL PRESSEA        00000171500004900000024000000000010000000038940000000500000 6186000806454 00000000000001715000041741] | 2026-04-08 12:10:19,468 {'product': [ErrorDetail(string=""BOISS GAZ ANAS PET 30CL FANTA n'est pas fourni par le fournisseur FOURNISSEUR CENTRALE"", code='invalid')]} - [L100697409BOISS GAZ ANAS PET 30CL FANTA      00000171500005000000060000000000050000000014632000000175000 0000090377242 00000000000001715000041741] | 2026-04-08 12:10:19,486 {'product': [ErrorDetail(string=""BOISS ENERG BTL 35CL JET 7 n'est pas fourni par le fournisseur FOURNISSEUR CENTRALE"", code='invalid')]} - [L100697622BOISS ENERG BTL 35CL JET 7         00000171500005100000012000000000010000000012980000000150000 6181004001478 00000000000001715000041741] | 2026-04-08 12:10:19,504 {'product': [ErrorDetail(string=""BOISS GAZ BTE 25CL SEVEN'UP n'est pas fourni par le fournisseur FOURNISSEUR CENTRALE"", code='invalid')]} - [L100698933BOISS GAZ BTE 25CL SEVEN'UP        00000171500005200000024000000000010000000024662000000300000 6186000806515 00000000000001715000041741] | 2026-04-08 12:10:19,524 {'product': [ErrorDetail(string=""BOISS GAZ TONIC BTE 25CL EVERVESS n'est pas fourni par le fournisseur FOURNISSEUR CENTRALE"", code='invalid')]} - [L100698934BOISS GAZ TONIC BTE 25CL EVERVESS  00000171500005300000024000000000010000000024662000000300000 6186000806539 00000000000001715000041741] | 2026-04-08 12:10:19,542 {'product': [ErrorDetail(string=""BOISS GAZ FRT OR BTE 25CL MIRINDA n'est pas fourni par le fournisseur FOURNISSEUR CENTRALE"", code='invalid')]} - [L100698942BOISS GAZ FRT OR BTE 25CL MIRINDA  00000171500005400000024000000000010000000024662000000300000 6186000806577 00000000000001715000041741] | 2026-04-08 12:10:19,562 {'product': [ErrorDetail(string=""BOISS GAZ COLAS BTE 25CL PEPSI n'est pas fourni par le fournisseur FOURNISSEUR CENTRALE"", code='invalid')]} - [L100698945BOISS GAZ COLAS BTE 25CL PEPSI     00000171500005500000024000000000010000000024662000000300000 6186000806591 00000000000001715000041741] | 2026-04-08 12:10:19,582 {'product': [ErrorDetail(string=""BOISS GAZ COLA SS BTE 25CL PEPSI n'est pas fourni par le fournisseur FOURNISSEUR CENTRALE"", code='invalid')]} - [L100698947BOISS GAZ COLA SS BTE 25CL PEPSI   00000171500005600000024000000000010000000024662000000300000 6186000806614 00000000000001715000041741] | 2026-04-08 12:10:19,602 {'product': [ErrorDetail(string=""BOISS GAZ POM 30CL FANTA n'est pas fourni par le fournisseur FOURNISSEUR CENTRALE"", code='invalid')]} - [L100701729BOISS GAZ POM 30CL FANTA           00000171500005700000060000000000050000000014632000000175000 0000087303681 00000000000001715000041741] | 2026-04-08 12:10:19,630 {'product': [ErrorDetail(string=""BOISS GAZ OR PET 1L YOUKI n'est pas fourni par le fournisseur FOURNISSEUR CENTRALE"", code='invalid')]} - [L100711029BOISS GAZ OR PET 1L YOUKI          00000171500005800000006000000000010000000045902000000600000 3700029401204 00000000000001715000041741] | 2026-04-08 12:10:19,649 {'product': [ErrorDetail(string=""BOISS ENERG BTE 25CL GORILLA n'est pas fourni par le fournisseur FOURNISSEUR CENTRALE"", code='invalid')]} - [L100722722BOISS ENERG BTE 25CL GORILLA       00000171500005900000024000000000010000000033512000000500000 5289000058852 00000000000001715000041741] | 2026-04-08 12:10:19,668 {'product': [ErrorDetail(string=""BIERE AROMAT CIT BTE 33CL CHILL n'est pas fourni par le fournisseur FOURNISSEUR CENTRALE"", code='invalid')]} - [L100737722BIERE AROMAT CIT BTE 33CL CHILL    00000171500006000000048000000000020000000035990000000450000 5407010260304 00000000000001715000041741] | 2026-04-08 12:10:19,671 fin intégration: (191c2d02-662a-4a9b-86d9-334d98076c01) | fichier: /srv/import/372/Fac_372_00216141.LC | 63 lignes formatées | 62 lignes en erreurs | 1 lignes crées | 0 lignes mises à jour | 0 lignes supprimées";372;CASH IVOIRE U MAROC
pos18;POS 18;2026-04-09T18:57:06.973160+00:00;28dab7fe-fdce-4326-9197-e14320373ee5;2026-04-08T12:10:18.089668;2026-04-08T12:10:19.216185;30;import de données;delivery;livraison;2;succès;interne;Import livraison: | fin intégration: (28dab7fe-fdce-4326-9197-e14320373ee5) | fichier: /srv/import/354/Fac_354_00216154.LC | 35 lignes formatées | 0 lignes en erreurs | 35 lignes crées | 0 lignes mises à jour | 0 lignes supprimées;354;CASH IVOIRE U TOITS ROUGES
pos18;POS 18;2026-04-09T18:57:06.973160+00:00;9312442c-8328-47b6-9aa7-34b47146db79;2026-04-08T12:10:18.100891;2026-04-08T12:10:18.979279;30;import de données;delivery;livraison;0;erreur;interne;"Extrait du rapport d'import: | 2026-04-08 12:10:18,705 {'product': [ErrorDetail(string=""BOISS GAZ BTE 33CL VIMTO n'est pas fourni par le fournisseur FOURNISSEUR CENTRALE"", code='invalid')]} - [L100646656BOISS GAZ BTE 33CL VIMTO           00000171430002700000120000000000050000000041182000000525000 5010438007187 00000000000001714300034383] | 2026-04-08 12:10:18,708 {'product': [ErrorDetail(string=""BOISS GAZ POM PET 30CL YOUKI n'est pas fourni par le fournisseur FOURNISSEUR CENTRALE"", code='invalid')]} - [L100456109BOISS GAZ POM PET 30CL YOUKI       00000171500002300000060000000000050000000015694000000200000 3700029401365 00000000000001715000041741] | 2026-04-08 12:10:18,723 {'product': [ErrorDetail(string=""BOISS GAZ COLA PET 30CL PEPSI n'est pas fourni par le fournisseur FOURNISSEUR CENTRALE"", code='invalid')]} - [L100676197BOISS GAZ COLA PET 30CL PEPSI      00000171430002800000060000000000050000000016756000000200000 6186000806119 00000000000001714300034383] | 2026-04-08 12:10:18,724 {'product': [ErrorDetail(string=""BOISS GAZ OR PET 30CL YOUKI n'est pas fourni par le fournisseur FOURNISSEUR CENTRALE"", code='invalid')]} - [L100456110BOISS GAZ OR PET 30CL YOUKI        00000171500002400000060000000000050000000015694000000200000 3700029406230 00000000000001715000041741] | 2026-04-08 12:10:18,742 {'product': [ErrorDetail(string=""BOISS GAZ COCKT PET 30CL YOUKI n'est pas fourni par le fournisseur FOURNISSEUR CENTRALE"", code='invalid')]} - [L100456111BOISS GAZ COCKT PET 30CL YOUKI     00000171500002500000060000000000050000000015694000000200000 3700029406261 00000000000001715000041741] | 2026-04-08 12:10:18,742 {'product': [ErrorDetail(string=""BOISS GAZ COLA SS PET 30CL PEPSI n'est pas fourni par le fournisseur FOURNISSEUR CENTRALE"", code='invalid')]} - [L100676198BOISS GAZ COLA SS PET 30CL PEPSI   00000171430002900000060000000000050000000016756000000200000 6186000806126 00000000000001714300034383] | 2026-04-08 12:10:18,761 {'product': [ErrorDetail(string=""JUS ABC POM BRK 1L U n'est pas fourni par le fournisseur FOURNISSEUR CENTRALE"", code='invalid')]} - [L100464222JUS ABC POM BRK 1L U               00000171500002600000010000000000010000000119888000001500000 3256223028377 00000000000001715000041741] | 2026-04-08 12:10:18,762 {'product': [ErrorDetail(string=""BOISS GAZ OR PET 30CL MIRINDA n'est pas fourni par le fournisseur FOURNISSEUR CENTRALE"", code='invalid')]} - [L100676199BOISS GAZ OR PET 30CL MIRINDA      00000171430003000000060000000000050000000016756000000200000 6186000806133 00000000000001714300034383] | 2026-04-08 12:10:18,780 {'product': [ErrorDetail(string=""PANACH AROM PECH 0,5� 6X25CL U n'est pas fourni par le fournisseur FOURNISSEUR CENTRALE"", code='invalid')]} - [L100464292PANACH AROM PECH 0,5� 6X25CL U     00000171500002700000004000000000010000000313290000003700000 3256228407818 00000000000001715000041741] | 2026-04-08 12:10:18,783 {'product': [ErrorDetail(string=""BOISS GAZ FRUITY PET 30CL MIRINDA n'est pas fourni par le fournisseur FOURNISSEUR CENTRALE"", code='invalid')]} - [L100676200BOISS GAZ FRUITY PET 30CL MIRINDA  00000171430003100000060000000000050000000016756000000200000 6186000806140 00000000000001714300034383] | 2026-04-08 12:10:18,799 {'product': [ErrorDetail(string=""BOISS GAZ PET 30CL FANTA n'est pas fourni par le fournisseur FOURNISSEUR CENTRALE"", code='invalid')]} - [L100488086BOISS GAZ PET 30CL FANTA           00000171500002800000060000000000050000000014396000000175000 0000090377235 00000000000001715000041741] | 2026-04-08 12:10:18,804 {'product': [ErrorDetail(string=""BOISS GAZ SS PET 30CL SEVEN UP n'est pas fourni par le fournisseur FOURNISSEUR CENTRALE"", code='invalid')]} - [L100676202BOISS GAZ SS PET 30CL SEVEN UP     00000171430003200000036000000000030000000016756000000200000 6186000806362 00000000000001714300034383] | 2026-04-08 12:10:18,819 {'product': [ErrorDetail(string=""BOISS GAZ PET 30CL COCA COLA n'est pas fourni par le fournisseur FOURNISSEUR CENTRALE"", code='invalid')]} - [L100488087BOISS GAZ PET 30CL COCA COLA       00000171500002900000060000000000050000000016992000000200000 9033805200000 00000000000001715000041741] | 2026-04-08 12:10:18,823 {'product': [ErrorDetail(string=""JUS COCO ANAS BTE 25CL PRESSEA n'est pas fourni par le fournisseur FOURNISSEUR CENTRALE"", code='invalid')]} - [L100690893JUS COCO ANAS BTE 25CL PRESSEA     00000171430003300000024000000000010000000038940000000500000 6186000806461 00000000000001714300034383] | 2026-04-08 12:10:18,840 {'product': [ErrorDetail(string=""BOISS GAZ PET 30CL SPRITE n'est pas fourni par le fournisseur FOURNISSEUR CENTRALE"", code='invalid')]} - [L100488089BOISS GAZ PET 30CL SPRITE          00000171500003000000048000000000040000000013452100000175000 0000090377266 00000000000001715000041741] | 2026-04-08 12:10:18,841 {'product': [ErrorDetail(string=""JUS COCKTL BTE 25CL PRESSEA n'est pas fourni par le fournisseur FOURNISSEUR CENTRALE"", code='invalid')]} - [L100690899JUS COCKTL BTE 25CL PRESSEA        00000171430003400000024000000000010000000038940000000500000 6186000806454 00000000000001714300034383] | 2026-04-08 12:10:18,858 {'product': [ErrorDetail(string=""NECT OR BRK 1L PRESSEA n'est pas fourni par le fournisseur FOURNISSEUR CENTRALE"", code='invalid')]} - [L100512621NECT OR BRK 1L PRESSEA             00000171500003100000012000000000010000000083780000000890000 9501100460073 00000000000001715000041741] | 2026-04-08 12:10:18,859 {'product': [ErrorDetail(string=""BOISS GAZ ANAS PET 30CL FANTA n'est pas fourni par le fournisseur FOURNISSEUR CENTRALE"", code='invalid')]} - [L100697409BOISS GAZ ANAS PET 30CL FANTA      00000171430003500000060000000000050000000014632000000175000 0000090377242 00000000000001714300034383] | 2026-04-08 12:10:18,879 {'product': [ErrorDetail(string=""BOISS GAZ FRT OR BTE 25CL MIRINDA n'est pas fourni par le fournisseur FOURNISSEUR CENTRALE"", code='invalid')]} - [L100698942BOISS GAZ FRT OR BTE 25CL MIRINDA  00000171430003600000024000000000010000000024662000000300000 6186000806577 00000000000001714300034383] | 2026-04-08 12:10:18,898 {'product': [ErrorDetail(string=""BOISS GAZ COLAS BTE 25CL PEPSI n'est pas fourni par le fournisseur FOURNISSEUR CENTRALE"", code='invalid')]} - [L100698945BOISS GAZ COLAS BTE 25CL PEPSI     00000171430003700000072000000000030000000024662000000300000 6186000806591 00000000000001714300034383] | 2026-04-08 12:10:18,920 {'product': [ErrorDetail(string=""BOISS GAZ PET 1L YOUZOU n'est pas fourni par le fournisseur FOURNISSEUR CENTRALE"", code='invalid')]} - [L100711030BOISS GAZ PET 1L YOUZOU            00000171430003800000006000000000010000000045902000000600000 9501100009524 00000000000001714300034383] | 2026-04-08 12:10:18,942 {'product': [ErrorDetail(string=""BIERE AROMAT CIT BTE 33CL CHILL n'est pas fourni par le fournisseur FOURNISSEUR CENTRALE"", code='invalid')]} - [L100737722BIERE AROMAT CIT BTE 33CL CHILL    00000171430003900000048000000000020000000035990000000450000 5407010260304 00000000000001714300034384] | 2026-04-08 12:10:18,946 fin intégration: (9312442c-8328-47b6-9aa7-34b47146db79) | fichier: /srv/import/357/Fac_357_00216159.LC | 40 lignes formatées | 39 lignes en erreurs | 1 lignes crées | 0 lignes mises à jour | 0 lignes supprimées";357;CASH IVOIRE U REMBLAIS
pos18;POS 18;2026-04-09T18:57:06.973160+00:00;fab3b162-9291-4a4b-8540-93ddb50b63ed;2026-04-08T12:10:18.110139;2026-04-08T12:10:18.559380;30;import de données;delivery;livraison;0;erreur;interne;"Extrait du rapport d'import: | 2026-04-08 12:10:18,419 {'product': [ErrorDetail(string=""NECT OR BRK 1L PRESSEA n'est pas fourni par le fournisseur FOURNISSEUR CENTRALE"", code='invalid')]} - [L100512621NECT OR BRK 1L PRESSEA             00000171480001100000012000000000010000000083780000000890000 9501100460073 00000000000001714800036053] | 2026-04-08 12:10:18,424 {'product': [ErrorDetail(string=""BOISS ENERG LIGHT BTE 25CL CODY'S n'est pas fourni par le fournisseur FOURNISSEUR CENTRALE"", code='invalid')]} - [L100313535BOISS ENERG LIGHT BTE 25CL CODY'S  00000171430001100000024000000000010000000038586000000500000 4102610508030 00000000000001714300034383] | 2026-04-08 12:10:18,428 {'product': [ErrorDetail(string=""BOISS GAZ BTE 33CL ORANGINA n'est pas fourni par le fournisseur FOURNISSEUR CENTRALE"", code='invalid')]} - [L100088297BOISS GAZ BTE 33CL ORANGINA        00000171500000900000120000000000050000000031506000000375000 8435185961679 00000000000001715000041741] | 2026-04-08 12:10:18,437 {'product': [ErrorDetail(string=""BIERE BLDE BTL 5� 33CL BUDWEISER n'est pas fourni par le fournisseur FOURNISSEUR CENTRALE"", code='invalid')]} - [L100517663BIERE BLDE BTL 5� 33CL BUDWEISER   00000171480001200000144000000000060000000062894000000750000 5410228266525 00000000000001714800036053] | 2026-04-08 12:10:18,441 {'product': [ErrorDetail(string=""BOISS ANAS BRK 6X20CL DARCI n'est pas fourni par le fournisseur FOURNISSEUR CENTRALE"", code='invalid')]} - [L100425107BOISS ANAS BRK 6X20CL DARCI        00000171430001200000004000000000010000000091803400001050000 6186000106608 00000000000001714300034383] | 2026-04-08 12:10:18,451 {'product': [ErrorDetail(string=""BOISS GAZ PET 1,5L SPRITE n'est pas fourni par le fournisseur FOURNISSEUR CENTRALE"", code='invalid')]} - [L100101273BOISS GAZ PET 1,5L SPRITE          00000171500001000000018000000000030000000063484000000750000 5449000012203 00000000000001715000041741] | 2026-04-08 12:10:18,455 {'product': [ErrorDetail(string=""BOISS ANAS MINI BRK 6X20CL PRES n'est pas fourni par le fournisseur FOURNISSEUR CENTRALE"", code='invalid')]} - [L100579986BOISS ANAS MINI BRK 6X20CL PRES    00000171480001300000012000000000030000000093220000001100000 6186000455645 00000000000001714800036053] | 2026-04-08 12:10:18,459 {'product': [ErrorDetail(string=""BOISS GAZ TONIC PET 30CL YOUKI n'est pas fourni par le fournisseur FOURNISSEUR CENTRALE"", code='invalid')]} - [L100456106BOISS GAZ TONIC PET 30CL YOUKI     00000171430001300000060000000000050000000015694000000200000 3700029406254 00000000000001714300034383] | 2026-04-08 12:10:18,472 {'product': [ErrorDetail(string=""JUS CIT PUNCH BTL 30CLTAMPICO n'est pas fourni par le fournisseur FOURNISSEUR CENTRALE"", code='invalid')]} - [L100592785JUS CIT PUNCH BTL 30CLTAMPICO      00000171480001400000024000000000020000000021358000000275000 6186000962556 00000000000001714800036053] | 2026-04-08 12:10:18,474 {'product': [ErrorDetail(string=""BIERE BLDE LAGER BTL 5�25CL BEAUFRT n'est pas fourni par le fournisseur FOURNISSEUR CENTRALE"", code='invalid')]} - [L100174738BIERE BLDE LAGER BTL 5�25CL BEAUFRT00000171500001100000096000000000040000000044722000000550000 9501100000163 00000000000001715000041741] | 2026-04-08 12:10:18,476 {'product': [ErrorDetail(string=""BOISS GAZ MOKA CAFE PET 30CL YOUKI n'est pas fourni par le fournisseur FOURNISSEUR CENTRALE"", code='invalid')]} - [L100456108BOISS GAZ MOKA CAFE PET 30CL YOUKI 00000171430001400000060000000000050000000015694000000200000 3700029406247 00000000000001714300034383] | 2026-04-08 12:10:18,490 {'product': [ErrorDetail(string=""JUS OR PET 30CL PITAYA n'est pas fourni par le fournisseur FOURNISSEUR CENTRALE"", code='invalid')]} - [L100716549JUS OR PET 30CL PITAYA             00000171480001500000012000000000010000000021122000000250000 8939126667748 00000000000001714800036053] | 2026-04-08 12:10:18,494 {'product': [ErrorDetail(string=""BOISS GAZ PET 50CL ORANGINA n'est pas fourni par le fournisseur FOURNISSEUR CENTRALE"", code='invalid')]} - [L100208425BOISS GAZ PET 50CL ORANGINA        00000171500001200000018000000000030000000043070000000500000 8435185100955 00000000000001715000041741] | 2026-04-08 12:10:18,494 {'product': [ErrorDetail(string=""BOISS GAZ POM PET 30CL YOUKI n'est pas fourni par le fournisseur FOURNISSEUR CENTRALE"", code='invalid')]} - [L100456109BOISS GAZ POM PET 30CL YOUKI       00000171430001500000060000000000050000000015694000000200000 3700029401365 00000000000001714300034383] | 2026-04-08 12:10:18,508 {'product': [ErrorDetail(string=""JUS RAIS PET 1L PITAYA n'est pas fourni par le fournisseur FOURNISSEUR CENTRALE"", code='invalid')]} - [L100716553JUS RAIS PET 1L PITAYA             00000171480001600000012000000000020000000067850000000800000 8939126426628 00000000000001714800036053] | 2026-04-08 12:10:18,511 {'product': [ErrorDetail(string=""BOISS GAZ COCKT PET 30CL YOUKI n'est pas fourni par le fournisseur FOURNISSEUR CENTRALE"", code='invalid')]} - [L100456111BOISS GAZ COCKT PET 30CL YOUKI     00000171430001600000060000000000050000000015694000000200000 3700029406261 00000000000001714300034383] | 2026-04-08 12:10:18,511 {'product': [ErrorDetail(string=""PUR JUS ANAS BTE 33CL IVORIO n'est pas fourni par le fournisseur FOURNISSEUR CENTRALE"", code='invalid')]} - [L100230855PUR JUS ANAS BTE 33CL IVORIO       00000171500001300000024000000000010000000052982000000650000 5999991071418 00000000000001715000041741] | 2026-04-08 12:10:18,528 {'product': [ErrorDetail(string=""BOISS GAZ PET 30CL FANTA n'est pas fourni par le fournisseur FOURNISSEUR CENTRALE"", code='invalid')]} - [L100488086BOISS GAZ PET 30CL FANTA           00000171430001700000060000000000050000000014396000000175000 0000090377235 00000000000001714300034383] | 2026-04-08 12:10:18,528 {'product': [ErrorDetail(string=""BOISS GAZ PET 125CL ORANGINA n'est pas fourni par le fournisseur FOURNISSEUR CENTRALE"", code='invalid')]} - [L100278531BOISS GAZ PET 125CL ORANGINA       00000171500001400000018000000000030000000087910000001000000 8435185100962 00000000000001715000041741] | 2026-04-08 12:10:18,529 {'product': [ErrorDetail(string=""JUS COCKT PET 1L PITAYA n'est pas fourni par le fournisseur FOURNISSEUR CENTRALE"", code='invalid')]} - [L100716556JUS COCKT PET 1L PITAYA            00000171480001700000012000000000020000000067850000000800000 8939126427090 00000000000001714800036053] | 2026-04-08 12:10:18,533 fin intégration: (fab3b162-9291-4a4b-8540-93ddb50b63ed) | fichier: /srv/import/368/Fac_368_00216113.LC | 18 lignes formatées | 17 lignes en erreurs | 1 lignes crées | 0 lignes mises à jour | 0 lignes supprimées | 2026-04-08 12:10:18,546 {'product': [ErrorDetail(string=""BOISS GAZ PET 30CL COCA COLA n'est pas fourni par le fournisseur FOURNISSEUR CENTRALE"", code='invalid')]} - [L100488087BOISS GAZ PET 30CL COCA COLA       00000171430001800000240000000000200000000016992000000200000 9033805200000 00000000000001714300034383] | 2026-04-08 12:10:18,546 {'product': [ErrorDetail(string=""BOISS GAZ MOKA BTE 33CL YOUKI n'est pas fourni par le fournisseur FOURNISSEUR CENTRALE"", code='invalid')]} - [L100305119BOISS GAZ MOKA BTE 33CL YOUKI      00000171500001500000096000000000040000000025370000000300000 3700029400580 00000000000001715000041741]";368;CASH IVOIRE U SADIGUIBA
pos18;POS 18;2026-04-09T18:57:06.973160+00:00;8aa7dc64-98fc-4454-8306-00d739261b76;2026-04-07T23:57:13.931679;2026-04-07T23:57:14.029757;30;import de données;supplier_order;commande fournisseur;2;succès;interne;Import commande fournisseur: | fin intégration: (8aa7dc64-98fc-4454-8306-00d739261b76) | fichier: /srv/import/376/SugCde_2554227_20260407164501.txt | 0 lignes formatées | 0 lignes en erreurs | 0 lignes crées | 0 lignes mises à jour | 0 lignes supprimées;376;CASH IVOIRE U SICOGI ANGRE
pos18;POS 18;2026-04-09T18:57:06.973160+00:00;5d27aa8e-d1d8-4f18-a1b8-90afb1020fa7;2026-04-07T23:57:13.920014;2026-04-07T23:57:14.003151;30;import de données;supplier_order;commande fournisseur;2;succès;interne;Import commande fournisseur: | fin intégration: (5d27aa8e-d1d8-4f18-a1b8-90afb1020fa7) | fichier: /srv/import/372/SugCde_2554227_20260407164501.txt | 0 lignes formatées | 0 lignes en erreurs | 0 lignes crées | 0 lignes mises à jour | 0 lignes supprimées;372;CASH IVOIRE U MAROC
pos18;POS 18;2026-04-09T18:57:06.973160+00:00;664f01a8-18cb-47cc-b0bd-91f7484fc603;2026-04-07T23:57:13.888036;2026-04-07T23:57:13.984526;30;import de données;supplier_order;commande fournisseur;2;succès;interne;Import commande fournisseur: | fin intégration: (664f01a8-18cb-47cc-b0bd-91f7484fc603) | fichier: /srv/import/357/SugCde_2554227_20260407164501.txt | 0 lignes formatées | 0 lignes en erreurs | 0 lignes crées | 0 lignes mises à jour | 0 lignes supprimées;357;CASH IVOIRE U REMBLAIS
pos18;POS 18;2026-04-09T18:57:06.973160+00:00;38f2b433-b44c-4920-b5f0-3f60544cf0ac;2026-04-07T23:57:13.903282;2026-04-07T23:57:13.975845;30;import de données;supplier_order;commande fournisseur;2;succès;interne;Import commande fournisseur: | fin intégration: (38f2b433-b44c-4920-b5f0-3f60544cf0ac) | fichier: /srv/import/368/SugCde_2554227_20260407164501.txt | 0 lignes formatées | 0 lignes en erreurs | 0 lignes crées | 0 lignes mises à jour | 0 lignes supprimées;368;CASH IVOIRE U SADIGUIBA
pos18;POS 18;2026-04-09T18:57:06.973160+00:00;56fa69b0-f309-4c2f-b29b-5acb33e40d90;2026-04-07T23:57:13.876298;2026-04-07T23:57:13.921687;30;import de données;supplier_order;commande fournisseur;2;succès;interne;Import commande fournisseur: | fin intégration: (56fa69b0-f309-4c2f-b29b-5acb33e40d90) | fichier: /srv/import/354/SugCde_2554227_20260407164501.txt | 0 lignes formatées | 0 lignes en erreurs | 0 lignes crées | 0 lignes mises à jour | 0 lignes supprimées;354;CASH IVOIRE U TOITS ROUGES
pos18;POS 18;2026-04-09T18:57:06.973160+00:00;f99847ad-c7f5-4916-9400-0774a10230d5;2026-04-07T23:57:13.863285;2026-04-07T23:57:13.920672;30;import de données;supplier_order;commande fournisseur;2;succès;interne;Import commande fournisseur: | fin intégration: (f99847ad-c7f5-4916-9400-0774a10230d5) | fichier: /srv/import/378/SugCde_2554227_20260407164501.txt | 0 lignes formatées | 0 lignes en erreurs | 0 lignes crées | 0 lignes mises à jour | 0 lignes supprimées;378;CASH IVOIRE DJE KONAN
pos18;POS 18;2026-04-09T18:57:06.973160+00:00;43fa1930-81b8-4a53-8f7f-40dd6fbd6258;2026-04-07T23:56:13.923283;2026-04-07T23:56:13.984914;30;import de données;supplier_order;commande fournisseur;2;succès;interne;Import commande fournisseur: | fin intégration: (43fa1930-81b8-4a53-8f7f-40dd6fbd6258) | fichier: /srv/import/376/SugCde_2554226_20260407164457.txt | 0 lignes formatées | 0 lignes en erreurs | 0 lignes crées | 0 lignes mises à jour | 0 lignes supprimées;376;CASH IVOIRE U SICOGI ANGRE
pos18;POS 18;2026-04-09T18:57:06.973160+00:00;7d2f60fc-8fd6-4c3e-a7ae-c4f4e0695b33;2026-04-07T23:56:13.885886;2026-04-07T23:56:13.970107;30;import de données;supplier_order;commande fournisseur;2;succès;interne;Import commande fournisseur: | fin intégration: (7d2f60fc-8fd6-4c3e-a7ae-c4f4e0695b33) | fichier: /srv/import/368/SugCde_2554226_20260407164457.txt | 0 lignes formatées | 0 lignes en erreurs | 0 lignes crées | 0 lignes mises à jour | 0 lignes supprimées;368;CASH IVOIRE U SADIGUIBA
pos18;POS 18;2026-04-09T18:57:06.973160+00:00;a9d0e681-2a40-439a-a8ac-0546b476b3ae;2026-04-07T23:56:13.905853;2026-04-07T23:56:13.966619;30;import de données;supplier_order;commande fournisseur;2;succès;interne;Import commande fournisseur: | fin intégration: (a9d0e681-2a40-439a-a8ac-0546b476b3ae) | fichier: /srv/import/372/SugCde_2554226_20260407164457.txt | 0 lignes formatées | 0 lignes en erreurs | 0 lignes crées | 0 lignes mises à jour | 0 lignes supprimées;372;CASH IVOIRE U MAROC
pos18;POS 18;2026-04-09T18:57:06.973160+00:00;00a6115f-bbb6-4c32-95c8-0d565478d8a4;2026-04-07T23:56:13.874048;2026-04-07T23:56:13.942234;30;import de données;supplier_order;commande fournisseur;2;succès;interne;Import commande fournisseur: | fin intégration: (00a6115f-bbb6-4c32-95c8-0d565478d8a4) | fichier: /srv/import/357/SugCde_2554226_20260407164457.txt | 0 lignes formatées | 0 lignes en erreurs | 0 lignes crées | 0 lignes mises à jour | 0 lignes supprimées;357;CASH IVOIRE U REMBLAIS
pos18;POS 18;2026-04-09T18:57:06.973160+00:00;1def0388-2958-4ed6-b2a0-4d461c82670f;2026-04-07T23:56:13.861269;2026-04-07T23:56:13.918407;30;import de données;supplier_order;commande fournisseur;2;succès;interne;Import commande fournisseur: | fin intégration: (1def0388-2958-4ed6-b2a0-4d461c82670f) | fichier: /srv/import/354/SugCde_2554226_20260407164457.txt | 0 lignes formatées | 0 lignes en erreurs | 0 lignes crées | 0 lignes mises à jour | 0 lignes supprimées;354;CASH IVOIRE U TOITS ROUGES
pos18;POS 18;2026-04-09T18:57:06.973160+00:00;5d37353f-8655-4019-8907-d4a4b92f9431;2026-04-07T23:56:13.849185;2026-04-07T23:56:13.916238;30;import de données;supplier_order;commande fournisseur;2;succès;interne;Import commande fournisseur: | fin intégration: (5d37353f-8655-4019-8907-d4a4b92f9431) | fichier: /srv/import/378/SugCde_2554226_20260407164457.txt | 0 lignes formatées | 0 lignes en erreurs | 0 lignes crées | 0 lignes mises à jour | 0 lignes supprimées;378;CASH IVOIRE DJE KONAN
pos18;POS 18;2026-04-09T18:57:06.973160+00:00;e206ee18-713b-404e-8d05-1338624288e9;2026-04-07T23:55:13.946664;2026-04-07T23:55:14.035925;30;import de données;supplier_order;commande fournisseur;2;succès;interne;Import commande fournisseur: | fin intégration: (e206ee18-713b-404e-8d05-1338624288e9) | fichier: /srv/import/376/SugCde_2554225_20260407164452.txt | 0 lignes formatées | 0 lignes en erreurs | 0 lignes crées | 0 lignes mises à jour | 0 lignes supprimées;376;CASH IVOIRE U SICOGI ANGRE
pos18;POS 18;2026-04-09T18:57:06.973160+00:00;0508e1c6-13fa-4225-9d08-b3431bcc186a;2026-04-07T23:55:13.919368;2026-04-07T23:55:14.010667;30;import de données;supplier_order;commande fournisseur;2;succès;interne;Import commande fournisseur: | fin intégration: (0508e1c6-13fa-4225-9d08-b3431bcc186a) | fichier: /srv/import/372/SugCde_2554225_20260407164452.txt | 0 lignes formatées | 0 lignes en erreurs | 0 lignes crées | 0 lignes mises à jour | 0 lignes supprimées;372;CASH IVOIRE U MAROC
pos18;POS 18;2026-04-09T18:57:06.973160+00:00;623f6265-ac4a-40bc-a60c-8396eb1510ce;2026-04-07T23:55:13.902544;2026-04-07T23:55:13.971747;30;import de données;supplier_order;commande fournisseur;2;succès;interne;Import commande fournisseur: | fin intégration: (623f6265-ac4a-40bc-a60c-8396eb1510ce) | fichier: /srv/import/368/SugCde_2554225_20260407164452.txt | 0 lignes formatées | 0 lignes en erreurs | 0 lignes crées | 0 lignes mises à jour | 0 lignes supprimées;368;CASH IVOIRE U SADIGUIBA
pos18;POS 18;2026-04-09T18:57:06.973160+00:00;9edfd38d-448a-431e-ac04-2f74e37ede67;2026-04-07T23:55:13.881548;2026-04-07T23:55:13.969284;30;import de données;supplier_order;commande fournisseur;2;succès;interne;Import commande fournisseur: | fin intégration: (9edfd38d-448a-431e-ac04-2f74e37ede67) | fichier: /srv/import/357/SugCde_2554225_20260407164452.txt | 0 lignes formatées | 0 lignes en erreurs | 0 lignes crées | 0 lignes mises à jour | 0 lignes supprimées;357;CASH IVOIRE U REMBLAIS
pos18;POS 18;2026-04-09T18:57:06.973160+00:00;d07d3de9-9dcd-4956-aaf8-a6f2ad27e9f7;2026-04-07T23:55:13.868940;2026-04-07T23:55:13.945161;30;import de données;supplier_order;commande fournisseur;2;succès;interne;Import commande fournisseur: | fin intégration: (d07d3de9-9dcd-4956-aaf8-a6f2ad27e9f7) | fichier: /srv/import/354/SugCde_2554225_20260407164452.txt | 0 lignes formatées | 0 lignes en erreurs | 0 lignes crées | 0 lignes mises à jour | 0 lignes supprimées;354;CASH IVOIRE U TOITS ROUGES
pos18;POS 18;2026-04-09T18:57:06.973160+00:00;04bde6cc-65d6-4d00-8d91-2ea7f0a6d10a;2026-04-07T23:55:13.853873;2026-04-07T23:55:13.906124;30;import de données;supplier_order;commande fournisseur;2;succès;interne;Import commande fournisseur: | fin intégration: (04bde6cc-65d6-4d00-8d91-2ea7f0a6d10a) | fichier: /srv/import/378/SugCde_2554225_20260407164452.txt | 0 lignes formatées | 0 lignes en erreurs | 0 lignes crées | 0 lignes mises à jour | 0 lignes supprimées;378;CASH IVOIRE DJE KONAN
pos18;POS 18;2026-04-09T18:57:06.973160+00:00;3681e6f5-7b3d-40d7-bc1e-0e5a9559d5a4;2026-04-07T23:54:13.902933;2026-04-07T23:54:14.027434;30;import de données;supplier_order;commande fournisseur;2;succès;interne;Import commande fournisseur: | fin intégration: (3681e6f5-7b3d-40d7-bc1e-0e5a9559d5a4) | fichier: /srv/import/376/SugCde_2554224_20260407164446.txt | 0 lignes formatées | 0 lignes en erreurs | 0 lignes crées | 0 lignes mises à jour | 0 lignes supprimées;376;CASH IVOIRE U SICOGI ANGRE
pos18;POS 18;2026-04-09T18:57:06.973160+00:00;71b65afb-386c-4c91-b665-7ec6b3d000ba;2026-04-07T23:54:13.889121;2026-04-07T23:54:13.995837;30;import de données;supplier_order;commande fournisseur;2;succès;interne;Import commande fournisseur: | fin intégration: (71b65afb-386c-4c91-b665-7ec6b3d000ba) | fichier: /srv/import/372/SugCde_2554224_20260407164446.txt | 0 lignes formatées | 0 lignes en erreurs | 0 lignes crées | 0 lignes mises à jour | 0 lignes supprimées;372;CASH IVOIRE U MAROC
pos18;POS 18;2026-04-09T18:57:06.973160+00:00;65ee191d-5789-48b5-b2c4-6becf6a558f8;2026-04-07T23:54:13.878970;2026-04-07T23:54:13.976856;30;import de données;supplier_order;commande fournisseur;2;succès;interne;Import commande fournisseur: | fin intégration: (65ee191d-5789-48b5-b2c4-6becf6a558f8) | fichier: /srv/import/368/SugCde_2554224_20260407164446.txt | 0 lignes formatées | 0 lignes en erreurs | 0 lignes crées | 0 lignes mises à jour | 0 lignes supprimées;368;CASH IVOIRE U SADIGUIBA
pos18;POS 18;2026-04-09T18:57:06.973160+00:00;09184366-0394-4860-ad22-cd374d1941a1;2026-04-07T23:54:13.863113;2026-04-07T23:54:13.972241;30;import de données;supplier_order;commande fournisseur;2;succès;interne;Import commande fournisseur: | fin intégration: (09184366-0394-4860-ad22-cd374d1941a1) | fichier: /srv/import/357/SugCde_2554224_20260407164446.txt | 0 lignes formatées | 0 lignes en erreurs | 0 lignes crées | 0 lignes mises à jour | 0 lignes supprimées;357;CASH IVOIRE U REMBLAIS
pos18;POS 18;2026-04-09T18:57:06.973160+00:00;46756607-cede-4658-bc57-605b9cdb6488;2026-04-07T23:54:13.841713;2026-04-07T23:54:13.926389;30;import de données;supplier_order;commande fournisseur;2;succès;interne;Import commande fournisseur: | fin intégration: (46756607-cede-4658-bc57-605b9cdb6488) | fichier: /srv/import/378/SugCde_2554224_20260407164446.txt | 0 lignes formatées | 0 lignes en erreurs | 0 lignes crées | 0 lignes mises à jour | 0 lignes supprimées;378;CASH IVOIRE DJE KONAN
pos18;POS 18;2026-04-09T18:57:06.973160+00:00;a1576221-ff0c-4f2b-a6b2-966d872d1fe9;2026-04-07T23:54:13.851581;2026-04-07T23:54:13.909379;30;import de données;supplier_order;commande fournisseur;2;succès;interne;Import commande fournisseur: | fin intégration: (a1576221-ff0c-4f2b-a6b2-966d872d1fe9) | fichier: /srv/import/354/SugCde_2554224_20260407164446.txt | 0 lignes formatées | 0 lignes en erreurs | 0 lignes crées | 0 lignes mises à jour | 0 lignes supprimées;354;CASH IVOIRE U TOITS ROUGES
pos18;POS 18;2026-04-09T18:57:06.973160+00:00;fac711c8-e6e8-466a-ad6b-34564161d488;2026-04-07T23:53:13.874798;2026-04-07T23:53:13.937452;30;import de données;supplier_order;commande fournisseur;2;succès;interne;Import commande fournisseur: | fin intégration: (fac711c8-e6e8-466a-ad6b-34564161d488) | fichier: /srv/import/372/SugCde_2554223_20260407164440.txt | 0 lignes formatées | 0 lignes en erreurs | 0 lignes crées | 0 lignes mises à jour | 0 lignes supprimées;372;CASH IVOIRE U MAROC
pos18;POS 18;2026-04-09T18:57:06.973160+00:00;064a67f1-350e-4fcd-931a-ab9d6a2c1673;2026-04-07T23:53:13.864963;2026-04-07T23:53:13.934566;30;import de données;supplier_order;commande fournisseur;2;succès;interne;Import commande fournisseur: | fin intégration: (064a67f1-350e-4fcd-931a-ab9d6a2c1673) | fichier: /srv/import/368/SugCde_2554223_20260407164440.txt | 0 lignes formatées | 0 lignes en erreurs | 0 lignes crées | 0 lignes mises à jour | 0 lignes supprimées;368;CASH IVOIRE U SADIGUIBA
pos18;POS 18;2026-04-09T18:57:06.973160+00:00;821bd3b0-66a0-4ee2-8e7a-6c04970e4bba;2026-04-07T23:53:13.885713;2026-04-07T23:53:13.930950;30;import de données;supplier_order;commande fournisseur;2;succès;interne;Import commande fournisseur: | fin intégration: (821bd3b0-66a0-4ee2-8e7a-6c04970e4bba) | fichier: /srv/import/376/SugCde_2554223_20260407164440.txt | 0 lignes formatées | 0 lignes en erreurs | 0 lignes crées | 0 lignes mises à jour | 0 lignes supprimées;376;CASH IVOIRE U SICOGI ANGRE
pos18;POS 18;2026-04-09T18:57:06.973160+00:00;bca23c0f-44d9-49ae-81d0-e925853e0506;2026-04-07T23:53:13.854103;2026-04-07T23:53:13.896213;30;import de données;supplier_order;commande fournisseur;2;succès;interne;Import commande fournisseur: | fin intégration: (bca23c0f-44d9-49ae-81d0-e925853e0506) | fichier: /srv/import/357/SugCde_2554223_20260407164440.txt | 0 lignes formatées | 0 lignes en erreurs | 0 lignes crées | 0 lignes mises à jour | 0 lignes supprimées;357;CASH IVOIRE U REMBLAIS
pos18;POS 18;2026-04-09T18:57:06.973160+00:00;63b90474-6466-42ef-82d6-eb20b5c99677;2026-04-07T23:53:13.845105;2026-04-07T23:53:13.889765;30;import de données;supplier_order;commande fournisseur;2;succès;interne;Import commande fournisseur: | fin intégration: (63b90474-6466-42ef-82d6-eb20b5c99677) | fichier: /srv/import/354/SugCde_2554223_20260407164440.txt | 0 lignes formatées | 0 lignes en erreurs | 0 lignes crées | 0 lignes mises à jour | 0 lignes supprimées;354;CASH IVOIRE U TOITS ROUGES
pos18;POS 18;2026-04-09T18:57:06.973160+00:00;0be97ba6-5b20-496d-be76-b8e1520f8780;2026-04-07T23:53:13.834903;2026-04-07T23:53:13.886738;30;import de données;supplier_order;commande fournisseur;2;succès;interne;Import commande fournisseur: | fin intégration: (0be97ba6-5b20-496d-be76-b8e1520f8780) | fichier: /srv/import/378/SugCde_2554223_20260407164440.txt | 0 lignes formatées | 0 lignes en erreurs | 0 lignes crées | 0 lignes mises à jour | 0 lignes supprimées;378;CASH IVOIRE DJE KONAN
pos18;POS 18;2026-04-09T18:57:06.973160+00:00;fcf884ae-6d9d-4454-acb3-8cca81686217;2026-04-07T23:52:13.903543;2026-04-07T23:52:13.970715;30;import de données;supplier_order;commande fournisseur;2;succès;interne;Import commande fournisseur: | fin intégration: (fcf884ae-6d9d-4454-acb3-8cca81686217) | fichier: /srv/import/376/SugCde_2554222_20260407164433.txt | 0 lignes formatées | 0 lignes en erreurs | 0 lignes crées | 0 lignes mises à jour | 0 lignes supprimées;376;CASH IVOIRE U SICOGI ANGRE
pos18;POS 18;2026-04-09T18:57:06.973160+00:00;5db9efcb-a631-4a81-b879-7a90aee5ea50;2026-04-07T23:52:13.879864;2026-04-07T23:52:13.958672;30;import de données;supplier_order;commande fournisseur;2;succès;interne;Import commande fournisseur: | fin intégration: (5db9efcb-a631-4a81-b879-7a90aee5ea50) | fichier: /srv/import/368/SugCde_2554222_20260407164433.txt | 0 lignes formatées | 0 lignes en erreurs | 0 lignes crées | 0 lignes mises à jour | 0 lignes supprimées;368;CASH IVOIRE U SADIGUIBA
pos18;POS 18;2026-04-09T18:57:06.973160+00:00;585118bb-4c21-447b-af87-248853550401;2026-04-07T23:52:13.890960;2026-04-07T23:52:13.957892;30;import de données;supplier_order;commande fournisseur;2;succès;interne;Import commande fournisseur: | fin intégration: (585118bb-4c21-447b-af87-248853550401) | fichier: /srv/import/372/SugCde_2554222_20260407164433.txt | 0 lignes formatées | 0 lignes en erreurs | 0 lignes crées | 0 lignes mises à jour | 0 lignes supprimées;372;CASH IVOIRE U MAROC
pos18;POS 18;2026-04-09T18:57:06.973160+00:00;5d9cb1e2-2bd2-4277-be82-b38ba52bdf30;2026-04-07T23:52:13.868280;2026-04-07T23:52:13.917718;30;import de données;supplier_order;commande fournisseur;2;succès;interne;Import commande fournisseur: | fin intégration: (5d9cb1e2-2bd2-4277-be82-b38ba52bdf30) | fichier: /srv/import/357/SugCde_2554222_20260407164433.txt | 0 lignes formatées | 0 lignes en erreurs | 0 lignes crées | 0 lignes mises à jour | 0 lignes supprimées;357;CASH IVOIRE U REMBLAIS
pos18;POS 18;2026-04-09T18:57:06.973160+00:00;db1cd3b3-6af2-47bc-b205-b1712aaf20f2;2026-04-07T23:52:13.842573;2026-04-07T23:52:13.913932;30;import de données;supplier_order;commande fournisseur;2;succès;interne;Import commande fournisseur: | fin intégration: (db1cd3b3-6af2-47bc-b205-b1712aaf20f2) | fichier: /srv/import/354/SugCde_2554222_20260407164433.txt | 0 lignes formatées | 0 lignes en erreurs | 0 lignes crées | 0 lignes mises à jour | 0 lignes supprimées;354;CASH IVOIRE U TOITS ROUGES
pos18;POS 18;2026-04-09T18:57:06.973160+00:00;d4f243d9-4342-4fec-8865-750b181ced0e;2026-04-07T23:52:13.831607;2026-04-07T23:52:13.879699;30;import de données;supplier_order;commande fournisseur;2;succès;interne;Import commande fournisseur: | fin intégration: (d4f243d9-4342-4fec-8865-750b181ced0e) | fichier: /srv/import/378/SugCde_2554222_20260407164433.txt | 0 lignes formatées | 0 lignes en erreurs | 0 lignes crées | 0 lignes mises à jour | 0 lignes supprimées;378;CASH IVOIRE DJE KONAN
pos18;POS 18;2026-04-09T18:57:06.973160+00:00;e834de7b-3eab-4df4-bdfc-72c13f44df25;2026-04-07T23:51:13.900850;2026-04-07T23:51:13.946139;30;import de données;supplier_order;commande fournisseur;2;succès;interne;Import commande fournisseur: | fin intégration: (e834de7b-3eab-4df4-bdfc-72c13f44df25) | fichier: /srv/import/376/SugCde_2554221_20260407164427.txt | 0 lignes formatées | 0 lignes en erreurs | 0 lignes crées | 0 lignes mises à jour | 0 lignes supprimées;376;CASH IVOIRE U SICOGI ANGRE
pos18;POS 18;2026-04-09T18:57:06.973160+00:00;a2d13dfc-fd97-421f-8179-02bcc76d588e;2026-04-07T23:51:13.889995;2026-04-07T23:51:13.935574;30;import de données;supplier_order;commande fournisseur;2;succès;interne;Import commande fournisseur: | fin intégration: (a2d13dfc-fd97-421f-8179-02bcc76d588e) | fichier: /srv/import/372/SugCde_2554221_20260407164427.txt | 0 lignes formatées | 0 lignes en erreurs | 0 lignes crées | 0 lignes mises à jour | 0 lignes supprimées;372;CASH IVOIRE U MAROC
pos18;POS 18;2026-04-09T18:57:06.973160+00:00;caa2a7a6-422c-4533-8855-f1efd41197fc;2026-04-07T23:51:13.877292;2026-04-07T23:51:13.925304;30;import de données;supplier_order;commande fournisseur;2;succès;interne;Import commande fournisseur: | fin intégration: (caa2a7a6-422c-4533-8855-f1efd41197fc) | fichier: /srv/import/368/SugCde_2554221_20260407164427.txt | 0 lignes formatées | 0 lignes en erreurs | 0 lignes crées | 0 lignes mises à jour | 0 lignes supprimées;368;CASH IVOIRE U SADIGUIBA
pos18;POS 18;2026-04-09T18:57:06.973160+00:00;d829c64d-9a8b-4045-8092-7cd85b76a827;2026-04-07T23:51:13.855282;2026-04-07T23:51:13.903016;30;import de données;supplier_order;commande fournisseur;2;succès;interne;Import commande fournisseur: | fin intégration: (d829c64d-9a8b-4045-8092-7cd85b76a827) | fichier: /srv/import/357/SugCde_2554221_20260407164427.txt | 0 lignes formatées | 0 lignes en erreurs | 0 lignes crées | 0 lignes mises à jour | 0 lignes supprimées;357;CASH IVOIRE U REMBLAIS
pos18;POS 18;2026-04-09T18:57:06.973160+00:00;dc8f7866-8025-4055-a4db-dcf2a22c0d6e;2026-04-07T23:51:13.839118;2026-04-07T23:51:13.882312;30;import de données;supplier_order;commande fournisseur;2;succès;interne;Import commande fournisseur: | fin intégration: (dc8f7866-8025-4055-a4db-dcf2a22c0d6e) | fichier: /srv/import/354/SugCde_2554221_20260407164427.txt | 0 lignes formatées | 0 lignes en erreurs | 0 lignes crées | 0 lignes mises à jour | 0 lignes supprimées;354;CASH IVOIRE U TOITS ROUGES
pos18;POS 18;2026-04-09T18:57:06.973160+00:00;8ebd8272-4159-4139-b834-75e787abaf7c;2026-04-07T23:51:13.830227;2026-04-07T23:51:13.873543;30;import de données;supplier_order;commande fournisseur;2;succès;interne;Import commande fournisseur: | fin intégration: (8ebd8272-4159-4139-b834-75e787abaf7c) | fichier: /srv/import/378/SugCde_2554221_20260407164427.txt | 0 lignes formatées | 0 lignes en erreurs | 0 lignes crées | 0 lignes mises à jour | 0 lignes supprimées;378;CASH IVOIRE DJE KONAN
pos18;POS 18;2026-04-09T18:57:06.973160+00:00;c9ea0b0e-9be8-43f1-96b1-132f44c74a93;2026-04-07T23:50:13.898273;2026-04-07T23:50:13.956863;30;import de données;supplier_order;commande fournisseur;2;succès;interne;Import commande fournisseur: | fin intégration: (c9ea0b0e-9be8-43f1-96b1-132f44c74a93) | fichier: /srv/import/376/SugCde_2554220_20260407164421.txt | 0 lignes formatées | 0 lignes en erreurs | 0 lignes crées | 0 lignes mises à jour | 0 lignes supprimées;376;CASH IVOIRE U SICOGI ANGRE
pos18;POS 18;2026-04-09T18:57:06.973160+00:00;abfa6738-0884-42a6-8ae3-c7dbece885e3;2026-04-07T23:50:13.885166;2026-04-07T23:50:13.951185;30;import de données;supplier_order;commande fournisseur;2;succès;interne;Import commande fournisseur: | fin intégration: (abfa6738-0884-42a6-8ae3-c7dbece885e3) | fichier: /srv/import/372/SugCde_2554220_20260407164421.txt | 0 lignes formatées | 0 lignes en erreurs | 0 lignes crées | 0 lignes mises à jour | 0 lignes supprimées;372;CASH IVOIRE U MAROC
pos18;POS 18;2026-04-09T18:57:06.973160+00:00;187b8ab6-eee0-400b-a67d-8bf1ad1ce782;2026-04-07T23:50:13.862582;2026-04-07T23:50:13.931206;30;import de données;supplier_order;commande fournisseur;2;succès;interne;Import commande fournisseur: | fin intégration: (187b8ab6-eee0-400b-a67d-8bf1ad1ce782) | fichier: /srv/import/368/SugCde_2554220_20260407164421.txt | 0 lignes formatées | 0 lignes en erreurs | 0 lignes crées | 0 lignes mises à jour | 0 lignes supprimées;368;CASH IVOIRE U SADIGUIBA
pos18;POS 18;2026-04-09T18:57:06.973160+00:00;7d493c5d-082e-4e09-b84e-7d94dd3efe30;2026-04-07T23:50:13.846978;2026-04-07T23:50:13.910016;30;import de données;supplier_order;commande fournisseur;2;succès;interne;Import commande fournisseur: | fin intégration: (7d493c5d-082e-4e09-b84e-7d94dd3efe30) | fichier: /srv/import/357/SugCde_2554220_20260407164421.txt | 0 lignes formatées | 0 lignes en erreurs | 0 lignes crées | 0 lignes mises à jour | 0 lignes supprimées;357;CASH IVOIRE U REMBLAIS
pos18;POS 18;2026-04-09T18:57:06.973160+00:00;b7d17227-37b3-404e-89e1-caf5bb7ea83d;2026-04-07T23:50:13.833841;2026-04-07T23:50:13.881333;30;import de données;supplier_order;commande fournisseur;2;succès;interne;Import commande fournisseur: | fin intégration: (b7d17227-37b3-404e-89e1-caf5bb7ea83d) | fichier: /srv/import/354/SugCde_2554220_20260407164421.txt | 0 lignes formatées | 0 lignes en erreurs | 0 lignes crées | 0 lignes mises à jour | 0 lignes supprimées;354;CASH IVOIRE U TOITS ROUGES
pos18;POS 18;2026-04-09T18:57:06.973160+00:00;26e55c05-1756-46c7-8f49-0c61d75ce376;2026-04-07T23:50:13.824694;2026-04-07T23:50:13.864717;30;import de données;supplier_order;commande fournisseur;2;succès;interne;Import commande fournisseur: | fin intégration: (26e55c05-1756-46c7-8f49-0c61d75ce376) | fichier: /srv/import/378/SugCde_2554220_20260407164421.txt | 0 lignes formatées | 0 lignes en erreurs | 0 lignes crées | 0 lignes mises à jour | 0 lignes supprimées;378;CASH IVOIRE DJE KONAN
pos18;POS 18;2026-04-09T18:57:06.973160+00:00;18dd24d5-7bc0-4e17-9d8f-043d217b6a43;2026-04-07T23:49:13.875794;2026-04-07T23:49:13.949295;30;import de données;supplier_order;commande fournisseur;2;succès;interne;Import commande fournisseur: | fin intégration: (18dd24d5-7bc0-4e17-9d8f-043d217b6a43) | fichier: /srv/import/376/SugCde_2554173_20260407100847.txt | 0 lignes formatées | 0 lignes en erreurs | 0 lignes crées | 0 lignes mises à jour | 0 lignes supprimées;376;CASH IVOIRE U SICOGI ANGRE
pos18;POS 18;2026-04-09T18:57:06.973160+00:00;29c707f2-15c3-4cd6-8f2f-cc7064fa5848;2026-04-07T23:49:13.866678;2026-04-07T23:49:13.922383;30;import de données;supplier_order;commande fournisseur;2;succès;interne;Import commande fournisseur: | fin intégration: (29c707f2-15c3-4cd6-8f2f-cc7064fa5848) | fichier: /srv/import/372/SugCde_2554173_20260407100847.txt | 0 lignes formatées | 0 lignes en erreurs | 0 lignes crées | 0 lignes mises à jour | 0 lignes supprimées;372;CASH IVOIRE U MAROC
pos18;POS 18;2026-04-09T18:57:06.973160+00:00;7081cf96-4ec5-4208-bb40-5513f41a733f;2026-04-07T23:49:13.856663;2026-04-07T23:49:13.911108;30;import de données;supplier_order;commande fournisseur;2;succès;interne;Import commande fournisseur: | fin intégration: (7081cf96-4ec5-4208-bb40-5513f41a733f) | fichier: /srv/import/368/SugCde_2554173_20260407100847.txt | 0 lignes formatées | 0 lignes en erreurs | 0 lignes crées | 0 lignes mises à jour | 0 lignes supprimées;368;CASH IVOIRE U SADIGUIBA
pos18;POS 18;2026-04-09T18:57:06.973160+00:00;eb0de6a0-0017-46f9-a5df-c006ef5b86ff;2026-04-07T23:49:13.846293;2026-04-07T23:49:13.905704;30;import de données;supplier_order;commande fournisseur;2;succès;interne;Import commande fournisseur: | fin intégration: (eb0de6a0-0017-46f9-a5df-c006ef5b86ff) | fichier: /srv/import/357/SugCde_2554173_20260407100847.txt | 0 lignes formatées | 0 lignes en erreurs | 0 lignes crées | 0 lignes mises à jour | 0 lignes supprimées;357;CASH IVOIRE U REMBLAIS
pos18;POS 18;2026-04-09T18:57:06.973160+00:00;fb7d9c43-a6c4-48ed-ae1d-3b92a6f2fc9a;2026-04-07T23:49:13.830704;2026-04-07T23:49:13.873858;30;import de données;supplier_order;commande fournisseur;2;succès;interne;Import commande fournisseur: | fin intégration: (fb7d9c43-a6c4-48ed-ae1d-3b92a6f2fc9a) | fichier: /srv/import/354/SugCde_2554173_20260407100847.txt | 0 lignes formatées | 0 lignes en erreurs | 0 lignes crées | 0 lignes mises à jour | 0 lignes supprimées;354;CASH IVOIRE U TOITS ROUGES
pos18;POS 18;2026-04-09T18:57:06.973160+00:00;f0244f3f-dd93-489c-905b-ae36bc530aa6;2026-04-07T23:49:13.822010;2026-04-07T23:49:13.863416;30;import de données;supplier_order;commande fournisseur;2;succès;interne;Import commande fournisseur: | fin intégration: (f0244f3f-dd93-489c-905b-ae36bc530aa6) | fichier: /srv/import/378/SugCde_2554173_20260407100847.txt | 0 lignes formatées | 0 lignes en erreurs | 0 lignes crées | 0 lignes mises à jour | 0 lignes supprimées;378;CASH IVOIRE DJE KONAN
pos18;POS 18;2026-04-09T18:57:06.973160+00:00;6f302f24-ef9d-4a23-bcd6-68ead205cb6a;2026-04-07T23:48:13.864636;2026-04-07T23:48:13.954543;30;import de données;supplier_order;commande fournisseur;2;succès;interne;Import commande fournisseur: | fin intégration: (6f302f24-ef9d-4a23-bcd6-68ead205cb6a) | fichier: /srv/import/376/SugCde_2554159_20260407084334.txt | 0 lignes formatées | 0 lignes en erreurs | 0 lignes crées | 0 lignes mises à jour | 0 lignes supprimées;376;CASH IVOIRE U SICOGI ANGRE
pos18;POS 18;2026-04-09T18:57:06.973160+00:00;1a1cfaf0-b510-4715-97c1-b83950ac5cc6;2026-04-07T23:48:13.854444;2026-04-07T23:48:13.946389;30;import de données;supplier_order;commande fournisseur;2;succès;interne;Import commande fournisseur: | fin intégration: (1a1cfaf0-b510-4715-97c1-b83950ac5cc6) | fichier: /srv/import/372/SugCde_2554159_20260407084334.txt | 0 lignes formatées | 0 lignes en erreurs | 0 lignes crées | 0 lignes mises à jour | 0 lignes supprimées;372;CASH IVOIRE U MAROC
pos18;POS 18;2026-04-09T18:57:06.973160+00:00;17b11a98-90d8-4f98-b837-c45bd9e07154;2026-04-07T23:48:13.824413;2026-04-07T23:48:13.918409;30;import de données;supplier_order;commande fournisseur;2;succès;interne;Import commande fournisseur: | fin intégration: (17b11a98-90d8-4f98-b837-c45bd9e07154) | fichier: /srv/import/354/SugCde_2554159_20260407084334.txt | 0 lignes formatées | 0 lignes en erreurs | 0 lignes crées | 0 lignes mises à jour | 0 lignes supprimées;354;CASH IVOIRE U TOITS ROUGES
pos18;POS 18;2026-04-09T18:57:06.973160+00:00;6bcd9877-6403-4832-8363-fba0dfa73652;2026-04-07T23:48:13.843299;2026-04-07T23:48:13.915080;30;import de données;supplier_order;commande fournisseur;2;succès;interne;Import commande fournisseur: | fin intégration: (6bcd9877-6403-4832-8363-fba0dfa73652) | fichier: /srv/import/368/SugCde_2554159_20260407084334.txt | 0 lignes formatées | 0 lignes en erreurs | 0 lignes crées | 0 lignes mises à jour | 0 lignes supprimées;368;CASH IVOIRE U SADIGUIBA
pos18;POS 18;2026-04-09T18:57:06.973160+00:00;e48c8d81-d45b-47a2-aa9d-9cf29ed8c52f;2026-04-07T23:48:13.811433;2026-04-07T23:48:13.902196;30;import de données;supplier_order;commande fournisseur;2;succès;interne;Import commande fournisseur: | fin intégration: (e48c8d81-d45b-47a2-aa9d-9cf29ed8c52f) | fichier: /srv/import/378/SugCde_2554159_20260407084334.txt | 0 lignes formatées | 0 lignes en erreurs | 0 lignes crées | 0 lignes mises à jour | 0 lignes supprimées;378;CASH IVOIRE DJE KONAN
pos18;POS 18;2026-04-09T18:57:06.973160+00:00;de422b93-4a7a-469d-a911-c4cc27ffb0e5;2026-04-07T23:48:13.834256;2026-04-07T23:48:13.890869;30;import de données;supplier_order;commande fournisseur;2;succès;interne;Import commande fournisseur: | fin intégration: (de422b93-4a7a-469d-a911-c4cc27ffb0e5) | fichier: /srv/import/357/SugCde_2554159_20260407084334.txt | 0 lignes formatées | 0 lignes en erreurs | 0 lignes crées | 0 lignes mises à jour | 0 lignes supprimées;357;CASH IVOIRE U REMBLAIS
pos18;POS 18;2026-04-09T18:57:06.973160+00:00;2321a9f4-a2e1-4df6-84ab-8b46328fe447;2026-04-07T23:47:13.871712;2026-04-07T23:47:13.903951;30;import de données;supplier_pre_order;pré-commande fournisseur;2;succès;interne;Import pré-commande fournisseur: | fin intégration: (2321a9f4-a2e1-4df6-84ab-8b46328fe447) | fichier: /srv/import/376/Cmdpro_S16B_20260407195534.txt | 0 lignes formatées | 0 lignes en erreurs | 0 lignes crées | 0 lignes mises à jour | 0 lignes supprimées;376;CASH IVOIRE U SICOGI ANGRE
pos18;POS 18;2026-04-09T18:57:06.973160+00:00;ec393dee-c8fa-4a18-8678-008da83b28f5;2026-04-07T23:47:13.842612;2026-04-07T23:47:13.894871;30;import de données;supplier_pre_order;pré-commande fournisseur;2;succès;interne;Import pré-commande fournisseur: | fin intégration: (ec393dee-c8fa-4a18-8678-008da83b28f5) | fichier: /srv/import/368/Cmdpro_S16B_20260407195534.txt | 0 lignes formatées | 0 lignes en erreurs | 0 lignes crées | 0 lignes mises à jour | 0 lignes supprimées;368;CASH IVOIRE U SADIGUIBA
pos18;POS 18;2026-04-09T18:57:06.973160+00:00;9aab5a4b-db28-4d32-9705-b60b8e909552;2026-04-07T23:47:13.850877;2026-04-07T23:47:13.891662;30;import de données;supplier_pre_order;pré-commande fournisseur;2;succès;interne;Import pré-commande fournisseur: | fin intégration: (9aab5a4b-db28-4d32-9705-b60b8e909552) | fichier: /srv/import/372/Cmdpro_S16B_20260407195534.txt | 0 lignes formatées | 0 lignes en erreurs | 0 lignes crées | 0 lignes mises à jour | 0 lignes supprimées;372;CASH IVOIRE U MAROC
pos18;POS 18;2026-04-09T18:57:06.973160+00:00;2a89afc5-08a5-4d96-b613-34ee2051ab92;2026-04-07T23:47:13.830281;2026-04-07T23:47:13.857454;30;import de données;supplier_pre_order;pré-commande fournisseur;2;succès;interne;Import pré-commande fournisseur: | fin intégration: (2a89afc5-08a5-4d96-b613-34ee2051ab92) | fichier: /srv/import/357/Cmdpro_S16B_20260407195534.txt | 0 lignes formatées | 0 lignes en erreurs | 0 lignes crées | 0 lignes mises à jour | 0 lignes supprimées;357;CASH IVOIRE U REMBLAIS
pos18;POS 18;2026-04-09T18:57:06.973160+00:00;43030201-00ea-46d1-b8dc-6fc4e17d071f;2026-04-07T23:47:13.822530;2026-04-07T23:47:13.852971;30;import de données;supplier_pre_order;pré-commande fournisseur;2;succès;interne;Import pré-commande fournisseur: | fin intégration: (43030201-00ea-46d1-b8dc-6fc4e17d071f) | fichier: /srv/import/354/Cmdpro_S16B_20260407195534.txt | 0 lignes formatées | 0 lignes en erreurs | 0 lignes crées | 0 lignes mises à jour | 0 lignes supprimées;354;CASH IVOIRE U TOITS ROUGES
pos18;POS 18;2026-04-09T18:57:06.973160+00:00;03d46694-fafc-46b4-9437-9f5b97f766bd;2026-04-07T23:47:13.811728;2026-04-07T23:47:13.845627;30;import de données;supplier_pre_order;pré-commande fournisseur;2;succès;interne;Import pré-commande fournisseur: | fin intégration: (03d46694-fafc-46b4-9437-9f5b97f766bd) | fichier: /srv/import/378/Cmdpro_S16B_20260407195534.txt | 0 lignes formatées | 0 lignes en erreurs | 0 lignes crées | 0 lignes mises à jour | 0 lignes supprimées;378;CASH IVOIRE DJE KONAN
pos18;POS 18;2026-04-09T18:57:06.973160+00:00;8fc81804-2c28-47fb-8de2-c81667b6eaa0;2026-04-07T23:46:13.863289;2026-04-07T23:46:13.897578;30;import de données;supplier_pre_order;pré-commande fournisseur;2;succès;interne;Import pré-commande fournisseur: | fin intégration: (8fc81804-2c28-47fb-8de2-c81667b6eaa0) | fichier: /srv/import/376/Cmdpro_PP14_20260407195531.txt | 0 lignes formatées | 0 lignes en erreurs | 0 lignes crées | 0 lignes mises à jour | 0 lignes supprimées;376;CASH IVOIRE U SICOGI ANGRE
pos18;POS 18;2026-04-09T18:57:06.973160+00:00;0d1cb55d-6172-4ef3-bbde-74e1b4c4570e;2026-04-07T23:46:13.848435;2026-04-07T23:46:13.884230;30;import de données;supplier_pre_order;pré-commande fournisseur;2;succès;interne;Import pré-commande fournisseur: | fin intégration: (0d1cb55d-6172-4ef3-bbde-74e1b4c4570e) | fichier: /srv/import/372/Cmdpro_PP14_20260407195531.txt | 0 lignes formatées | 0 lignes en erreurs | 0 lignes crées | 0 lignes mises à jour | 0 lignes supprimées;372;CASH IVOIRE U MAROC
pos18;POS 18;2026-04-09T18:57:06.973160+00:00;ea7f70ad-1508-4584-a67d-90e3c7d58ef6;2026-04-07T23:46:13.837581;2026-04-07T23:46:13.876924;30;import de données;supplier_pre_order;pré-commande fournisseur;2;succès;interne;Import pré-commande fournisseur: | fin intégration: (ea7f70ad-1508-4584-a67d-90e3c7d58ef6) | fichier: /srv/import/368/Cmdpro_PP14_20260407195531.txt | 0 lignes formatées | 0 lignes en erreurs | 0 lignes crées | 0 lignes mises à jour | 0 lignes supprimées;368;CASH IVOIRE U SADIGUIBA
pos18;POS 18;2026-04-09T18:57:06.973160+00:00;e956e5cd-9ace-428d-a7e7-7cdd6f86abae;2026-04-07T23:46:13.826549;2026-04-07T23:46:13.858982;30;import de données;supplier_pre_order;pré-commande fournisseur;2;succès;interne;Import pré-commande fournisseur: | fin intégration: (e956e5cd-9ace-428d-a7e7-7cdd6f86abae) | fichier: /srv/import/357/Cmdpro_PP14_20260407195531.txt | 0 lignes formatées | 0 lignes en erreurs | 0 lignes crées | 0 lignes mises à jour | 0 lignes supprimées;357;CASH IVOIRE U REMBLAIS
pos18;POS 18;2026-04-09T18:57:06.973160+00:00;31a7d6d8-9ea6-4010-9dc6-c27e3c6b1284;2026-04-07T23:46:13.814898;2026-04-07T23:46:13.845887;30;import de données;supplier_pre_order;pré-commande fournisseur;2;succès;interne;Import pré-commande fournisseur: | fin intégration: (31a7d6d8-9ea6-4010-9dc6-c27e3c6b1284) | fichier: /srv/import/354/Cmdpro_PP14_20260407195531.txt | 0 lignes formatées | 0 lignes en erreurs | 0 lignes crées | 0 lignes mises à jour | 0 lignes supprimées;354;CASH IVOIRE U TOITS ROUGES
pos18;POS 18;2026-04-09T18:57:06.973160+00:00;ff5c1d93-97f9-4035-86fe-9dcd99fc9d05;2026-04-07T23:46:13.804542;2026-04-07T23:46:13.833428;30;import de données;supplier_pre_order;pré-commande fournisseur;2;succès;interne;Import pré-commande fournisseur: | fin intégration: (ff5c1d93-97f9-4035-86fe-9dcd99fc9d05) | fichier: /srv/import/378/Cmdpro_PP14_20260407195531.txt | 0 lignes formatées | 0 lignes en erreurs | 0 lignes crées | 0 lignes mises à jour | 0 lignes supprimées;378;CASH IVOIRE DJE KONAN
pos18;POS 18;2026-04-09T18:57:06.973160+00:00;a25a8ab6-1284-47ab-b626-76b186df6c25;2026-04-07T23:45:13.862055;2026-04-07T23:45:13.909953;30;import de données;supplier_pre_order;pré-commande fournisseur;2;succès;interne;Import pré-commande fournisseur: | fin intégration: (a25a8ab6-1284-47ab-b626-76b186df6c25) | fichier: /srv/import/376/Cmdpro_PP12_20260407195530.txt | 0 lignes formatées | 0 lignes en erreurs | 0 lignes crées | 0 lignes mises à jour | 0 lignes supprimées;376;CASH IVOIRE U SICOGI ANGRE
pos18;POS 18;2026-04-09T18:57:06.973160+00:00;12627f0d-2b54-4e02-9708-08ea4bce7f63;2026-04-07T23:45:13.847106;2026-04-07T23:45:13.896595;30;import de données;supplier_pre_order;pré-commande fournisseur;2;succès;interne;Import pré-commande fournisseur: | fin intégration: (12627f0d-2b54-4e02-9708-08ea4bce7f63) | fichier: /srv/import/372/Cmdpro_PP12_20260407195530.txt | 0 lignes formatées | 0 lignes en erreurs | 0 lignes crées | 0 lignes mises à jour | 0 lignes supprimées;372;CASH IVOIRE U MAROC
pos18;POS 18;2026-04-09T18:57:06.973160+00:00;8c9ada73-3b1e-40c0-92cc-d97d58071be0;2026-04-07T23:45:13.831616;2026-04-07T23:45:13.894606;30;import de données;supplier_pre_order;pré-commande fournisseur;2;succès;interne;Import pré-commande fournisseur: | fin intégration: (8c9ada73-3b1e-40c0-92cc-d97d58071be0) | fichier: /srv/import/368/Cmdpro_PP12_20260407195530.txt | 0 lignes formatées | 0 lignes en erreurs | 0 lignes crées | 0 lignes mises à jour | 0 lignes supprimées;368;CASH IVOIRE U SADIGUIBA
pos18;POS 18;2026-04-09T18:57:06.973160+00:00;bc1e2bfb-ee05-4ca3-998b-7f6f7e5cf127;2026-04-07T23:45:13.821280;2026-04-07T23:45:13.883149;30;import de données;supplier_pre_order;pré-commande fournisseur;2;succès;interne;Import pré-commande fournisseur: | fin intégration: (bc1e2bfb-ee05-4ca3-998b-7f6f7e5cf127) | fichier: /srv/import/357/Cmdpro_PP12_20260407195530.txt | 0 lignes formatées | 0 lignes en erreurs | 0 lignes crées | 0 lignes mises à jour | 0 lignes supprimées;357;CASH IVOIRE U REMBLAIS
pos18;POS 18;2026-04-09T18:57:06.973160+00:00;2bd28824-8653-49e4-9fa3-65a7a38b5151;2026-04-07T23:45:13.810297;2026-04-07T23:45:13.850886;30;import de données;supplier_pre_order;pré-commande fournisseur;2;succès;interne;Import pré-commande fournisseur: | fin intégration: (2bd28824-8653-49e4-9fa3-65a7a38b5151) | fichier: /srv/import/354/Cmdpro_PP12_20260407195530.txt | 0 lignes formatées | 0 lignes en erreurs | 0 lignes crées | 0 lignes mises à jour | 0 lignes supprimées;354;CASH IVOIRE U TOITS ROUGES
pos18;POS 18;2026-04-09T18:57:06.973160+00:00;f951ce01-a5f2-488f-bf76-c4fb5be146be;2026-04-07T23:45:13.799408;2026-04-07T23:45:13.834848;30;import de données;supplier_pre_order;pré-commande fournisseur;2;succès;interne;Import pré-commande fournisseur: | fin intégration: (f951ce01-a5f2-488f-bf76-c4fb5be146be) | fichier: /srv/import/378/Cmdpro_PP12_20260407195530.txt | 0 lignes formatées | 0 lignes en erreurs | 0 lignes crées | 0 lignes mises à jour | 0 lignes supprimées;378;CASH IVOIRE DJE KONAN
pos18;POS 18;2026-04-09T18:57:06.973160+00:00;4a99c44f-a526-4fad-be48-660c5e5b2824;2026-04-07T23:44:13.854838;2026-04-07T23:44:13.889237;30;import de données;supplier_pre_order;pré-commande fournisseur;2;succès;interne;Import pré-commande fournisseur: | fin intégration: (4a99c44f-a526-4fad-be48-660c5e5b2824) | fichier: /srv/import/376/Cmdpro_PP11_20260407195530.txt | 0 lignes formatées | 0 lignes en erreurs | 0 lignes crées | 0 lignes mises à jour | 0 lignes supprimées;376;CASH IVOIRE U SICOGI ANGRE
pos18;POS 18;2026-04-09T18:57:06.973160+00:00;5fe5c4fc-bd23-4291-8b80-72072bd6df61;2026-04-07T23:44:13.838832;2026-04-07T23:44:13.887156;30;import de données;supplier_pre_order;pré-commande fournisseur;2;succès;interne;Import pré-commande fournisseur: | fin intégration: (5fe5c4fc-bd23-4291-8b80-72072bd6df61) | fichier: /srv/import/372/Cmdpro_PP11_20260407195530.txt | 0 lignes formatées | 0 lignes en erreurs | 0 lignes crées | 0 lignes mises à jour | 0 lignes supprimées;372;CASH IVOIRE U MAROC
pos18;POS 18;2026-04-09T18:57:06.973160+00:00;0fa7490e-ee6f-471b-a332-a7193acf402b;2026-04-07T23:44:13.825943;2026-04-07T23:44:13.865473;30;import de données;supplier_pre_order;pré-commande fournisseur;2;succès;interne;Import pré-commande fournisseur: | fin intégration: (0fa7490e-ee6f-471b-a332-a7193acf402b) | fichier: /srv/import/368/Cmdpro_PP11_20260407195530.txt | 0 lignes formatées | 0 lignes en erreurs | 0 lignes crées | 0 lignes mises à jour | 0 lignes supprimées;368;CASH IVOIRE U SADIGUIBA
pos18;POS 18;2026-04-09T18:57:06.973160+00:00;118e9b0c-2dc7-40fc-aad3-2725fe2aad87;2026-04-07T23:44:13.811061;2026-04-07T23:44:13.854634;30;import de données;supplier_pre_order;pré-commande fournisseur;2;succès;interne;Import pré-commande fournisseur: | fin intégration: (118e9b0c-2dc7-40fc-aad3-2725fe2aad87) | fichier: /srv/import/357/Cmdpro_PP11_20260407195530.txt | 0 lignes formatées | 0 lignes en erreurs | 0 lignes crées | 0 lignes mises à jour | 0 lignes supprimées;357;CASH IVOIRE U REMBLAIS
pos18;POS 18;2026-04-09T18:57:06.973160+00:00;922bd99c-b0ec-4737-ba7d-ce9a1c12e8c6;2026-04-07T23:44:13.803928;2026-04-07T23:44:13.833473;30;import de données;supplier_pre_order;pré-commande fournisseur;2;succès;interne;Import pré-commande fournisseur: | fin intégration: (922bd99c-b0ec-4737-ba7d-ce9a1c12e8c6) | fichier: /srv/import/354/Cmdpro_PP11_20260407195530.txt | 0 lignes formatées | 0 lignes en erreurs | 0 lignes crées | 0 lignes mises à jour | 0 lignes supprimées;354;CASH IVOIRE U TOITS ROUGES
pos18;POS 18;2026-04-09T18:57:06.973160+00:00;54c70c43-a7c9-4b4f-bf78-efe059d7d635;2026-04-07T23:44:13.795660;2026-04-07T23:44:13.824499;30;import de données;supplier_pre_order;pré-commande fournisseur;2;succès;interne;Import pré-commande fournisseur: | fin intégration: (54c70c43-a7c9-4b4f-bf78-efe059d7d635) | fichier: /srv/import/378/Cmdpro_PP11_20260407195530.txt | 0 lignes formatées | 0 lignes en erreurs | 0 lignes crées | 0 lignes mises à jour | 0 lignes supprimées;378;CASH IVOIRE DJE KONAN
pos18;POS 18;2026-04-09T18:57:06.973160+00:00;c12ccf7d-1cf9-4cb6-b5b8-41b49ae85833;2026-04-07T23:43:13.840466;2026-04-07T23:43:13.893468;30;import de données;supplier_pre_order;pré-commande fournisseur;2;succès;interne;Import pré-commande fournisseur: | fin intégration: (c12ccf7d-1cf9-4cb6-b5b8-41b49ae85833) | fichier: /srv/import/376/Cmdpro_PDF9_20260407195529.txt | 0 lignes formatées | 0 lignes en erreurs | 0 lignes crées | 0 lignes mises à jour | 0 lignes supprimées;376;CASH IVOIRE U SICOGI ANGRE
pos18;POS 18;2026-04-09T18:57:06.973160+00:00;0eee55e0-c787-4ca6-b222-89b24474be7c;2026-04-07T23:43:13.826532;2026-04-07T23:43:13.866434;30;import de données;supplier_pre_order;pré-commande fournisseur;2;succès;interne;Import pré-commande fournisseur: | fin intégration: (0eee55e0-c787-4ca6-b222-89b24474be7c) | fichier: /srv/import/372/Cmdpro_PDF9_20260407195529.txt | 0 lignes formatées | 0 lignes en erreurs | 0 lignes crées | 0 lignes mises à jour | 0 lignes supprimées;372;CASH IVOIRE U MAROC
pos18;POS 18;2026-04-09T18:57:06.973160+00:00;6b6cadd1-ca9b-4f90-b409-3d7337c1a8ed;2026-04-07T23:43:13.817655;2026-04-07T23:43:13.855909;30;import de données;supplier_pre_order;pré-commande fournisseur;2;succès;interne;Import pré-commande fournisseur: | fin intégration: (6b6cadd1-ca9b-4f90-b409-3d7337c1a8ed) | fichier: /srv/import/368/Cmdpro_PDF9_20260407195529.txt | 0 lignes formatées | 0 lignes en erreurs | 0 lignes crées | 0 lignes mises à jour | 0 lignes supprimées;368;CASH IVOIRE U SADIGUIBA
pos18;POS 18;2026-04-09T18:57:06.973160+00:00;cab2300f-e60e-4abf-be0f-469b8484fa88;2026-04-07T23:43:13.809995;2026-04-07T23:43:13.839579;30;import de données;supplier_pre_order;pré-commande fournisseur;2;succès;interne;Import pré-commande fournisseur: | fin intégration: (cab2300f-e60e-4abf-be0f-469b8484fa88) | fichier: /srv/import/357/Cmdpro_PDF9_20260407195529.txt | 0 lignes formatées | 0 lignes en erreurs | 0 lignes crées | 0 lignes mises à jour | 0 lignes supprimées;357;CASH IVOIRE U REMBLAIS
pos18;POS 18;2026-04-09T18:57:06.973160+00:00;4f9b4bd5-c387-415f-b7dc-145ff2c5a188;2026-04-07T23:43:13.803952;2026-04-07T23:43:13.831591;30;import de données;supplier_pre_order;pré-commande fournisseur;2;succès;interne;Import pré-commande fournisseur: | fin intégration: (4f9b4bd5-c387-415f-b7dc-145ff2c5a188) | fichier: /srv/import/354/Cmdpro_PDF9_20260407195529.txt | 0 lignes formatées | 0 lignes en erreurs | 0 lignes crées | 0 lignes mises à jour | 0 lignes supprimées;354;CASH IVOIRE U TOITS ROUGES
pos18;POS 18;2026-04-09T18:57:06.973160+00:00;b977d00a-354e-408b-a6ba-9726e20661a6;2026-04-07T23:43:13.796704;2026-04-07T23:43:13.825979;30;import de données;supplier_pre_order;pré-commande fournisseur;2;succès;interne;Import pré-commande fournisseur: | fin intégration: (b977d00a-354e-408b-a6ba-9726e20661a6) | fichier: /srv/import/378/Cmdpro_PDF9_20260407195529.txt | 0 lignes formatées | 0 lignes en erreurs | 0 lignes crées | 0 lignes mises à jour | 0 lignes supprimées;378;CASH IVOIRE DJE KONAN
pos18;POS 18;2026-04-09T18:57:06.973160+00:00;bcec1410-c0dc-437d-8ce4-1eb3c88af69f;2026-04-07T23:42:13.856241;2026-04-07T23:42:14.214121;30;import de données;supplier_pre_order;pré-commande fournisseur;0;erreur;interne;Extrait du rapport d'import: | 9 lignes formatées | 4 lignes en erreurs | 0 lignes crées | 5 lignes mises à jour | 0 lignes supprimées | 2026-04-07 23:42:14,130 {'product': [ErrorDetail(string='Ce champ ne peut être nul.', code='null')]} - [CD10022249100006432.614] | 2026-04-07 23:42:14,139 {'product': [ErrorDetail(string='Ce champ ne peut être nul.', code='null')]} - [CD10022249300006432.652] | 2026-04-07 23:42:14,148 {'product': [ErrorDetail(string='Ce champ ne peut être nul.', code='null')]} - [CD10057616000001199.006] | 2026-04-07 23:42:14,156 {'product': [ErrorDetail(string='Ce champ ne peut être nul.', code='null')]} - [CD10064418300008042.755] | 2026-04-07 23:42:14,158 fin intégration: (626ee18e-a4ee-4d90-9666-335771ff2670) | fichier: /srv/import/372/Cmdpro_PDF7_20260407195529.txt | 9 lignes formatées | 4 lignes en erreurs | 0 lignes crées | 5 lignes mises à jour | 0 lignes supprimées | 2026-04-07 23:42:14,165 {'product': [ErrorDetail(string='Ce champ ne peut être nul.', code='null')]} - [CD10022249100006432.614] | 2026-04-07 23:42:14,175 {'product': [ErrorDetail(string='Ce champ ne peut être nul.', code='null')]} - [CD10022249300006432.652] | 2026-04-07 23:42:14,184 {'product': [ErrorDetail(string='Ce champ ne peut être nul.', code='null')]} - [CD10057616000001199.006] | 2026-04-07 23:42:14,192 {'product': [ErrorDetail(string='Ce champ ne peut être nul.', code='null')]} - [CD10064418300008042.755] | 2026-04-07 23:42:14,196 fin intégration: (bcec1410-c0dc-437d-8ce4-1eb3c88af69f) | fichier: /srv/import/376/Cmdpro_PDF7_20260407195529.txt | 9 lignes formatées | 4 lignes en erreurs | 0 lignes crées | 5 lignes mises à jour | 0 lignes supprimées;376;CASH IVOIRE U SICOGI ANGRE
pos18;POS 18;2026-04-09T18:57:06.973160+00:00;626ee18e-a4ee-4d90-9666-335771ff2670;2026-04-07T23:42:13.841099;2026-04-07T23:42:14.188652;30;import de données;supplier_pre_order;pré-commande fournisseur;0;erreur;interne;Extrait du rapport d'import: | 4 lignes en erreurs | 0 lignes crées | 5 lignes mises à jour | 0 lignes supprimées | 2026-04-07 23:42:14,003 {'product': [ErrorDetail(string='Ce champ ne peut être nul.', code='null')]} - [CD10057616000001199.006] | 2026-04-07 23:42:14,016 {'product': [ErrorDetail(string='Ce champ ne peut être nul.', code='null')]} - [CD10064418300008042.755] | 2026-04-07 23:42:14,020 fin intégration: (29517bc5-8e6f-4fc2-9271-a30de615477b) | fichier: /srv/import/368/Cmdpro_PDF7_20260407195529.txt | 9 lignes formatées | 4 lignes en erreurs | 0 lignes crées | 5 lignes mises à jour | 0 lignes supprimées | 2026-04-07 23:42:14,130 {'product': [ErrorDetail(string='Ce champ ne peut être nul.', code='null')]} - [CD10022249100006432.614] | 2026-04-07 23:42:14,139 {'product': [ErrorDetail(string='Ce champ ne peut être nul.', code='null')]} - [CD10022249300006432.652] | 2026-04-07 23:42:14,148 {'product': [ErrorDetail(string='Ce champ ne peut être nul.', code='null')]} - [CD10057616000001199.006] | 2026-04-07 23:42:14,156 {'product': [ErrorDetail(string='Ce champ ne peut être nul.', code='null')]} - [CD10064418300008042.755] | 2026-04-07 23:42:14,158 fin intégration: (626ee18e-a4ee-4d90-9666-335771ff2670) | fichier: /srv/import/372/Cmdpro_PDF7_20260407195529.txt | 9 lignes formatées | 4 lignes en erreurs | 0 lignes crées | 5 lignes mises à jour | 0 lignes supprimées | 2026-04-07 23:42:14,165 {'product': [ErrorDetail(string='Ce champ ne peut être nul.', code='null')]} - [CD10022249100006432.614] | 2026-04-07 23:42:14,175 {'product': [ErrorDetail(string='Ce champ ne peut être nul.', code='null')]} - [CD10022249300006432.652] | 2026-04-07 23:42:14,184 {'product': [ErrorDetail(string='Ce champ ne peut être nul.', code='null')]} - [CD10057616000001199.006];372;CASH IVOIRE U MAROC
pos18;POS 18;2026-04-09T18:57:06.973160+00:00;29517bc5-8e6f-4fc2-9271-a30de615477b;2026-04-07T23:42:13.831065;2026-04-07T23:42:14.051252;30;import de données;supplier_pre_order;pré-commande fournisseur;0;erreur;interne;Extrait du rapport d'import: | 2026-04-07 23:42:13,984 fin intégration: (ccb8aa9e-1fdd-4afd-bb70-fd31370a0993) | fichier: /srv/import/354/Cmdpro_PDF7_20260407195529.txt | 9 lignes formatées | 4 lignes en erreurs | 0 lignes crées | 5 lignes mises à jour | 0 lignes supprimées | 2026-04-07 23:42:13,984 {'product': [ErrorDetail(string='Ce champ ne peut être nul.', code='null')]} - [CD10057616000001199.006] | 2026-04-07 23:42:13,984 {'product': [ErrorDetail(string='Ce champ ne peut être nul.', code='null')]} - [CD10022249100006432.614] | 2026-04-07 23:42:13,993 {'product': [ErrorDetail(string='Ce champ ne peut être nul.', code='null')]} - [CD10064418300008042.755] | 2026-04-07 23:42:13,994 {'product': [ErrorDetail(string='Ce champ ne peut être nul.', code='null')]} - [CD10022249300006432.652] | 2026-04-07 23:42:13,996 fin intégration: (0694cbf5-210d-46d0-8615-205a4dd8e92a) | fichier: /srv/import/357/Cmdpro_PDF7_20260407195529.txt | 9 lignes formatées | 4 lignes en erreurs | 0 lignes crées | 5 lignes mises à jour | 0 lignes supprimées | 2026-04-07 23:42:14,003 {'product': [ErrorDetail(string='Ce champ ne peut être nul.', code='null')]} - [CD10057616000001199.006] | 2026-04-07 23:42:14,016 {'product': [ErrorDetail(string='Ce champ ne peut être nul.', code='null')]} - [CD10064418300008042.755] | 2026-04-07 23:42:14,020 fin intégration: (29517bc5-8e6f-4fc2-9271-a30de615477b) | fichier: /srv/import/368/Cmdpro_PDF7_20260407195529.txt | 9 lignes formatées | 4 lignes en erreurs | 0 lignes crées | 5 lignes mises à jour | 0 lignes supprimées;368;CASH IVOIRE U SADIGUIBA
pos18;POS 18;2026-04-09T18:57:06.973160+00:00;0694cbf5-210d-46d0-8615-205a4dd8e92a;2026-04-07T23:42:13.819663;2026-04-07T23:42:14.020152;30;import de données;supplier_pre_order;pré-commande fournisseur;0;erreur;interne;Extrait du rapport d'import: | 4 lignes en erreurs | 0 lignes crées | 5 lignes mises à jour | 0 lignes supprimées | 2026-04-07 23:42:13,971 {'product': [ErrorDetail(string='Ce champ ne peut être nul.', code='null')]} - [CD10057616000001199.006] | 2026-04-07 23:42:13,976 {'product': [ErrorDetail(string='Ce champ ne peut être nul.', code='null')]} - [CD10022249300006432.652] | 2026-04-07 23:42:13,981 {'product': [ErrorDetail(string='Ce champ ne peut être nul.', code='null')]} - [CD10064418300008042.755] | 2026-04-07 23:42:13,984 fin intégration: (ccb8aa9e-1fdd-4afd-bb70-fd31370a0993) | fichier: /srv/import/354/Cmdpro_PDF7_20260407195529.txt | 9 lignes formatées | 4 lignes en erreurs | 0 lignes crées | 5 lignes mises à jour | 0 lignes supprimées | 2026-04-07 23:42:13,984 {'product': [ErrorDetail(string='Ce champ ne peut être nul.', code='null')]} - [CD10057616000001199.006] | 2026-04-07 23:42:13,984 {'product': [ErrorDetail(string='Ce champ ne peut être nul.', code='null')]} - [CD10022249100006432.614] | 2026-04-07 23:42:13,993 {'product': [ErrorDetail(string='Ce champ ne peut être nul.', code='null')]} - [CD10064418300008042.755] | 2026-04-07 23:42:13,994 {'product': [ErrorDetail(string='Ce champ ne peut être nul.', code='null')]} - [CD10022249300006432.652] | 2026-04-07 23:42:13,996 fin intégration: (0694cbf5-210d-46d0-8615-205a4dd8e92a) | fichier: /srv/import/357/Cmdpro_PDF7_20260407195529.txt | 9 lignes formatées | 4 lignes en erreurs | 0 lignes crées | 5 lignes mises à jour | 0 lignes supprimées | 2026-04-07 23:42:14,003 {'product': [ErrorDetail(string='Ce champ ne peut être nul.', code='null')]} - [CD10057616000001199.006] | 2026-04-07 23:42:14,016 {'product': [ErrorDetail(string='Ce champ ne peut être nul.', code='null')]} - [CD10064418300008042.755];357;CASH IVOIRE U REMBLAIS
pos18;POS 18;2026-04-09T18:57:06.973160+00:00;ccb8aa9e-1fdd-4afd-bb70-fd31370a0993;2026-04-07T23:42:13.811460;2026-04-07T23:42:14.019222;30;import de données;supplier_pre_order;pré-commande fournisseur;0;erreur;interne;Extrait du rapport d'import: | 4 lignes en erreurs | 0 lignes crées | 5 lignes mises à jour | 0 lignes supprimées | 2026-04-07 23:42:13,971 {'product': [ErrorDetail(string='Ce champ ne peut être nul.', code='null')]} - [CD10057616000001199.006] | 2026-04-07 23:42:13,976 {'product': [ErrorDetail(string='Ce champ ne peut être nul.', code='null')]} - [CD10022249300006432.652] | 2026-04-07 23:42:13,981 {'product': [ErrorDetail(string='Ce champ ne peut être nul.', code='null')]} - [CD10064418300008042.755] | 2026-04-07 23:42:13,984 fin intégration: (ccb8aa9e-1fdd-4afd-bb70-fd31370a0993) | fichier: /srv/import/354/Cmdpro_PDF7_20260407195529.txt | 9 lignes formatées | 4 lignes en erreurs | 0 lignes crées | 5 lignes mises à jour | 0 lignes supprimées | 2026-04-07 23:42:13,984 {'product': [ErrorDetail(string='Ce champ ne peut être nul.', code='null')]} - [CD10057616000001199.006] | 2026-04-07 23:42:13,984 {'product': [ErrorDetail(string='Ce champ ne peut être nul.', code='null')]} - [CD10022249100006432.614] | 2026-04-07 23:42:13,993 {'product': [ErrorDetail(string='Ce champ ne peut être nul.', code='null')]} - [CD10064418300008042.755] | 2026-04-07 23:42:13,994 {'product': [ErrorDetail(string='Ce champ ne peut être nul.', code='null')]} - [CD10022249300006432.652] | 2026-04-07 23:42:13,996 fin intégration: (0694cbf5-210d-46d0-8615-205a4dd8e92a) | fichier: /srv/import/357/Cmdpro_PDF7_20260407195529.txt | 9 lignes formatées | 4 lignes en erreurs | 0 lignes crées | 5 lignes mises à jour | 0 lignes supprimées | 2026-04-07 23:42:14,003 {'product': [ErrorDetail(string='Ce champ ne peut être nul.', code='null')]} - [CD10057616000001199.006] | 2026-04-07 23:42:14,016 {'product': [ErrorDetail(string='Ce champ ne peut être nul.', code='null')]} - [CD10064418300008042.755];354;CASH IVOIRE U TOITS ROUGES
pos18;POS 18;2026-04-09T18:57:06.973160+00:00;38552b73-638e-458a-acff-aecb40febbb3;2026-04-07T23:42:13.797178;2026-04-07T23:42:14.001869;30;import de données;supplier_pre_order;pré-commande fournisseur;0;erreur;interne;Extrait du rapport d'import: | fichier: /srv/import/378/Cmdpro_PDF7_20260407195529.txt | 9 lignes formatées | 4 lignes en erreurs | 0 lignes crées | 5 lignes mises à jour | 0 lignes supprimées | 2026-04-07 23:42:13,971 {'product': [ErrorDetail(string='Ce champ ne peut être nul.', code='null')]} - [CD10057616000001199.006] | 2026-04-07 23:42:13,976 {'product': [ErrorDetail(string='Ce champ ne peut être nul.', code='null')]} - [CD10022249300006432.652] | 2026-04-07 23:42:13,981 {'product': [ErrorDetail(string='Ce champ ne peut être nul.', code='null')]} - [CD10064418300008042.755] | 2026-04-07 23:42:13,984 fin intégration: (ccb8aa9e-1fdd-4afd-bb70-fd31370a0993) | fichier: /srv/import/354/Cmdpro_PDF7_20260407195529.txt | 9 lignes formatées | 4 lignes en erreurs | 0 lignes crées | 5 lignes mises à jour | 0 lignes supprimées | 2026-04-07 23:42:13,984 {'product': [ErrorDetail(string='Ce champ ne peut être nul.', code='null')]} - [CD10057616000001199.006] | 2026-04-07 23:42:13,984 {'product': [ErrorDetail(string='Ce champ ne peut être nul.', code='null')]} - [CD10022249100006432.614] | 2026-04-07 23:42:13,993 {'product': [ErrorDetail(string='Ce champ ne peut être nul.', code='null')]} - [CD10064418300008042.755] | 2026-04-07 23:42:13,994 {'product': [ErrorDetail(string='Ce champ ne peut être nul.', code='null')]} - [CD10022249300006432.652] | 2026-04-07 23:42:13,996 fin intégration: (0694cbf5-210d-46d0-8615-205a4dd8e92a) | fichier: /srv/import/357/Cmdpro_PDF7_20260407195529.txt | 9 lignes formatées | 4 lignes en erreurs | 0 lignes crées | 5 lignes mises à jour | 0 lignes supprimées;378;CASH IVOIRE DJE KONAN
pos18;POS 18;2026-04-09T18:57:06.973160+00:00;eee424f0-9998-46de-85d1-bbddc61b54ae;2026-04-07T23:41:13.858481;2026-04-07T23:41:13.889471;30;import de données;supplier_pre_order;pré-commande fournisseur;2;succès;interne;Import pré-commande fournisseur: | fin intégration: (eee424f0-9998-46de-85d1-bbddc61b54ae) | fichier: /srv/import/376/Cmdpro_P61G_20260407195533.txt | 0 lignes formatées | 0 lignes en erreurs | 0 lignes crées | 0 lignes mises à jour | 0 lignes supprimées;376;CASH IVOIRE U SICOGI ANGRE
pos18;POS 18;2026-04-09T18:57:06.973160+00:00;b4fd71b4-7752-49bc-8d4e-b702a43f2347;2026-04-07T23:41:13.839737;2026-04-07T23:41:13.877293;30;import de données;supplier_pre_order;pré-commande fournisseur;2;succès;interne;Import pré-commande fournisseur: | fin intégration: (b4fd71b4-7752-49bc-8d4e-b702a43f2347) | fichier: /srv/import/372/Cmdpro_P61G_20260407195533.txt | 0 lignes formatées | 0 lignes en erreurs | 0 lignes crées | 0 lignes mises à jour | 0 lignes supprimées;372;CASH IVOIRE U MAROC
pos18;POS 18;2026-04-09T18:57:06.973160+00:00;2a367143-a13d-454a-b6b1-d70e548c3453;2026-04-07T23:41:13.826548;2026-04-07T23:41:13.863327;30;import de données;supplier_pre_order;pré-commande fournisseur;2;succès;interne;Import pré-commande fournisseur: | fin intégration: (2a367143-a13d-454a-b6b1-d70e548c3453) | fichier: /srv/import/368/Cmdpro_P61G_20260407195533.txt | 0 lignes formatées | 0 lignes en erreurs | 0 lignes crées | 0 lignes mises à jour | 0 lignes supprimées;368;CASH IVOIRE U SADIGUIBA
pos18;POS 18;2026-04-09T18:57:06.973160+00:00;2ca14a3f-d12a-4a6f-a421-92626ee986a2;2026-04-07T23:41:13.815548;2026-04-07T23:41:13.849627;30;import de données;supplier_pre_order;pré-commande fournisseur;2;succès;interne;Import pré-commande fournisseur: | fin intégration: (2ca14a3f-d12a-4a6f-a421-92626ee986a2) | fichier: /srv/import/357/Cmdpro_P61G_20260407195533.txt | 0 lignes formatées | 0 lignes en erreurs | 0 lignes crées | 0 lignes mises à jour | 0 lignes supprimées;357;CASH IVOIRE U REMBLAIS
pos18;POS 18;2026-04-09T18:57:06.973160+00:00;b1619dec-9785-4ba8-9167-43771e3eb9f5;2026-04-07T23:41:13.806416;2026-04-07T23:41:13.840703;30;import de données;supplier_pre_order;pré-commande fournisseur;2;succès;interne;Import pré-commande fournisseur: | fin intégration: (b1619dec-9785-4ba8-9167-43771e3eb9f5) | fichier: /srv/import/354/Cmdpro_P61G_20260407195533.txt | 0 lignes formatées | 0 lignes en erreurs | 0 lignes crées | 0 lignes mises à jour | 0 lignes supprimées;354;CASH IVOIRE U TOITS ROUGES
pos18;POS 18;2026-04-09T18:57:06.973160+00:00;ced2b9b6-d31e-4f20-b616-66784846c656;2026-04-07T23:41:13.796509;2026-04-07T23:41:13.827540;30;import de données;supplier_pre_order;pré-commande fournisseur;2;succès;interne;Import pré-commande fournisseur: | fin intégration: (ced2b9b6-d31e-4f20-b616-66784846c656) | fichier: /srv/import/378/Cmdpro_P61G_20260407195533.txt | 0 lignes formatées | 0 lignes en erreurs | 0 lignes crées | 0 lignes mises à jour | 0 lignes supprimées;378;CASH IVOIRE DJE KONAN
pos18;POS 18;2026-04-09T18:57:06.973160+00:00;0e1d3268-0c8e-4a0e-800e-bd32821c807d;2026-04-07T23:40:13.837882;2026-04-07T23:40:13.882078;30;import de données;supplier_pre_order;pré-commande fournisseur;2;succès;interne;Import pré-commande fournisseur: | fin intégration: (0e1d3268-0c8e-4a0e-800e-bd32821c807d) | fichier: /srv/import/372/Cmdpro_P59G_20260407195532.txt | 0 lignes formatées | 0 lignes en erreurs | 0 lignes crées | 0 lignes mises à jour | 0 lignes supprimées;372;CASH IVOIRE U MAROC
pos18;POS 18;2026-04-09T18:57:06.973160+00:00;bc071e85-27d9-4833-92a8-f55f395d6d60;2026-04-07T23:40:13.849311;2026-04-07T23:40:13.881765;30;import de données;supplier_pre_order;pré-commande fournisseur;2;succès;interne;Import pré-commande fournisseur: | fin intégration: (bc071e85-27d9-4833-92a8-f55f395d6d60) | fichier: /srv/import/376/Cmdpro_P59G_20260407195532.txt | 0 lignes formatées | 0 lignes en erreurs | 0 lignes crées | 0 lignes mises à jour | 0 lignes supprimées;376;CASH IVOIRE U SICOGI ANGRE
pos18;POS 18;2026-04-09T18:57:06.973160+00:00;8a2a6f67-09b8-45f9-9922-675ebf8261be;2026-04-07T23:40:13.826149;2026-04-07T23:40:13.862586;30;import de données;supplier_pre_order;pré-commande fournisseur;2;succès;interne;Import pré-commande fournisseur: | fin intégration: (8a2a6f67-09b8-45f9-9922-675ebf8261be) | fichier: /srv/import/368/Cmdpro_P59G_20260407195532.txt | 0 lignes formatées | 0 lignes en erreurs | 0 lignes crées | 0 lignes mises à jour | 0 lignes supprimées;368;CASH IVOIRE U SADIGUIBA
pos18;POS 18;2026-04-09T18:57:06.973160+00:00;89a58bca-3bcc-46f4-a571-f0f76ed64597;2026-04-07T23:40:13.816189;2026-04-07T23:40:13.847666;30;import de données;supplier_pre_order;pré-commande fournisseur;2;succès;interne;Import pré-commande fournisseur: | fin intégration: (89a58bca-3bcc-46f4-a571-f0f76ed64597) | fichier: /srv/import/357/Cmdpro_P59G_20260407195532.txt | 0 lignes formatées | 0 lignes en erreurs | 0 lignes crées | 0 lignes mises à jour | 0 lignes supprimées;357;CASH IVOIRE U REMBLAIS
pos18;POS 18;2026-04-09T18:57:06.973160+00:00;2e063015-ebfc-4791-963b-39e07fb0aef6;2026-04-07T23:40:13.806065;2026-04-07T23:40:13.834649;30;import de données;supplier_pre_order;pré-commande fournisseur;2;succès;interne;Import pré-commande fournisseur: | fin intégration: (2e063015-ebfc-4791-963b-39e07fb0aef6) | fichier: /srv/import/354/Cmdpro_P59G_20260407195532.txt | 0 lignes formatées | 0 lignes en erreurs | 0 lignes crées | 0 lignes mises à jour | 0 lignes supprimées;354;CASH IVOIRE U TOITS ROUGES
pos18;POS 18;2026-04-09T18:57:06.973160+00:00;a50ceada-0f16-4b57-9bed-95138776b37d;2026-04-07T23:40:13.794608;2026-04-07T23:40:13.826832;30;import de données;supplier_pre_order;pré-commande fournisseur;2;succès;interne;Import pré-commande fournisseur: | fin intégration: (a50ceada-0f16-4b57-9bed-95138776b37d) | fichier: /srv/import/378/Cmdpro_P59G_20260407195532.txt | 0 lignes formatées | 0 lignes en erreurs | 0 lignes crées | 0 lignes mises à jour | 0 lignes supprimées;378;CASH IVOIRE DJE KONAN
pos18;POS 18;2026-04-09T18:57:06.973160+00:00;1231f5aa-5749-4c32-b942-6709bc14e0da;2026-04-07T23:39:13.833165;2026-04-07T23:39:13.881672;30;import de données;supplier_pre_order;pré-commande fournisseur;2;succès;interne;Import pré-commande fournisseur: | fin intégration: (1231f5aa-5749-4c32-b942-6709bc14e0da) | fichier: /srv/import/376/Cmdpro_P58G_20260407195532.txt | 0 lignes formatées | 0 lignes en erreurs | 0 lignes crées | 0 lignes mises à jour | 0 lignes supprimées;376;CASH IVOIRE U SICOGI ANGRE
pos18;POS 18;2026-04-09T18:57:06.973160+00:00;2cb0bc8c-38f3-4f2d-b330-586f41075b98;2026-04-07T23:39:13.820412;2026-04-07T23:39:13.871499;30;import de données;supplier_pre_order;pré-commande fournisseur;2;succès;interne;Import pré-commande fournisseur: | fin intégration: (2cb0bc8c-38f3-4f2d-b330-586f41075b98) | fichier: /srv/import/372/Cmdpro_P58G_20260407195532.txt | 0 lignes formatées | 0 lignes en erreurs | 0 lignes crées | 0 lignes mises à jour | 0 lignes supprimées;372;CASH IVOIRE U MAROC
pos18;POS 18;2026-04-09T18:57:06.973160+00:00;5179be0a-0f02-4625-84d4-e8379b29d636;2026-04-07T23:39:13.812785;2026-04-07T23:39:13.858757;30;import de données;supplier_pre_order;pré-commande fournisseur;2;succès;interne;Import pré-commande fournisseur: | fin intégration: (5179be0a-0f02-4625-84d4-e8379b29d636) | fichier: /srv/import/368/Cmdpro_P58G_20260407195532.txt | 0 lignes formatées | 0 lignes en erreurs | 0 lignes crées | 0 lignes mises à jour | 0 lignes supprimées;368;CASH IVOIRE U SADIGUIBA
pos18;POS 18;2026-04-09T18:57:06.973160+00:00;95e90b9f-8a74-4fcb-8cb2-5357a463a409;2026-04-07T23:39:13.804105;2026-04-07T23:39:13.847585;30;import de données;supplier_pre_order;pré-commande fournisseur;2;succès;interne;Import pré-commande fournisseur: | fin intégration: (95e90b9f-8a74-4fcb-8cb2-5357a463a409) | fichier: /srv/import/357/Cmdpro_P58G_20260407195532.txt | 0 lignes formatées | 0 lignes en erreurs | 0 lignes crées | 0 lignes mises à jour | 0 lignes supprimées;357;CASH IVOIRE U REMBLAIS
pos18;POS 18;2026-04-09T18:57:06.973160+00:00;6f3e7952-3ae4-41ea-a768-f9127ee4f961;2026-04-07T23:39:13.797038;2026-04-07T23:39:13.825176;30;import de données;supplier_pre_order;pré-commande fournisseur;2;succès;interne;Import pré-commande fournisseur: | fin intégration: (6f3e7952-3ae4-41ea-a768-f9127ee4f961) | fichier: /srv/import/354/Cmdpro_P58G_20260407195532.txt | 0 lignes formatées | 0 lignes en erreurs | 0 lignes crées | 0 lignes mises à jour | 0 lignes supprimées;354;CASH IVOIRE U TOITS ROUGES
pos18;POS 18;2026-04-09T18:57:06.973160+00:00;1060fde3-7e35-4d15-8711-375cee800950;2026-04-07T23:39:13.787670;2026-04-07T23:39:13.818254;30;import de données;supplier_pre_order;pré-commande fournisseur;2;succès;interne;Import pré-commande fournisseur: | fin intégration: (1060fde3-7e35-4d15-8711-375cee800950) | fichier: /srv/import/378/Cmdpro_P58G_20260407195532.txt | 0 lignes formatées | 0 lignes en erreurs | 0 lignes crées | 0 lignes mises à jour | 0 lignes supprimées;378;CASH IVOIRE DJE KONAN
pos18;POS 18;2026-04-09T18:57:06.973160+00:00;89ec60b3-c6b2-4868-8e9c-a3e37bdaeaad;2026-04-07T23:38:13.872321;2026-04-07T23:38:16.270774;30;import de données;supplier_pre_order;pré-commande fournisseur;0;erreur;interne;Extrait du rapport d'import: | 115 lignes formatées | 4 lignes en erreurs | 0 lignes crées | 5 lignes mises à jour | 68 lignes supprimées | 2026-04-07 23:38:15,271 {'product': [ErrorDetail(string='Ce champ ne peut être nul.', code='null')]} - [MD04402080100001489.993] | 2026-04-07 23:38:15,294 {'product': [ErrorDetail(string='Ce champ ne peut être nul.', code='null')]} - [MD04402080100001489.993] | 2026-04-07 23:38:15,495 {'product': [ErrorDetail(string='Ce champ ne peut être nul.', code='null')]} - [MD10000643100001300.002] | 2026-04-07 23:38:15,503 {'product': [ErrorDetail(string='Ce champ ne peut être nul.', code='null')]} - [MD10000643300002500.003] | 2026-04-07 23:38:15,535 {'product': [ErrorDetail(string='Ce champ ne peut être nul.', code='null')]} - [MD10000643100001300.002] | 2026-04-07 23:38:15,543 {'product': [ErrorDetail(string='Ce champ ne peut être nul.', code='null')]} - [MD10000643300002500.003] | 2026-04-07 23:38:16,120 {'product': [ErrorDetail(string='Ce champ ne peut être nul.', code='null')]} - [CD10073800500000949.996] | 2026-04-07 23:38:16,123 fin intégration: (7e562bc1-fccd-440d-bcea-b059de333610) | fichier: /srv/import/372/Cmdpro_FLEC_20260407195528.txt | 115 lignes formatées | 4 lignes en erreurs | 0 lignes crées | 5 lignes mises à jour | 68 lignes supprimées | 2026-04-07 23:38:16,239 {'product': [ErrorDetail(string='Ce champ ne peut être nul.', code='null')]} - [CD10073800500000949.996] | 2026-04-07 23:38:16,242 fin intégration: (89ec60b3-c6b2-4868-8e9c-a3e37bdaeaad) | fichier: /srv/import/376/Cmdpro_FLEC_20260407195528.txt | 115 lignes formatées | 4 lignes en erreurs | 0 lignes crées | 5 lignes mises à jour | 68 lignes supprimées;376;CASH IVOIRE U SICOGI ANGRE
pos18;POS 18;2026-04-09T18:57:06.973160+00:00;7e562bc1-fccd-440d-bcea-b059de333610;2026-04-07T23:38:13.855427;2026-04-07T23:38:16.140223;30;import de données;supplier_pre_order;pré-commande fournisseur;0;erreur;interne;Extrait du rapport d'import: | 115 lignes formatées | 4 lignes en erreurs | 0 lignes crées | 5 lignes mises à jour | 68 lignes supprimées | 2026-04-07 23:38:15,133 {'product': [ErrorDetail(string='Ce champ ne peut être nul.', code='null')]} - [CD10073800500000949.996] | 2026-04-07 23:38:15,136 fin intégration: (18dff8a1-408f-4c75-806a-562df85183bc) | fichier: /srv/import/354/Cmdpro_FLEC_20260407195528.txt | 115 lignes formatées | 4 lignes en erreurs | 0 lignes crées | 5 lignes mises à jour | 68 lignes supprimées | 2026-04-07 23:38:15,271 {'product': [ErrorDetail(string='Ce champ ne peut être nul.', code='null')]} - [MD04402080100001489.993] | 2026-04-07 23:38:15,294 {'product': [ErrorDetail(string='Ce champ ne peut être nul.', code='null')]} - [MD04402080100001489.993] | 2026-04-07 23:38:15,495 {'product': [ErrorDetail(string='Ce champ ne peut être nul.', code='null')]} - [MD10000643100001300.002] | 2026-04-07 23:38:15,503 {'product': [ErrorDetail(string='Ce champ ne peut être nul.', code='null')]} - [MD10000643300002500.003] | 2026-04-07 23:38:15,535 {'product': [ErrorDetail(string='Ce champ ne peut être nul.', code='null')]} - [MD10000643100001300.002] | 2026-04-07 23:38:15,543 {'product': [ErrorDetail(string='Ce champ ne peut être nul.', code='null')]} - [MD10000643300002500.003] | 2026-04-07 23:38:16,120 {'product': [ErrorDetail(string='Ce champ ne peut être nul.', code='null')]} - [CD10073800500000949.996] | 2026-04-07 23:38:16,123 fin intégration: (7e562bc1-fccd-440d-bcea-b059de333610) | fichier: /srv/import/372/Cmdpro_FLEC_20260407195528.txt | 115 lignes formatées | 4 lignes en erreurs | 0 lignes crées | 5 lignes mises à jour | 68 lignes supprimées;372;CASH IVOIRE U MAROC
pos18;POS 18;2026-04-09T18:57:06.973160+00:00;18dff8a1-408f-4c75-806a-562df85183bc;2026-04-07T23:38:13.816953;2026-04-07T23:38:15.166249;30;import de données;supplier_pre_order;pré-commande fournisseur;0;erreur;interne;Extrait du rapport d'import: | 5 lignes mises à jour | 68 lignes supprimées | 2026-04-07 23:38:15,025 {'product': [ErrorDetail(string='Ce champ ne peut être nul.', code='null')]} - [CD10073800500000949.996] | 2026-04-07 23:38:15,028 fin intégration: (fa5221b8-56c7-4d3d-afae-46b95969fc06) | fichier: /srv/import/357/Cmdpro_FLEC_20260407195528.txt | 115 lignes formatées | 4 lignes en erreurs | 0 lignes crées | 5 lignes mises à jour | 67 lignes supprimées | 2026-04-07 23:38:15,114 {'product': [ErrorDetail(string='Ce champ ne peut être nul.', code='null')]} - [CD10073800500000949.996] | 2026-04-07 23:38:15,117 fin intégration: (d7905004-a398-4b22-b6b6-dba3102fd1d4) | fichier: /srv/import/368/Cmdpro_FLEC_20260407195528.txt | 115 lignes formatées | 4 lignes en erreurs | 0 lignes crées | 5 lignes mises à jour | 68 lignes supprimées | 2026-04-07 23:38:15,133 {'product': [ErrorDetail(string='Ce champ ne peut être nul.', code='null')]} - [CD10073800500000949.996] | 2026-04-07 23:38:15,136 fin intégration: (18dff8a1-408f-4c75-806a-562df85183bc) | fichier: /srv/import/354/Cmdpro_FLEC_20260407195528.txt | 115 lignes formatées | 4 lignes en erreurs | 0 lignes crées | 5 lignes mises à jour | 68 lignes supprimées;354;CASH IVOIRE U TOITS ROUGES
pos18;POS 18;2026-04-09T18:57:06.973160+00:00;d7905004-a398-4b22-b6b6-dba3102fd1d4;2026-04-07T23:38:13.842172;2026-04-07T23:38:15.134943;30;import de données;supplier_pre_order;pré-commande fournisseur;0;erreur;interne;Extrait du rapport d'import: | 2026-04-07 23:38:14,445 {'product': [ErrorDetail(string='Ce champ ne peut être nul.', code='null')]} - [MD10000643100001300.002] | 2026-04-07 23:38:14,455 {'product': [ErrorDetail(string='Ce champ ne peut être nul.', code='null')]} - [MD10000643300002500.003] | 2026-04-07 23:38:15,012 {'product': [ErrorDetail(string='Ce champ ne peut être nul.', code='null')]} - [CD10073800500000949.996] | 2026-04-07 23:38:15,015 fin intégration: (7991a9fb-3dab-4e92-9cb3-8d8973a1febb) | fichier: /srv/import/378/Cmdpro_FLEC_20260407195528.txt | 115 lignes formatées | 4 lignes en erreurs | 0 lignes crées | 5 lignes mises à jour | 68 lignes supprimées | 2026-04-07 23:38:15,025 {'product': [ErrorDetail(string='Ce champ ne peut être nul.', code='null')]} - [CD10073800500000949.996] | 2026-04-07 23:38:15,028 fin intégration: (fa5221b8-56c7-4d3d-afae-46b95969fc06) | fichier: /srv/import/357/Cmdpro_FLEC_20260407195528.txt | 115 lignes formatées | 4 lignes en erreurs | 0 lignes crées | 5 lignes mises à jour | 67 lignes supprimées | 2026-04-07 23:38:15,114 {'product': [ErrorDetail(string='Ce champ ne peut être nul.', code='null')]} - [CD10073800500000949.996] | 2026-04-07 23:38:15,117 fin intégration: (d7905004-a398-4b22-b6b6-dba3102fd1d4) | fichier: /srv/import/368/Cmdpro_FLEC_20260407195528.txt | 115 lignes formatées | 4 lignes en erreurs | 0 lignes crées | 5 lignes mises à jour | 68 lignes supprimées | 2026-04-07 23:38:15,133 {'product': [ErrorDetail(string='Ce champ ne peut être nul.', code='null')]} - [CD10073800500000949.996];368;CASH IVOIRE U SADIGUIBA
pos18;POS 18;2026-04-09T18:57:06.973160+00:00;7991a9fb-3dab-4e92-9cb3-8d8973a1febb;2026-04-07T23:38:13.784138;2026-04-07T23:38:15.046526;30;import de données;supplier_pre_order;pré-commande fournisseur;0;erreur;interne;Extrait du rapport d'import: | 2026-04-07 23:38:14,108 {'product': [ErrorDetail(string='Ce champ ne peut être nul.', code='null')]} - [MD04402080100001489.993] | 2026-04-07 23:38:14,129 {'product': [ErrorDetail(string='Ce champ ne peut être nul.', code='null')]} - [MD04402080100001489.993] | 2026-04-07 23:38:14,145 {'product': [ErrorDetail(string='Ce champ ne peut être nul.', code='null')]} - [MD04402080100001489.993] | 2026-04-07 23:38:14,166 {'product': [ErrorDetail(string='Ce champ ne peut être nul.', code='null')]} - [MD04402080100001489.993] | 2026-04-07 23:38:14,386 {'product': [ErrorDetail(string='Ce champ ne peut être nul.', code='null')]} - [MD10000643100001300.002] | 2026-04-07 23:38:14,394 {'product': [ErrorDetail(string='Ce champ ne peut être nul.', code='null')]} - [MD10000643300002500.003] | 2026-04-07 23:38:14,404 {'product': [ErrorDetail(string='Ce champ ne peut être nul.', code='null')]} - [MD10000643100001300.002] | 2026-04-07 23:38:14,413 {'product': [ErrorDetail(string='Ce champ ne peut être nul.', code='null')]} - [MD10000643300002500.003] | 2026-04-07 23:38:14,431 {'product': [ErrorDetail(string='Ce champ ne peut être nul.', code='null')]} - [MD10000643100001300.002] | 2026-04-07 23:38:14,440 {'product': [ErrorDetail(string='Ce champ ne peut être nul.', code='null')]} - [MD10000643300002500.003] | 2026-04-07 23:38:14,445 {'product': [ErrorDetail(string='Ce champ ne peut être nul.', code='null')]} - [MD10000643100001300.002] | 2026-04-07 23:38:14,455 {'product': [ErrorDetail(string='Ce champ ne peut être nul.', code='null')]} - [MD10000643300002500.003] | 2026-04-07 23:38:15,012 {'product': [ErrorDetail(string='Ce champ ne peut être nul.', code='null')]} - [CD10073800500000949.996] | 2026-04-07 23:38:15,015 fin intégration: (7991a9fb-3dab-4e92-9cb3-8d8973a1febb) | fichier: /srv/import/378/Cmdpro_FLEC_20260407195528.txt | 115 lignes formatées | 4 lignes en erreurs | 0 lignes crées | 5 lignes mises à jour | 68 lignes supprimées | 2026-04-07 23:38:15,025 {'product': [ErrorDetail(string='Ce champ ne peut être nul.', code='null')]} - [CD10073800500000949.996] | 2026-04-07 23:38:15,028 fin intégration: (fa5221b8-56c7-4d3d-afae-46b95969fc06) | fichier: /srv/import/357/Cmdpro_FLEC_20260407195528.txt | 115 lignes formatées | 4 lignes en erreurs | 0 lignes crées | 5 lignes mises à jour | 67 lignes supprimées;378;CASH IVOIRE DJE KONAN
pos18;POS 18;2026-04-09T18:57:06.973160+00:00;fa5221b8-56c7-4d3d-afae-46b95969fc06;2026-04-07T23:38:13.831438;2026-04-07T23:38:15.046476;30;import de données;supplier_pre_order;pré-commande fournisseur;0;erreur;interne;Extrait du rapport d'import: | 2026-04-07 23:38:14,108 {'product': [ErrorDetail(string='Ce champ ne peut être nul.', code='null')]} - [MD04402080100001489.993] | 2026-04-07 23:38:14,129 {'product': [ErrorDetail(string='Ce champ ne peut être nul.', code='null')]} - [MD04402080100001489.993] | 2026-04-07 23:38:14,145 {'product': [ErrorDetail(string='Ce champ ne peut être nul.', code='null')]} - [MD04402080100001489.993] | 2026-04-07 23:38:14,166 {'product': [ErrorDetail(string='Ce champ ne peut être nul.', code='null')]} - [MD04402080100001489.993] | 2026-04-07 23:38:14,386 {'product': [ErrorDetail(string='Ce champ ne peut être nul.', code='null')]} - [MD10000643100001300.002] | 2026-04-07 23:38:14,394 {'product': [ErrorDetail(string='Ce champ ne peut être nul.', code='null')]} - [MD10000643300002500.003] | 2026-04-07 23:38:14,404 {'product': [ErrorDetail(string='Ce champ ne peut être nul.', code='null')]} - [MD10000643100001300.002] | 2026-04-07 23:38:14,413 {'product': [ErrorDetail(string='Ce champ ne peut être nul.', code='null')]} - [MD10000643300002500.003] | 2026-04-07 23:38:14,431 {'product': [ErrorDetail(string='Ce champ ne peut être nul.', code='null')]} - [MD10000643100001300.002] | 2026-04-07 23:38:14,440 {'product': [ErrorDetail(string='Ce champ ne peut être nul.', code='null')]} - [MD10000643300002500.003] | 2026-04-07 23:38:14,445 {'product': [ErrorDetail(string='Ce champ ne peut être nul.', code='null')]} - [MD10000643100001300.002] | 2026-04-07 23:38:14,455 {'product': [ErrorDetail(string='Ce champ ne peut être nul.', code='null')]} - [MD10000643300002500.003] | 2026-04-07 23:38:15,012 {'product': [ErrorDetail(string='Ce champ ne peut être nul.', code='null')]} - [CD10073800500000949.996] | 2026-04-07 23:38:15,015 fin intégration: (7991a9fb-3dab-4e92-9cb3-8d8973a1febb) | fichier: /srv/import/378/Cmdpro_FLEC_20260407195528.txt | 115 lignes formatées | 4 lignes en erreurs | 0 lignes crées | 5 lignes mises à jour | 68 lignes supprimées | 2026-04-07 23:38:15,025 {'product': [ErrorDetail(string='Ce champ ne peut être nul.', code='null')]} - [CD10073800500000949.996] | 2026-04-07 23:38:15,028 fin intégration: (fa5221b8-56c7-4d3d-afae-46b95969fc06) | fichier: /srv/import/357/Cmdpro_FLEC_20260407195528.txt | 115 lignes formatées | 4 lignes en erreurs | 0 lignes crées | 5 lignes mises à jour | 67 lignes supprimées;357;CASH IVOIRE U REMBLAIS
pos18;POS 18;2026-04-09T18:57:06.973160+00:00;883d595b-c5c2-4c56-9023-a97ba93f4986;2026-04-07T23:37:13.863942;2026-04-07T23:37:13.902845;30;import de données;supplier_pre_order;pré-commande fournisseur;2;succès;interne;Import pré-commande fournisseur: | fin intégration: (883d595b-c5c2-4c56-9023-a97ba93f4986) | fichier: /srv/import/376/Cmdpro_CMB9_20260407195527.txt | 0 lignes formatées | 0 lignes en erreurs | 0 lignes crées | 0 lignes mises à jour | 0 lignes supprimées;376;CASH IVOIRE U SICOGI ANGRE
pos18;POS 18;2026-04-09T18:57:06.973160+00:00;c90c99bb-ec8e-44be-b72a-a3bd7fb4ad48;2026-04-07T23:37:13.849126;2026-04-07T23:37:13.887057;30;import de données;supplier_pre_order;pré-commande fournisseur;2;succès;interne;Import pré-commande fournisseur: | fin intégration: (c90c99bb-ec8e-44be-b72a-a3bd7fb4ad48) | fichier: /srv/import/372/Cmdpro_CMB9_20260407195527.txt | 0 lignes formatées | 0 lignes en erreurs | 0 lignes crées | 0 lignes mises à jour | 0 lignes supprimées;372;CASH IVOIRE U MAROC
pos18;POS 18;2026-04-09T18:57:06.973160+00:00;c9b8d166-571f-441b-9f26-e561d00ef458;2026-04-07T23:37:13.834490;2026-04-07T23:37:13.874793;30;import de données;supplier_pre_order;pré-commande fournisseur;2;succès;interne;Import pré-commande fournisseur: | fin intégration: (c9b8d166-571f-441b-9f26-e561d00ef458) | fichier: /srv/import/368/Cmdpro_CMB9_20260407195527.txt | 0 lignes formatées | 0 lignes en erreurs | 0 lignes crées | 0 lignes mises à jour | 0 lignes supprimées;368;CASH IVOIRE U SADIGUIBA
pos18;POS 18;2026-04-09T18:57:06.973160+00:00;41e6f432-45c1-4429-ae43-ef626a218239;2026-04-07T23:37:13.820164;2026-04-07T23:37:13.861108;30;import de données;supplier_pre_order;pré-commande fournisseur;2;succès;interne;Import pré-commande fournisseur: | fin intégration: (41e6f432-45c1-4429-ae43-ef626a218239) | fichier: /srv/import/357/Cmdpro_CMB9_20260407195527.txt | 0 lignes formatées | 0 lignes en erreurs | 0 lignes crées | 0 lignes mises à jour | 0 lignes supprimées;357;CASH IVOIRE U REMBLAIS
pos18;POS 18;2026-04-09T18:57:06.973160+00:00;03af86dd-a4f8-490f-b251-1313da9a0fa2;2026-04-07T23:37:13.800954;2026-04-07T23:37:13.829975;30;import de données;supplier_pre_order;pré-commande fournisseur;2;succès;interne;Import pré-commande fournisseur: | fin intégration: (03af86dd-a4f8-490f-b251-1313da9a0fa2) | fichier: /srv/import/354/Cmdpro_CMB9_20260407195527.txt | 0 lignes formatées | 0 lignes en erreurs | 0 lignes crées | 0 lignes mises à jour | 0 lignes supprimées;354;CASH IVOIRE U TOITS ROUGES
pos18;POS 18;2026-04-09T18:57:06.973160+00:00;83480df7-d170-4b86-b362-3bf0a1c23135;2026-04-07T23:37:13.783090;2026-04-07T23:37:13.820052;30;import de données;supplier_pre_order;pré-commande fournisseur;2;succès;interne;Import pré-commande fournisseur: | fin intégration: (83480df7-d170-4b86-b362-3bf0a1c23135) | fichier: /srv/import/378/Cmdpro_CMB9_20260407195527.txt | 0 lignes formatées | 0 lignes en erreurs | 0 lignes crées | 0 lignes mises à jour | 0 lignes supprimées;378;CASH IVOIRE DJE KONAN
pos18;POS 18;2026-04-09T18:57:06.973160+00:00;ed13cecb-d438-4d2c-bcb9-ce3c2d53e7d8;2026-04-07T23:36:13.846689;2026-04-07T23:36:13.909986;30;import de données;supplier_pre_order;pré-commande fournisseur;2;succès;interne;Import pré-commande fournisseur: | fin intégration: (ed13cecb-d438-4d2c-bcb9-ce3c2d53e7d8) | fichier: /srv/import/376/Cmdpro_0267_20260407195535.txt | 1 lignes formatées | 0 lignes en erreurs | 1 lignes crées | 0 lignes mises à jour | 0 lignes supprimées;376;CASH IVOIRE U SICOGI ANGRE
pos18;POS 18;2026-04-09T18:57:06.973160+00:00;5dabef06-6a82-4206-93ce-0f8d8bbf2265;2026-04-07T23:36:13.832167;2026-04-07T23:36:13.908900;30;import de données;supplier_pre_order;pré-commande fournisseur;2;succès;interne;Import pré-commande fournisseur: | fin intégration: (5dabef06-6a82-4206-93ce-0f8d8bbf2265) | fichier: /srv/import/372/Cmdpro_0267_20260407195535.txt | 1 lignes formatées | 0 lignes en erreurs | 1 lignes crées | 0 lignes mises à jour | 0 lignes supprimées;372;CASH IVOIRE U MAROC
pos18;POS 18;2026-04-09T18:57:06.973160+00:00;ef2ca048-cce6-4b05-8995-3d02717da41d;2026-04-07T23:36:13.810636;2026-04-07T23:36:13.883111;30;import de données;supplier_pre_order;pré-commande fournisseur;2;succès;interne;Import pré-commande fournisseur: | fin intégration: (ef2ca048-cce6-4b05-8995-3d02717da41d) | fichier: /srv/import/368/Cmdpro_0267_20260407195535.txt | 1 lignes formatées | 0 lignes en erreurs | 1 lignes crées | 0 lignes mises à jour | 0 lignes supprimées;368;CASH IVOIRE U SADIGUIBA
pos18;POS 18;2026-04-09T18:57:06.973160+00:00;b621cb68-a7e1-4fbd-80c9-84b686ac7c55;2026-04-07T23:36:13.797841;2026-04-07T23:36:13.861231;30;import de données;supplier_pre_order;pré-commande fournisseur;2;succès;interne;Import pré-commande fournisseur: | fin intégration: (b621cb68-a7e1-4fbd-80c9-84b686ac7c55) | fichier: /srv/import/357/Cmdpro_0267_20260407195535.txt | 1 lignes formatées | 0 lignes en erreurs | 1 lignes crées | 0 lignes mises à jour | 0 lignes supprimées;357;CASH IVOIRE U REMBLAIS
pos18;POS 18;2026-04-09T18:57:06.973160+00:00;93d4227f-e08e-4c13-a480-00f48a9b03a1;2026-04-07T23:36:13.789270;2026-04-07T23:36:13.845068;30;import de données;supplier_pre_order;pré-commande fournisseur;2;succès;interne;Import pré-commande fournisseur: | fin intégration: (93d4227f-e08e-4c13-a480-00f48a9b03a1) | fichier: /srv/import/354/Cmdpro_0267_20260407195535.txt | 1 lignes formatées | 0 lignes en erreurs | 1 lignes crées | 0 lignes mises à jour | 0 lignes supprimées;354;CASH IVOIRE U TOITS ROUGES
pos18;POS 18;2026-04-09T18:57:06.973160+00:00;78e92a3a-40d5-400e-aeda-d9e0d4a48200;2026-04-07T23:36:13.779792;2026-04-07T23:36:13.814558;30;import de données;supplier_pre_order;pré-commande fournisseur;2;succès;interne;Import pré-commande fournisseur: | fin intégration: (78e92a3a-40d5-400e-aeda-d9e0d4a48200) | fichier: /srv/import/378/Cmdpro_0267_20260407195535.txt | 0 lignes formatées | 0 lignes en erreurs | 0 lignes crées | 0 lignes mises à jour | 0 lignes supprimées;378;CASH IVOIRE DJE KONAN
pos18;POS 18;2026-04-09T18:57:06.973160+00:00;c40e8d38-03bc-4258-88d8-9f2b3fc3bcd9;2026-04-07T23:35:13.815956;2026-04-07T23:35:13.885908;30;import de données;supplier_pre_order;pré-commande fournisseur;2;succès;interne;Import pré-commande fournisseur: | fin intégration: (c40e8d38-03bc-4258-88d8-9f2b3fc3bcd9) | fichier: /srv/import/376/Cmdpro_0266_20260407195534.txt | 1 lignes formatées | 0 lignes en erreurs | 1 lignes crées | 0 lignes mises à jour | 0 lignes supprimées;376;CASH IVOIRE U SICOGI ANGRE
pos18;POS 18;2026-04-09T18:57:06.973160+00:00;0c54072f-a319-4425-8e87-939eb0e80240;2026-04-07T23:35:13.806030;2026-04-07T23:35:13.870811;30;import de données;supplier_pre_order;pré-commande fournisseur;2;succès;interne;Import pré-commande fournisseur: | fin intégration: (0c54072f-a319-4425-8e87-939eb0e80240) | fichier: /srv/import/372/Cmdpro_0266_20260407195534.txt | 1 lignes formatées | 0 lignes en erreurs | 1 lignes crées | 0 lignes mises à jour | 0 lignes supprimées;372;CASH IVOIRE U MAROC
pos18;POS 18;2026-04-09T18:57:06.973160+00:00;6b145eb3-5275-4abf-8311-16343fb035a6;2026-04-07T23:35:13.794529;2026-04-07T23:35:13.851801;30;import de données;supplier_pre_order;pré-commande fournisseur;2;succès;interne;Import pré-commande fournisseur: | fin intégration: (6b145eb3-5275-4abf-8311-16343fb035a6) | fichier: /srv/import/368/Cmdpro_0266_20260407195534.txt | 1 lignes formatées | 0 lignes en erreurs | 1 lignes crées | 0 lignes mises à jour | 0 lignes supprimées;368;CASH IVOIRE U SADIGUIBA
pos18;POS 18;2026-04-09T18:57:06.973160+00:00;bded2f03-6bd1-4c1b-95e2-4e2a68cc3359;2026-04-07T23:35:13.774085;2026-04-07T23:35:13.840301;30;import de données;supplier_pre_order;pré-commande fournisseur;2;succès;interne;Import pré-commande fournisseur: | fin intégration: (bded2f03-6bd1-4c1b-95e2-4e2a68cc3359) | fichier: /srv/import/354/Cmdpro_0266_20260407195534.txt | 1 lignes formatées | 0 lignes en erreurs | 1 lignes crées | 0 lignes mises à jour | 0 lignes supprimées;354;CASH IVOIRE U TOITS ROUGES
pos18;POS 18;2026-04-09T18:57:06.973160+00:00;3be805bd-e1f2-4e32-ba07-528cc424da0e;2026-04-07T23:35:13.781439;2026-04-07T23:35:13.837220;30;import de données;supplier_pre_order;pré-commande fournisseur;2;succès;interne;Import pré-commande fournisseur: | fin intégration: (3be805bd-e1f2-4e32-ba07-528cc424da0e) | fichier: /srv/import/357/Cmdpro_0266_20260407195534.txt | 1 lignes formatées | 0 lignes en erreurs | 1 lignes crées | 0 lignes mises à jour | 0 lignes supprimées;357;CASH IVOIRE U REMBLAIS
pos18;POS 18;2026-04-09T18:57:06.973160+00:00;69b4e815-953b-412a-a5bb-34714ff5d664;2026-04-07T23:35:13.766694;2026-04-07T23:35:13.794298;30;import de données;supplier_pre_order;pré-commande fournisseur;2;succès;interne;Import pré-commande fournisseur: | fin intégration: (69b4e815-953b-412a-a5bb-34714ff5d664) | fichier: /srv/import/378/Cmdpro_0266_20260407195534.txt | 0 lignes formatées | 0 lignes en erreurs | 0 lignes crées | 0 lignes mises à jour | 0 lignes supprimées;378;CASH IVOIRE DJE KONAN
pos18;POS 18;2026-04-09T18:57:06.973160+00:00;b2173dd7-4b55-4553-8fe1-411b86d011c3;2026-04-07T23:34:13.810904;2026-04-07T23:34:13.926346;30;import de données;supplier_pre_order;pré-commande fournisseur;2;succès;interne;Import pré-commande fournisseur: | fin intégration: (b2173dd7-4b55-4553-8fe1-411b86d011c3) | fichier: /srv/import/376/Cmdpro_0263_20260407195534.txt | 4 lignes formatées | 0 lignes en erreurs | 0 lignes crées | 1 lignes mises à jour | 0 lignes supprimées;376;CASH IVOIRE U SICOGI ANGRE
pos18;POS 18;2026-04-09T18:57:06.973160+00:00;506c2bcc-7be6-423e-bdc4-21c39807e2d9;2026-04-07T23:34:13.801981;2026-04-07T23:34:13.925042;30;import de données;supplier_pre_order;pré-commande fournisseur;2;succès;interne;Import pré-commande fournisseur: | fin intégration: (506c2bcc-7be6-423e-bdc4-21c39807e2d9) | fichier: /srv/import/372/Cmdpro_0263_20260407195534.txt | 4 lignes formatées | 0 lignes en erreurs | 0 lignes crées | 1 lignes mises à jour | 0 lignes supprimées;372;CASH IVOIRE U MAROC
pos18;POS 18;2026-04-09T18:57:06.973160+00:00;ba6ea197-0a25-43f6-8e57-4ee86f4e73e9;2026-04-07T23:34:13.791208;2026-04-07T23:34:13.870662;30;import de données;supplier_pre_order;pré-commande fournisseur;2;succès;interne;Import pré-commande fournisseur: | fin intégration: (ba6ea197-0a25-43f6-8e57-4ee86f4e73e9) | fichier: /srv/import/368/Cmdpro_0263_20260407195534.txt | 4 lignes formatées | 0 lignes en erreurs | 0 lignes crées | 1 lignes mises à jour | 0 lignes supprimées;368;CASH IVOIRE U SADIGUIBA
pos18;POS 18;2026-04-09T18:57:06.973160+00:00;2e7f1757-e385-42ca-8c74-455ede95cc40;2026-04-07T23:34:13.776252;2026-04-07T23:34:13.868473;30;import de données;supplier_pre_order;pré-commande fournisseur;2;succès;interne;Import pré-commande fournisseur: | fin intégration: (2e7f1757-e385-42ca-8c74-455ede95cc40) | fichier: /srv/import/354/Cmdpro_0263_20260407195534.txt | 4 lignes formatées | 0 lignes en erreurs | 0 lignes crées | 1 lignes mises à jour | 0 lignes supprimées;354;CASH IVOIRE U TOITS ROUGES
pos18;POS 18;2026-04-09T18:57:06.973160+00:00;aa6d1903-ac08-4114-b79c-a94a1cecf647;2026-04-07T23:34:13.783934;2026-04-07T23:34:13.867556;30;import de données;supplier_pre_order;pré-commande fournisseur;2;succès;interne;Import pré-commande fournisseur: | fin intégration: (aa6d1903-ac08-4114-b79c-a94a1cecf647) | fichier: /srv/import/357/Cmdpro_0263_20260407195534.txt | 4 lignes formatées | 0 lignes en erreurs | 0 lignes crées | 1 lignes mises à jour | 0 lignes supprimées;357;CASH IVOIRE U REMBLAIS
pos18;POS 18;2026-04-09T18:57:06.973160+00:00;53213afe-4f7c-477d-aad5-8e394de8c877;2026-04-07T23:34:13.767473;2026-04-07T23:34:13.801115;30;import de données;supplier_pre_order;pré-commande fournisseur;2;succès;interne;Import pré-commande fournisseur: | fin intégration: (53213afe-4f7c-477d-aad5-8e394de8c877) | fichier: /srv/import/378/Cmdpro_0263_20260407195534.txt | 0 lignes formatées | 0 lignes en erreurs | 0 lignes crées | 0 lignes mises à jour | 0 lignes supprimées;378;CASH IVOIRE DJE KONAN
pos18;POS 18;2026-04-09T18:57:06.973160+00:00;4a08beaa-ee30-4988-b748-1d4f4fe5c33a;2026-04-07T23:33:13.816592;2026-04-07T23:33:13.842957;30;import de données;price_updater;mise à jour de prix;2;succès;interne;Import mise à jour de prix: | fin intégration: (4a08beaa-ee30-4988-b748-1d4f4fe5c33a) | fichier: /srv/import/376/Pricing_S16B_20260407195534.txt | 0 lignes formatées | 0 lignes en erreurs | 0 lignes crées | 0 lignes mises à jour | 0 lignes supprimées;376;CASH IVOIRE U SICOGI ANGRE
pos18;POS 18;2026-04-09T18:57:06.973160+00:00;41e95781-1b4c-4f4b-9c59-d7fd62d22ce6;2026-04-07T23:33:13.805034;2026-04-07T23:33:13.837580;30;import de données;price_updater;mise à jour de prix;2;succès;interne;Import mise à jour de prix: | fin intégration: (41e95781-1b4c-4f4b-9c59-d7fd62d22ce6) | fichier: /srv/import/372/Pricing_S16B_20260407195534.txt | 0 lignes formatées | 0 lignes en erreurs | 0 lignes crées | 0 lignes mises à jour | 0 lignes supprimées;372;CASH IVOIRE U MAROC
pos18;POS 18;2026-04-09T18:57:06.973160+00:00;416b2204-4b40-4f3f-8d53-8d3fb96032e4;2026-04-07T23:33:13.793331;2026-04-07T23:33:13.827500;30;import de données;price_updater;mise à jour de prix;2;succès;interne;Import mise à jour de prix: | fin intégration: (416b2204-4b40-4f3f-8d53-8d3fb96032e4) | fichier: /srv/import/368/Pricing_S16B_20260407195534.txt | 0 lignes formatées | 0 lignes en erreurs | 0 lignes crées | 0 lignes mises à jour | 0 lignes supprimées;368;CASH IVOIRE U SADIGUIBA
pos18;POS 18;2026-04-09T18:57:06.973160+00:00;25ca2d17-c80b-4efc-909c-c6051b745162;2026-04-07T23:33:13.782031;2026-04-07T23:33:13.812737;30;import de données;price_updater;mise à jour de prix;2;succès;interne;Import mise à jour de prix: | fin intégration: (25ca2d17-c80b-4efc-909c-c6051b745162) | fichier: /srv/import/357/Pricing_S16B_20260407195534.txt | 0 lignes formatées | 0 lignes en erreurs | 0 lignes crées | 0 lignes mises à jour | 0 lignes supprimées;357;CASH IVOIRE U REMBLAIS
pos18;POS 18;2026-04-09T18:57:06.973160+00:00;cd8a5b38-6c92-4c18-a397-6add70ceb0ca;2026-04-07T23:33:13.774136;2026-04-07T23:33:13.803567;30;import de données;price_updater;mise à jour de prix;2;succès;interne;Import mise à jour de prix: | fin intégration: (cd8a5b38-6c92-4c18-a397-6add70ceb0ca) | fichier: /srv/import/354/Pricing_S16B_20260407195534.txt | 0 lignes formatées | 0 lignes en erreurs | 0 lignes crées | 0 lignes mises à jour | 0 lignes supprimées;354;CASH IVOIRE U TOITS ROUGES
pos18;POS 18;2026-04-09T18:57:06.973160+00:00;11540ccf-abb1-4f01-a808-ee43d425a006;2026-04-07T23:33:13.763425;2026-04-07T23:33:13.793190;30;import de données;price_updater;mise à jour de prix;2;succès;interne;Import mise à jour de prix: | fin intégration: (11540ccf-abb1-4f01-a808-ee43d425a006) | fichier: /srv/import/378/Pricing_S16B_20260407195534.txt | 0 lignes formatées | 0 lignes en erreurs | 0 lignes crées | 0 lignes mises à jour | 0 lignes supprimées;378;CASH IVOIRE DJE KONAN
pos18;POS 18;2026-04-09T18:57:06.973160+00:00;2b93ea3a-dafe-4d42-a07d-073ce13670b5;2026-04-07T23:32:13.828646;2026-04-07T23:32:13.858947;30;import de données;price_updater;mise à jour de prix;2;succès;interne;Import mise à jour de prix: | fin intégration: (2b93ea3a-dafe-4d42-a07d-073ce13670b5) | fichier: /srv/import/376/Pricing_PP14_20260407195532.txt | 0 lignes formatées | 0 lignes en erreurs | 0 lignes crées | 0 lignes mises à jour | 0 lignes supprimées;376;CASH IVOIRE U SICOGI ANGRE
pos18;POS 18;2026-04-09T18:57:06.973160+00:00;b7f3ebdd-1ce2-47ee-85b8-903322869933;2026-04-07T23:32:13.816922;2026-04-07T23:32:13.847428;30;import de données;price_updater;mise à jour de prix;2;succès;interne;Import mise à jour de prix: | fin intégration: (b7f3ebdd-1ce2-47ee-85b8-903322869933) | fichier: /srv/import/372/Pricing_PP14_20260407195532.txt | 0 lignes formatées | 0 lignes en erreurs | 0 lignes crées | 0 lignes mises à jour | 0 lignes supprimées;372;CASH IVOIRE U MAROC
pos18;POS 18;2026-04-09T18:57:06.973160+00:00;ab9185b5-1b01-4092-a93c-80a65637ff62;2026-04-07T23:32:13.799666;2026-04-07T23:32:13.834812;30;import de données;price_updater;mise à jour de prix;2;succès;interne;Import mise à jour de prix: | fin intégration: (ab9185b5-1b01-4092-a93c-80a65637ff62) | fichier: /srv/import/368/Pricing_PP14_20260407195532.txt | 0 lignes formatées | 0 lignes en erreurs | 0 lignes crées | 0 lignes mises à jour | 0 lignes supprimées;368;CASH IVOIRE U SADIGUIBA
pos18;POS 18;2026-04-09T18:57:06.973160+00:00;754dce79-9b66-4752-bc87-191c1711b5bb;2026-04-07T23:32:13.788577;2026-04-07T23:32:13.818508;30;import de données;price_updater;mise à jour de prix;2;succès;interne;Import mise à jour de prix: | fin intégration: (754dce79-9b66-4752-bc87-191c1711b5bb) | fichier: /srv/import/357/Pricing_PP14_20260407195532.txt | 0 lignes formatées | 0 lignes en erreurs | 0 lignes crées | 0 lignes mises à jour | 0 lignes supprimées;357;CASH IVOIRE U REMBLAIS
pos18;POS 18;2026-04-09T18:57:06.973160+00:00;27c287d9-a56d-464c-b56b-af1b9931a960;2026-04-07T23:32:13.778673;2026-04-07T23:32:13.807547;30;import de données;price_updater;mise à jour de prix;2;succès;interne;Import mise à jour de prix: | fin intégration: (27c287d9-a56d-464c-b56b-af1b9931a960) | fichier: /srv/import/354/Pricing_PP14_20260407195532.txt | 0 lignes formatées | 0 lignes en erreurs | 0 lignes crées | 0 lignes mises à jour | 0 lignes supprimées;354;CASH IVOIRE U TOITS ROUGES
pos18;POS 18;2026-04-09T18:57:06.973160+00:00;e7d206f5-f3b4-4aa5-9428-1dd0d3e543a1;2026-04-07T23:32:13.763721;2026-04-07T23:32:13.799257;30;import de données;price_updater;mise à jour de prix;2;succès;interne;Import mise à jour de prix: | fin intégration: (e7d206f5-f3b4-4aa5-9428-1dd0d3e543a1) | fichier: /srv/import/378/Pricing_PP14_20260407195532.txt | 0 lignes formatées | 0 lignes en erreurs | 0 lignes crées | 0 lignes mises à jour | 0 lignes supprimées;378;CASH IVOIRE DJE KONAN
pos18;POS 18;2026-04-09T18:57:06.973160+00:00;8637a61f-9d54-4b1e-839e-0b3d2fd4d2a0;2026-04-07T23:31:13.832596;2026-04-07T23:31:13.866149;30;import de données;price_updater;mise à jour de prix;2;succès;interne;Import mise à jour de prix: | fin intégration: (8637a61f-9d54-4b1e-839e-0b3d2fd4d2a0) | fichier: /srv/import/376/Pricing_PP12_20260407195531.txt | 0 lignes formatées | 0 lignes en erreurs | 0 lignes crées | 0 lignes mises à jour | 0 lignes supprimées;376;CASH IVOIRE U SICOGI ANGRE
pos18;POS 18;2026-04-09T18:57:06.973160+00:00;bc156a77-d3f7-4dd9-87e8-a8c737630ecd;2026-04-07T23:31:13.821459;2026-04-07T23:31:13.851755;30;import de données;price_updater;mise à jour de prix;2;succès;interne;Import mise à jour de prix: | fin intégration: (bc156a77-d3f7-4dd9-87e8-a8c737630ecd) | fichier: /srv/import/372/Pricing_PP12_20260407195531.txt | 0 lignes formatées | 0 lignes en erreurs | 0 lignes crées | 0 lignes mises à jour | 0 lignes supprimées;372;CASH IVOIRE U MAROC
pos18;POS 18;2026-04-09T18:57:06.973160+00:00;ead5fba6-ff30-4765-8016-d475a6340b05;2026-04-07T23:31:13.808540;2026-04-07T23:31:13.850032;30;import de données;price_updater;mise à jour de prix;2;succès;interne;Import mise à jour de prix: | fin intégration: (ead5fba6-ff30-4765-8016-d475a6340b05) | fichier: /srv/import/368/Pricing_PP12_20260407195531.txt | 0 lignes formatées | 0 lignes en erreurs | 0 lignes crées | 0 lignes mises à jour | 0 lignes supprimées;368;CASH IVOIRE U SADIGUIBA
pos18;POS 18;2026-04-09T18:57:06.973160+00:00;8b1931f8-ec45-4d3b-b321-b917d66cf8b0;2026-04-07T23:31:13.796535;2026-04-07T23:31:13.826997;30;import de données;price_updater;mise à jour de prix;2;succès;interne;Import mise à jour de prix: | fin intégration: (8b1931f8-ec45-4d3b-b321-b917d66cf8b0) | fichier: /srv/import/357/Pricing_PP12_20260407195531.txt | 0 lignes formatées | 0 lignes en erreurs | 0 lignes crées | 0 lignes mises à jour | 0 lignes supprimées;357;CASH IVOIRE U REMBLAIS
pos18;POS 18;2026-04-09T18:57:06.973160+00:00;3b4452d3-587d-4e1b-8f3e-dad88772d894;2026-04-07T23:31:13.785229;2026-04-07T23:31:13.817300;30;import de données;price_updater;mise à jour de prix;2;succès;interne;Import mise à jour de prix: | fin intégration: (3b4452d3-587d-4e1b-8f3e-dad88772d894) | fichier: /srv/import/354/Pricing_PP12_20260407195531.txt | 0 lignes formatées | 0 lignes en erreurs | 0 lignes crées | 0 lignes mises à jour | 0 lignes supprimées;354;CASH IVOIRE U TOITS ROUGES
pos18;POS 18;2026-04-09T18:57:06.973160+00:00;1a207719-0729-476c-86ad-4996359b0f08;2026-04-07T23:31:13.765171;2026-04-07T23:31:13.798640;30;import de données;price_updater;mise à jour de prix;2;succès;interne;Import mise à jour de prix: | fin intégration: (1a207719-0729-476c-86ad-4996359b0f08) | fichier: /srv/import/378/Pricing_PP12_20260407195531.txt | 0 lignes formatées | 0 lignes en erreurs | 0 lignes crées | 0 lignes mises à jour | 0 lignes supprimées;378;CASH IVOIRE DJE KONAN
pos18;POS 18;2026-04-09T18:57:06.973160+00:00;26ba28bd-24b5-4a49-9db7-c800d3fc291a;2026-04-07T23:30:13.819439;2026-04-07T23:30:13.851489;30;import de données;price_updater;mise à jour de prix;2;succès;interne;Import mise à jour de prix: | fin intégration: (26ba28bd-24b5-4a49-9db7-c800d3fc291a) | fichier: /srv/import/376/Pricing_PP11_20260407195530.txt | 0 lignes formatées | 0 lignes en erreurs | 0 lignes crées | 0 lignes mises à jour | 0 lignes supprimées;376;CASH IVOIRE U SICOGI ANGRE
pos18;POS 18;2026-04-09T18:57:06.973160+00:00;ad2bb3f6-a979-4983-8d5a-395e14de65a8;2026-04-07T23:30:13.809457;2026-04-07T23:30:13.839242;30;import de données;price_updater;mise à jour de prix;2;succès;interne;Import mise à jour de prix: | fin intégration: (ad2bb3f6-a979-4983-8d5a-395e14de65a8) | fichier: /srv/import/372/Pricing_PP11_20260407195530.txt | 0 lignes formatées | 0 lignes en erreurs | 0 lignes crées | 0 lignes mises à jour | 0 lignes supprimées;372;CASH IVOIRE U MAROC
pos18;POS 18;2026-04-09T18:57:06.973160+00:00;0960203c-e413-4c7b-8a07-84a065cbcba2;2026-04-07T23:30:13.798530;2026-04-07T23:30:13.831587;30;import de données;price_updater;mise à jour de prix;2;succès;interne;Import mise à jour de prix: | fin intégration: (0960203c-e413-4c7b-8a07-84a065cbcba2) | fichier: /srv/import/368/Pricing_PP11_20260407195530.txt | 0 lignes formatées | 0 lignes en erreurs | 0 lignes crées | 0 lignes mises à jour | 0 lignes supprimées;368;CASH IVOIRE U SADIGUIBA
pos18;POS 18;2026-04-09T18:57:06.973160+00:00;44b1a0b6-38a6-4318-be0b-78d6e50c40de;2026-04-07T23:30:13.785213;2026-04-07T23:30:13.814623;30;import de données;price_updater;mise à jour de prix;2;succès;interne;Import mise à jour de prix: | fin intégration: (44b1a0b6-38a6-4318-be0b-78d6e50c40de) | fichier: /srv/import/357/Pricing_PP11_20260407195530.txt | 0 lignes formatées | 0 lignes en erreurs | 0 lignes crées | 0 lignes mises à jour | 0 lignes supprimées;357;CASH IVOIRE U REMBLAIS
pos18;POS 18;2026-04-09T18:57:06.973160+00:00;6dfc58c4-7ffd-4ecc-81af-3ae6572f0cb5;2026-04-07T23:30:13.773306;2026-04-07T23:30:13.806186;30;import de données;price_updater;mise à jour de prix;2;succès;interne;Import mise à jour de prix: | fin intégration: (6dfc58c4-7ffd-4ecc-81af-3ae6572f0cb5) | fichier: /srv/import/354/Pricing_PP11_20260407195530.txt | 0 lignes formatées | 0 lignes en erreurs | 0 lignes crées | 0 lignes mises à jour | 0 lignes supprimées;354;CASH IVOIRE U TOITS ROUGES
pos18;POS 18;2026-04-09T18:57:06.973160+00:00;3fc0b196-6e7c-48a6-9df8-f8f94dc68ce2;2026-04-07T23:30:13.759370;2026-04-07T23:30:13.792496;30;import de données;price_updater;mise à jour de prix;2;succès;interne;Import mise à jour de prix: | fin intégration: (3fc0b196-6e7c-48a6-9df8-f8f94dc68ce2) | fichier: /srv/import/378/Pricing_PP11_20260407195530.txt | 0 lignes formatées | 0 lignes en erreurs | 0 lignes crées | 0 lignes mises à jour | 0 lignes supprimées;378;CASH IVOIRE DJE KONAN
pos18;POS 18;2026-04-09T18:57:06.973160+00:00;4e2b01dd-64c3-4a64-a38b-f30e965743aa;2026-04-07T23:29:13.804527;2026-04-07T23:29:13.852607;30;import de données;price_updater;mise à jour de prix;2;succès;interne;Import mise à jour de prix: | fin intégration: (4e2b01dd-64c3-4a64-a38b-f30e965743aa) | fichier: /srv/import/376/Pricing_PDF9_20260407195530.txt | 0 lignes formatées | 0 lignes en erreurs | 0 lignes crées | 0 lignes mises à jour | 0 lignes supprimées;376;CASH IVOIRE U SICOGI ANGRE
pos18;POS 18;2026-04-09T18:57:06.973160+00:00;356187e6-776f-4d95-8e37-9a49681dd82a;2026-04-07T23:29:13.794610;2026-04-07T23:29:13.839853;30;import de données;price_updater;mise à jour de prix;2;succès;interne;Import mise à jour de prix: | fin intégration: (356187e6-776f-4d95-8e37-9a49681dd82a) | fichier: /srv/import/372/Pricing_PDF9_20260407195530.txt | 0 lignes formatées | 0 lignes en erreurs | 0 lignes crées | 0 lignes mises à jour | 0 lignes supprimées;372;CASH IVOIRE U MAROC
pos18;POS 18;2026-04-09T18:57:06.973160+00:00;3cbcbeac-2c50-42be-8c9d-3b91a393c7f7;2026-04-07T23:29:13.785618;2026-04-07T23:29:13.826601;30;import de données;price_updater;mise à jour de prix;2;succès;interne;Import mise à jour de prix: | fin intégration: (3cbcbeac-2c50-42be-8c9d-3b91a393c7f7) | fichier: /srv/import/368/Pricing_PDF9_20260407195530.txt | 0 lignes formatées | 0 lignes en erreurs | 0 lignes crées | 0 lignes mises à jour | 0 lignes supprimées;368;CASH IVOIRE U SADIGUIBA
pos18;POS 18;2026-04-09T18:57:06.973160+00:00;b45e576f-503a-4f35-a160-e581d752cd3e;2026-04-07T23:29:13.775921;2026-04-07T23:29:13.826069;30;import de données;price_updater;mise à jour de prix;2;succès;interne;Import mise à jour de prix: | fin intégration: (b45e576f-503a-4f35-a160-e581d752cd3e) | fichier: /srv/import/357/Pricing_PDF9_20260407195530.txt | 0 lignes formatées | 0 lignes en erreurs | 0 lignes crées | 0 lignes mises à jour | 0 lignes supprimées;357;CASH IVOIRE U REMBLAIS
pos18;POS 18;2026-04-09T18:57:06.973160+00:00;b49dfd4e-ef50-4d54-a767-3b80af490c99;2026-04-07T23:29:13.763343;2026-04-07T23:29:13.799102;30;import de données;price_updater;mise à jour de prix;2;succès;interne;Import mise à jour de prix: | fin intégration: (b49dfd4e-ef50-4d54-a767-3b80af490c99) | fichier: /srv/import/354/Pricing_PDF9_20260407195530.txt | 0 lignes formatées | 0 lignes en erreurs | 0 lignes crées | 0 lignes mises à jour | 0 lignes supprimées;354;CASH IVOIRE U TOITS ROUGES
pos18;POS 18;2026-04-09T18:57:06.973160+00:00;e9c15c80-1b64-487b-acf7-28df35908a24;2026-04-07T23:29:13.751624;2026-04-07T23:29:13.792088;30;import de données;price_updater;mise à jour de prix;2;succès;interne;Import mise à jour de prix: | fin intégration: (e9c15c80-1b64-487b-acf7-28df35908a24) | fichier: /srv/import/378/Pricing_PDF9_20260407195530.txt | 0 lignes formatées | 0 lignes en erreurs | 0 lignes crées | 0 lignes mises à jour | 0 lignes supprimées;378;CASH IVOIRE DJE KONAN
pos18;POS 18;2026-04-09T18:57:06.973160+00:00;3ca98d89-a21f-438d-b301-14b301f1e1f4;2026-04-07T23:28:13.807135;2026-04-07T23:28:15.048654;30;import de données;price_updater;mise à jour de prix;0;erreur;interne;Extrait du rapport d'import: | 2026-04-07 23:28:14,732 produit inconnu 100596008 - [['P', '100596008', '', '', '', '', '']] | 2026-04-07 23:28:14,734 produit inconnu 100644183 - [['P', '100644183', '', '', '', '', '']] | 2026-04-07 23:28:14,736 produit inconnu 100530744 - [['P', '100530744', '', '', '', '', '']] | 2026-04-07 23:28:14,738 produit inconnu 100576160 - [['P', '100576160', '', '', '', '', '']] | 2026-04-07 23:28:14,740 produit inconnu 100596008 - [['P', '100596008', '', '', '', '', '']] | 2026-04-07 23:28:14,742 produit inconnu 100644183 - [['P', '100644183', '', '', '', '', '']] | 2026-04-07 23:28:14,918 produit inconnu 100222491 - [['P', '100222491', '7990.00', '', '', '', '']] | 2026-04-07 23:28:14,920 produit inconnu 100222493 - [['P', '100222493', '7990.00', '', '', '', '']] | 2026-04-07 23:28:14,922 produit inconnu 100576160 - [['P', '100576160', '1490.00', '', '', '', '']] | 2026-04-07 23:28:14,924 produit inconnu 100644183 - [['P', '100644183', '9990.00', '', '', '', '']] | 2026-04-07 23:28:14,930 produit inconnu 100222491 - [['P', '100222491', '7990.00', '', '', '', '']] | 2026-04-07 23:28:14,932 produit inconnu 100222493 - [['P', '100222493', '7990.00', '', '', '', '']] | 2026-04-07 23:28:14,934 produit inconnu 100576160 - [['P', '100576160', '1490.00', '', '', '', '']] | 2026-04-07 23:28:14,936 produit inconnu 100644183 - [['P', '100644183', '9990.00', '', '', '', '']] | 2026-04-07 23:28:15,007 fin intégration: (ad661f2e-c510-43e3-b699-22f36cc75a1d) | fichier: /srv/import/372/Pricing_PDF7_20260407195529.txt | 30 lignes formatées | 22 lignes en erreurs | 4 lignes crées | 0 lignes mises à jour | 0 lignes supprimées | 2026-04-07 23:28:15,018 fin intégration: (3ca98d89-a21f-438d-b301-14b301f1e1f4) | fichier: /srv/import/376/Pricing_PDF7_20260407195529.txt | 30 lignes formatées | 22 lignes en erreurs | 4 lignes crées | 0 lignes mises à jour | 0 lignes supprimées;376;CASH IVOIRE U SICOGI ANGRE
pos18;POS 18;2026-04-09T18:57:06.973160+00:00;ad661f2e-c510-43e3-b699-22f36cc75a1d;2026-04-07T23:28:13.793067;2026-04-07T23:28:15.037333;30;import de données;price_updater;mise à jour de prix;0;erreur;interne;Extrait du rapport d'import: | 2026-04-07 23:28:14,732 produit inconnu 100596008 - [['P', '100596008', '', '', '', '', '']] | 2026-04-07 23:28:14,734 produit inconnu 100644183 - [['P', '100644183', '', '', '', '', '']] | 2026-04-07 23:28:14,736 produit inconnu 100530744 - [['P', '100530744', '', '', '', '', '']] | 2026-04-07 23:28:14,738 produit inconnu 100576160 - [['P', '100576160', '', '', '', '', '']] | 2026-04-07 23:28:14,740 produit inconnu 100596008 - [['P', '100596008', '', '', '', '', '']] | 2026-04-07 23:28:14,742 produit inconnu 100644183 - [['P', '100644183', '', '', '', '', '']] | 2026-04-07 23:28:14,918 produit inconnu 100222491 - [['P', '100222491', '7990.00', '', '', '', '']] | 2026-04-07 23:28:14,920 produit inconnu 100222493 - [['P', '100222493', '7990.00', '', '', '', '']] | 2026-04-07 23:28:14,922 produit inconnu 100576160 - [['P', '100576160', '1490.00', '', '', '', '']] | 2026-04-07 23:28:14,924 produit inconnu 100644183 - [['P', '100644183', '9990.00', '', '', '', '']] | 2026-04-07 23:28:14,930 produit inconnu 100222491 - [['P', '100222491', '7990.00', '', '', '', '']] | 2026-04-07 23:28:14,932 produit inconnu 100222493 - [['P', '100222493', '7990.00', '', '', '', '']] | 2026-04-07 23:28:14,934 produit inconnu 100576160 - [['P', '100576160', '1490.00', '', '', '', '']] | 2026-04-07 23:28:14,936 produit inconnu 100644183 - [['P', '100644183', '9990.00', '', '', '', '']] | 2026-04-07 23:28:15,007 fin intégration: (ad661f2e-c510-43e3-b699-22f36cc75a1d) | fichier: /srv/import/372/Pricing_PDF7_20260407195529.txt | 30 lignes formatées | 22 lignes en erreurs | 4 lignes crées | 0 lignes mises à jour | 0 lignes supprimées | 2026-04-07 23:28:15,018 fin intégration: (3ca98d89-a21f-438d-b301-14b301f1e1f4) | fichier: /srv/import/376/Pricing_PDF7_20260407195529.txt | 30 lignes formatées | 22 lignes en erreurs | 4 lignes crées | 0 lignes mises à jour | 0 lignes supprimées;372;CASH IVOIRE U MAROC
pos18;POS 18;2026-04-09T18:57:06.973160+00:00;260e9df4-532e-4abc-aadc-8bacf962c8d7;2026-04-07T23:28:13.781591;2026-04-07T23:28:14.437704;30;import de données;price_updater;mise à jour de prix;0;erreur;interne;Extrait du rapport d'import: | 30 lignes formatées | 22 lignes en erreurs | 4 lignes crées | 0 lignes mises à jour | 0 lignes supprimées | 2026-04-07 23:28:14,365 fin intégration: (7cfde5bd-2a21-46fa-b9cd-2c57438b088e) | fichier: /srv/import/354/Pricing_PDF7_20260407195529.txt | 30 lignes formatées | 22 lignes en erreurs | 4 lignes crées | 0 lignes mises à jour | 0 lignes supprimées | 2026-04-07 23:28:14,381 fin intégration: (c5191cfe-ef79-48f6-828c-ae8a1db4e8d5) | fichier: /srv/import/357/Pricing_PDF7_20260407195529.txt | 30 lignes formatées | 22 lignes en erreurs | 4 lignes crées | 0 lignes mises à jour | 0 lignes supprimées | 2026-04-07 23:28:14,422 fin intégration: (260e9df4-532e-4abc-aadc-8bacf962c8d7) | fichier: /srv/import/368/Pricing_PDF7_20260407195529.txt | 30 lignes formatées | 22 lignes en erreurs | 4 lignes crées | 0 lignes mises à jour | 0 lignes supprimées;368;CASH IVOIRE U SADIGUIBA
pos18;POS 18;2026-04-09T18:57:06.973160+00:00;c5191cfe-ef79-48f6-828c-ae8a1db4e8d5;2026-04-07T23:28:13.772336;2026-04-07T23:28:14.397415;30;import de données;price_updater;mise à jour de prix;0;erreur;interne;Extrait du rapport d'import: | 2026-04-07 23:28:14,295 produit inconnu 100576160 - [['P', '100576160', '1490.00', '', '', '', '']] | 2026-04-07 23:28:14,297 produit inconnu 100644183 - [['P', '100644183', '9990.00', '', '', '', '']] | 2026-04-07 23:28:14,344 produit inconnu 100222491 - [['P', '100222491', '7990.00', '', '', '', '']] | 2026-04-07 23:28:14,346 produit inconnu 100222493 - [['P', '100222493', '7990.00', '', '', '', '']] | 2026-04-07 23:28:14,349 produit inconnu 100576160 - [['P', '100576160', '1490.00', '', '', '', '']] | 2026-04-07 23:28:14,351 produit inconnu 100644183 - [['P', '100644183', '9990.00', '', '', '', '']] | 2026-04-07 23:28:14,357 fin intégration: (5d991d1d-7419-4c08-8576-11214aa9d572) | fichier: /srv/import/378/Pricing_PDF7_20260407195529.txt | 30 lignes formatées | 22 lignes en erreurs | 4 lignes crées | 0 lignes mises à jour | 0 lignes supprimées | 2026-04-07 23:28:14,365 fin intégration: (7cfde5bd-2a21-46fa-b9cd-2c57438b088e) | fichier: /srv/import/354/Pricing_PDF7_20260407195529.txt | 30 lignes formatées | 22 lignes en erreurs | 4 lignes crées | 0 lignes mises à jour | 0 lignes supprimées | 2026-04-07 23:28:14,381 fin intégration: (c5191cfe-ef79-48f6-828c-ae8a1db4e8d5) | fichier: /srv/import/357/Pricing_PDF7_20260407195529.txt | 30 lignes formatées | 22 lignes en erreurs | 4 lignes crées | 0 lignes mises à jour | 0 lignes supprimées;357;CASH IVOIRE U REMBLAIS
pos18;POS 18;2026-04-09T18:57:06.973160+00:00;7cfde5bd-2a21-46fa-b9cd-2c57438b088e;2026-04-07T23:28:13.763446;2026-04-07T23:28:14.395111;30;import de données;price_updater;mise à jour de prix;0;erreur;interne;Extrait du rapport d'import: | 2026-04-07 23:28:14,295 produit inconnu 100576160 - [['P', '100576160', '1490.00', '', '', '', '']] | 2026-04-07 23:28:14,297 produit inconnu 100644183 - [['P', '100644183', '9990.00', '', '', '', '']] | 2026-04-07 23:28:14,344 produit inconnu 100222491 - [['P', '100222491', '7990.00', '', '', '', '']] | 2026-04-07 23:28:14,346 produit inconnu 100222493 - [['P', '100222493', '7990.00', '', '', '', '']] | 2026-04-07 23:28:14,349 produit inconnu 100576160 - [['P', '100576160', '1490.00', '', '', '', '']] | 2026-04-07 23:28:14,351 produit inconnu 100644183 - [['P', '100644183', '9990.00', '', '', '', '']] | 2026-04-07 23:28:14,357 fin intégration: (5d991d1d-7419-4c08-8576-11214aa9d572) | fichier: /srv/import/378/Pricing_PDF7_20260407195529.txt | 30 lignes formatées | 22 lignes en erreurs | 4 lignes crées | 0 lignes mises à jour | 0 lignes supprimées | 2026-04-07 23:28:14,365 fin intégration: (7cfde5bd-2a21-46fa-b9cd-2c57438b088e) | fichier: /srv/import/354/Pricing_PDF7_20260407195529.txt | 30 lignes formatées | 22 lignes en erreurs | 4 lignes crées | 0 lignes mises à jour | 0 lignes supprimées | 2026-04-07 23:28:14,381 fin intégration: (c5191cfe-ef79-48f6-828c-ae8a1db4e8d5) | fichier: /srv/import/357/Pricing_PDF7_20260407195529.txt | 30 lignes formatées | 22 lignes en erreurs | 4 lignes crées | 0 lignes mises à jour | 0 lignes supprimées;354;CASH IVOIRE U TOITS ROUGES
pos18;POS 18;2026-04-09T18:57:06.973160+00:00;5d991d1d-7419-4c08-8576-11214aa9d572;2026-04-07T23:28:13.753129;2026-04-07T23:28:14.391981;30;import de données;price_updater;mise à jour de prix;0;erreur;interne;Extrait du rapport d'import: | 2026-04-07 23:28:14,295 produit inconnu 100576160 - [['P', '100576160', '1490.00', '', '', '', '']] | 2026-04-07 23:28:14,297 produit inconnu 100644183 - [['P', '100644183', '9990.00', '', '', '', '']] | 2026-04-07 23:28:14,344 produit inconnu 100222491 - [['P', '100222491', '7990.00', '', '', '', '']] | 2026-04-07 23:28:14,346 produit inconnu 100222493 - [['P', '100222493', '7990.00', '', '', '', '']] | 2026-04-07 23:28:14,349 produit inconnu 100576160 - [['P', '100576160', '1490.00', '', '', '', '']] | 2026-04-07 23:28:14,351 produit inconnu 100644183 - [['P', '100644183', '9990.00', '', '', '', '']] | 2026-04-07 23:28:14,357 fin intégration: (5d991d1d-7419-4c08-8576-11214aa9d572) | fichier: /srv/import/378/Pricing_PDF7_20260407195529.txt | 30 lignes formatées | 22 lignes en erreurs | 4 lignes crées | 0 lignes mises à jour | 0 lignes supprimées | 2026-04-07 23:28:14,365 fin intégration: (7cfde5bd-2a21-46fa-b9cd-2c57438b088e) | fichier: /srv/import/354/Pricing_PDF7_20260407195529.txt | 30 lignes formatées | 22 lignes en erreurs | 4 lignes crées | 0 lignes mises à jour | 0 lignes supprimées | 2026-04-07 23:28:14,381 fin intégration: (c5191cfe-ef79-48f6-828c-ae8a1db4e8d5) | fichier: /srv/import/357/Pricing_PDF7_20260407195529.txt | 30 lignes formatées | 22 lignes en erreurs | 4 lignes crées | 0 lignes mises à jour | 0 lignes supprimées;378;CASH IVOIRE DJE KONAN
pos18;POS 18;2026-04-09T18:57:06.973160+00:00;60ec4694-f11f-4952-9f99-3a579708ed0e;2026-04-07T23:27:13.814910;2026-04-07T23:27:13.853645;30;import de données;price_updater;mise à jour de prix;2;succès;interne;Import mise à jour de prix: | fin intégration: (60ec4694-f11f-4952-9f99-3a579708ed0e) | fichier: /srv/import/376/Pricing_P61G_20260407195533.txt | 0 lignes formatées | 0 lignes en erreurs | 0 lignes crées | 0 lignes mises à jour | 0 lignes supprimées;376;CASH IVOIRE U SICOGI ANGRE
pos18;POS 18;2026-04-09T18:57:06.973160+00:00;cae222ed-b981-49a9-b5ad-136cde0c495c;2026-04-07T23:27:13.803259;2026-04-07T23:27:13.839006;30;import de données;price_updater;mise à jour de prix;2;succès;interne;Import mise à jour de prix: | fin intégration: (cae222ed-b981-49a9-b5ad-136cde0c495c) | fichier: /srv/import/372/Pricing_P61G_20260407195533.txt | 0 lignes formatées | 0 lignes en erreurs | 0 lignes crées | 0 lignes mises à jour | 0 lignes supprimées;372;CASH IVOIRE U MAROC
pos18;POS 18;2026-04-09T18:57:06.973160+00:00;7396ab5b-ec9e-4a7b-87eb-05cc22ad8e1e;2026-04-07T23:27:13.786735;2026-04-07T23:27:13.822258;30;import de données;price_updater;mise à jour de prix;2;succès;interne;Import mise à jour de prix: | fin intégration: (7396ab5b-ec9e-4a7b-87eb-05cc22ad8e1e) | fichier: /srv/import/368/Pricing_P61G_20260407195533.txt | 0 lignes formatées | 0 lignes en erreurs | 0 lignes crées | 0 lignes mises à jour | 0 lignes supprimées;368;CASH IVOIRE U SADIGUIBA
pos18;POS 18;2026-04-09T18:57:06.973160+00:00;2fcca082-deea-48b9-a2f2-89d3430bd1f0;2026-04-07T23:27:13.765772;2026-04-07T23:27:13.807963;30;import de données;price_updater;mise à jour de prix;2;succès;interne;Import mise à jour de prix: | fin intégration: (2fcca082-deea-48b9-a2f2-89d3430bd1f0) | fichier: /srv/import/357/Pricing_P61G_20260407195533.txt | 0 lignes formatées | 0 lignes en erreurs | 0 lignes crées | 0 lignes mises à jour | 0 lignes supprimées;357;CASH IVOIRE U REMBLAIS
pos18;POS 18;2026-04-09T18:57:06.973160+00:00;5751d2f6-51d8-4ddc-a809-59812e3b303f;2026-04-07T23:27:13.753676;2026-04-07T23:27:13.795669;30;import de données;price_updater;mise à jour de prix;2;succès;interne;Import mise à jour de prix: | fin intégration: (5751d2f6-51d8-4ddc-a809-59812e3b303f) | fichier: /srv/import/354/Pricing_P61G_20260407195533.txt | 0 lignes formatées | 0 lignes en erreurs | 0 lignes crées | 0 lignes mises à jour | 0 lignes supprimées;354;CASH IVOIRE U TOITS ROUGES
pos18;POS 18;2026-04-09T18:57:06.973160+00:00;962a15c9-fc6d-4c5a-b1ad-ba9d90702623;2026-04-07T23:27:13.743324;2026-04-07T23:27:13.773941;30;import de données;price_updater;mise à jour de prix;2;succès;interne;Import mise à jour de prix: | fin intégration: (962a15c9-fc6d-4c5a-b1ad-ba9d90702623) | fichier: /srv/import/378/Pricing_P61G_20260407195533.txt | 0 lignes formatées | 0 lignes en erreurs | 0 lignes crées | 0 lignes mises à jour | 0 lignes supprimées;378;CASH IVOIRE DJE KONAN
pos18;POS 18;2026-04-09T18:57:06.973160+00:00;468641ac-48e3-4c26-b0b2-ed5ac21179f1;2026-04-07T23:26:13.823295;2026-04-07T23:26:13.857097;30;import de données;price_updater;mise à jour de prix;2;succès;interne;Import mise à jour de prix: | fin intégration: (468641ac-48e3-4c26-b0b2-ed5ac21179f1) | fichier: /srv/import/376/Pricing_P59G_20260407195533.txt | 0 lignes formatées | 0 lignes en erreurs | 0 lignes crées | 0 lignes mises à jour | 0 lignes supprimées;376;CASH IVOIRE U SICOGI ANGRE
pos18;POS 18;2026-04-09T18:57:06.973160+00:00;d6926cc6-147d-426a-be2f-135e5b1d93ae;2026-04-07T23:26:13.807173;2026-04-07T23:26:13.845900;30;import de données;price_updater;mise à jour de prix;2;succès;interne;Import mise à jour de prix: | fin intégration: (d6926cc6-147d-426a-be2f-135e5b1d93ae) | fichier: /srv/import/372/Pricing_P59G_20260407195533.txt | 0 lignes formatées | 0 lignes en erreurs | 0 lignes crées | 0 lignes mises à jour | 0 lignes supprimées;372;CASH IVOIRE U MAROC
pos18;POS 18;2026-04-09T18:57:06.973160+00:00;4d296eab-3fea-4c15-9de6-a0329d2d2eef;2026-04-07T23:26:13.789317;2026-04-07T23:26:13.823608;30;import de données;price_updater;mise à jour de prix;2;succès;interne;Import mise à jour de prix: | fin intégration: (4d296eab-3fea-4c15-9de6-a0329d2d2eef) | fichier: /srv/import/368/Pricing_P59G_20260407195533.txt | 0 lignes formatées | 0 lignes en erreurs | 0 lignes crées | 0 lignes mises à jour | 0 lignes supprimées;368;CASH IVOIRE U SADIGUIBA
pos18;POS 18;2026-04-09T18:57:06.973160+00:00;9a68eb50-e220-464e-b455-4f781f59e928;2026-04-07T23:26:13.762422;2026-04-07T23:26:13.807321;30;import de données;price_updater;mise à jour de prix;2;succès;interne;Import mise à jour de prix: | fin intégration: (9a68eb50-e220-464e-b455-4f781f59e928) | fichier: /srv/import/357/Pricing_P59G_20260407195533.txt | 0 lignes formatées | 0 lignes en erreurs | 0 lignes crées | 0 lignes mises à jour | 0 lignes supprimées;357;CASH IVOIRE U REMBLAIS
pos18;POS 18;2026-04-09T18:57:06.973160+00:00;134f7d53-b577-4294-b0c3-cc5b3c56c6f1;2026-04-07T23:26:13.752019;2026-04-07T23:26:13.793736;30;import de données;price_updater;mise à jour de prix;2;succès;interne;Import mise à jour de prix: | fin intégration: (134f7d53-b577-4294-b0c3-cc5b3c56c6f1) | fichier: /srv/import/354/Pricing_P59G_20260407195533.txt | 0 lignes formatées | 0 lignes en erreurs | 0 lignes crées | 0 lignes mises à jour | 0 lignes supprimées;354;CASH IVOIRE U TOITS ROUGES
pos18;POS 18;2026-04-09T18:57:06.973160+00:00;9959c67b-f301-4a0d-8ed7-1ce337eb3f1f;2026-04-07T23:26:13.743703;2026-04-07T23:26:13.776723;30;import de données;price_updater;mise à jour de prix;2;succès;interne;Import mise à jour de prix: | fin intégration: (9959c67b-f301-4a0d-8ed7-1ce337eb3f1f) | fichier: /srv/import/378/Pricing_P59G_20260407195533.txt | 0 lignes formatées | 0 lignes en erreurs | 0 lignes crées | 0 lignes mises à jour | 0 lignes supprimées;378;CASH IVOIRE DJE KONAN
pos18;POS 18;2026-04-09T18:57:06.973160+00:00;f52f4782-ab32-422d-a94f-7a4a5526b5a7;2026-04-07T23:25:13.812270;2026-04-07T23:25:13.843978;30;import de données;price_updater;mise à jour de prix;2;succès;interne;Import mise à jour de prix: | fin intégration: (f52f4782-ab32-422d-a94f-7a4a5526b5a7) | fichier: /srv/import/376/Pricing_P58G_20260407195532.txt | 0 lignes formatées | 0 lignes en erreurs | 0 lignes crées | 0 lignes mises à jour | 0 lignes supprimées;376;CASH IVOIRE U SICOGI ANGRE
pos18;POS 18;2026-04-09T18:57:06.973160+00:00;28d125b1-86d4-4046-ae37-fc05f7a4c4dd;2026-04-07T23:25:13.800346;2026-04-07T23:25:13.831807;30;import de données;price_updater;mise à jour de prix;2;succès;interne;Import mise à jour de prix: | fin intégration: (28d125b1-86d4-4046-ae37-fc05f7a4c4dd) | fichier: /srv/import/372/Pricing_P58G_20260407195532.txt | 0 lignes formatées | 0 lignes en erreurs | 0 lignes crées | 0 lignes mises à jour | 0 lignes supprimées;372;CASH IVOIRE U MAROC
pos18;POS 18;2026-04-09T18:57:06.973160+00:00;ef40ace1-c518-410d-813a-64e9f272ce36;2026-04-07T23:25:13.783881;2026-04-07T23:25:13.819034;30;import de données;price_updater;mise à jour de prix;2;succès;interne;Import mise à jour de prix: | fin intégration: (ef40ace1-c518-410d-813a-64e9f272ce36) | fichier: /srv/import/368/Pricing_P58G_20260407195532.txt | 0 lignes formatées | 0 lignes en erreurs | 0 lignes crées | 0 lignes mises à jour | 0 lignes supprimées;368;CASH IVOIRE U SADIGUIBA
pos18;POS 18;2026-04-09T18:57:06.973160+00:00;5ed40ea8-acdd-4b90-96d5-76e04a7adc52;2026-04-07T23:25:13.763840;2026-04-07T23:25:13.794507;30;import de données;price_updater;mise à jour de prix;2;succès;interne;Import mise à jour de prix: | fin intégration: (5ed40ea8-acdd-4b90-96d5-76e04a7adc52) | fichier: /srv/import/357/Pricing_P58G_20260407195532.txt | 0 lignes formatées | 0 lignes en erreurs | 0 lignes crées | 0 lignes mises à jour | 0 lignes supprimées;357;CASH IVOIRE U REMBLAIS
pos18;POS 18;2026-04-09T18:57:06.973160+00:00;3169897a-040b-4027-8435-410fa47f4fca;2026-04-07T23:25:13.753317;2026-04-07T23:25:13.784675;30;import de données;price_updater;mise à jour de prix;2;succès;interne;Import mise à jour de prix: | fin intégration: (3169897a-040b-4027-8435-410fa47f4fca) | fichier: /srv/import/354/Pricing_P58G_20260407195532.txt | 0 lignes formatées | 0 lignes en erreurs | 0 lignes crées | 0 lignes mises à jour | 0 lignes supprimées;354;CASH IVOIRE U TOITS ROUGES
pos18;POS 18;2026-04-09T18:57:06.973160+00:00;225c6de9-4b5b-4090-8f4b-74e185c24595;2026-04-07T23:25:13.742179;2026-04-07T23:25:13.782074;30;import de données;price_updater;mise à jour de prix;2;succès;interne;Import mise à jour de prix: | fin intégration: (225c6de9-4b5b-4090-8f4b-74e185c24595) | fichier: /srv/import/378/Pricing_P58G_20260407195532.txt | 0 lignes formatées | 0 lignes en erreurs | 0 lignes crées | 0 lignes mises à jour | 0 lignes supprimées;378;CASH IVOIRE DJE KONAN
pos18;POS 18;2026-04-09T18:57:06.973160+00:00;6256947e-5cff-4f36-9262-c991e42eb300;2026-04-07T23:24:13.785607;2026-04-07T23:24:14.890669;30;import de données;price_updater;mise à jour de prix;0;erreur;interne;Extrait du rapport d'import: | 2026-04-07 23:24:14,703 produit inconnu 100006433 - [['P', '100006433', '3490.00', '', '', '', '']] | 2026-04-07 23:24:14,709 produit inconnu 100738005 - [['P', '100738005', '1290.00', '', '', '', '']] | 2026-04-07 23:24:14,732 fin intégration: (4d2a49a3-8d3d-4633-b37b-7b7b684e8833) | fichier: /srv/import/368/Pricing_FLEC_20260407195528.txt | 20 lignes formatées | 12 lignes en erreurs | 4 lignes crées | 0 lignes mises à jour | 0 lignes supprimées | 2026-04-07 23:24:14,779 produit inconnu 044020801 - [['P', '044020801', '1990.00', '', '', '', '']] | 2026-04-07 23:24:14,786 produit inconnu 100006431 - [['P', '100006431', '1490.00', '', '', '', '']] | 2026-04-07 23:24:14,788 produit inconnu 100006433 - [['P', '100006433', '3490.00', '', '', '', '']] | 2026-04-07 23:24:14,794 produit inconnu 100738005 - [['P', '100738005', '1290.00', '', '', '', '']] | 2026-04-07 23:24:14,821 fin intégration: (6706d97c-6422-430e-a325-17ddd5268b5a) | fichier: /srv/import/372/Pricing_FLEC_20260407195528.txt | 20 lignes formatées | 12 lignes en erreurs | 4 lignes crées | 0 lignes mises à jour | 0 lignes supprimées | 2026-04-07 23:24:14,863 fin intégration: (6256947e-5cff-4f36-9262-c991e42eb300) | fichier: /srv/import/376/Pricing_FLEC_20260407195528.txt | 20 lignes formatées | 12 lignes en erreurs | 4 lignes crées | 0 lignes mises à jour | 0 lignes supprimées;376;CASH IVOIRE U SICOGI ANGRE
pos18;POS 18;2026-04-09T18:57:06.973160+00:00;6706d97c-6422-430e-a325-17ddd5268b5a;2026-04-07T23:24:13.774964;2026-04-07T23:24:14.837969;30;import de données;price_updater;mise à jour de prix;0;erreur;interne;Extrait du rapport d'import: | 2026-04-07 23:24:14,618 produit inconnu 044020801 - [['P', '044020801', '1990.00', '', '', '', '']] | 2026-04-07 23:24:14,624 produit inconnu 045057109 - [['P', '045057109', '', '', '', '', '']] | 2026-04-07 23:24:14,627 produit inconnu 100006431 - [['P', '100006431', '1490.00', '', '', '', '']] | 2026-04-07 23:24:14,630 produit inconnu 100006433 - [['P', '100006433', '3490.00', '', '', '', '']] | 2026-04-07 23:24:14,630 produit inconnu 100006433 - [['P', '100006433', '', '', '', '', '']] | 2026-04-07 23:24:14,640 produit inconnu 100738005 - [['P', '100738005', '1290.00', '', '', '', '']] | 2026-04-07 23:24:14,693 produit inconnu 044020801 - [['P', '044020801', '1990.00', '', '', '', '']] | 2026-04-07 23:24:14,701 produit inconnu 100006431 - [['P', '100006431', '1490.00', '', '', '', '']] | 2026-04-07 23:24:14,703 produit inconnu 100006433 - [['P', '100006433', '3490.00', '', '', '', '']] | 2026-04-07 23:24:14,709 produit inconnu 100738005 - [['P', '100738005', '1290.00', '', '', '', '']] | 2026-04-07 23:24:14,732 fin intégration: (4d2a49a3-8d3d-4633-b37b-7b7b684e8833) | fichier: /srv/import/368/Pricing_FLEC_20260407195528.txt | 20 lignes formatées | 12 lignes en erreurs | 4 lignes crées | 0 lignes mises à jour | 0 lignes supprimées | 2026-04-07 23:24:14,779 produit inconnu 044020801 - [['P', '044020801', '1990.00', '', '', '', '']] | 2026-04-07 23:24:14,786 produit inconnu 100006431 - [['P', '100006431', '1490.00', '', '', '', '']] | 2026-04-07 23:24:14,788 produit inconnu 100006433 - [['P', '100006433', '3490.00', '', '', '', '']] | 2026-04-07 23:24:14,794 produit inconnu 100738005 - [['P', '100738005', '1290.00', '', '', '', '']] | 2026-04-07 23:24:14,821 fin intégration: (6706d97c-6422-430e-a325-17ddd5268b5a) | fichier: /srv/import/372/Pricing_FLEC_20260407195528.txt | 20 lignes formatées | 12 lignes en erreurs | 4 lignes crées | 0 lignes mises à jour | 0 lignes supprimées;372;CASH IVOIRE U MAROC
pos18;POS 18;2026-04-09T18:57:06.973160+00:00;4d2a49a3-8d3d-4633-b37b-7b7b684e8833;2026-04-07T23:24:13.765825;2026-04-07T23:24:14.748186;30;import de données;price_updater;mise à jour de prix;0;erreur;interne;Extrait du rapport d'import: | 2026-04-07 23:24:14,459 produit inconnu 044020801 - [['P', '044020801', '1489.99', '', '', '', '']] | 2026-04-07 23:24:14,466 produit inconnu 100006431 - [['P', '100006431', '1300.00', '', '', '', '']] | 2026-04-07 23:24:14,468 produit inconnu 100006433 - [['P', '100006433', '2500.00', '', '', '', '']] | 2026-04-07 23:24:14,477 produit inconnu 100738005 - [['P', '100738005', '949.99', '', '', '', '']] | 2026-04-07 23:24:14,506 produit inconnu 045057109 - [['P', '045057109', '', '', '', '', '']] | 2026-04-07 23:24:14,512 produit inconnu 100006433 - [['P', '100006433', '', '', '', '', '']] | 2026-04-07 23:24:14,512 produit inconnu 044020801 - [['P', '044020801', '1489.99', '', '', '', '']] | 2026-04-07 23:24:14,520 produit inconnu 100006431 - [['P', '100006431', '1300.00', '', '', '', '']] | 2026-04-07 23:24:14,522 produit inconnu 100006433 - [['P', '100006433', '2500.00', '', '', '', '']] | 2026-04-07 23:24:14,530 produit inconnu 100738005 - [['P', '100738005', '949.99', '', '', '', '']] | 2026-04-07 23:24:14,561 produit inconnu 045057109 - [['P', '045057109', '', '', '', '', '']] | 2026-04-07 23:24:14,566 produit inconnu 100006433 - [['P', '100006433', '', '', '', '', '']] | 2026-04-07 23:24:14,618 produit inconnu 044020801 - [['P', '044020801', '1990.00', '', '', '', '']] | 2026-04-07 23:24:14,624 produit inconnu 045057109 - [['P', '045057109', '', '', '', '', '']] | 2026-04-07 23:24:14,627 produit inconnu 100006431 - [['P', '100006431', '1490.00', '', '', '', '']] | 2026-04-07 23:24:14,630 produit inconnu 100006433 - [['P', '100006433', '3490.00', '', '', '', '']] | 2026-04-07 23:24:14,630 produit inconnu 100006433 - [['P', '100006433', '', '', '', '', '']] | 2026-04-07 23:24:14,640 produit inconnu 100738005 - [['P', '100738005', '1290.00', '', '', '', '']] | 2026-04-07 23:24:14,693 produit inconnu 044020801 - [['P', '044020801', '1990.00', '', '', '', '']] | 2026-04-07 23:24:14,701 produit inconnu 100006431 - [['P', '100006431', '1490.00', '', '', '', '']] | 2026-04-07 23:24:14,703 produit inconnu 100006433 - [['P', '100006433', '3490.00', '', '', '', '']] | 2026-04-07 23:24:14,709 produit inconnu 100738005 - [['P', '100738005', '1290.00', '', '', '', '']] | 2026-04-07 23:24:14,732 fin intégration: (4d2a49a3-8d3d-4633-b37b-7b7b684e8833) | fichier: /srv/import/368/Pricing_FLEC_20260407195528.txt | 20 lignes formatées | 12 lignes en erreurs | 4 lignes crées | 0 lignes mises à jour | 0 lignes supprimées;368;CASH IVOIRE U SADIGUIBA
pos18;POS 18;2026-04-09T18:57:06.973160+00:00;b7e80597-d6a4-4442-af71-96579888a917;2026-04-07T23:24:13.755629;2026-04-07T23:24:14.341817;30;import de données;price_updater;mise à jour de prix;0;erreur;interne;Extrait du rapport d'import: | 2026-04-07 23:24:14,188 produit inconnu 100006433 - [['P', '100006433', '3490.00', '', '', '', '']] | 2026-04-07 23:24:14,194 produit inconnu 100738005 - [['P', '100738005', '1290.00', '', '', '', '']] | 2026-04-07 23:24:14,200 fin intégration: (d7a03e69-f624-4783-8705-ad1b7814ee0f) | fichier: /srv/import/378/Pricing_FLEC_20260407195528.txt | 20 lignes formatées | 12 lignes en erreurs | 4 lignes crées | 0 lignes mises à jour | 0 lignes supprimées | 2026-04-07 23:24:14,250 produit inconnu 045057109 - [['P', '045057109', '1190.00', '', '', '', '']] | 2026-04-07 23:24:14,255 produit inconnu 100006433 - [['P', '100006433', '3383.00', '', '', '', '']] | 2026-04-07 23:24:14,270 fin intégration: (8b147d20-c33e-4d14-b3cf-836ccd3577bc) | fichier: /srv/import/354/Pricing_FLEC_20260407195528.txt | 20 lignes formatées | 12 lignes en erreurs | 4 lignes crées | 0 lignes mises à jour | 0 lignes supprimées | 2026-04-07 23:24:14,303 fin intégration: (b7e80597-d6a4-4442-af71-96579888a917) | fichier: /srv/import/357/Pricing_FLEC_20260407195528.txt | 20 lignes formatées | 12 lignes en erreurs | 4 lignes crées | 0 lignes mises à jour | 0 lignes supprimées | 2026-04-07 23:24:14,333 produit inconnu 045057109 - [['P', '045057109', '1190.00', '', '', '', '']] | 2026-04-07 23:24:14,338 produit inconnu 100006433 - [['P', '100006433', '3383.00', '', '', '', '']];357;CASH IVOIRE U REMBLAIS
pos18;POS 18;2026-04-09T18:57:06.973160+00:00;8b147d20-c33e-4d14-b3cf-836ccd3577bc;2026-04-07T23:24:13.747290;2026-04-07T23:24:14.291107;30;import de données;price_updater;mise à jour de prix;0;erreur;interne;Extrait du rapport d'import: | 2026-04-07 23:24:14,117 produit inconnu 044020801 - [['P', '044020801', '1990.00', '', '', '', '']] | 2026-04-07 23:24:14,124 produit inconnu 100006431 - [['P', '100006431', '1490.00', '', '', '', '']] | 2026-04-07 23:24:14,126 produit inconnu 100006433 - [['P', '100006433', '3490.00', '', '', '', '']] | 2026-04-07 23:24:14,132 produit inconnu 100738005 - [['P', '100738005', '1290.00', '', '', '', '']] | 2026-04-07 23:24:14,157 produit inconnu 044020801 - [['P', '044020801', '1990.00', '', '', '', '']] | 2026-04-07 23:24:14,164 produit inconnu 100006431 - [['P', '100006431', '1490.00', '', '', '', '']] | 2026-04-07 23:24:14,166 produit inconnu 100006433 - [['P', '100006433', '3490.00', '', '', '', '']] | 2026-04-07 23:24:14,173 produit inconnu 100738005 - [['P', '100738005', '1290.00', '', '', '', '']] | 2026-04-07 23:24:14,180 produit inconnu 044020801 - [['P', '044020801', '1990.00', '', '', '', '']] | 2026-04-07 23:24:14,186 produit inconnu 100006431 - [['P', '100006431', '1490.00', '', '', '', '']] | 2026-04-07 23:24:14,188 produit inconnu 100006433 - [['P', '100006433', '3490.00', '', '', '', '']] | 2026-04-07 23:24:14,194 produit inconnu 100738005 - [['P', '100738005', '1290.00', '', '', '', '']] | 2026-04-07 23:24:14,200 fin intégration: (d7a03e69-f624-4783-8705-ad1b7814ee0f) | fichier: /srv/import/378/Pricing_FLEC_20260407195528.txt | 20 lignes formatées | 12 lignes en erreurs | 4 lignes crées | 0 lignes mises à jour | 0 lignes supprimées | 2026-04-07 23:24:14,250 produit inconnu 045057109 - [['P', '045057109', '1190.00', '', '', '', '']] | 2026-04-07 23:24:14,255 produit inconnu 100006433 - [['P', '100006433', '3383.00', '', '', '', '']] | 2026-04-07 23:24:14,270 fin intégration: (8b147d20-c33e-4d14-b3cf-836ccd3577bc) | fichier: /srv/import/354/Pricing_FLEC_20260407195528.txt | 20 lignes formatées | 12 lignes en erreurs | 4 lignes crées | 0 lignes mises à jour | 0 lignes supprimées;354;CASH IVOIRE U TOITS ROUGES
pos18;POS 18;2026-04-09T18:57:06.973160+00:00;d7a03e69-f624-4783-8705-ad1b7814ee0f;2026-04-07T23:24:13.737205;2026-04-07T23:24:14.217241;30;import de données;price_updater;mise à jour de prix;0;erreur;interne;Extrait du rapport d'import: | 2026-04-07 23:24:13,976 produit inconnu 044020801 - [['P', '044020801', '1489.99', '', '', '', '']] | 2026-04-07 23:24:13,982 produit inconnu 100006431 - [['P', '100006431', '1300.00', '', '', '', '']] | 2026-04-07 23:24:13,984 produit inconnu 100006433 - [['P', '100006433', '2500.00', '', '', '', '']] | 2026-04-07 23:24:13,990 produit inconnu 100738005 - [['P', '100738005', '949.99', '', '', '', '']] | 2026-04-07 23:24:14,002 produit inconnu 045057109 - [['P', '045057109', '', '', '', '', '']] | 2026-04-07 23:24:14,009 produit inconnu 100006433 - [['P', '100006433', '', '', '', '', '']] | 2026-04-07 23:24:14,049 produit inconnu 045057109 - [['P', '045057109', '', '', '', '', '']] | 2026-04-07 23:24:14,053 produit inconnu 100006433 - [['P', '100006433', '', '', '', '', '']] | 2026-04-07 23:24:14,070 produit inconnu 045057109 - [['P', '045057109', '', '', '', '', '']] | 2026-04-07 23:24:14,074 produit inconnu 100006433 - [['P', '100006433', '', '', '', '', '']] | 2026-04-07 23:24:14,117 produit inconnu 044020801 - [['P', '044020801', '1990.00', '', '', '', '']] | 2026-04-07 23:24:14,124 produit inconnu 100006431 - [['P', '100006431', '1490.00', '', '', '', '']] | 2026-04-07 23:24:14,126 produit inconnu 100006433 - [['P', '100006433', '3490.00', '', '', '', '']] | 2026-04-07 23:24:14,132 produit inconnu 100738005 - [['P', '100738005', '1290.00', '', '', '', '']] | 2026-04-07 23:24:14,157 produit inconnu 044020801 - [['P', '044020801', '1990.00', '', '', '', '']] | 2026-04-07 23:24:14,164 produit inconnu 100006431 - [['P', '100006431', '1490.00', '', '', '', '']] | 2026-04-07 23:24:14,166 produit inconnu 100006433 - [['P', '100006433', '3490.00', '', '', '', '']] | 2026-04-07 23:24:14,173 produit inconnu 100738005 - [['P', '100738005', '1290.00', '', '', '', '']] | 2026-04-07 23:24:14,180 produit inconnu 044020801 - [['P', '044020801', '1990.00', '', '', '', '']] | 2026-04-07 23:24:14,186 produit inconnu 100006431 - [['P', '100006431', '1490.00', '', '', '', '']] | 2026-04-07 23:24:14,188 produit inconnu 100006433 - [['P', '100006433', '3490.00', '', '', '', '']] | 2026-04-07 23:24:14,194 produit inconnu 100738005 - [['P', '100738005', '1290.00', '', '', '', '']] | 2026-04-07 23:24:14,200 fin intégration: (d7a03e69-f624-4783-8705-ad1b7814ee0f) | fichier: /srv/import/378/Pricing_FLEC_20260407195528.txt | 20 lignes formatées | 12 lignes en erreurs | 4 lignes crées | 0 lignes mises à jour | 0 lignes supprimées;378;CASH IVOIRE DJE KONAN
pos18;POS 18;2026-04-09T18:57:06.973160+00:00;4b437216-5af2-44ca-bdb0-a9bae31ec7b2;2026-04-07T23:23:13.809321;2026-04-07T23:23:13.841964;30;import de données;price_updater;mise à jour de prix;2;succès;interne;Import mise à jour de prix: | fin intégration: (4b437216-5af2-44ca-bdb0-a9bae31ec7b2) | fichier: /srv/import/376/Pricing_CMB9_20260407195528.txt | 0 lignes formatées | 0 lignes en erreurs | 0 lignes crées | 0 lignes mises à jour | 0 lignes supprimées;376;CASH IVOIRE U SICOGI ANGRE
pos18;POS 18;2026-04-09T18:57:06.973160+00:00;ddea69b5-071c-4d30-bbfc-9f95e30418ab;2026-04-07T23:23:13.799100;2026-04-07T23:23:13.834596;30;import de données;price_updater;mise à jour de prix;2;succès;interne;Import mise à jour de prix: | fin intégration: (ddea69b5-071c-4d30-bbfc-9f95e30418ab) | fichier: /srv/import/372/Pricing_CMB9_20260407195528.txt | 0 lignes formatées | 0 lignes en erreurs | 0 lignes crées | 0 lignes mises à jour | 0 lignes supprimées;372;CASH IVOIRE U MAROC
pos18;POS 18;2026-04-09T18:57:06.973160+00:00;e0c801d4-5317-46cf-8b83-0d731bd73037;2026-04-07T23:23:13.790079;2026-04-07T23:23:13.822910;30;import de données;price_updater;mise à jour de prix;2;succès;interne;Import mise à jour de prix: | fin intégration: (e0c801d4-5317-46cf-8b83-0d731bd73037) | fichier: /srv/import/368/Pricing_CMB9_20260407195528.txt | 0 lignes formatées | 0 lignes en erreurs | 0 lignes crées | 0 lignes mises à jour | 0 lignes supprimées;368;CASH IVOIRE U SADIGUIBA
pos18;POS 18;2026-04-09T18:57:06.973160+00:00;047c9f49-482c-403e-9b5a-c4d5f2b5f9b3;2026-04-07T23:23:13.778807;2026-04-07T23:23:13.817466;30;import de données;price_updater;mise à jour de prix;2;succès;interne;Import mise à jour de prix: | fin intégration: (047c9f49-482c-403e-9b5a-c4d5f2b5f9b3) | fichier: /srv/import/357/Pricing_CMB9_20260407195528.txt | 0 lignes formatées | 0 lignes en erreurs | 0 lignes crées | 0 lignes mises à jour | 0 lignes supprimées;357;CASH IVOIRE U REMBLAIS
pos18;POS 18;2026-04-09T18:57:06.973160+00:00;055a66c7-6847-4bff-b257-b339e70d98ce;2026-04-07T23:23:13.738476;2026-04-07T23:23:13.779791;30;import de données;price_updater;mise à jour de prix;2;succès;interne;Import mise à jour de prix: | fin intégration: (055a66c7-6847-4bff-b257-b339e70d98ce) | fichier: /srv/import/378/Pricing_CMB9_20260407195528.txt | 0 lignes formatées | 0 lignes en erreurs | 0 lignes crées | 0 lignes mises à jour | 0 lignes supprimées;378;CASH IVOIRE DJE KONAN
pos18;POS 18;2026-04-09T18:57:06.973160+00:00;ddf8d57c-c18b-44e8-86c5-18ed586152ef;2026-04-07T23:23:13.749144;2026-04-07T23:23:13.779730;30;import de données;price_updater;mise à jour de prix;2;succès;interne;Import mise à jour de prix: | fin intégration: (ddf8d57c-c18b-44e8-86c5-18ed586152ef) | fichier: /srv/import/354/Pricing_CMB9_20260407195528.txt | 0 lignes formatées | 0 lignes en erreurs | 0 lignes crées | 0 lignes mises à jour | 0 lignes supprimées;354;CASH IVOIRE U TOITS ROUGES
pos18;POS 18;2026-04-09T18:57:06.973160+00:00;f924e6ad-312e-4736-b05c-074c89059cbf;2026-04-07T23:22:13.812477;2026-04-07T23:22:13.841350;30;import de données;price_updater;mise à jour de prix;2;succès;interne;Import mise à jour de prix: | fin intégration: (f924e6ad-312e-4736-b05c-074c89059cbf) | fichier: /srv/import/376/Pricing_0267_20260407195535.txt | 0 lignes formatées | 0 lignes en erreurs | 0 lignes crées | 0 lignes mises à jour | 0 lignes supprimées;376;CASH IVOIRE U SICOGI ANGRE
pos18;POS 18;2026-04-09T18:57:06.973160+00:00;c2414464-5724-4a07-8577-5e327688e327;2026-04-07T23:22:13.798892;2026-04-07T23:22:13.831325;30;import de données;price_updater;mise à jour de prix;2;succès;interne;Import mise à jour de prix: | fin intégration: (c2414464-5724-4a07-8577-5e327688e327) | fichier: /srv/import/372/Pricing_0267_20260407195535.txt | 0 lignes formatées | 0 lignes en erreurs | 0 lignes crées | 0 lignes mises à jour | 0 lignes supprimées;372;CASH IVOIRE U MAROC
pos18;POS 18;2026-04-09T18:57:06.973160+00:00;ba5e87f7-de51-4be6-b818-c3e77fc51a41;2026-04-07T23:22:13.776544;2026-04-07T23:22:13.817076;30;import de données;price_updater;mise à jour de prix;2;succès;interne;Import mise à jour de prix: | fin intégration: (ba5e87f7-de51-4be6-b818-c3e77fc51a41) | fichier: /srv/import/368/Pricing_0267_20260407195535.txt | 0 lignes formatées | 0 lignes en erreurs | 0 lignes crées | 0 lignes mises à jour | 0 lignes supprimées;368;CASH IVOIRE U SADIGUIBA
pos18;POS 18;2026-04-09T18:57:06.973160+00:00;96fd16fc-3cb5-42ee-b7dd-ed453a77e951;2026-04-07T23:22:13.751081;2026-04-07T23:22:13.794825;30;import de données;price_updater;mise à jour de prix;2;succès;interne;Import mise à jour de prix: | fin intégration: (96fd16fc-3cb5-42ee-b7dd-ed453a77e951) | fichier: /srv/import/354/Pricing_0267_20260407195535.txt | 0 lignes formatées | 0 lignes en erreurs | 0 lignes crées | 0 lignes mises à jour | 0 lignes supprimées;354;CASH IVOIRE U TOITS ROUGES
pos18;POS 18;2026-04-09T18:57:06.973160+00:00;02d03370-0e8e-4832-a583-e4421233c43b;2026-04-07T23:22:13.762469;2026-04-07T23:22:13.792230;30;import de données;price_updater;mise à jour de prix;2;succès;interne;Import mise à jour de prix: | fin intégration: (02d03370-0e8e-4832-a583-e4421233c43b) | fichier: /srv/import/357/Pricing_0267_20260407195535.txt | 0 lignes formatées | 0 lignes en erreurs | 0 lignes crées | 0 lignes mises à jour | 0 lignes supprimées;357;CASH IVOIRE U REMBLAIS
pos18;POS 18;2026-04-09T18:57:06.973160+00:00;c9329b94-10b0-48ee-825a-0496d90dfcb9;2026-04-07T23:22:13.739134;2026-04-07T23:22:13.778866;30;import de données;price_updater;mise à jour de prix;2;succès;interne;Import mise à jour de prix: | fin intégration: (c9329b94-10b0-48ee-825a-0496d90dfcb9) | fichier: /srv/import/378/Pricing_0267_20260407195535.txt | 0 lignes formatées | 0 lignes en erreurs | 0 lignes crées | 0 lignes mises à jour | 0 lignes supprimées;378;CASH IVOIRE DJE KONAN
pos18;POS 18;2026-04-09T18:57:06.973160+00:00;f5eb40a3-0176-4de0-81d7-277db85e9ac2;2026-04-07T23:21:13.792645;2026-04-07T23:21:13.822546;30;import de données;price_updater;mise à jour de prix;2;succès;interne;Import mise à jour de prix: | fin intégration: (f5eb40a3-0176-4de0-81d7-277db85e9ac2) | fichier: /srv/import/376/Pricing_0266_20260407195535.txt | 0 lignes formatées | 0 lignes en erreurs | 0 lignes crées | 0 lignes mises à jour | 0 lignes supprimées;376;CASH IVOIRE U SICOGI ANGRE
pos18;POS 18;2026-04-09T18:57:06.973160+00:00;814a0e6c-8c4e-4a27-9f1d-de63352b2ce1;2026-04-07T23:21:13.779390;2026-04-07T23:21:13.818257;30;import de données;price_updater;mise à jour de prix;2;succès;interne;Import mise à jour de prix: | fin intégration: (814a0e6c-8c4e-4a27-9f1d-de63352b2ce1) | fichier: /srv/import/372/Pricing_0266_20260407195535.txt | 0 lignes formatées | 0 lignes en erreurs | 0 lignes crées | 0 lignes mises à jour | 0 lignes supprimées;372;CASH IVOIRE U MAROC
pos18;POS 18;2026-04-09T18:57:06.973160+00:00;6dd3aaab-b786-423f-bd01-f33a68ae643b;2026-04-07T23:21:13.765097;2026-04-07T23:21:13.810986;30;import de données;price_updater;mise à jour de prix;2;succès;interne;Import mise à jour de prix: | fin intégration: (6dd3aaab-b786-423f-bd01-f33a68ae643b) | fichier: /srv/import/368/Pricing_0266_20260407195535.txt | 0 lignes formatées | 0 lignes en erreurs | 0 lignes crées | 0 lignes mises à jour | 0 lignes supprimées;368;CASH IVOIRE U SADIGUIBA
pos18;POS 18;2026-04-09T18:57:06.973160+00:00;30080cdb-c3ed-4c19-a34b-43181116337a;2026-04-07T23:21:13.751934;2026-04-07T23:21:13.784477;30;import de données;price_updater;mise à jour de prix;2;succès;interne;Import mise à jour de prix: | fin intégration: (30080cdb-c3ed-4c19-a34b-43181116337a) | fichier: /srv/import/357/Pricing_0266_20260407195535.txt | 0 lignes formatées | 0 lignes en erreurs | 0 lignes crées | 0 lignes mises à jour | 0 lignes supprimées;357;CASH IVOIRE U REMBLAIS
pos18;POS 18;2026-04-09T18:57:06.973160+00:00;61864448-1b6a-4ccf-a676-f3d7dc510eb8;2026-04-07T23:21:13.738914;2026-04-07T23:21:13.773355;30;import de données;price_updater;mise à jour de prix;2;succès;interne;Import mise à jour de prix: | fin intégration: (61864448-1b6a-4ccf-a676-f3d7dc510eb8) | fichier: /srv/import/354/Pricing_0266_20260407195535.txt | 0 lignes formatées | 0 lignes en erreurs | 0 lignes crées | 0 lignes mises à jour | 0 lignes supprimées;354;CASH IVOIRE U TOITS ROUGES
pos18;POS 18;2026-04-09T18:57:06.973160+00:00;b311fef1-1990-4b5b-b62b-21f0c6ef6389;2026-04-07T23:21:13.727034;2026-04-07T23:21:13.759331;30;import de données;price_updater;mise à jour de prix;2;succès;interne;Import mise à jour de prix: | fin intégration: (b311fef1-1990-4b5b-b62b-21f0c6ef6389) | fichier: /srv/import/378/Pricing_0266_20260407195535.txt | 0 lignes formatées | 0 lignes en erreurs | 0 lignes crées | 0 lignes mises à jour | 0 lignes supprimées;378;CASH IVOIRE DJE KONAN
pos18;POS 18;2026-04-09T18:57:06.973160+00:00;5368eebe-dde1-4c71-a784-6095ca26d385;2026-04-07T23:20:13.789902;2026-04-07T23:20:14.020630;30;import de données;price_updater;mise à jour de prix;0;erreur;interne;Extrait du rapport d'import: | 2026-04-07 23:20:13,885 fin intégration: (e531d298-c3be-4aec-bffb-c7c37437a491) | fichier: /srv/import/357/Pricing_0263_20260407195534.txt | 0 lignes formatées | 6 lignes en erreurs | 2 lignes crées | 0 lignes mises à jour | 0 lignes supprimées | 2026-04-07 23:20:13,892 fin intégration: (390c9ee3-732c-4b11-ad11-85cd94d2b048) | fichier: /srv/import/372/Pricing_0263_20260407195534.txt | 0 lignes formatées | 6 lignes en erreurs | 2 lignes crées | 0 lignes mises à jour | 0 lignes supprimées | 2026-04-07 23:20:13,938 produit inconnu 100250247 - [['P', '100250247', '4104.00', '', '', '', '']] | 2026-04-07 23:20:13,943 produit inconnu 100593462 - [['P', '100593462', '3356.00', '', '', '', '']] | 2026-04-07 23:20:13,946 produit inconnu 100664258 - [['P', '100664258', '4241.00', '', '', '', '']] | 2026-04-07 23:20:13,972 produit inconnu 100250247 - [['P', '100250247', '', '', '', '', '']] | 2026-04-07 23:20:13,975 produit inconnu 100593462 - [['P', '100593462', '', '', '', '', '']] | 2026-04-07 23:20:13,977 produit inconnu 100664258 - [['P', '100664258', '', '', '', '', '']] | 2026-04-07 23:20:14,002 fin intégration: (5368eebe-dde1-4c71-a784-6095ca26d385) | fichier: /srv/import/376/Pricing_0263_20260407195534.txt | 0 lignes formatées | 6 lignes en erreurs | 2 lignes crées | 0 lignes mises à jour | 0 lignes supprimées;376;CASH IVOIRE U SICOGI ANGRE
pos18;POS 18;2026-04-09T18:57:06.973160+00:00;390c9ee3-732c-4b11-ad11-85cd94d2b048;2026-04-07T23:20:13.772779;2026-04-07T23:20:13.910155;30;import de données;price_updater;mise à jour de prix;0;erreur;interne;Extrait du rapport d'import: | 0 lignes formatées | 6 lignes en erreurs | 2 lignes crées | 0 lignes mises à jour | 0 lignes supprimées | 2026-04-07 23:20:13,879 fin intégration: (4258932f-ae48-4f46-8da2-466d6b567658) | fichier: /srv/import/368/Pricing_0263_20260407195534.txt | 0 lignes formatées | 6 lignes en erreurs | 2 lignes crées | 0 lignes mises à jour | 0 lignes supprimées | 2026-04-07 23:20:13,885 fin intégration: (e531d298-c3be-4aec-bffb-c7c37437a491) | fichier: /srv/import/357/Pricing_0263_20260407195534.txt | 0 lignes formatées | 6 lignes en erreurs | 2 lignes crées | 0 lignes mises à jour | 0 lignes supprimées | 2026-04-07 23:20:13,892 fin intégration: (390c9ee3-732c-4b11-ad11-85cd94d2b048) | fichier: /srv/import/372/Pricing_0263_20260407195534.txt | 0 lignes formatées | 6 lignes en erreurs | 2 lignes crées | 0 lignes mises à jour | 0 lignes supprimées;372;CASH IVOIRE U MAROC
pos18;POS 18;2026-04-09T18:57:06.973160+00:00;4258932f-ae48-4f46-8da2-466d6b567658;2026-04-07T23:20:13.760129;2026-04-07T23:20:13.909588;30;import de données;price_updater;mise à jour de prix;0;erreur;interne;Extrait du rapport d'import: | 0 lignes formatées | 6 lignes en erreurs | 2 lignes crées | 0 lignes mises à jour | 0 lignes supprimées | 2026-04-07 23:20:13,879 fin intégration: (4258932f-ae48-4f46-8da2-466d6b567658) | fichier: /srv/import/368/Pricing_0263_20260407195534.txt | 0 lignes formatées | 6 lignes en erreurs | 2 lignes crées | 0 lignes mises à jour | 0 lignes supprimées | 2026-04-07 23:20:13,885 fin intégration: (e531d298-c3be-4aec-bffb-c7c37437a491) | fichier: /srv/import/357/Pricing_0263_20260407195534.txt | 0 lignes formatées | 6 lignes en erreurs | 2 lignes crées | 0 lignes mises à jour | 0 lignes supprimées | 2026-04-07 23:20:13,892 fin intégration: (390c9ee3-732c-4b11-ad11-85cd94d2b048) | fichier: /srv/import/372/Pricing_0263_20260407195534.txt | 0 lignes formatées | 6 lignes en erreurs | 2 lignes crées | 0 lignes mises à jour | 0 lignes supprimées;368;CASH IVOIRE U SADIGUIBA
pos18;POS 18;2026-04-09T18:57:06.973160+00:00;6f068456-f162-4bd0-810b-54f039031e25;2026-04-07T23:20:13.737513;2026-04-07T23:20:13.909383;30;import de données;price_updater;mise à jour de prix;0;erreur;interne;Extrait du rapport d'import: | 0 lignes formatées | 6 lignes en erreurs | 2 lignes crées | 0 lignes mises à jour | 0 lignes supprimées | 2026-04-07 23:20:13,879 fin intégration: (4258932f-ae48-4f46-8da2-466d6b567658) | fichier: /srv/import/368/Pricing_0263_20260407195534.txt | 0 lignes formatées | 6 lignes en erreurs | 2 lignes crées | 0 lignes mises à jour | 0 lignes supprimées | 2026-04-07 23:20:13,885 fin intégration: (e531d298-c3be-4aec-bffb-c7c37437a491) | fichier: /srv/import/357/Pricing_0263_20260407195534.txt | 0 lignes formatées | 6 lignes en erreurs | 2 lignes crées | 0 lignes mises à jour | 0 lignes supprimées | 2026-04-07 23:20:13,892 fin intégration: (390c9ee3-732c-4b11-ad11-85cd94d2b048) | fichier: /srv/import/372/Pricing_0263_20260407195534.txt | 0 lignes formatées | 6 lignes en erreurs | 2 lignes crées | 0 lignes mises à jour | 0 lignes supprimées;354;CASH IVOIRE U TOITS ROUGES
pos18;POS 18;2026-04-09T18:57:06.973160+00:00;e531d298-c3be-4aec-bffb-c7c37437a491;2026-04-07T23:20:13.747103;2026-04-07T23:20:13.906170;30;import de données;price_updater;mise à jour de prix;0;erreur;interne;Extrait du rapport d'import: | 0 lignes formatées | 6 lignes en erreurs | 2 lignes crées | 0 lignes mises à jour | 0 lignes supprimées | 2026-04-07 23:20:13,879 fin intégration: (4258932f-ae48-4f46-8da2-466d6b567658) | fichier: /srv/import/368/Pricing_0263_20260407195534.txt | 0 lignes formatées | 6 lignes en erreurs | 2 lignes crées | 0 lignes mises à jour | 0 lignes supprimées | 2026-04-07 23:20:13,885 fin intégration: (e531d298-c3be-4aec-bffb-c7c37437a491) | fichier: /srv/import/357/Pricing_0263_20260407195534.txt | 0 lignes formatées | 6 lignes en erreurs | 2 lignes crées | 0 lignes mises à jour | 0 lignes supprimées | 2026-04-07 23:20:13,892 fin intégration: (390c9ee3-732c-4b11-ad11-85cd94d2b048) | fichier: /srv/import/372/Pricing_0263_20260407195534.txt | 0 lignes formatées | 6 lignes en erreurs | 2 lignes crées | 0 lignes mises à jour | 0 lignes supprimées;357;CASH IVOIRE U REMBLAIS
pos18;POS 18;2026-04-09T18:57:06.973160+00:00;640c24ea-85d1-466e-adaf-a12329c65000;2026-04-07T23:20:13.727431;2026-04-07T23:20:13.771762;30;import de données;price_updater;mise à jour de prix;2;succès;interne;Import mise à jour de prix: | fin intégration: (640c24ea-85d1-466e-adaf-a12329c65000) | fichier: /srv/import/378/Pricing_0263_20260407195534.txt | 0 lignes formatées | 0 lignes en erreurs | 0 lignes crées | 0 lignes mises à jour | 0 lignes supprimées;378;CASH IVOIRE DJE KONAN
pos18;POS 18;2026-04-09T18:57:06.973160+00:00;3fac4cd9-5819-4090-9a1d-c983152ef0b5;2026-04-07T23:19:13.793631;2026-04-07T23:19:35.518782;30;import de données;price_updater;mise à jour de prix;2;succès;interne;Import mise à jour de prix: | fin intégration: (3fac4cd9-5819-4090-9a1d-c983152ef0b5) | fichier: /srv/import/376/420_pricing_20260407195526.csv | 642 lignes formatées | 0 lignes en erreurs | 4 lignes crées | 0 lignes mises à jour | 0 lignes supprimées;376;CASH IVOIRE U SICOGI ANGRE
pos18;POS 18;2026-04-09T18:57:06.973160+00:00;70358723-37a0-4606-a504-3f74d55eaa24;2026-04-07T23:19:13.779796;2026-04-07T23:19:35.481331;30;import de données;price_updater;mise à jour de prix;2;succès;interne;Import mise à jour de prix: | fin intégration: (70358723-37a0-4606-a504-3f74d55eaa24) | fichier: /srv/import/372/420_pricing_20260407195526.csv | 642 lignes formatées | 0 lignes en erreurs | 4 lignes crées | 0 lignes mises à jour | 0 lignes supprimées;372;CASH IVOIRE U MAROC
pos18;POS 18;2026-04-09T18:57:06.973160+00:00;7b2cdaaa-10f1-4706-9f6d-5773c3fde767;2026-04-07T23:19:13.766634;2026-04-07T23:19:26.828087;30;import de données;price_updater;mise à jour de prix;2;succès;interne;Import mise à jour de prix: | fin intégration: (7b2cdaaa-10f1-4706-9f6d-5773c3fde767) | fichier: /srv/import/368/420_pricing_20260407195526.csv | 642 lignes formatées | 0 lignes en erreurs | 4 lignes crées | 0 lignes mises à jour | 0 lignes supprimées;368;CASH IVOIRE U SADIGUIBA
pos18;POS 18;2026-04-09T18:57:06.973160+00:00;5b64189f-5fc4-4b9a-87cb-aab2a19d07db;2026-04-07T23:19:13.752716;2026-04-07T23:19:25.260340;30;import de données;price_updater;mise à jour de prix;2;succès;interne;Import mise à jour de prix: | fin intégration: (5b64189f-5fc4-4b9a-87cb-aab2a19d07db) | fichier: /srv/import/357/420_pricing_20260407195526.csv | 642 lignes formatées | 0 lignes en erreurs | 4 lignes crées | 0 lignes mises à jour | 0 lignes supprimées;357;CASH IVOIRE U REMBLAIS
pos18;POS 18;2026-04-09T18:57:06.973160+00:00;1255d1c9-d6ca-46a7-9fa1-2b62a8d9b66b;2026-04-07T23:19:13.740673;2026-04-07T23:19:25.049189;30;import de données;price_updater;mise à jour de prix;2;succès;interne;Import mise à jour de prix: | fin intégration: (1255d1c9-d6ca-46a7-9fa1-2b62a8d9b66b) | fichier: /srv/import/354/420_pricing_20260407195526.csv | 642 lignes formatées | 0 lignes en erreurs | 4 lignes crées | 0 lignes mises à jour | 0 lignes supprimées;354;CASH IVOIRE U TOITS ROUGES
pos18;POS 18;2026-04-09T18:57:06.973160+00:00;00eccedb-00a6-4b3e-95f6-ac06ad4817b6;2026-04-07T23:19:13.724822;2026-04-07T23:19:25.040885;30;import de données;price_updater;mise à jour de prix;2;succès;interne;Import mise à jour de prix: | fin intégration: (00eccedb-00a6-4b3e-95f6-ac06ad4817b6) | fichier: /srv/import/378/420_pricing_20260407195526.csv | 642 lignes formatées | 0 lignes en erreurs | 4 lignes crées | 0 lignes mises à jour | 0 lignes supprimées;378;CASH IVOIRE DJE KONAN
pos18;POS 18;2026-04-09T18:57:06.973160+00:00;fa94a4cb-80b9-4dc3-8b57-23cfaca7847d;2026-04-07T23:18:13.777343;2026-04-07T23:18:13.816994;30;import de données;price_updater;mise à jour de prix;2;succès;interne;Import mise à jour de prix: | fin intégration: (fa94a4cb-80b9-4dc3-8b57-23cfaca7847d) | fichier: /srv/import/376/999_pricing_20260407195244.csv | 0 lignes formatées | 0 lignes en erreurs | 0 lignes crées | 0 lignes mises à jour | 0 lignes supprimées;376;CASH IVOIRE U SICOGI ANGRE
pos18;POS 18;2026-04-09T18:57:06.973160+00:00;f4cb7afd-3aa5-4636-bd23-db39fea6a04d;2026-04-07T23:18:13.765005;2026-04-07T23:18:13.798455;30;import de données;price_updater;mise à jour de prix;2;succès;interne;Import mise à jour de prix: | fin intégration: (f4cb7afd-3aa5-4636-bd23-db39fea6a04d) | fichier: /srv/import/372/999_pricing_20260407195244.csv | 0 lignes formatées | 0 lignes en erreurs | 0 lignes crées | 0 lignes mises à jour | 0 lignes supprimées;372;CASH IVOIRE U MAROC
pos18;POS 18;2026-04-09T18:57:06.973160+00:00;6b3d7e8d-7ebb-40f8-bc1b-58de5ff4d50b;2026-04-07T23:18:13.751189;2026-04-07T23:18:13.789181;30;import de données;price_updater;mise à jour de prix;2;succès;interne;Import mise à jour de prix: | fin intégration: (6b3d7e8d-7ebb-40f8-bc1b-58de5ff4d50b) | fichier: /srv/import/368/999_pricing_20260407195244.csv | 0 lignes formatées | 0 lignes en erreurs | 0 lignes crées | 0 lignes mises à jour | 0 lignes supprimées;368;CASH IVOIRE U SADIGUIBA
pos18;POS 18;2026-04-09T18:57:06.973160+00:00;1cb48ff3-415f-48d0-bac8-81b01a228444;2026-04-07T23:18:13.739246;2026-04-07T23:18:13.768363;30;import de données;price_updater;mise à jour de prix;2;succès;interne;Import mise à jour de prix: | fin intégration: (1cb48ff3-415f-48d0-bac8-81b01a228444) | fichier: /srv/import/357/999_pricing_20260407195244.csv | 0 lignes formatées | 0 lignes en erreurs | 0 lignes crées | 0 lignes mises à jour | 0 lignes supprimées;357;CASH IVOIRE U REMBLAIS
pos18;POS 18;2026-04-09T18:57:06.973160+00:00;7a42bd4f-f80b-4f61-8983-1cb0f72a6def;2026-04-07T23:18:13.724733;2026-04-07T23:18:13.753904;30;import de données;price_updater;mise à jour de prix;2;succès;interne;Import mise à jour de prix: | fin intégration: (7a42bd4f-f80b-4f61-8983-1cb0f72a6def) | fichier: /srv/import/354/999_pricing_20260407195244.csv | 0 lignes formatées | 0 lignes en erreurs | 0 lignes crées | 0 lignes mises à jour | 0 lignes supprimées;354;CASH IVOIRE U TOITS ROUGES
pos18;POS 18;2026-04-09T18:57:06.973160+00:00;dbb69db9-0174-46b6-8fe2-0c4aace5b216;2026-04-07T23:18:13.714717;2026-04-07T23:18:13.746566;30;import de données;price_updater;mise à jour de prix;2;succès;interne;Import mise à jour de prix: | fin intégration: (dbb69db9-0174-46b6-8fe2-0c4aace5b216) | fichier: /srv/import/378/999_pricing_20260407195244.csv | 0 lignes formatées | 0 lignes en erreurs | 0 lignes crées | 0 lignes mises à jour | 0 lignes supprimées;378;CASH IVOIRE DJE KONAN
pos18;POS 18;2026-04-09T18:57:06.973160+00:00;a06b45ab-d6aa-4556-b5f5-75d06e8a17fb;2026-04-07T23:17:13.832133;2026-04-07T23:18:06.677222;30;import de données;product_suppliers;affectation des fournisseurs aux articles;2;succès;interne;Import affectation des fournisseurs aux articles: | fin intégration: (a06b45ab-d6aa-4556-b5f5-75d06e8a17fb) | fichier: /srv/import/376/420_productssuppliers_20260407195524.csv | 179 lignes formatées | 0 lignes en erreurs | 0 lignes crées | 179 lignes mises à jour | 0 lignes supprimées;376;CASH IVOIRE U SICOGI ANGRE
pos18;POS 18;2026-04-09T18:57:06.973160+00:00;b6f2642d-dda6-4eec-85ca-eb8d6a1ab9d0;2026-04-07T23:17:13.747213;2026-04-07T23:17:53.876182;30;import de données;product_suppliers;affectation des fournisseurs aux articles;2;succès;interne;Import affectation des fournisseurs aux articles: | fin intégration: (b6f2642d-dda6-4eec-85ca-eb8d6a1ab9d0) | fichier: /srv/import/354/420_productssuppliers_20260407195524.csv | 179 lignes formatées | 0 lignes en erreurs | 0 lignes crées | 179 lignes mises à jour | 0 lignes supprimées;354;CASH IVOIRE U TOITS ROUGES
pos18;POS 18;2026-04-09T18:57:06.973160+00:00;3c689664-ed70-4939-87d9-89c2869026c4;2026-04-07T23:17:13.780172;2026-04-07T23:17:53.828618;30;import de données;product_suppliers;affectation des fournisseurs aux articles;2;succès;interne;Import affectation des fournisseurs aux articles: | fin intégration: (3c689664-ed70-4939-87d9-89c2869026c4) | fichier: /srv/import/368/420_productssuppliers_20260407195524.csv | 179 lignes formatées | 0 lignes en erreurs | 0 lignes crées | 179 lignes mises à jour | 0 lignes supprimées;368;CASH IVOIRE U SADIGUIBA
pos18;POS 18;2026-04-09T18:57:06.973160+00:00;70d9b961-7004-4701-8133-300e59caf63e;2026-04-07T23:17:13.814362;2026-04-07T23:17:42.542819;30;import de données;product_suppliers;affectation des fournisseurs aux articles;0;erreur;interne;"Extrait du rapport d'import: | 2026-04-07 23:17:40,090 {'suppliers': [ErrorDetail(string='Erreur association avec un magasin différent', code='invalid')]} - [100665332;006544;3075.00;NEG002542;1] | 2026-04-07 23:17:40,133 {'suppliers': [ErrorDetail(string='Erreur association avec un magasin différent', code='invalid')]} - [100675989;006544;4700.00;NEG002540;1] | 2026-04-07 23:17:40,175 {'suppliers': [ErrorDetail(string='Erreur association avec un magasin différent', code='invalid')]} - [100678835;003080;419.81;100678835;0] | 2026-04-07 23:17:40,216 {'suppliers': [ErrorDetail(string='Erreur association avec un magasin différent', code='invalid')]} - [100678836;003080;649.40;100678836;0] | 2026-04-07 23:17:40,471 {'suppliers': [ErrorDetail(string='Erreur association avec un magasin différent', code='invalid')]} - [100684264;003821;690.00;100684264;0] | 2026-04-07 23:17:40,499 {'suppliers': [ErrorDetail(string='Erreur association avec un magasin différent', code='invalid')]} - [100688294;002533;127.12;100688294;0] | 2026-04-07 23:17:40,709 {'suppliers': [ErrorDetail(string='Erreur association avec un magasin différent', code='invalid')]} - [100697073;001567;1252.88;331-00;0] | 2026-04-07 23:17:40,735 {'suppliers': [ErrorDetail(string='Erreur association avec un magasin différent', code='invalid')]} - [100698196;000978;911.78;7598633;0] | 2026-04-07 23:17:40,759 {'suppliers': [ErrorDetail(string='Erreur association avec un magasin différent', code='invalid')]} - [100701032;005212;354.22;11200-011;0] | 2026-04-07 23:17:40,784 {'suppliers': [ErrorDetail(string='Erreur association avec un magasin différent', code='invalid')]} - [100701034;005212;424.40;13825-006;0] | 2026-04-07 23:17:40,806 {'suppliers': [ErrorDetail(string='Erreur association avec un magasin différent', code='invalid')]} - [100701037;005212;354.22;11201-011;0] | 2026-04-07 23:17:41,169 {'suppliers': [ErrorDetail(string='Erreur association avec un magasin différent', code='invalid')]} - [100704754;005212;572.65;13055-022;0] | 2026-04-07 23:17:41,194 {'suppliers': [ErrorDetail(string='Erreur association avec un magasin différent', code='invalid')]} - [100704755;005212;144.31;100704755;0] | 2026-04-07 23:17:41,217 {'suppliers': [ErrorDetail(string='Erreur association avec un magasin différent', code='invalid')]} - [100707309;003080;1313.23;100707309;0] | 2026-04-07 23:17:41,242 {'suppliers': [ErrorDetail(string='Erreur association avec un magasin différent', code='invalid')]} - [100709484;003826;184.00;100709484;0] | 2026-04-07 23:17:41,267 {'suppliers': [ErrorDetail(string='Erreur association avec un magasin différent', code='invalid')]} - [100709485;003826;184.00;100709485;0] | 2026-04-07 23:17:41,290 {'suppliers': [ErrorDetail(string='Erreur association avec un magasin différent', code='invalid')]} - [100715965;005212;714.99;13993-017;0] | 2026-04-07 23:17:41,314 {'suppliers': [ErrorDetail(string='Erreur association avec un magasin différent', code='invalid')]} - [100715966;005212;714.99;13995-028;0] | 2026-04-07 23:17:41,339 {'suppliers': [ErrorDetail(string='Erreur association avec un magasin différent', code='invalid')]} - [100715967;005212;714.99;13996-031;0] | 2026-04-07 23:17:42,443 {'suppliers': [ErrorDetail(string='Erreur association avec un magasin différent', code='invalid')]} - [100728808;123263;69.00;100728808;1] | 2026-04-07 23:17:42,472 {'suppliers': [ErrorDetail(string='Erreur association avec un magasin différent', code='invalid')]} - [100730524;514303;835.03;100730524;0] | 2026-04-07 23:17:42,508 {'suppliers': [ErrorDetail(string='Erreur association avec un magasin différent', code='invalid')]} - [100736136;005507;308.30;10102;0] | 2026-04-07 23:17:42,512 fin intégration: (70d9b961-7004-4701-8133-300e59caf63e) | fichier: /srv/import/372/420_productssuppliers_20260407195524.csv | 179 lignes formatées | 136 lignes en erreurs | 0 lignes crées | 43 lignes mises à jour | 0 lignes supprimées";372;CASH IVOIRE U MAROC
pos18;POS 18;2026-04-09T18:57:06.973160+00:00;7d18e308-97d2-43bf-8b5f-d951beeaba26;2026-04-07T23:17:13.766732;2026-04-07T23:17:28.741122;30;import de données;product_suppliers;affectation des fournisseurs aux articles;0;erreur;interne;"Extrait du rapport d'import: | 2026-04-07 23:17:28,116 {'suppliers': [ErrorDetail(string='Erreur association avec un magasin différent', code='invalid')]} - [021021231;003021;1050.19;6875;0] | 2026-04-07 23:17:28,143 {'suppliers': [ErrorDetail(string='Erreur association avec un magasin différent', code='invalid')]} - [021021238;003080;464.42;2081;0] | 2026-04-07 23:17:28,168 {'suppliers': [ErrorDetail(string='Erreur association avec un magasin différent', code='invalid')]} - [021021239;003080;800.27;2082;0] | 2026-04-07 23:17:28,192 {'suppliers': [ErrorDetail(string='Erreur association avec un magasin différent', code='invalid')]} - [021021261;003080;1011.49;2082;0] | 2026-04-07 23:17:28,216 {'suppliers': [ErrorDetail(string='Erreur association avec un magasin différent', code='invalid')]} - [021021265;003080;565.44;2081;0] | 2026-04-07 23:17:28,238 {'suppliers': [ErrorDetail(string='Erreur association avec un magasin différent', code='invalid')]} - [021021504;003080;426.37;6591;0] | 2026-04-07 23:17:28,260 {'suppliers': [ErrorDetail(string='Erreur association avec un magasin différent', code='invalid')]} - [021021505;003080;892.10;6597;0] | 2026-04-07 23:17:28,283 {'suppliers': [ErrorDetail(string='Erreur association avec un magasin différent', code='invalid')]} - [021021593;003080;633.00;6591;0] | 2026-04-07 23:17:28,309 {'suppliers': [ErrorDetail(string='Erreur association avec un magasin différent', code='invalid')]} - [021021831;003080;800.92;6427;0] | 2026-04-07 23:17:28,330 {'suppliers': [ErrorDetail(string='Erreur association avec un magasin différent', code='invalid')]} - [021021863;003021;638.25;6908;0] | 2026-04-07 23:17:28,352 {'suppliers': [ErrorDetail(string='Erreur association avec un magasin différent', code='invalid')]} - [021021869;003080;831.75;6207;0] | 2026-04-07 23:17:28,374 {'suppliers': [ErrorDetail(string='Erreur association avec un magasin différent', code='invalid')]} - [021021883;003080;1028.54;4832;0] | 2026-04-07 23:17:28,395 {'suppliers': [ErrorDetail(string='Erreur association avec un magasin différent', code='invalid')]} - [021021886;003080;507.05;6001;0] | 2026-04-07 23:17:28,419 {'suppliers': [ErrorDetail(string='Erreur association avec un magasin différent', code='invalid')]} - [021021887;003080;814.70;6003;0] | 2026-04-07 23:17:28,458 {'suppliers': [ErrorDetail(string='Erreur association avec un magasin différent', code='invalid')]} - [021021934;003080;840.28;2287;0] | 2026-04-07 23:17:28,498 {'suppliers': [ErrorDetail(string='Erreur association avec un magasin différent', code='invalid')]} - [021021936;003080;629.72;3461;0] | 2026-04-07 23:17:28,528 {'suppliers': [ErrorDetail(string='Erreur association avec un magasin différent', code='invalid')]} - [023023165;003080;1705.49;7256;0] | 2026-04-07 23:17:28,556 {'suppliers': [ErrorDetail(string='Erreur association avec un magasin différent', code='invalid')]} - [023023169;003080;885.54;7250;0] | 2026-04-07 23:17:28,583 {'suppliers': [ErrorDetail(string='Erreur association avec un magasin différent', code='invalid')]} - [023023185;003080;793.71;7220;0] | 2026-04-07 23:17:28,657 {'suppliers': [ErrorDetail(string='Erreur association avec un magasin différent', code='invalid')]} - [100728808;123263;69.00;100728808;1] | 2026-04-07 23:17:28,681 {'suppliers': [ErrorDetail(string='Erreur association avec un magasin différent', code='invalid')]} - [100730524;514303;835.03;100730524;0] | 2026-04-07 23:17:28,705 {'suppliers': [ErrorDetail(string='Erreur association avec un magasin différent', code='invalid')]} - [100736136;005507;308.30;10102;0] | 2026-04-07 23:17:28,709 fin intégration: (7d18e308-97d2-43bf-8b5f-d951beeaba26) | fichier: /srv/import/357/420_productssuppliers_20260407195524.csv | 179 lignes formatées | 136 lignes en erreurs | 0 lignes crées | 43 lignes mises à jour | 0 lignes supprimées";357;CASH IVOIRE U REMBLAIS
pos18;POS 18;2026-04-09T18:57:06.973160+00:00;f6a8d678-258f-4121-9c5a-2f04a3e3ae5c;2026-04-07T23:17:13.731870;2026-04-07T23:17:27.418517;30;import de données;product_suppliers;affectation des fournisseurs aux articles;0;erreur;interne;"Extrait du rapport d'import: | 2026-04-07 23:17:25,745 {'suppliers': [ErrorDetail(string='Erreur association avec un magasin différent', code='invalid')]} - [100658605;003080;722.86;100658605;0] | 2026-04-07 23:17:25,788 {'suppliers': [ErrorDetail(string='Erreur association avec un magasin différent', code='invalid')]} - [100658606;003080;1246.32;100658606;0] | 2026-04-07 23:17:25,831 {'suppliers': [ErrorDetail(string='Erreur association avec un magasin différent', code='invalid')]} - [100665318;006544;3150.00;NEG002557;1] | 2026-04-07 23:17:25,860 {'suppliers': [ErrorDetail(string='Erreur association avec un magasin différent', code='invalid')]} - [100665332;006544;3075.00;NEG002542;1] | 2026-04-07 23:17:25,890 {'suppliers': [ErrorDetail(string='Erreur association avec un magasin différent', code='invalid')]} - [100675989;006544;4700.00;NEG002540;1] | 2026-04-07 23:17:25,929 {'suppliers': [ErrorDetail(string='Erreur association avec un magasin différent', code='invalid')]} - [100678835;003080;419.81;100678835;0] | 2026-04-07 23:17:25,976 {'suppliers': [ErrorDetail(string='Erreur association avec un magasin différent', code='invalid')]} - [100678836;003080;649.40;100678836;0] | 2026-04-07 23:17:26,329 {'suppliers': [ErrorDetail(string='Erreur association avec un magasin différent', code='invalid')]} - [100684264;003821;690.00;100684264;0] | 2026-04-07 23:17:26,359 {'suppliers': [ErrorDetail(string='Erreur association avec un magasin différent', code='invalid')]} - [100688294;002533;127.12;100688294;0] | 2026-04-07 23:17:26,583 {'suppliers': [ErrorDetail(string='Erreur association avec un magasin différent', code='invalid')]} - [100697073;001567;1252.88;331-00;0] | 2026-04-07 23:17:26,612 {'suppliers': [ErrorDetail(string='Erreur association avec un magasin différent', code='invalid')]} - [100698196;000978;911.78;7598633;0] | 2026-04-07 23:17:26,638 {'suppliers': [ErrorDetail(string='Erreur association avec un magasin différent', code='invalid')]} - [100701032;005212;354.22;11200-011;0] | 2026-04-07 23:17:26,672 {'suppliers': [ErrorDetail(string='Erreur association avec un magasin différent', code='invalid')]} - [100701034;005212;424.40;13825-006;0] | 2026-04-07 23:17:26,702 {'suppliers': [ErrorDetail(string='Erreur association avec un magasin différent', code='invalid')]} - [100701037;005212;354.22;11201-011;0] | 2026-04-07 23:17:27,296 {'suppliers': [ErrorDetail(string='Erreur association avec un magasin différent', code='invalid')]} - [100704754;005212;572.65;13055-022;0] | 2026-04-07 23:17:27,324 {'suppliers': [ErrorDetail(string='Erreur association avec un magasin différent', code='invalid')]} - [100704755;005212;144.31;100704755;0] | 2026-04-07 23:17:27,329 {'suppliers': [ErrorDetail(string='Erreur association avec un magasin différent', code='invalid')]} - [100728808;123263;69.00;100728808;1] | 2026-04-07 23:17:27,349 {'suppliers': [ErrorDetail(string='Erreur association avec un magasin différent', code='invalid')]} - [100707309;003080;1313.23;100707309;0] | 2026-04-07 23:17:27,353 {'suppliers': [ErrorDetail(string='Erreur association avec un magasin différent', code='invalid')]} - [100730524;514303;835.03;100730524;0] | 2026-04-07 23:17:27,377 {'suppliers': [ErrorDetail(string='Erreur association avec un magasin différent', code='invalid')]} - [100709484;003826;184.00;100709484;0] | 2026-04-07 23:17:27,380 {'suppliers': [ErrorDetail(string='Erreur association avec un magasin différent', code='invalid')]} - [100736136;005507;308.30;10102;0] | 2026-04-07 23:17:27,383 fin intégration: (f6a8d678-258f-4121-9c5a-2f04a3e3ae5c) | fichier: /srv/import/378/420_productssuppliers_20260407195524.csv | 179 lignes formatées | 136 lignes en erreurs | 0 lignes crées | 43 lignes mises à jour | 0 lignes supprimées | 2026-04-07 23:17:27,405 {'suppliers': [ErrorDetail(string='Erreur association avec un magasin différent', code='invalid')]} - [100709485;003826;184.00;100709485;0]";378;CASH IVOIRE DJE KONAN
pos18;POS 18;2026-04-09T18:57:06.973160+00:00;028c689e-bfc9-457f-ac91-35cf0c0b9aec;2026-04-07T23:16:13.801863;2026-04-07T23:16:18.626541;30;import de données;linked_code;codes liés;2;succès;interne;Import codes liés: | fin intégration: (028c689e-bfc9-457f-ac91-35cf0c0b9aec) | fichier: /srv/import/376/420_linkedcodes_20260407195524.csv | 67 lignes formatées | 0 lignes en erreurs | 4 lignes crées | 63 lignes mises à jour | 0 lignes supprimées;376;CASH IVOIRE U SICOGI ANGRE
pos18;POS 18;2026-04-09T18:57:06.973160+00:00;aad9ef82-8c91-48af-afa9-35ab6df5e047;2026-04-07T23:16:13.768237;2026-04-07T23:16:18.252866;30;import de données;linked_code;codes liés;2;succès;interne;Import codes liés: | fin intégration: (aad9ef82-8c91-48af-afa9-35ab6df5e047) | fichier: /srv/import/372/420_linkedcodes_20260407195524.csv | 67 lignes formatées | 0 lignes en erreurs | 4 lignes crées | 63 lignes mises à jour | 0 lignes supprimées;372;CASH IVOIRE U MAROC
pos18;POS 18;2026-04-09T18:57:06.973160+00:00;0c51e75c-6695-45ec-939d-0448bbe42bee;2026-04-07T23:16:13.750852;2026-04-07T23:16:16.545228;30;import de données;linked_code;codes liés;2;succès;interne;Import codes liés: | fin intégration: (0c51e75c-6695-45ec-939d-0448bbe42bee) | fichier: /srv/import/368/420_linkedcodes_20260407195524.csv | 67 lignes formatées | 0 lignes en erreurs | 4 lignes crées | 63 lignes mises à jour | 0 lignes supprimées;368;CASH IVOIRE U SADIGUIBA
pos18;POS 18;2026-04-09T18:57:06.973160+00:00;0afe5c62-9b42-4700-9621-f2494f8c2c34;2026-04-07T23:16:13.725873;2026-04-07T23:16:16.513067;30;import de données;linked_code;codes liés;2;succès;interne;Import codes liés: | fin intégration: (0afe5c62-9b42-4700-9621-f2494f8c2c34) | fichier: /srv/import/354/420_linkedcodes_20260407195524.csv | 67 lignes formatées | 0 lignes en erreurs | 4 lignes crées | 63 lignes mises à jour | 0 lignes supprimées;354;CASH IVOIRE U TOITS ROUGES
pos18;POS 18;2026-04-09T18:57:06.973160+00:00;c1cf3f7f-be99-4044-9e29-b1a0d04e5438;2026-04-07T23:16:13.737887;2026-04-07T23:16:16.368261;30;import de données;linked_code;codes liés;2;succès;interne;Import codes liés: | fin intégration: (c1cf3f7f-be99-4044-9e29-b1a0d04e5438) | fichier: /srv/import/357/420_linkedcodes_20260407195524.csv | 67 lignes formatées | 0 lignes en erreurs | 4 lignes crées | 63 lignes mises à jour | 0 lignes supprimées;357;CASH IVOIRE U REMBLAIS
pos18;POS 18;2026-04-09T18:57:06.973160+00:00;a41cea24-e7b7-4785-a50f-315413d647c0;2026-04-07T23:16:13.709014;2026-04-07T23:16:15.841675;30;import de données;linked_code;codes liés;2;succès;interne;Import codes liés: | fin intégration: (a41cea24-e7b7-4785-a50f-315413d647c0) | fichier: /srv/import/378/420_linkedcodes_20260407195524.csv | 67 lignes formatées | 0 lignes en erreurs | 4 lignes crées | 63 lignes mises à jour | 0 lignes supprimées;378;CASH IVOIRE DJE KONAN
pos18;POS 18;2026-04-09T18:57:06.973160+00:00;1d8253cf-0d55-48e0-81b6-d8110ebd8753;2026-04-07T23:15:13.765482;2026-04-07T23:15:13.797702;30;import de données;linked_code;codes liés;2;succès;interne;Import codes liés: | fin intégration: (1d8253cf-0d55-48e0-81b6-d8110ebd8753) | fichier: /srv/import/376/999_linkedcodes_20260407195241.csv | 0 lignes formatées | 0 lignes en erreurs | 0 lignes crées | 0 lignes mises à jour | 0 lignes supprimées;376;CASH IVOIRE U SICOGI ANGRE
pos18;POS 18;2026-04-09T18:57:06.973160+00:00;543b7c9e-9474-4a6f-9c41-125f7d955393;2026-04-07T23:15:13.749019;2026-04-07T23:15:13.784278;30;import de données;linked_code;codes liés;2;succès;interne;Import codes liés: | fin intégration: (543b7c9e-9474-4a6f-9c41-125f7d955393) | fichier: /srv/import/372/999_linkedcodes_20260407195241.csv | 0 lignes formatées | 0 lignes en erreurs | 0 lignes crées | 0 lignes mises à jour | 0 lignes supprimées;372;CASH IVOIRE U MAROC
pos18;POS 18;2026-04-09T18:57:06.973160+00:00;9c607255-b181-4318-82a1-5ec47f9eadb8;2026-04-07T23:15:13.731759;2026-04-07T23:15:13.773095;30;import de données;linked_code;codes liés;2;succès;interne;Import codes liés: | fin intégration: (9c607255-b181-4318-82a1-5ec47f9eadb8) | fichier: /srv/import/368/999_linkedcodes_20260407195241.csv | 0 lignes formatées | 0 lignes en erreurs | 0 lignes crées | 0 lignes mises à jour | 0 lignes supprimées;368;CASH IVOIRE U SADIGUIBA
pos18;POS 18;2026-04-09T18:57:06.973160+00:00;de70a6a2-ebbc-4c7d-a896-21749a16347d;2026-04-07T23:15:13.721394;2026-04-07T23:15:13.753421;30;import de données;linked_code;codes liés;2;succès;interne;Import codes liés: | fin intégration: (de70a6a2-ebbc-4c7d-a896-21749a16347d) | fichier: /srv/import/357/999_linkedcodes_20260407195241.csv | 0 lignes formatées | 0 lignes en erreurs | 0 lignes crées | 0 lignes mises à jour | 0 lignes supprimées;357;CASH IVOIRE U REMBLAIS
pos18;POS 18;2026-04-09T18:57:06.973160+00:00;522edc20-fe98-4b3a-a4da-3163dfb0fd49;2026-04-07T23:15:13.710054;2026-04-07T23:15:13.735365;30;import de données;linked_code;codes liés;2;succès;interne;Import codes liés: | fin intégration: (522edc20-fe98-4b3a-a4da-3163dfb0fd49) | fichier: /srv/import/354/999_linkedcodes_20260407195241.csv | 0 lignes formatées | 0 lignes en erreurs | 0 lignes crées | 0 lignes mises à jour | 0 lignes supprimées;354;CASH IVOIRE U TOITS ROUGES
pos18;POS 18;2026-04-09T18:57:06.973160+00:00;4189754c-0d9f-4995-bd26-f5b69b85b72b;2026-04-07T23:15:13.700263;2026-04-07T23:15:13.728051;30;import de données;linked_code;codes liés;2;succès;interne;Import codes liés: | fin intégration: (4189754c-0d9f-4995-bd26-f5b69b85b72b) | fichier: /srv/import/378/999_linkedcodes_20260407195241.csv | 0 lignes formatées | 0 lignes en erreurs | 0 lignes crées | 0 lignes mises à jour | 0 lignes supprimées;378;CASH IVOIRE DJE KONAN
pos18;POS 18;2026-04-09T18:57:06.973160+00:00;7c40a4ec-f6c5-48c0-983b-92f9a0e74e91;2026-04-07T23:14:13.784278;2026-04-07T23:14:34.494668;30;import de données;product;produit;2;succès;interne;Import produit: | fin intégration: (7c40a4ec-f6c5-48c0-983b-92f9a0e74e91) | fichier: /srv/import/376/420_products_20260407195524.csv | 40 lignes formatées | 0 lignes en erreurs | 1 lignes crées | 39 lignes mises à jour | 0 lignes supprimées;376;CASH IVOIRE U SICOGI ANGRE
pos18;POS 18;2026-04-09T18:57:06.973160+00:00;a6af5873-9b44-40be-8af5-707682dd842c;2026-04-07T23:14:13.769818;2026-04-07T23:14:34.198818;30;import de données;product;produit;2;succès;interne;Import produit: | fin intégration: (a6af5873-9b44-40be-8af5-707682dd842c) | fichier: /srv/import/372/420_products_20260407195524.csv | 40 lignes formatées | 0 lignes en erreurs | 1 lignes crées | 39 lignes mises à jour | 0 lignes supprimées;372;CASH IVOIRE U MAROC
pos18;POS 18;2026-04-09T18:57:06.973160+00:00;d4b272e6-1821-4461-827b-21ed91aecad9;2026-04-07T23:14:13.753959;2026-04-07T23:14:26.270660;30;import de données;product;produit;2;succès;interne;Import produit: | fin intégration: (d4b272e6-1821-4461-827b-21ed91aecad9) | fichier: /srv/import/368/420_products_20260407195524.csv | 40 lignes formatées | 0 lignes en erreurs | 1 lignes crées | 39 lignes mises à jour | 0 lignes supprimées;368;CASH IVOIRE U SADIGUIBA
pos18;POS 18;2026-04-09T18:57:06.973160+00:00;673845bb-76a4-4b78-a47a-52f64b7fe331;2026-04-07T23:14:13.721391;2026-04-07T23:14:24.863727;30;import de données;product;produit;2;succès;interne;Import produit: | fin intégration: (673845bb-76a4-4b78-a47a-52f64b7fe331) | fichier: /srv/import/354/420_products_20260407195524.csv | 40 lignes formatées | 0 lignes en erreurs | 1 lignes crées | 39 lignes mises à jour | 0 lignes supprimées;354;CASH IVOIRE U TOITS ROUGES
pos18;POS 18;2026-04-09T18:57:06.973160+00:00;b5808757-63cb-4937-a396-4184a8aa83a5;2026-04-07T23:14:13.737406;2026-04-07T23:14:24.797030;30;import de données;product;produit;2;succès;interne;Import produit: | fin intégration: (b5808757-63cb-4937-a396-4184a8aa83a5) | fichier: /srv/import/357/420_products_20260407195524.csv | 40 lignes formatées | 0 lignes en erreurs | 1 lignes crées | 39 lignes mises à jour | 0 lignes supprimées;357;CASH IVOIRE U REMBLAIS
pos18;POS 18;2026-04-09T18:57:06.973160+00:00;c5ce6f0a-a7f6-4913-9804-9f4f54483440;2026-04-07T23:14:13.707218;2026-04-07T23:14:24.473764;30;import de données;product;produit;2;succès;interne;Import produit: | fin intégration: (c5ce6f0a-a7f6-4913-9804-9f4f54483440) | fichier: /srv/import/378/420_products_20260407195524.csv | 40 lignes formatées | 0 lignes en erreurs | 1 lignes crées | 39 lignes mises à jour | 0 lignes supprimées;378;CASH IVOIRE DJE KONAN
pos18;POS 18;2026-04-09T18:57:06.973160+00:00;0ac45031-815a-46f2-a5b0-4522ff269b38;2026-04-07T23:13:13.774747;2026-04-07T23:13:13.807720;30;import de données;product;produit;2;succès;interne;Import produit: | fin intégration: (0ac45031-815a-46f2-a5b0-4522ff269b38) | fichier: /srv/import/376/999_products_20260407195241.csv | 0 lignes formatées | 0 lignes en erreurs | 0 lignes crées | 0 lignes mises à jour | 0 lignes supprimées;376;CASH IVOIRE U SICOGI ANGRE
pos18;POS 18;2026-04-09T18:57:06.973160+00:00;4875c11e-0f13-4ac8-99eb-af09a62f7e78;2026-04-07T23:13:13.759781;2026-04-07T23:13:13.797239;30;import de données;product;produit;2;succès;interne;Import produit: | fin intégration: (4875c11e-0f13-4ac8-99eb-af09a62f7e78) | fichier: /srv/import/372/999_products_20260407195241.csv | 0 lignes formatées | 0 lignes en erreurs | 0 lignes crées | 0 lignes mises à jour | 0 lignes supprimées;372;CASH IVOIRE U MAROC
pos18;POS 18;2026-04-09T18:57:06.973160+00:00;1459b769-7ec9-4c7b-8aff-50e4b43639aa;2026-04-07T23:13:13.742413;2026-04-07T23:13:13.779685;30;import de données;product;produit;2;succès;interne;Import produit: | fin intégration: (1459b769-7ec9-4c7b-8aff-50e4b43639aa) | fichier: /srv/import/368/999_products_20260407195241.csv | 0 lignes formatées | 0 lignes en erreurs | 0 lignes crées | 0 lignes mises à jour | 0 lignes supprimées;368;CASH IVOIRE U SADIGUIBA
pos18;POS 18;2026-04-09T18:57:06.973160+00:00;3d051220-1251-4c4e-9861-d4251fee15cc;2026-04-07T23:13:13.729537;2026-04-07T23:13:13.772492;30;import de données;product;produit;2;succès;interne;Import produit: | fin intégration: (3d051220-1251-4c4e-9861-d4251fee15cc) | fichier: /srv/import/357/999_products_20260407195241.csv | 0 lignes formatées | 0 lignes en erreurs | 0 lignes crées | 0 lignes mises à jour | 0 lignes supprimées;357;CASH IVOIRE U REMBLAIS
pos18;POS 18;2026-04-09T18:57:06.973160+00:00;19e69646-f557-4e2e-865a-c4b0b7266e6a;2026-04-07T23:13:13.713248;2026-04-07T23:13:13.747877;30;import de données;product;produit;2;succès;interne;Import produit: | fin intégration: (19e69646-f557-4e2e-865a-c4b0b7266e6a) | fichier: /srv/import/354/999_products_20260407195241.csv | 0 lignes formatées | 0 lignes en erreurs | 0 lignes crées | 0 lignes mises à jour | 0 lignes supprimées;354;CASH IVOIRE U TOITS ROUGES
pos18;POS 18;2026-04-09T18:57:06.973160+00:00;58168275-f0ab-429a-b604-f3bb63f135de;2026-04-07T23:13:13.697363;2026-04-07T23:13:13.732463;30;import de données;product;produit;2;succès;interne;Import produit: | fin intégration: (58168275-f0ab-429a-b604-f3bb63f135de) | fichier: /srv/import/378/999_products_20260407195241.csv | 0 lignes formatées | 0 lignes en erreurs | 0 lignes crées | 0 lignes mises à jour | 0 lignes supprimées;378;CASH IVOIRE DJE KONAN
pos18;POS 18;2026-04-09T18:57:06.973160+00:00;52d87031-db01-46c2-ac5d-5062671a2bd0;2026-04-07T23:12:13.759002;2026-04-07T23:12:13.947188;30;import de données;supplier;fournisseur;2;succès;interne;Import fournisseur: | fin intégration: (52d87031-db01-46c2-ac5d-5062671a2bd0) | fichier: /srv/import/376/999_suppliers_20260407195236.csv | 3 lignes formatées | 0 lignes en erreurs | 1 lignes crées | 2 lignes mises à jour | 0 lignes supprimées;376;CASH IVOIRE U SICOGI ANGRE
pos18;POS 18;2026-04-09T18:57:06.973160+00:00;7574d314-b367-429b-b526-247593bf269a;2026-04-07T23:12:13.746260;2026-04-07T23:12:13.944300;30;import de données;supplier;fournisseur;2;succès;interne;Import fournisseur: | fin intégration: (7574d314-b367-429b-b526-247593bf269a) | fichier: /srv/import/372/999_suppliers_20260407195236.csv | 3 lignes formatées | 0 lignes en erreurs | 1 lignes crées | 2 lignes mises à jour | 0 lignes supprimées;372;CASH IVOIRE U MAROC
pos18;POS 18;2026-04-09T18:57:06.973160+00:00;5db4fed3-8c56-4738-b627-f41265eba429;2026-04-07T23:12:13.732796;2026-04-07T23:12:13.914365;30;import de données;supplier;fournisseur;2;succès;interne;Import fournisseur: | fin intégration: (5db4fed3-8c56-4738-b627-f41265eba429) | fichier: /srv/import/368/999_suppliers_20260407195236.csv | 3 lignes formatées | 0 lignes en erreurs | 1 lignes crées | 2 lignes mises à jour | 0 lignes supprimées;368;CASH IVOIRE U SADIGUIBA
pos18;POS 18;2026-04-09T18:57:06.973160+00:00;d1b2002e-74e6-4b98-b162-3b3d5ab8f3c8;2026-04-07T23:12:13.720702;2026-04-07T23:12:13.840777;30;import de données;supplier;fournisseur;2;succès;interne;Import fournisseur: | fin intégration: (d1b2002e-74e6-4b98-b162-3b3d5ab8f3c8) | fichier: /srv/import/357/999_suppliers_20260407195236.csv | 3 lignes formatées | 0 lignes en erreurs | 1 lignes crées | 2 lignes mises à jour | 0 lignes supprimées;357;CASH IVOIRE U REMBLAIS
pos18;POS 18;2026-04-09T18:57:06.973160+00:00;4f1b5fd0-c7ea-438b-bcee-423fb9adf18e;2026-04-07T23:12:13.708412;2026-04-07T23:12:13.839384;30;import de données;supplier;fournisseur;2;succès;interne;Import fournisseur: | fin intégration: (4f1b5fd0-c7ea-438b-bcee-423fb9adf18e) | fichier: /srv/import/354/999_suppliers_20260407195236.csv | 3 lignes formatées | 0 lignes en erreurs | 1 lignes crées | 2 lignes mises à jour | 0 lignes supprimées;354;CASH IVOIRE U TOITS ROUGES
pos18;POS 18;2026-04-09T18:57:06.973160+00:00;8e0d9693-240e-42a7-91c5-e37769a525fa;2026-04-07T23:12:13.690021;2026-04-07T23:12:13.831657;30;import de données;supplier;fournisseur;2;succès;interne;Import fournisseur: | fin intégration: (8e0d9693-240e-42a7-91c5-e37769a525fa) | fichier: /srv/import/378/999_suppliers_20260407195236.csv | 3 lignes formatées | 0 lignes en erreurs | 1 lignes crées | 2 lignes mises à jour | 0 lignes supprimées;378;CASH IVOIRE DJE KONAN
pos18;POS 18;2026-04-09T18:57:06.973160+00:00;0eb5e8e7-9430-4f9d-b15f-d1d7c9d15ff9;2026-04-07T23:11:13.760140;2026-04-07T23:11:13.797081;30;import de données;department;département;2;succès;interne;Import département: | fin intégration: (0eb5e8e7-9430-4f9d-b15f-d1d7c9d15ff9) | fichier: /srv/import/376/999_departement_20260407195231.csv | 0 lignes formatées | 0 lignes en erreurs | 0 lignes crées | 0 lignes mises à jour | 0 lignes supprimées;376;CASH IVOIRE U SICOGI ANGRE
pos18;POS 18;2026-04-09T18:57:06.973160+00:00;8e228a2d-4c80-4635-bb60-2c268c7f696a;2026-04-07T23:11:13.740418;2026-04-07T23:11:13.773765;30;import de données;department;département;2;succès;interne;Import département: | fin intégration: (8e228a2d-4c80-4635-bb60-2c268c7f696a) | fichier: /srv/import/372/999_departement_20260407195231.csv | 0 lignes formatées | 0 lignes en erreurs | 0 lignes crées | 0 lignes mises à jour | 0 lignes supprimées;372;CASH IVOIRE U MAROC
pos18;POS 18;2026-04-09T18:57:06.973160+00:00;78929283-cf56-4a94-b0a3-9661779397c1;2026-04-07T23:11:13.721836;2026-04-07T23:11:13.756768;30;import de données;department;département;2;succès;interne;Import département: | fin intégration: (78929283-cf56-4a94-b0a3-9661779397c1) | fichier: /srv/import/368/999_departement_20260407195231.csv | 0 lignes formatées | 0 lignes en erreurs | 0 lignes crées | 0 lignes mises à jour | 0 lignes supprimées;368;CASH IVOIRE U SADIGUIBA
pos18;POS 18;2026-04-09T18:57:06.973160+00:00;faec3def-16cd-4ccc-b1e8-3e4b8d802c49;2026-04-07T23:11:13.709296;2026-04-07T23:11:13.738970;30;import de données;department;département;2;succès;interne;Import département: | fin intégration: (faec3def-16cd-4ccc-b1e8-3e4b8d802c49) | fichier: /srv/import/357/999_departement_20260407195231.csv | 0 lignes formatées | 0 lignes en erreurs | 0 lignes crées | 0 lignes mises à jour | 0 lignes supprimées;357;CASH IVOIRE U REMBLAIS
pos18;POS 18;2026-04-09T18:57:06.973160+00:00;de62c705-4a59-4ebc-a39b-433552b55de7;2026-04-07T23:11:13.696377;2026-04-07T23:11:13.724303;30;import de données;department;département;2;succès;interne;Import département: | fin intégration: (de62c705-4a59-4ebc-a39b-433552b55de7) | fichier: /srv/import/354/999_departement_20260407195231.csv | 0 lignes formatées | 0 lignes en erreurs | 0 lignes crées | 0 lignes mises à jour | 0 lignes supprimées;354;CASH IVOIRE U TOITS ROUGES
pos18;POS 18;2026-04-09T18:57:06.973160+00:00;92e6fcd1-b79b-4a95-8002-921094650f76;2026-04-07T23:11:13.684897;2026-04-07T23:11:13.713546;30;import de données;department;département;2;succès;interne;Import département: | fin intégration: (92e6fcd1-b79b-4a95-8002-921094650f76) | fichier: /srv/import/378/999_departement_20260407195231.csv | 0 lignes formatées | 0 lignes en erreurs | 0 lignes crées | 0 lignes mises à jour | 0 lignes supprimées;378;CASH IVOIRE DJE KONAN
pos18;POS 18;2026-04-09T18:57:06.973160+00:00;35343548-23e6-49e4-b0af-136e4e78be38;2026-04-07T17:11:12.397681;2026-04-07T17:11:12.596056;30;import de données;delivery;livraison;0;erreur;interne;"Extrait du rapport d'import: | 0 lignes mises à jour | 0 lignes supprimées | 2026-04-07 17:11:12,393 fichier present: (['Fac_368_00216105.LC'] - delivery) dans /srv/import/368/ | 2026-04-07 17:11:12,396 6 lignes lu dans le fichier /srv/import/368/Fac_368_00216105.LC | 2026-04-07 17:11:12,396 lancement intégration: (35343548-23e6-49e4-b0af-136e4e78be38) | 2026-04-07 17:11:12,406 fichier present: (['Fac_376_00216077.LC'] - delivery) dans /srv/import/376/ | 2026-04-07 17:11:12,413 3 lignes lu dans le fichier /srv/import/376/Fac_376_00216077.LC | 2026-04-07 17:11:12,413 lancement intégration: (94a59900-bc19-4748-8975-5cae7861e82d) | 2026-04-07 17:11:12,492 {'product': [ErrorDetail(string=""BAILEYS 17� 75CL n'est pas fourni par le fournisseur FOURNISSEUR CENTRALE"", code='invalid')]} - [L037084022BAILEYS 17� 75CL                   00000170690000100000012000000000010000001174100000013900000 3024480012114 00000000000001706900036053] | 2026-04-07 17:11:12,512 {'product': [ErrorDetail(string=""ROSSELINI ROSSO VERMOUTH 16� 1L n'est pas fourni par le fournisseur FOURNISSEUR CENTRALE"", code='invalid')]} - [L100032838ROSSELINI ROSSO VERMOUTH 16� 1L    00000170690000200000012000000000010000000189390000002600000 6186000003006 00000000000001706900036053] | 2026-04-07 17:11:12,532 {'product': [ErrorDetail(string=""PORTO OFFLEY RUBY 19,5� 75CL n'est pas fourni par le fournisseur FOURNISSEUR CENTRALE"", code='invalid')]} - [L100103807PORTO OFFLEY RUBY 19,5� 75CL       00000170690000300000006000000000010000000539968000007000000 5601034000506 00000000000001706900036053] | 2026-04-07 17:11:12,536 fin intégration: (94a59900-bc19-4748-8975-5cae7861e82d) | fichier: /srv/import/376/Fac_376_00216077.LC | 3 lignes formatées | 0 lignes en erreurs | 3 lignes crées | 0 lignes mises à jour | 0 lignes supprimées | 2026-04-07 17:11:12,550 {'product': [ErrorDetail(string=""RHUM CAFE SODIAL 35� 1L n'est pas fourni par le fournisseur FOURNISSEUR CENTRALE"", code='invalid')]} - [L100221424RHUM CAFE SODIAL 35� 1L            00000170690000400000012000000000010000000200600000002350000 6186000003204 00000000000001706900036053] | 2026-04-07 17:11:12,573 {'product': [ErrorDetail(string=""VODKA OKALAMAR BTE 18� 25CL CALAO n'est pas fourni par le fournisseur FOURNISSEUR CENTRALE"", code='invalid')]} - [L100681813VODKA OKALAMAR BTE 18� 25CL CALAO  00000170690000500000024000000000010000000039530000000500000 6186000690718 00000000000001706900036053] | 2026-04-07 17:11:12,576 fin intégration: (35343548-23e6-49e4-b0af-136e4e78be38) | fichier: /srv/import/368/Fac_368_00216105.LC | 6 lignes formatées | 5 lignes en erreurs | 1 lignes crées | 0 lignes mises à jour | 0 lignes supprimées";368;CASH IVOIRE U SADIGUIBA
pos18;POS 18;2026-04-09T18:57:06.973160+00:00;94a59900-bc19-4748-8975-5cae7861e82d;2026-04-07T17:11:12.413801;2026-04-07T17:11:12.541275;30;import de données;delivery;livraison;2;succès;interne;Import livraison: | fin intégration: (94a59900-bc19-4748-8975-5cae7861e82d) | fichier: /srv/import/376/Fac_376_00216077.LC | 3 lignes formatées | 0 lignes en erreurs | 3 lignes crées | 0 lignes mises à jour | 0 lignes supprimées;376;CASH IVOIRE U SICOGI ANGRE
pos18;POS 18;2026-04-09T18:57:06.973160+00:00;24f159a3-1815-4a0b-9e7a-1aa5cb8cb941;2026-04-07T17:10:12.444747;2026-04-07T17:10:13.739000;30;import de données;delivery;livraison;2;succès;interne;Import livraison: | fin intégration: (24f159a3-1815-4a0b-9e7a-1aa5cb8cb941) | fichier: /srv/import/376/Fac_376_00216076.LC | 4 lignes formatées | 0 lignes en erreurs | 4 lignes crées | 0 lignes mises à jour | 0 lignes supprimées;376;CASH IVOIRE U SICOGI ANGRE
pos18;POS 18;2026-04-09T18:57:06.973160+00:00;0f7287aa-cc3a-400c-a741-7be76e355513;2026-04-07T17:10:12.411985;2026-04-07T17:10:12.872946;30;import de données;delivery;livraison;0;erreur;interne;"Extrait du rapport d'import: | 2026-04-07 17:10:12,686 {'product': [ErrorDetail(string=""RHUM CALAO RGE 42� 1L n'est pas fourni par le fournisseur FOURNISSEUR CENTRALE"", code='invalid')]} - [L100568152RHUM CALAO RGE 42� 1L              00000169410000900000012000000000010000000158002000001750000 6186000087440 00000000000001694100041743] | 2026-04-07 17:10:12,701 {'product': [ErrorDetail(string=""PORTO OFFLEY RUBY 19,5� 75CL n'est pas fourni par le fournisseur FOURNISSEUR CENTRALE"", code='invalid')]} - [L100103807PORTO OFFLEY RUBY 19,5� 75CL       00000170130001200000006000000000010000000539968000007000000 5601034000506 00000000000001701300034383] | 2026-04-07 17:10:12,701 {'product': [ErrorDetail(string=""VODKA OKALAMAR BTE 18� 25CL CALAO n'est pas fourni par le fournisseur FOURNISSEUR CENTRALE"", code='invalid')]} - [L100681813VODKA OKALAMAR BTE 18� 25CL CALAO  00000169410001000000024000000000010000000039530000000500000 6186000690718 00000000000001694100041741] | 2026-04-07 17:10:12,717 {'product': [ErrorDetail(string=""RHUM MANGOUSTANS 42� 1L n'est pas fourni par le fournisseur FOURNISSEUR CENTRALE"", code='invalid')]} - [L100123617RHUM MANGOUSTANS 42� 1L            00000170130001300000012000000000010000000340902000004350000 6186000003198 00000000000001701300034383] | 2026-04-07 17:10:12,717 {'product': [ErrorDetail(string=""COCKT GIN TONIC CIT 18� 25CL LORD n'est pas fourni par le fournisseur FOURNISSEUR CENTRALE"", code='invalid')]} - [L100681820COCKT GIN TONIC CIT 18� 25CL LORD  00000169410001100000048000000000020000000039530000000500000 6186000690411 00000000000001694100041741] | 2026-04-07 17:10:12,734 {'product': [ErrorDetail(string=""WHISKY LORD KENNY WHITE 40� 70CL n'est pas fourni par le fournisseur FOURNISSEUR CENTRALE"", code='invalid')]} - [L100138196WHISKY LORD KENNY WHITE 40� 70CL   00000170130001400000012000000000010000000182192000002600000 6186000003563 00000000000001701300034383] | 2026-04-07 17:10:12,734 {'product': [ErrorDetail(string=""BOISS VODKA MIX BTE 18� VODY n'est pas fourni par le fournisseur FOURNISSEUR CENTRALE"", code='invalid')]} - [L100693713BOISS VODKA MIX BTE 18� VODY       00000169410001200000072000000000030000000047790000000600000 4099461000397 00000000000001694100041741] | 2026-04-07 17:10:12,750 {'product': [ErrorDetail(string=""VODKA ENERG LEMON 18� BTE 25CL VODY n'est pas fourni par le fournisseur FOURNISSEUR CENTRALE"", code='invalid')]} - [L100698995VODKA ENERG LEMON 18� BTE 25CL VODY00000169410001300000024000000000010000000048380000000600000 4099461000748 00000000000001694100041741] | 2026-04-07 17:10:12,752 {'product': [ErrorDetail(string=""VODKA RUSKOV 40� 1L n'est pas fourni par le fournisseur FOURNISSEUR CENTRALE"", code='invalid')]} - [L100329676VODKA RUSKOV 40� 1L                00000170130001500000006000000000010000000319426000004050000 3263280113588 00000000000001701300034383] | 2026-04-07 17:10:12,753 fin intégration: (5f411256-e856-4718-b4c4-d9c752b5a640) | fichier: /srv/import/372/Fac_372_00216075.LC | 14 lignes formatées | 13 lignes en erreurs | 1 lignes crées | 0 lignes mises à jour | 0 lignes supprimées | 2026-04-07 17:10:12,770 {'product': [ErrorDetail(string=""WHISKY IMPERIAL BLUE 40� 75CL n'est pas fourni par le fournisseur FOURNISSEUR CENTRALE"", code='invalid')]} - [L100427505WHISKY IMPERIAL BLUE 40� 75CL      00000170130001600000012000000000010000000324028000004000000 8901522000108 00000000000001701300034383] | 2026-04-07 17:10:12,790 {'product': [ErrorDetail(string=""WHISKY ROYAL STAG 40� 75CL n'est pas fourni par le fournisseur FOURNISSEUR CENTRALE"", code='invalid')]} - [L100427506WHISKY ROYAL STAG 40� 75CL         00000170130001700000012000000000010000000351876000004400000 8901522000092 00000000000001701300034383] | 2026-04-07 17:10:12,810 {'product': [ErrorDetail(string=""GIN LORD ETFONTON 40� 1L n'est pas fourni par le fournisseur FOURNISSEUR CENTRALE"", code='invalid')]} - [L100568151GIN LORD ETFONTON 40� 1L           00000170130001800000012000000000010000000158002000001750000 6186000087365 00000000000001701300034383] | 2026-04-07 17:10:12,825 {'product': [ErrorDetail(string=""BOISS VODKA MIX BTE 18� VODY n'est pas fourni par le fournisseur FOURNISSEUR CENTRALE"", code='invalid')]} - [L100693713BOISS VODKA MIX BTE 18� VODY       00000170130001900000048000000000020000000047790000000600000 4099461000397 00000000000001701300034383] | 2026-04-07 17:10:12,841 {'product': [ErrorDetail(string=""VODKA ENERG LEMON 18� BTE 25CL VODY n'est pas fourni par le fournisseur FOURNISSEUR CENTRALE"", code='invalid')]} - [L100698995VODKA ENERG LEMON 18� BTE 25CL VODY00000170130002000000024000000000010000000048380000000600000 4099461000748 00000000000001701300034383] | 2026-04-07 17:10:12,844 fin intégration: (0f7287aa-cc3a-400c-a741-7be76e355513) | fichier: /srv/import/357/Fac_357_00216092.LC | 21 lignes formatées | 20 lignes en erreurs | 1 lignes crées | 0 lignes mises à jour | 0 lignes supprimées";357;CASH IVOIRE U REMBLAIS
pos18;POS 18;2026-04-09T18:57:06.973160+00:00;5f411256-e856-4718-b4c4-d9c752b5a640;2026-04-07T17:10:12.429804;2026-04-07T17:10:12.770532;30;import de données;delivery;livraison;0;erreur;interne;"Extrait du rapport d'import: | 5 lignes formatées | 0 lignes en erreurs | 5 lignes crées | 0 lignes mises à jour | 0 lignes supprimées | 2026-04-07 17:10:12,630 {'product': [ErrorDetail(string=""PORTO OFFLEY RUBY 19,5� 75CL n'est pas fourni par le fournisseur FOURNISSEUR CENTRALE"", code='invalid')]} - [L100103807PORTO OFFLEY RUBY 19,5� 75CL       00000169410000600000006000000000010000000539968000007000000 5601034000506 00000000000001694100041743] | 2026-04-07 17:10:12,635 {'product': [ErrorDetail(string=""BAILEYS 17� 75CL n'est pas fourni par le fournisseur FOURNISSEUR CENTRALE"", code='invalid')]} - [L037084022BAILEYS 17� 75CL                   00000170130000800000012000000000010000001174100000013900000 3024480012114 00000000000001701300034383] | 2026-04-07 17:10:12,650 {'product': [ErrorDetail(string=""WHISKY IMPERIAL BLUE 40� 37,5CL n'est pas fourni par le fournisseur FOURNISSEUR CENTRALE"", code='invalid')]} - [L100487184WHISKY IMPERIAL BLUE 40� 37,5CL    00000169410000700000024000000000010000000162132000002000000 8901522001105 00000000000001694100041743] | 2026-04-07 17:10:12,652 {'product': [ErrorDetail(string=""WHISKY PECHE YACHTING 18� 70CL n'est pas fourni par le fournisseur FOURNISSEUR CENTRALE"", code='invalid')]} - [L037084056WHISKY PECHE YACHTING 18� 70CL     00000170130000900000006000000000010000000359782000005000000 6186000003044 00000000000001701300034383] | 2026-04-07 17:10:12,670 {'product': [ErrorDetail(string=""PASTIS DU MIDI 45�1L CLAIRANIS n'est pas fourni par le fournisseur FOURNISSEUR CENTRALE"", code='invalid')]} - [L100017166PASTIS DU MIDI 45�1L CLAIRANIS     00000170130001000000012000000000010000000122012000001550000 6186000003709 00000000000001701300034383] | 2026-04-07 17:10:12,670 {'product': [ErrorDetail(string=""GIN LORD ETFONTON 40� 1L n'est pas fourni par le fournisseur FOURNISSEUR CENTRALE"", code='invalid')]} - [L100568151GIN LORD ETFONTON 40� 1L           00000169410000800000012000000000010000000158002000001750000 6186000087365 00000000000001694100041743] | 2026-04-07 17:10:12,685 {'product': [ErrorDetail(string=""GIN CAPTAINS 40� 1L n'est pas fourni par le fournisseur FOURNISSEUR CENTRALE"", code='invalid')]} - [L100072480GIN CAPTAINS 40� 1L                00000170130001100000012000000000010000000189390000002275000 6186000003327 00000000000001701300034383] | 2026-04-07 17:10:12,686 {'product': [ErrorDetail(string=""RHUM CALAO RGE 42� 1L n'est pas fourni par le fournisseur FOURNISSEUR CENTRALE"", code='invalid')]} - [L100568152RHUM CALAO RGE 42� 1L              00000169410000900000012000000000010000000158002000001750000 6186000087440 00000000000001694100041743] | 2026-04-07 17:10:12,701 {'product': [ErrorDetail(string=""PORTO OFFLEY RUBY 19,5� 75CL n'est pas fourni par le fournisseur FOURNISSEUR CENTRALE"", code='invalid')]} - [L100103807PORTO OFFLEY RUBY 19,5� 75CL       00000170130001200000006000000000010000000539968000007000000 5601034000506 00000000000001701300034383] | 2026-04-07 17:10:12,701 {'product': [ErrorDetail(string=""VODKA OKALAMAR BTE 18� 25CL CALAO n'est pas fourni par le fournisseur FOURNISSEUR CENTRALE"", code='invalid')]} - [L100681813VODKA OKALAMAR BTE 18� 25CL CALAO  00000169410001000000024000000000010000000039530000000500000 6186000690718 00000000000001694100041741] | 2026-04-07 17:10:12,717 {'product': [ErrorDetail(string=""RHUM MANGOUSTANS 42� 1L n'est pas fourni par le fournisseur FOURNISSEUR CENTRALE"", code='invalid')]} - [L100123617RHUM MANGOUSTANS 42� 1L            00000170130001300000012000000000010000000340902000004350000 6186000003198 00000000000001701300034383] | 2026-04-07 17:10:12,717 {'product': [ErrorDetail(string=""COCKT GIN TONIC CIT 18� 25CL LORD n'est pas fourni par le fournisseur FOURNISSEUR CENTRALE"", code='invalid')]} - [L100681820COCKT GIN TONIC CIT 18� 25CL LORD  00000169410001100000048000000000020000000039530000000500000 6186000690411 00000000000001694100041741] | 2026-04-07 17:10:12,734 {'product': [ErrorDetail(string=""WHISKY LORD KENNY WHITE 40� 70CL n'est pas fourni par le fournisseur FOURNISSEUR CENTRALE"", code='invalid')]} - [L100138196WHISKY LORD KENNY WHITE 40� 70CL   00000170130001400000012000000000010000000182192000002600000 6186000003563 00000000000001701300034383] | 2026-04-07 17:10:12,734 {'product': [ErrorDetail(string=""BOISS VODKA MIX BTE 18� VODY n'est pas fourni par le fournisseur FOURNISSEUR CENTRALE"", code='invalid')]} - [L100693713BOISS VODKA MIX BTE 18� VODY       00000169410001200000072000000000030000000047790000000600000 4099461000397 00000000000001694100041741] | 2026-04-07 17:10:12,750 {'product': [ErrorDetail(string=""VODKA ENERG LEMON 18� BTE 25CL VODY n'est pas fourni par le fournisseur FOURNISSEUR CENTRALE"", code='invalid')]} - [L100698995VODKA ENERG LEMON 18� BTE 25CL VODY00000169410001300000024000000000010000000048380000000600000 4099461000748 00000000000001694100041741] | 2026-04-07 17:10:12,752 {'product': [ErrorDetail(string=""VODKA RUSKOV 40� 1L n'est pas fourni par le fournisseur FOURNISSEUR CENTRALE"", code='invalid')]} - [L100329676VODKA RUSKOV 40� 1L                00000170130001500000006000000000010000000319426000004050000 3263280113588 00000000000001701300034383] | 2026-04-07 17:10:12,753 fin intégration: (5f411256-e856-4718-b4c4-d9c752b5a640) | fichier: /srv/import/372/Fac_372_00216075.LC | 14 lignes formatées | 13 lignes en erreurs | 1 lignes crées | 0 lignes mises à jour | 0 lignes supprimées";372;CASH IVOIRE U MAROC
pos18;POS 18;2026-04-09T18:57:06.973160+00:00;9a139719-8634-47d4-b28d-daebf2098ccc;2026-04-07T17:10:12.401146;2026-04-07T17:10:12.625483;30;import de données;delivery;livraison;2;succès;interne;Import livraison: | fin intégration: (9a139719-8634-47d4-b28d-daebf2098ccc) | fichier: /srv/import/354/Fac_354_00216073.LC | 5 lignes formatées | 0 lignes en erreurs | 5 lignes crées | 0 lignes mises à jour | 0 lignes supprimées;354;CASH IVOIRE U TOITS ROUGES
pos18;POS 18;2026-04-09T18:57:06.973160+00:00;f7cca6bb-eeb8-4134-81a2-ce9900f52bde;2026-04-07T17:10:12.420577;2026-04-07T17:10:12.562642;30;import de données;delivery;livraison;0;erreur;interne;"Extrait du rapport d'import: | 2026-04-07 17:10:12,397 fichier present: (['Fac_354_00216073.LC'] - delivery) dans /srv/import/354/ | 2026-04-07 17:10:12,400 5 lignes lu dans le fichier /srv/import/354/Fac_354_00216073.LC | 2026-04-07 17:10:12,400 lancement intégration: (9a139719-8634-47d4-b28d-daebf2098ccc) | 2026-04-07 17:10:12,409 fichier present: (['Fac_357_00216092.LC'] - delivery) dans /srv/import/357/ | 2026-04-07 17:10:12,411 21 lignes lu dans le fichier /srv/import/357/Fac_357_00216092.LC | 2026-04-07 17:10:12,411 lancement intégration: (0f7287aa-cc3a-400c-a741-7be76e355513) | 2026-04-07 17:10:12,417 fichier present: (['Fac_368_00216095.LC', 'Fac_368_00216105.LC'] - delivery) dans /srv/import/368/ | 2026-04-07 17:10:12,419 2 lignes lu dans le fichier /srv/import/368/Fac_368_00216095.LC | 2026-04-07 17:10:12,419 lancement intégration: (f7cca6bb-eeb8-4134-81a2-ce9900f52bde) | 2026-04-07 17:10:12,426 fichier present: (['Fac_372_00216075.LC'] - delivery) dans /srv/import/372/ | 2026-04-07 17:10:12,429 14 lignes lu dans le fichier /srv/import/372/Fac_372_00216075.LC | 2026-04-07 17:10:12,429 lancement intégration: (5f411256-e856-4718-b4c4-d9c752b5a640) | 2026-04-07 17:10:12,440 fichier present: (['Fac_376_00216076.LC', 'Fac_376_00216077.LC'] - delivery) dans /srv/import/376/ | 2026-04-07 17:10:12,444 4 lignes lu dans le fichier /srv/import/376/Fac_376_00216076.LC | 2026-04-07 17:10:12,444 lancement intégration: (24f159a3-1815-4a0b-9e7a-1aa5cb8cb941) | 2026-04-07 17:10:12,513 {'product': [ErrorDetail(string=""MARTINI BIANCO 15� 1L n'est pas fourni par le fournisseur FOURNISSEUR CENTRALE"", code='invalid')]} - [L036070103MARTINI BIANCO 15� 1L              00000170130000100000006000000000010000000817740000009400000 7630040408820 00000000000001701300034383] | 2026-04-07 17:10:12,532 {'product': [ErrorDetail(string=""CAMPARI  25� 1L n'est pas fourni par le fournisseur FOURNISSEUR CENTRALE"", code='invalid')]} - [L036070115CAMPARI  25� 1L                    00000170130000200000006000000000010000000982940000011600000 8000040000802 00000000000001701300034383] | 2026-04-07 17:10:12,537 {'product': [ErrorDetail(string=""RHUM CAFE SODIAL 35� 1L n'est pas fourni par le fournisseur FOURNISSEUR CENTRALE"", code='invalid')]} - [L100221424RHUM CAFE SODIAL 35� 1L            00000169390000100000012000000000010000000200600000002350000 6186000003204 00000000000001693900036033] | 2026-04-07 17:10:12,538 {'product': [ErrorDetail(string=""BITTER BTL 6X10CL SAN PELLEGRINO n'est pas fourni par le fournisseur FOURNISSEUR CENTRALE"", code='invalid')]} - [L030002310BITTER BTL 6X10CL SAN PELLEGRINO   00000169410000100000012000000000030000000390698000004800000 7000000006715 00000000000001694100041743] | 2026-04-07 17:10:12,542 fin intégration: (f7cca6bb-eeb8-4134-81a2-ce9900f52bde) | fichier: /srv/import/368/Fac_368_00216095.LC | 2 lignes formatées | 1 lignes en erreurs | 1 lignes crées | 0 lignes mises à jour | 0 lignes supprimées | 2026-04-07 17:10:12,548 {'product': [ErrorDetail(string=""WHISKY BALLANT FINEST 40� 75CL n'est pas fourni par le fournisseur FOURNISSEUR CENTRALE"", code='invalid')]} - [L037080003WHISKY BALLANT FINEST 40� 75CL     00000170130000300000012000000000010000000972202000011400000 5010106113127 00000000000001701300034383] | 2026-04-07 17:10:12,557 {'product': [ErrorDetail(string=""GIN ROYAL STORCK 40� 75CL n'est pas fourni par le fournisseur FOURNISSEUR CENTRALE"", code='invalid')]} - [L037081002GIN ROYAL STORCK 40� 75CL          00000169410000200000012000000000010000000414652000005250000 6186000003303 00000000000001694100041743]";368;CASH IVOIRE U SADIGUIBA
pos18;POS 18;2026-04-09T18:57:06.973160+00:00;2509a0b7-64f5-4af8-b58c-06a63e22f94a;2026-04-07T12:16:11.668195;2026-04-07T12:16:11.778731;30;import de données;delivery;livraison;0;erreur;interne;"Extrait du rapport d'import: | 2026-04-07 12:15:11,760 {'product': [ErrorDetail(string=""PALETTE APAL  80*120 n'est pas fourni par le fournisseur FOURNISSEUR CENTRALE"", code='invalid')]} - [L100514060PALETTE APAL  80*120               00000175350000100000004000000000040000001049138000010490000 2001005140607 00000000000001753503909029] | 2026-04-07 12:15:11,763 fin intégration: (34b1c598-10d0-4190-876d-3e89701c856e) | fichier: /srv/import/368/Fac_368_00237086.LC | 2 lignes formatées | 1 lignes en erreurs | 1 lignes crées | 0 lignes mises à jour | 0 lignes supprimées | 2026-04-07 12:15:11,781 {'product': [ErrorDetail(string=""MOUT DIJON AROMATE 1KG SIP n'est pas fourni par le fournisseur FOURNISSEUR CENTRALE"", code='invalid')]} - [L100202582MOUT DIJON AROMATE 1KG SIP         00000171640000200000012000000000020000000250632000003150000 6186000015863 00000000000001716400034362] | 2026-04-07 12:15:11,785 fin intégration: (07f77af9-2268-4b68-9eca-c3890bb1ece1) | fichier: /srv/import/357/Fac_357_00237142.LC | 3 lignes formatées | 2 lignes en erreurs | 1 lignes crées | 0 lignes mises à jour | 0 lignes supprimées | 2026-04-07 12:16:11,665 fichier present: (['Fac_357_00237185.LC'] - delivery) dans /srv/import/357/ | 2026-04-07 12:16:11,667 2 lignes lu dans le fichier /srv/import/357/Fac_357_00237185.LC | 2026-04-07 12:16:11,667 lancement intégration: (2509a0b7-64f5-4af8-b58c-06a63e22f94a) | 2026-04-07 12:16:11,755 {'product': [ErrorDetail(string=""PALETTE APAL  80*120 n'est pas fourni par le fournisseur FOURNISSEUR CENTRALE"", code='invalid')]} - [L100514060PALETTE APAL  80*120               00000175940000100000003000000000030000001049138000010490000 2001005140607 00000000000001759403909421] | 2026-04-07 12:16:11,759 fin intégration: (2509a0b7-64f5-4af8-b58c-06a63e22f94a) | fichier: /srv/import/357/Fac_357_00237185.LC | 2 lignes formatées | 1 lignes en erreurs | 1 lignes crées | 0 lignes mises à jour | 0 lignes supprimées";357;CASH IVOIRE U REMBLAIS
pos18;POS 18;2026-04-09T18:57:06.973160+00:00;07f77af9-2268-4b68-9eca-c3890bb1ece1;2026-04-07T12:15:11.669788;2026-04-07T12:15:11.804623;30;import de données;delivery;livraison;0;erreur;interne;"Extrait du rapport d'import: | 79 lignes en erreurs | 1 lignes crées | 0 lignes mises à jour | 0 lignes supprimées | 2026-04-07 12:15:11,666 fichier present: (['Fac_357_00237142.LC', 'Fac_357_00237185.LC'] - delivery) dans /srv/import/357/ | 2026-04-07 12:15:11,668 3 lignes lu dans le fichier /srv/import/357/Fac_357_00237142.LC | 2026-04-07 12:15:11,668 lancement intégration: (07f77af9-2268-4b68-9eca-c3890bb1ece1) | 2026-04-07 12:15:11,675 fichier present: (['Fac_368_00237086.LC'] - delivery) dans /srv/import/368/ | 2026-04-07 12:15:11,677 2 lignes lu dans le fichier /srv/import/368/Fac_368_00237086.LC | 2026-04-07 12:15:11,677 lancement intégration: (34b1c598-10d0-4190-876d-3e89701c856e) | 2026-04-07 12:15:11,760 {'product': [ErrorDetail(string=""MAYO AROMATE 900ML SIPROCHIM n'est pas fourni par le fournisseur FOURNISSEUR CENTRALE"", code='invalid')]} - [L100188911MAYO AROMATE 900ML SIPROCHIM       00000171640000100000012000000000020000000189036000002150000 6186000015559 00000000000001716400034362] | 2026-04-07 12:15:11,760 {'product': [ErrorDetail(string=""PALETTE APAL  80*120 n'est pas fourni par le fournisseur FOURNISSEUR CENTRALE"", code='invalid')]} - [L100514060PALETTE APAL  80*120               00000175350000100000004000000000040000001049138000010490000 2001005140607 00000000000001753503909029] | 2026-04-07 12:15:11,763 fin intégration: (34b1c598-10d0-4190-876d-3e89701c856e) | fichier: /srv/import/368/Fac_368_00237086.LC | 2 lignes formatées | 1 lignes en erreurs | 1 lignes crées | 0 lignes mises à jour | 0 lignes supprimées | 2026-04-07 12:15:11,781 {'product': [ErrorDetail(string=""MOUT DIJON AROMATE 1KG SIP n'est pas fourni par le fournisseur FOURNISSEUR CENTRALE"", code='invalid')]} - [L100202582MOUT DIJON AROMATE 1KG SIP         00000171640000200000012000000000020000000250632000003150000 6186000015863 00000000000001716400034362] | 2026-04-07 12:15:11,785 fin intégration: (07f77af9-2268-4b68-9eca-c3890bb1ece1) | fichier: /srv/import/357/Fac_357_00237142.LC | 3 lignes formatées | 2 lignes en erreurs | 1 lignes crées | 0 lignes mises à jour | 0 lignes supprimées";357;CASH IVOIRE U REMBLAIS
pos18;POS 18;2026-04-09T18:57:06.973160+00:00;34b1c598-10d0-4190-876d-3e89701c856e;2026-04-07T12:15:11.677909;2026-04-07T12:15:11.795660;30;import de données;delivery;livraison;0;erreur;interne;"Extrait du rapport d'import: | 79 lignes en erreurs | 1 lignes crées | 0 lignes mises à jour | 0 lignes supprimées | 2026-04-07 12:15:11,666 fichier present: (['Fac_357_00237142.LC', 'Fac_357_00237185.LC'] - delivery) dans /srv/import/357/ | 2026-04-07 12:15:11,668 3 lignes lu dans le fichier /srv/import/357/Fac_357_00237142.LC | 2026-04-07 12:15:11,668 lancement intégration: (07f77af9-2268-4b68-9eca-c3890bb1ece1) | 2026-04-07 12:15:11,675 fichier present: (['Fac_368_00237086.LC'] - delivery) dans /srv/import/368/ | 2026-04-07 12:15:11,677 2 lignes lu dans le fichier /srv/import/368/Fac_368_00237086.LC | 2026-04-07 12:15:11,677 lancement intégration: (34b1c598-10d0-4190-876d-3e89701c856e) | 2026-04-07 12:15:11,760 {'product': [ErrorDetail(string=""MAYO AROMATE 900ML SIPROCHIM n'est pas fourni par le fournisseur FOURNISSEUR CENTRALE"", code='invalid')]} - [L100188911MAYO AROMATE 900ML SIPROCHIM       00000171640000100000012000000000020000000189036000002150000 6186000015559 00000000000001716400034362] | 2026-04-07 12:15:11,760 {'product': [ErrorDetail(string=""PALETTE APAL  80*120 n'est pas fourni par le fournisseur FOURNISSEUR CENTRALE"", code='invalid')]} - [L100514060PALETTE APAL  80*120               00000175350000100000004000000000040000001049138000010490000 2001005140607 00000000000001753503909029] | 2026-04-07 12:15:11,763 fin intégration: (34b1c598-10d0-4190-876d-3e89701c856e) | fichier: /srv/import/368/Fac_368_00237086.LC | 2 lignes formatées | 1 lignes en erreurs | 1 lignes crées | 0 lignes mises à jour | 0 lignes supprimées | 2026-04-07 12:15:11,781 {'product': [ErrorDetail(string=""MOUT DIJON AROMATE 1KG SIP n'est pas fourni par le fournisseur FOURNISSEUR CENTRALE"", code='invalid')]} - [L100202582MOUT DIJON AROMATE 1KG SIP         00000171640000200000012000000000020000000250632000003150000 6186000015863 00000000000001716400034362] | 2026-04-07 12:15:11,785 fin intégration: (07f77af9-2268-4b68-9eca-c3890bb1ece1) | fichier: /srv/import/357/Fac_357_00237142.LC | 3 lignes formatées | 2 lignes en erreurs | 1 lignes crées | 0 lignes mises à jour | 0 lignes supprimées";368;CASH IVOIRE U SADIGUIBA
pos18;POS 18;2026-04-09T18:57:06.973160+00:00;52d6793a-8e19-4508-a031-5535be0c1eee;2026-04-07T12:14:11.669733;2026-04-07T12:14:13.308353;30;import de données;delivery;livraison;0;erreur;interne;"Extrait du rapport d'import: | 61 lignes en erreurs | 1 lignes crées | 0 lignes mises à jour | 0 lignes supprimées | 2026-04-07 12:14:12,953 {'product': [ErrorDetail(string=""LIQ VAISS CITR 50CL PXM n'est pas fourni par le fournisseur FOURNISSEUR CENTRALE"", code='invalid')]} - [L100582357LIQ VAISS CITR 50CL PXM            00000175080004100000012000000000010000000053690000000800000 3660992016051 00000000000001750800034369] | 2026-04-07 12:14:12,979 {'product': [ErrorDetail(string=""SAV N�4 BAR 260G BF n'est pas fourni par le fournisseur FOURNISSEUR CENTRALE"", code='invalid')]} - [L100601195SAV N�4 BAR 260G BF                00000175080004200000360000000000100000000048262000000550000 6181001995770 00000000000001750800034369] | 2026-04-07 12:14:12,999 {'product': [ErrorDetail(string=""SAV N�8 BAR 520G BF n'est pas fourni par le fournisseur FOURNISSEUR CENTRALE"", code='invalid')]} - [L100601196SAV N�8 BAR 520G BF                00000175080004300000240000000000100000000082836000000950000 6181001995756 00000000000001750800034369] | 2026-04-07 12:14:13,020 {'product': [ErrorDetail(string=""SAV PURIFI 100G SIVODERM EXPERT n'est pas fourni par le fournisseur FOURNISSEUR CENTRALE"", code='invalid')]} - [L100604469SAV PURIFI 100G SIVODERM EXPERT    00000175090007300000036000000000030000000032568000000500000 6181100382730 00000000000001750900034368] | 2026-04-07 12:14:13,043 {'product': [ErrorDetail(string=""LESS PDRE ROUGE 400G ARC n'est pas fourni par le fournisseur FOURNISSEUR CENTRALE"", code='invalid')]} - [L100637227LESS PDRE ROUGE 400G ARC           00000175080004400000012000000000010000000031742000000450000 6186000015474 00000000000001750800034369] | 2026-04-07 12:14:13,067 {'product': [ErrorDetail(string=""DEO SPRAY STRES CONTROL 20CL REXON n'est pas fourni par le fournisseur FOURNISSEUR CENTRALE"", code='invalid')]} - [L100645695DEO SPRAY STRES CONTROL 20CL REXON 00000175090007400000012000000000020000000254526000003400000 8710447214268 00000000000001750900034368] | 2026-04-07 12:14:13,087 {'product': [ErrorDetail(string=""BODY MIST LIGHT MY FIRE 22CL DREAM n'est pas fourni par le fournisseur FOURNISSEUR CENTRALE"", code='invalid')]} - [L100652452BODY MIST LIGHT MY FIRE 22CL DREAM 00000175090007500000012000000000020000000079532000001100000 6181100539660 00000000000001750900034368] | 2026-04-07 12:14:13,108 {'product': [ErrorDetail(string=""DEO SPRAY CUCUMB&GREEN TEA 25CL DO n'est pas fourni par le fournisseur FOURNISSEUR CENTRALE"", code='invalid')]} - [L100660989DEO SPRAY CUCUMB&GREEN TEA 25CL DO 00000175090007600000012000000000020000000251576000003350000 8717163004869 00000000000001750900034368] | 2026-04-07 12:14:13,128 {'product': [ErrorDetail(string=""DESO RAIS 40CL BELAIR n'est pas fourni par le fournisseur FOURNISSEUR CENTRALE"", code='invalid')]} - [L100661980DESO RAIS 40CL BELAIR              00000175080004500000006000000000010000000072216000000900000 6181100690132 00000000000001750800034369] | 2026-04-07 12:14:13,148 {'product': [ErrorDetail(string=""DEO ANTI TRANS AD CARE ORIG 20CL D n'est pas fourni par le fournisseur FOURNISSEUR CENTRALE"", code='invalid')]} - [L100662204DEO ANTI TRANS AD CARE ORIG 20CL D 00000175090007700000012000000000020000000236118000003150000 8720181292002 00000000000001750900034368] | 2026-04-07 12:14:13,168 {'product': [ErrorDetail(string=""DEO DEEP CHILL 15CL BLADE n'est pas fourni par le fournisseur FOURNISSEUR CENTRALE"", code='invalid')]} - [L100662846DEO DEEP CHILL 15CL BLADE          00000175090007800000012000000000020000000092866000001550000 8690586018722 00000000000001750900034368] | 2026-04-07 12:14:13,189 {'product': [ErrorDetail(string=""DEO SPRAY COCO�JASM FLOW 25CL DOVE n'est pas fourni par le fournisseur FOURNISSEUR CENTRALE"", code='invalid')]} - [L100665174DEO SPRAY COCO�JASM FLOW 25CL DOVE 00000175090007900000012000000000020000000251576000003350000 8717163714942 00000000000001750900034368] | 2026-04-07 12:14:13,207 {'product': [ErrorDetail(string=""LAIT CORPS PROTEINE LAIT 40CL FEEL n'est pas fourni par le fournisseur FOURNISSEUR CENTRALE"", code='invalid')]} - [L100699050LAIT CORPS PROTEINE LAIT 40CL FEEL 00000175080004600000006000000000010000000073868000001000000 6182000132951 00000000000001750800034368] | 2026-04-07 12:14:13,226 {'product': [ErrorDetail(string=""LAIT CORPS MIEL 40CL FEEL n'est pas fourni par le fournisseur FOURNISSEUR CENTRALE"", code='invalid')]} - [L100699051LAIT CORPS MIEL 40CL FEEL          00000175080004700000006000000000010000000073868000001000000 6182000132944 00000000000001750800034368] | 2026-04-07 12:14:13,245 {'product': [ErrorDetail(string=""LAIT CORPS COCO BUTTER 40CL FEEL n'est pas fourni par le fournisseur FOURNISSEUR CENTRALE"", code='invalid')]} - [L100699052LAIT CORPS COCO BUTTER 40CL FEEL   00000175080004800000006000000000010000000073868000001000000 6182000132968 00000000000001750800034368] | 2026-04-07 12:14:13,262 {'product': [ErrorDetail(string=""CR CORP ORIGINAL 250ML VASELINE n'est pas fourni par le fournisseur FOURNISSEUR CENTRALE"", code='invalid')]} - [L100711769CR CORP ORIGINAL 250ML VASELINE    00000175080004900000012000000000020000000200600000002650000 6001087005661 00000000000001750800034368] | 2026-04-07 12:14:13,286 {'product': [ErrorDetail(string=""LAIT CORP DRY SKIN REPAIR 200ML VAS n'est pas fourni par le fournisseur FOURNISSEUR CENTRALE"", code='invalid')]} - [L100711774LAIT CORP DRY SKIN REPAIR 200ML VAS00000175080005000000012000000000010000000136290000001900000 6001087357258 00000000000001750800034368] | 2026-04-07 12:14:13,289 fin intégration: (52d6793a-8e19-4508-a031-5535be0c1eee) | fichier: /srv/import/357/Fac_357_00237051.LC | 80 lignes formatées | 79 lignes en erreurs | 1 lignes crées | 0 lignes mises à jour | 0 lignes supprimées";357;CASH IVOIRE U REMBLAIS
pos18;POS 18;2026-04-09T18:57:06.973160+00:00;58637b68-7f00-4082-b53e-d5be33964c7c;2026-04-07T12:14:11.681106;2026-04-07T12:14:12.953570;30;import de données;delivery;livraison;0;erreur;interne;"Extrait du rapport d'import: | 2026-04-07 12:14:12,723 {'product': [ErrorDetail(string=""DEO AMAZONA 10CL GDK n'est pas fourni par le fournisseur FOURNISSEUR CENTRALE"", code='invalid')]} - [L100676005DEO AMAZONA 10CL GDK               00000175270005100000006000000000010000000047790000000700000 6181100317930 00000000000001752700036015] | 2026-04-07 12:14:12,734 {'product': [ErrorDetail(string=""DETACH OXY ACTIF PDRE POT 500G U n'est pas fourni par le fournisseur FOURNISSEUR CENTRALE"", code='invalid')]} - [L100463775DETACH OXY ACTIF PDRE POT 500G U   00000175080003100000006000000000010000000209804000002800000 3256225162048 00000000000001750800034369] | 2026-04-07 12:14:12,743 {'product': [ErrorDetail(string=""DENT CHARBON CITR 130G SIGNAL n'est pas fourni par le fournisseur FOURNISSEUR CENTRALE"", code='invalid')]} - [L100686800DENT CHARBON CITR 130G SIGNAL      00000175270005200000024000000000040000000073278000000900000 8934839133559 00000000000001752700036015] | 2026-04-07 12:14:12,752 {'product': [ErrorDetail(string=""PAPIER CUISS 8M U n'est pas fourni par le fournisseur FOURNISSEUR CENTRALE"", code='invalid')]} - [L100464437PAPIER CUISS 8M U                  00000175080003200000024000000000010000000067142000000950000 3256220511636 00000000000001750800034369] | 2026-04-07 12:14:12,764 {'product': [ErrorDetail(string=""SAV MENAG TEXTILE 250G BELAIR n'est pas fourni par le fournisseur FOURNISSEUR CENTRALE"", code='invalid')]} - [L100690310SAV MENAG TEXTILE 250G BELAIR      00000175270005300000040000000000010000000021712000000250000 6181100691283 00000000000001752700036027] | 2026-04-07 12:14:12,772 {'product': [ErrorDetail(string=""DESO LAVDE 15CL BELAIR n'est pas fourni par le fournisseur FOURNISSEUR CENTRALE"", code='invalid')]} - [L100476192DESO LAVDE 15CL BELAIR             00000175080003300000006000000000010000000029972000000350000 6181100535969 00000000000001750800034369] | 2026-04-07 12:14:12,786 {'product': [ErrorDetail(string=""MANCHE BOIS HOMOGENE 1,20M POL'HOP n'est pas fourni par le fournisseur FOURNISSEUR CENTRALE"", code='invalid')]} - [L100701899MANCHE BOIS HOMOGENE 1,20M POL'HOP 00000175270005400000025000000000010000000100418000001350000 3701209301901 00000000000001752700036027] | 2026-04-07 12:14:12,791 {'product': [ErrorDetail(string=""DESO PECHE 15CL BELAIR n'est pas fourni par le fournisseur FOURNISSEUR CENTRALE"", code='invalid')]} - [L100476200DESO PECHE 15CL BELAIR             00000175080003400000012000000000020000000029972000000350000 6181100535983 00000000000001750800034369] | 2026-04-07 12:14:12,806 {'product': [ErrorDetail(string=""ASSOUP TROPICALE 1L SOFTY n'est pas fourni par le fournisseur FOURNISSEUR CENTRALE"", code='invalid')]} - [L100702609ASSOUP TROPICALE 1L SOFTY          00000175270005500000024000000000020000000118000000001500000 6181100291254 00000000000001752700036027] | 2026-04-07 12:14:12,810 {'product': [ErrorDetail(string=""DESO TEXTILE 15CL BELAIR n'est pas fourni par le fournisseur FOURNISSEUR CENTRALE"", code='invalid')]} - [L100476203DESO TEXTILE 15CL BELAIR           00000175080003500000012000000000020000000029972000000350000 6181100536003 00000000000001750800034369] | 2026-04-07 12:14:12,826 {'product': [ErrorDetail(string=""GEL DCHE 50CL CAMEE n'est pas fourni par le fournisseur FOURNISSEUR CENTRALE"", code='invalid')]} - [L100715956GEL DCHE 50CL CAMEE                00000175270005600000006000000000010000000077762000000950000 6181100634709 00000000000001752700036015] | 2026-04-07 12:14:12,830 {'product': [ErrorDetail(string=""DESO VANILL 15CL BELAIR n'est pas fourni par le fournisseur FOURNISSEUR CENTRALE"", code='invalid')]} - [L100476205DESO VANILL 15CL BELAIR            00000175080003600000012000000000020000000029972000000350000 6181100535990 00000000000001750800034369] | 2026-04-07 12:14:12,845 {'product': [ErrorDetail(string=""DENT STRONG 80G ORAL B n'est pas fourni par le fournisseur FOURNISSEUR CENTRALE"", code='invalid')]} - [L100718108DENT STRONG 80G ORAL B             00000175270005700000012000000000120000000071626000000900000 8006540948507 00000000000001752700036015] | 2026-04-07 12:14:12,853 {'product': [ErrorDetail(string=""TALC BB 500G BABYMED n'est pas fourni par le fournisseur FOURNISSEUR CENTRALE"", code='invalid')]} - [L100479359TALC BB 500G BABYMED               00000175080003700000012000000000020000000066552000000950000 6181100535198 00000000000001750800034368] | 2026-04-07 12:14:12,866 {'product': [ErrorDetail(string=""SAV MENAG CITRON 225G ARMONIA n'est pas fourni par le fournisseur FOURNISSEUR CENTRALE"", code='invalid')]} - [L100721835SAV MENAG CITRON 225G ARMONIA      00000175270005800000040000000000010000000017818000000200000 6186000195633 00000000000001752700036027] | 2026-04-07 12:14:12,873 {'product': [ErrorDetail(string=""LESS LIQ DILUE 3L 50 LAV PXM n'est pas fourni par le fournisseur FOURNISSEUR CENTRALE"", code='invalid')]} - [L100526752LESS LIQ DILUE 3L 50 LAV PXM       00000175080003800000008000000000020000000344442000004500000 3660992012695 00000000000001750800034369] | 2026-04-07 12:14:12,885 {'product': [ErrorDetail(string=""ASSOUPL CONC OCEAN FRESH 200ML SOUP n'est pas fourni par le fournisseur FOURNISSEUR CENTRALE"", code='invalid')]} - [L100722375ASSOUPL CONC OCEAN FRESH 200ML SOUP00000175270005900000012000000000010000000011800000000150000 8718951654921 00000000000001752700036027] | 2026-04-07 12:14:12,892 {'product': [ErrorDetail(string=""huil RICIN 6,5CL n'est pas fourni par le fournisseur FOURNISSEUR CENTRALE"", code='invalid')]} - [L100537719huil RICIN 6,5CL                   00000175080003900000006000000000010000000103486000001550000 6181100630374 00000000000001750800034368] | 2026-04-07 12:14:12,908 {'product': [ErrorDetail(string=""ASSOUPL CONC LAVAND DREAM 200ML SOU n'est pas fourni par le fournisseur FOURNISSEUR CENTRALE"", code='invalid')]} - [L100722376ASSOUPL CONC LAVAND DREAM 200ML SOU00000175270006000000012000000000010000000011800000000150000 8718951654884 00000000000001752700036027] | 2026-04-07 12:14:12,912 {'product': [ErrorDetail(string=""ASSOUPL PRINTANIERE 1L SOFTY n'est pas fourni par le fournisseur FOURNISSEUR CENTRALE"", code='invalid')]} - [L100551797ASSOUPL PRINTANIERE 1L SOFTY       00000175080004000000012000000000010000000110094000001500000 6181100291292 00000000000001750800034369] | 2026-04-07 12:14:12,929 {'product': [ErrorDetail(string=""GEL DCHE  COCO NOURRISS 400ML USHUA n'est pas fourni par le fournisseur FOURNISSEUR CENTRALE"", code='invalid')]} - [L100735055GEL DCHE  COCO NOURRISS 400ML USHUA00000175270006100000012000000000010000000327804000004200000 3600551152950 00000000000001752700036015] | 2026-04-07 12:14:12,931 {'product': [ErrorDetail(string=""GEL LAV DOUX 755ML MY BABY n'est pas fourni par le fournisseur FOURNISSEUR CENTRALE"", code='invalid')]} - [L100559575GEL LAV DOUX 755ML MY BABY         00000175090007200000012000000000020000000124962000001750000 6181100631470 00000000000001750900034368] | 2026-04-07 12:14:12,933 fin intégration: (58637b68-7f00-4082-b53e-d5be33964c7c) | fichier: /srv/import/368/Fac_368_00237012.LC | 62 lignes formatées | 61 lignes en erreurs | 1 lignes crées | 0 lignes mises à jour | 0 lignes supprimées";368;CASH IVOIRE U SADIGUIBA
pos18;POS 18;2026-04-09T18:57:06.973160+00:00;4084ecd5-095b-42d1-a995-1d612d6e7711;2026-04-07T12:13:11.667266;2026-04-07T12:13:11.879018;30;import de données;delivery;livraison;0;erreur;interne;"Extrait du rapport d'import: | 2026-04-07 12:13:11,666 7 lignes lu dans le fichier /srv/import/357/Fac_357_00237050.LC | 2026-04-07 12:13:11,666 lancement intégration: (4084ecd5-095b-42d1-a995-1d612d6e7711) | 2026-04-07 12:13:11,677 fichier present: (['Fac_368_00237011.LC', 'Fac_368_00237086.LC', 'Fac_368_00237012.LC'] - delivery) dans /srv/import/368/ | 2026-04-07 12:13:11,681 4 lignes lu dans le fichier /srv/import/368/Fac_368_00237011.LC | 2026-04-07 12:13:11,681 lancement intégration: (8a83b25d-0cfb-46f8-80fd-c32a4869e187) | 2026-04-07 12:13:11,762 {'product': [ErrorDetail(string=""PATE BF CHN BQ 300G PXM n'est pas fourni par le fournisseur FOURNISSEUR CENTRALE"", code='invalid')]} - [L100460414PATE BF CHN BQ 300G PXM            00000175060000100000018000000000010000000054044000000650000 3660992012459 00000000000001750600034361] | 2026-04-07 12:13:11,767 {'product': [ErrorDetail(string=""BOUCH SCE CHT BF 800G U n'est pas fourni par le fournisseur FOURNISSEUR CENTRALE"", code='invalid')]} - [L100460049BOUCH SCE CHT BF 800G U            00000175250000100000012000000000010000000121776000001500000 3256220173827 00000000000001752500036013] | 2026-04-07 12:13:11,779 {'product': [ErrorDetail(string=""TERRINE CHN POULET BQ 300G U n'est pas fourni par le fournisseur FOURNISSEUR CENTRALE"", code='invalid')]} - [L100460416TERRINE CHN POULET BQ 300G U       00000175060000200000018000000000010000000062422000000800000 3256222711423 00000000000001750600034361] | 2026-04-07 12:13:11,785 {'product': [ErrorDetail(string=""PATE BF CHN BQ 300G PXM n'est pas fourni par le fournisseur FOURNISSEUR CENTRALE"", code='invalid')]} - [L100460414PATE BF CHN BQ 300G PXM            00000175250000200000036000000000020000000054044000000650000 3660992012459 00000000000001752500036013] | 2026-04-07 12:13:11,796 {'product': [ErrorDetail(string=""PATE CHN POULET 300G PXM n'est pas fourni par le fournisseur FOURNISSEUR CENTRALE"", code='invalid')]} - [L100460417PATE CHN POULET 300G PXM           00000175060000300000018000000000010000000053218000000650000 3660992016419 00000000000001750600034361] | 2026-04-07 12:13:11,802 {'product': [ErrorDetail(string=""CROQ CHN ADUL BF 4KG PXM n'est pas fourni par le fournisseur FOURNISSEUR CENTRALE"", code='invalid')]} - [L100631310CROQ CHN ADUL BF 4KG PXM           00000175250000300000007000000000070000000385388000005250000 3660992012466 00000000000001752500036013] | 2026-04-07 12:13:11,807 fin intégration: (8a83b25d-0cfb-46f8-80fd-c32a4869e187) | fichier: /srv/import/368/Fac_368_00237011.LC | 4 lignes formatées | 3 lignes en erreurs | 1 lignes crées | 0 lignes mises à jour | 0 lignes supprimées | 2026-04-07 12:13:11,816 {'product': [ErrorDetail(string=""TERRINE CHN VEAU BQ 300G U n'est pas fourni par le fournisseur FOURNISSEUR CENTRALE"", code='invalid')]} - [L100460420TERRINE CHN VEAU BQ 300G U         00000175060000400000018000000000010000000062422000000800000 3256222711430 00000000000001750600034361] | 2026-04-07 12:13:11,834 {'product': [ErrorDetail(string=""BOUL SCE CHT POISS 400G PXM n'est pas fourni par le fournisseur FOURNISSEUR CENTRALE"", code='invalid')]} - [L100464963BOUL SCE CHT POISS 400G PXM        00000175060000500000024000000000010000000066906000000800000 3660992012350 00000000000001750600034361] | 2026-04-07 12:13:11,852 {'product': [ErrorDetail(string=""LITIERE AGGLOMER 5L PXM n'est pas fourni par le fournisseur FOURNISSEUR CENTRALE"", code='invalid')]} - [L100695921LITIERE AGGLOMER 5L PXM            00000175060000600000006000000000060000000177590000002400000 3660992023035 00000000000001750600034361] | 2026-04-07 12:13:11,856 fin intégration: (4084ecd5-095b-42d1-a995-1d612d6e7711) | fichier: /srv/import/357/Fac_357_00237050.LC | 7 lignes formatées | 6 lignes en erreurs | 1 lignes crées | 0 lignes mises à jour | 0 lignes supprimées";357;CASH IVOIRE U REMBLAIS
pos18;POS 18;2026-04-09T18:57:06.973160+00:00;8a83b25d-0cfb-46f8-80fd-c32a4869e187;2026-04-07T12:13:11.681945;2026-04-07T12:13:11.839522;30;import de données;delivery;livraison;0;erreur;interne;"Extrait du rapport d'import: | 2026-04-07 12:12:11,912 fin intégration: (b273ac9b-705e-40d8-a1a9-1cbc57b4745a) | fichier: /srv/import/357/Fac_357_00237049.LC | 10 lignes formatées | 9 lignes en erreurs | 1 lignes crées | 0 lignes mises à jour | 0 lignes supprimées | 2026-04-07 12:13:11,663 fichier present: (['Fac_357_00237142.LC', 'Fac_357_00237050.LC', 'Fac_357_00237185.LC', 'Fac_357_00237051.LC'] - delivery) dans /srv/import/357/ | 2026-04-07 12:13:11,666 7 lignes lu dans le fichier /srv/import/357/Fac_357_00237050.LC | 2026-04-07 12:13:11,666 lancement intégration: (4084ecd5-095b-42d1-a995-1d612d6e7711) | 2026-04-07 12:13:11,677 fichier present: (['Fac_368_00237011.LC', 'Fac_368_00237086.LC', 'Fac_368_00237012.LC'] - delivery) dans /srv/import/368/ | 2026-04-07 12:13:11,681 4 lignes lu dans le fichier /srv/import/368/Fac_368_00237011.LC | 2026-04-07 12:13:11,681 lancement intégration: (8a83b25d-0cfb-46f8-80fd-c32a4869e187) | 2026-04-07 12:13:11,762 {'product': [ErrorDetail(string=""PATE BF CHN BQ 300G PXM n'est pas fourni par le fournisseur FOURNISSEUR CENTRALE"", code='invalid')]} - [L100460414PATE BF CHN BQ 300G PXM            00000175060000100000018000000000010000000054044000000650000 3660992012459 00000000000001750600034361] | 2026-04-07 12:13:11,767 {'product': [ErrorDetail(string=""BOUCH SCE CHT BF 800G U n'est pas fourni par le fournisseur FOURNISSEUR CENTRALE"", code='invalid')]} - [L100460049BOUCH SCE CHT BF 800G U            00000175250000100000012000000000010000000121776000001500000 3256220173827 00000000000001752500036013] | 2026-04-07 12:13:11,779 {'product': [ErrorDetail(string=""TERRINE CHN POULET BQ 300G U n'est pas fourni par le fournisseur FOURNISSEUR CENTRALE"", code='invalid')]} - [L100460416TERRINE CHN POULET BQ 300G U       00000175060000200000018000000000010000000062422000000800000 3256222711423 00000000000001750600034361] | 2026-04-07 12:13:11,785 {'product': [ErrorDetail(string=""PATE BF CHN BQ 300G PXM n'est pas fourni par le fournisseur FOURNISSEUR CENTRALE"", code='invalid')]} - [L100460414PATE BF CHN BQ 300G PXM            00000175250000200000036000000000020000000054044000000650000 3660992012459 00000000000001752500036013] | 2026-04-07 12:13:11,796 {'product': [ErrorDetail(string=""PATE CHN POULET 300G PXM n'est pas fourni par le fournisseur FOURNISSEUR CENTRALE"", code='invalid')]} - [L100460417PATE CHN POULET 300G PXM           00000175060000300000018000000000010000000053218000000650000 3660992016419 00000000000001750600034361] | 2026-04-07 12:13:11,802 {'product': [ErrorDetail(string=""CROQ CHN ADUL BF 4KG PXM n'est pas fourni par le fournisseur FOURNISSEUR CENTRALE"", code='invalid')]} - [L100631310CROQ CHN ADUL BF 4KG PXM           00000175250000300000007000000000070000000385388000005250000 3660992012466 00000000000001752500036013] | 2026-04-07 12:13:11,807 fin intégration: (8a83b25d-0cfb-46f8-80fd-c32a4869e187) | fichier: /srv/import/368/Fac_368_00237011.LC | 4 lignes formatées | 3 lignes en erreurs | 1 lignes crées | 0 lignes mises à jour | 0 lignes supprimées | 2026-04-07 12:13:11,816 {'product': [ErrorDetail(string=""TERRINE CHN VEAU BQ 300G U n'est pas fourni par le fournisseur FOURNISSEUR CENTRALE"", code='invalid')]} - [L100460420TERRINE CHN VEAU BQ 300G U         00000175060000400000018000000000010000000062422000000800000 3256222711430 00000000000001750600034361] | 2026-04-07 12:13:11,834 {'product': [ErrorDetail(string=""BOUL SCE CHT POISS 400G PXM n'est pas fourni par le fournisseur FOURNISSEUR CENTRALE"", code='invalid')]} - [L100464963BOUL SCE CHT POISS 400G PXM        00000175060000500000024000000000010000000066906000000800000 3660992012350 00000000000001750600034361]";368;CASH IVOIRE U SADIGUIBA
pos18;POS 18;2026-04-09T18:57:06.973160+00:00;b273ac9b-705e-40d8-a1a9-1cbc57b4745a;2026-04-07T12:12:11.665757;2026-04-07T12:12:11.930877;30;import de données;delivery;livraison;0;erreur;interne;"Extrait du rapport d'import: | 2026-04-07 12:12:11,763 {'product': [ErrorDetail(string=""PATES TORTI CELLO 500G PANZANI n'est pas fourni par le fournisseur FOURNISSEUR CENTRALE"", code='invalid')]} - [L011011280PATES TORTI CELLO 500G PANZANI     00000175040000100000012000000000010000000126024000001700000 3038350013606 00000000000001750400034361] | 2026-04-07 12:12:11,765 {'product': [ErrorDetail(string=""BOUILL TAB CREVET 60X10G MAGGI n'est pas fourni par le fournisseur FOURNISSEUR CENTRALE"", code='invalid')]} - [L013013134BOUILL TAB CREVET 60X10G MAGGI     00000175240000100000024000000000010000000160126000001800000 6181002003146 00000000000001752400036013] | 2026-04-07 12:12:11,781 {'product': [ErrorDetail(string=""CUB MAGGI POULET TABLET (60x10G) n'est pas fourni par le fournisseur FOURNISSEUR CENTRALE"", code='invalid')]} - [L013013133CUB MAGGI POULET TABLET (60x10G)   00000175040000200000024000000000010000000170392000001900000 6181002003023 00000000000001750400034361] | 2026-04-07 12:12:11,783 {'product': [ErrorDetail(string=""PATES SPAGH 4540G MAMAN n'est pas fourni par le fournisseur FOURNISSEUR CENTRALE"", code='invalid')]} - [L100049290PATES SPAGH 4540G MAMAN            00000175240000200000006000000000060000000368529000004150000 6181100093155 00000000000001752400036013] | 2026-04-07 12:12:11,799 {'product': [ErrorDetail(string=""BOUILL TAB CREVET 60X10G MAGGI n'est pas fourni par le fournisseur FOURNISSEUR CENTRALE"", code='invalid')]} - [L013013134BOUILL TAB CREVET 60X10G MAGGI     00000175040000300000024000000000010000000160126000001800000 6181002003146 00000000000001750400034361] | 2026-04-07 12:12:11,802 {'product': [ErrorDetail(string=""CUB MAGGI TABLETTE *10GX60 NESTLE n'est pas fourni par le fournisseur FOURNISSEUR CENTRALE"", code='invalid')]} - [L100133110CUB MAGGI TABLETTE *10GX60 NESTLE  00000175240000300000048000000000020000000170392000001900000 6181002003160 00000000000001752400036013] | 2026-04-07 12:12:11,818 {'product': [ErrorDetail(string=""PATES SPAGH N�1 .5 200G MAMAN n'est pas fourni par le fournisseur FOURNISSEUR CENTRALE"", code='invalid')]} - [L100049287PATES SPAGH N�1 .5 200G MAMAN      00000175040000400000120000000000030000000019293000000225000 6181100093117 00000000000001750400034361] | 2026-04-07 12:12:11,820 {'product': [ErrorDetail(string=""PATES VERMIC 250G PANZANI n'est pas fourni par le fournisseur FOURNISSEUR CENTRALE"", code='invalid')]} - [L100458741PATES VERMIC 250G PANZANI          00000175240000400000040000000000010000000035207000000460000 6181100094954 00000000000001752400036013] | 2026-04-07 12:12:11,836 {'product': [ErrorDetail(string=""PATES SPAGH N� 1. 5  500G MAMAN n'est pas fourni par le fournisseur FOURNISSEUR CENTRALE"", code='invalid')]} - [L100094302PATES SPAGH N� 1. 5  500G MAMAN    00000175040000500000020000000000010000000044145000000525000 6181100093131 00000000000001750400034361] | 2026-04-07 12:12:11,838 {'product': [ErrorDetail(string=""CAPUC CHOC 144G U n'est pas fourni par le fournisseur FOURNISSEUR CENTRALE"", code='invalid')]} - [L100461257CAPUC CHOC 144G U                  00000175240000500000012000000000010000000193402000002550000 3256220113519 00000000000001752400036029] | 2026-04-07 12:12:11,841 fin intégration: (504b6826-0bcb-4700-a5cf-dddcec703813) | fichier: /srv/import/368/Fac_368_00237010.LC | 6 lignes formatées | 5 lignes en erreurs | 1 lignes crées | 0 lignes mises à jour | 0 lignes supprimées | 2026-04-07 12:12:11,854 {'product': [ErrorDetail(string=""CUB MAGGI TABLETTE *10GX60 NESTLE n'est pas fourni par le fournisseur FOURNISSEUR CENTRALE"", code='invalid')]} - [L100133110CUB MAGGI TABLETTE *10GX60 NESTLE  00000175040000600000024000000000010000000170392000001900000 6181002003160 00000000000001750400034361] | 2026-04-07 12:12:11,871 {'product': [ErrorDetail(string=""PATES SPAGH N�1 .1  200G MAMAN n'est pas fourni par le fournisseur FOURNISSEUR CENTRALE"", code='invalid')]} - [L100207815PATES SPAGH N�1 .1  200G MAMAN     00000175040000700000120000000000030000000019293000000225000 6181100093186 00000000000001750400034361] | 2026-04-07 12:12:11,891 {'product': [ErrorDetail(string=""PATES SPAGH 200G ALYSSA n'est pas fourni par le fournisseur FOURNISSEUR CENTRALE"", code='invalid')]} - [L100411039PATES SPAGH 200G ALYSSA            00000175040000800000120000000000030000000015587000000190000 6181100092110 00000000000001750400034361] | 2026-04-07 12:12:11,909 {'product': [ErrorDetail(string=""PATES SPAGH 250G PANZANI n'est pas fourni par le fournisseur FOURNISSEUR CENTRALE"", code='invalid')]} - [L100458738PATES SPAGH 250G PANZANI           00000175040000900000080000000000020000000034880000000460000 6181100094893 00000000000001750400034361] | 2026-04-07 12:12:11,912 fin intégration: (b273ac9b-705e-40d8-a1a9-1cbc57b4745a) | fichier: /srv/import/357/Fac_357_00237049.LC | 10 lignes formatées | 9 lignes en erreurs | 1 lignes crées | 0 lignes mises à jour | 0 lignes supprimées";357;CASH IVOIRE U REMBLAIS
pos18;POS 18;2026-04-09T18:57:06.973160+00:00;504b6826-0bcb-4700-a5cf-dddcec703813;2026-04-07T12:12:11.678409;2026-04-07T12:12:11.873707;30;import de données;delivery;livraison;0;erreur;interne;"Extrait du rapport d'import: | 1 lignes crées | 0 lignes mises à jour | 0 lignes supprimées | 2026-04-07 12:12:11,663 fichier present: (['Fac_357_00237142.LC', 'Fac_357_00237050.LC', 'Fac_357_00237185.LC', 'Fac_357_00237049.LC', 'Fac_357_00237051.LC'] - delivery) dans /srv/import/357/ | 2026-04-07 12:12:11,665 10 lignes lu dans le fichier /srv/import/357/Fac_357_00237049.LC | 2026-04-07 12:12:11,665 lancement intégration: (b273ac9b-705e-40d8-a1a9-1cbc57b4745a) | 2026-04-07 12:12:11,675 fichier present: (['Fac_368_00237011.LC', 'Fac_368_00237010.LC', 'Fac_368_00237086.LC', 'Fac_368_00237012.LC'] - delivery) dans /srv/import/368/ | 2026-04-07 12:12:11,677 6 lignes lu dans le fichier /srv/import/368/Fac_368_00237010.LC | 2026-04-07 12:12:11,677 lancement intégration: (504b6826-0bcb-4700-a5cf-dddcec703813) | 2026-04-07 12:12:11,763 {'product': [ErrorDetail(string=""PATES TORTI CELLO 500G PANZANI n'est pas fourni par le fournisseur FOURNISSEUR CENTRALE"", code='invalid')]} - [L011011280PATES TORTI CELLO 500G PANZANI     00000175040000100000012000000000010000000126024000001700000 3038350013606 00000000000001750400034361] | 2026-04-07 12:12:11,765 {'product': [ErrorDetail(string=""BOUILL TAB CREVET 60X10G MAGGI n'est pas fourni par le fournisseur FOURNISSEUR CENTRALE"", code='invalid')]} - [L013013134BOUILL TAB CREVET 60X10G MAGGI     00000175240000100000024000000000010000000160126000001800000 6181002003146 00000000000001752400036013] | 2026-04-07 12:12:11,781 {'product': [ErrorDetail(string=""CUB MAGGI POULET TABLET (60x10G) n'est pas fourni par le fournisseur FOURNISSEUR CENTRALE"", code='invalid')]} - [L013013133CUB MAGGI POULET TABLET (60x10G)   00000175040000200000024000000000010000000170392000001900000 6181002003023 00000000000001750400034361] | 2026-04-07 12:12:11,783 {'product': [ErrorDetail(string=""PATES SPAGH 4540G MAMAN n'est pas fourni par le fournisseur FOURNISSEUR CENTRALE"", code='invalid')]} - [L100049290PATES SPAGH 4540G MAMAN            00000175240000200000006000000000060000000368529000004150000 6181100093155 00000000000001752400036013] | 2026-04-07 12:12:11,799 {'product': [ErrorDetail(string=""BOUILL TAB CREVET 60X10G MAGGI n'est pas fourni par le fournisseur FOURNISSEUR CENTRALE"", code='invalid')]} - [L013013134BOUILL TAB CREVET 60X10G MAGGI     00000175040000300000024000000000010000000160126000001800000 6181002003146 00000000000001750400034361] | 2026-04-07 12:12:11,802 {'product': [ErrorDetail(string=""CUB MAGGI TABLETTE *10GX60 NESTLE n'est pas fourni par le fournisseur FOURNISSEUR CENTRALE"", code='invalid')]} - [L100133110CUB MAGGI TABLETTE *10GX60 NESTLE  00000175240000300000048000000000020000000170392000001900000 6181002003160 00000000000001752400036013] | 2026-04-07 12:12:11,818 {'product': [ErrorDetail(string=""PATES SPAGH N�1 .5 200G MAMAN n'est pas fourni par le fournisseur FOURNISSEUR CENTRALE"", code='invalid')]} - [L100049287PATES SPAGH N�1 .5 200G MAMAN      00000175040000400000120000000000030000000019293000000225000 6181100093117 00000000000001750400034361] | 2026-04-07 12:12:11,820 {'product': [ErrorDetail(string=""PATES VERMIC 250G PANZANI n'est pas fourni par le fournisseur FOURNISSEUR CENTRALE"", code='invalid')]} - [L100458741PATES VERMIC 250G PANZANI          00000175240000400000040000000000010000000035207000000460000 6181100094954 00000000000001752400036013] | 2026-04-07 12:12:11,836 {'product': [ErrorDetail(string=""PATES SPAGH N� 1. 5  500G MAMAN n'est pas fourni par le fournisseur FOURNISSEUR CENTRALE"", code='invalid')]} - [L100094302PATES SPAGH N� 1. 5  500G MAMAN    00000175040000500000020000000000010000000044145000000525000 6181100093131 00000000000001750400034361] | 2026-04-07 12:12:11,838 {'product': [ErrorDetail(string=""CAPUC CHOC 144G U n'est pas fourni par le fournisseur FOURNISSEUR CENTRALE"", code='invalid')]} - [L100461257CAPUC CHOC 144G U                  00000175240000500000012000000000010000000193402000002550000 3256220113519 00000000000001752400036029] | 2026-04-07 12:12:11,841 fin intégration: (504b6826-0bcb-4700-a5cf-dddcec703813) | fichier: /srv/import/368/Fac_368_00237010.LC | 6 lignes formatées | 5 lignes en erreurs | 1 lignes crées | 0 lignes mises à jour | 0 lignes supprimées | 2026-04-07 12:12:11,854 {'product': [ErrorDetail(string=""CUB MAGGI TABLETTE *10GX60 NESTLE n'est pas fourni par le fournisseur FOURNISSEUR CENTRALE"", code='invalid')]} - [L100133110CUB MAGGI TABLETTE *10GX60 NESTLE  00000175040000600000024000000000010000000170392000001900000 6181002003160 00000000000001750400034361] | 2026-04-07 12:12:11,871 {'product': [ErrorDetail(string=""PATES SPAGH N�1 .1  200G MAMAN n'est pas fourni par le fournisseur FOURNISSEUR CENTRALE"", code='invalid')]} - [L100207815PATES SPAGH N�1 .1  200G MAMAN     00000175040000700000120000000000030000000019293000000225000 6181100093186 00000000000001750400034361]";368;CASH IVOIRE U SADIGUIBA
pos18;POS 18;2026-04-09T18:57:06.973160+00:00;0a9b3270-bc88-42cb-92bd-e2b11f7a41a7;2026-04-07T12:11:11.667580;2026-04-07T12:11:11.837810;30;import de données;delivery;livraison;0;erreur;interne;"Extrait du rapport d'import: | 0 lignes supprimées | 2026-04-07 12:11:11,655 fichier present: (['Fac_357_00237048.LC', 'Fac_357_00237142.LC', 'Fac_357_00237050.LC', 'Fac_357_00237185.LC', 'Fac_357_00237049.LC', 'Fac_357_00237051.LC'] - delivery) dans /srv/import/357/ | 2026-04-07 12:11:11,657 3 lignes lu dans le fichier /srv/import/357/Fac_357_00237048.LC | 2026-04-07 12:11:11,657 lancement intégration: (6830d345-3b54-4a2c-abe1-3bc967c8d31f) | 2026-04-07 12:11:11,663 fichier present: (['Fac_368_00237011.LC', 'Fac_368_00237010.LC', 'Fac_368_00237086.LC', 'Fac_368_00237012.LC', 'Fac_368_00237009.LC'] - delivery) dans /srv/import/368/ | 2026-04-07 12:11:11,666 5 lignes lu dans le fichier /srv/import/368/Fac_368_00237009.LC | 2026-04-07 12:11:11,666 lancement intégration: (0a9b3270-bc88-42cb-92bd-e2b11f7a41a7) | 2026-04-07 12:11:11,745 {'product': [ErrorDetail(string=""CEREAL LACTEE MIEL&LAIT 250G BLEDIN n'est pas fourni par le fournisseur FOURNISSEUR CENTRALE"", code='invalid')]} - [L025025670CEREAL LACTEE MIEL&LAIT 250G BLEDIN00000175020000100000012000000000010000000183011000002000000 3041091606280 00000000000001750200034361] | 2026-04-07 12:11:11,748 {'product': [ErrorDetail(string=""LAIT C N S 150G BR BLEU n'est pas fourni par le fournisseur FOURNISSEUR CENTRALE"", code='invalid')]} - [L100045268LAIT C N S 150G BR BLEU            00000175220000100000048000000000010000000037060000000450000 6186000208777 00000000000001752200036029] | 2026-04-07 12:11:11,763 {'product': [ErrorDetail(string=""CEREAL PHOSPHAT MIEL 190G/200G BLED n'est pas fourni par le fournisseur FOURNISSEUR CENTRALE"", code='invalid')]} - [L100285792CEREAL PHOSPHAT MIEL 190G/200G BLED00000175020000200000012000000000010000000112270000001250000 3041091879172 00000000000001750200034361] | 2026-04-07 12:11:11,766 {'product': [ErrorDetail(string=""MARG DELICIA 900G SANIA n'est pas fourni par le fournisseur FOURNISSEUR CENTRALE"", code='invalid')]} - [L100226550MARG DELICIA 900G SANIA            00000175220000200000012000000000010000000145966000001750000 6181100227031 00000000000001752200036029] | 2026-04-07 12:11:11,766 fin intégration: (6830d345-3b54-4a2c-abe1-3bc967c8d31f) | fichier: /srv/import/357/Fac_357_00237048.LC | 3 lignes formatées | 2 lignes en erreurs | 1 lignes crées | 0 lignes mises à jour | 0 lignes supprimées | 2026-04-07 12:11:11,783 {'product': [ErrorDetail(string=""CEREAL CORN FLAKES 375G BLONDOR n'est pas fourni par le fournisseur FOURNISSEUR CENTRALE"", code='invalid')]} - [L100392933CEREAL CORN FLAKES 375G BLONDOR    00000175220000300000012000000000010000000155642000001990000 4008713708134 00000000000001752200036029] | 2026-04-07 12:11:11,799 {'product': [ErrorDetail(string=""LAIT PDRE ENTIER 360G SCHT BNET RGE n'est pas fourni par le fournisseur FOURNISSEUR CENTRALE"", code='invalid')]} - [L100484629LAIT PDRE ENTIER 360G SCHT BNET RGE00000175220000400000018000000000030000000161320000002000000 6186000208371 00000000000001752200036029] | 2026-04-07 12:11:11,804 fin intégration: (0a9b3270-bc88-42cb-92bd-e2b11f7a41a7) | fichier: /srv/import/368/Fac_368_00237009.LC | 5 lignes formatées | 4 lignes en erreurs | 1 lignes crées | 0 lignes mises à jour | 0 lignes supprimées";368;CASH IVOIRE U SADIGUIBA
pos18;POS 18;2026-04-09T18:57:06.973160+00:00;6830d345-3b54-4a2c-abe1-3bc967c8d31f;2026-04-07T12:11:11.657811;2026-04-07T12:11:11.786270;30;import de données;delivery;livraison;0;erreur;interne;"Extrait du rapport d'import: | 2026-04-07 12:10:12,126 {'product': [ErrorDetail(string=""TOM CONC SACHETS 56G ALYSSA n'est pas fourni par le fournisseur FOURNISSEUR CENTRALE"", code='invalid')]} - [L100449529TOM CONC SACHETS 56G ALYSSA        00000175190001200000200000000000040000000007198000000080000 6186000182831 00000000000001751900036013] | 2026-04-07 12:10:12,142 {'product': [ErrorDetail(string=""HUIL COLZA 1L U n'est pas fourni par le fournisseur FOURNISSEUR CENTRALE"", code='invalid')]} - [L100461385HUIL COLZA 1L U                    00000175190001300000015000000000010000000212400000002900000 3256221712254 00000000000001751900036013] | 2026-04-07 12:10:12,160 {'product': [ErrorDetail(string=""HUIL TOURN 1L PXM n'est pas fourni par le fournisseur FOURNISSEUR CENTRALE"", code='invalid')]} - [L100631296HUIL TOURN 1L PXM                  00000175190001400000030000000000020000000197532000002500000 3660992011636 00000000000001751900036013] | 2026-04-07 12:10:12,164 fin intégration: (122f3840-2457-4ead-abb8-2bd231bdf58b) | fichier: /srv/import/368/Fac_368_00237008.LC | 21 lignes formatées | 20 lignes en erreurs | 1 lignes crées | 0 lignes mises à jour | 0 lignes supprimées | 2026-04-07 12:11:11,655 fichier present: (['Fac_357_00237048.LC', 'Fac_357_00237142.LC', 'Fac_357_00237050.LC', 'Fac_357_00237185.LC', 'Fac_357_00237049.LC', 'Fac_357_00237051.LC'] - delivery) dans /srv/import/357/ | 2026-04-07 12:11:11,657 3 lignes lu dans le fichier /srv/import/357/Fac_357_00237048.LC | 2026-04-07 12:11:11,657 lancement intégration: (6830d345-3b54-4a2c-abe1-3bc967c8d31f) | 2026-04-07 12:11:11,663 fichier present: (['Fac_368_00237011.LC', 'Fac_368_00237010.LC', 'Fac_368_00237086.LC', 'Fac_368_00237012.LC', 'Fac_368_00237009.LC'] - delivery) dans /srv/import/368/ | 2026-04-07 12:11:11,666 5 lignes lu dans le fichier /srv/import/368/Fac_368_00237009.LC | 2026-04-07 12:11:11,666 lancement intégration: (0a9b3270-bc88-42cb-92bd-e2b11f7a41a7) | 2026-04-07 12:11:11,745 {'product': [ErrorDetail(string=""CEREAL LACTEE MIEL&LAIT 250G BLEDIN n'est pas fourni par le fournisseur FOURNISSEUR CENTRALE"", code='invalid')]} - [L025025670CEREAL LACTEE MIEL&LAIT 250G BLEDIN00000175020000100000012000000000010000000183011000002000000 3041091606280 00000000000001750200034361] | 2026-04-07 12:11:11,748 {'product': [ErrorDetail(string=""LAIT C N S 150G BR BLEU n'est pas fourni par le fournisseur FOURNISSEUR CENTRALE"", code='invalid')]} - [L100045268LAIT C N S 150G BR BLEU            00000175220000100000048000000000010000000037060000000450000 6186000208777 00000000000001752200036029] | 2026-04-07 12:11:11,763 {'product': [ErrorDetail(string=""CEREAL PHOSPHAT MIEL 190G/200G BLED n'est pas fourni par le fournisseur FOURNISSEUR CENTRALE"", code='invalid')]} - [L100285792CEREAL PHOSPHAT MIEL 190G/200G BLED00000175020000200000012000000000010000000112270000001250000 3041091879172 00000000000001750200034361] | 2026-04-07 12:11:11,766 {'product': [ErrorDetail(string=""MARG DELICIA 900G SANIA n'est pas fourni par le fournisseur FOURNISSEUR CENTRALE"", code='invalid')]} - [L100226550MARG DELICIA 900G SANIA            00000175220000200000012000000000010000000145966000001750000 6181100227031 00000000000001752200036029] | 2026-04-07 12:11:11,766 fin intégration: (6830d345-3b54-4a2c-abe1-3bc967c8d31f) | fichier: /srv/import/357/Fac_357_00237048.LC | 3 lignes formatées | 2 lignes en erreurs | 1 lignes crées | 0 lignes mises à jour | 0 lignes supprimées | 2026-04-07 12:11:11,783 {'product': [ErrorDetail(string=""CEREAL CORN FLAKES 375G BLONDOR n'est pas fourni par le fournisseur FOURNISSEUR CENTRALE"", code='invalid')]} - [L100392933CEREAL CORN FLAKES 375G BLONDOR    00000175220000300000012000000000010000000155642000001990000 4008713708134 00000000000001752200036029]";357;CASH IVOIRE U REMBLAIS
pos18;POS 18;2026-04-09T18:57:06.973160+00:00;122f3840-2457-4ead-abb8-2bd231bdf58b;2026-04-07T12:10:11.680633;2026-04-07T12:10:12.195343;30;import de données;delivery;livraison;0;erreur;interne;"Extrait du rapport d'import: | 2026-04-07 12:10:11,991 {'product': [ErrorDetail(string=""RIZ RIZIERE LG VIET PARF 5KG n'est pas fourni par le fournisseur FOURNISSEUR CENTRALE"", code='invalid')]} - [L100306691RIZ RIZIERE LG VIET PARF 5KG       00000175190000700000015000000000030000000309500000003350000 6186000182954 00000000000001751900036013] | 2026-04-07 12:10:12,000 {'product': [ErrorDetail(string=""MAYO MIA 45CL SIPROCHIM n'est pas fourni par le fournisseur FOURNISSEUR CENTRALE"", code='invalid')]} - [L100615476MAYO MIA 45CL SIPROCHIM            00000175000001100000012000000000020000000091450000001100000 6186000341412 00000000000001750000034361] | 2026-04-07 12:10:12,007 {'product': [ErrorDetail(string=""RIZ RIZIERE LG VIET PARF 5KG n'est pas fourni par le fournisseur FOURNISSEUR CENTRALE"", code='invalid')]} - [L100306691RIZ RIZIERE LG VIET PARF 5KG       00000175200001800000035000000000070000000309500000003350000 6186000182954 00000000000001752000036013] | 2026-04-07 12:10:12,017 {'product': [ErrorDetail(string=""MOUT 45CL/490G AROMATE n'est pas fourni par le fournisseur FOURNISSEUR CENTRALE"", code='invalid')]} - [L100643570MOUT 45CL/490G AROMATE             00000175000001200000018000000000030000000161896000002000000 6186000341788 00000000000001750000034361] | 2026-04-07 12:10:12,024 {'product': [ErrorDetail(string=""RIZ VIET PARF 4,5KG MAMAN n'est pas fourni par le fournisseur FOURNISSEUR CENTRALE"", code='invalid')]} - [L100317388RIZ VIET PARF 4,5KG MAMAN          00000175200001900000040000000000080000000236600000002550000 6186000182183 00000000000001752000036013] | 2026-04-07 12:10:12,034 {'product': [ErrorDetail(string=""MAYO 47,5CL TOP MAYO n'est pas fourni par le fournisseur FOURNISSEUR CENTRALE"", code='invalid')]} - [L100697634MAYO 47,5CL TOP MAYO               00000175000001300000012000000000010000000099946000001250000 6186000820733 00000000000001750000034361] | 2026-04-07 12:10:12,036 fin intégration: (4d429670-56a9-417e-bb7a-03960e2e832f) | fichier: /srv/import/357/Fac_357_00237047.LC | 14 lignes formatées | 13 lignes en erreurs | 1 lignes crées | 0 lignes mises à jour | 0 lignes supprimées | 2026-04-07 12:10:12,040 {'product': [ErrorDetail(string=""HUIL VEG 3L AYA n'est pas fourni par le fournisseur FOURNISSEUR CENTRALE"", code='invalid')]} - [L100334421HUIL VEG 3L AYA                    00000175190000800000030000000000050000000343262000003775000 6186000195206 00000000000001751900036013] | 2026-04-07 12:10:12,056 {'product': [ErrorDetail(string=""HUIL VEG 1,5L DINOR n'est pas fourni par le fournisseur FOURNISSEUR CENTRALE"", code='invalid')]} - [L100362462HUIL VEG 1,5L DINOR                00000175190000900000120000000000100000000163430000001775000 6181100223026 00000000000001751900036013] | 2026-04-07 12:10:12,073 {'product': [ErrorDetail(string=""HUIL VEG X6 1,5L DINOR n'est pas fourni par le fournisseur FOURNISSEUR CENTRALE"", code='invalid')]} - [L100362837HUIL VEG X6 1,5L DINOR             00000175190001000000007000000000070000000969488000010650000 6181100222043 00000000000001751900036013] | 2026-04-07 12:10:12,092 {'product': [ErrorDetail(string=""PATE BOEUF 1/10 78G HASSALAM n'est pas fourni par le fournisseur FOURNISSEUR CENTRALE"", code='invalid')]} - [L100397609PATE BOEUF 1/10 78G HASSALAM       00000175200002000000060000000000010000000035990000000475000 3434350007261 00000000000001752000036013] | 2026-04-07 12:10:12,109 {'product': [ErrorDetail(string=""TOM CONC 400G SACHETS ALYSSA n'est pas fourni par le fournisseur FOURNISSEUR CENTRALE"", code='invalid')]} - [L100449479TOM CONC 400G SACHETS ALYSSA       00000175190001100000048000000000020000000029500000000325000 6181100570199 00000000000001751900036013] | 2026-04-07 12:10:12,126 {'product': [ErrorDetail(string=""TOM CONC SACHETS 56G ALYSSA n'est pas fourni par le fournisseur FOURNISSEUR CENTRALE"", code='invalid')]} - [L100449529TOM CONC SACHETS 56G ALYSSA        00000175190001200000200000000000040000000007198000000080000 6186000182831 00000000000001751900036013] | 2026-04-07 12:10:12,142 {'product': [ErrorDetail(string=""HUIL COLZA 1L U n'est pas fourni par le fournisseur FOURNISSEUR CENTRALE"", code='invalid')]} - [L100461385HUIL COLZA 1L U                    00000175190001300000015000000000010000000212400000002900000 3256221712254 00000000000001751900036013] | 2026-04-07 12:10:12,160 {'product': [ErrorDetail(string=""HUIL TOURN 1L PXM n'est pas fourni par le fournisseur FOURNISSEUR CENTRALE"", code='invalid')]} - [L100631296HUIL TOURN 1L PXM                  00000175190001400000030000000000020000000197532000002500000 3660992011636 00000000000001751900036013] | 2026-04-07 12:10:12,164 fin intégration: (122f3840-2457-4ead-abb8-2bd231bdf58b) | fichier: /srv/import/368/Fac_368_00237008.LC | 21 lignes formatées | 20 lignes en erreurs | 1 lignes crées | 0 lignes mises à jour | 0 lignes supprimées";368;CASH IVOIRE U SADIGUIBA
pos18;POS 18;2026-04-09T18:57:06.973160+00:00;4d429670-56a9-417e-bb7a-03960e2e832f;2026-04-07T12:10:11.666270;2026-04-07T12:10:12.058611;30;import de données;delivery;livraison;0;erreur;interne;"Extrait du rapport d'import: | 2026-04-07 12:10:11,869 {'product': [ErrorDetail(string=""CONC TOM 800G SOLEMIO FANA n'est pas fourni par le fournisseur FOURNISSEUR CENTRALE"", code='invalid')]} - [L014014981CONC TOM 800G SOLEMIO FANA         00000175190000300000024000000000020000000182310000002100000 8010966216959 00000000000001751900036013] | 2026-04-07 12:10:11,885 {'product': [ErrorDetail(string=""PATE ABATS BOEUF 1/10 JFLOCH n'est pas fourni par le fournisseur FOURNISSEUR CENTRALE"", code='invalid')]} - [L100023790PATE ABATS BOEUF 1/10 JFLOCH       00000175000000400000060000000000010000000035990000000475000 3434350001757 00000000000001750000034361] | 2026-04-07 12:10:11,886 {'product': [ErrorDetail(string=""HUIl VEG 90CL DINOR n'est pas fourni par le fournisseur FOURNISSEUR CENTRALE"", code='invalid')]} - [L017017561HUIl VEG 90CL DINOR                00000175190000400000150000000000100000000111392000001200000 6181100220063 00000000000001751900036013] | 2026-04-07 12:10:11,901 {'product': [ErrorDetail(string=""PATE BOEUF 1/6 130G JEAN FLOCH n'est pas fourni par le fournisseur FOURNISSEUR CENTRALE"", code='invalid')]} - [L100282096PATE BOEUF 1/6 130G JEAN FLOCH     00000175000000500000040000000000010000000044486000000550000 3434350006813 00000000000001750000034361] | 2026-04-07 12:10:11,906 {'product': [ErrorDetail(string=""SEL F SCHT 500G LA BALEINE n'est pas fourni par le fournisseur FOURNISSEUR CENTRALE"", code='invalid')]} - [L100025679SEL F SCHT 500G LA BALEINE         00000175200001500000020000000000010000000030208000000425000 3183280000964 00000000000001752000036013] | 2026-04-07 12:10:11,918 {'product': [ErrorDetail(string=""HUIL VEG 1,5L AYA n'est pas fourni par le fournisseur FOURNISSEUR CENTRALE"", code='invalid')]} - [L100384863HUIL VEG 1,5L AYA                  00000175000000600000012000000000010000000163312000001775000 6186000195121 00000000000001750000034361] | 2026-04-07 12:10:11,923 {'product': [ErrorDetail(string=""RIZ VIET LG 5% MAMAN 5KG n'est pas fourni par le fournisseur FOURNISSEUR CENTRALE"", code='invalid')]} - [L100094244RIZ VIET LG 5% MAMAN 5KG           00000175200001600000050000000000100000000286000000003100000 2001000942442 00000000000001752000036013] | 2026-04-07 12:10:11,934 {'product': [ErrorDetail(string=""VINAIGR BLC 8� 90CL AROMATE n'est pas fourni par le fournisseur FOURNISSEUR CENTRALE"", code='invalid')]} - [L100438238VINAIGR BLC 8� 90CL AROMATE        00000175000000700000012000000000010000000058528000000750000 6186000106998 00000000000001750000034361] | 2026-04-07 12:10:11,940 {'product': [ErrorDetail(string=""PATE BOEUF 400G JEAN FLOCH n'est pas fourni par le fournisseur FOURNISSEUR CENTRALE"", code='invalid')]} - [L100126004PATE BOEUF 400G JEAN FLOCH         00000175200001700000020000000000010000000100654000001275000 3434350004666 00000000000001752000036029] | 2026-04-07 12:10:11,951 {'product': [ErrorDetail(string=""RIZ VIET PREMIUM 900G DINOR n'est pas fourni par le fournisseur FOURNISSEUR CENTRALE"", code='invalid')]} - [L100455084RIZ VIET PREMIUM 900G DINOR        00000175000000800000020000000000010000000054100000000625000 6181100229462 00000000000001750000034361] | 2026-04-07 12:10:11,957 {'product': [ErrorDetail(string=""MAYO 250ML AROMATE n'est pas fourni par le fournisseur FOURNISSEUR CENTRALE"", code='invalid')]} - [L100188914MAYO 250ML AROMATE                 00000175190000500000048000000000040000000078942000000975000 6186000820047 00000000000001751900036013] | 2026-04-07 12:10:11,967 {'product': [ErrorDetail(string=""VINAIGR CIDRE BTLLE BIO 50CL U n'est pas fourni par le fournisseur FOURNISSEUR CENTRALE"", code='invalid')]} - [L100460613VINAIGR CIDRE BTLLE BIO 50CL U     00000175000000900000012000000000020000000145966000002050000 3256220280129 00000000000001750000034361] | 2026-04-07 12:10:11,974 {'product': [ErrorDetail(string=""HUIL TOURN 0,9L AROMATE n'est pas fourni par le fournisseur FOURNISSEUR CENTRALE"", code='invalid')]} - [L100295642HUIL TOURN 0,9L AROMATE            00000175190000600000024000000000020000000195172000002450000 6186000106295 00000000000001751900036013] | 2026-04-07 12:10:11,984 {'product': [ErrorDetail(string=""VINAIGR CIDRE 5� 75CL U n'est pas fourni par le fournisseur FOURNISSEUR CENTRALE"", code='invalid')]} - [L100462228VINAIGR CIDRE 5� 75CL U            00000175000001000000006000000000010000000118354000001500000 3256221510072 00000000000001750000034361] | 2026-04-07 12:10:11,991 {'product': [ErrorDetail(string=""RIZ RIZIERE LG VIET PARF 5KG n'est pas fourni par le fournisseur FOURNISSEUR CENTRALE"", code='invalid')]} - [L100306691RIZ RIZIERE LG VIET PARF 5KG       00000175190000700000015000000000030000000309500000003350000 6186000182954 00000000000001751900036013] | 2026-04-07 12:10:12,000 {'product': [ErrorDetail(string=""MAYO MIA 45CL SIPROCHIM n'est pas fourni par le fournisseur FOURNISSEUR CENTRALE"", code='invalid')]} - [L100615476MAYO MIA 45CL SIPROCHIM            00000175000001100000012000000000020000000091450000001100000 6186000341412 00000000000001750000034361] | 2026-04-07 12:10:12,007 {'product': [ErrorDetail(string=""RIZ RIZIERE LG VIET PARF 5KG n'est pas fourni par le fournisseur FOURNISSEUR CENTRALE"", code='invalid')]} - [L100306691RIZ RIZIERE LG VIET PARF 5KG       00000175200001800000035000000000070000000309500000003350000 6186000182954 00000000000001752000036013] | 2026-04-07 12:10:12,017 {'product': [ErrorDetail(string=""MOUT 45CL/490G AROMATE n'est pas fourni par le fournisseur FOURNISSEUR CENTRALE"", code='invalid')]} - [L100643570MOUT 45CL/490G AROMATE             00000175000001200000018000000000030000000161896000002000000 6186000341788 00000000000001750000034361] | 2026-04-07 12:10:12,024 {'product': [ErrorDetail(string=""RIZ VIET PARF 4,5KG MAMAN n'est pas fourni par le fournisseur FOURNISSEUR CENTRALE"", code='invalid')]} - [L100317388RIZ VIET PARF 4,5KG MAMAN          00000175200001900000040000000000080000000236600000002550000 6186000182183 00000000000001752000036013] | 2026-04-07 12:10:12,034 {'product': [ErrorDetail(string=""MAYO 47,5CL TOP MAYO n'est pas fourni par le fournisseur FOURNISSEUR CENTRALE"", code='invalid')]} - [L100697634MAYO 47,5CL TOP MAYO               00000175000001300000012000000000010000000099946000001250000 6186000820733 00000000000001750000034361] | 2026-04-07 12:10:12,036 fin intégration: (4d429670-56a9-417e-bb7a-03960e2e832f) | fichier: /srv/import/357/Fac_357_00237047.LC | 14 lignes formatées | 13 lignes en erreurs | 1 lignes crées | 0 lignes mises à jour | 0 lignes supprimées | 2026-04-07 12:10:12,040 {'product': [ErrorDetail(string=""HUIL VEG 3L AYA n'est pas fourni par le fournisseur FOURNISSEUR CENTRALE"", code='invalid')]} - [L100334421HUIL VEG 3L AYA                    00000175190000800000030000000000050000000343262000003775000 6186000195206 00000000000001751900036013] | 2026-04-07 12:10:12,056 {'product': [ErrorDetail(string=""HUIL VEG 1,5L DINOR n'est pas fourni par le fournisseur FOURNISSEUR CENTRALE"", code='invalid')]} - [L100362462HUIL VEG 1,5L DINOR                00000175190000900000120000000000100000000163430000001775000 6181100223026 00000000000001751900036013]";357;CASH IVOIRE U REMBLAIS
pos18;POS 18;2026-04-09T18:57:06.973160+00:00;aa637f15-3b03-477e-ae9b-1688ebc3d238;2026-04-06T23:19:10.457398;2026-04-06T23:19:25.915698;30;import de données;price_updater;mise à jour de prix;2;succès;interne;Import mise à jour de prix: | fin intégration: (aa637f15-3b03-477e-ae9b-1688ebc3d238) | fichier: /srv/import/376/420_pricing_20260406193259.csv | 492 lignes formatées | 0 lignes en erreurs | 2 lignes crées | 0 lignes mises à jour | 0 lignes supprimées;376;CASH IVOIRE U SICOGI ANGRE
pos18;POS 18;2026-04-09T18:57:06.973160+00:00;761a08c7-33b3-46c6-b55a-cc91c6383a89;2026-04-06T23:19:10.446245;2026-04-06T23:19:25.793495;30;import de données;price_updater;mise à jour de prix;2;succès;interne;Import mise à jour de prix: | fin intégration: (761a08c7-33b3-46c6-b55a-cc91c6383a89) | fichier: /srv/import/372/420_pricing_20260406193259.csv | 492 lignes formatées | 0 lignes en erreurs | 2 lignes crées | 0 lignes mises à jour | 0 lignes supprimées;372;CASH IVOIRE U MAROC
pos18;POS 18;2026-04-09T18:57:06.973160+00:00;72cdbaf8-9861-4255-8a4b-443ecb7fb06b;2026-04-06T23:19:10.434341;2026-04-06T23:19:22.611725;30;import de données;price_updater;mise à jour de prix;2;succès;interne;Import mise à jour de prix: | fin intégration: (72cdbaf8-9861-4255-8a4b-443ecb7fb06b) | fichier: /srv/import/368/420_pricing_20260406193259.csv | 492 lignes formatées | 0 lignes en erreurs | 2 lignes crées | 0 lignes mises à jour | 0 lignes supprimées;368;CASH IVOIRE U SADIGUIBA
pos18;POS 18;2026-04-09T18:57:06.973160+00:00;abfe185c-f46a-4680-8465-64a49da7d7d8;2026-04-06T23:19:10.414638;2026-04-06T23:19:18.502960;30;import de données;price_updater;mise à jour de prix;2;succès;interne;Import mise à jour de prix: | fin intégration: (abfe185c-f46a-4680-8465-64a49da7d7d8) | fichier: /srv/import/354/420_pricing_20260406193259.csv | 492 lignes formatées | 0 lignes en erreurs | 2 lignes crées | 0 lignes mises à jour | 0 lignes supprimées;354;CASH IVOIRE U TOITS ROUGES
pos18;POS 18;2026-04-09T18:57:06.973160+00:00;174d52da-653b-4b96-bc5a-fb067d890996;2026-04-06T23:19:10.402363;2026-04-06T23:19:18.492941;30;import de données;price_updater;mise à jour de prix;2;succès;interne;Import mise à jour de prix: | fin intégration: (174d52da-653b-4b96-bc5a-fb067d890996) | fichier: /srv/import/378/420_pricing_20260406193259.csv | 492 lignes formatées | 0 lignes en erreurs | 2 lignes crées | 0 lignes mises à jour | 0 lignes supprimées;378;CASH IVOIRE DJE KONAN
pos18;POS 18;2026-04-09T18:57:06.973160+00:00;243c4c59-8794-4d46-bdbc-0afc22d5505a;2026-04-06T23:19:10.425584;2026-04-06T23:19:18.434984;30;import de données;price_updater;mise à jour de prix;2;succès;interne;Import mise à jour de prix: | fin intégration: (243c4c59-8794-4d46-bdbc-0afc22d5505a) | fichier: /srv/import/357/420_pricing_20260406193259.csv | 492 lignes formatées | 0 lignes en erreurs | 2 lignes crées | 0 lignes mises à jour | 0 lignes supprimées;357;CASH IVOIRE U REMBLAIS
pos18;POS 18;2026-04-09T18:57:06.973160+00:00;9ea6dc2e-6f9d-46cf-b637-82321f38b6e7;2026-04-06T23:18:10.464184;2026-04-06T23:18:10.507195;30;import de données;price_updater;mise à jour de prix;2;succès;interne;Import mise à jour de prix: | fin intégration: (9ea6dc2e-6f9d-46cf-b637-82321f38b6e7) | fichier: /srv/import/376/999_pricing_20260406193059.csv | 0 lignes formatées | 0 lignes en erreurs | 0 lignes crées | 0 lignes mises à jour | 0 lignes supprimées;376;CASH IVOIRE U SICOGI ANGRE
pos18;POS 18;2026-04-09T18:57:06.973160+00:00;96240ff3-3a37-42db-8a7e-ce80f357c55d;2026-04-06T23:18:10.453428;2026-04-06T23:18:10.491124;30;import de données;price_updater;mise à jour de prix;2;succès;interne;Import mise à jour de prix: | fin intégration: (96240ff3-3a37-42db-8a7e-ce80f357c55d) | fichier: /srv/import/372/999_pricing_20260406193059.csv | 0 lignes formatées | 0 lignes en erreurs | 0 lignes crées | 0 lignes mises à jour | 0 lignes supprimées;372;CASH IVOIRE U MAROC
pos18;POS 18;2026-04-09T18:57:06.973160+00:00;9b923fe8-5e7b-4fcc-bb8a-851483012c07;2026-04-06T23:18:10.444317;2026-04-06T23:18:10.486410;30;import de données;price_updater;mise à jour de prix;2;succès;interne;Import mise à jour de prix: | fin intégration: (9b923fe8-5e7b-4fcc-bb8a-851483012c07) | fichier: /srv/import/368/999_pricing_20260406193059.csv | 0 lignes formatées | 0 lignes en erreurs | 0 lignes crées | 0 lignes mises à jour | 0 lignes supprimées;368;CASH IVOIRE U SADIGUIBA
pos18;POS 18;2026-04-09T18:57:06.973160+00:00;d57d566f-4a86-4729-b8c8-1694ff94d84b;2026-04-06T23:18:10.429912;2026-04-06T23:18:10.484235;30;import de données;price_updater;mise à jour de prix;2;succès;interne;Import mise à jour de prix: | fin intégration: (d57d566f-4a86-4729-b8c8-1694ff94d84b) | fichier: /srv/import/357/999_pricing_20260406193059.csv | 0 lignes formatées | 0 lignes en erreurs | 0 lignes crées | 0 lignes mises à jour | 0 lignes supprimées;357;CASH IVOIRE U REMBLAIS
pos18;POS 18;2026-04-09T18:57:06.973160+00:00;68ab8120-0b4e-424b-b9c4-f02576401451;2026-04-06T23:18:10.420162;2026-04-06T23:18:10.456588;30;import de données;price_updater;mise à jour de prix;2;succès;interne;Import mise à jour de prix: | fin intégration: (68ab8120-0b4e-424b-b9c4-f02576401451) | fichier: /srv/import/354/999_pricing_20260406193059.csv | 0 lignes formatées | 0 lignes en erreurs | 0 lignes crées | 0 lignes mises à jour | 0 lignes supprimées;354;CASH IVOIRE U TOITS ROUGES
pos18;POS 18;2026-04-09T18:57:06.973160+00:00;5387d5b2-5bae-4399-9dcb-e23f0bd7bd60;2026-04-06T23:18:10.410740;2026-04-06T23:18:10.446335;30;import de données;price_updater;mise à jour de prix;2;succès;interne;Import mise à jour de prix: | fin intégration: (5387d5b2-5bae-4399-9dcb-e23f0bd7bd60) | fichier: /srv/import/378/999_pricing_20260406193059.csv | 0 lignes formatées | 0 lignes en erreurs | 0 lignes crées | 0 lignes mises à jour | 0 lignes supprimées;378;CASH IVOIRE DJE KONAN
pos18;POS 18;2026-04-09T18:57:06.973160+00:00;207c2d40-9f73-43c0-baf6-4a4ff623e2be;2026-04-06T23:17:10.470320;2026-04-06T23:17:11.129453;30;import de données;product_suppliers;affectation des fournisseurs aux articles;2;succès;interne;Import affectation des fournisseurs aux articles: | fin intégration: (207c2d40-9f73-43c0-baf6-4a4ff623e2be) | fichier: /srv/import/376/420_productssuppliers_20260406193257.csv | 2 lignes formatées | 0 lignes en erreurs | 0 lignes crées | 2 lignes mises à jour | 0 lignes supprimées;376;CASH IVOIRE U SICOGI ANGRE
pos18;POS 18;2026-04-09T18:57:06.973160+00:00;88325a4c-d85b-400f-96ab-c1e64c3b9eca;2026-04-06T23:17:10.458734;2026-04-06T23:17:10.965990;30;import de données;product_suppliers;affectation des fournisseurs aux articles;0;erreur;interne;"Extrait du rapport d'import: | 1 lignes en erreurs | 0 lignes crées | 1 lignes mises à jour | 0 lignes supprimées | 2026-04-06 23:17:10,812 fin intégration: (2b4a5008-9797-465f-8b7f-7f9c39619c8e) | fichier: /srv/import/354/420_productssuppliers_20260406193257.csv | 2 lignes formatées | 0 lignes en erreurs | 0 lignes crées | 2 lignes mises à jour | 0 lignes supprimées | 2026-04-06 23:17:10,884 fin intégration: (8426da47-bb45-4400-9e9f-af2b10851b15) | fichier: /srv/import/368/420_productssuppliers_20260406193257.csv | 2 lignes formatées | 0 lignes en erreurs | 0 lignes crées | 2 lignes mises à jour | 0 lignes supprimées | 2026-04-06 23:17:10,946 {'suppliers': [ErrorDetail(string='Erreur association avec un magasin différent', code='invalid')]} - [100074674;006419;325.00;100074674;0] | 2026-04-06 23:17:10,951 fin intégration: (88325a4c-d85b-400f-96ab-c1e64c3b9eca) | fichier: /srv/import/372/420_productssuppliers_20260406193257.csv | 2 lignes formatées | 1 lignes en erreurs | 0 lignes crées | 1 lignes mises à jour | 0 lignes supprimées";372;CASH IVOIRE U MAROC
pos18;POS 18;2026-04-09T18:57:06.973160+00:00;8426da47-bb45-4400-9e9f-af2b10851b15;2026-04-06T23:17:10.441735;2026-04-06T23:17:10.886551;30;import de données;product_suppliers;affectation des fournisseurs aux articles;2;succès;interne;Import affectation des fournisseurs aux articles: | fin intégration: (8426da47-bb45-4400-9e9f-af2b10851b15) | fichier: /srv/import/368/420_productssuppliers_20260406193257.csv | 2 lignes formatées | 0 lignes en erreurs | 0 lignes crées | 2 lignes mises à jour | 0 lignes supprimées;368;CASH IVOIRE U SADIGUIBA
pos18;POS 18;2026-04-09T18:57:06.973160+00:00;2b4a5008-9797-465f-8b7f-7f9c39619c8e;2026-04-06T23:17:10.419838;2026-04-06T23:17:10.814698;30;import de données;product_suppliers;affectation des fournisseurs aux articles;2;succès;interne;Import affectation des fournisseurs aux articles: | fin intégration: (2b4a5008-9797-465f-8b7f-7f9c39619c8e) | fichier: /srv/import/354/420_productssuppliers_20260406193257.csv | 2 lignes formatées | 0 lignes en erreurs | 0 lignes crées | 2 lignes mises à jour | 0 lignes supprimées;354;CASH IVOIRE U TOITS ROUGES
pos18;POS 18;2026-04-09T18:57:06.973160+00:00;d75c35cd-c428-447f-956f-b281b14eba5f;2026-04-06T23:17:10.407720;2026-04-06T23:17:10.702783;30;import de données;product_suppliers;affectation des fournisseurs aux articles;0;erreur;interne;"Extrait du rapport d'import: | 2026-04-06 23:17:10,458 lancement intégration: (88325a4c-d85b-400f-96ab-c1e64c3b9eca) | 2026-04-06 23:17:10,464 fichier present: (['999_pricing_20260406193059.csv'] - price_updater) dans /srv/import/372/ | 2026-04-06 23:17:10,464 import déjà en cours {mutex:MTX_PRODUCT}, fichier ignoré | 2026-04-06 23:17:10,465 fichier present: (['420_pricing_20260406193259.csv'] - price_updater) dans /srv/import/372/ | 2026-04-06 23:17:10,466 import déjà en cours {mutex:MTX_PRODUCT}, fichier ignoré | 2026-04-06 23:17:10,468 fichier present: (['420_productssuppliers_20260406193257.csv'] - product_suppliers) dans /srv/import/376/ | 2026-04-06 23:17:10,469 2 lignes lu dans le fichier /srv/import/376/420_productssuppliers_20260406193257.csv | 2026-04-06 23:17:10,469 lancement intégration: (207c2d40-9f73-43c0-baf6-4a4ff623e2be) | 2026-04-06 23:17:10,475 fichier present: (['999_pricing_20260406193059.csv'] - price_updater) dans /srv/import/376/ | 2026-04-06 23:17:10,475 import déjà en cours {mutex:MTX_PRODUCT}, fichier ignoré | 2026-04-06 23:17:10,476 fichier present: (['420_pricing_20260406193259.csv'] - price_updater) dans /srv/import/376/ | 2026-04-06 23:17:10,476 import déjà en cours {mutex:MTX_PRODUCT}, fichier ignoré | 2026-04-06 23:17:10,664 {'suppliers': [ErrorDetail(string='Erreur association avec un magasin différent', code='invalid')]} - [100074674;006419;325.00;100074674;0] | 2026-04-06 23:17:10,669 fin intégration: (d75c35cd-c428-447f-956f-b281b14eba5f) | fichier: /srv/import/378/420_productssuppliers_20260406193257.csv | 2 lignes formatées | 1 lignes en erreurs | 0 lignes crées | 1 lignes mises à jour | 0 lignes supprimées | 2026-04-06 23:17:10,677 {'suppliers': [ErrorDetail(string='Erreur association avec un magasin différent', code='invalid')]} - [100074674;006419;325.00;100074674;0] | 2026-04-06 23:17:10,681 fin intégration: (2930bdd3-1569-4f1c-8f3f-c64e48e7136c) | fichier: /srv/import/357/420_productssuppliers_20260406193257.csv | 2 lignes formatées | 1 lignes en erreurs | 0 lignes crées | 1 lignes mises à jour | 0 lignes supprimées";378;CASH IVOIRE DJE KONAN
pos18;POS 18;2026-04-09T18:57:06.973160+00:00;2930bdd3-1569-4f1c-8f3f-c64e48e7136c;2026-04-06T23:17:10.428543;2026-04-06T23:17:10.701553;30;import de données;product_suppliers;affectation des fournisseurs aux articles;0;erreur;interne;"Extrait du rapport d'import: | 2026-04-06 23:17:10,458 lancement intégration: (88325a4c-d85b-400f-96ab-c1e64c3b9eca) | 2026-04-06 23:17:10,464 fichier present: (['999_pricing_20260406193059.csv'] - price_updater) dans /srv/import/372/ | 2026-04-06 23:17:10,464 import déjà en cours {mutex:MTX_PRODUCT}, fichier ignoré | 2026-04-06 23:17:10,465 fichier present: (['420_pricing_20260406193259.csv'] - price_updater) dans /srv/import/372/ | 2026-04-06 23:17:10,466 import déjà en cours {mutex:MTX_PRODUCT}, fichier ignoré | 2026-04-06 23:17:10,468 fichier present: (['420_productssuppliers_20260406193257.csv'] - product_suppliers) dans /srv/import/376/ | 2026-04-06 23:17:10,469 2 lignes lu dans le fichier /srv/import/376/420_productssuppliers_20260406193257.csv | 2026-04-06 23:17:10,469 lancement intégration: (207c2d40-9f73-43c0-baf6-4a4ff623e2be) | 2026-04-06 23:17:10,475 fichier present: (['999_pricing_20260406193059.csv'] - price_updater) dans /srv/import/376/ | 2026-04-06 23:17:10,475 import déjà en cours {mutex:MTX_PRODUCT}, fichier ignoré | 2026-04-06 23:17:10,476 fichier present: (['420_pricing_20260406193259.csv'] - price_updater) dans /srv/import/376/ | 2026-04-06 23:17:10,476 import déjà en cours {mutex:MTX_PRODUCT}, fichier ignoré | 2026-04-06 23:17:10,664 {'suppliers': [ErrorDetail(string='Erreur association avec un magasin différent', code='invalid')]} - [100074674;006419;325.00;100074674;0] | 2026-04-06 23:17:10,669 fin intégration: (d75c35cd-c428-447f-956f-b281b14eba5f) | fichier: /srv/import/378/420_productssuppliers_20260406193257.csv | 2 lignes formatées | 1 lignes en erreurs | 0 lignes crées | 1 lignes mises à jour | 0 lignes supprimées | 2026-04-06 23:17:10,677 {'suppliers': [ErrorDetail(string='Erreur association avec un magasin différent', code='invalid')]} - [100074674;006419;325.00;100074674;0] | 2026-04-06 23:17:10,681 fin intégration: (2930bdd3-1569-4f1c-8f3f-c64e48e7136c) | fichier: /srv/import/357/420_productssuppliers_20260406193257.csv | 2 lignes formatées | 1 lignes en erreurs | 0 lignes crées | 1 lignes mises à jour | 0 lignes supprimées";357;CASH IVOIRE U REMBLAIS
pos18;POS 18;2026-04-09T18:57:06.973160+00:00;dfa65d4a-21bf-4475-8f82-7a890cdadae3;2026-04-06T23:16:10.489785;2026-04-06T23:16:10.599304;30;import de données;linked_code;codes liés;2;succès;interne;Import codes liés: | fin intégration: (dfa65d4a-21bf-4475-8f82-7a890cdadae3) | fichier: /srv/import/376/420_linkedcodes_20260406193257.csv | 1 lignes formatées | 0 lignes en erreurs | 0 lignes crées | 1 lignes mises à jour | 0 lignes supprimées;376;CASH IVOIRE U SICOGI ANGRE
pos18;POS 18;2026-04-09T18:57:06.973160+00:00;73ccf313-4468-47c3-b3e7-45afa299abea;2026-04-06T23:16:10.475089;2026-04-06T23:16:10.587824;30;import de données;linked_code;codes liés;2;succès;interne;Import codes liés: | fin intégration: (73ccf313-4468-47c3-b3e7-45afa299abea) | fichier: /srv/import/372/420_linkedcodes_20260406193257.csv | 1 lignes formatées | 0 lignes en erreurs | 0 lignes crées | 1 lignes mises à jour | 0 lignes supprimées;372;CASH IVOIRE U MAROC
pos18;POS 18;2026-04-09T18:57:06.973160+00:00;a6c33fe1-0af3-4203-a21a-a928d62976da;2026-04-06T23:16:10.460126;2026-04-06T23:16:10.579781;30;import de données;linked_code;codes liés;2;succès;interne;Import codes liés: | fin intégration: (a6c33fe1-0af3-4203-a21a-a928d62976da) | fichier: /srv/import/368/420_linkedcodes_20260406193257.csv | 1 lignes formatées | 0 lignes en erreurs | 0 lignes crées | 1 lignes mises à jour | 0 lignes supprimées;368;CASH IVOIRE U SADIGUIBA
pos18;POS 18;2026-04-09T18:57:06.973160+00:00;440d1d4e-9d7e-479a-b1b4-4f5322251128;2026-04-06T23:16:10.446901;2026-04-06T23:16:10.551283;30;import de données;linked_code;codes liés;2;succès;interne;Import codes liés: | fin intégration: (440d1d4e-9d7e-479a-b1b4-4f5322251128) | fichier: /srv/import/357/420_linkedcodes_20260406193257.csv | 1 lignes formatées | 0 lignes en erreurs | 0 lignes crées | 1 lignes mises à jour | 0 lignes supprimées;357;CASH IVOIRE U REMBLAIS
pos18;POS 18;2026-04-09T18:57:06.973160+00:00;fdb90fab-f172-4286-be85-e6483b3cd82c;2026-04-06T23:16:10.425031;2026-04-06T23:16:10.513532;30;import de données;linked_code;codes liés;2;succès;interne;Import codes liés: | fin intégration: (fdb90fab-f172-4286-be85-e6483b3cd82c) | fichier: /srv/import/354/420_linkedcodes_20260406193257.csv | 1 lignes formatées | 0 lignes en erreurs | 0 lignes crées | 1 lignes mises à jour | 0 lignes supprimées;354;CASH IVOIRE U TOITS ROUGES
pos18;POS 18;2026-04-09T18:57:06.973160+00:00;ea56d4dc-182b-4ec7-b974-17b15fa658b9;2026-04-06T23:16:10.409553;2026-04-06T23:16:10.494759;30;import de données;linked_code;codes liés;2;succès;interne;Import codes liés: | fin intégration: (ea56d4dc-182b-4ec7-b974-17b15fa658b9) | fichier: /srv/import/378/420_linkedcodes_20260406193257.csv | 1 lignes formatées | 0 lignes en erreurs | 0 lignes crées | 1 lignes mises à jour | 0 lignes supprimées;378;CASH IVOIRE DJE KONAN
pos18;POS 18;2026-04-09T18:57:06.973160+00:00;f10bbf39-7c70-41bd-b36f-10ff58f8a5e3;2026-04-06T23:15:10.458359;2026-04-06T23:15:10.492435;30;import de données;linked_code;codes liés;2;succès;interne;Import codes liés: | fin intégration: (f10bbf39-7c70-41bd-b36f-10ff58f8a5e3) | fichier: /srv/import/376/999_linkedcodes_20260406193056.csv | 0 lignes formatées | 0 lignes en erreurs | 0 lignes crées | 0 lignes mises à jour | 0 lignes supprimées;376;CASH IVOIRE U SICOGI ANGRE
pos18;POS 18;2026-04-09T18:57:06.973160+00:00;bf6f059b-efd7-4460-8689-d9615099aa12;2026-04-06T23:15:10.436083;2026-04-06T23:15:10.476489;30;import de données;linked_code;codes liés;2;succès;interne;Import codes liés: | fin intégration: (bf6f059b-efd7-4460-8689-d9615099aa12) | fichier: /srv/import/368/999_linkedcodes_20260406193056.csv | 0 lignes formatées | 0 lignes en erreurs | 0 lignes crées | 0 lignes mises à jour | 0 lignes supprimées;368;CASH IVOIRE U SADIGUIBA
pos18;POS 18;2026-04-09T18:57:06.973160+00:00;4f88557e-6630-49a2-b484-9d8ce67af569;2026-04-06T23:15:10.445478;2026-04-06T23:15:10.474997;30;import de données;linked_code;codes liés;2;succès;interne;Import codes liés: | fin intégration: (4f88557e-6630-49a2-b484-9d8ce67af569) | fichier: /srv/import/372/999_linkedcodes_20260406193056.csv | 0 lignes formatées | 0 lignes en erreurs | 0 lignes crées | 0 lignes mises à jour | 0 lignes supprimées;372;CASH IVOIRE U MAROC
pos18;POS 18;2026-04-09T18:57:06.973160+00:00;2288ce65-b77a-48e2-b833-1b11f47d3316;2026-04-06T23:15:10.426073;2026-04-06T23:15:10.454910;30;import de données;linked_code;codes liés;2;succès;interne;Import codes liés: | fin intégration: (2288ce65-b77a-48e2-b833-1b11f47d3316) | fichier: /srv/import/357/999_linkedcodes_20260406193056.csv | 0 lignes formatées | 0 lignes en erreurs | 0 lignes crées | 0 lignes mises à jour | 0 lignes supprimées;357;CASH IVOIRE U REMBLAIS
pos18;POS 18;2026-04-09T18:57:06.973160+00:00;81a3f346-0cbf-4fcc-9bc7-afbbed42e5a1;2026-04-06T23:15:10.414783;2026-04-06T23:15:10.443582;30;import de données;linked_code;codes liés;2;succès;interne;Import codes liés: | fin intégration: (81a3f346-0cbf-4fcc-9bc7-afbbed42e5a1) | fichier: /srv/import/354/999_linkedcodes_20260406193056.csv | 0 lignes formatées | 0 lignes en erreurs | 0 lignes crées | 0 lignes mises à jour | 0 lignes supprimées;354;CASH IVOIRE U TOITS ROUGES
pos18;POS 18;2026-04-09T18:57:06.973160+00:00;30bb6683-7b58-4dce-9b0b-369920deadea;2026-04-06T23:15:10.405189;2026-04-06T23:15:10.435216;30;import de données;linked_code;codes liés;2;succès;interne;Import codes liés: | fin intégration: (30bb6683-7b58-4dce-9b0b-369920deadea) | fichier: /srv/import/378/999_linkedcodes_20260406193056.csv | 0 lignes formatées | 0 lignes en erreurs | 0 lignes crées | 0 lignes mises à jour | 0 lignes supprimées;378;CASH IVOIRE DJE KONAN
pos18;POS 18;2026-04-09T18:57:06.973160+00:00;e580e23e-17ad-46ff-a36d-66c9338ebda1;2026-04-06T23:14:10.477643;2026-04-06T23:14:11.193792;30;import de données;product;produit;2;succès;interne;Import produit: | fin intégration: (e580e23e-17ad-46ff-a36d-66c9338ebda1) | fichier: /srv/import/372/420_products_20260406193257.csv | 1 lignes formatées | 0 lignes en erreurs | 0 lignes crées | 1 lignes mises à jour | 0 lignes supprimées;372;CASH IVOIRE U MAROC
pos18;POS 18;2026-04-09T18:57:06.973160+00:00;dcaf5d67-4efa-4668-b0a2-3c90eea66525;2026-04-06T23:14:10.498923;2026-04-06T23:14:11.186460;30;import de données;product;produit;2;succès;interne;Import produit: | fin intégration: (dcaf5d67-4efa-4668-b0a2-3c90eea66525) | fichier: /srv/import/376/420_products_20260406193257.csv | 1 lignes formatées | 0 lignes en erreurs | 0 lignes crées | 1 lignes mises à jour | 0 lignes supprimées;376;CASH IVOIRE U SICOGI ANGRE
pos18;POS 18;2026-04-09T18:57:06.973160+00:00;6834a0a1-b3a7-43bb-9914-2cd089c25548;2026-04-06T23:14:10.462408;2026-04-06T23:14:11.138122;30;import de données;product;produit;2;succès;interne;Import produit: | fin intégration: (6834a0a1-b3a7-43bb-9914-2cd089c25548) | fichier: /srv/import/368/420_products_20260406193257.csv | 1 lignes formatées | 0 lignes en erreurs | 0 lignes crées | 1 lignes mises à jour | 0 lignes supprimées;368;CASH IVOIRE U SADIGUIBA
pos18;POS 18;2026-04-09T18:57:06.973160+00:00;f639a8f8-d515-4b2e-8edd-a3bf572413af;2026-04-06T23:14:10.451514;2026-04-06T23:14:10.850991;30;import de données;product;produit;2;succès;interne;Import produit: | fin intégration: (f639a8f8-d515-4b2e-8edd-a3bf572413af) | fichier: /srv/import/357/420_products_20260406193257.csv | 1 lignes formatées | 0 lignes en erreurs | 0 lignes crées | 1 lignes mises à jour | 0 lignes supprimées;357;CASH IVOIRE U REMBLAIS
pos18;POS 18;2026-04-09T18:57:06.973160+00:00;21bfb839-5e43-4b5a-8066-3cdb5bd15069;2026-04-06T23:14:10.436177;2026-04-06T23:14:10.834478;30;import de données;product;produit;2;succès;interne;Import produit: | fin intégration: (21bfb839-5e43-4b5a-8066-3cdb5bd15069) | fichier: /srv/import/354/420_products_20260406193257.csv | 1 lignes formatées | 0 lignes en erreurs | 0 lignes crées | 1 lignes mises à jour | 0 lignes supprimées;354;CASH IVOIRE U TOITS ROUGES
pos18;POS 18;2026-04-09T18:57:06.973160+00:00;38bc8378-312f-416b-bf0e-4c83cf24e55f;2026-04-06T23:14:10.410665;2026-04-06T23:14:10.815645;30;import de données;product;produit;2;succès;interne;Import produit: | fin intégration: (38bc8378-312f-416b-bf0e-4c83cf24e55f) | fichier: /srv/import/378/420_products_20260406193257.csv | 1 lignes formatées | 0 lignes en erreurs | 0 lignes crées | 1 lignes mises à jour | 0 lignes supprimées;378;CASH IVOIRE DJE KONAN
pos18;POS 18;2026-04-09T18:57:06.973160+00:00;3a4ab62b-57ae-4d82-9d22-08f7487d14b8;2026-04-06T23:13:10.480824;2026-04-06T23:13:10.510742;30;import de données;product;produit;2;succès;interne;Import produit: | fin intégration: (3a4ab62b-57ae-4d82-9d22-08f7487d14b8) | fichier: /srv/import/376/999_products_20260406193056.csv | 0 lignes formatées | 0 lignes en erreurs | 0 lignes crées | 0 lignes mises à jour | 0 lignes supprimées;376;CASH IVOIRE U SICOGI ANGRE
pos18;POS 18;2026-04-09T18:57:06.973160+00:00;b7fc0e74-0f28-49c0-8ca4-3ad43eea1a48;2026-04-06T23:13:10.463027;2026-04-06T23:13:10.502813;30;import de données;product;produit;2;succès;interne;Import produit: | fin intégration: (b7fc0e74-0f28-49c0-8ca4-3ad43eea1a48) | fichier: /srv/import/372/999_products_20260406193056.csv | 0 lignes formatées | 0 lignes en erreurs | 0 lignes crées | 0 lignes mises à jour | 0 lignes supprimées;372;CASH IVOIRE U MAROC
pos18;POS 18;2026-04-09T18:57:06.973160+00:00;5a77b4c1-37fa-4c0a-be27-afab9751944e;2026-04-06T23:13:10.449469;2026-04-06T23:13:10.482794;30;import de données;product;produit;2;succès;interne;Import produit: | fin intégration: (5a77b4c1-37fa-4c0a-be27-afab9751944e) | fichier: /srv/import/368/999_products_20260406193056.csv | 0 lignes formatées | 0 lignes en erreurs | 0 lignes crées | 0 lignes mises à jour | 0 lignes supprimées;368;CASH IVOIRE U SADIGUIBA
pos18;POS 18;2026-04-09T18:57:06.973160+00:00;c14c6aae-c06e-49b0-a7df-8f0445124419;2026-04-06T23:13:10.434559;2026-04-06T23:13:10.468562;30;import de données;product;produit;2;succès;interne;Import produit: | fin intégration: (c14c6aae-c06e-49b0-a7df-8f0445124419) | fichier: /srv/import/357/999_products_20260406193056.csv | 0 lignes formatées | 0 lignes en erreurs | 0 lignes crées | 0 lignes mises à jour | 0 lignes supprimées;357;CASH IVOIRE U REMBLAIS
pos18;POS 18;2026-04-09T18:57:06.973160+00:00;96bd312f-db96-44b0-bc73-fe282f79ac96;2026-04-06T23:13:10.415643;2026-04-06T23:13:10.448201;30;import de données;product;produit;2;succès;interne;Import produit: | fin intégration: (96bd312f-db96-44b0-bc73-fe282f79ac96) | fichier: /srv/import/354/999_products_20260406193056.csv | 0 lignes formatées | 0 lignes en erreurs | 0 lignes crées | 0 lignes mises à jour | 0 lignes supprimées;354;CASH IVOIRE U TOITS ROUGES
pos18;POS 18;2026-04-09T18:57:06.973160+00:00;948d7c7c-862f-4279-91e6-02f47a741ffa;2026-04-06T23:13:10.402429;2026-04-06T23:13:10.433542;30;import de données;product;produit;2;succès;interne;Import produit: | fin intégration: (948d7c7c-862f-4279-91e6-02f47a741ffa) | fichier: /srv/import/378/999_products_20260406193056.csv | 0 lignes formatées | 0 lignes en erreurs | 0 lignes crées | 0 lignes mises à jour | 0 lignes supprimées;378;CASH IVOIRE DJE KONAN
pos18;POS 18;2026-04-09T18:57:06.973160+00:00;59c43955-7799-4ec1-9284-c5103a1959cb;2026-04-06T23:12:10.472001;2026-04-06T23:12:10.501622;30;import de données;supplier;fournisseur;2;succès;interne;Import fournisseur: | fin intégration: (59c43955-7799-4ec1-9284-c5103a1959cb) | fichier: /srv/import/376/999_suppliers_20260406193053.csv | 0 lignes formatées | 0 lignes en erreurs | 0 lignes crées | 0 lignes mises à jour | 0 lignes supprimées;376;CASH IVOIRE U SICOGI ANGRE
pos18;POS 18;2026-04-09T18:57:06.973160+00:00;fc9d3963-a303-4da5-87c6-a6469cb974f3;2026-04-06T23:12:10.455791;2026-04-06T23:12:10.489141;30;import de données;supplier;fournisseur;2;succès;interne;Import fournisseur: | fin intégration: (fc9d3963-a303-4da5-87c6-a6469cb974f3) | fichier: /srv/import/372/999_suppliers_20260406193053.csv | 0 lignes formatées | 0 lignes en erreurs | 0 lignes crées | 0 lignes mises à jour | 0 lignes supprimées;372;CASH IVOIRE U MAROC
pos18;POS 18;2026-04-09T18:57:06.973160+00:00;de55b6c9-0dea-4bb2-a954-19d63a4cf956;2026-04-06T23:12:10.442684;2026-04-06T23:12:10.473679;30;import de données;supplier;fournisseur;2;succès;interne;Import fournisseur: | fin intégration: (de55b6c9-0dea-4bb2-a954-19d63a4cf956) | fichier: /srv/import/368/999_suppliers_20260406193053.csv | 0 lignes formatées | 0 lignes en erreurs | 0 lignes crées | 0 lignes mises à jour | 0 lignes supprimées;368;CASH IVOIRE U SADIGUIBA
pos18;POS 18;2026-04-09T18:57:06.973160+00:00;49b8ecfb-b119-489f-a32e-b0e6658d6a9a;2026-04-06T23:12:10.428517;2026-04-06T23:12:10.458748;30;import de données;supplier;fournisseur;2;succès;interne;Import fournisseur: | fin intégration: (49b8ecfb-b119-489f-a32e-b0e6658d6a9a) | fichier: /srv/import/357/999_suppliers_20260406193053.csv | 0 lignes formatées | 0 lignes en erreurs | 0 lignes crées | 0 lignes mises à jour | 0 lignes supprimées;357;CASH IVOIRE U REMBLAIS
pos18;POS 18;2026-04-09T18:57:06.973160+00:00;26461f6f-5fc4-4baa-a5b5-f40c4b5de6bb;2026-04-06T23:12:10.411525;2026-04-06T23:12:10.441469;30;import de données;supplier;fournisseur;2;succès;interne;Import fournisseur: | fin intégration: (26461f6f-5fc4-4baa-a5b5-f40c4b5de6bb) | fichier: /srv/import/354/999_suppliers_20260406193053.csv | 0 lignes formatées | 0 lignes en erreurs | 0 lignes crées | 0 lignes mises à jour | 0 lignes supprimées;354;CASH IVOIRE U TOITS ROUGES
pos18;POS 18;2026-04-09T18:57:06.973160+00:00;0aefc84d-35d0-4371-aba4-ac2b5da4d57a;2026-04-06T23:12:10.401168;2026-04-06T23:12:10.431479;30;import de données;supplier;fournisseur;2;succès;interne;Import fournisseur: | fin intégration: (0aefc84d-35d0-4371-aba4-ac2b5da4d57a) | fichier: /srv/import/378/999_suppliers_20260406193053.csv | 0 lignes formatées | 0 lignes en erreurs | 0 lignes crées | 0 lignes mises à jour | 0 lignes supprimées;378;CASH IVOIRE DJE KONAN
pos18;POS 18;2026-04-09T18:57:06.973160+00:00;16ff1d3a-03b8-4853-88ff-f14e001ff3e5;2026-04-06T23:11:10.486167;2026-04-06T23:11:10.514987;30;import de données;department;département;2;succès;interne;Import département: | fin intégration: (16ff1d3a-03b8-4853-88ff-f14e001ff3e5) | fichier: /srv/import/376/999_departement_20260406193049.csv | 0 lignes formatées | 0 lignes en erreurs | 0 lignes crées | 0 lignes mises à jour | 0 lignes supprimées;376;CASH IVOIRE U SICOGI ANGRE
pos18;POS 18;2026-04-09T18:57:06.973160+00:00;55a7759f-b531-4f2a-9459-937c94ab0874;2026-04-06T23:11:10.466153;2026-04-06T23:11:10.505630;30;import de données;department;département;2;succès;interne;Import département: | fin intégration: (55a7759f-b531-4f2a-9459-937c94ab0874) | fichier: /srv/import/372/999_departement_20260406193049.csv | 0 lignes formatées | 0 lignes en erreurs | 0 lignes crées | 0 lignes mises à jour | 0 lignes supprimées;372;CASH IVOIRE U MAROC
pos18;POS 18;2026-04-09T18:57:06.973160+00:00;a5854085-91fe-4487-9168-64be295c760c;2026-04-06T23:11:10.451545;2026-04-06T23:11:10.481186;30;import de données;department;département;2;succès;interne;Import département: | fin intégration: (a5854085-91fe-4487-9168-64be295c760c) | fichier: /srv/import/368/999_departement_20260406193049.csv | 0 lignes formatées | 0 lignes en erreurs | 0 lignes crées | 0 lignes mises à jour | 0 lignes supprimées;368;CASH IVOIRE U SADIGUIBA
pos18;POS 18;2026-04-09T18:57:06.973160+00:00;60297039-b992-4ffc-b740-b050b821f5e2;2026-04-06T23:11:10.436922;2026-04-06T23:11:10.468424;30;import de données;department;département;2;succès;interne;Import département: | fin intégration: (60297039-b992-4ffc-b740-b050b821f5e2) | fichier: /srv/import/357/999_departement_20260406193049.csv | 0 lignes formatées | 0 lignes en erreurs | 0 lignes crées | 0 lignes mises à jour | 0 lignes supprimées;357;CASH IVOIRE U REMBLAIS
pos18;POS 18;2026-04-09T18:57:06.973160+00:00;dd546a62-b5b7-4ac0-871c-1499cbf0faea;2026-04-06T23:11:10.423443;2026-04-06T23:11:10.459966;30;import de données;department;département;2;succès;interne;Import département: | fin intégration: (dd546a62-b5b7-4ac0-871c-1499cbf0faea) | fichier: /srv/import/354/999_departement_20260406193049.csv | 0 lignes formatées | 0 lignes en erreurs | 0 lignes crées | 0 lignes mises à jour | 0 lignes supprimées;354;CASH IVOIRE U TOITS ROUGES
pos18;POS 18;2026-04-09T18:57:06.973160+00:00;97808aa4-a50e-4c3d-ad45-975eb10824b1;2026-04-06T23:11:10.407527;2026-04-06T23:11:10.442732;30;import de données;department;département;2;succès;interne;Import département: | fin intégration: (97808aa4-a50e-4c3d-ad45-975eb10824b1) | fichier: /srv/import/378/999_departement_20260406193049.csv | 0 lignes formatées | 0 lignes en erreurs | 0 lignes crées | 0 lignes mises à jour | 0 lignes supprimées;378;CASH IVOIRE DJE KONAN
pos18;POS 18;2026-04-09T18:57:06.973160+00:00;60f800c5-3da1-4126-9f38-a25d3c5f660e;2026-04-06T17:10:10.035541;2026-04-06T17:10:10.200237;30;import de données;delivery;livraison;0;erreur;interne;"Extrait du rapport d'import: | fichier: /srv/import/376/Fac_376_00336839.LC | 2 lignes formatées | 1 lignes en erreurs | 1 lignes crées | 0 lignes mises à jour | 0 lignes supprimées | 2026-04-06 12:35:09,954 {'product': [ErrorDetail(string=""BAC PRELOG PLIABL600*400*235 47L GM n'est pas fourni par le fournisseur FOURNISSEUR CENTRALE"", code='invalid')]} - [L100239401BAC PRELOG PLIABL600*400*235 47L GM00000428710000200000007000000000070000001409274000014095000 2001002394010 00000000000004287103908697] | 2026-04-06 12:35:09,972 {'product': [ErrorDetail(string=""PALETTE APAL  80*120 n'est pas fourni par le fournisseur FOURNISSEUR CENTRALE"", code='invalid')]} - [L100514060PALETTE APAL  80*120               00000428710000300000003000000000030000001049138000010490000 2001005140607 00000000000004287103908697] | 2026-04-06 12:35:09,992 {'product': [ErrorDetail(string=""BAC PRELOG600*400*165 RGE 30L PM n'est pas fourni par le fournisseur FOURNISSEUR CENTRALE"", code='invalid')]} - [L100533538BAC PRELOG600*400*165 RGE 30L PM   00000428710000400000001000000000010000001114392000011145000 2001005335386 00000000000004287103908697] | 2026-04-06 12:35:09,995 fin intégration: (f4a668eb-4618-44a1-9eaf-31eba0820b00) | fichier: /srv/import/372/Fac_372_00336831.LC | 5 lignes formatées | 4 lignes en erreurs | 1 lignes crées | 0 lignes mises à jour | 0 lignes supprimées | 2026-04-06 17:10:10,032 fichier present: (['Fac_357_00336847.LC'] - delivery) dans /srv/import/357/ | 2026-04-06 17:10:10,034 2 lignes lu dans le fichier /srv/import/357/Fac_357_00336847.LC | 2026-04-06 17:10:10,034 lancement intégration: (60f800c5-3da1-4126-9f38-a25d3c5f660e) | 2026-04-06 17:10:10,175 {'product': [ErrorDetail(string=""PALETTE APAL  80*120 n'est pas fourni par le fournisseur FOURNISSEUR CENTRALE"", code='invalid')]} - [L100514060PALETTE APAL  80*120               00000430280000100000001000000000010000001049138000010490000 2001005140607 00000000000004302803908856] | 2026-04-06 17:10:10,180 fin intégration: (60f800c5-3da1-4126-9f38-a25d3c5f660e) | fichier: /srv/import/357/Fac_357_00336847.LC | 2 lignes formatées | 1 lignes en erreurs | 1 lignes crées | 0 lignes mises à jour | 0 lignes supprimées";357;CASH IVOIRE U REMBLAIS
pos18;POS 18;2026-04-09T18:57:06.973160+00:00;f4a668eb-4618-44a1-9eaf-31eba0820b00;2026-04-06T12:35:09.848972;2026-04-06T12:35:10.014309;30;import de données;delivery;livraison;0;erreur;interne;"Extrait du rapport d'import: | 0 lignes mises à jour | 0 lignes supprimées | 2026-04-06 12:35:09,847 fichier present: (['Fac_372_00336831.LC'] - delivery) dans /srv/import/372/ | 2026-04-06 12:35:09,848 5 lignes lu dans le fichier /srv/import/372/Fac_372_00336831.LC | 2026-04-06 12:35:09,848 lancement intégration: (f4a668eb-4618-44a1-9eaf-31eba0820b00) | 2026-04-06 12:35:09,854 fichier present: (['Fac_376_00336839.LC'] - delivery) dans /srv/import/376/ | 2026-04-06 12:35:09,857 2 lignes lu dans le fichier /srv/import/376/Fac_376_00336839.LC | 2026-04-06 12:35:09,858 lancement intégration: (26c2d664-5bcf-42d3-926b-1c622bd97504) | 2026-04-06 12:35:09,936 {'product': [ErrorDetail(string=""BAC PRELOG PLIABL30L 600*400*165 PM n'est pas fourni par le fournisseur FOURNISSEUR CENTRALE"", code='invalid')]} - [L100153729BAC PRELOG PLIABL30L 600*400*165 PM00000428710000100000001000000000010000001172366300011725000 2001001537296 00000000000004287103908697] | 2026-04-06 12:35:09,943 {'product': [ErrorDetail(string=""PALETTE APAL  80*120 n'est pas fourni par le fournisseur FOURNISSEUR CENTRALE"", code='invalid')]} - [L100514060PALETTE APAL  80*120               00000428720000100000001000000000010000001049138000010490000 2001005140607 00000000000004287203908719] | 2026-04-06 12:35:09,947 fin intégration: (26c2d664-5bcf-42d3-926b-1c622bd97504) | fichier: /srv/import/376/Fac_376_00336839.LC | 2 lignes formatées | 1 lignes en erreurs | 1 lignes crées | 0 lignes mises à jour | 0 lignes supprimées | 2026-04-06 12:35:09,954 {'product': [ErrorDetail(string=""BAC PRELOG PLIABL600*400*235 47L GM n'est pas fourni par le fournisseur FOURNISSEUR CENTRALE"", code='invalid')]} - [L100239401BAC PRELOG PLIABL600*400*235 47L GM00000428710000200000007000000000070000001409274000014095000 2001002394010 00000000000004287103908697] | 2026-04-06 12:35:09,972 {'product': [ErrorDetail(string=""PALETTE APAL  80*120 n'est pas fourni par le fournisseur FOURNISSEUR CENTRALE"", code='invalid')]} - [L100514060PALETTE APAL  80*120               00000428710000300000003000000000030000001049138000010490000 2001005140607 00000000000004287103908697] | 2026-04-06 12:35:09,992 {'product': [ErrorDetail(string=""BAC PRELOG600*400*165 RGE 30L PM n'est pas fourni par le fournisseur FOURNISSEUR CENTRALE"", code='invalid')]} - [L100533538BAC PRELOG600*400*165 RGE 30L PM   00000428710000400000001000000000010000001114392000011145000 2001005335386 00000000000004287103908697] | 2026-04-06 12:35:09,995 fin intégration: (f4a668eb-4618-44a1-9eaf-31eba0820b00) | fichier: /srv/import/372/Fac_372_00336831.LC | 5 lignes formatées | 4 lignes en erreurs | 1 lignes crées | 0 lignes mises à jour | 0 lignes supprimées";372;CASH IVOIRE U MAROC
pos18;POS 18;2026-04-09T18:57:06.973160+00:00;26c2d664-5bcf-42d3-926b-1c622bd97504;2026-04-06T12:35:09.858785;2026-04-06T12:35:09.961477;30;import de données;delivery;livraison;0;erreur;interne;"Extrait du rapport d'import: | 1 lignes en erreurs | 1 lignes crées | 0 lignes mises à jour | 0 lignes supprimées | 2026-04-06 12:34:09,940 fin intégration: (47404924-6ea3-4547-8730-4f035986ec60) | fichier: /srv/import/376/Fac_376_00336728.LC | 2 lignes formatées | 0 lignes en erreurs | 2 lignes crées | 0 lignes mises à jour | 0 lignes supprimées | 2026-04-06 12:35:09,847 fichier present: (['Fac_372_00336831.LC'] - delivery) dans /srv/import/372/ | 2026-04-06 12:35:09,848 5 lignes lu dans le fichier /srv/import/372/Fac_372_00336831.LC | 2026-04-06 12:35:09,848 lancement intégration: (f4a668eb-4618-44a1-9eaf-31eba0820b00) | 2026-04-06 12:35:09,854 fichier present: (['Fac_376_00336839.LC'] - delivery) dans /srv/import/376/ | 2026-04-06 12:35:09,857 2 lignes lu dans le fichier /srv/import/376/Fac_376_00336839.LC | 2026-04-06 12:35:09,858 lancement intégration: (26c2d664-5bcf-42d3-926b-1c622bd97504) | 2026-04-06 12:35:09,936 {'product': [ErrorDetail(string=""BAC PRELOG PLIABL30L 600*400*165 PM n'est pas fourni par le fournisseur FOURNISSEUR CENTRALE"", code='invalid')]} - [L100153729BAC PRELOG PLIABL30L 600*400*165 PM00000428710000100000001000000000010000001172366300011725000 2001001537296 00000000000004287103908697] | 2026-04-06 12:35:09,943 {'product': [ErrorDetail(string=""PALETTE APAL  80*120 n'est pas fourni par le fournisseur FOURNISSEUR CENTRALE"", code='invalid')]} - [L100514060PALETTE APAL  80*120               00000428720000100000001000000000010000001049138000010490000 2001005140607 00000000000004287203908719] | 2026-04-06 12:35:09,947 fin intégration: (26c2d664-5bcf-42d3-926b-1c622bd97504) | fichier: /srv/import/376/Fac_376_00336839.LC | 2 lignes formatées | 1 lignes en erreurs | 1 lignes crées | 0 lignes mises à jour | 0 lignes supprimées | 2026-04-06 12:35:09,954 {'product': [ErrorDetail(string=""BAC PRELOG PLIABL600*400*235 47L GM n'est pas fourni par le fournisseur FOURNISSEUR CENTRALE"", code='invalid')]} - [L100239401BAC PRELOG PLIABL600*400*235 47L GM00000428710000200000007000000000070000001409274000014095000 2001002394010 00000000000004287103908697]";376;CASH IVOIRE U SICOGI ANGRE
pos18;POS 18;2026-04-09T18:57:06.973160+00:00;db7e73b6-0305-4e57-8221-eb74daebb3a5;2026-04-06T12:34:09.842404;2026-04-06T12:34:09.945408;30;import de données;delivery;livraison;0;erreur;interne;"Extrait du rapport d'import: | fichier: /srv/import/372/Fac_372_00336726.LC | 12 lignes formatées | 11 lignes en erreurs | 1 lignes crées | 0 lignes mises à jour | 0 lignes supprimées | 2026-04-06 12:34:09,840 fichier present: (['Fac_372_00336750.LC', 'Fac_372_00336831.LC'] - delivery) dans /srv/import/372/ | 2026-04-06 12:34:09,841 2 lignes lu dans le fichier /srv/import/372/Fac_372_00336750.LC | 2026-04-06 12:34:09,841 lancement intégration: (db7e73b6-0305-4e57-8221-eb74daebb3a5) | 2026-04-06 12:34:09,850 fichier present: (['Fac_376_00336839.LC', 'Fac_376_00336728.LC'] - delivery) dans /srv/import/376/ | 2026-04-06 12:34:09,851 2 lignes lu dans le fichier /srv/import/376/Fac_376_00336728.LC | 2026-04-06 12:34:09,851 lancement intégration: (47404924-6ea3-4547-8730-4f035986ec60) | 2026-04-06 12:34:09,927 {'product': [ErrorDetail(string=""FR TROP BANANE DOUCE LOCALE n'est pas fourni par le fournisseur FOURNISSEUR CENTRALE"", code='invalid')]} - [L100074674FR TROP BANANE DOUCE LOCALE        00000427160000100000105000000000070000000040710000000450000 2886500000003 00000000000004271600000000] | 2026-04-06 12:34:09,931 fin intégration: (db7e73b6-0305-4e57-8221-eb74daebb3a5) | fichier: /srv/import/372/Fac_372_00336750.LC | 2 lignes formatées | 1 lignes en erreurs | 1 lignes crées | 0 lignes mises à jour | 0 lignes supprimées | 2026-04-06 12:34:09,940 fin intégration: (47404924-6ea3-4547-8730-4f035986ec60) | fichier: /srv/import/376/Fac_376_00336728.LC | 2 lignes formatées | 0 lignes en erreurs | 2 lignes crées | 0 lignes mises à jour | 0 lignes supprimées";372;CASH IVOIRE U MAROC
pos18;POS 18;2026-04-09T18:57:06.973160+00:00;47404924-6ea3-4547-8730-4f035986ec60;2026-04-06T12:34:09.852487;2026-04-06T12:34:09.941967;30;import de données;delivery;livraison;2;succès;interne;Import livraison: | fin intégration: (47404924-6ea3-4547-8730-4f035986ec60) | fichier: /srv/import/376/Fac_376_00336728.LC | 2 lignes formatées | 0 lignes en erreurs | 2 lignes crées | 0 lignes mises à jour | 0 lignes supprimées;376;CASH IVOIRE U SICOGI ANGRE
pos18;POS 18;2026-04-09T18:57:06.973160+00:00;697e5b87-ddf4-485b-8175-2fa8bf091bfb;2026-04-06T12:33:09.859155;2026-04-06T12:33:10.148469;30;import de données;delivery;livraison;0;erreur;interne;"Extrait du rapport d'import: | 2026-04-06 12:33:09,954 {'product': [ErrorDetail(string=""VQR 8P 112G BEL n'est pas fourni par le fournisseur FOURNISSEUR CENTRALE"", code='invalid')]} - [L043001042VQR 8P 112G BEL                    00000424490000100000036000000000010000000066080000000800000 3073781194197 00000000000004244900036142] | 2026-04-06 12:33:09,968 {'product': [ErrorDetail(string=""FR AGR CLEMENTINE VRAC BAT n'est pas fourni par le fournisseur FOURNISSEUR CENTRALE"", code='invalid')]} - [L044021803FR AGR CLEMENTINE VRAC BAT         00000425960000200000050000000000050000000152220000001890000 2887540000008 00000000000004259600041678] | 2026-04-06 12:33:09,971 {'product': [ErrorDetail(string=""V Q R 24P  336G (BEL) n'est pas fourni par le fournisseur FOURNISSEUR CENTRALE"", code='invalid')]} - [L043001045V Q R 24P  336G (BEL)              00000424490000200000012000000000010000000190806000002300000 3073781194234 00000000000004244900036142] | 2026-04-06 12:33:09,985 {'product': [ErrorDetail(string=""LG CAROTTE SHT 1KG BAT n'est pas fourni par le fournisseur FOURNISSEUR CENTRALE"", code='invalid')]} - [L045054105LG CAROTTE SHT 1KG BAT             00000425960000300000020000000000020000000065000000000790000 3000028024504 00000000000004259600041678] | 2026-04-06 12:33:09,988 {'product': [ErrorDetail(string=""CREME DESS VANILLE 100GX4 ELVIR n'est pas fourni par le fournisseur FOURNISSEUR CENTRALE"", code='invalid')]} - [L100007902CREME DESS VANILLE 100GX4 ELVIR    00000424490000300000012000000000010000000159300000001990000 3451790019180 00000000000004244900036142] | 2026-04-06 12:33:10,003 {'product': [ErrorDetail(string=""LG PDT FILET 5KGS BAT n'est pas fourni par le fournisseur FOURNISSEUR CENTRALE"", code='invalid')]} - [L045073401LG PDT FILET 5KGS BAT              00000425960000400000010000000000100000000156000000001950000 2000450734010 00000000000004259600041678] | 2026-04-06 12:33:10,005 {'product': [ErrorDetail(string=""MARGARINE SAINT AVE 200 GRS n'est pas fourni par le fournisseur FOURNISSEUR CENTRALE"", code='invalid')]} - [L100013729MARGARINE SAINT AVE 200 GRS        00000424490000400000040000000000010000000043188000000475000 6181100227017 00000000000004244900036142] | 2026-04-06 12:33:10,021 {'product': [ErrorDetail(string=""LG PDT VRAC BAT n'est pas fourni par le fournisseur FOURNISSEUR CENTRALE"", code='invalid')]} - [L045073501LG PDT VRAC BAT                    00000425960000500000050000000000020000000031300000000490000 2800443000005 00000000000004259600041678] | 2026-04-06 12:33:10,036 fin intégration: (9ffc7b8b-6272-4d1f-ae6a-2affc3678b5b) | fichier: /srv/import/376/Fac_376_00336727.LC | 6 lignes formatées | 4 lignes en erreurs | 2 lignes crées | 0 lignes mises à jour | 0 lignes supprimées | 2026-04-06 12:33:10,039 {'product': [ErrorDetail(string=""LG AIL VRAC 10KGS ASP n'est pas fourni par le fournisseur FOURNISSEUR CENTRALE"", code='invalid')]} - [L045080101LG AIL VRAC 10KGS ASP              00000425960000600000010000000000010000000152700000001690000 2830000000001 00000000000004259600041678] | 2026-04-06 12:33:10,056 {'product': [ErrorDetail(string=""LG CONCOMBRE VRAC LOCAL ASP n'est pas fourni par le fournisseur FOURNISSEUR CENTRALE"", code='invalid')]} - [L100050266LG CONCOMBRE VRAC LOCAL ASP        00000425960000700000010000000000010000000042100000000475000 2809971000006 00000000000004259600041678] | 2026-04-06 12:33:10,079 {'product': [ErrorDetail(string=""LG POIVRON VERT LOCAL ASP n'est pas fourni par le fournisseur FOURNISSEUR CENTRALE"", code='invalid')]} - [L100050286LG POIVRON VERT LOCAL ASP          00000425960000800000005000000000010000000178100000001990000 2800627000005 00000000000004259600041678] | 2026-04-06 12:33:10,096 {'product': [ErrorDetail(string=""FR PEP PASTEQUE LOCALE ASP n'est pas fourni par le fournisseur FOURNISSEUR CENTRALE"", code='invalid')]} - [L100056575FR PEP PASTEQUE LOCALE ASP         00000425960000900000015600000000020000000044600000000525000 2810069000006 00000000000004259600041678] | 2026-04-06 12:33:10,112 {'product': [ErrorDetail(string=""FR PEP POIRE PACKAM VRAC 1/2G BAT n'est pas fourni par le fournisseur FOURNISSEUR CENTRALE"", code='invalid')]} - [L100207445FR PEP POIRE PACKAM VRAC 1/2G BAT  00000425960001000000050000000000040000000135700000001690000 2803654000000 00000000000004259600041678] | 2026-04-06 12:33:10,130 {'product': [ErrorDetail(string=""FR PEP POMME PINK LADY VRAC 1/2GROS n'est pas fourni par le fournisseur FOURNISSEUR CENTRALE"", code='invalid')]} - [L100324266FR PEP POMME PINK LADY VRAC 1/2GROS00000425960001100000036400000000020000000183962000002190000 2141003000005 00000000000004259600041678] | 2026-04-06 12:33:10,133 fin intégration: (697e5b87-ddf4-485b-8175-2fa8bf091bfb) | fichier: /srv/import/372/Fac_372_00336726.LC | 12 lignes formatées | 11 lignes en erreurs | 1 lignes crées | 0 lignes mises à jour | 0 lignes supprimées";372;CASH IVOIRE U MAROC
pos18;POS 18;2026-04-09T18:57:06.973160+00:00;9ffc7b8b-6272-4d1f-ae6a-2affc3678b5b;2026-04-06T12:33:09.872952;2026-04-06T12:33:10.051430;30;import de données;delivery;livraison;0;erreur;interne;"Extrait du rapport d'import: | 9 lignes formatées | 8 lignes en erreurs | 1 lignes crées | 0 lignes mises à jour | 0 lignes supprimées | 2026-04-06 12:33:09,855 fichier present: (['Fac_372_00336750.LC', 'Fac_372_00336831.LC', 'Fac_372_00336726.LC'] - delivery) dans /srv/import/372/ | 2026-04-06 12:33:09,858 12 lignes lu dans le fichier /srv/import/372/Fac_372_00336726.LC | 2026-04-06 12:33:09,858 lancement intégration: (697e5b87-ddf4-485b-8175-2fa8bf091bfb) | 2026-04-06 12:33:09,867 fichier present: (['Fac_376_00336839.LC', 'Fac_376_00336728.LC', 'Fac_376_00336727.LC'] - delivery) dans /srv/import/376/ | 2026-04-06 12:33:09,872 6 lignes lu dans le fichier /srv/import/376/Fac_376_00336727.LC | 2026-04-06 12:33:09,872 lancement intégration: (9ffc7b8b-6272-4d1f-ae6a-2affc3678b5b) | 2026-04-06 12:33:09,949 {'product': [ErrorDetail(string=""FR PEP POMME GRANNY VRAC 1/2G BAT n'est pas fourni par le fournisseur FOURNISSEUR CENTRALE"", code='invalid')]} - [L044001307FR PEP POMME GRANNY VRAC 1/2G BAT  00000425960000100000036400000000020000000169094000001990000 2800704000003 00000000000004259600041678] | 2026-04-06 12:33:09,954 {'product': [ErrorDetail(string=""VQR 8P 112G BEL n'est pas fourni par le fournisseur FOURNISSEUR CENTRALE"", code='invalid')]} - [L043001042VQR 8P 112G BEL                    00000424490000100000036000000000010000000066080000000800000 3073781194197 00000000000004244900036142] | 2026-04-06 12:33:09,968 {'product': [ErrorDetail(string=""FR AGR CLEMENTINE VRAC BAT n'est pas fourni par le fournisseur FOURNISSEUR CENTRALE"", code='invalid')]} - [L044021803FR AGR CLEMENTINE VRAC BAT         00000425960000200000050000000000050000000152220000001890000 2887540000008 00000000000004259600041678] | 2026-04-06 12:33:09,971 {'product': [ErrorDetail(string=""V Q R 24P  336G (BEL) n'est pas fourni par le fournisseur FOURNISSEUR CENTRALE"", code='invalid')]} - [L043001045V Q R 24P  336G (BEL)              00000424490000200000012000000000010000000190806000002300000 3073781194234 00000000000004244900036142] | 2026-04-06 12:33:09,985 {'product': [ErrorDetail(string=""LG CAROTTE SHT 1KG BAT n'est pas fourni par le fournisseur FOURNISSEUR CENTRALE"", code='invalid')]} - [L045054105LG CAROTTE SHT 1KG BAT             00000425960000300000020000000000020000000065000000000790000 3000028024504 00000000000004259600041678] | 2026-04-06 12:33:09,988 {'product': [ErrorDetail(string=""CREME DESS VANILLE 100GX4 ELVIR n'est pas fourni par le fournisseur FOURNISSEUR CENTRALE"", code='invalid')]} - [L100007902CREME DESS VANILLE 100GX4 ELVIR    00000424490000300000012000000000010000000159300000001990000 3451790019180 00000000000004244900036142] | 2026-04-06 12:33:10,003 {'product': [ErrorDetail(string=""LG PDT FILET 5KGS BAT n'est pas fourni par le fournisseur FOURNISSEUR CENTRALE"", code='invalid')]} - [L045073401LG PDT FILET 5KGS BAT              00000425960000400000010000000000100000000156000000001950000 2000450734010 00000000000004259600041678] | 2026-04-06 12:33:10,005 {'product': [ErrorDetail(string=""MARGARINE SAINT AVE 200 GRS n'est pas fourni par le fournisseur FOURNISSEUR CENTRALE"", code='invalid')]} - [L100013729MARGARINE SAINT AVE 200 GRS        00000424490000400000040000000000010000000043188000000475000 6181100227017 00000000000004244900036142] | 2026-04-06 12:33:10,021 {'product': [ErrorDetail(string=""LG PDT VRAC BAT n'est pas fourni par le fournisseur FOURNISSEUR CENTRALE"", code='invalid')]} - [L045073501LG PDT VRAC BAT                    00000425960000500000050000000000020000000031300000000490000 2800443000005 00000000000004259600041678] | 2026-04-06 12:33:10,036 fin intégration: (9ffc7b8b-6272-4d1f-ae6a-2affc3678b5b) | fichier: /srv/import/376/Fac_376_00336727.LC | 6 lignes formatées | 4 lignes en erreurs | 2 lignes crées | 0 lignes mises à jour | 0 lignes supprimées | 2026-04-06 12:33:10,039 {'product': [ErrorDetail(string=""LG AIL VRAC 10KGS ASP n'est pas fourni par le fournisseur FOURNISSEUR CENTRALE"", code='invalid')]} - [L045080101LG AIL VRAC 10KGS ASP              00000425960000600000010000000000010000000152700000001690000 2830000000001 00000000000004259600041678]";376;CASH IVOIRE U SICOGI ANGRE
pos18;POS 18;2026-04-09T18:57:06.973160+00:00;5de56f28-68d5-4b80-89bd-5b55d3e04223;2026-04-06T12:32:09.844727;2026-04-06T12:32:10.101530;30;import de données;delivery;livraison;0;erreur;interne;"Extrait du rapport d'import: | 2026-04-06 12:32:09,844 9 lignes lu dans le fichier /srv/import/372/Fac_372_00336725.LC | 2026-04-06 12:32:09,844 lancement intégration: (5de56f28-68d5-4b80-89bd-5b55d3e04223) | 2026-04-06 12:32:09,852 fichier present: (['Fac_376_00336839.LC', 'Fac_376_00336728.LC', 'Fac_376_00336727.LC', 'Fac_376_00236845.LC'] - delivery) dans /srv/import/376/ | 2026-04-06 12:32:09,856 2 lignes lu dans le fichier /srv/import/376/Fac_376_00236845.LC | 2026-04-06 12:32:09,856 lancement intégration: (cdf2d1a7-21af-436c-8c39-594fb19e5b71) | 2026-04-06 12:32:09,946 {'product': [ErrorDetail(string=""MARGARINE RAMA 200G n'est pas fourni par le fournisseur FOURNISSEUR CENTRALE"", code='invalid')]} - [L042060008MARGARINE RAMA 200G                00000424470000100000040000000000010000000048380000000550000 6034000482140 00000000000004244700041682] | 2026-04-06 12:32:09,952 {'product': [ErrorDetail(string=""PALETTE APAL  80*120 n'est pas fourni par le fournisseur FOURNISSEUR CENTRALE"", code='invalid')]} - [L100514060PALETTE APAL  80*120               00000172390000100000008000000000080000001049138000010490000 2001005140607 00000000000001723903907843] | 2026-04-06 12:32:09,955 fin intégration: (cdf2d1a7-21af-436c-8c39-594fb19e5b71) | fichier: /srv/import/376/Fac_376_00236845.LC | 2 lignes formatées | 1 lignes en erreurs | 1 lignes crées | 0 lignes mises à jour | 0 lignes supprimées | 2026-04-06 12:32:09,967 {'product': [ErrorDetail(string=""MARGARINE SAINT AVE 200 GRS n'est pas fourni par le fournisseur FOURNISSEUR CENTRALE"", code='invalid')]} - [L100013729MARGARINE SAINT AVE 200 GRS        00000424470000200000080000000000020000000043188000000475000 6181100227017 00000000000004244700041682] | 2026-04-06 12:32:09,984 {'product': [ErrorDetail(string=""HAMBURGER SESAME 6 PCES 300G CT*9 S n'est pas fourni par le fournisseur FOURNISSEUR CENTRALE"", code='invalid')]} - [L100099455HAMBURGER SESAME 6 PCES 300G CT*9 S00000424470000300000008000000000010000000199420000002490000 3254950008310 00000000000004244700041682] | 2026-04-06 12:32:10,015 {'product': [ErrorDetail(string=""MARG BEL AZUR TNESOL 60% 500G PSDT n'est pas fourni par le fournisseur FOURNISSEUR CENTRALE"", code='invalid')]} - [L100230142MARG BEL AZUR TNESOL 60% 500G PSDT 00000424470000400000008000000000010000000239186000002990000 3428202110803 00000000000004244700041683] | 2026-04-06 12:32:10,031 {'product': [ErrorDetail(string=""MARGARINE AYA SPECIALITE TRAD.200G n'est pas fourni par le fournisseur FOURNISSEUR CENTRALE"", code='invalid')]} - [L100448328MARGARINE AYA SPECIALITE TRAD.200G 00000424470000500000080000000000020000000041300000000450000 6186000195459 00000000000004244700041682] | 2026-04-06 12:32:10,047 {'product': [ErrorDetail(string=""CREME VEGET CUISINE 20CL GRAN CUCIN n'est pas fourni par le fournisseur FOURNISSEUR CENTRALE"", code='invalid')]} - [L100478753CREME VEGET CUISINE 20CL GRAN CUCIN00000424470000600000024000000000010000000071390000000890000 0000000418900 00000000000004244700041682] | 2026-04-06 12:32:10,063 {'product': [ErrorDetail(string=""CREME VEGET PAT SUCRE 50CL HULALA n'est pas fourni par le fournisseur FOURNISSEUR CENTRALE"", code='invalid')]} - [L100478754CREME VEGET PAT SUCRE 50CL HULALA  00000424470000700000020000000000010000000151040000001890000 2001004787544 00000000000004244700041682] | 2026-04-06 12:32:10,080 {'product': [ErrorDetail(string=""MOZZARELLA BLOC GALB 2.5K 38% CONGE n'est pas fourni par le fournisseur FOURNISSEUR CENTRALE"", code='invalid')]} - [L100539793MOZZARELLA BLOC GALB 2.5K 38% CONGE00000424470000800000010000000000010000000573480000006990000 2808033000008 00000000000004244700041679] | 2026-04-06 12:32:10,083 fin intégration: (5de56f28-68d5-4b80-89bd-5b55d3e04223) | fichier: /srv/import/372/Fac_372_00336725.LC | 9 lignes formatées | 8 lignes en erreurs | 1 lignes crées | 0 lignes mises à jour | 0 lignes supprimées";372;CASH IVOIRE U MAROC
pos18;POS 18;2026-04-09T18:57:06.973160+00:00;cdf2d1a7-21af-436c-8c39-594fb19e5b71;2026-04-06T12:32:09.857350;2026-04-06T12:32:09.970427;30;import de données;delivery;livraison;0;erreur;interne;"Extrait du rapport d'import: | 0 lignes mises à jour | 0 lignes supprimées | 2026-04-06 12:31:09,944 {'product': [ErrorDetail(string=""PAIN CHOCO 20%PB 60G 200/C 56/P NEU n'est pas fourni par le fournisseur FOURNISSEUR CENTRALE"", code='invalid')]} - [L100367350PAIN CHOCO 20%PB 60G 200/C 56/P NEU00000423490000200000400000000000020000000029972000000400000 2001003673503 00000000000004234900041687] | 2026-04-06 12:31:09,964 {'product': [ErrorDetail(string=""CROISSANT MARGAR 60G C*200 P*64 COR n'est pas fourni par le fournisseur FOURNISSEUR CENTRALE"", code='invalid')]} - [L100501892CROISSANT MARGAR 60G C*200 P*64 COR00000423490000300000400000000000020000000016520000000250000 2001005018920 00000000000004234900041687] | 2026-04-06 12:31:09,969 fin intégration: (b52fa901-dab8-47c0-a06c-d63312799af3) | fichier: /srv/import/372/Fac_372_00336724.LC | 4 lignes formatées | 3 lignes en erreurs | 1 lignes crées | 0 lignes mises à jour | 0 lignes supprimées | 2026-04-06 12:32:09,842 fichier present: (['Fac_372_00336750.LC', 'Fac_372_00336725.LC', 'Fac_372_00336831.LC', 'Fac_372_00336726.LC'] - delivery) dans /srv/import/372/ | 2026-04-06 12:32:09,844 9 lignes lu dans le fichier /srv/import/372/Fac_372_00336725.LC | 2026-04-06 12:32:09,844 lancement intégration: (5de56f28-68d5-4b80-89bd-5b55d3e04223) | 2026-04-06 12:32:09,852 fichier present: (['Fac_376_00336839.LC', 'Fac_376_00336728.LC', 'Fac_376_00336727.LC', 'Fac_376_00236845.LC'] - delivery) dans /srv/import/376/ | 2026-04-06 12:32:09,856 2 lignes lu dans le fichier /srv/import/376/Fac_376_00236845.LC | 2026-04-06 12:32:09,856 lancement intégration: (cdf2d1a7-21af-436c-8c39-594fb19e5b71) | 2026-04-06 12:32:09,946 {'product': [ErrorDetail(string=""MARGARINE RAMA 200G n'est pas fourni par le fournisseur FOURNISSEUR CENTRALE"", code='invalid')]} - [L042060008MARGARINE RAMA 200G                00000424470000100000040000000000010000000048380000000550000 6034000482140 00000000000004244700041682] | 2026-04-06 12:32:09,952 {'product': [ErrorDetail(string=""PALETTE APAL  80*120 n'est pas fourni par le fournisseur FOURNISSEUR CENTRALE"", code='invalid')]} - [L100514060PALETTE APAL  80*120               00000172390000100000008000000000080000001049138000010490000 2001005140607 00000000000001723903907843] | 2026-04-06 12:32:09,955 fin intégration: (cdf2d1a7-21af-436c-8c39-594fb19e5b71) | fichier: /srv/import/376/Fac_376_00236845.LC | 2 lignes formatées | 1 lignes en erreurs | 1 lignes crées | 0 lignes mises à jour | 0 lignes supprimées | 2026-04-06 12:32:09,967 {'product': [ErrorDetail(string=""MARGARINE SAINT AVE 200 GRS n'est pas fourni par le fournisseur FOURNISSEUR CENTRALE"", code='invalid')]} - [L100013729MARGARINE SAINT AVE 200 GRS        00000424470000200000080000000000020000000043188000000475000 6181100227017 00000000000004244700041682]";376;CASH IVOIRE U SICOGI ANGRE
pos18;POS 18;2026-04-09T18:57:06.973160+00:00;b52fa901-dab8-47c0-a06c-d63312799af3;2026-04-06T12:31:09.834522;2026-04-06T12:31:09.988601;30;import de données;delivery;livraison;0;erreur;interne;"Extrait du rapport d'import: | 5 lignes crées | 0 lignes mises à jour | 0 lignes supprimées | 2026-04-06 12:31:09,832 fichier present: (['Fac_372_00336750.LC', 'Fac_372_00336725.LC', 'Fac_372_00336831.LC', 'Fac_372_00336726.LC', 'Fac_372_00336724.LC'] - delivery) dans /srv/import/372/ | 2026-04-06 12:31:09,833 4 lignes lu dans le fichier /srv/import/372/Fac_372_00336724.LC | 2026-04-06 12:31:09,833 lancement intégration: (b52fa901-dab8-47c0-a06c-d63312799af3) | 2026-04-06 12:31:09,847 fichier present: (['Fac_376_00336839.LC', 'Fac_376_00336728.LC', 'Fac_376_00336727.LC', 'Fac_376_00236845.LC', 'Fac_376_00236815.LC'] - delivery) dans /srv/import/376/ | 2026-04-06 12:31:09,849 2 lignes lu dans le fichier /srv/import/376/Fac_376_00236815.LC | 2026-04-06 12:31:09,849 lancement intégration: (13c06029-e58f-45ad-a96d-5af8c9fa11b6) | 2026-04-06 12:31:09,926 {'product': [ErrorDetail(string=""CROISSANT PB 23% 50G 200/C 56/P NEU n'est pas fourni par le fournisseur FOURNISSEUR CENTRALE"", code='invalid')]} - [L100270539CROISSANT PB 23% 50G 200/C 56/P NEU00000423490000100000600000000000030000000025605800000350000 2001002705397 00000000000004234900041687] | 2026-04-06 12:31:09,926 {'product': [ErrorDetail(string=""LESS PDRE ST NIL 180G n'est pas fourni par le fournisseur FOURNISSEUR CENTRALE"", code='invalid')]} - [L100085517LESS PDRE ST NIL 180G              00000172260000100000032000000000320000000025960000000290000 6186000820382 00000000000001722603907811] | 2026-04-06 12:31:09,929 fin intégration: (13c06029-e58f-45ad-a96d-5af8c9fa11b6) | fichier: /srv/import/376/Fac_376_00236815.LC | 2 lignes formatées | 1 lignes en erreurs | 1 lignes crées | 0 lignes mises à jour | 0 lignes supprimées | 2026-04-06 12:31:09,944 {'product': [ErrorDetail(string=""PAIN CHOCO 20%PB 60G 200/C 56/P NEU n'est pas fourni par le fournisseur FOURNISSEUR CENTRALE"", code='invalid')]} - [L100367350PAIN CHOCO 20%PB 60G 200/C 56/P NEU00000423490000200000400000000000020000000029972000000400000 2001003673503 00000000000004234900041687] | 2026-04-06 12:31:09,964 {'product': [ErrorDetail(string=""CROISSANT MARGAR 60G C*200 P*64 COR n'est pas fourni par le fournisseur FOURNISSEUR CENTRALE"", code='invalid')]} - [L100501892CROISSANT MARGAR 60G C*200 P*64 COR00000423490000300000400000000000020000000016520000000250000 2001005018920 00000000000004234900041687] | 2026-04-06 12:31:09,969 fin intégration: (b52fa901-dab8-47c0-a06c-d63312799af3) | fichier: /srv/import/372/Fac_372_00336724.LC | 4 lignes formatées | 3 lignes en erreurs | 1 lignes crées | 0 lignes mises à jour | 0 lignes supprimées";372;CASH IVOIRE U MAROC
pos18;POS 18;2026-04-09T18:57:06.973160+00:00;13c06029-e58f-45ad-a96d-5af8c9fa11b6;2026-04-06T12:31:09.850119;2026-04-06T12:31:09.943925;30;import de données;delivery;livraison;0;erreur;interne;"Extrait du rapport d'import: | 3 lignes formatées | 0 lignes en erreurs | 3 lignes crées | 0 lignes mises à jour | 0 lignes supprimées | 2026-04-06 12:30:10,038 fin intégration: (fd2de0b4-736c-484f-a1c1-ccc4fae8e929) | fichier: /srv/import/354/Fac_354_00336830.LC | 5 lignes formatées | 0 lignes en erreurs | 5 lignes crées | 0 lignes mises à jour | 0 lignes supprimées | 2026-04-06 12:31:09,832 fichier present: (['Fac_372_00336750.LC', 'Fac_372_00336725.LC', 'Fac_372_00336831.LC', 'Fac_372_00336726.LC', 'Fac_372_00336724.LC'] - delivery) dans /srv/import/372/ | 2026-04-06 12:31:09,833 4 lignes lu dans le fichier /srv/import/372/Fac_372_00336724.LC | 2026-04-06 12:31:09,833 lancement intégration: (b52fa901-dab8-47c0-a06c-d63312799af3) | 2026-04-06 12:31:09,847 fichier present: (['Fac_376_00336839.LC', 'Fac_376_00336728.LC', 'Fac_376_00336727.LC', 'Fac_376_00236845.LC', 'Fac_376_00236815.LC'] - delivery) dans /srv/import/376/ | 2026-04-06 12:31:09,849 2 lignes lu dans le fichier /srv/import/376/Fac_376_00236815.LC | 2026-04-06 12:31:09,849 lancement intégration: (13c06029-e58f-45ad-a96d-5af8c9fa11b6) | 2026-04-06 12:31:09,926 {'product': [ErrorDetail(string=""CROISSANT PB 23% 50G 200/C 56/P NEU n'est pas fourni par le fournisseur FOURNISSEUR CENTRALE"", code='invalid')]} - [L100270539CROISSANT PB 23% 50G 200/C 56/P NEU00000423490000100000600000000000030000000025605800000350000 2001002705397 00000000000004234900041687] | 2026-04-06 12:31:09,926 {'product': [ErrorDetail(string=""LESS PDRE ST NIL 180G n'est pas fourni par le fournisseur FOURNISSEUR CENTRALE"", code='invalid')]} - [L100085517LESS PDRE ST NIL 180G              00000172260000100000032000000000320000000025960000000290000 6186000820382 00000000000001722603907811] | 2026-04-06 12:31:09,929 fin intégration: (13c06029-e58f-45ad-a96d-5af8c9fa11b6) | fichier: /srv/import/376/Fac_376_00236815.LC | 2 lignes formatées | 1 lignes en erreurs | 1 lignes crées | 0 lignes mises à jour | 0 lignes supprimées";376;CASH IVOIRE U SICOGI ANGRE
pos18;POS 18;2026-04-09T18:57:06.973160+00:00;fd2de0b4-736c-484f-a1c1-ccc4fae8e929;2026-04-06T12:30:09.837495;2026-04-06T12:30:10.041055;30;import de données;delivery;livraison;2;succès;interne;Import livraison: | fin intégration: (fd2de0b4-736c-484f-a1c1-ccc4fae8e929) | fichier: /srv/import/354/Fac_354_00336830.LC | 5 lignes formatées | 0 lignes en erreurs | 5 lignes crées | 0 lignes mises à jour | 0 lignes supprimées;354;CASH IVOIRE U TOITS ROUGES
pos18;POS 18;2026-04-09T18:57:06.973160+00:00;43e98a98-f0cd-4f7f-bdf0-74f9d2d1a85b;2026-04-06T12:30:09.860170;2026-04-06T12:30:09.994591;30;import de données;delivery;livraison;2;succès;interne;Import livraison: | fin intégration: (43e98a98-f0cd-4f7f-bdf0-74f9d2d1a85b) | fichier: /srv/import/376/Fac_376_00236814.LC | 3 lignes formatées | 0 lignes en erreurs | 3 lignes crées | 0 lignes mises à jour | 0 lignes supprimées;376;CASH IVOIRE U SICOGI ANGRE
pos18;POS 18;2026-04-09T18:57:06.973160+00:00;701d0ddd-3308-44ac-b7f7-3dc9514b828c;2026-04-06T12:30:09.850293;2026-04-06T12:30:09.959990;30;import de données;delivery;livraison;0;erreur;interne;"Extrait du rapport d'import: | 0 lignes mises à jour | 0 lignes supprimées | 2026-04-06 12:29:09,983 {'product': [ErrorDetail(string=""SUISSE CHOCOLAT MGC  100G*70 n'est pas fourni par le fournisseur FOURNISSEUR CENTRALE"", code='invalid')]} - [L100718943SUISSE CHOCOLAT MGC  100G*70       00000422860000300000070000000000010000000045194000000650000 2001007189437 00000000000004228600041692] | 2026-04-06 12:29:09,986 fin intégration: (bed65a1b-7f57-4b0f-ab63-13e7c21ed565) | fichier: /srv/import/372/Fac_372_00336722.LC | 4 lignes formatées | 3 lignes en erreurs | 1 lignes crées | 0 lignes mises à jour | 0 lignes supprimées | 2026-04-06 12:30:09,834 fichier present: (['Fac_354_00336830.LC'] - delivery) dans /srv/import/354/ | 2026-04-06 12:30:09,836 5 lignes lu dans le fichier /srv/import/354/Fac_354_00336830.LC | 2026-04-06 12:30:09,836 lancement intégration: (fd2de0b4-736c-484f-a1c1-ccc4fae8e929) | 2026-04-06 12:30:09,847 fichier present: (['Fac_372_00336750.LC', 'Fac_372_00336725.LC', 'Fac_372_00336831.LC', 'Fac_372_00336726.LC', 'Fac_372_00336724.LC', 'Fac_372_00336723.LC'] - delivery) dans /srv/import/372/ | 2026-04-06 12:30:09,849 2 lignes lu dans le fichier /srv/import/372/Fac_372_00336723.LC | 2026-04-06 12:30:09,849 lancement intégration: (701d0ddd-3308-44ac-b7f7-3dc9514b828c) | 2026-04-06 12:30:09,857 fichier present: (['Fac_376_00336839.LC', 'Fac_376_00236814.LC', 'Fac_376_00336728.LC', 'Fac_376_00336727.LC', 'Fac_376_00236845.LC', 'Fac_376_00236815.LC'] - delivery) dans /srv/import/376/ | 2026-04-06 12:30:09,859 3 lignes lu dans le fichier /srv/import/376/Fac_376_00236814.LC | 2026-04-06 12:30:09,859 lancement intégration: (43e98a98-f0cd-4f7f-bdf0-74f9d2d1a85b) | 2026-04-06 12:30:09,938 {'product': [ErrorDetail(string=""MORTADELLE DE DINDE MONELLS 2KG n'est pas fourni par le fournisseur FOURNISSEUR CENTRALE"", code='invalid')]} - [L100227680MORTADELLE DE DINDE MONELLS 2KG    00000423410000100000012000000000020000000607110000007590000 2803946000008 00000000000004234100041680] | 2026-04-06 12:30:09,942 fin intégration: (701d0ddd-3308-44ac-b7f7-3dc9514b828c) | fichier: /srv/import/372/Fac_372_00336723.LC | 2 lignes formatées | 1 lignes en erreurs | 1 lignes crées | 0 lignes mises à jour | 0 lignes supprimées";372;CASH IVOIRE U MAROC
pos18;POS 18;2026-04-09T18:57:06.973160+00:00;bed65a1b-7f57-4b0f-ab63-13e7c21ed565;2026-04-06T12:29:09.841046;2026-04-06T12:29:10.001257;30;import de données;delivery;livraison;0;erreur;interne;"Extrait du rapport d'import: | 2026-04-06 12:29:09,857 2 lignes lu dans le fichier /srv/import/376/Fac_376_00236813.LC | 2026-04-06 12:29:09,862 lancement intégration: (c5147ec6-3a10-4d47-8e50-ff97e7e0bb4f) | 2026-04-06 12:29:09,934 fin intégration: (e07e1882-e8d0-4703-a62e-8f9eabb6b840) | fichier: /srv/import/354/Fac_354_00336760.LC | 2 lignes formatées | 0 lignes en erreurs | 2 lignes crées | 0 lignes mises à jour | 0 lignes supprimées | 2026-04-06 12:29:09,948 {'product': [ErrorDetail(string=""PAIN CHOCO MARGA 70G C*180 P*64 COR n'est pas fourni par le fournisseur FOURNISSEUR CENTRALE"", code='invalid')]} - [L100501891PAIN CHOCO MARGA 70G C*180 P*64 COR00000422860000100000360000000000020000000023364000000300000 2001005018913 00000000000004228600041686] | 2026-04-06 12:29:09,967 {'product': [ErrorDetail(string=""CROISSANT MARGAR 60G C*200 P*64 COR n'est pas fourni par le fournisseur FOURNISSEUR CENTRALE"", code='invalid')]} - [L100501892CROISSANT MARGAR 60G C*200 P*64 COR00000422860000200000400000000000020000000016520000000250000 2001005018920 00000000000004228600041686] | 2026-04-06 12:29:09,971 {'product': [ErrorDetail(string=""LAIT C S BTE 1KG PEARL n'est pas fourni par le fournisseur FOURNISSEUR CENTRALE"", code='invalid')]} - [L100722492LAIT C S BTE 1KG PEARL             00000171730000100000120000000000050000000107147000001200000 9555513213535 00000000000001717300036162] | 2026-04-06 12:29:09,975 fin intégration: (c5147ec6-3a10-4d47-8e50-ff97e7e0bb4f) | fichier: /srv/import/376/Fac_376_00236813.LC | 2 lignes formatées | 1 lignes en erreurs | 1 lignes crées | 0 lignes mises à jour | 0 lignes supprimées | 2026-04-06 12:29:09,983 {'product': [ErrorDetail(string=""SUISSE CHOCOLAT MGC  100G*70 n'est pas fourni par le fournisseur FOURNISSEUR CENTRALE"", code='invalid')]} - [L100718943SUISSE CHOCOLAT MGC  100G*70       00000422860000300000070000000000010000000045194000000650000 2001007189437 00000000000004228600041692] | 2026-04-06 12:29:09,986 fin intégration: (bed65a1b-7f57-4b0f-ab63-13e7c21ed565) | fichier: /srv/import/372/Fac_372_00336722.LC | 4 lignes formatées | 3 lignes en erreurs | 1 lignes crées | 0 lignes mises à jour | 0 lignes supprimées";372;CASH IVOIRE U MAROC
pos18;POS 18;2026-04-09T18:57:06.973160+00:00;c5147ec6-3a10-4d47-8e50-ff97e7e0bb4f;2026-04-06T12:29:09.863069;2026-04-06T12:29:09.990646;30;import de données;delivery;livraison;0;erreur;interne;"Extrait du rapport d'import: | 2026-04-06 12:29:09,857 2 lignes lu dans le fichier /srv/import/376/Fac_376_00236813.LC | 2026-04-06 12:29:09,862 lancement intégration: (c5147ec6-3a10-4d47-8e50-ff97e7e0bb4f) | 2026-04-06 12:29:09,934 fin intégration: (e07e1882-e8d0-4703-a62e-8f9eabb6b840) | fichier: /srv/import/354/Fac_354_00336760.LC | 2 lignes formatées | 0 lignes en erreurs | 2 lignes crées | 0 lignes mises à jour | 0 lignes supprimées | 2026-04-06 12:29:09,948 {'product': [ErrorDetail(string=""PAIN CHOCO MARGA 70G C*180 P*64 COR n'est pas fourni par le fournisseur FOURNISSEUR CENTRALE"", code='invalid')]} - [L100501891PAIN CHOCO MARGA 70G C*180 P*64 COR00000422860000100000360000000000020000000023364000000300000 2001005018913 00000000000004228600041686] | 2026-04-06 12:29:09,967 {'product': [ErrorDetail(string=""CROISSANT MARGAR 60G C*200 P*64 COR n'est pas fourni par le fournisseur FOURNISSEUR CENTRALE"", code='invalid')]} - [L100501892CROISSANT MARGAR 60G C*200 P*64 COR00000422860000200000400000000000020000000016520000000250000 2001005018920 00000000000004228600041686] | 2026-04-06 12:29:09,971 {'product': [ErrorDetail(string=""LAIT C S BTE 1KG PEARL n'est pas fourni par le fournisseur FOURNISSEUR CENTRALE"", code='invalid')]} - [L100722492LAIT C S BTE 1KG PEARL             00000171730000100000120000000000050000000107147000001200000 9555513213535 00000000000001717300036162] | 2026-04-06 12:29:09,975 fin intégration: (c5147ec6-3a10-4d47-8e50-ff97e7e0bb4f) | fichier: /srv/import/376/Fac_376_00236813.LC | 2 lignes formatées | 1 lignes en erreurs | 1 lignes crées | 0 lignes mises à jour | 0 lignes supprimées | 2026-04-06 12:29:09,983 {'product': [ErrorDetail(string=""SUISSE CHOCOLAT MGC  100G*70 n'est pas fourni par le fournisseur FOURNISSEUR CENTRALE"", code='invalid')]} - [L100718943SUISSE CHOCOLAT MGC  100G*70       00000422860000300000070000000000010000000045194000000650000 2001007189437 00000000000004228600041692] | 2026-04-06 12:29:09,986 fin intégration: (bed65a1b-7f57-4b0f-ab63-13e7c21ed565) | fichier: /srv/import/372/Fac_372_00336722.LC | 4 lignes formatées | 3 lignes en erreurs | 1 lignes crées | 0 lignes mises à jour | 0 lignes supprimées";376;CASH IVOIRE U SICOGI ANGRE
pos18;POS 18;2026-04-09T18:57:06.973160+00:00;e07e1882-e8d0-4703-a62e-8f9eabb6b840;2026-04-06T12:29:09.830600;2026-04-06T12:29:09.936568;30;import de données;delivery;livraison;2;succès;interne;Import livraison: | fin intégration: (e07e1882-e8d0-4703-a62e-8f9eabb6b840) | fichier: /srv/import/354/Fac_354_00336760.LC | 2 lignes formatées | 0 lignes en erreurs | 2 lignes crées | 0 lignes mises à jour | 0 lignes supprimées;354;CASH IVOIRE U TOITS ROUGES
pos18;POS 18;2026-04-09T18:57:06.973160+00:00;10180327-6ca6-42a3-b05e-5d57e6d3c0cb;2026-04-06T12:28:09.828900;2026-04-06T12:28:10.235692;30;import de données;delivery;livraison;2;succès;interne;Import livraison: | fin intégration: (10180327-6ca6-42a3-b05e-5d57e6d3c0cb) | fichier: /srv/import/354/Fac_354_00336705.LC | 13 lignes formatées | 0 lignes en erreurs | 13 lignes crées | 0 lignes mises à jour | 0 lignes supprimées;354;CASH IVOIRE U TOITS ROUGES
pos18;POS 18;2026-04-09T18:57:06.973160+00:00;da486e52-0c5e-4409-8bff-19e1cf36a9f2;2026-04-06T12:28:09.848322;2026-04-06T12:28:09.971677;30;import de données;delivery;livraison;0;erreur;interne;"Extrait du rapport d'import: | 0 lignes mises à jour | 0 lignes supprimées | 2026-04-06 12:28:09,826 fichier present: (['Fac_354_00336760.LC', 'Fac_354_00336830.LC', 'Fac_354_00336705.LC'] - delivery) dans /srv/import/354/ | 2026-04-06 12:28:09,828 13 lignes lu dans le fichier /srv/import/354/Fac_354_00336705.LC | 2026-04-06 12:28:09,828 lancement intégration: (10180327-6ca6-42a3-b05e-5d57e6d3c0cb) | 2026-04-06 12:28:09,837 fichier present: (['Fac_372_00336750.LC', 'Fac_372_00336725.LC', 'Fac_372_00336831.LC', 'Fac_372_00336726.LC', 'Fac_372_00336724.LC', 'Fac_372_00336721.LC', 'Fac_372_00336722.LC', 'Fac_372_00336723.LC'] - delivery) dans /srv/import/372/ | 2026-04-06 12:28:09,839 2 lignes lu dans le fichier /srv/import/372/Fac_372_00336721.LC | 2026-04-06 12:28:09,839 lancement intégration: (3903dcc5-8fec-4aa4-8f34-14ea725284fa) | 2026-04-06 12:28:09,844 fichier present: (['Fac_376_00336839.LC', 'Fac_376_00236813.LC', 'Fac_376_00236812.LC', 'Fac_376_00236814.LC', 'Fac_376_00336728.LC', 'Fac_376_00336727.LC', 'Fac_376_00236845.LC', 'Fac_376_00236815.LC'] - delivery) dans /srv/import/376/ | 2026-04-06 12:28:09,847 3 lignes lu dans le fichier /srv/import/376/Fac_376_00236812.LC | 2026-04-06 12:28:09,847 lancement intégration: (da486e52-0c5e-4409-8bff-19e1cf36a9f2) | 2026-04-06 12:28:09,917 {'product': [ErrorDetail(string=""PDT FRITE 10/10 1KG LT n'est pas fourni par le fournisseur FOURNISSEUR CENTRALE"", code='invalid')]} - [L100121992PDT FRITE 10/10 1KG LT             00000422790000100000020000000000020000000183136000002290000 5410376830272 00000000000004227900041684] | 2026-04-06 12:28:09,921 fin intégration: (3903dcc5-8fec-4aa4-8f34-14ea725284fa) | fichier: /srv/import/372/Fac_372_00336721.LC | 2 lignes formatées | 1 lignes en erreurs | 1 lignes crées | 0 lignes mises à jour | 0 lignes supprimées | 2026-04-06 12:28:09,953 {'product': [ErrorDetail(string=""MOUT DIJON AROMATE 1KG SIP n'est pas fourni par le fournisseur FOURNISSEUR CENTRALE"", code='invalid')]} - [L100202582MOUT DIJON AROMATE 1KG SIP         00000171710000200000006000000000010000000250632000003150000 6186000015863 00000000000001717100036156] | 2026-04-06 12:28:09,958 fin intégration: (da486e52-0c5e-4409-8bff-19e1cf36a9f2) | fichier: /srv/import/376/Fac_376_00236812.LC | 3 lignes formatées | 1 lignes en erreurs | 2 lignes crées | 0 lignes mises à jour | 0 lignes supprimées";376;CASH IVOIRE U SICOGI ANGRE
pos18;POS 18;2026-04-09T18:57:06.973160+00:00;3903dcc5-8fec-4aa4-8f34-14ea725284fa;2026-04-06T12:28:09.839881;2026-04-06T12:28:09.935659;30;import de données;delivery;livraison;0;erreur;interne;"Extrait du rapport d'import: | 2026-04-06 12:27:10,962 {'product': [ErrorDetail(string=""CR EXPERT 8CL SIVODERM n'est pas fourni par le fournisseur FOURNISSEUR CENTRALE"", code='invalid')]} - [L100604484CR EXPERT 8CL SIVODERM             00000169600006400000012000000000020000000051094000000700000 6181100382747 00000000000001696000036168] | 2026-04-06 12:27:11,100 {'product': [ErrorDetail(string=""DEO ROLL ON HOM SOFT&CONT 5CL FA n'est pas fourni par le fournisseur FOURNISSEUR CENTRALE"", code='invalid')]} - [L100662885DEO ROLL ON HOM SOFT&CONT 5CL FA   00000169590004500000006000000000010000000085314000001150000 6281031259344 00000000000001695900036168] | 2026-04-06 12:27:11,116 {'product': [ErrorDetail(string=""DEO AMAZONA 10CL GDK n'est pas fourni par le fournisseur FOURNISSEUR CENTRALE"", code='invalid')]} - [L100676005DEO AMAZONA 10CL GDK               00000169590004600000006000000000010000000047790000000700000 6181100317930 00000000000001695900036168] | 2026-04-06 12:27:11,178 {'product': [ErrorDetail(string=""LAIT CORPS COCO BUTTER 40CL FEEL n'est pas fourni par le fournisseur FOURNISSEUR CENTRALE"", code='invalid')]} - [L100699052LAIT CORPS COCO BUTTER 40CL FEEL   00000169590004800000006000000000010000000073868000001000000 6182000132968 00000000000001695900036168] | 2026-04-06 12:27:11,203 fin intégration: (34bc3c3e-937d-4eb2-b680-589d0d906414) | fichier: /srv/import/376/Fac_376_00236811.LC | 70 lignes formatées | 38 lignes en erreurs | 32 lignes crées | 0 lignes mises à jour | 0 lignes supprimées | 2026-04-06 12:28:09,826 fichier present: (['Fac_354_00336760.LC', 'Fac_354_00336830.LC', 'Fac_354_00336705.LC'] - delivery) dans /srv/import/354/ | 2026-04-06 12:28:09,828 13 lignes lu dans le fichier /srv/import/354/Fac_354_00336705.LC | 2026-04-06 12:28:09,828 lancement intégration: (10180327-6ca6-42a3-b05e-5d57e6d3c0cb) | 2026-04-06 12:28:09,837 fichier present: (['Fac_372_00336750.LC', 'Fac_372_00336725.LC', 'Fac_372_00336831.LC', 'Fac_372_00336726.LC', 'Fac_372_00336724.LC', 'Fac_372_00336721.LC', 'Fac_372_00336722.LC', 'Fac_372_00336723.LC'] - delivery) dans /srv/import/372/ | 2026-04-06 12:28:09,839 2 lignes lu dans le fichier /srv/import/372/Fac_372_00336721.LC | 2026-04-06 12:28:09,839 lancement intégration: (3903dcc5-8fec-4aa4-8f34-14ea725284fa) | 2026-04-06 12:28:09,844 fichier present: (['Fac_376_00336839.LC', 'Fac_376_00236813.LC', 'Fac_376_00236812.LC', 'Fac_376_00236814.LC', 'Fac_376_00336728.LC', 'Fac_376_00336727.LC', 'Fac_376_00236845.LC', 'Fac_376_00236815.LC'] - delivery) dans /srv/import/376/ | 2026-04-06 12:28:09,847 3 lignes lu dans le fichier /srv/import/376/Fac_376_00236812.LC | 2026-04-06 12:28:09,847 lancement intégration: (da486e52-0c5e-4409-8bff-19e1cf36a9f2) | 2026-04-06 12:28:09,917 {'product': [ErrorDetail(string=""PDT FRITE 10/10 1KG LT n'est pas fourni par le fournisseur FOURNISSEUR CENTRALE"", code='invalid')]} - [L100121992PDT FRITE 10/10 1KG LT             00000422790000100000020000000000020000000183136000002290000 5410376830272 00000000000004227900041684] | 2026-04-06 12:28:09,921 fin intégration: (3903dcc5-8fec-4aa4-8f34-14ea725284fa) | fichier: /srv/import/372/Fac_372_00336721.LC | 2 lignes formatées | 1 lignes en erreurs | 1 lignes crées | 0 lignes mises à jour | 0 lignes supprimées";372;CASH IVOIRE U MAROC
pos18;POS 18;2026-04-09T18:57:06.973160+00:00;34bc3c3e-937d-4eb2-b680-589d0d906414;2026-04-06T12:27:09.845830;2026-04-06T12:27:11.217348;30;import de données;delivery;livraison;0;erreur;interne;"Extrait du rapport d'import: | 2026-04-06 12:27:10,366 {'product': [ErrorDetail(string=""LAIT TOIL EVER SHEEM 25CL n'est pas fourni par le fournisseur FOURNISSEUR CENTRALE"", code='invalid')]} - [L100294743LAIT TOIL EVER SHEEM 25CL          00000169590001900000012000000000020000000059708000000750000 6186000077427 00000000000001695900036168] | 2026-04-06 12:27:10,381 {'product': [ErrorDetail(string=""LAIT TOIL 40CL QUEEN ELISABETH n'est pas fourni par le fournisseur FOURNISSEUR CENTRALE"", code='invalid')]} - [L100294745LAIT TOIL 40CL QUEEN ELISABETH     00000169590002000000006000000000010000000079296000001000000 6186000077045 00000000000001695900036168] | 2026-04-06 12:27:10,396 {'product': [ErrorDetail(string=""LAIT TOIL AFRICAN QUEEN 45CL GDK n'est pas fourni par le fournisseur FOURNISSEUR CENTRALE"", code='invalid')]} - [L100298438LAIT TOIL AFRICAN QUEEN 45CL GDK   00000169590002100000006000000000010000000105964000001475000 6181100315738 00000000000001695900036168] | 2026-04-06 12:27:10,411 {'product': [ErrorDetail(string=""LOTION 12,5CL SIVODERM n'est pas fourni par le fournisseur FOURNISSEUR CENTRALE"", code='invalid')]} - [L100303390LOTION 12,5CL SIVODERM             00000169600005500000012000000000020000000042598000000575000 6181100322781 00000000000001696000036168] | 2026-04-06 12:27:10,504 {'product': [ErrorDetail(string=""SH CC 20CL H&S n'est pas fourni par le fournisseur FOURNISSEUR CENTRALE"", code='invalid')]} - [L100379151SH CC 20CL H&S                     00000169590002400000006000000000010000000240720000003000000 5000174989854 00000000000001695900036168] | 2026-04-06 12:27:10,540 {'product': [ErrorDetail(string=""CR TOIL 25CL EVER SHEEN n'est pas fourni par le fournisseur FOURNISSEUR CENTRALE"", code='invalid')]} - [L100409815CR TOIL 25CL EVER SHEEN            00000169590002600000020000000000050000000097822000001250000 6186000077168 00000000000001695900036168] | 2026-04-06 12:27:10,577 {'product': [ErrorDetail(string=""LAIT TOIL 25CL QUEEN ELISABETH n'est pas fourni par le fournisseur FOURNISSEUR CENTRALE"", code='invalid')]} - [L100409848LAIT TOIL 25CL QUEEN ELISABETH     00000169590002800000006000000000010000000054988000000875000 6186000077052 00000000000001695900036168] | 2026-04-06 12:27:10,592 {'product': [ErrorDetail(string=""EDC FLY GREEN 15CL n'est pas fourni par le fournisseur FOURNISSEUR CENTRALE"", code='invalid')]} - [L100450003EDC FLY GREEN 15CL                 00000169590002900000006000000000010000000051330000000700000 6181100326413 00000000000001695900036168] | 2026-04-06 12:27:10,608 {'product': [ErrorDetail(string=""EDC FLY AQUA 15CL n'est pas fourni par le fournisseur FOURNISSEUR CENTRALE"", code='invalid')]} - [L100450004EDC FLY AQUA 15CL                  00000169590003000000006000000000010000000051330000000700000 6181100326338 00000000000001695900036168] | 2026-04-06 12:27:10,625 {'product': [ErrorDetail(string=""ASSOUPL COTON 1L SOFTY n'est pas fourni par le fournisseur FOURNISSEUR CENTRALE"", code='invalid')]} - [L100461622ASSOUPL COTON 1L SOFTY             00000169590003100000012000000000010000000118000000001500000 6181100291230 00000000000001695900036167] | 2026-04-06 12:27:10,641 {'product': [ErrorDetail(string=""ASSOUPL LAVDE 1L SOFTY n'est pas fourni par le fournisseur FOURNISSEUR CENTRALE"", code='invalid')]} - [L100461624ASSOUPL LAVDE 1L SOFTY             00000169590003200000012000000000010000000118000000001500000 6181100291247 00000000000001695900036167] | 2026-04-06 12:27:10,677 {'product': [ErrorDetail(string=""ADOU DILUE SOURCE FRAICH 2L U n'est pas fourni par le fournisseur FOURNISSEUR CENTRALE"", code='invalid')]} - [L100463717ADOU DILUE SOURCE FRAICH 2L U      00000169590003400000004000000000010000000206736000002900000 3256225432547 00000000000001695900036167] | 2026-04-06 12:27:10,756 {'product': [ErrorDetail(string=""EDP REVE MAGIQUE 9CL GDK n'est pas fourni par le fournisseur FOURNISSEUR CENTRALE"", code='invalid')]} - [L100494680EDP REVE MAGIQUE 9CL GDK           00000169590003600000006000000000010000000082364000001175000 6181100316056 00000000000001695900036168] | 2026-04-06 12:27:10,772 {'product': [ErrorDetail(string=""LAIT TOIL REVITALISANT 25CL CLARAB n'est pas fourni par le fournisseur FOURNISSEUR CENTRALE"", code='invalid')]} - [L100516315LAIT TOIL REVITALISANT 25CL CLARAB 00000169590003700000012000000000010000000115050000001550000 6181100102765 00000000000001695900036168] | 2026-04-06 12:27:10,788 {'product': [ErrorDetail(string=""EDC VETYVER 20CL FAMOS 23 n'est pas fourni par le fournisseur FOURNISSEUR CENTRALE"", code='invalid')]} - [L100516353EDC VETYVER 20CL FAMOS 23          00000169590003800000006000000000010000000086494000001350000 6181100632002 00000000000001695900036168] | 2026-04-06 12:27:10,912 {'product': [ErrorDetail(string=""SAV ORIGINAL 300G FANICO n'est pas fourni par le fournisseur FOURNISSEUR CENTRALE"", code='invalid')]} - [L100601188SAV ORIGINAL 300G FANICO           00000169590004100000048000000000020000000031624000000350000 6181001995916 00000000000001695900036167] | 2026-04-06 12:27:10,929 {'product': [ErrorDetail(string=""SAV 300G MAXIMOUSSE n'est pas fourni par le fournisseur FOURNISSEUR CENTRALE"", code='invalid')]} - [L100601192SAV 300G MAXIMOUSSE                00000169590004200000048000000000020000000052510000000600000 6181001995831 00000000000001695900036167] | 2026-04-06 12:27:10,945 {'product': [ErrorDetail(string=""SAV PURIFI 100G SIVODERM EXPERT n'est pas fourni par le fournisseur FOURNISSEUR CENTRALE"", code='invalid')]} - [L100604469SAV PURIFI 100G SIVODERM EXPERT    00000169600006300000144000000000010000000032568000000500000 6181100382730 00000000000001696000036168] | 2026-04-06 12:27:10,962 {'product': [ErrorDetail(string=""CR EXPERT 8CL SIVODERM n'est pas fourni par le fournisseur FOURNISSEUR CENTRALE"", code='invalid')]} - [L100604484CR EXPERT 8CL SIVODERM             00000169600006400000012000000000020000000051094000000700000 6181100382747 00000000000001696000036168] | 2026-04-06 12:27:11,100 {'product': [ErrorDetail(string=""DEO ROLL ON HOM SOFT&CONT 5CL FA n'est pas fourni par le fournisseur FOURNISSEUR CENTRALE"", code='invalid')]} - [L100662885DEO ROLL ON HOM SOFT&CONT 5CL FA   00000169590004500000006000000000010000000085314000001150000 6281031259344 00000000000001695900036168] | 2026-04-06 12:27:11,116 {'product': [ErrorDetail(string=""DEO AMAZONA 10CL GDK n'est pas fourni par le fournisseur FOURNISSEUR CENTRALE"", code='invalid')]} - [L100676005DEO AMAZONA 10CL GDK               00000169590004600000006000000000010000000047790000000700000 6181100317930 00000000000001695900036168] | 2026-04-06 12:27:11,178 {'product': [ErrorDetail(string=""LAIT CORPS COCO BUTTER 40CL FEEL n'est pas fourni par le fournisseur FOURNISSEUR CENTRALE"", code='invalid')]} - [L100699052LAIT CORPS COCO BUTTER 40CL FEEL   00000169590004800000006000000000010000000073868000001000000 6182000132968 00000000000001695900036168] | 2026-04-06 12:27:11,203 fin intégration: (34bc3c3e-937d-4eb2-b680-589d0d906414) | fichier: /srv/import/376/Fac_376_00236811.LC | 70 lignes formatées | 38 lignes en erreurs | 32 lignes crées | 0 lignes mises à jour | 0 lignes supprimées";376;CASH IVOIRE U SICOGI ANGRE
pos18;POS 18;2026-04-09T18:57:06.973160+00:00;d95eb762-ab55-4241-b6e8-dcfa4c4d0a77;2026-04-06T12:27:09.829864;2026-04-06T12:27:09.974037;30;import de données;delivery;livraison;2;succès;interne;Import livraison: | fin intégration: (d95eb762-ab55-4241-b6e8-dcfa4c4d0a77) | fichier: /srv/import/354/Fac_354_00336704.LC | 3 lignes formatées | 0 lignes en erreurs | 3 lignes crées | 0 lignes mises à jour | 0 lignes supprimées;354;CASH IVOIRE U TOITS ROUGES
pos18;POS 18;2026-04-09T18:57:06.973160+00:00;b6978f8a-e1a4-4ac0-aece-a5e3e0805a10;2026-04-06T12:27:09.838386;2026-04-06T12:27:09.960642;30;import de données;delivery;livraison;0;erreur;interne;"Extrait du rapport d'import: | 4 lignes crées | 0 lignes mises à jour | 0 lignes supprimées | 2026-04-06 12:26:10,006 fin intégration: (0e75fa55-4077-4ab2-b7fa-8f09b0cc839c) | fichier: /srv/import/376/Fac_376_00236810.LC | 3 lignes formatées | 0 lignes en erreurs | 3 lignes crées | 0 lignes mises à jour | 0 lignes supprimées | 2026-04-06 12:27:09,827 fichier present: (['Fac_354_00336704.LC', 'Fac_354_00336760.LC', 'Fac_354_00336830.LC', 'Fac_354_00336705.LC'] - delivery) dans /srv/import/354/ | 2026-04-06 12:27:09,829 3 lignes lu dans le fichier /srv/import/354/Fac_354_00336704.LC | 2026-04-06 12:27:09,829 lancement intégration: (d95eb762-ab55-4241-b6e8-dcfa4c4d0a77) | 2026-04-06 12:27:09,835 fichier present: (['Fac_372_00336750.LC', 'Fac_372_00336725.LC', 'Fac_372_00236837.LC', 'Fac_372_00336831.LC', 'Fac_372_00336726.LC', 'Fac_372_00336724.LC', 'Fac_372_00336721.LC', 'Fac_372_00336722.LC', 'Fac_372_00336723.LC'] - delivery) dans /srv/import/372/ | 2026-04-06 12:27:09,837 2 lignes lu dans le fichier /srv/import/372/Fac_372_00236837.LC | 2026-04-06 12:27:09,837 lancement intégration: (b6978f8a-e1a4-4ac0-aece-a5e3e0805a10) | 2026-04-06 12:27:09,843 fichier present: (['Fac_376_00336839.LC', 'Fac_376_00236813.LC', 'Fac_376_00236812.LC', 'Fac_376_00236814.LC', 'Fac_376_00336728.LC', 'Fac_376_00236811.LC', 'Fac_376_00336727.LC', 'Fac_376_00236845.LC', 'Fac_376_00236815.LC'] - delivery) dans /srv/import/376/ | 2026-04-06 12:27:09,845 70 lignes lu dans le fichier /srv/import/376/Fac_376_00236811.LC | 2026-04-06 12:27:09,845 lancement intégration: (34bc3c3e-937d-4eb2-b680-589d0d906414) | 2026-04-06 12:27:09,944 {'product': [ErrorDetail(string=""PALETTE APAL  80*120 n'est pas fourni par le fournisseur FOURNISSEUR CENTRALE"", code='invalid')]} - [L100514060PALETTE APAL  80*120               00000172380000100000015000000000150000001049138000010490000 2001005140607 00000000000001723803907835] | 2026-04-06 12:27:09,947 fin intégration: (b6978f8a-e1a4-4ac0-aece-a5e3e0805a10) | fichier: /srv/import/372/Fac_372_00236837.LC | 2 lignes formatées | 1 lignes en erreurs | 1 lignes crées | 0 lignes mises à jour | 0 lignes supprimées";372;CASH IVOIRE U MAROC
pos18;POS 18;2026-04-09T18:57:06.973160+00:00;0e75fa55-4077-4ab2-b7fa-8f09b0cc839c;2026-04-06T12:26:09.848944;2026-04-06T12:26:10.008400;30;import de données;delivery;livraison;2;succès;interne;Import livraison: | fin intégration: (0e75fa55-4077-4ab2-b7fa-8f09b0cc839c) | fichier: /srv/import/376/Fac_376_00236810.LC | 3 lignes formatées | 0 lignes en erreurs | 3 lignes crées | 0 lignes mises à jour | 0 lignes supprimées;376;CASH IVOIRE U SICOGI ANGRE
pos18;POS 18;2026-04-09T18:57:06.973160+00:00;b6385248-ec0d-42f8-a916-cf89e342ae4c;2026-04-06T12:26:09.828596;2026-04-06T12:26:09.985557;30;import de données;delivery;livraison;2;succès;interne;Import livraison: | fin intégration: (b6385248-ec0d-42f8-a916-cf89e342ae4c) | fichier: /srv/import/354/Fac_354_00336703.LC | 4 lignes formatées | 0 lignes en erreurs | 4 lignes crées | 0 lignes mises à jour | 0 lignes supprimées;354;CASH IVOIRE U TOITS ROUGES
pos18;POS 18;2026-04-09T18:57:06.973160+00:00;37325089-07e4-4679-bf74-bee50d4fb8f6;2026-04-06T12:26:09.839316;2026-04-06T12:26:09.956718;30;import de données;delivery;livraison;0;erreur;interne;"Extrait du rapport d'import: | 0 lignes supprimées | 2026-04-06 12:25:10,077 {'product': [ErrorDetail(string=""BISC PURE BLISS LAIT COOKIES 46G n'est pas fourni par le fournisseur FOURNISSEUR CENTRALE"", code='invalid')]} - [L100622124BISC PURE BLISS LAIT COOKIES 46G   00000167850000900000048000000000010000000008614000000100000 6186000648559 00000000000001678500036148] | 2026-04-06 12:25:10,093 {'product': [ErrorDetail(string=""BISC LOND SHORTB DIGEST 80G MC BERR n'est pas fourni par le fournisseur FOURNISSEUR CENTRALE"", code='invalid')]} - [L100714779BISC LOND SHORTB DIGEST 80G MC BERR00000167850001000000036000000000010000000021594000000300000 6033000522146 00000000000001678500036148] | 2026-04-06 12:25:10,096 fin intégration: (ea0c6490-7cfb-453e-923c-c8d317c9aeac) | fichier: /srv/import/376/Fac_376_00236809.LC | 11 lignes formatées | 4 lignes en erreurs | 7 lignes crées | 0 lignes mises à jour | 0 lignes supprimées | 2026-04-06 12:26:09,826 fichier present: (['Fac_354_00336703.LC', 'Fac_354_00336704.LC', 'Fac_354_00336760.LC', 'Fac_354_00336830.LC', 'Fac_354_00336705.LC'] - delivery) dans /srv/import/354/ | 2026-04-06 12:26:09,827 4 lignes lu dans le fichier /srv/import/354/Fac_354_00336703.LC | 2026-04-06 12:26:09,828 lancement intégration: (b6385248-ec0d-42f8-a916-cf89e342ae4c) | 2026-04-06 12:26:09,834 fichier present: (['Fac_372_00336750.LC', 'Fac_372_00336725.LC', 'Fac_372_00236837.LC', 'Fac_372_00336831.LC', 'Fac_372_00236806.LC', 'Fac_372_00336726.LC', 'Fac_372_00336724.LC', 'Fac_372_00336721.LC', 'Fac_372_00336722.LC', 'Fac_372_00336723.LC'] - delivery) dans /srv/import/372/ | 2026-04-06 12:26:09,838 2 lignes lu dans le fichier /srv/import/372/Fac_372_00236806.LC | 2026-04-06 12:26:09,838 lancement intégration: (37325089-07e4-4679-bf74-bee50d4fb8f6) | 2026-04-06 12:26:09,844 fichier present: (['Fac_376_00336839.LC', 'Fac_376_00236813.LC', 'Fac_376_00236812.LC', 'Fac_376_00236814.LC', 'Fac_376_00336728.LC', 'Fac_376_00236811.LC', 'Fac_376_00336727.LC', 'Fac_376_00236810.LC', 'Fac_376_00236845.LC', 'Fac_376_00236815.LC'] - delivery) dans /srv/import/376/ | 2026-04-06 12:26:09,848 3 lignes lu dans le fichier /srv/import/376/Fac_376_00236810.LC | 2026-04-06 12:26:09,848 lancement intégration: (0e75fa55-4077-4ab2-b7fa-8f09b0cc839c) | 2026-04-06 12:26:09,939 {'product': [ErrorDetail(string=""FLOCON AVOINE SCHT 50G BIBLOS n'est pas fourni par le fournisseur FOURNISSEUR CENTRALE"", code='invalid')]} - [L100728808FLOCON AVOINE SCHT 50G BIBLOS      00000172270000100000100000000000010000000008850000000100000 6186000346547 00000000000001722703907812] | 2026-04-06 12:26:09,942 fin intégration: (37325089-07e4-4679-bf74-bee50d4fb8f6) | fichier: /srv/import/372/Fac_372_00236806.LC | 2 lignes formatées | 1 lignes en erreurs | 1 lignes crées | 0 lignes mises à jour | 0 lignes supprimées";372;CASH IVOIRE U MAROC
pos18;POS 18;2026-04-09T18:57:06.973160+00:00;ea0c6490-7cfb-453e-923c-c8d317c9aeac;2026-04-06T12:25:09.820785;2026-04-06T12:25:10.109360;30;import de données;delivery;livraison;0;erreur;interne;"Extrait du rapport d'import: | 2026-04-06 12:25:09,820 lancement intégration: (ea0c6490-7cfb-453e-923c-c8d317c9aeac) | 2026-04-06 12:25:09,892 {'product': [ErrorDetail(string=""LESS PDRE ST NIL 180G n'est pas fourni par le fournisseur FOURNISSEUR CENTRALE"", code='invalid')]} - [L100085517LESS PDRE ST NIL 180G              00000171800000100000016000000000160000000025960000000290000 6186000820382 00000000000001718003907809] | 2026-04-06 12:25:09,896 fin intégration: (61c39044-2e89-4005-bf03-0b765e885c11) | fichier: /srv/import/372/Fac_372_00236805.LC | 2 lignes formatées | 1 lignes en erreurs | 1 lignes crées | 0 lignes mises à jour | 0 lignes supprimées | 2026-04-06 12:25:09,934 {'product': [ErrorDetail(string=""FARINE PATISSE 1KG T45 GMA n'est pas fourni par le fournisseur FOURNISSEUR CENTRALE"", code='invalid')]} - [L010010051FARINE PATISSE 1KG T45 GMA         00000167850000200000040000000000040000000052200000000625000 6186000040018 00000000000001678500036148] | 2026-04-06 12:25:09,973 {'product': [ErrorDetail(string=""BISC GAUF MILK 45G LOACKER n'est pas fourni par le fournisseur FOURNISSEUR CENTRALE"", code='invalid')]} - [L100357533BISC GAUF MILK 45G LOACKER         00000167850000400000025000000000010000000048734000000600000 0000080001270 00000000000001678500036148] | 2026-04-06 12:25:10,045 fin intégration: (112d500b-bc90-4cf4-ae69-b4b34b50c464) | fichier: /srv/import/354/Fac_354_00336702.LC | 8 lignes formatées | 0 lignes en erreurs | 8 lignes crées | 0 lignes mises à jour | 0 lignes supprimées | 2026-04-06 12:25:10,077 {'product': [ErrorDetail(string=""BISC PURE BLISS LAIT COOKIES 46G n'est pas fourni par le fournisseur FOURNISSEUR CENTRALE"", code='invalid')]} - [L100622124BISC PURE BLISS LAIT COOKIES 46G   00000167850000900000048000000000010000000008614000000100000 6186000648559 00000000000001678500036148] | 2026-04-06 12:25:10,093 {'product': [ErrorDetail(string=""BISC LOND SHORTB DIGEST 80G MC BERR n'est pas fourni par le fournisseur FOURNISSEUR CENTRALE"", code='invalid')]} - [L100714779BISC LOND SHORTB DIGEST 80G MC BERR00000167850001000000036000000000010000000021594000000300000 6033000522146 00000000000001678500036148] | 2026-04-06 12:25:10,096 fin intégration: (ea0c6490-7cfb-453e-923c-c8d317c9aeac) | fichier: /srv/import/376/Fac_376_00236809.LC | 11 lignes formatées | 4 lignes en erreurs | 7 lignes crées | 0 lignes mises à jour | 0 lignes supprimées";376;CASH IVOIRE U SICOGI ANGRE
pos18;POS 18;2026-04-09T18:57:06.973160+00:00;112d500b-bc90-4cf4-ae69-b4b34b50c464;2026-04-06T12:25:09.801675;2026-04-06T12:25:10.046999;30;import de données;delivery;livraison;2;succès;interne;Import livraison: | fin intégration: (112d500b-bc90-4cf4-ae69-b4b34b50c464) | fichier: /srv/import/354/Fac_354_00336702.LC | 8 lignes formatées | 0 lignes en erreurs | 8 lignes crées | 0 lignes mises à jour | 0 lignes supprimées;354;CASH IVOIRE U TOITS ROUGES
pos18;POS 18;2026-04-09T18:57:06.973160+00:00;61c39044-2e89-4005-bf03-0b765e885c11;2026-04-06T12:25:09.813912;2026-04-06T12:25:09.911163;30;import de données;delivery;livraison;0;erreur;interne;"Extrait du rapport d'import: | 2026-04-06 12:24:09,933 {'product': [ErrorDetail(string=""LAIT PDR ENTIER SHT 15G BNET RGE n'est pas fourni par le fournisseur FOURNISSEUR CENTRALE"", code='invalid')]} - [L100083225LAIT PDR ENTIER SHT 15G BNET RGE   00000167170000200000600000000000050000000008502000000100000 6186001015022 00000000000001671700036148] | 2026-04-06 12:24:09,998 {'product': [ErrorDetail(string=""MARG POT 800G AYA n'est pas fourni par le fournisseur FOURNISSEUR CENTRALE"", code='invalid')]} - [L100450331MARG POT 800G AYA                  00000167170000500000120000000000150000000108914000001300000 6186000195213 00000000000001671700036136] | 2026-04-06 12:24:10,105 {'product': [ErrorDetail(string=""CHIPS ORIGINAL 165G PRINGLES KT n'est pas fourni par le fournisseur FOURNISSEUR CENTRALE"", code='invalid')]} - [L100515463CHIPS ORIGINAL 165G PRINGLES KT    00000167170001000000038000000000020000000167796000002200000 5053990127726 00000000000001671700036152] | 2026-04-06 12:24:10,144 {'product': [ErrorDetail(string=""SUCRE GRANULE ROUX 435G P.TATIE n'est pas fourni par le fournisseur FOURNISSEUR CENTRALE"", code='invalid')]} - [L100665861SUCRE GRANULE ROUX 435G P.TATIE    00000167170001200000030000000000010000000042834000000450000 6181100340358 00000000000001671700036148] | 2026-04-06 12:24:10,192 fin intégration: (d7fb04d7-da72-4e9e-a5ff-b6149e6dddf7) | fichier: /srv/import/376/Fac_376_00236808.LC | 15 lignes formatées | 4 lignes en erreurs | 11 lignes crées | 0 lignes mises à jour | 0 lignes supprimées | 2026-04-06 12:25:09,799 fichier present: (['Fac_354_00336703.LC', 'Fac_354_00336704.LC', 'Fac_354_00336702.LC', 'Fac_354_00336760.LC', 'Fac_354_00336830.LC', 'Fac_354_00336705.LC'] - delivery) dans /srv/import/354/ | 2026-04-06 12:25:09,801 8 lignes lu dans le fichier /srv/import/354/Fac_354_00336702.LC | 2026-04-06 12:25:09,801 lancement intégration: (112d500b-bc90-4cf4-ae69-b4b34b50c464) | 2026-04-06 12:25:09,812 fichier present: (['Fac_372_00336750.LC', 'Fac_372_00336725.LC', 'Fac_372_00236837.LC', 'Fac_372_00336831.LC', 'Fac_372_00236806.LC', 'Fac_372_00336726.LC', 'Fac_372_00336724.LC', 'Fac_372_00336721.LC', 'Fac_372_00336722.LC', 'Fac_372_00336723.LC', 'Fac_372_00236805.LC'] - delivery) dans /srv/import/372/ | 2026-04-06 12:25:09,813 2 lignes lu dans le fichier /srv/import/372/Fac_372_00236805.LC | 2026-04-06 12:25:09,813 lancement intégration: (61c39044-2e89-4005-bf03-0b765e885c11) | 2026-04-06 12:25:09,818 fichier present: (['Fac_376_00336839.LC', 'Fac_376_00236813.LC', 'Fac_376_00236812.LC', 'Fac_376_00236809.LC', 'Fac_376_00236814.LC', 'Fac_376_00336728.LC', 'Fac_376_00236811.LC', 'Fac_376_00336727.LC', 'Fac_376_00236810.LC', 'Fac_376_00236845.LC', 'Fac_376_00236815.LC'] - delivery) dans /srv/import/376/ | 2026-04-06 12:25:09,820 11 lignes lu dans le fichier /srv/import/376/Fac_376_00236809.LC | 2026-04-06 12:25:09,820 lancement intégration: (ea0c6490-7cfb-453e-923c-c8d317c9aeac) | 2026-04-06 12:25:09,892 {'product': [ErrorDetail(string=""LESS PDRE ST NIL 180G n'est pas fourni par le fournisseur FOURNISSEUR CENTRALE"", code='invalid')]} - [L100085517LESS PDRE ST NIL 180G              00000171800000100000016000000000160000000025960000000290000 6186000820382 00000000000001718003907809] | 2026-04-06 12:25:09,896 fin intégration: (61c39044-2e89-4005-bf03-0b765e885c11) | fichier: /srv/import/372/Fac_372_00236805.LC | 2 lignes formatées | 1 lignes en erreurs | 1 lignes crées | 0 lignes mises à jour | 0 lignes supprimées";372;CASH IVOIRE U MAROC
pos18;POS 18;2026-04-09T18:57:06.973160+00:00;d7fb04d7-da72-4e9e-a5ff-b6149e6dddf7;2026-04-06T12:24:09.826181;2026-04-06T12:24:10.206560;30;import de données;delivery;livraison;0;erreur;interne;"Extrait du rapport d'import: | 2026-04-06 12:24:09,899 {'product': [ErrorDetail(string=""PATES FUSIL 1KG PANZANI n'est pas fourni par le fournisseur FOURNISSEUR CENTRALE"", code='invalid')]} - [L011011279PATES FUSIL 1KG PANZANI            00000171700000100000018000000000020000000240248000002775000 3038359002137 00000000000001717000041688] | 2026-04-06 12:24:09,910 fin intégration: (1942283b-a97c-4c84-a227-9562604cf42a) | fichier: /srv/import/354/Fac_354_00236838.LC | 2 lignes formatées | 0 lignes en erreurs | 2 lignes crées | 0 lignes mises à jour | 0 lignes supprimées | 2026-04-06 12:24:09,920 {'product': [ErrorDetail(string=""PATES VERMIC 250G PANZANI n'est pas fourni par le fournisseur FOURNISSEUR CENTRALE"", code='invalid')]} - [L100458741PATES VERMIC 250G PANZANI          00000171700000200000120000000000030000000034444000000400000 6181100094954 00000000000001717000041688] | 2026-04-06 12:24:09,924 fin intégration: (89b36d33-1151-46e5-ba76-9dd72dac03d2) | fichier: /srv/import/372/Fac_372_00236804.LC | 3 lignes formatées | 2 lignes en erreurs | 1 lignes crées | 0 lignes mises à jour | 0 lignes supprimées | 2026-04-06 12:24:09,933 {'product': [ErrorDetail(string=""LAIT PDR ENTIER SHT 15G BNET RGE n'est pas fourni par le fournisseur FOURNISSEUR CENTRALE"", code='invalid')]} - [L100083225LAIT PDR ENTIER SHT 15G BNET RGE   00000167170000200000600000000000050000000008502000000100000 6186001015022 00000000000001671700036148] | 2026-04-06 12:24:09,998 {'product': [ErrorDetail(string=""MARG POT 800G AYA n'est pas fourni par le fournisseur FOURNISSEUR CENTRALE"", code='invalid')]} - [L100450331MARG POT 800G AYA                  00000167170000500000120000000000150000000108914000001300000 6186000195213 00000000000001671700036136] | 2026-04-06 12:24:10,105 {'product': [ErrorDetail(string=""CHIPS ORIGINAL 165G PRINGLES KT n'est pas fourni par le fournisseur FOURNISSEUR CENTRALE"", code='invalid')]} - [L100515463CHIPS ORIGINAL 165G PRINGLES KT    00000167170001000000038000000000020000000167796000002200000 5053990127726 00000000000001671700036152] | 2026-04-06 12:24:10,144 {'product': [ErrorDetail(string=""SUCRE GRANULE ROUX 435G P.TATIE n'est pas fourni par le fournisseur FOURNISSEUR CENTRALE"", code='invalid')]} - [L100665861SUCRE GRANULE ROUX 435G P.TATIE    00000167170001200000030000000000010000000042834000000450000 6181100340358 00000000000001671700036148] | 2026-04-06 12:24:10,192 fin intégration: (d7fb04d7-da72-4e9e-a5ff-b6149e6dddf7) | fichier: /srv/import/376/Fac_376_00236808.LC | 15 lignes formatées | 4 lignes en erreurs | 11 lignes crées | 0 lignes mises à jour | 0 lignes supprimées";376;CASH IVOIRE U SICOGI ANGRE
pos18;POS 18;2026-04-09T18:57:06.973160+00:00;89b36d33-1151-46e5-ba76-9dd72dac03d2;2026-04-06T12:24:09.812271;2026-04-06T12:24:09.941492;30;import de données;delivery;livraison;0;erreur;interne;"Extrait du rapport d'import: | 0 lignes supprimées | 2026-04-06 12:24:09,802 fichier present: (['Fac_354_00236838.LC', 'Fac_354_00336703.LC', 'Fac_354_00336704.LC', 'Fac_354_00336702.LC', 'Fac_354_00336760.LC', 'Fac_354_00336830.LC', 'Fac_354_00336705.LC'] - delivery) dans /srv/import/354/ | 2026-04-06 12:24:09,804 2 lignes lu dans le fichier /srv/import/354/Fac_354_00236838.LC | 2026-04-06 12:24:09,804 lancement intégration: (1942283b-a97c-4c84-a227-9562604cf42a) | 2026-04-06 12:24:09,810 fichier present: (['Fac_372_00336750.LC', 'Fac_372_00336725.LC', 'Fac_372_00236804.LC', 'Fac_372_00236837.LC', 'Fac_372_00336831.LC', 'Fac_372_00236806.LC', 'Fac_372_00336726.LC', 'Fac_372_00336724.LC', 'Fac_372_00336721.LC', 'Fac_372_00336722.LC', 'Fac_372_00336723.LC', 'Fac_372_00236805.LC'] - delivery) dans /srv/import/372/ | 2026-04-06 12:24:09,811 3 lignes lu dans le fichier /srv/import/372/Fac_372_00236804.LC | 2026-04-06 12:24:09,811 lancement intégration: (89b36d33-1151-46e5-ba76-9dd72dac03d2) | 2026-04-06 12:24:09,820 fichier present: (['Fac_376_00336839.LC', 'Fac_376_00236813.LC', 'Fac_376_00236812.LC', 'Fac_376_00236809.LC', 'Fac_376_00236808.LC', 'Fac_376_00236814.LC', 'Fac_376_00336728.LC', 'Fac_376_00236811.LC', 'Fac_376_00336727.LC', 'Fac_376_00236810.LC', 'Fac_376_00236845.LC', 'Fac_376_00236815.LC'] - delivery) dans /srv/import/376/ | 2026-04-06 12:24:09,822 15 lignes lu dans le fichier /srv/import/376/Fac_376_00236808.LC | 2026-04-06 12:24:09,825 lancement intégration: (d7fb04d7-da72-4e9e-a5ff-b6149e6dddf7) | 2026-04-06 12:24:09,899 {'product': [ErrorDetail(string=""PATES FUSIL 1KG PANZANI n'est pas fourni par le fournisseur FOURNISSEUR CENTRALE"", code='invalid')]} - [L011011279PATES FUSIL 1KG PANZANI            00000171700000100000018000000000020000000240248000002775000 3038359002137 00000000000001717000041688] | 2026-04-06 12:24:09,910 fin intégration: (1942283b-a97c-4c84-a227-9562604cf42a) | fichier: /srv/import/354/Fac_354_00236838.LC | 2 lignes formatées | 0 lignes en erreurs | 2 lignes crées | 0 lignes mises à jour | 0 lignes supprimées | 2026-04-06 12:24:09,920 {'product': [ErrorDetail(string=""PATES VERMIC 250G PANZANI n'est pas fourni par le fournisseur FOURNISSEUR CENTRALE"", code='invalid')]} - [L100458741PATES VERMIC 250G PANZANI          00000171700000200000120000000000030000000034444000000400000 6181100094954 00000000000001717000041688] | 2026-04-06 12:24:09,924 fin intégration: (89b36d33-1151-46e5-ba76-9dd72dac03d2) | fichier: /srv/import/372/Fac_372_00236804.LC | 3 lignes formatées | 2 lignes en erreurs | 1 lignes crées | 0 lignes mises à jour | 0 lignes supprimées | 2026-04-06 12:24:09,933 {'product': [ErrorDetail(string=""LAIT PDR ENTIER SHT 15G BNET RGE n'est pas fourni par le fournisseur FOURNISSEUR CENTRALE"", code='invalid')]} - [L100083225LAIT PDR ENTIER SHT 15G BNET RGE   00000167170000200000600000000000050000000008502000000100000 6186001015022 00000000000001671700036148]";372;CASH IVOIRE U MAROC
pos18;POS 18;2026-04-09T18:57:06.973160+00:00;1942283b-a97c-4c84-a227-9562604cf42a;2026-04-06T12:24:09.804830;2026-04-06T12:24:09.912238;30;import de données;delivery;livraison;2;succès;interne;Import livraison: | fin intégration: (1942283b-a97c-4c84-a227-9562604cf42a) | fichier: /srv/import/354/Fac_354_00236838.LC | 2 lignes formatées | 0 lignes en erreurs | 2 lignes crées | 0 lignes mises à jour | 0 lignes supprimées;354;CASH IVOIRE U TOITS ROUGES
pos18;POS 18;2026-04-09T18:57:06.973160+00:00;1b688eea-de17-42bc-bedb-a1d238a8612a;2026-04-06T12:23:09.827013;2026-04-06T12:23:10.329507;30;import de données;delivery;livraison;0;erreur;interne;"Extrait du rapport d'import: | 2 lignes formatées | 0 lignes en erreurs | 2 lignes crées | 0 lignes mises à jour | 0 lignes supprimées | 2026-04-06 12:23:09,918 {'product': [ErrorDetail(string=""CHAPELURE DOREE CROUST 250G TIPIAK n'est pas fourni par le fournisseur FOURNISSEUR CENTRALE"", code='invalid')]} - [L100020161CHAPELURE DOREE CROUST 250G TIPIAK 00000171690000200000012000000000010000000093338000001100000 3165440007808 00000000000001716900041695] | 2026-04-06 12:23:09,922 fin intégration: (47e2a201-0c08-4299-97d9-ccb17d46fae2) | fichier: /srv/import/372/Fac_372_00236803.LC | 3 lignes formatées | 2 lignes en erreurs | 1 lignes crées | 0 lignes mises à jour | 0 lignes supprimées | 2026-04-06 12:23:10,003 {'product': [ErrorDetail(string=""RIZ RIZIERE LG VIET PARF 5KG n'est pas fourni par le fournisseur FOURNISSEUR CENTRALE"", code='invalid')]} - [L100306691RIZ RIZIERE LG VIET PARF 5KG       00000166390000700000020000000000040000000309500000003350000 6186000182954 00000000000001663900036152] | 2026-04-06 12:23:10,020 {'product': [ErrorDetail(string=""RIZ VIET PARF 4,5KG RIZIERE n'est pas fourni par le fournisseur FOURNISSEUR CENTRALE"", code='invalid')]} - [L100317387RIZ VIET PARF 4,5KG RIZIERE        00000166390000800000020000000000040000000247400000002650000 6181100571363 00000000000001663900036152] | 2026-04-06 12:23:10,036 {'product': [ErrorDetail(string=""KETCH 250G LESIEUR n'est pas fourni par le fournisseur FOURNISSEUR CENTRALE"", code='invalid')]} - [L100321916KETCH 250G LESIEUR                 00000166390000900000012000000000010000000105020000001400000 3265475014007 00000000000001663900036152] | 2026-04-06 12:23:10,223 {'product': [ErrorDetail(string=""KETCH 390G POT AROMATE n'est pas fourni par le fournisseur FOURNISSEUR CENTRALE"", code='invalid')]} - [L100475747KETCH 390G POT AROMATE             00000166390001700000024000000000020000000058174000000800000 6186000341092 00000000000001663900036152] | 2026-04-06 12:23:10,238 {'product': [ErrorDetail(string=""MOUT 45CL/490G AROMATE n'est pas fourni par le fournisseur FOURNISSEUR CENTRALE"", code='invalid')]} - [L100643570MOUT 45CL/490G AROMATE             00000166390001800000006000000000010000000161896000002000000 6186000341788 00000000000001663900036152] | 2026-04-06 12:23:10,275 {'product': [ErrorDetail(string=""MAYO REAL 80CL HELLMANN'S n'est pas fourni par le fournisseur FOURNISSEUR CENTRALE"", code='invalid')]} - [L100700522MAYO REAL 80CL HELLMANN'S          00000166390002000000012000000000020000000216648000002550000 5000184321842 00000000000001663900036165] | 2026-04-06 12:23:10,312 {'product': [ErrorDetail(string=""RIZ LG VIET JASM� 4,5KG LAYA n'est pas fourni par le fournisseur FOURNISSEUR CENTRALE"", code='invalid')]} - [L100727695RIZ LG VIET JASM� 4,5KG LAYA       00000166390002100000025000000000050000000257700000002775000 6186000919406 00000000000001663900036165] | 2026-04-06 12:23:10,316 fin intégration: (1b688eea-de17-42bc-bedb-a1d238a8612a) | fichier: /srv/import/376/Fac_376_00236807.LC | 22 lignes formatées | 7 lignes en erreurs | 15 lignes crées | 0 lignes mises à jour | 0 lignes supprimées";376;CASH IVOIRE U SICOGI ANGRE
pos18;POS 18;2026-04-09T18:57:06.973160+00:00;47e2a201-0c08-4299-97d9-ccb17d46fae2;2026-04-06T12:23:09.817303;2026-04-06T12:23:09.940493;30;import de données;delivery;livraison;0;erreur;interne;"Extrait du rapport d'import: | 0 lignes mises à jour | 0 lignes supprimées | 2026-04-06 12:23:09,805 fichier present: (['Fac_354_00236838.LC', 'Fac_354_00336703.LC', 'Fac_354_00336704.LC', 'Fac_354_00336702.LC', 'Fac_354_00336760.LC', 'Fac_354_00336830.LC', 'Fac_354_00236771.LC', 'Fac_354_00336705.LC'] - delivery) dans /srv/import/354/ | 2026-04-06 12:23:09,807 2 lignes lu dans le fichier /srv/import/354/Fac_354_00236771.LC | 2026-04-06 12:23:09,807 lancement intégration: (2fc0c041-3f02-4901-8e78-26b6f5340969) | 2026-04-06 12:23:09,813 fichier present: (['Fac_372_00236803.LC', 'Fac_372_00336750.LC', 'Fac_372_00336725.LC', 'Fac_372_00236804.LC', 'Fac_372_00236837.LC', 'Fac_372_00336831.LC', 'Fac_372_00236806.LC', 'Fac_372_00336726.LC', 'Fac_372_00336724.LC', 'Fac_372_00336721.LC', 'Fac_372_00336722.LC', 'Fac_372_00336723.LC', 'Fac_372_00236805.LC'] - delivery) dans /srv/import/372/ | 2026-04-06 12:23:09,816 3 lignes lu dans le fichier /srv/import/372/Fac_372_00236803.LC | 2026-04-06 12:23:09,816 lancement intégration: (47e2a201-0c08-4299-97d9-ccb17d46fae2) | 2026-04-06 12:23:09,824 fichier present: (['Fac_376_00336839.LC', 'Fac_376_00236813.LC', 'Fac_376_00236812.LC', 'Fac_376_00236809.LC', 'Fac_376_00236808.LC', 'Fac_376_00236814.LC', 'Fac_376_00336728.LC', 'Fac_376_00236811.LC', 'Fac_376_00236807.LC', 'Fac_376_00336727.LC', 'Fac_376_00236810.LC', 'Fac_376_00236845.LC', 'Fac_376_00236815.LC'] - delivery) dans /srv/import/376/ | 2026-04-06 12:23:09,826 22 lignes lu dans le fichier /srv/import/376/Fac_376_00236807.LC | 2026-04-06 12:23:09,826 lancement intégration: (1b688eea-de17-42bc-bedb-a1d238a8612a) | 2026-04-06 12:23:09,900 {'product': [ErrorDetail(string=""PATES SPAGH CELLO 1KG PANZANI n'est pas fourni par le fournisseur FOURNISSEUR CENTRALE"", code='invalid')]} - [L011011014PATES SPAGH CELLO 1KG PANZANI      00000171690000100000009000000000010000000222548000002475000 3038359002120 00000000000001716900041668] | 2026-04-06 12:23:09,914 fin intégration: (2fc0c041-3f02-4901-8e78-26b6f5340969) | fichier: /srv/import/354/Fac_354_00236771.LC | 2 lignes formatées | 0 lignes en erreurs | 2 lignes crées | 0 lignes mises à jour | 0 lignes supprimées | 2026-04-06 12:23:09,918 {'product': [ErrorDetail(string=""CHAPELURE DOREE CROUST 250G TIPIAK n'est pas fourni par le fournisseur FOURNISSEUR CENTRALE"", code='invalid')]} - [L100020161CHAPELURE DOREE CROUST 250G TIPIAK 00000171690000200000012000000000010000000093338000001100000 3165440007808 00000000000001716900041695] | 2026-04-06 12:23:09,922 fin intégration: (47e2a201-0c08-4299-97d9-ccb17d46fae2) | fichier: /srv/import/372/Fac_372_00236803.LC | 3 lignes formatées | 2 lignes en erreurs | 1 lignes crées | 0 lignes mises à jour | 0 lignes supprimées";372;CASH IVOIRE U MAROC
pos18;POS 18;2026-04-09T18:57:06.973160+00:00;2fc0c041-3f02-4901-8e78-26b6f5340969;2026-04-06T12:23:09.807710;2026-04-06T12:23:09.915932;30;import de données;delivery;livraison;2;succès;interne;Import livraison: | fin intégration: (2fc0c041-3f02-4901-8e78-26b6f5340969) | fichier: /srv/import/354/Fac_354_00236771.LC | 2 lignes formatées | 0 lignes en erreurs | 2 lignes crées | 0 lignes mises à jour | 0 lignes supprimées;354;CASH IVOIRE U TOITS ROUGES
pos18;POS 18;2026-04-09T18:57:06.973160+00:00;4c747d3c-791d-4c9c-b8eb-b84bb7971d1e;2026-04-06T12:22:09.810441;2026-04-06T12:22:09.995480;30;import de données;delivery;livraison;0;erreur;interne;"Extrait du rapport d'import: | 0 lignes supprimées | 2026-04-06 12:22:09,922 {'product': [ErrorDetail(string=""PALETTE APAL  80*120 n'est pas fourni par le fournisseur FOURNISSEUR CENTRALE"", code='invalid')]} - [L100514060PALETTE APAL  80*120               00000165940000100000007000000000070000001049138000010490000 2001005140607 00000000000001659403907849] | 2026-04-06 12:22:09,922 fin intégration: (f5beb65f-fe09-4b91-bf95-14b40c0f3d86) | fichier: /srv/import/372/Fac_372_00236802.LC | 2 lignes formatées | 1 lignes en erreurs | 1 lignes crées | 0 lignes mises à jour | 0 lignes supprimées | 2026-04-06 12:22:09,927 fin intégration: (89e99d40-7a08-4e2d-930a-287788179247) | fichier: /srv/import/376/Fac_376_00215814.LC | 2 lignes formatées | 1 lignes en erreurs | 1 lignes crées | 0 lignes mises à jour | 0 lignes supprimées | 2026-04-06 12:22:09,936 {'product': [ErrorDetail(string=""BAC PRELOG PLIABL600*400*235 47L GM n'est pas fourni par le fournisseur FOURNISSEUR CENTRALE"", code='invalid')]} - [L100239401BAC PRELOG PLIABL600*400*235 47L GM00000428690000200000004000000000040000001409274000014095000 2001002394010 00000000000004286903908708] | 2026-04-06 12:22:09,958 {'product': [ErrorDetail(string=""PALETTE APAL  80*120 n'est pas fourni par le fournisseur FOURNISSEUR CENTRALE"", code='invalid')]} - [L100514060PALETTE APAL  80*120               00000428690000300000003000000000030000001049138000010490000 2001005140607 00000000000004286903908708] | 2026-04-06 12:22:09,979 {'product': [ErrorDetail(string=""BAC PRELOG600*400*165 RGE 30L PM n'est pas fourni par le fournisseur FOURNISSEUR CENTRALE"", code='invalid')]} - [L100533538BAC PRELOG600*400*165 RGE 30L PM   00000428690000400000001000000000010000001114392000011145000 2001005335386 00000000000004286903908708] | 2026-04-06 12:22:09,982 fin intégration: (4c747d3c-791d-4c9c-b8eb-b84bb7971d1e) | fichier: /srv/import/368/Fac_368_00336835.LC | 5 lignes formatées | 4 lignes en erreurs | 1 lignes crées | 0 lignes mises à jour | 0 lignes supprimées";368;CASH IVOIRE U SADIGUIBA
pos18;POS 18;2026-04-09T18:57:06.973160+00:00;f5beb65f-fe09-4b91-bf95-14b40c0f3d86;2026-04-06T12:22:09.820248;2026-04-06T12:22:09.944252;30;import de données;delivery;livraison;0;erreur;interne;"Extrait du rapport d'import: | 2026-04-06 12:22:09,828 2 lignes lu dans le fichier /srv/import/376/Fac_376_00215814.LC | 2026-04-06 12:22:09,828 lancement intégration: (89e99d40-7a08-4e2d-930a-287788179247) | 2026-04-06 12:22:09,916 {'product': [ErrorDetail(string=""BAC PRELOG PLIABL30L 600*400*165 PM n'est pas fourni par le fournisseur FOURNISSEUR CENTRALE"", code='invalid')]} - [L100153729BAC PRELOG PLIABL30L 600*400*165 PM00000428690000100000002000000000020000001172366300011725000 2001001537296 00000000000004286903908708] | 2026-04-06 12:22:09,918 {'product': [ErrorDetail(string=""MAYO AROMATE 900ML SIPROCHIM n'est pas fourni par le fournisseur FOURNISSEUR CENTRALE"", code='invalid')]} - [L100188911MAYO AROMATE 900ML SIPROCHIM       00000171660000100000024000000000040000000189036000002150000 6186000015559 00000000000001716600041668] | 2026-04-06 12:22:09,919 fin intégration: (7d1fe5c3-0616-4aaf-84e8-cd94fc657209) | fichier: /srv/import/354/Fac_354_00236770.LC | 2 lignes formatées | 0 lignes en erreurs | 2 lignes crées | 0 lignes mises à jour | 0 lignes supprimées | 2026-04-06 12:22:09,922 {'product': [ErrorDetail(string=""PALETTE APAL  80*120 n'est pas fourni par le fournisseur FOURNISSEUR CENTRALE"", code='invalid')]} - [L100514060PALETTE APAL  80*120               00000165940000100000007000000000070000001049138000010490000 2001005140607 00000000000001659403907849] | 2026-04-06 12:22:09,922 fin intégration: (f5beb65f-fe09-4b91-bf95-14b40c0f3d86) | fichier: /srv/import/372/Fac_372_00236802.LC | 2 lignes formatées | 1 lignes en erreurs | 1 lignes crées | 0 lignes mises à jour | 0 lignes supprimées | 2026-04-06 12:22:09,927 fin intégration: (89e99d40-7a08-4e2d-930a-287788179247) | fichier: /srv/import/376/Fac_376_00215814.LC | 2 lignes formatées | 1 lignes en erreurs | 1 lignes crées | 0 lignes mises à jour | 0 lignes supprimées | 2026-04-06 12:22:09,936 {'product': [ErrorDetail(string=""BAC PRELOG PLIABL600*400*235 47L GM n'est pas fourni par le fournisseur FOURNISSEUR CENTRALE"", code='invalid')]} - [L100239401BAC PRELOG PLIABL600*400*235 47L GM00000428690000200000004000000000040000001409274000014095000 2001002394010 00000000000004286903908708]";372;CASH IVOIRE U MAROC
pos18;POS 18;2026-04-09T18:57:06.973160+00:00;89e99d40-7a08-4e2d-930a-287788179247;2026-04-06T12:22:09.830364;2026-04-06T12:22:09.943404;30;import de données;delivery;livraison;0;erreur;interne;"Extrait du rapport d'import: | 2026-04-06 12:22:09,824 fichier present: (['Fac_376_00336839.LC', 'Fac_376_00236813.LC', 'Fac_376_00236812.LC', 'Fac_376_00236809.LC', 'Fac_376_00236808.LC', 'Fac_376_00236814.LC', 'Fac_376_00336728.LC', 'Fac_376_00215814.LC', 'Fac_376_00236811.LC', 'Fac_376_00236807.LC', 'Fac_376_00336727.LC', 'Fac_376_00236810.LC', 'Fac_376_00236845.LC', 'Fac_376_00236815.LC'] - delivery) dans /srv/import/376/ | 2026-04-06 12:22:09,828 2 lignes lu dans le fichier /srv/import/376/Fac_376_00215814.LC | 2026-04-06 12:22:09,828 lancement intégration: (89e99d40-7a08-4e2d-930a-287788179247) | 2026-04-06 12:22:09,916 {'product': [ErrorDetail(string=""BAC PRELOG PLIABL30L 600*400*165 PM n'est pas fourni par le fournisseur FOURNISSEUR CENTRALE"", code='invalid')]} - [L100153729BAC PRELOG PLIABL30L 600*400*165 PM00000428690000100000002000000000020000001172366300011725000 2001001537296 00000000000004286903908708] | 2026-04-06 12:22:09,918 {'product': [ErrorDetail(string=""MAYO AROMATE 900ML SIPROCHIM n'est pas fourni par le fournisseur FOURNISSEUR CENTRALE"", code='invalid')]} - [L100188911MAYO AROMATE 900ML SIPROCHIM       00000171660000100000024000000000040000000189036000002150000 6186000015559 00000000000001716600041668] | 2026-04-06 12:22:09,919 fin intégration: (7d1fe5c3-0616-4aaf-84e8-cd94fc657209) | fichier: /srv/import/354/Fac_354_00236770.LC | 2 lignes formatées | 0 lignes en erreurs | 2 lignes crées | 0 lignes mises à jour | 0 lignes supprimées | 2026-04-06 12:22:09,922 {'product': [ErrorDetail(string=""PALETTE APAL  80*120 n'est pas fourni par le fournisseur FOURNISSEUR CENTRALE"", code='invalid')]} - [L100514060PALETTE APAL  80*120               00000165940000100000007000000000070000001049138000010490000 2001005140607 00000000000001659403907849] | 2026-04-06 12:22:09,922 fin intégration: (f5beb65f-fe09-4b91-bf95-14b40c0f3d86) | fichier: /srv/import/372/Fac_372_00236802.LC | 2 lignes formatées | 1 lignes en erreurs | 1 lignes crées | 0 lignes mises à jour | 0 lignes supprimées | 2026-04-06 12:22:09,927 fin intégration: (89e99d40-7a08-4e2d-930a-287788179247) | fichier: /srv/import/376/Fac_376_00215814.LC | 2 lignes formatées | 1 lignes en erreurs | 1 lignes crées | 0 lignes mises à jour | 0 lignes supprimées";376;CASH IVOIRE U SICOGI ANGRE
pos18;POS 18;2026-04-09T18:57:06.973160+00:00;7d1fe5c3-0616-4aaf-84e8-cd94fc657209;2026-04-06T12:22:09.801245;2026-04-06T12:22:09.921015;30;import de données;delivery;livraison;2;succès;interne;Import livraison: | fin intégration: (7d1fe5c3-0616-4aaf-84e8-cd94fc657209) | fichier: /srv/import/354/Fac_354_00236770.LC | 2 lignes formatées | 0 lignes en erreurs | 2 lignes crées | 0 lignes mises à jour | 0 lignes supprimées;354;CASH IVOIRE U TOITS ROUGES
pos18;POS 18;2026-04-09T18:57:06.973160+00:00;5240d1fd-bed9-4334-a219-687e4b003201;2026-04-06T12:21:09.856903;2026-04-06T12:21:14.680345;30;import de données;delivery;livraison;0;erreur;interne;"Extrait du rapport d'import: | 2026-04-06 12:21:14,446 {'product': [ErrorDetail(string=""SAV MENAG 170G MIFA n'est pas fourni par le fournisseur FOURNISSEUR CENTRALE"", code='invalid')]} - [L100697814SAV MENAG 170G MIFA                00000169540005100000060000000000010000000014986000000175000 6181100226188 00000000000001695400041672] | 2026-04-06 12:21:14,462 {'product': [ErrorDetail(string=""SAV MENAG 270G MIFA n'est pas fourni par le fournisseur FOURNISSEUR CENTRALE"", code='invalid')]} - [L100697929SAV MENAG 270G MIFA                00000169540005200000040000000000010000000023010000000250000 6181100226201 00000000000001695400041672] | 2026-04-06 12:21:14,478 {'product': [ErrorDetail(string=""SAV MENAG 370G MIFA n'est pas fourni par le fournisseur FOURNISSEUR CENTRALE"", code='invalid')]} - [L100697930SAV MENAG 370G MIFA                00000169540005300000048000000000020000000032922000000375000 6181100226225 00000000000001695400041672] | 2026-04-06 12:21:14,494 {'product': [ErrorDetail(string=""LESS PDR 3K PXM n'est pas fourni par le fournisseur FOURNISSEUR CENTRALE"", code='invalid')]} - [L100698975LESS PDR 3K PXM                    00000169550011200000004000000000010000000363086000004500000 3660992023455 00000000000001695500041672] | 2026-04-06 12:21:14,511 {'product': [ErrorDetail(string=""CR CORP ORIGINAL 250ML VASELINE n'est pas fourni par le fournisseur FOURNISSEUR CENTRALE"", code='invalid')]} - [L100711769CR CORP ORIGINAL 250ML VASELINE    00000169560019300000006000000000010000000200600000002650000 6001087005661 00000000000001695600041674] | 2026-04-06 12:21:14,527 {'product': [ErrorDetail(string=""GEL DCHE 50CL CAMEE n'est pas fourni par le fournisseur FOURNISSEUR CENTRALE"", code='invalid')]} - [L100715956GEL DCHE 50CL CAMEE                00000169570025800000006000000000010000000077762000000950000 6181100634709 00000000000001695700041675] | 2026-04-06 12:21:14,545 {'product': [ErrorDetail(string=""EAU JAVEL 8� DOYPK 1L CLEAN EXTRA n'est pas fourni par le fournisseur FOURNISSEUR CENTRALE"", code='invalid')]} - [L100716627EAU JAVEL 8� DOYPK 1L CLEAN EXTRA  00000169540005400000012000000000010000000035282000000425000 6186000129799 00000000000001695400041672] | 2026-04-06 12:21:14,561 {'product': [ErrorDetail(string=""SAV MENAG CITRON 225G ARMONIA n'est pas fourni par le fournisseur FOURNISSEUR CENTRALE"", code='invalid')]} - [L100721835SAV MENAG CITRON 225G ARMONIA      00000169540005500000040000000000010000000017818000000200000 6186000195633 00000000000001695400041672] | 2026-04-06 12:21:14,580 {'product': [ErrorDetail(string=""ASSOUPL CONC OCEAN FRESH 200ML SOUP n'est pas fourni par le fournisseur FOURNISSEUR CENTRALE"", code='invalid')]} - [L100722375ASSOUPL CONC OCEAN FRESH 200ML SOUP00000169540005600000024000000000020000000011800000000150000 8718951654921 00000000000001695400041672] | 2026-04-06 12:21:14,597 {'product': [ErrorDetail(string=""ASSOUPL CONC LAVAND DREAM 200ML SOU n'est pas fourni par le fournisseur FOURNISSEUR CENTRALE"", code='invalid')]} - [L100722376ASSOUPL CONC LAVAND DREAM 200ML SOU00000169540005700000012000000000010000000011800000000150000 8718951654884 00000000000001695400041672] | 2026-04-06 12:21:14,614 {'product': [ErrorDetail(string=""EDP FEM 90ML EVITA n'est pas fourni par le fournisseur FOURNISSEUR CENTRALE"", code='invalid')]} - [L100730492EDP FEM 90ML EVITA                 00000169570025900000006000000000010000000090978000001200000 6181100318777 00000000000001695700041675] | 2026-04-06 12:21:14,630 {'product': [ErrorDetail(string=""EDP HOM 100ML NEW YORK BLC n'est pas fourni par le fournisseur FOURNISSEUR CENTRALE"", code='invalid')]} - [L100730494EDP HOM 100ML NEW YORK BLC         00000169570026000000006000000000010000000102306000001350000 6181100318661 00000000000001695700041674] | 2026-04-06 12:21:14,646 {'product': [ErrorDetail(string=""EDP HOM 90ML NEW YORK BLEUE n'est pas fourni par le fournisseur FOURNISSEUR CENTRALE"", code='invalid')]} - [L100730495EDP HOM 90ML NEW YORK BLEUE        00000169570026100000006000000000010000000102306000001350000 6181100318654 00000000000001695700041674] | 2026-04-06 12:21:14,663 {'product': [ErrorDetail(string=""EDP HOM 100ML HYPE BLANC n'est pas fourni par le fournisseur FOURNISSEUR CENTRALE"", code='invalid')]} - [L100730496EDP HOM 100ML HYPE BLANC           00000169560019400000006000000000010000000102306000001350000 6181100319132 00000000000001695600041674] | 2026-04-06 12:21:14,663 fin intégration: (55bb1850-7208-458e-afde-1be1ceb2adc3) | fichier: /srv/import/354/Fac_354_00236769.LC | 182 lignes formatées | 0 lignes en erreurs | 181 lignes crées | 1 lignes mises à jour | 0 lignes supprimées | 2026-04-06 12:21:14,666 fin intégration: (5240d1fd-bed9-4334-a219-687e4b003201) | fichier: /srv/import/372/Fac_372_00236801.LC | 262 lignes formatées | 261 lignes en erreurs | 1 lignes crées | 0 lignes mises à jour | 0 lignes supprimées";372;CASH IVOIRE U MAROC
pos18;POS 18;2026-04-09T18:57:06.973160+00:00;55bb1850-7208-458e-afde-1be1ceb2adc3;2026-04-06T12:21:09.808978;2026-04-06T12:21:14.665596;30;import de données;delivery;livraison;2;succès;interne;Import livraison: | fin intégration: (55bb1850-7208-458e-afde-1be1ceb2adc3) | fichier: /srv/import/354/Fac_354_00236769.LC | 182 lignes formatées | 0 lignes en erreurs | 181 lignes crées | 1 lignes mises à jour | 0 lignes supprimées;354;CASH IVOIRE U TOITS ROUGES
pos18;POS 18;2026-04-09T18:57:06.973160+00:00;991bd450-d4ba-4580-ba5f-bf29e6b9dcc0;2026-04-06T12:21:09.872600;2026-04-06T12:21:11.129637;30;import de données;delivery;livraison;0;erreur;interne;"Extrait du rapport d'import: | 2026-04-06 12:21:10,729 {'product': [ErrorDetail(string=""EDC 15CL INCIDENCE n'est pas fourni par le fournisseur FOURNISSEUR CENTRALE"", code='invalid')]} - [L100086367EDC 15CL INCIDENCE                 00000169560012900000006000000000010000000039766000000525000 6181100323726 00000000000001695600041674] | 2026-04-06 12:21:10,747 {'product': [ErrorDetail(string=""EDC 15CL MARQUISE BLEUE n'est pas fourni par le fournisseur FOURNISSEUR CENTRALE"", code='invalid')]} - [L100091216EDC 15CL MARQUISE BLEUE            00000169560013000000006000000000010000000039766000000525000 6181100321197 00000000000001695600041674] | 2026-04-06 12:21:10,768 {'product': [ErrorDetail(string=""STICK LEVRE FRAISE NIVEA 4,8G n'est pas fourni par le fournisseur FOURNISSEUR CENTRALE"", code='invalid')]} - [L100094586STICK LEVRE FRAISE NIVEA 4,8G      00000169570020400000012000000000010000000221014000002775000 4005802324909 00000000000001695700041674] | 2026-04-06 12:21:10,786 {'product': [ErrorDetail(string=""INSECT DOUBLE ACTION 30CL ORO n'est pas fourni par le fournisseur FOURNISSEUR CENTRALE"", code='invalid')]} - [L100097507INSECT DOUBLE ACTION 30CL ORO      00000169550006700000012000000000010000000092100000001100000 8410498000451 00000000000001695500041672] | 2026-04-06 12:21:10,805 {'product': [ErrorDetail(string=""JAVEL 12� 3L SUPER CLEAN n'est pas fourni par le fournisseur FOURNISSEUR CENTRALE"", code='invalid')]} - [L100100214JAVEL 12� 3L SUPER CLEAN           00000169540000800000006000000000010000000142780000001650000 6186000015214 00000000000001695400041672] | 2026-04-06 12:21:10,821 {'product': [ErrorDetail(string=""DEO BILLE FEM PEARL&BEAUTY 5CL NIV n'est pas fourni par le fournisseur FOURNISSEUR CENTRALE"", code='invalid')]} - [L100104796DEO BILLE FEM PEARL&BEAUTY 5CL NIV 00000169560013100000006000000000010000000156940000001975000 4005900098177 00000000000001695600041674] | 2026-04-06 12:21:10,837 {'product': [ErrorDetail(string=""EDC MONT ST MICHEL 25CL AMBRE n'est pas fourni par le fournisseur FOURNISSEUR CENTRALE"", code='invalid')]} - [L100120116EDC MONT ST MICHEL 25CL AMBRE      00000169560013200000012000000000010000000402144000005375000 3050070000032 00000000000001695600041674] | 2026-04-06 12:21:10,853 {'product': [ErrorDetail(string=""PDRE TALC VICKY 130G SIVOP n'est pas fourni par le fournisseur FOURNISSEUR CENTRALE"", code='invalid')]} - [L100120117PDRE TALC VICKY 130G SIVOP         00000169560013300000012000000000010000000031860000000425000 6181100321517 00000000000001695600041674] | 2026-04-06 12:21:10,871 {'product': [ErrorDetail(string=""LAIT HYDRAT OCEA SOJA 35CL SIVO n'est pas fourni par le fournisseur FOURNISSEUR CENTRALE"", code='invalid')]} - [L100125007LAIT HYDRAT OCEA SOJA 35CL SIVO    00000169560013400000004000000000010000000051330000000700000 6181100321555 00000000000001695600041675] | 2026-04-06 12:21:10,888 {'product': [ErrorDetail(string=""EDT BUSINESS CARD 9CL COPACI n'est pas fourni par le fournisseur FOURNISSEUR CENTRALE"", code='invalid')]} - [L100132317EDT BUSINESS CARD 9CL COPACI       00000169570020500000006000000000010000000137942000001950000 6186000056811 00000000000001695700041674] | 2026-04-06 12:21:10,905 {'product': [ErrorDetail(string=""SAV MENTHO 100G KARICOCO n'est pas fourni par le fournisseur FOURNISSEUR CENTRALE"", code='invalid')]} - [L100137804SAV MENTHO 100G KARICOCO           00000169570020600000018000000000030000000035518000000550000 6186000031375 00000000000001695700041675] | 2026-04-06 12:21:10,921 {'product': [ErrorDetail(string=""SAV SULFUR 16 100G COPACI n'est pas fourni par le fournisseur FOURNISSEUR CENTRALE"", code='invalid')]} - [L100137805SAV SULFUR 16 100G COPACI          00000169570020700000012000000000020000000034456000000550000 6186000031313 00000000000001695700041675] | 2026-04-06 12:21:10,938 {'product': [ErrorDetail(string=""BAD ZIG ZAG MEDIUM COLGATE PALMOLVE n'est pas fourni par le fournisseur FOURNISSEUR CENTRALE"", code='invalid')]} - [L100149735BAD ZIG ZAG MEDIUM COLGATE PALMOLVE00000169570020800000012000000000010000000094518000001180000 8718951532175 00000000000001695700041674] | 2026-04-06 12:21:10,954 {'product': [ErrorDetail(string=""SAV PURIFI 230G SIVODERM n'est pas fourni par le fournisseur FOURNISSEUR CENTRALE"", code='invalid')]} - [L100150289SAV PURIFI 230G SIVODERM           00000169570020900000012000000000020000000062422000000825000 6181100323160 00000000000001695700041674] | 2026-04-06 12:21:10,971 {'product': [ErrorDetail(string=""DENT HERBAL 140G COLGATE n'est pas fourni par le fournisseur FOURNISSEUR CENTRALE"", code='invalid')]} - [L100166240DENT HERBAL 140G COLGATE           00000169570021000000012000000000010000000071980000000950000 6920354817823 00000000000001695700041674] | 2026-04-06 12:21:11,016 {'product': [ErrorDetail(string=""SAV HERBAL 190G PHARMADERM n'est pas fourni par le fournisseur FOURNISSEUR CENTRALE"", code='invalid')]} - [L100166438SAV HERBAL 190G PHARMADERM         00000169570021100000012000000000020000000062540000000825000 6182000124772 00000000000001695700041674] | 2026-04-06 12:21:11,038 {'product': [ErrorDetail(string=""LAIT FERMETE Q10+VITAM C 25CL NIVE n'est pas fourni par le fournisseur FOURNISSEUR CENTRALE"", code='invalid')]} - [L100175845LAIT FERMETE Q10+VITAM C 25CL NIVE 00000169560013500000012000000000010000000251930000003150000 4005808246878 00000000000001695600041675] | 2026-04-06 12:21:11,056 {'product': [ErrorDetail(string=""DEO OE FLOW OPUS 20CL n'est pas fourni par le fournisseur FOURNISSEUR CENTRALE"", code='invalid')]} - [L100176157DEO OE FLOW OPUS 20CL              00000169560013600000012000000000010000000186558000002580000 3760070491296 00000000000001695600041674] | 2026-04-06 12:21:11,074 {'product': [ErrorDetail(string=""SAV ALOE VERA TONING 150GSIVOP n'est pas fourni par le fournisseur FOURNISSEUR CENTRALE"", code='invalid')]} - [L100177290SAV ALOE VERA TONING 150GSIVOP     00000169570021200000012000000000020000000042598000000590000 6181100321982 00000000000001695700041674] | 2026-04-06 12:21:11,093 {'product': [ErrorDetail(string=""EDT INCIDENCE BLEU 10CL SIVOP n'est pas fourni par le fournisseur FOURNISSEUR CENTRALE"", code='invalid')]} - [L100177656EDT INCIDENCE BLEU 10CL SIVOP      00000169560013700000003000000000010000000431762000005750000 3442151008288 00000000000001695600041674] | 2026-04-06 12:21:11,109 {'product': [ErrorDetail(string=""VDP OC NOCES CANA CTX ST CHRISTOL n'est pas fourni par le fournisseur FOURNISSEUR CENTRALE"", code='invalid')]} - [L100700073VDP OC NOCES CANA CTX ST CHRISTOL  00000165240000200000024000000000040000000153400000001650000 2001007000732 00000000000001652400036147] | 2026-04-06 12:21:11,113 fin intégration: (991bd450-d4ba-4580-ba5f-bf29e6b9dcc0) | fichier: /srv/import/376/Fac_376_00215740.LC | 3 lignes formatées | 1 lignes en erreurs | 2 lignes crées | 0 lignes mises à jour | 0 lignes supprimées | 2026-04-06 12:21:11,115 {'product': [ErrorDetail(string=""SAV LIQ EXTRA BTLLE CITR 1L ELI n'est pas fourni par le fournisseur FOURNISSEUR CENTRALE"", code='invalid')]} - [L100177899SAV LIQ EXTRA BTLLE CITR 1L ELI    00000169540000900000012000000000010000000062422000000825000 6186000129041 00000000000001695400041672]";376;CASH IVOIRE U SICOGI ANGRE
pos18;POS 18;2026-04-09T18:57:06.973160+00:00;b2620424-bb15-47a4-9a71-6210cd5b25d5;2026-04-06T12:21:09.819605;2026-04-06T12:21:10.040898;30;import de données;delivery;livraison;0;erreur;interne;"Extrait du rapport d'import: | 2026-04-06 12:21:09,852 fichier present: (['Fac_372_00236803.LC', 'Fac_372_00336750.LC', 'Fac_372_00336725.LC', 'Fac_372_00236804.LC', 'Fac_372_00236837.LC', 'Fac_372_00336831.LC', 'Fac_372_00236806.LC', 'Fac_372_00336726.LC', 'Fac_372_00336724.LC', 'Fac_372_00336721.LC', 'Fac_372_00236801.LC', 'Fac_372_00236802.LC', 'Fac_372_00336722.LC', 'Fac_372_00336723.LC', 'Fac_372_00236805.LC'] - delivery) dans /srv/import/372/ | 2026-04-06 12:21:09,855 262 lignes lu dans le fichier /srv/import/372/Fac_372_00236801.LC | 2026-04-06 12:21:09,855 lancement intégration: (5240d1fd-bed9-4334-a219-687e4b003201) | 2026-04-06 12:21:09,870 fichier present: (['Fac_376_00336839.LC', 'Fac_376_00215740.LC', 'Fac_376_00236813.LC', 'Fac_376_00236812.LC', 'Fac_376_00236809.LC', 'Fac_376_00236808.LC', 'Fac_376_00236814.LC', 'Fac_376_00336728.LC', 'Fac_376_00215814.LC', 'Fac_376_00236811.LC', 'Fac_376_00236807.LC', 'Fac_376_00336727.LC', 'Fac_376_00236810.LC', 'Fac_376_00236845.LC', 'Fac_376_00236815.LC'] - delivery) dans /srv/import/376/ | 2026-04-06 12:21:09,871 3 lignes lu dans le fichier /srv/import/376/Fac_376_00215740.LC | 2026-04-06 12:21:09,871 lancement intégration: (991bd450-d4ba-4580-ba5f-bf29e6b9dcc0) | 2026-04-06 12:21:09,939 {'product': [ErrorDetail(string=""FR TROP BANANE DOUCE LOCALE n'est pas fourni par le fournisseur FOURNISSEUR CENTRALE"", code='invalid')]} - [L100074674FR TROP BANANE DOUCE LOCALE        00000427140000100000060000000000040000000040710000000450000 2886500000003 00000000000004271400000000] | 2026-04-06 12:21:09,944 fin intégration: (57f1e45d-c750-4d28-ab17-ebfb2246ba9f) | fichier: /srv/import/368/Fac_368_00336756.LC | 2 lignes formatées | 1 lignes en erreurs | 1 lignes crées | 0 lignes mises à jour | 0 lignes supprimées | 2026-04-06 12:21:09,956 {'product': [ErrorDetail(string=""BAC PRELOG PLIABL30L 600*400*165 PM n'est pas fourni par le fournisseur FOURNISSEUR CENTRALE"", code='invalid')]} - [L100153729BAC PRELOG PLIABL30L 600*400*165 PM00000428680000100000009000000000090000001172366300011725000 2001001537296 00000000000004286803908698] | 2026-04-06 12:21:09,976 {'product': [ErrorDetail(string=""BAC PRELOG PLIABL600*400*235 47L GM n'est pas fourni par le fournisseur FOURNISSEUR CENTRALE"", code='invalid')]} - [L100239401BAC PRELOG PLIABL600*400*235 47L GM00000428680000200000005000000000050000001409274000014095000 2001002394010 00000000000004286803908698] | 2026-04-06 12:21:09,986 {'product': [ErrorDetail(string=""LESS PDRE SACHT EXT FRAICH 450G OMO n'est pas fourni par le fournisseur FOURNISSEUR CENTRALE"", code='invalid')]} - [L050051010LESS PDRE SACHT EXT FRAICH 450G OMO00000169550005800000012000000000010000000074576000001100000 8886304602483 00000000000001695500041672] | 2026-04-06 12:21:09,995 {'product': [ErrorDetail(string=""PALETTE APAL  80*120 n'est pas fourni par le fournisseur FOURNISSEUR CENTRALE"", code='invalid')]} - [L100514060PALETTE APAL  80*120               00000428680000300000002000000000020000001049138000010490000 2001005140607 00000000000004286803908698] | 2026-04-06 12:21:10,003 {'product': [ErrorDetail(string=""INSECT 30CL RAMBO n'est pas fourni par le fournisseur FOURNISSEUR CENTRALE"", code='invalid')]} - [L051064029INSECT 30CL RAMBO                  00000169550005900000012000000000020000000094900000001000000 5060148950099 00000000000001695500041672] | 2026-04-06 12:21:10,014 {'product': [ErrorDetail(string=""BAC PRELOG600*400*165 RGE 30L PM n'est pas fourni par le fournisseur FOURNISSEUR CENTRALE"", code='invalid')]} - [L100533538BAC PRELOG600*400*165 RGE 30L PM   00000428680000400000001000000000010000001114392000011145000 2001005335386 00000000000004286803908698] | 2026-04-06 12:21:10,018 fin intégration: (b2620424-bb15-47a4-9a71-6210cd5b25d5) | fichier: /srv/import/357/Fac_357_00336832.LC | 5 lignes formatées | 4 lignes en erreurs | 1 lignes crées | 0 lignes mises à jour | 0 lignes supprimées | 2026-04-06 12:21:10,020 {'product': [ErrorDetail(string=""SAV ANTIBAC 100G SIVODERM n'est pas fourni par le fournisseur FOURNISSEUR CENTRALE"", code='invalid')]} - [L065065195SAV ANTIBAC 100G SIVODERM          00000169570019500000012000000000010000000039412000000595000 6181100324709 00000000000001695700041675]";357;CASH IVOIRE U REMBLAIS
