pos_id;pos_name;collected_at;id;created_at;updated_at;entry_type_value;entry_type_label;entry_type_detail_type;entry_type_detail_text;status_value;status_label;username;report;shop_reference;shop_name
pos9;POS 9;2026-04-09T18:56:31.473006+00:00;ad5ea54b-213f-483e-a698-020467bd8006;2026-04-08T23:11:01.387659;2026-04-08T23:11:01.387672;30;import de données;department;département;1;en cours;interne;;293;MANDARINE AMBASSADE CHINE
pos9;POS 9;2026-04-09T18:56:31.473006+00:00;7f7a0890-cf10-4bff-9d84-2857dea9dea6;2026-04-08T23:11:01.375243;2026-04-08T23:11:01.375257;30;import de données;department;département;1;en cours;interne;;292;MANDARINE KOUMASSI
pos9;POS 9;2026-04-09T18:56:31.473006+00:00;5b424853-ade8-4930-8fc4-d1e1f5f5926d;2026-04-08T23:11:01.360486;2026-04-08T23:11:01.360499;30;import de données;department;département;1;en cours;interne;;291;MANDARINE DANGA
pos9;POS 9;2026-04-09T18:56:31.473006+00:00;7cf5684f-1553-47cb-9f3a-dab61f5016ef;2026-04-08T23:11:01.345761;2026-04-08T23:11:01.345773;30;import de données;department;département;1;en cours;interne;;080;MANDARINE MARCORY
pos9;POS 9;2026-04-09T18:56:31.473006+00:00;888b379a-4737-4f9f-8f22-08e6cab22835;2026-04-08T17:23:01.333754;2026-04-08T17:23:01.438734;30;import de données;delivery;livraison;2;succès;interne;Import livraison: | fin intégration: (888b379a-4737-4f9f-8f22-08e6cab22835) | fichier: /srv/import/080/Fac_080_00337385.LC | 2 lignes formatées | 0 lignes en erreurs | 2 lignes crées | 0 lignes mises à jour | 0 lignes supprimées;080;MANDARINE MARCORY
pos9;POS 9;2026-04-09T18:56:31.473006+00:00;bd918638-dc0d-44b1-9c19-84ddf6576aac;2026-04-08T17:22:01.318543;2026-04-08T17:22:01.542268;30;import de données;delivery;livraison;2;succès;interne;Import livraison: | fin intégration: (bd918638-dc0d-44b1-9c19-84ddf6576aac) | fichier: /srv/import/080/Fac_080_00337384.LC | 6 lignes formatées | 0 lignes en erreurs | 6 lignes crées | 0 lignes mises à jour | 0 lignes supprimées;080;MANDARINE MARCORY
pos9;POS 9;2026-04-09T18:56:31.473006+00:00;073f7e3c-997f-4f97-b7a4-b44b773e5a26;2026-04-08T17:21:01.316058;2026-04-08T17:21:01.569939;30;import de données;delivery;livraison;2;succès;interne;Import livraison: | fin intégration: (073f7e3c-997f-4f97-b7a4-b44b773e5a26) | fichier: /srv/import/080/Fac_080_00337383.LC | 8 lignes formatées | 0 lignes en erreurs | 8 lignes crées | 0 lignes mises à jour | 0 lignes supprimées;080;MANDARINE MARCORY
pos9;POS 9;2026-04-09T18:56:31.473006+00:00;b4238edc-bfae-45cf-86ae-3e9148e8107a;2026-04-08T17:20:01.313099;2026-04-08T17:20:01.454457;30;import de données;delivery;livraison;2;succès;interne;Import livraison: | fin intégration: (b4238edc-bfae-45cf-86ae-3e9148e8107a) | fichier: /srv/import/080/Fac_080_00337382.LC | 3 lignes formatées | 0 lignes en erreurs | 3 lignes crées | 0 lignes mises à jour | 0 lignes supprimées;080;MANDARINE MARCORY
pos9;POS 9;2026-04-09T18:56:31.473006+00:00;e836a1d5-fcc2-4e2b-9da5-1a05b1c1aaa9;2026-04-08T17:19:01.312818;2026-04-08T17:19:01.510166;30;import de données;delivery;livraison;2;succès;interne;Import livraison: | fin intégration: (e836a1d5-fcc2-4e2b-9da5-1a05b1c1aaa9) | fichier: /srv/import/080/Fac_080_00337381.LC | 6 lignes formatées | 0 lignes en erreurs | 6 lignes crées | 0 lignes mises à jour | 0 lignes supprimées;080;MANDARINE MARCORY
pos9;POS 9;2026-04-09T18:56:31.473006+00:00;657731c0-e3f8-4c0b-a551-c1847cc31e0b;2026-04-08T17:18:01.315668;2026-04-08T17:18:01.423213;30;import de données;delivery;livraison;2;succès;interne;Import livraison: | fin intégration: (657731c0-e3f8-4c0b-a551-c1847cc31e0b) | fichier: /srv/import/080/Fac_080_00237538.LC | 2 lignes formatées | 0 lignes en erreurs | 2 lignes crées | 0 lignes mises à jour | 0 lignes supprimées;080;MANDARINE MARCORY
pos9;POS 9;2026-04-09T18:56:31.473006+00:00;4cbd0beb-37b8-4604-b6f8-af93c38c0877;2026-04-08T17:17:01.314510;2026-04-08T17:17:01.470406;30;import de données;delivery;livraison;2;succès;interne;Import livraison: | fin intégration: (4cbd0beb-37b8-4604-b6f8-af93c38c0877) | fichier: /srv/import/080/Fac_080_00237516.LC | 3 lignes formatées | 0 lignes en erreurs | 3 lignes crées | 0 lignes mises à jour | 0 lignes supprimées;080;MANDARINE MARCORY
pos9;POS 9;2026-04-09T18:56:31.473006+00:00;cc8a83df-2a07-409a-a73a-44d5d8ed28f3;2026-04-08T17:17:01.330281;2026-04-08T17:17:01.443921;30;import de données;delivery;livraison;0;erreur;interne;Extrait du rapport d'import: | 7 lignes formatées | 0 lignes en erreurs | 7 lignes crées | 0 lignes mises à jour | 0 lignes supprimées | 2026-04-08 17:14:02,139 fin intégration: (bc0d4fc9-604a-4aea-bb9d-003ebe0a99e6) | fichier: /srv/import/080/Fac_080_00237513.LC | 22 lignes formatées | 0 lignes en erreurs | 22 lignes crées | 0 lignes mises à jour | 0 lignes supprimées | 2026-04-08 17:15:05,305 fin intégration: (a7d45ce1-fa85-4aca-9f1d-dc8069a2d4dc) | fichier: /srv/import/080/Fac_080_00237514.LC | 128 lignes formatées | 0 lignes en erreurs | 128 lignes crées | 0 lignes mises à jour | 0 lignes supprimées | 2026-04-08 17:16:01,773 fin intégration: (eb3029a3-1b54-4b27-83a7-855521feac91) | fichier: /srv/import/080/Fac_080_00237515.LC | 13 lignes formatées | 0 lignes en erreurs | 13 lignes crées | 0 lignes mises à jour | 0 lignes supprimées;293;MANDARINE AMBASSADE CHINE
pos9;POS 9;2026-04-09T18:56:31.473006+00:00;eb3029a3-1b54-4b27-83a7-855521feac91;2026-04-08T17:16:01.317588;2026-04-08T17:16:01.775762;30;import de données;delivery;livraison;2;succès;interne;Import livraison: | fin intégration: (eb3029a3-1b54-4b27-83a7-855521feac91) | fichier: /srv/import/080/Fac_080_00237515.LC | 13 lignes formatées | 0 lignes en erreurs | 13 lignes crées | 0 lignes mises à jour | 0 lignes supprimées;080;MANDARINE MARCORY
pos9;POS 9;2026-04-09T18:56:31.473006+00:00;8ba8a088-9254-497d-a8d0-4da7570eec06;2026-04-08T17:16:01.345519;2026-04-08T17:16:01.528127;30;import de données;delivery;livraison;0;erreur;interne;Extrait du rapport d'import: | 2026-04-08 17:13:01,368 fichier present: (['Fac_292_00337449.LC', 'Fac_292_00337448.LC', 'Fac_292_00337450.LC', 'Fac_292_00337451.LC'] - delivery) dans /srv/import/292/ | 2026-04-08 17:13:01,373 7 lignes lu dans le fichier /srv/import/292/Fac_292_00337448.LC | 2026-04-08 17:13:01,373 lancement intégration: (f93ab9b1-32ce-4a8b-8420-0721c20056bf) | 2026-04-08 17:13:01,387 fichier present: (['Fac_293_00337458.LC', 'Fac_293_00337456.LC', 'Fac_293_00337454.LC', 'Fac_293_00337457.LC', 'Fac_293_00337455.LC'] - delivery) dans /srv/import/293/ | 2026-04-08 17:13:01,389 2 lignes lu dans le fichier /srv/import/293/Fac_293_00337454.LC | 2026-04-08 17:13:01,389 lancement intégration: (622ff3f8-9114-4d1f-9f17-298e18316a28) | 2026-04-08 17:13:01,764 fin intégration: (f93ab9b1-32ce-4a8b-8420-0721c20056bf) | fichier: /srv/import/292/Fac_292_00337448.LC | 7 lignes formatées | 0 lignes en erreurs | 7 lignes crées | 0 lignes mises à jour | 0 lignes supprimées | 2026-04-08 17:14:02,139 fin intégration: (bc0d4fc9-604a-4aea-bb9d-003ebe0a99e6) | fichier: /srv/import/080/Fac_080_00237513.LC | 22 lignes formatées | 0 lignes en erreurs | 22 lignes crées | 0 lignes mises à jour | 0 lignes supprimées | 2026-04-08 17:15:05,305 fin intégration: (a7d45ce1-fa85-4aca-9f1d-dc8069a2d4dc) | fichier: /srv/import/080/Fac_080_00237514.LC | 128 lignes formatées | 0 lignes en erreurs | 128 lignes crées | 0 lignes mises à jour | 0 lignes supprimées;293;MANDARINE AMBASSADE CHINE
pos9;POS 9;2026-04-09T18:56:31.473006+00:00;9f9ffaa7-61fa-4c67-9935-505b47c093ee;2026-04-08T17:16:01.326269;2026-04-08T17:16:01.492366;30;import de données;delivery;livraison;0;erreur;interne;Extrait du rapport d'import: | 2026-04-08 17:13:01,368 fichier present: (['Fac_292_00337449.LC', 'Fac_292_00337448.LC', 'Fac_292_00337450.LC', 'Fac_292_00337451.LC'] - delivery) dans /srv/import/292/ | 2026-04-08 17:13:01,373 7 lignes lu dans le fichier /srv/import/292/Fac_292_00337448.LC | 2026-04-08 17:13:01,373 lancement intégration: (f93ab9b1-32ce-4a8b-8420-0721c20056bf) | 2026-04-08 17:13:01,387 fichier present: (['Fac_293_00337458.LC', 'Fac_293_00337456.LC', 'Fac_293_00337454.LC', 'Fac_293_00337457.LC', 'Fac_293_00337455.LC'] - delivery) dans /srv/import/293/ | 2026-04-08 17:13:01,389 2 lignes lu dans le fichier /srv/import/293/Fac_293_00337454.LC | 2026-04-08 17:13:01,389 lancement intégration: (622ff3f8-9114-4d1f-9f17-298e18316a28) | 2026-04-08 17:13:01,764 fin intégration: (f93ab9b1-32ce-4a8b-8420-0721c20056bf) | fichier: /srv/import/292/Fac_292_00337448.LC | 7 lignes formatées | 0 lignes en erreurs | 7 lignes crées | 0 lignes mises à jour | 0 lignes supprimées | 2026-04-08 17:14:02,139 fin intégration: (bc0d4fc9-604a-4aea-bb9d-003ebe0a99e6) | fichier: /srv/import/080/Fac_080_00237513.LC | 22 lignes formatées | 0 lignes en erreurs | 22 lignes crées | 0 lignes mises à jour | 0 lignes supprimées | 2026-04-08 17:15:05,305 fin intégration: (a7d45ce1-fa85-4aca-9f1d-dc8069a2d4dc) | fichier: /srv/import/080/Fac_080_00237514.LC | 128 lignes formatées | 0 lignes en erreurs | 128 lignes crées | 0 lignes mises à jour | 0 lignes supprimées;291;MANDARINE DANGA
pos9;POS 9;2026-04-09T18:56:31.473006+00:00;dbf9a5e4-78fc-4581-80b5-9b7641f04ef4;2026-04-08T17:16:01.334658;2026-04-08T17:16:01.477725;30;import de données;delivery;livraison;2;succès;interne;Import livraison: | fin intégration: (dbf9a5e4-78fc-4581-80b5-9b7641f04ef4) | fichier: /srv/import/292/Fac_292_00337451.LC | 2 lignes formatées | 0 lignes en erreurs | 2 lignes crées | 0 lignes mises à jour | 0 lignes supprimées;292;MANDARINE KOUMASSI
pos9;POS 9;2026-04-09T18:56:31.473006+00:00;a7d45ce1-fa85-4aca-9f1d-dc8069a2d4dc;2026-04-08T17:15:01.317513;2026-04-08T17:15:05.307377;30;import de données;delivery;livraison;2;succès;interne;Import livraison: | fin intégration: (a7d45ce1-fa85-4aca-9f1d-dc8069a2d4dc) | fichier: /srv/import/080/Fac_080_00237514.LC | 128 lignes formatées | 0 lignes en erreurs | 128 lignes crées | 0 lignes mises à jour | 0 lignes supprimées;080;MANDARINE MARCORY
pos9;POS 9;2026-04-09T18:56:31.473006+00:00;291fe1be-3ee5-4414-bbf5-754131e3a346;2026-04-08T17:15:01.358824;2026-04-08T17:15:01.644251;30;import de données;delivery;livraison;0;erreur;interne;Extrait du rapport d'import: | 0 lignes supprimées | 2026-04-08 17:13:01,316 fichier present: (['Fac_080_00337381.LC', 'Fac_080_00237515.LC', 'Fac_080_00237514.LC', 'Fac_080_00237538.LC', 'Fac_080_00337382.LC', 'Fac_080_00337383.LC', 'Fac_080_00237513.LC', 'Fac_080_00237516.LC', 'Fac_080_00237512.LC', 'Fac_080_00337385.LC', 'Fac_080_00337384.LC'] - delivery) dans /srv/import/080/ | 2026-04-08 17:13:01,327 33 lignes lu dans le fichier /srv/import/080/Fac_080_00237512.LC | 2026-04-08 17:13:01,327 lancement intégration: (aeb7fc36-60b4-45a6-9fbe-949d94cd9739) | 2026-04-08 17:13:01,356 fichier present: (['Fac_291_00337368.LC', 'Fac_291_00337369.LC', 'Fac_291_00337367.LC', 'Fac_291_00337366.LC'] - delivery) dans /srv/import/291/ | 2026-04-08 17:13:01,360 7 lignes lu dans le fichier /srv/import/291/Fac_291_00337366.LC | 2026-04-08 17:13:01,361 lancement intégration: (7b68ede3-0396-4ea6-ae8e-906eecf4ca4e) | 2026-04-08 17:13:01,368 fichier present: (['Fac_292_00337449.LC', 'Fac_292_00337448.LC', 'Fac_292_00337450.LC', 'Fac_292_00337451.LC'] - delivery) dans /srv/import/292/ | 2026-04-08 17:13:01,373 7 lignes lu dans le fichier /srv/import/292/Fac_292_00337448.LC | 2026-04-08 17:13:01,373 lancement intégration: (f93ab9b1-32ce-4a8b-8420-0721c20056bf) | 2026-04-08 17:13:01,387 fichier present: (['Fac_293_00337458.LC', 'Fac_293_00337456.LC', 'Fac_293_00337454.LC', 'Fac_293_00337457.LC', 'Fac_293_00337455.LC'] - delivery) dans /srv/import/293/ | 2026-04-08 17:13:01,389 2 lignes lu dans le fichier /srv/import/293/Fac_293_00337454.LC | 2026-04-08 17:13:01,389 lancement intégration: (622ff3f8-9114-4d1f-9f17-298e18316a28) | 2026-04-08 17:13:01,764 fin intégration: (f93ab9b1-32ce-4a8b-8420-0721c20056bf) | fichier: /srv/import/292/Fac_292_00337448.LC | 7 lignes formatées | 0 lignes en erreurs | 7 lignes crées | 0 lignes mises à jour | 0 lignes supprimées | 2026-04-08 17:14:02,139 fin intégration: (bc0d4fc9-604a-4aea-bb9d-003ebe0a99e6) | fichier: /srv/import/080/Fac_080_00237513.LC | 22 lignes formatées | 0 lignes en erreurs | 22 lignes crées | 0 lignes mises à jour | 0 lignes supprimées;293;MANDARINE AMBASSADE CHINE
pos9;POS 9;2026-04-09T18:56:31.473006+00:00;6c09826f-6a0b-4c24-9327-3f4c8eb1809c;2026-04-08T17:15:01.344271;2026-04-08T17:15:01.596930;30;import de données;delivery;livraison;2;succès;interne;Import livraison: | fin intégration: (6c09826f-6a0b-4c24-9327-3f4c8eb1809c) | fichier: /srv/import/292/Fac_292_00337450.LC | 6 lignes formatées | 0 lignes en erreurs | 6 lignes crées | 0 lignes mises à jour | 0 lignes supprimées;292;MANDARINE KOUMASSI
pos9;POS 9;2026-04-09T18:56:31.473006+00:00;fcda7468-b328-4541-9e79-d15c93f8c024;2026-04-08T17:15:01.335544;2026-04-08T17:15:01.543457;30;import de données;delivery;livraison;0;erreur;interne;Extrait du rapport d'import: | 0 lignes supprimées | 2026-04-08 17:13:01,316 fichier present: (['Fac_080_00337381.LC', 'Fac_080_00237515.LC', 'Fac_080_00237514.LC', 'Fac_080_00237538.LC', 'Fac_080_00337382.LC', 'Fac_080_00337383.LC', 'Fac_080_00237513.LC', 'Fac_080_00237516.LC', 'Fac_080_00237512.LC', 'Fac_080_00337385.LC', 'Fac_080_00337384.LC'] - delivery) dans /srv/import/080/ | 2026-04-08 17:13:01,327 33 lignes lu dans le fichier /srv/import/080/Fac_080_00237512.LC | 2026-04-08 17:13:01,327 lancement intégration: (aeb7fc36-60b4-45a6-9fbe-949d94cd9739) | 2026-04-08 17:13:01,356 fichier present: (['Fac_291_00337368.LC', 'Fac_291_00337369.LC', 'Fac_291_00337367.LC', 'Fac_291_00337366.LC'] - delivery) dans /srv/import/291/ | 2026-04-08 17:13:01,360 7 lignes lu dans le fichier /srv/import/291/Fac_291_00337366.LC | 2026-04-08 17:13:01,361 lancement intégration: (7b68ede3-0396-4ea6-ae8e-906eecf4ca4e) | 2026-04-08 17:13:01,368 fichier present: (['Fac_292_00337449.LC', 'Fac_292_00337448.LC', 'Fac_292_00337450.LC', 'Fac_292_00337451.LC'] - delivery) dans /srv/import/292/ | 2026-04-08 17:13:01,373 7 lignes lu dans le fichier /srv/import/292/Fac_292_00337448.LC | 2026-04-08 17:13:01,373 lancement intégration: (f93ab9b1-32ce-4a8b-8420-0721c20056bf) | 2026-04-08 17:13:01,387 fichier present: (['Fac_293_00337458.LC', 'Fac_293_00337456.LC', 'Fac_293_00337454.LC', 'Fac_293_00337457.LC', 'Fac_293_00337455.LC'] - delivery) dans /srv/import/293/ | 2026-04-08 17:13:01,389 2 lignes lu dans le fichier /srv/import/293/Fac_293_00337454.LC | 2026-04-08 17:13:01,389 lancement intégration: (622ff3f8-9114-4d1f-9f17-298e18316a28) | 2026-04-08 17:13:01,764 fin intégration: (f93ab9b1-32ce-4a8b-8420-0721c20056bf) | fichier: /srv/import/292/Fac_292_00337448.LC | 7 lignes formatées | 0 lignes en erreurs | 7 lignes crées | 0 lignes mises à jour | 0 lignes supprimées | 2026-04-08 17:14:02,139 fin intégration: (bc0d4fc9-604a-4aea-bb9d-003ebe0a99e6) | fichier: /srv/import/080/Fac_080_00237513.LC | 22 lignes formatées | 0 lignes en erreurs | 22 lignes crées | 0 lignes mises à jour | 0 lignes supprimées;291;MANDARINE DANGA
pos9;POS 9;2026-04-09T18:56:31.473006+00:00;bc0d4fc9-604a-4aea-bb9d-003ebe0a99e6;2026-04-08T17:14:01.317754;2026-04-08T17:14:02.142012;30;import de données;delivery;livraison;2;succès;interne;Import livraison: | fin intégration: (bc0d4fc9-604a-4aea-bb9d-003ebe0a99e6) | fichier: /srv/import/080/Fac_080_00237513.LC | 22 lignes formatées | 0 lignes en erreurs | 22 lignes crées | 0 lignes mises à jour | 0 lignes supprimées;080;MANDARINE MARCORY
pos9;POS 9;2026-04-09T18:56:31.473006+00:00;01ae234c-6b72-45e1-8710-52ce30a48fe7;2026-04-08T17:14:01.338487;2026-04-08T17:14:01.619793;30;import de données;delivery;livraison;2;succès;interne;Import livraison: | fin intégration: (01ae234c-6b72-45e1-8710-52ce30a48fe7) | fichier: /srv/import/292/Fac_292_00337449.LC | 5 lignes formatées | 0 lignes en erreurs | 5 lignes crées | 0 lignes mises à jour | 0 lignes supprimées;292;MANDARINE KOUMASSI
pos9;POS 9;2026-04-09T18:56:31.473006+00:00;14886778-bcfb-4da9-98e6-698466bbc3db;2026-04-08T17:14:01.327821;2026-04-08T17:14:01.587168;30;import de données;delivery;livraison;0;erreur;interne;Extrait du rapport d'import: | 0 lignes supprimées | 2026-04-08 17:12:03,822 fin intégration: (3b616e58-678b-40a4-a20d-0674fba562cb) | fichier: /srv/import/080/Fac_080_00237511.LC | 85 lignes formatées | 0 lignes en erreurs | 84 lignes crées | 1 lignes mises à jour | 0 lignes supprimées | 2026-04-08 17:13:01,316 fichier present: (['Fac_080_00337381.LC', 'Fac_080_00237515.LC', 'Fac_080_00237514.LC', 'Fac_080_00237538.LC', 'Fac_080_00337382.LC', 'Fac_080_00337383.LC', 'Fac_080_00237513.LC', 'Fac_080_00237516.LC', 'Fac_080_00237512.LC', 'Fac_080_00337385.LC', 'Fac_080_00337384.LC'] - delivery) dans /srv/import/080/ | 2026-04-08 17:13:01,327 33 lignes lu dans le fichier /srv/import/080/Fac_080_00237512.LC | 2026-04-08 17:13:01,327 lancement intégration: (aeb7fc36-60b4-45a6-9fbe-949d94cd9739) | 2026-04-08 17:13:01,356 fichier present: (['Fac_291_00337368.LC', 'Fac_291_00337369.LC', 'Fac_291_00337367.LC', 'Fac_291_00337366.LC'] - delivery) dans /srv/import/291/ | 2026-04-08 17:13:01,360 7 lignes lu dans le fichier /srv/import/291/Fac_291_00337366.LC | 2026-04-08 17:13:01,361 lancement intégration: (7b68ede3-0396-4ea6-ae8e-906eecf4ca4e) | 2026-04-08 17:13:01,368 fichier present: (['Fac_292_00337449.LC', 'Fac_292_00337448.LC', 'Fac_292_00337450.LC', 'Fac_292_00337451.LC'] - delivery) dans /srv/import/292/ | 2026-04-08 17:13:01,373 7 lignes lu dans le fichier /srv/import/292/Fac_292_00337448.LC | 2026-04-08 17:13:01,373 lancement intégration: (f93ab9b1-32ce-4a8b-8420-0721c20056bf) | 2026-04-08 17:13:01,387 fichier present: (['Fac_293_00337458.LC', 'Fac_293_00337456.LC', 'Fac_293_00337454.LC', 'Fac_293_00337457.LC', 'Fac_293_00337455.LC'] - delivery) dans /srv/import/293/ | 2026-04-08 17:13:01,389 2 lignes lu dans le fichier /srv/import/293/Fac_293_00337454.LC | 2026-04-08 17:13:01,389 lancement intégration: (622ff3f8-9114-4d1f-9f17-298e18316a28) | 2026-04-08 17:13:01,764 fin intégration: (f93ab9b1-32ce-4a8b-8420-0721c20056bf) | fichier: /srv/import/292/Fac_292_00337448.LC | 7 lignes formatées | 0 lignes en erreurs | 7 lignes crées | 0 lignes mises à jour | 0 lignes supprimées;291;MANDARINE DANGA
pos9;POS 9;2026-04-09T18:56:31.473006+00:00;17b776cc-bd9f-4c07-ae51-29ba7b48d7dd;2026-04-08T17:14:01.351672;2026-04-08T17:14:01.584185;30;import de données;delivery;livraison;0;erreur;interne;Extrait du rapport d'import: | 0 lignes supprimées | 2026-04-08 17:12:03,822 fin intégration: (3b616e58-678b-40a4-a20d-0674fba562cb) | fichier: /srv/import/080/Fac_080_00237511.LC | 85 lignes formatées | 0 lignes en erreurs | 84 lignes crées | 1 lignes mises à jour | 0 lignes supprimées | 2026-04-08 17:13:01,316 fichier present: (['Fac_080_00337381.LC', 'Fac_080_00237515.LC', 'Fac_080_00237514.LC', 'Fac_080_00237538.LC', 'Fac_080_00337382.LC', 'Fac_080_00337383.LC', 'Fac_080_00237513.LC', 'Fac_080_00237516.LC', 'Fac_080_00237512.LC', 'Fac_080_00337385.LC', 'Fac_080_00337384.LC'] - delivery) dans /srv/import/080/ | 2026-04-08 17:13:01,327 33 lignes lu dans le fichier /srv/import/080/Fac_080_00237512.LC | 2026-04-08 17:13:01,327 lancement intégration: (aeb7fc36-60b4-45a6-9fbe-949d94cd9739) | 2026-04-08 17:13:01,356 fichier present: (['Fac_291_00337368.LC', 'Fac_291_00337369.LC', 'Fac_291_00337367.LC', 'Fac_291_00337366.LC'] - delivery) dans /srv/import/291/ | 2026-04-08 17:13:01,360 7 lignes lu dans le fichier /srv/import/291/Fac_291_00337366.LC | 2026-04-08 17:13:01,361 lancement intégration: (7b68ede3-0396-4ea6-ae8e-906eecf4ca4e) | 2026-04-08 17:13:01,368 fichier present: (['Fac_292_00337449.LC', 'Fac_292_00337448.LC', 'Fac_292_00337450.LC', 'Fac_292_00337451.LC'] - delivery) dans /srv/import/292/ | 2026-04-08 17:13:01,373 7 lignes lu dans le fichier /srv/import/292/Fac_292_00337448.LC | 2026-04-08 17:13:01,373 lancement intégration: (f93ab9b1-32ce-4a8b-8420-0721c20056bf) | 2026-04-08 17:13:01,387 fichier present: (['Fac_293_00337458.LC', 'Fac_293_00337456.LC', 'Fac_293_00337454.LC', 'Fac_293_00337457.LC', 'Fac_293_00337455.LC'] - delivery) dans /srv/import/293/ | 2026-04-08 17:13:01,389 2 lignes lu dans le fichier /srv/import/293/Fac_293_00337454.LC | 2026-04-08 17:13:01,389 lancement intégration: (622ff3f8-9114-4d1f-9f17-298e18316a28) | 2026-04-08 17:13:01,764 fin intégration: (f93ab9b1-32ce-4a8b-8420-0721c20056bf) | fichier: /srv/import/292/Fac_292_00337448.LC | 7 lignes formatées | 0 lignes en erreurs | 7 lignes crées | 0 lignes mises à jour | 0 lignes supprimées;293;MANDARINE AMBASSADE CHINE
pos9;POS 9;2026-04-09T18:56:31.473006+00:00;aeb7fc36-60b4-45a6-9fbe-949d94cd9739;2026-04-08T17:13:01.327959;2026-04-08T17:13:02.662903;30;import de données;delivery;livraison;2;succès;interne;Import livraison: | fin intégration: (aeb7fc36-60b4-45a6-9fbe-949d94cd9739) | fichier: /srv/import/080/Fac_080_00237512.LC | 33 lignes formatées | 0 lignes en erreurs | 33 lignes crées | 0 lignes mises à jour | 0 lignes supprimées;080;MANDARINE MARCORY
pos9;POS 9;2026-04-09T18:56:31.473006+00:00;f93ab9b1-32ce-4a8b-8420-0721c20056bf;2026-04-08T17:13:01.374372;2026-04-08T17:13:01.769427;30;import de données;delivery;livraison;2;succès;interne;Import livraison: | fin intégration: (f93ab9b1-32ce-4a8b-8420-0721c20056bf) | fichier: /srv/import/292/Fac_292_00337448.LC | 7 lignes formatées | 0 lignes en erreurs | 7 lignes crées | 0 lignes mises à jour | 0 lignes supprimées;292;MANDARINE KOUMASSI
pos9;POS 9;2026-04-09T18:56:31.473006+00:00;622ff3f8-9114-4d1f-9f17-298e18316a28;2026-04-08T17:13:01.390248;2026-04-08T17:13:01.723384;30;import de données;delivery;livraison;0;erreur;interne;Extrait du rapport d'import: | 0 lignes supprimées | 2026-04-08 17:11:01,475 fin intégration: (fdc58fb1-cfce-4899-bf95-3cd2df591df6) | fichier: /srv/import/080/Fac_080_00108219.LC | 2 lignes formatées | 0 lignes en erreurs | 2 lignes crées | 0 lignes mises à jour | 0 lignes supprimées | 2026-04-08 17:12:03,822 fin intégration: (3b616e58-678b-40a4-a20d-0674fba562cb) | fichier: /srv/import/080/Fac_080_00237511.LC | 85 lignes formatées | 0 lignes en erreurs | 84 lignes crées | 1 lignes mises à jour | 0 lignes supprimées | 2026-04-08 17:13:01,316 fichier present: (['Fac_080_00337381.LC', 'Fac_080_00237515.LC', 'Fac_080_00237514.LC', 'Fac_080_00237538.LC', 'Fac_080_00337382.LC', 'Fac_080_00337383.LC', 'Fac_080_00237513.LC', 'Fac_080_00237516.LC', 'Fac_080_00237512.LC', 'Fac_080_00337385.LC', 'Fac_080_00337384.LC'] - delivery) dans /srv/import/080/ | 2026-04-08 17:13:01,327 33 lignes lu dans le fichier /srv/import/080/Fac_080_00237512.LC | 2026-04-08 17:13:01,327 lancement intégration: (aeb7fc36-60b4-45a6-9fbe-949d94cd9739) | 2026-04-08 17:13:01,356 fichier present: (['Fac_291_00337368.LC', 'Fac_291_00337369.LC', 'Fac_291_00337367.LC', 'Fac_291_00337366.LC'] - delivery) dans /srv/import/291/ | 2026-04-08 17:13:01,360 7 lignes lu dans le fichier /srv/import/291/Fac_291_00337366.LC | 2026-04-08 17:13:01,361 lancement intégration: (7b68ede3-0396-4ea6-ae8e-906eecf4ca4e) | 2026-04-08 17:13:01,368 fichier present: (['Fac_292_00337449.LC', 'Fac_292_00337448.LC', 'Fac_292_00337450.LC', 'Fac_292_00337451.LC'] - delivery) dans /srv/import/292/ | 2026-04-08 17:13:01,373 7 lignes lu dans le fichier /srv/import/292/Fac_292_00337448.LC | 2026-04-08 17:13:01,373 lancement intégration: (f93ab9b1-32ce-4a8b-8420-0721c20056bf) | 2026-04-08 17:13:01,387 fichier present: (['Fac_293_00337458.LC', 'Fac_293_00337456.LC', 'Fac_293_00337454.LC', 'Fac_293_00337457.LC', 'Fac_293_00337455.LC'] - delivery) dans /srv/import/293/ | 2026-04-08 17:13:01,389 2 lignes lu dans le fichier /srv/import/293/Fac_293_00337454.LC | 2026-04-08 17:13:01,389 lancement intégration: (622ff3f8-9114-4d1f-9f17-298e18316a28);293;MANDARINE AMBASSADE CHINE
pos9;POS 9;2026-04-09T18:56:31.473006+00:00;7b68ede3-0396-4ea6-ae8e-906eecf4ca4e;2026-04-08T17:13:01.361732;2026-04-08T17:13:01.722331;30;import de données;delivery;livraison;0;erreur;interne;Extrait du rapport d'import: | 0 lignes supprimées | 2026-04-08 17:11:01,475 fin intégration: (fdc58fb1-cfce-4899-bf95-3cd2df591df6) | fichier: /srv/import/080/Fac_080_00108219.LC | 2 lignes formatées | 0 lignes en erreurs | 2 lignes crées | 0 lignes mises à jour | 0 lignes supprimées | 2026-04-08 17:12:03,822 fin intégration: (3b616e58-678b-40a4-a20d-0674fba562cb) | fichier: /srv/import/080/Fac_080_00237511.LC | 85 lignes formatées | 0 lignes en erreurs | 84 lignes crées | 1 lignes mises à jour | 0 lignes supprimées | 2026-04-08 17:13:01,316 fichier present: (['Fac_080_00337381.LC', 'Fac_080_00237515.LC', 'Fac_080_00237514.LC', 'Fac_080_00237538.LC', 'Fac_080_00337382.LC', 'Fac_080_00337383.LC', 'Fac_080_00237513.LC', 'Fac_080_00237516.LC', 'Fac_080_00237512.LC', 'Fac_080_00337385.LC', 'Fac_080_00337384.LC'] - delivery) dans /srv/import/080/ | 2026-04-08 17:13:01,327 33 lignes lu dans le fichier /srv/import/080/Fac_080_00237512.LC | 2026-04-08 17:13:01,327 lancement intégration: (aeb7fc36-60b4-45a6-9fbe-949d94cd9739) | 2026-04-08 17:13:01,356 fichier present: (['Fac_291_00337368.LC', 'Fac_291_00337369.LC', 'Fac_291_00337367.LC', 'Fac_291_00337366.LC'] - delivery) dans /srv/import/291/ | 2026-04-08 17:13:01,360 7 lignes lu dans le fichier /srv/import/291/Fac_291_00337366.LC | 2026-04-08 17:13:01,361 lancement intégration: (7b68ede3-0396-4ea6-ae8e-906eecf4ca4e) | 2026-04-08 17:13:01,368 fichier present: (['Fac_292_00337449.LC', 'Fac_292_00337448.LC', 'Fac_292_00337450.LC', 'Fac_292_00337451.LC'] - delivery) dans /srv/import/292/ | 2026-04-08 17:13:01,373 7 lignes lu dans le fichier /srv/import/292/Fac_292_00337448.LC | 2026-04-08 17:13:01,373 lancement intégration: (f93ab9b1-32ce-4a8b-8420-0721c20056bf) | 2026-04-08 17:13:01,387 fichier present: (['Fac_293_00337458.LC', 'Fac_293_00337456.LC', 'Fac_293_00337454.LC', 'Fac_293_00337457.LC', 'Fac_293_00337455.LC'] - delivery) dans /srv/import/293/ | 2026-04-08 17:13:01,389 2 lignes lu dans le fichier /srv/import/293/Fac_293_00337454.LC | 2026-04-08 17:13:01,389 lancement intégration: (622ff3f8-9114-4d1f-9f17-298e18316a28);291;MANDARINE DANGA
pos9;POS 9;2026-04-09T18:56:31.473006+00:00;3b616e58-678b-40a4-a20d-0674fba562cb;2026-04-08T17:12:01.318479;2026-04-08T17:12:03.824587;30;import de données;delivery;livraison;2;succès;interne;Import livraison: | fin intégration: (3b616e58-678b-40a4-a20d-0674fba562cb) | fichier: /srv/import/080/Fac_080_00237511.LC | 85 lignes formatées | 0 lignes en erreurs | 84 lignes crées | 1 lignes mises à jour | 0 lignes supprimées;080;MANDARINE MARCORY
pos9;POS 9;2026-04-09T18:56:31.473006+00:00;c32e93ad-0b1c-4a8d-be48-182229a679e4;2026-04-08T17:12:01.362123;2026-04-08T17:12:01.631713;30;import de données;delivery;livraison;0;erreur;interne;"Extrait du rapport d'import: | 2026-04-08 12:34:02,160 {'product': [ErrorDetail(string=""LG AIL VIOLET 250G ASP n'est pas fourni par le fournisseur FOURNISSEUR CENTRALE"", code='invalid')]} - [L100591628LG AIL VIOLET 250G ASP             00000435190002900000040000000000010000000040000000000490000 9325863076377 00000000000004351900066636] | 2026-04-08 12:34:02,164 fin intégration: (17707e8e-fdf1-43de-a5ae-58b9c7128ae6) | fichier: /srv/import/293/Fac_293_00337185.LC | 30 lignes formatées | 29 lignes en erreurs | 1 lignes crées | 0 lignes mises à jour | 0 lignes supprimées | 2026-04-08 12:35:01,417 {'product': [ErrorDetail(string=""BAC PRELOG PLIABL30L 600*400*165 PM n'est pas fourni par le fournisseur FOURNISSEUR CENTRALE"", code='invalid')]} - [L100153729BAC PRELOG PLIABL30L 600*400*165 PM00000436040000100000022000000000220000001172366300011725000 2001001537296 00000000000004360403910945] | 2026-04-08 12:35:01,437 {'product': [ErrorDetail(string=""CONT ISO 720L 95*73*173ISB30ALLIBER n'est pas fourni par le fournisseur FOURNISSEUR CENTRALE"", code='invalid')]} - [L100191192CONT ISO 720L 95*73*173ISB30ALLIBER00000436040000200000001000000000010000109929390001099294000 2001001911928 00000000000004360403910945] | 2026-04-08 12:35:01,455 {'product': [ErrorDetail(string=""BAC PRELOG PLIABL600*400*235 47L GM n'est pas fourni par le fournisseur FOURNISSEUR CENTRALE"", code='invalid')]} - [L100239401BAC PRELOG PLIABL600*400*235 47L GM00000436040000300000005000000000050000001409274000014095000 2001002394010 00000000000004360403910945] | 2026-04-08 12:35:01,473 {'product': [ErrorDetail(string=""PALETTE APAL  80*120 n'est pas fourni par le fournisseur FOURNISSEUR CENTRALE"", code='invalid')]} - [L100514060PALETTE APAL  80*120               00000436040000400000004000000000040000001049138000010490000 2001005140607 00000000000004360403910945] | 2026-04-08 12:35:01,489 {'product': [ErrorDetail(string=""BAC PRELOG600*400*165 RGE 30L PM n'est pas fourni par le fournisseur FOURNISSEUR CENTRALE"", code='invalid')]} - [L100533538BAC PRELOG600*400*165 RGE 30L PM   00000436040000500000002000000000020000001114392000011145000 2001005335386 00000000000004360403910945] | 2026-04-08 12:35:01,493 fin intégration: (6310e07f-fa75-491d-810e-da7ed918d1fe) | fichier: /srv/import/293/Fac_293_00337227.LC | 6 lignes formatées | 5 lignes en erreurs | 1 lignes crées | 0 lignes mises à jour | 0 lignes supprimées | 2026-04-08 17:11:01,475 fin intégration: (fdc58fb1-cfce-4899-bf95-3cd2df591df6) | fichier: /srv/import/080/Fac_080_00108219.LC | 2 lignes formatées | 0 lignes en erreurs | 2 lignes crées | 0 lignes mises à jour | 0 lignes supprimées";293;MANDARINE AMBASSADE CHINE
pos9;POS 9;2026-04-09T18:56:31.473006+00:00;f5249bbf-db8d-4d5f-9d4b-5069d5f30629;2026-04-08T17:12:01.333592;2026-04-08T17:12:01.583897;30;import de données;delivery;livraison;0;erreur;interne;"Extrait du rapport d'import: | 2026-04-08 12:34:02,160 {'product': [ErrorDetail(string=""LG AIL VIOLET 250G ASP n'est pas fourni par le fournisseur FOURNISSEUR CENTRALE"", code='invalid')]} - [L100591628LG AIL VIOLET 250G ASP             00000435190002900000040000000000010000000040000000000490000 9325863076377 00000000000004351900066636] | 2026-04-08 12:34:02,164 fin intégration: (17707e8e-fdf1-43de-a5ae-58b9c7128ae6) | fichier: /srv/import/293/Fac_293_00337185.LC | 30 lignes formatées | 29 lignes en erreurs | 1 lignes crées | 0 lignes mises à jour | 0 lignes supprimées | 2026-04-08 12:35:01,417 {'product': [ErrorDetail(string=""BAC PRELOG PLIABL30L 600*400*165 PM n'est pas fourni par le fournisseur FOURNISSEUR CENTRALE"", code='invalid')]} - [L100153729BAC PRELOG PLIABL30L 600*400*165 PM00000436040000100000022000000000220000001172366300011725000 2001001537296 00000000000004360403910945] | 2026-04-08 12:35:01,437 {'product': [ErrorDetail(string=""CONT ISO 720L 95*73*173ISB30ALLIBER n'est pas fourni par le fournisseur FOURNISSEUR CENTRALE"", code='invalid')]} - [L100191192CONT ISO 720L 95*73*173ISB30ALLIBER00000436040000200000001000000000010000109929390001099294000 2001001911928 00000000000004360403910945] | 2026-04-08 12:35:01,455 {'product': [ErrorDetail(string=""BAC PRELOG PLIABL600*400*235 47L GM n'est pas fourni par le fournisseur FOURNISSEUR CENTRALE"", code='invalid')]} - [L100239401BAC PRELOG PLIABL600*400*235 47L GM00000436040000300000005000000000050000001409274000014095000 2001002394010 00000000000004360403910945] | 2026-04-08 12:35:01,473 {'product': [ErrorDetail(string=""PALETTE APAL  80*120 n'est pas fourni par le fournisseur FOURNISSEUR CENTRALE"", code='invalid')]} - [L100514060PALETTE APAL  80*120               00000436040000400000004000000000040000001049138000010490000 2001005140607 00000000000004360403910945] | 2026-04-08 12:35:01,489 {'product': [ErrorDetail(string=""BAC PRELOG600*400*165 RGE 30L PM n'est pas fourni par le fournisseur FOURNISSEUR CENTRALE"", code='invalid')]} - [L100533538BAC PRELOG600*400*165 RGE 30L PM   00000436040000500000002000000000020000001114392000011145000 2001005335386 00000000000004360403910945] | 2026-04-08 12:35:01,493 fin intégration: (6310e07f-fa75-491d-810e-da7ed918d1fe) | fichier: /srv/import/293/Fac_293_00337227.LC | 6 lignes formatées | 5 lignes en erreurs | 1 lignes crées | 0 lignes mises à jour | 0 lignes supprimées | 2026-04-08 17:11:01,475 fin intégration: (fdc58fb1-cfce-4899-bf95-3cd2df591df6) | fichier: /srv/import/080/Fac_080_00108219.LC | 2 lignes formatées | 0 lignes en erreurs | 2 lignes crées | 0 lignes mises à jour | 0 lignes supprimées";291;MANDARINE DANGA
pos9;POS 9;2026-04-09T18:56:31.473006+00:00;4e2038af-9151-45da-af6a-9fbee8d378a5;2026-04-08T17:12:01.349382;2026-04-08T17:12:01.534171;30;import de données;delivery;livraison;2;succès;interne;Import livraison: | fin intégration: (4e2038af-9151-45da-af6a-9fbee8d378a5) | fichier: /srv/import/292/Fac_292_00337447.LC | 3 lignes formatées | 0 lignes en erreurs | 3 lignes crées | 0 lignes mises à jour | 0 lignes supprimées;292;MANDARINE KOUMASSI
pos9;POS 9;2026-04-09T18:56:31.473006+00:00;2a8b1260-6213-475d-96ee-b6316cb30e6d;2026-04-08T17:11:01.367317;2026-04-08T17:11:02.257811;30;import de données;delivery;livraison;0;erreur;interne;"Extrait du rapport d'import: | 2026-04-08 12:34:02,160 {'product': [ErrorDetail(string=""LG AIL VIOLET 250G ASP n'est pas fourni par le fournisseur FOURNISSEUR CENTRALE"", code='invalid')]} - [L100591628LG AIL VIOLET 250G ASP             00000435190002900000040000000000010000000040000000000490000 9325863076377 00000000000004351900066636] | 2026-04-08 12:34:02,164 fin intégration: (17707e8e-fdf1-43de-a5ae-58b9c7128ae6) | fichier: /srv/import/293/Fac_293_00337185.LC | 30 lignes formatées | 29 lignes en erreurs | 1 lignes crées | 0 lignes mises à jour | 0 lignes supprimées | 2026-04-08 12:35:01,417 {'product': [ErrorDetail(string=""BAC PRELOG PLIABL30L 600*400*165 PM n'est pas fourni par le fournisseur FOURNISSEUR CENTRALE"", code='invalid')]} - [L100153729BAC PRELOG PLIABL30L 600*400*165 PM00000436040000100000022000000000220000001172366300011725000 2001001537296 00000000000004360403910945] | 2026-04-08 12:35:01,437 {'product': [ErrorDetail(string=""CONT ISO 720L 95*73*173ISB30ALLIBER n'est pas fourni par le fournisseur FOURNISSEUR CENTRALE"", code='invalid')]} - [L100191192CONT ISO 720L 95*73*173ISB30ALLIBER00000436040000200000001000000000010000109929390001099294000 2001001911928 00000000000004360403910945] | 2026-04-08 12:35:01,455 {'product': [ErrorDetail(string=""BAC PRELOG PLIABL600*400*235 47L GM n'est pas fourni par le fournisseur FOURNISSEUR CENTRALE"", code='invalid')]} - [L100239401BAC PRELOG PLIABL600*400*235 47L GM00000436040000300000005000000000050000001409274000014095000 2001002394010 00000000000004360403910945] | 2026-04-08 12:35:01,473 {'product': [ErrorDetail(string=""PALETTE APAL  80*120 n'est pas fourni par le fournisseur FOURNISSEUR CENTRALE"", code='invalid')]} - [L100514060PALETTE APAL  80*120               00000436040000400000004000000000040000001049138000010490000 2001005140607 00000000000004360403910945] | 2026-04-08 12:35:01,489 {'product': [ErrorDetail(string=""BAC PRELOG600*400*165 RGE 30L PM n'est pas fourni par le fournisseur FOURNISSEUR CENTRALE"", code='invalid')]} - [L100533538BAC PRELOG600*400*165 RGE 30L PM   00000436040000500000002000000000020000001114392000011145000 2001005335386 00000000000004360403910945] | 2026-04-08 12:35:01,493 fin intégration: (6310e07f-fa75-491d-810e-da7ed918d1fe) | fichier: /srv/import/293/Fac_293_00337227.LC | 6 lignes formatées | 5 lignes en erreurs | 1 lignes crées | 0 lignes mises à jour | 0 lignes supprimées | 2026-04-08 17:11:01,475 fin intégration: (fdc58fb1-cfce-4899-bf95-3cd2df591df6) | fichier: /srv/import/080/Fac_080_00108219.LC | 2 lignes formatées | 0 lignes en erreurs | 2 lignes crées | 0 lignes mises à jour | 0 lignes supprimées";293;MANDARINE AMBASSADE CHINE
pos9;POS 9;2026-04-09T18:56:31.473006+00:00;681eedff-c14f-4885-96b9-8a579f6d5a30;2026-04-08T17:11:01.338920;2026-04-08T17:11:01.566697;30;import de données;delivery;livraison;0;erreur;interne;"Extrait du rapport d'import: | 2026-04-08 12:34:02,160 {'product': [ErrorDetail(string=""LG AIL VIOLET 250G ASP n'est pas fourni par le fournisseur FOURNISSEUR CENTRALE"", code='invalid')]} - [L100591628LG AIL VIOLET 250G ASP             00000435190002900000040000000000010000000040000000000490000 9325863076377 00000000000004351900066636] | 2026-04-08 12:34:02,164 fin intégration: (17707e8e-fdf1-43de-a5ae-58b9c7128ae6) | fichier: /srv/import/293/Fac_293_00337185.LC | 30 lignes formatées | 29 lignes en erreurs | 1 lignes crées | 0 lignes mises à jour | 0 lignes supprimées | 2026-04-08 12:35:01,417 {'product': [ErrorDetail(string=""BAC PRELOG PLIABL30L 600*400*165 PM n'est pas fourni par le fournisseur FOURNISSEUR CENTRALE"", code='invalid')]} - [L100153729BAC PRELOG PLIABL30L 600*400*165 PM00000436040000100000022000000000220000001172366300011725000 2001001537296 00000000000004360403910945] | 2026-04-08 12:35:01,437 {'product': [ErrorDetail(string=""CONT ISO 720L 95*73*173ISB30ALLIBER n'est pas fourni par le fournisseur FOURNISSEUR CENTRALE"", code='invalid')]} - [L100191192CONT ISO 720L 95*73*173ISB30ALLIBER00000436040000200000001000000000010000109929390001099294000 2001001911928 00000000000004360403910945] | 2026-04-08 12:35:01,455 {'product': [ErrorDetail(string=""BAC PRELOG PLIABL600*400*235 47L GM n'est pas fourni par le fournisseur FOURNISSEUR CENTRALE"", code='invalid')]} - [L100239401BAC PRELOG PLIABL600*400*235 47L GM00000436040000300000005000000000050000001409274000014095000 2001002394010 00000000000004360403910945] | 2026-04-08 12:35:01,473 {'product': [ErrorDetail(string=""PALETTE APAL  80*120 n'est pas fourni par le fournisseur FOURNISSEUR CENTRALE"", code='invalid')]} - [L100514060PALETTE APAL  80*120               00000436040000400000004000000000040000001049138000010490000 2001005140607 00000000000004360403910945] | 2026-04-08 12:35:01,489 {'product': [ErrorDetail(string=""BAC PRELOG600*400*165 RGE 30L PM n'est pas fourni par le fournisseur FOURNISSEUR CENTRALE"", code='invalid')]} - [L100533538BAC PRELOG600*400*165 RGE 30L PM   00000436040000500000002000000000020000001114392000011145000 2001005335386 00000000000004360403910945] | 2026-04-08 12:35:01,493 fin intégration: (6310e07f-fa75-491d-810e-da7ed918d1fe) | fichier: /srv/import/293/Fac_293_00337227.LC | 6 lignes formatées | 5 lignes en erreurs | 1 lignes crées | 0 lignes mises à jour | 0 lignes supprimées | 2026-04-08 17:11:01,475 fin intégration: (fdc58fb1-cfce-4899-bf95-3cd2df591df6) | fichier: /srv/import/080/Fac_080_00108219.LC | 2 lignes formatées | 0 lignes en erreurs | 2 lignes crées | 0 lignes mises à jour | 0 lignes supprimées";291;MANDARINE DANGA
pos9;POS 9;2026-04-09T18:56:31.473006+00:00;e834df02-44dd-40fe-ae94-87907c0d6db1;2026-04-08T17:11:01.353985;2026-04-08T17:11:01.481792;30;import de données;delivery;livraison;2;succès;interne;Import livraison: | fin intégration: (e834df02-44dd-40fe-ae94-87907c0d6db1) | fichier: /srv/import/292/Fac_292_00237539.LC | 2 lignes formatées | 0 lignes en erreurs | 2 lignes crées | 0 lignes mises à jour | 0 lignes supprimées;292;MANDARINE KOUMASSI
pos9;POS 9;2026-04-09T18:56:31.473006+00:00;fdc58fb1-cfce-4899-bf95-3cd2df591df6;2026-04-08T17:11:01.319202;2026-04-08T17:11:01.478646;30;import de données;delivery;livraison;2;succès;interne;Import livraison: | fin intégration: (fdc58fb1-cfce-4899-bf95-3cd2df591df6) | fichier: /srv/import/080/Fac_080_00108219.LC | 2 lignes formatées | 0 lignes en erreurs | 2 lignes crées | 0 lignes mises à jour | 0 lignes supprimées;080;MANDARINE MARCORY
pos9;POS 9;2026-04-09T18:56:31.473006+00:00;6310e07f-fa75-491d-810e-da7ed918d1fe;2026-04-08T12:35:01.292901;2026-04-08T12:35:01.526031;30;import de données;delivery;livraison;0;erreur;interne;"Extrait du rapport d'import: | 2026-04-08 12:34:01,983 {'product': [ErrorDetail(string=""FR TROP BANANE DOUCE LOCALE n'est pas fourni par le fournisseur FOURNISSEUR CENTRALE"", code='invalid')]} - [L100074674FR TROP BANANE DOUCE LOCALE        00000435190002100000075000000000050000000044014000000490000 2886500000003 00000000000004351900066636] | 2026-04-08 12:34:02,006 {'product': [ErrorDetail(string=""LG PDT SALADE VAPEUR 2K5 BAT n'est pas fourni par le fournisseur FOURNISSEUR CENTRALE"", code='invalid')]} - [L100178128LG PDT SALADE VAPEUR 2K5 BAT       00000435190002200000006000000000010000000391200000004890000 3061431103507 00000000000004351900066636] | 2026-04-08 12:34:02,029 {'product': [ErrorDetail(string=""FR AGR ORANGE ESPAGNE PLT 1RG BAT n'est pas fourni par le fournisseur FOURNISSEUR CENTRALE"", code='invalid')]} - [L100201463FR AGR ORANGE ESPAGNE PLT 1RG BAT  00000435190002300000007000000000010000000279188000003490000 2803555000000 00000000000004351900066636] | 2026-04-08 12:34:02,058 {'product': [ErrorDetail(string=""FR PEP POMME PINK LADY VRAC BAT n'est pas fourni par le fournisseur FOURNISSEUR CENTRALE"", code='invalid')]} - [L100217679FR PEP POMME PINK LADY VRAC BAT    00000435190002400000018200000000010000000197178000002390000 2803727000005 00000000000004351900066636] | 2026-04-08 12:34:02,081 {'product': [ErrorDetail(string=""LG SEC MAIS A ECLATER SAC 500G X10 n'est pas fourni par le fournisseur FOURNISSEUR CENTRALE"", code='invalid')]} - [L100327394LG SEC MAIS A ECLATER SAC 500G X10 00000435190002500000012000000000010000000159300000001990000 3068235505193 00000000000004351900066636] | 2026-04-08 12:34:02,100 {'product': [ErrorDetail(string=""FR AGR ORANGE A JUS BAT n'est pas fourni par le fournisseur FOURNISSEUR CENTRALE"", code='invalid')]} - [L100390241FR AGR ORANGE A JUS BAT            00000435190002600000090000000000060000000118000000001180000 2805607000006 00000000000004351900066636] | 2026-04-08 12:34:02,120 {'product': [ErrorDetail(string=""FR COQ NOIX VRAC 34+ 5KG  BAT n'est pas fourni par le fournisseur FOURNISSEUR CENTRALE"", code='invalid')]} - [L100480784FR COQ NOIX VRAC 34+ 5KG  BAT      00000435190002700000005000000000010000000638970000007990000 2807152000005 00000000000004351900066636] | 2026-04-08 12:34:02,139 {'product': [ErrorDetail(string=""LG AIL VIOLET 500G ASP n'est pas fourni par le fournisseur FOURNISSEUR CENTRALE"", code='invalid')]} - [L100591315LG AIL VIOLET 500G ASP             00000435190002800000020000000000010000000075000000000850000 9325863077633 00000000000004351900066636] | 2026-04-08 12:34:02,160 {'product': [ErrorDetail(string=""LG AIL VIOLET 250G ASP n'est pas fourni par le fournisseur FOURNISSEUR CENTRALE"", code='invalid')]} - [L100591628LG AIL VIOLET 250G ASP             00000435190002900000040000000000010000000040000000000490000 9325863076377 00000000000004351900066636] | 2026-04-08 12:34:02,164 fin intégration: (17707e8e-fdf1-43de-a5ae-58b9c7128ae6) | fichier: /srv/import/293/Fac_293_00337185.LC | 30 lignes formatées | 29 lignes en erreurs | 1 lignes crées | 0 lignes mises à jour | 0 lignes supprimées | 2026-04-08 12:35:01,417 {'product': [ErrorDetail(string=""BAC PRELOG PLIABL30L 600*400*165 PM n'est pas fourni par le fournisseur FOURNISSEUR CENTRALE"", code='invalid')]} - [L100153729BAC PRELOG PLIABL30L 600*400*165 PM00000436040000100000022000000000220000001172366300011725000 2001001537296 00000000000004360403910945] | 2026-04-08 12:35:01,437 {'product': [ErrorDetail(string=""CONT ISO 720L 95*73*173ISB30ALLIBER n'est pas fourni par le fournisseur FOURNISSEUR CENTRALE"", code='invalid')]} - [L100191192CONT ISO 720L 95*73*173ISB30ALLIBER00000436040000200000001000000000010000109929390001099294000 2001001911928 00000000000004360403910945] | 2026-04-08 12:35:01,455 {'product': [ErrorDetail(string=""BAC PRELOG PLIABL600*400*235 47L GM n'est pas fourni par le fournisseur FOURNISSEUR CENTRALE"", code='invalid')]} - [L100239401BAC PRELOG PLIABL600*400*235 47L GM00000436040000300000005000000000050000001409274000014095000 2001002394010 00000000000004360403910945] | 2026-04-08 12:35:01,473 {'product': [ErrorDetail(string=""PALETTE APAL  80*120 n'est pas fourni par le fournisseur FOURNISSEUR CENTRALE"", code='invalid')]} - [L100514060PALETTE APAL  80*120               00000436040000400000004000000000040000001049138000010490000 2001005140607 00000000000004360403910945] | 2026-04-08 12:35:01,489 {'product': [ErrorDetail(string=""BAC PRELOG600*400*165 RGE 30L PM n'est pas fourni par le fournisseur FOURNISSEUR CENTRALE"", code='invalid')]} - [L100533538BAC PRELOG600*400*165 RGE 30L PM   00000436040000500000002000000000020000001114392000011145000 2001005335386 00000000000004360403910945] | 2026-04-08 12:35:01,493 fin intégration: (6310e07f-fa75-491d-810e-da7ed918d1fe) | fichier: /srv/import/293/Fac_293_00337227.LC | 6 lignes formatées | 5 lignes en erreurs | 1 lignes crées | 0 lignes mises à jour | 0 lignes supprimées";293;MANDARINE AMBASSADE CHINE
pos9;POS 9;2026-04-09T18:56:31.473006+00:00;17707e8e-fdf1-43de-a5ae-58b9c7128ae6;2026-04-08T12:34:01.330864;2026-04-08T12:34:02.199274;30;import de données;delivery;livraison;0;erreur;interne;"Extrait du rapport d'import: | 2026-04-08 12:34:01,613 {'product': [ErrorDetail(string=""LG OIGNON ROUGE VRAC BAT n'est pas fourni par le fournisseur FOURNISSEUR CENTRALE"", code='invalid')]} - [L045050207LG OIGNON ROUGE VRAC BAT           00000435190000800000010000000000020000000159200000001990000 2800657000006 00000000000004351900066636] | 2026-04-08 12:34:01,632 {'product': [ErrorDetail(string=""LG BETTERAVE ENT.CUITE SCHT 500G BA n'est pas fourni par le fournisseur FOURNISSEUR CENTRALE"", code='invalid')]} - [L045053101LG BETTERAVE ENT.CUITE SCHT 500G BA00000435190000900000012000000000010000000103250000001290000 3279370101106 00000000000004351900066636] | 2026-04-08 12:34:01,653 {'product': [ErrorDetail(string=""LG CAROTTE SHT 1KG BAT n'est pas fourni par le fournisseur FOURNISSEUR CENTRALE"", code='invalid')]} - [L045054105LG CAROTTE SHT 1KG BAT             00000435190001000000030000000000030000000079000000000990000 3000028024504 00000000000004351900066636] | 2026-04-08 12:34:01,686 {'product': [ErrorDetail(string=""LG PDT FILET 5KGS BAT n'est pas fourni par le fournisseur FOURNISSEUR CENTRALE"", code='invalid')]} - [L045073401LG PDT FILET 5KGS BAT              00000435190001100000010000000000100000000183000000002290000 2000450734010 00000000000004351900066636] | 2026-04-08 12:34:01,717 {'product': [ErrorDetail(string=""LG PDT FONDANTE PUREE 2K5 BAT n'est pas fourni par le fournisseur FOURNISSEUR CENTRALE"", code='invalid')]} - [L100008617LG PDT FONDANTE PUREE 2K5 BAT      00000435190001200000006000000000010000000391200000004890000 3760069662515 00000000000004351900066636] | 2026-04-08 12:34:01,746 {'product': [ErrorDetail(string=""FR PEP MELON VERT BAT n'est pas fourni par le fournisseur FOURNISSEUR CENTRALE"", code='invalid')]} - [L100020046FR PEP MELON VERT BAT              00000435190001300000010200000000010000000269748000003290000 2802359000001 00000000000004351900066636] | 2026-04-08 12:34:01,782 {'product': [ErrorDetail(string=""LG CONCOMBRE VRAC LOCAL ASP n'est pas fourni par le fournisseur FOURNISSEUR CENTRALE"", code='invalid')]} - [L100050266LG CONCOMBRE VRAC LOCAL ASP        00000435190001400000010000000000010000000044000000000490000 2809971000006 00000000000004351900066636] | 2026-04-08 12:34:01,813 {'product': [ErrorDetail(string=""FR TROP BANANE PLANTAIN ALLOCO ASP n'est pas fourni par le fournisseur FOURNISSEUR CENTRALE"", code='invalid')]} - [L100050270FR TROP BANANE PLANTAIN ALLOCO ASP 00000435190001500000020000000000020000000037800000000425000 2800611000004 00000000000004351900066636] | 2026-04-08 12:34:01,841 {'product': [ErrorDetail(string=""LG CHOUX VERT LOCAL ASP n'est pas fourni par le fournisseur FOURNISSEUR CENTRALE"", code='invalid')]} - [L100050275LG CHOUX VERT LOCAL ASP            00000435190001600000010000000000010000000065600000000725000 2001000502752 00000000000004351900066636] | 2026-04-08 12:34:01,870 {'product': [ErrorDetail(string=""FR TROP FRUIT PASSION LOCAL ASP n'est pas fourni par le fournisseur FOURNISSEUR CENTRALE"", code='invalid')]} - [L100050280FR TROP FRUIT PASSION LOCAL ASP    00000435190001700000010000000000010000000240000000002750000 2800621000001 00000000000004351900066636] | 2026-04-08 12:34:01,899 {'product': [ErrorDetail(string=""LG TOM. ROMA LOCALE ASP n'est pas fourni par le fournisseur FOURNISSEUR CENTRALE"", code='invalid')]} - [L100050288LG TOM. ROMA LOCALE ASP            00000435190001800000040000000000040000000103500000001150000 2800629000003 00000000000004351900066636] | 2026-04-08 12:34:01,928 {'product': [ErrorDetail(string=""FR COQ COCO SEC LOCAL ASP n'est pas fourni par le fournisseur FOURNISSEUR CENTRALE"", code='invalid')]} - [L100056577FR COQ COCO SEC LOCAL ASP          00000435190001900000020000000000010000000025000000000275000 2001000165773 00000000000004351900066636] | 2026-04-08 12:34:01,961 {'product': [ErrorDetail(string=""LG OIGNON HOLLANDE PETIT FLT 5KGASP n'est pas fourni par le fournisseur FOURNISSEUR CENTRALE"", code='invalid')]} - [L100056937LG OIGNON HOLLANDE PETIT FLT 5KGASP00000435190002000000003000000000030000000188000000002100000 2001000569373 00000000000004351900066636] | 2026-04-08 12:34:01,983 {'product': [ErrorDetail(string=""FR TROP BANANE DOUCE LOCALE n'est pas fourni par le fournisseur FOURNISSEUR CENTRALE"", code='invalid')]} - [L100074674FR TROP BANANE DOUCE LOCALE        00000435190002100000075000000000050000000044014000000490000 2886500000003 00000000000004351900066636] | 2026-04-08 12:34:02,006 {'product': [ErrorDetail(string=""LG PDT SALADE VAPEUR 2K5 BAT n'est pas fourni par le fournisseur FOURNISSEUR CENTRALE"", code='invalid')]} - [L100178128LG PDT SALADE VAPEUR 2K5 BAT       00000435190002200000006000000000010000000391200000004890000 3061431103507 00000000000004351900066636] | 2026-04-08 12:34:02,029 {'product': [ErrorDetail(string=""FR AGR ORANGE ESPAGNE PLT 1RG BAT n'est pas fourni par le fournisseur FOURNISSEUR CENTRALE"", code='invalid')]} - [L100201463FR AGR ORANGE ESPAGNE PLT 1RG BAT  00000435190002300000007000000000010000000279188000003490000 2803555000000 00000000000004351900066636] | 2026-04-08 12:34:02,058 {'product': [ErrorDetail(string=""FR PEP POMME PINK LADY VRAC BAT n'est pas fourni par le fournisseur FOURNISSEUR CENTRALE"", code='invalid')]} - [L100217679FR PEP POMME PINK LADY VRAC BAT    00000435190002400000018200000000010000000197178000002390000 2803727000005 00000000000004351900066636] | 2026-04-08 12:34:02,081 {'product': [ErrorDetail(string=""LG SEC MAIS A ECLATER SAC 500G X10 n'est pas fourni par le fournisseur FOURNISSEUR CENTRALE"", code='invalid')]} - [L100327394LG SEC MAIS A ECLATER SAC 500G X10 00000435190002500000012000000000010000000159300000001990000 3068235505193 00000000000004351900066636] | 2026-04-08 12:34:02,100 {'product': [ErrorDetail(string=""FR AGR ORANGE A JUS BAT n'est pas fourni par le fournisseur FOURNISSEUR CENTRALE"", code='invalid')]} - [L100390241FR AGR ORANGE A JUS BAT            00000435190002600000090000000000060000000118000000001180000 2805607000006 00000000000004351900066636] | 2026-04-08 12:34:02,120 {'product': [ErrorDetail(string=""FR COQ NOIX VRAC 34+ 5KG  BAT n'est pas fourni par le fournisseur FOURNISSEUR CENTRALE"", code='invalid')]} - [L100480784FR COQ NOIX VRAC 34+ 5KG  BAT      00000435190002700000005000000000010000000638970000007990000 2807152000005 00000000000004351900066636] | 2026-04-08 12:34:02,139 {'product': [ErrorDetail(string=""LG AIL VIOLET 500G ASP n'est pas fourni par le fournisseur FOURNISSEUR CENTRALE"", code='invalid')]} - [L100591315LG AIL VIOLET 500G ASP             00000435190002800000020000000000010000000075000000000850000 9325863077633 00000000000004351900066636] | 2026-04-08 12:34:02,160 {'product': [ErrorDetail(string=""LG AIL VIOLET 250G ASP n'est pas fourni par le fournisseur FOURNISSEUR CENTRALE"", code='invalid')]} - [L100591628LG AIL VIOLET 250G ASP             00000435190002900000040000000000010000000040000000000490000 9325863076377 00000000000004351900066636] | 2026-04-08 12:34:02,164 fin intégration: (17707e8e-fdf1-43de-a5ae-58b9c7128ae6) | fichier: /srv/import/293/Fac_293_00337185.LC | 30 lignes formatées | 29 lignes en erreurs | 1 lignes crées | 0 lignes mises à jour | 0 lignes supprimées";293;MANDARINE AMBASSADE CHINE
pos9;POS 9;2026-04-09T18:56:31.473006+00:00;cee00a96-aed4-4aac-8d9b-f35db781d6e7;2026-04-08T12:34:01.296976;2026-04-08T12:34:01.566097;30;import de données;delivery;livraison;0;erreur;interne;"Extrait du rapport d'import: | 2026-04-08 12:33:01,562 {'product': [ErrorDetail(string=""LG SEC THYM  SAC 20G X20  BAT n'est pas fourni par le fournisseur FOURNISSEUR CENTRALE"", code='invalid')]} - [L100006455LG SEC THYM  SAC 20G X20  BAT      00000435150000700000020000000000010000000103000000001290000 3760202650485 00000000000004351500129645] | 2026-04-08 12:33:01,588 {'product': [ErrorDetail(string=""LG SEC LAURIER  SAC 20G X20  BAT n'est pas fourni par le fournisseur FOURNISSEUR CENTRALE"", code='invalid')]} - [L100027006LG SEC LAURIER  SAC 20G X20  BAT   00000435150000800000020000000000010000000103000000001290000 3760202656241 00000000000004351500129645] | 2026-04-08 12:33:01,612 {'product': [ErrorDetail(string=""LG COURGETTE NORMALE LOCALE ASP n'est pas fourni par le fournisseur FOURNISSEUR CENTRALE"", code='invalid')]} - [L100050265LG COURGETTE NORMALE LOCALE ASP    00000435150000900000013000000000010000000054000000000590000 2800606000002 00000000000004351500129645] | 2026-04-08 12:33:01,635 {'product': [ErrorDetail(string=""LG TOM. ROMA LOCALE ASP n'est pas fourni par le fournisseur FOURNISSEUR CENTRALE"", code='invalid')]} - [L100050288LG TOM. ROMA LOCALE ASP            00000435150001000000020000000000020000000103500000001150000 2800629000003 00000000000004351500129645] | 2026-04-08 12:33:01,657 {'product': [ErrorDetail(string=""FR TROP BANANE DOUCE LOCALE n'est pas fourni par le fournisseur FOURNISSEUR CENTRALE"", code='invalid')]} - [L100074674FR TROP BANANE DOUCE LOCALE        00000435150001100000090000000000060000000044014000000490000 2886500000003 00000000000004351500129643] | 2026-04-08 12:33:01,679 {'product': [ErrorDetail(string=""FR PEP POMME GOLDEN ROSE PLT 1RG BA n'est pas fourni par le fournisseur FOURNISSEUR CENTRALE"", code='invalid')]} - [L100075282FR PEP POMME GOLDEN ROSE PLT 1RG BA00000435150001200000004000000000010000000319190000003990000 2901114000000 00000000000004351500129643] | 2026-04-08 12:33:01,701 {'product': [ErrorDetail(string=""LG PDT SALADE VAPEUR 2K5 BAT n'est pas fourni par le fournisseur FOURNISSEUR CENTRALE"", code='invalid')]} - [L100178128LG PDT SALADE VAPEUR 2K5 BAT       00000435150001300000006000000000010000000391200000004890000 3061431103507 00000000000004351500129645] | 2026-04-08 12:33:01,734 {'product': [ErrorDetail(string=""FR PEP POMME PINK LADY VRAC BAT n'est pas fourni par le fournisseur FOURNISSEUR CENTRALE"", code='invalid')]} - [L100217679FR PEP POMME PINK LADY VRAC BAT    00000435150001400000018200000000010000000197178000002390000 2803727000005 00000000000004351500129643] | 2026-04-08 12:33:01,758 {'product': [ErrorDetail(string=""LG AIL VIOLET 500G ASP n'est pas fourni par le fournisseur FOURNISSEUR CENTRALE"", code='invalid')]} - [L100591315LG AIL VIOLET 500G ASP             00000435150001500000020000000000010000000075000000000850000 9325863077633 00000000000004351500129645] | 2026-04-08 12:33:01,781 {'product': [ErrorDetail(string=""LG AIL VIOLET 1KG ASP n'est pas fourni par le fournisseur FOURNISSEUR CENTRALE"", code='invalid')]} - [L100591316LG AIL VIOLET 1KG ASP              00000435150001600000010000000000010000000147500000001650000 9325863075295 00000000000004351500129645] | 2026-04-08 12:33:01,812 {'product': [ErrorDetail(string=""LG AIL VIOLET 250G ASP n'est pas fourni par le fournisseur FOURNISSEUR CENTRALE"", code='invalid')]} - [L100591628LG AIL VIOLET 250G ASP             00000435150001700000040000000000010000000040000000000490000 9325863076377 00000000000004351500129645] | 2026-04-08 12:33:01,819 fin intégration: (810eb72b-9eea-460d-9cba-dde83500468e) | fichier: /srv/import/291/Fac_291_00337209.LC | 18 lignes formatées | 17 lignes en erreurs | 1 lignes crées | 0 lignes mises à jour | 0 lignes supprimées | 2026-04-08 12:34:01,288 fichier present: (['Fac_291_00337225.LC'] - delivery) dans /srv/import/291/ | 2026-04-08 12:34:01,295 6 lignes lu dans le fichier /srv/import/291/Fac_291_00337225.LC | 2026-04-08 12:34:01,296 lancement intégration: (cee00a96-aed4-4aac-8d9b-f35db781d6e7) | 2026-04-08 12:34:01,316 fichier present: (['Fac_293_00337227.LC', 'Fac_293_00337185.LC'] - delivery) dans /srv/import/293/ | 2026-04-08 12:34:01,330 30 lignes lu dans le fichier /srv/import/293/Fac_293_00337185.LC | 2026-04-08 12:34:01,330 lancement intégration: (17707e8e-fdf1-43de-a5ae-58b9c7128ae6) | 2026-04-08 12:34:01,467 {'product': [ErrorDetail(string=""FR PEP POMME GOLDEN PLT 1RG BAT n'est pas fourni par le fournisseur FOURNISSEUR CENTRALE"", code='invalid')]} - [L044001106FR PEP POMME GOLDEN PLT 1RG BAT    00000435190000100000007000000000010000000240956000002990000 2800610000005 00000000000004351900066636] | 2026-04-08 12:34:01,487 {'product': [ErrorDetail(string=""FR PEP POMME GRANNY 18KG VRAC BAT n'est pas fourni par le fournisseur FOURNISSEUR CENTRALE"", code='invalid')]} - [L044001313FR PEP POMME GRANNY 18KG VRAC BAT  00000435190000200000018200000000010000000179360000002190000 2865889000002 00000000000004351900066636] | 2026-04-08 12:34:01,507 {'product': [ErrorDetail(string=""FR AGR CLEMENTINE VRAC BAT n'est pas fourni par le fournisseur FOURNISSEUR CENTRALE"", code='invalid')]} - [L044021803FR AGR CLEMENTINE VRAC BAT         00000435190000300000060000000000060000000158710000001990000 2887540000008 00000000000004351900066636] | 2026-04-08 12:34:01,526 {'product': [ErrorDetail(string=""FR AGR CITRON JAUNE VRAC BAT n'est pas fourni par le fournisseur FOURNISSEUR CENTRALE"", code='invalid')]} - [L044022107FR AGR CITRON JAUNE VRAC BAT       00000435190000400000007000000000010000000279188000003490000 2888899000008 00000000000004351900066636] | 2026-04-08 12:34:01,545 {'product': [ErrorDetail(string=""FR SEC RAISIN  SULTANINE 250G X24 n'est pas fourni par le fournisseur FOURNISSEUR CENTRALE"", code='invalid')]} - [L044030209FR SEC RAISIN  SULTANINE 250G X24  00000435190000500000024000000000020000000198830000002490000 3288850001980 00000000000004351900066636]";291;MANDARINE DANGA
pos9;POS 9;2026-04-09T18:56:31.473006+00:00;08675fb4-5473-4e39-a9a3-646334df0199;2026-04-08T12:33:01.299036;2026-04-08T12:33:01.918754;30;import de données;delivery;livraison;0;erreur;interne;"Extrait du rapport d'import: | 21 lignes en erreurs | 1 lignes crées | 0 lignes mises à jour | 0 lignes supprimées | 2026-04-08 12:33:01,423 {'product': [ErrorDetail(string=""FR PEP MELON JAUNE BAT n'est pas fourni par le fournisseur FOURNISSEUR CENTRALE"", code='invalid')]} - [L044047101FR PEP MELON JAUNE BAT             00000435150000100000010400000000010000000263258000003290000 2802512000008 00000000000004351500129643] | 2026-04-08 12:33:01,446 {'product': [ErrorDetail(string=""LG BETTERAVE ENT.CUITE SCHT 500G BA n'est pas fourni par le fournisseur FOURNISSEUR CENTRALE"", code='invalid')]} - [L045053101LG BETTERAVE ENT.CUITE SCHT 500G BA00000435150000200000024000000000020000000103250000001290000 3279370101106 00000000000004351500129645] | 2026-04-08 12:33:01,468 {'product': [ErrorDetail(string=""LG BETTERAVE CRUE BAT n'est pas fourni par le fournisseur FOURNISSEUR CENTRALE"", code='invalid')]} - [L045053105LG BETTERAVE CRUE BAT              00000435150000300000005000000000010000000223200000002790000 2803260000005 00000000000004351500129645] | 2026-04-08 12:33:01,491 {'product': [ErrorDetail(string=""LG SAL SUCRINE VRT 3FX12 AV n'est pas fourni par le fournisseur FOURNISSEUR CENTRALE"", code='invalid')]} - [L045070105LG SAL SUCRINE VRT 3FX12 AV        00000435150000400000012000000000010000000350000000004390000 8495390814931 00000000000004351500129645] | 2026-04-08 12:33:01,517 {'product': [ErrorDetail(string=""LG PDT FILET 5KGS BAT n'est pas fourni par le fournisseur FOURNISSEUR CENTRALE"", code='invalid')]} - [L045073401LG PDT FILET 5KGS BAT              00000435150000500000010000000000100000000183000000002290000 2000450734010 00000000000004351500129645] | 2026-04-08 12:33:01,539 {'product': [ErrorDetail(string=""LG SEC THYM-LAURIER  SAC 20G X20  B n'est pas fourni par le fournisseur FOURNISSEUR CENTRALE"", code='invalid')]} - [L100000039LG SEC THYM-LAURIER  SAC 20G X20  B00000435150000600000020000000000010000000103000000001290000 3760202650454 00000000000004351500129645] | 2026-04-08 12:33:01,562 {'product': [ErrorDetail(string=""LG SEC THYM  SAC 20G X20  BAT n'est pas fourni par le fournisseur FOURNISSEUR CENTRALE"", code='invalid')]} - [L100006455LG SEC THYM  SAC 20G X20  BAT      00000435150000700000020000000000010000000103000000001290000 3760202650485 00000000000004351500129645] | 2026-04-08 12:33:01,588 {'product': [ErrorDetail(string=""LG SEC LAURIER  SAC 20G X20  BAT n'est pas fourni par le fournisseur FOURNISSEUR CENTRALE"", code='invalid')]} - [L100027006LG SEC LAURIER  SAC 20G X20  BAT   00000435150000800000020000000000010000000103000000001290000 3760202656241 00000000000004351500129645] | 2026-04-08 12:33:01,612 {'product': [ErrorDetail(string=""LG COURGETTE NORMALE LOCALE ASP n'est pas fourni par le fournisseur FOURNISSEUR CENTRALE"", code='invalid')]} - [L100050265LG COURGETTE NORMALE LOCALE ASP    00000435150000900000013000000000010000000054000000000590000 2800606000002 00000000000004351500129645] | 2026-04-08 12:33:01,635 {'product': [ErrorDetail(string=""LG TOM. ROMA LOCALE ASP n'est pas fourni par le fournisseur FOURNISSEUR CENTRALE"", code='invalid')]} - [L100050288LG TOM. ROMA LOCALE ASP            00000435150001000000020000000000020000000103500000001150000 2800629000003 00000000000004351500129645] | 2026-04-08 12:33:01,657 {'product': [ErrorDetail(string=""FR TROP BANANE DOUCE LOCALE n'est pas fourni par le fournisseur FOURNISSEUR CENTRALE"", code='invalid')]} - [L100074674FR TROP BANANE DOUCE LOCALE        00000435150001100000090000000000060000000044014000000490000 2886500000003 00000000000004351500129643] | 2026-04-08 12:33:01,679 {'product': [ErrorDetail(string=""FR PEP POMME GOLDEN ROSE PLT 1RG BA n'est pas fourni par le fournisseur FOURNISSEUR CENTRALE"", code='invalid')]} - [L100075282FR PEP POMME GOLDEN ROSE PLT 1RG BA00000435150001200000004000000000010000000319190000003990000 2901114000000 00000000000004351500129643] | 2026-04-08 12:33:01,701 {'product': [ErrorDetail(string=""LG PDT SALADE VAPEUR 2K5 BAT n'est pas fourni par le fournisseur FOURNISSEUR CENTRALE"", code='invalid')]} - [L100178128LG PDT SALADE VAPEUR 2K5 BAT       00000435150001300000006000000000010000000391200000004890000 3061431103507 00000000000004351500129645] | 2026-04-08 12:33:01,734 {'product': [ErrorDetail(string=""FR PEP POMME PINK LADY VRAC BAT n'est pas fourni par le fournisseur FOURNISSEUR CENTRALE"", code='invalid')]} - [L100217679FR PEP POMME PINK LADY VRAC BAT    00000435150001400000018200000000010000000197178000002390000 2803727000005 00000000000004351500129643] | 2026-04-08 12:33:01,758 {'product': [ErrorDetail(string=""LG AIL VIOLET 500G ASP n'est pas fourni par le fournisseur FOURNISSEUR CENTRALE"", code='invalid')]} - [L100591315LG AIL VIOLET 500G ASP             00000435150001500000020000000000010000000075000000000850000 9325863077633 00000000000004351500129645] | 2026-04-08 12:33:01,781 {'product': [ErrorDetail(string=""LG AIL VIOLET 1KG ASP n'est pas fourni par le fournisseur FOURNISSEUR CENTRALE"", code='invalid')]} - [L100591316LG AIL VIOLET 1KG ASP              00000435150001600000010000000000010000000147500000001650000 9325863075295 00000000000004351500129645] | 2026-04-08 12:33:01,812 {'product': [ErrorDetail(string=""LG AIL VIOLET 250G ASP n'est pas fourni par le fournisseur FOURNISSEUR CENTRALE"", code='invalid')]} - [L100591628LG AIL VIOLET 250G ASP             00000435150001700000040000000000010000000040000000000490000 9325863076377 00000000000004351500129645] | 2026-04-08 12:33:01,819 fin intégration: (810eb72b-9eea-460d-9cba-dde83500468e) | fichier: /srv/import/291/Fac_291_00337209.LC | 18 lignes formatées | 17 lignes en erreurs | 1 lignes crées | 0 lignes mises à jour | 0 lignes supprimées";293;MANDARINE AMBASSADE CHINE
pos9;POS 9;2026-04-09T18:56:31.473006+00:00;810eb72b-9eea-460d-9cba-dde83500468e;2026-04-08T12:33:01.286821;2026-04-08T12:33:01.865812;30;import de données;delivery;livraison;0;erreur;interne;"Extrait du rapport d'import: | 21 lignes en erreurs | 1 lignes crées | 0 lignes mises à jour | 0 lignes supprimées | 2026-04-08 12:33:01,423 {'product': [ErrorDetail(string=""FR PEP MELON JAUNE BAT n'est pas fourni par le fournisseur FOURNISSEUR CENTRALE"", code='invalid')]} - [L044047101FR PEP MELON JAUNE BAT             00000435150000100000010400000000010000000263258000003290000 2802512000008 00000000000004351500129643] | 2026-04-08 12:33:01,446 {'product': [ErrorDetail(string=""LG BETTERAVE ENT.CUITE SCHT 500G BA n'est pas fourni par le fournisseur FOURNISSEUR CENTRALE"", code='invalid')]} - [L045053101LG BETTERAVE ENT.CUITE SCHT 500G BA00000435150000200000024000000000020000000103250000001290000 3279370101106 00000000000004351500129645] | 2026-04-08 12:33:01,468 {'product': [ErrorDetail(string=""LG BETTERAVE CRUE BAT n'est pas fourni par le fournisseur FOURNISSEUR CENTRALE"", code='invalid')]} - [L045053105LG BETTERAVE CRUE BAT              00000435150000300000005000000000010000000223200000002790000 2803260000005 00000000000004351500129645] | 2026-04-08 12:33:01,491 {'product': [ErrorDetail(string=""LG SAL SUCRINE VRT 3FX12 AV n'est pas fourni par le fournisseur FOURNISSEUR CENTRALE"", code='invalid')]} - [L045070105LG SAL SUCRINE VRT 3FX12 AV        00000435150000400000012000000000010000000350000000004390000 8495390814931 00000000000004351500129645] | 2026-04-08 12:33:01,517 {'product': [ErrorDetail(string=""LG PDT FILET 5KGS BAT n'est pas fourni par le fournisseur FOURNISSEUR CENTRALE"", code='invalid')]} - [L045073401LG PDT FILET 5KGS BAT              00000435150000500000010000000000100000000183000000002290000 2000450734010 00000000000004351500129645] | 2026-04-08 12:33:01,539 {'product': [ErrorDetail(string=""LG SEC THYM-LAURIER  SAC 20G X20  B n'est pas fourni par le fournisseur FOURNISSEUR CENTRALE"", code='invalid')]} - [L100000039LG SEC THYM-LAURIER  SAC 20G X20  B00000435150000600000020000000000010000000103000000001290000 3760202650454 00000000000004351500129645] | 2026-04-08 12:33:01,562 {'product': [ErrorDetail(string=""LG SEC THYM  SAC 20G X20  BAT n'est pas fourni par le fournisseur FOURNISSEUR CENTRALE"", code='invalid')]} - [L100006455LG SEC THYM  SAC 20G X20  BAT      00000435150000700000020000000000010000000103000000001290000 3760202650485 00000000000004351500129645] | 2026-04-08 12:33:01,588 {'product': [ErrorDetail(string=""LG SEC LAURIER  SAC 20G X20  BAT n'est pas fourni par le fournisseur FOURNISSEUR CENTRALE"", code='invalid')]} - [L100027006LG SEC LAURIER  SAC 20G X20  BAT   00000435150000800000020000000000010000000103000000001290000 3760202656241 00000000000004351500129645] | 2026-04-08 12:33:01,612 {'product': [ErrorDetail(string=""LG COURGETTE NORMALE LOCALE ASP n'est pas fourni par le fournisseur FOURNISSEUR CENTRALE"", code='invalid')]} - [L100050265LG COURGETTE NORMALE LOCALE ASP    00000435150000900000013000000000010000000054000000000590000 2800606000002 00000000000004351500129645] | 2026-04-08 12:33:01,635 {'product': [ErrorDetail(string=""LG TOM. ROMA LOCALE ASP n'est pas fourni par le fournisseur FOURNISSEUR CENTRALE"", code='invalid')]} - [L100050288LG TOM. ROMA LOCALE ASP            00000435150001000000020000000000020000000103500000001150000 2800629000003 00000000000004351500129645] | 2026-04-08 12:33:01,657 {'product': [ErrorDetail(string=""FR TROP BANANE DOUCE LOCALE n'est pas fourni par le fournisseur FOURNISSEUR CENTRALE"", code='invalid')]} - [L100074674FR TROP BANANE DOUCE LOCALE        00000435150001100000090000000000060000000044014000000490000 2886500000003 00000000000004351500129643] | 2026-04-08 12:33:01,679 {'product': [ErrorDetail(string=""FR PEP POMME GOLDEN ROSE PLT 1RG BA n'est pas fourni par le fournisseur FOURNISSEUR CENTRALE"", code='invalid')]} - [L100075282FR PEP POMME GOLDEN ROSE PLT 1RG BA00000435150001200000004000000000010000000319190000003990000 2901114000000 00000000000004351500129643] | 2026-04-08 12:33:01,701 {'product': [ErrorDetail(string=""LG PDT SALADE VAPEUR 2K5 BAT n'est pas fourni par le fournisseur FOURNISSEUR CENTRALE"", code='invalid')]} - [L100178128LG PDT SALADE VAPEUR 2K5 BAT       00000435150001300000006000000000010000000391200000004890000 3061431103507 00000000000004351500129645] | 2026-04-08 12:33:01,734 {'product': [ErrorDetail(string=""FR PEP POMME PINK LADY VRAC BAT n'est pas fourni par le fournisseur FOURNISSEUR CENTRALE"", code='invalid')]} - [L100217679FR PEP POMME PINK LADY VRAC BAT    00000435150001400000018200000000010000000197178000002390000 2803727000005 00000000000004351500129643] | 2026-04-08 12:33:01,758 {'product': [ErrorDetail(string=""LG AIL VIOLET 500G ASP n'est pas fourni par le fournisseur FOURNISSEUR CENTRALE"", code='invalid')]} - [L100591315LG AIL VIOLET 500G ASP             00000435150001500000020000000000010000000075000000000850000 9325863077633 00000000000004351500129645] | 2026-04-08 12:33:01,781 {'product': [ErrorDetail(string=""LG AIL VIOLET 1KG ASP n'est pas fourni par le fournisseur FOURNISSEUR CENTRALE"", code='invalid')]} - [L100591316LG AIL VIOLET 1KG ASP              00000435150001600000010000000000010000000147500000001650000 9325863075295 00000000000004351500129645] | 2026-04-08 12:33:01,812 {'product': [ErrorDetail(string=""LG AIL VIOLET 250G ASP n'est pas fourni par le fournisseur FOURNISSEUR CENTRALE"", code='invalid')]} - [L100591628LG AIL VIOLET 250G ASP             00000435150001700000040000000000010000000040000000000490000 9325863076377 00000000000004351500129645] | 2026-04-08 12:33:01,819 fin intégration: (810eb72b-9eea-460d-9cba-dde83500468e) | fichier: /srv/import/291/Fac_291_00337209.LC | 18 lignes formatées | 17 lignes en erreurs | 1 lignes crées | 0 lignes mises à jour | 0 lignes supprimées";291;MANDARINE DANGA
pos9;POS 9;2026-04-09T18:56:31.473006+00:00;8a1b9a75-9901-43b6-b81b-7dbab10d13ef;2026-04-08T12:32:01.290241;2026-04-08T12:32:01.882566;30;import de données;delivery;livraison;0;erreur;interne;"Extrait du rapport d'import: | 2026-04-08 12:32:01,406 {'product': [ErrorDetail(string=""BEURRE DX 200 GRS ELVIR n'est pas fourni par le fournisseur FOURNISSEUR CENTRALE"", code='invalid')]} - [L042001024BEURRE DX 200 GRS ELVIR            00000433850000100000040000000000010000000254172000002990000 3161910097959 00000000000004338500129639] | 2026-04-08 12:32:01,430 {'product': [ErrorDetail(string=""ROQUEFORT CANTOREL 1/2P 1,4KG CT*4 n'est pas fourni par le fournisseur FOURNISSEUR CENTRALE"", code='invalid')]} - [L100006387ROQUEFORT CANTOREL 1/2P 1,4KG CT*4 00000433850000200000005505000000010000001599136000019990000 2801174000005 00000000000004338500129637] | 2026-04-08 12:32:01,450 {'product': [ErrorDetail(string=""KIRI 12P BEL n'est pas fourni par le fournisseur FOURNISSEUR CENTRALE"", code='invalid')]} - [L100024451KIRI 12P BEL                       00000433850000300000040000000000010000000215232000002690000 3073780624435 00000000000004338500129636] | 2026-04-08 12:32:01,477 {'product': [ErrorDetail(string=""BEURRE 1/2 SEL 200G PRESIDENT n'est pas fourni par le fournisseur FOURNISSEUR CENTRALE"", code='invalid')]} - [L100067813BEURRE 1/2 SEL 200G PRESIDENT      00000433850000400000040000000000010000000254172000002990000 2001000678136 00000000000004338500129639] | 2026-04-08 12:32:01,502 {'product': [ErrorDetail(string=""FROM FONDU WELCOME CHEDDAR 10T 200G n'est pas fourni par le fournisseur FOURNISSEUR CENTRALE"", code='invalid')]} - [L100102271FROM FONDU WELCOME CHEDDAR 10T 200G00000433850000500000044000000000020000000151158000001890000 3123930920082 00000000000004338500129636] | 2026-04-08 12:32:01,525 {'product': [ErrorDetail(string=""EMMENTAL PLAQUETTE PRESIDENT 220G n'est pas fourni par le fournisseur FOURNISSEUR CENTRALE"", code='invalid')]} - [L100177232EMMENTAL PLAQUETTE PRESIDENT 220G  00000433850000600000014000000000010000000287212000003590000 3228022930205 00000000000004338500129636] | 2026-04-08 12:32:01,545 {'product': [ErrorDetail(string=""JUS D'ANANAS 1L ANDROS n'est pas fourni par le fournisseur FOURNISSEUR CENTRALE"", code='invalid')]} - [L100243755JUS D'ANANAS 1L ANDROS             00000433850000700000006000000000010000000479198000005990000 3608580951933 00000000000004338500129636] | 2026-04-08 12:32:01,569 {'product': [ErrorDetail(string=""CHEDDAR ROUGE  WYKE 2.5 KG n'est pas fourni par le fournisseur FOURNISSEUR CENTRALE"", code='invalid')]} - [L100298840CHEDDAR ROUGE  WYKE 2.5 KG         00000433850000800000004722000000010000001519250000018990000 2804664000004 00000000000004338500129637] | 2026-04-08 12:32:01,592 {'product': [ErrorDetail(string=""JUS CLEMENTINES 1L PRESS ANDROS n'est pas fourni par le fournisseur FOURNISSEUR CENTRALE"", code='invalid')]} - [L100300400JUS CLEMENTINES 1L PRESS ANDROS    00000433850000900000012000000000020000000287212000003590000 3608580951940 00000000000004338500129636] | 2026-04-08 12:32:01,613 {'product': [ErrorDetail(string=""JUS D'ORANGE 1L ANDROS n'est pas fourni par le fournisseur FOURNISSEUR CENTRALE"", code='invalid')]} - [L100301874JUS D'ORANGE 1L ANDROS             00000433850001000000006000000000010000000295236000003690000 3045320104141 00000000000004338500129636] | 2026-04-08 12:32:01,635 {'product': [ErrorDetail(string=""DOONUTS CHOCO MARBRES 180G ST MICHE n'est pas fourni par le fournisseur FOURNISSEUR CENTRALE"", code='invalid')]} - [L100458479DOONUTS CHOCO MARBRES 180G ST MICHE00000433850001100000009000000000010000000255234000003190000 3178530412703 00000000000004338500129636] | 2026-04-08 12:32:01,663 {'product': [ErrorDetail(string=""TRANCHES LIGHT 150G ENTREMONT n'est pas fourni par le fournisseur FOURNISSEUR CENTRALE"", code='invalid')]} - [L100465306TRANCHES LIGHT 150G ENTREMONT      00000433850001200000008000000000010000000223020000002790000 3123930617630 00000000000004338500129636] | 2026-04-08 12:32:01,686 {'product': [ErrorDetail(string=""DOONUTS CHOCO PEPITE 180G ST MICHEL n'est pas fourni par le fournisseur FOURNISSEUR CENTRALE"", code='invalid')]} - [L100468488DOONUTS CHOCO PEPITE 180G ST MICHEL00000433850001300000009000000000010000000255116000003190000 3178530414363 00000000000004338500129636] | 2026-04-08 12:32:01,707 {'product': [ErrorDetail(string=""CREME VEGET CUISINE 20CL GRAN CUCIN n'est pas fourni par le fournisseur FOURNISSEUR CENTRALE"", code='invalid')]} - [L100478753CREME VEGET CUISINE 20CL GRAN CUCIN00000433850001400000024000000000010000000071390000000890000 0000000418900 00000000000004338500129639] | 2026-04-08 12:32:01,730 {'product': [ErrorDetail(string=""CREME VEGET PAT SUCRE 50CL HULALA n'est pas fourni par le fournisseur FOURNISSEUR CENTRALE"", code='invalid')]} - [L100478754CREME VEGET PAT SUCRE 50CL HULALA  00000433850001500000020000000000010000000151040000001890000 2001004787544 00000000000004338500129639] | 2026-04-08 12:32:01,752 {'product': [ErrorDetail(string=""TRANCHETTES EMMENT SEL RED 160G PB n'est pas fourni par le fournisseur FOURNISSEUR CENTRALE"", code='invalid')]} - [L100539212TRANCHETTES EMMENT SEL RED 160G PB 00000433850001600000014000000000010000000263140000003290000 3412290018103 00000000000004338500129636] | 2026-04-08 12:32:01,772 {'product': [ErrorDetail(string=""MOZZARELLA BLOC GALB 2.5K 38% CONGE n'est pas fourni par le fournisseur FOURNISSEUR CENTRALE"", code='invalid')]} - [L100539793MOZZARELLA BLOC GALB 2.5K 38% CONGE00000433850001700000010000000000010000000573480000006990000 2808033000008 00000000000004338500129637] | 2026-04-08 12:32:01,792 {'product': [ErrorDetail(string=""DOONUTS FOURRES CHOCOLAT 180G n'est pas fourni par le fournisseur FOURNISSEUR CENTRALE"", code='invalid')]} - [L100573392DOONUTS FOURRES CHOCOLAT 180G      00000433850001800000009000000000010000000255234000003190000 3178530419375 00000000000004338500129636] | 2026-04-08 12:32:01,812 {'product': [ErrorDetail(string=""MAD COEUR CHOCOLAT INDIVID 350G n'est pas fourni par le fournisseur FOURNISSEUR CENTRALE"", code='invalid')]} - [L100573409MAD COEUR CHOCOLAT INDIVID 350G    00000433850001900000008000000000010000000423148000005290000 3178530419719 00000000000004338500129636] | 2026-04-08 12:32:01,830 {'product': [ErrorDetail(string=""JUS RAISIN 1L ANDROS n'est pas fourni par le fournisseur FOURNISSEUR CENTRALE"", code='invalid')]} - [L100667249JUS RAISIN 1L ANDROS               00000433850002000000012000000000020000000287212000003590000 3608580063919 00000000000004338500129636] | 2026-04-08 12:32:01,847 {'product': [ErrorDetail(string=""BARRE PATISSIERE OEUF 800G PONTE SO n'est pas fourni par le fournisseur FOURNISSEUR CENTRALE"", code='invalid')]} - [L100711255BARRE PATISSIERE OEUF 800G PONTE SO00000433850002100000008000000000010000000442028000005390000 3259426039829 00000000000004338500129636] | 2026-04-08 12:32:01,850 fin intégration: (8a1b9a75-9901-43b6-b81b-7dbab10d13ef) | fichier: /srv/import/291/Fac_291_00337208.LC | 22 lignes formatées | 21 lignes en erreurs | 1 lignes crées | 0 lignes mises à jour | 0 lignes supprimées";291;MANDARINE DANGA
pos9;POS 9;2026-04-09T18:56:31.473006+00:00;dc720ced-ef68-4aa7-96b7-5912837a92ad;2026-04-08T12:32:01.303110;2026-04-08T12:32:01.475577;30;import de données;delivery;livraison;0;erreur;interne;"Extrait du rapport d'import: | 3 lignes en erreurs | 3 lignes crées | 0 lignes mises à jour | 0 lignes supprimées | 2026-04-08 12:30:01,470 {'product': [ErrorDetail(string=""LARDONS FUMES 130G C.MARION n'est pas fourni par le fournisseur FOURNISSEUR CENTRALE"", code='invalid')]} - [L100125031LARDONS FUMES 130G C.MARION        00000432640000100000020000000000010000000066499800000700000 3280596101818 00000000000004326400129639] | 2026-04-08 12:30:01,498 {'product': [ErrorDetail(string=""POITRINE DINDE 4KG HALAL LAPIARA n'est pas fourni par le fournisseur FOURNISSEUR CENTRALE"", code='invalid')]} - [L100207213POITRINE DINDE 4KG HALAL LAPIARA   00000432640000200000004000000000010000001132800000014990000 2803651000003 00000000000004326400129634] | 2026-04-08 12:30:01,526 {'product': [ErrorDetail(string=""BLANCA DE DINDE(POIT )MON 4KG n'est pas fourni par le fournisseur FOURNISSEUR CENTRALE"", code='invalid')]} - [L100222506BLANCA DE DINDE(POIT )MON 4KG      00000432640000300000004552000000010000000974208000012990000 2803832000006 00000000000004326400129634] | 2026-04-08 12:30:01,573 {'product': [ErrorDetail(string=""JAMBON DE DINDE 5KG MONELLS n'est pas fourni par le fournisseur FOURNISSEUR CENTRALE"", code='invalid')]} - [L100222513JAMBON DE DINDE 5KG MONELLS        00000432640000400000005160000000010000000824230000010990000 2803833000005 00000000000004326400129634] | 2026-04-08 12:30:01,602 {'product': [ErrorDetail(string=""BLANC DE POULET MONELLS 4KG n'est pas fourni par le fournisseur FOURNISSEUR CENTRALE"", code='invalid')]} - [L100249060BLANC DE POULET MONELLS 4KG        00000432640000500000004536000000010000000711540000009490000 2804178000002 00000000000004326400129634] | 2026-04-08 12:30:01,611 fin intégration: (020f8fad-4405-4306-a5da-2d6057979f95) | fichier: /srv/import/291/Fac_291_00337206.LC | 6 lignes formatées | 5 lignes en erreurs | 1 lignes crées | 0 lignes mises à jour | 0 lignes supprimées | 2026-04-08 12:31:01,410 {'product': [ErrorDetail(string=""LARDONS NATURE 150G PP C.MARION n'est pas fourni par le fournisseur FOURNISSEUR CENTRALE"", code='invalid')]} - [L100125030LARDONS NATURE 150G PP C.MARION    00000432770000100000020000000000010000000066499800000700000 3280596101610 00000000000004327700129640] | 2026-04-08 12:31:01,422 fin intégration: (afb0e5f5-97c3-46fa-80c0-c10b578e83c3) | fichier: /srv/import/291/Fac_291_00337207.LC | 2 lignes formatées | 1 lignes en erreurs | 1 lignes crées | 0 lignes mises à jour | 0 lignes supprimées | 2026-04-08 12:32:01,406 {'product': [ErrorDetail(string=""BEURRE DX 200 GRS ELVIR n'est pas fourni par le fournisseur FOURNISSEUR CENTRALE"", code='invalid')]} - [L042001024BEURRE DX 200 GRS ELVIR            00000433850000100000040000000000010000000254172000002990000 3161910097959 00000000000004338500129639] | 2026-04-08 12:32:01,430 {'product': [ErrorDetail(string=""ROQUEFORT CANTOREL 1/2P 1,4KG CT*4 n'est pas fourni par le fournisseur FOURNISSEUR CENTRALE"", code='invalid')]} - [L100006387ROQUEFORT CANTOREL 1/2P 1,4KG CT*4 00000433850000200000005505000000010000001599136000019990000 2801174000005 00000000000004338500129637] | 2026-04-08 12:32:01,450 {'product': [ErrorDetail(string=""KIRI 12P BEL n'est pas fourni par le fournisseur FOURNISSEUR CENTRALE"", code='invalid')]} - [L100024451KIRI 12P BEL                       00000433850000300000040000000000010000000215232000002690000 3073780624435 00000000000004338500129636]";293;MANDARINE AMBASSADE CHINE
pos9;POS 9;2026-04-09T18:56:31.473006+00:00;2264bad6-308f-4fd3-a648-36da7943c015;2026-04-08T12:31:01.301017;2026-04-08T12:31:01.499615;30;import de données;delivery;livraison;0;erreur;interne;"Extrait du rapport d'import: | 2026-04-08 12:29:01,558 fin intégration: (2950a414-1683-45c7-af73-ab30d6403db7) | fichier: /srv/import/291/Fac_291_00337205.LC | 6 lignes formatées | 3 lignes en erreurs | 3 lignes crées | 0 lignes mises à jour | 0 lignes supprimées | 2026-04-08 12:30:01,470 {'product': [ErrorDetail(string=""LARDONS FUMES 130G C.MARION n'est pas fourni par le fournisseur FOURNISSEUR CENTRALE"", code='invalid')]} - [L100125031LARDONS FUMES 130G C.MARION        00000432640000100000020000000000010000000066499800000700000 3280596101818 00000000000004326400129639] | 2026-04-08 12:30:01,498 {'product': [ErrorDetail(string=""POITRINE DINDE 4KG HALAL LAPIARA n'est pas fourni par le fournisseur FOURNISSEUR CENTRALE"", code='invalid')]} - [L100207213POITRINE DINDE 4KG HALAL LAPIARA   00000432640000200000004000000000010000001132800000014990000 2803651000003 00000000000004326400129634] | 2026-04-08 12:30:01,526 {'product': [ErrorDetail(string=""BLANCA DE DINDE(POIT )MON 4KG n'est pas fourni par le fournisseur FOURNISSEUR CENTRALE"", code='invalid')]} - [L100222506BLANCA DE DINDE(POIT )MON 4KG      00000432640000300000004552000000010000000974208000012990000 2803832000006 00000000000004326400129634] | 2026-04-08 12:30:01,573 {'product': [ErrorDetail(string=""JAMBON DE DINDE 5KG MONELLS n'est pas fourni par le fournisseur FOURNISSEUR CENTRALE"", code='invalid')]} - [L100222513JAMBON DE DINDE 5KG MONELLS        00000432640000400000005160000000010000000824230000010990000 2803833000005 00000000000004326400129634] | 2026-04-08 12:30:01,602 {'product': [ErrorDetail(string=""BLANC DE POULET MONELLS 4KG n'est pas fourni par le fournisseur FOURNISSEUR CENTRALE"", code='invalid')]} - [L100249060BLANC DE POULET MONELLS 4KG        00000432640000500000004536000000010000000711540000009490000 2804178000002 00000000000004326400129634] | 2026-04-08 12:30:01,611 fin intégration: (020f8fad-4405-4306-a5da-2d6057979f95) | fichier: /srv/import/291/Fac_291_00337206.LC | 6 lignes formatées | 5 lignes en erreurs | 1 lignes crées | 0 lignes mises à jour | 0 lignes supprimées | 2026-04-08 12:31:01,410 {'product': [ErrorDetail(string=""LARDONS NATURE 150G PP C.MARION n'est pas fourni par le fournisseur FOURNISSEUR CENTRALE"", code='invalid')]} - [L100125030LARDONS NATURE 150G PP C.MARION    00000432770000100000020000000000010000000066499800000700000 3280596101610 00000000000004327700129640] | 2026-04-08 12:31:01,422 fin intégration: (afb0e5f5-97c3-46fa-80c0-c10b578e83c3) | fichier: /srv/import/291/Fac_291_00337207.LC | 2 lignes formatées | 1 lignes en erreurs | 1 lignes crées | 0 lignes mises à jour | 0 lignes supprimées";293;MANDARINE AMBASSADE CHINE
pos9;POS 9;2026-04-09T18:56:31.473006+00:00;afb0e5f5-97c3-46fa-80c0-c10b578e83c3;2026-04-08T12:31:01.287026;2026-04-08T12:31:01.455870;30;import de données;delivery;livraison;0;erreur;interne;"Extrait du rapport d'import: | 2026-04-08 12:29:01,558 fin intégration: (2950a414-1683-45c7-af73-ab30d6403db7) | fichier: /srv/import/291/Fac_291_00337205.LC | 6 lignes formatées | 3 lignes en erreurs | 3 lignes crées | 0 lignes mises à jour | 0 lignes supprimées | 2026-04-08 12:30:01,470 {'product': [ErrorDetail(string=""LARDONS FUMES 130G C.MARION n'est pas fourni par le fournisseur FOURNISSEUR CENTRALE"", code='invalid')]} - [L100125031LARDONS FUMES 130G C.MARION        00000432640000100000020000000000010000000066499800000700000 3280596101818 00000000000004326400129639] | 2026-04-08 12:30:01,498 {'product': [ErrorDetail(string=""POITRINE DINDE 4KG HALAL LAPIARA n'est pas fourni par le fournisseur FOURNISSEUR CENTRALE"", code='invalid')]} - [L100207213POITRINE DINDE 4KG HALAL LAPIARA   00000432640000200000004000000000010000001132800000014990000 2803651000003 00000000000004326400129634] | 2026-04-08 12:30:01,526 {'product': [ErrorDetail(string=""BLANCA DE DINDE(POIT )MON 4KG n'est pas fourni par le fournisseur FOURNISSEUR CENTRALE"", code='invalid')]} - [L100222506BLANCA DE DINDE(POIT )MON 4KG      00000432640000300000004552000000010000000974208000012990000 2803832000006 00000000000004326400129634] | 2026-04-08 12:30:01,573 {'product': [ErrorDetail(string=""JAMBON DE DINDE 5KG MONELLS n'est pas fourni par le fournisseur FOURNISSEUR CENTRALE"", code='invalid')]} - [L100222513JAMBON DE DINDE 5KG MONELLS        00000432640000400000005160000000010000000824230000010990000 2803833000005 00000000000004326400129634] | 2026-04-08 12:30:01,602 {'product': [ErrorDetail(string=""BLANC DE POULET MONELLS 4KG n'est pas fourni par le fournisseur FOURNISSEUR CENTRALE"", code='invalid')]} - [L100249060BLANC DE POULET MONELLS 4KG        00000432640000500000004536000000010000000711540000009490000 2804178000002 00000000000004326400129634] | 2026-04-08 12:30:01,611 fin intégration: (020f8fad-4405-4306-a5da-2d6057979f95) | fichier: /srv/import/291/Fac_291_00337206.LC | 6 lignes formatées | 5 lignes en erreurs | 1 lignes crées | 0 lignes mises à jour | 0 lignes supprimées | 2026-04-08 12:31:01,410 {'product': [ErrorDetail(string=""LARDONS NATURE 150G PP C.MARION n'est pas fourni par le fournisseur FOURNISSEUR CENTRALE"", code='invalid')]} - [L100125030LARDONS NATURE 150G PP C.MARION    00000432770000100000020000000000010000000066499800000700000 3280596101610 00000000000004327700129640] | 2026-04-08 12:31:01,422 fin intégration: (afb0e5f5-97c3-46fa-80c0-c10b578e83c3) | fichier: /srv/import/291/Fac_291_00337207.LC | 2 lignes formatées | 1 lignes en erreurs | 1 lignes crées | 0 lignes mises à jour | 0 lignes supprimées";291;MANDARINE DANGA
pos9;POS 9;2026-04-09T18:56:31.473006+00:00;020f8fad-4405-4306-a5da-2d6057979f95;2026-04-08T12:30:01.294455;2026-04-08T12:30:01.650530;30;import de données;delivery;livraison;0;erreur;interne;"Extrait du rapport d'import: | 5 lignes formatées | 4 lignes en erreurs | 1 lignes crées | 0 lignes mises à jour | 0 lignes supprimées | 2026-04-08 12:29:01,424 {'product': [ErrorDetail(string=""BEIGNET POMME 75G CX40 PAL*80 NEUH n'est pas fourni par le fournisseur FOURNISSEUR CENTRALE"", code='invalid')]} - [L100304981BEIGNET POMME 75G CX40 PAL*80 NEUH 00000432370000100000040000000000010000000037524000000500000 2001003049810 00000000000004323700129644] | 2026-04-08 12:29:01,454 {'product': [ErrorDetail(string=""BEIGNET CHOCO 75G CX40 PALX80 NEUH n'est pas fourni par le fournisseur FOURNISSEUR CENTRALE"", code='invalid')]} - [L100304982BEIGNET CHOCO 75G CX40 PALX80 NEUH 00000432370000200000040000000000010000000037524000000500000 2001003049827 00000000000004323700129644] | 2026-04-08 12:29:01,475 {'product': [ErrorDetail(string=""BEIGNET FRAMB 75G CX40 PALX80 NEUH n'est pas fourni par le fournisseur FOURNISSEUR CENTRALE"", code='invalid')]} - [L100305065BEIGNET FRAMB 75G CX40 PALX80 NEUH 00000432370000300000040000000000010000000037524000000500000 2001003050656 00000000000004323700129644] | 2026-04-08 12:29:01,558 fin intégration: (2950a414-1683-45c7-af73-ab30d6403db7) | fichier: /srv/import/291/Fac_291_00337205.LC | 6 lignes formatées | 3 lignes en erreurs | 3 lignes crées | 0 lignes mises à jour | 0 lignes supprimées | 2026-04-08 12:30:01,470 {'product': [ErrorDetail(string=""LARDONS FUMES 130G C.MARION n'est pas fourni par le fournisseur FOURNISSEUR CENTRALE"", code='invalid')]} - [L100125031LARDONS FUMES 130G C.MARION        00000432640000100000020000000000010000000066499800000700000 3280596101818 00000000000004326400129639] | 2026-04-08 12:30:01,498 {'product': [ErrorDetail(string=""POITRINE DINDE 4KG HALAL LAPIARA n'est pas fourni par le fournisseur FOURNISSEUR CENTRALE"", code='invalid')]} - [L100207213POITRINE DINDE 4KG HALAL LAPIARA   00000432640000200000004000000000010000001132800000014990000 2803651000003 00000000000004326400129634] | 2026-04-08 12:30:01,526 {'product': [ErrorDetail(string=""BLANCA DE DINDE(POIT )MON 4KG n'est pas fourni par le fournisseur FOURNISSEUR CENTRALE"", code='invalid')]} - [L100222506BLANCA DE DINDE(POIT )MON 4KG      00000432640000300000004552000000010000000974208000012990000 2803832000006 00000000000004326400129634] | 2026-04-08 12:30:01,573 {'product': [ErrorDetail(string=""JAMBON DE DINDE 5KG MONELLS n'est pas fourni par le fournisseur FOURNISSEUR CENTRALE"", code='invalid')]} - [L100222513JAMBON DE DINDE 5KG MONELLS        00000432640000400000005160000000010000000824230000010990000 2803833000005 00000000000004326400129634] | 2026-04-08 12:30:01,602 {'product': [ErrorDetail(string=""BLANC DE POULET MONELLS 4KG n'est pas fourni par le fournisseur FOURNISSEUR CENTRALE"", code='invalid')]} - [L100249060BLANC DE POULET MONELLS 4KG        00000432640000500000004536000000010000000711540000009490000 2804178000002 00000000000004326400129634] | 2026-04-08 12:30:01,611 fin intégration: (020f8fad-4405-4306-a5da-2d6057979f95) | fichier: /srv/import/291/Fac_291_00337206.LC | 6 lignes formatées | 5 lignes en erreurs | 1 lignes crées | 0 lignes mises à jour | 0 lignes supprimées";291;MANDARINE DANGA
pos9;POS 9;2026-04-09T18:56:31.473006+00:00;7d40cd39-1d60-4cb2-8a6f-fe3151174779;2026-04-08T12:30:01.305774;2026-04-08T12:30:01.579911;30;import de données;delivery;livraison;0;erreur;interne;"Extrait du rapport d'import: | 0 lignes mises à jour | 0 lignes supprimées | 2026-04-08 12:28:01,547 {'product': [ErrorDetail(string=""BRIOCHE TRANCHEE 500G D LA BOULANGE n'est pas fourni par le fournisseur FOURNISSEUR CENTRALE"", code='invalid')]} - [L100667181BRIOCHE TRANCHEE 500G D LA BOULANGE00000430750000100000014000000000020000000269748000003290000 3760049791440 00000000000004307500066549] | 2026-04-08 12:28:01,566 {'product': [ErrorDetail(string=""PAIN AU LAIT NAT X10 350G D LA BOUL n'est pas fourni par le fournisseur FOURNISSEUR CENTRALE"", code='invalid')]} - [L100667184PAIN AU LAIT NAT X10 350G D LA BOUL00000430750000200000011000000000010000000215232000002690000 3760049799200 00000000000004307500066549] | 2026-04-08 12:28:01,598 {'product': [ErrorDetail(string=""PAIN MIE SANDW NATURE 550G BLG n'est pas fourni par le fournisseur FOURNISSEUR CENTRALE"", code='invalid')]} - [L100697675PAIN MIE SANDW NATURE 550G BLG     00000430750000300000010000000000010000000239186000002990000 3760049799187 00000000000004307500066549] | 2026-04-08 12:28:01,638 {'product': [ErrorDetail(string=""PAIN HOT DOG BRIOCHE X6 270G BLG n'est pas fourni par le fournisseur FOURNISSEUR CENTRALE"", code='invalid')]} - [L100731081PAIN HOT DOG BRIOCHE X6 270G BLG   00000430750000400000009000000000010000000263258000003290000 3760049799286 00000000000004307500066549] | 2026-04-08 12:28:01,642 fin intégration: (3cc242ce-1ca6-4956-82d7-c1e7fe5c86af) | fichier: /srv/import/293/Fac_293_00337179.LC | 5 lignes formatées | 4 lignes en erreurs | 1 lignes crées | 0 lignes mises à jour | 0 lignes supprimées | 2026-04-08 12:29:01,424 {'product': [ErrorDetail(string=""BEIGNET POMME 75G CX40 PAL*80 NEUH n'est pas fourni par le fournisseur FOURNISSEUR CENTRALE"", code='invalid')]} - [L100304981BEIGNET POMME 75G CX40 PAL*80 NEUH 00000432370000100000040000000000010000000037524000000500000 2001003049810 00000000000004323700129644] | 2026-04-08 12:29:01,454 {'product': [ErrorDetail(string=""BEIGNET CHOCO 75G CX40 PALX80 NEUH n'est pas fourni par le fournisseur FOURNISSEUR CENTRALE"", code='invalid')]} - [L100304982BEIGNET CHOCO 75G CX40 PALX80 NEUH 00000432370000200000040000000000010000000037524000000500000 2001003049827 00000000000004323700129644] | 2026-04-08 12:29:01,475 {'product': [ErrorDetail(string=""BEIGNET FRAMB 75G CX40 PALX80 NEUH n'est pas fourni par le fournisseur FOURNISSEUR CENTRALE"", code='invalid')]} - [L100305065BEIGNET FRAMB 75G CX40 PALX80 NEUH 00000432370000300000040000000000010000000037524000000500000 2001003050656 00000000000004323700129644] | 2026-04-08 12:29:01,558 fin intégration: (2950a414-1683-45c7-af73-ab30d6403db7) | fichier: /srv/import/291/Fac_291_00337205.LC | 6 lignes formatées | 3 lignes en erreurs | 3 lignes crées | 0 lignes mises à jour | 0 lignes supprimées | 2026-04-08 12:30:01,470 {'product': [ErrorDetail(string=""LARDONS FUMES 130G C.MARION n'est pas fourni par le fournisseur FOURNISSEUR CENTRALE"", code='invalid')]} - [L100125031LARDONS FUMES 130G C.MARION        00000432640000100000020000000000010000000066499800000700000 3280596101818 00000000000004326400129639] | 2026-04-08 12:30:01,498 {'product': [ErrorDetail(string=""POITRINE DINDE 4KG HALAL LAPIARA n'est pas fourni par le fournisseur FOURNISSEUR CENTRALE"", code='invalid')]} - [L100207213POITRINE DINDE 4KG HALAL LAPIARA   00000432640000200000004000000000010000001132800000014990000 2803651000003 00000000000004326400129634] | 2026-04-08 12:30:01,526 {'product': [ErrorDetail(string=""BLANCA DE DINDE(POIT )MON 4KG n'est pas fourni par le fournisseur FOURNISSEUR CENTRALE"", code='invalid')]} - [L100222506BLANCA DE DINDE(POIT )MON 4KG      00000432640000300000004552000000010000000974208000012990000 2803832000006 00000000000004326400129634] | 2026-04-08 12:30:01,573 {'product': [ErrorDetail(string=""JAMBON DE DINDE 5KG MONELLS n'est pas fourni par le fournisseur FOURNISSEUR CENTRALE"", code='invalid')]} - [L100222513JAMBON DE DINDE 5KG MONELLS        00000432640000400000005160000000010000000824230000010990000 2803833000005 00000000000004326400129634]";293;MANDARINE AMBASSADE CHINE
pos9;POS 9;2026-04-09T18:56:31.473006+00:00;2950a414-1683-45c7-af73-ab30d6403db7;2026-04-08T12:29:01.295800;2026-04-08T12:29:01.592321;30;import de données;delivery;livraison;0;erreur;interne;"Extrait du rapport d'import: | fichier: /srv/import/291/Fac_291_00337203.LC | 16 lignes formatées | 15 lignes en erreurs | 1 lignes crées | 0 lignes mises à jour | 0 lignes supprimées | 2026-04-08 12:28:01,547 {'product': [ErrorDetail(string=""BRIOCHE TRANCHEE 500G D LA BOULANGE n'est pas fourni par le fournisseur FOURNISSEUR CENTRALE"", code='invalid')]} - [L100667181BRIOCHE TRANCHEE 500G D LA BOULANGE00000430750000100000014000000000020000000269748000003290000 3760049791440 00000000000004307500066549] | 2026-04-08 12:28:01,566 {'product': [ErrorDetail(string=""PAIN AU LAIT NAT X10 350G D LA BOUL n'est pas fourni par le fournisseur FOURNISSEUR CENTRALE"", code='invalid')]} - [L100667184PAIN AU LAIT NAT X10 350G D LA BOUL00000430750000200000011000000000010000000215232000002690000 3760049799200 00000000000004307500066549] | 2026-04-08 12:28:01,598 {'product': [ErrorDetail(string=""PAIN MIE SANDW NATURE 550G BLG n'est pas fourni par le fournisseur FOURNISSEUR CENTRALE"", code='invalid')]} - [L100697675PAIN MIE SANDW NATURE 550G BLG     00000430750000300000010000000000010000000239186000002990000 3760049799187 00000000000004307500066549] | 2026-04-08 12:28:01,638 {'product': [ErrorDetail(string=""PAIN HOT DOG BRIOCHE X6 270G BLG n'est pas fourni par le fournisseur FOURNISSEUR CENTRALE"", code='invalid')]} - [L100731081PAIN HOT DOG BRIOCHE X6 270G BLG   00000430750000400000009000000000010000000263258000003290000 3760049799286 00000000000004307500066549] | 2026-04-08 12:28:01,642 fin intégration: (3cc242ce-1ca6-4956-82d7-c1e7fe5c86af) | fichier: /srv/import/293/Fac_293_00337179.LC | 5 lignes formatées | 4 lignes en erreurs | 1 lignes crées | 0 lignes mises à jour | 0 lignes supprimées | 2026-04-08 12:29:01,424 {'product': [ErrorDetail(string=""BEIGNET POMME 75G CX40 PAL*80 NEUH n'est pas fourni par le fournisseur FOURNISSEUR CENTRALE"", code='invalid')]} - [L100304981BEIGNET POMME 75G CX40 PAL*80 NEUH 00000432370000100000040000000000010000000037524000000500000 2001003049810 00000000000004323700129644] | 2026-04-08 12:29:01,454 {'product': [ErrorDetail(string=""BEIGNET CHOCO 75G CX40 PALX80 NEUH n'est pas fourni par le fournisseur FOURNISSEUR CENTRALE"", code='invalid')]} - [L100304982BEIGNET CHOCO 75G CX40 PALX80 NEUH 00000432370000200000040000000000010000000037524000000500000 2001003049827 00000000000004323700129644] | 2026-04-08 12:29:01,475 {'product': [ErrorDetail(string=""BEIGNET FRAMB 75G CX40 PALX80 NEUH n'est pas fourni par le fournisseur FOURNISSEUR CENTRALE"", code='invalid')]} - [L100305065BEIGNET FRAMB 75G CX40 PALX80 NEUH 00000432370000300000040000000000010000000037524000000500000 2001003050656 00000000000004323700129644] | 2026-04-08 12:29:01,558 fin intégration: (2950a414-1683-45c7-af73-ab30d6403db7) | fichier: /srv/import/291/Fac_291_00337205.LC | 6 lignes formatées | 3 lignes en erreurs | 3 lignes crées | 0 lignes mises à jour | 0 lignes supprimées";291;MANDARINE DANGA
pos9;POS 9;2026-04-09T18:56:31.473006+00:00;e674d6cc-f8d0-4bd5-aac5-99fcab01709d;2026-04-08T12:29:01.310795;2026-04-08T12:29:01.507361;30;import de données;delivery;livraison;0;erreur;interne;"Extrait du rapport d'import: | 2026-04-08 12:27:01,587 {'product': [ErrorDetail(string=""PDT FRITE 1KG CO n'est pas fourni par le fournisseur FOURNISSEUR CENTRALE"", code='invalid')]} - [L100245577PDT FRITE 1KG CO                   00000431200000900000010000000000010000000209214000002790000 3222471020807 00000000000004312000129628] | 2026-04-08 12:27:01,609 {'product': [ErrorDetail(string=""PDT FRITE AU FOUR 600G CO n'est pas fourni par le fournisseur FOURNISSEUR CENTRALE"", code='invalid')]} - [L100245581PDT FRITE AU FOUR 600G CO          00000431200001000000015000000000010000000111746000001490000 3222471673478 00000000000004312000129628] | 2026-04-08 12:27:01,635 {'product': [ErrorDetail(string=""GL CONE TOUT CHOCOX 6 CO n'est pas fourni par le fournisseur FOURNISSEUR CENTRALE"", code='invalid')]} - [L100419992GL CONE TOUT CHOCOX 6 CO           00000431200001100000006000000000010000000321668000004290000 3222476423931 00000000000004312000129628] | 2026-04-08 12:27:01,666 {'product': [ErrorDetail(string=""GL CONE VAN/FRAISE X6 CO n'est pas fourni par le fournisseur FOURNISSEUR CENTRALE"", code='invalid')]} - [L100419994GL CONE VAN/FRAISE X6 CO           00000431200001200000006000000000010000000269158000003590000 3222476755902 00000000000004312000129628] | 2026-04-08 12:27:01,690 {'product': [ErrorDetail(string=""PDT POTATOES COUNTRY 780G*12 n'est pas fourni par le fournisseur FOURNISSEUR CENTRALE"", code='invalid')]} - [L100529333PDT POTATOES COUNTRY 780G*12       00000431200001300000024000000000020000000261960000003490000 8710438114638 00000000000004312000129602] | 2026-04-08 12:27:01,716 {'product': [ErrorDetail(string=""YETI MAXIJET PANACH *6 n'est pas fourni par le fournisseur FOURNISSEUR CENTRALE"", code='invalid')]} - [L100533048YETI MAXIJET PANACH *6             00000431200001400000006000000000010000000354000000004690000 3332792000607 00000000000004312000129628] | 2026-04-08 12:27:01,740 {'product': [ErrorDetail(string=""YETI DISCOFRUIT 8*40ML n'est pas fourni par le fournisseur FOURNISSEUR CENTRALE"", code='invalid')]} - [L100647619YETI DISCOFRUIT 8*40ML             00000431200001500000010000000000010000000354000000004690000 3332792000638 00000000000004312000129628] | 2026-04-08 12:27:01,745 fin intégration: (667c9c21-21a8-4544-ac97-a5bbc5bcd170) | fichier: /srv/import/291/Fac_291_00337203.LC | 16 lignes formatées | 15 lignes en erreurs | 1 lignes crées | 0 lignes mises à jour | 0 lignes supprimées | 2026-04-08 12:28:01,547 {'product': [ErrorDetail(string=""BRIOCHE TRANCHEE 500G D LA BOULANGE n'est pas fourni par le fournisseur FOURNISSEUR CENTRALE"", code='invalid')]} - [L100667181BRIOCHE TRANCHEE 500G D LA BOULANGE00000430750000100000014000000000020000000269748000003290000 3760049791440 00000000000004307500066549] | 2026-04-08 12:28:01,566 {'product': [ErrorDetail(string=""PAIN AU LAIT NAT X10 350G D LA BOUL n'est pas fourni par le fournisseur FOURNISSEUR CENTRALE"", code='invalid')]} - [L100667184PAIN AU LAIT NAT X10 350G D LA BOUL00000430750000200000011000000000010000000215232000002690000 3760049799200 00000000000004307500066549] | 2026-04-08 12:28:01,598 {'product': [ErrorDetail(string=""PAIN MIE SANDW NATURE 550G BLG n'est pas fourni par le fournisseur FOURNISSEUR CENTRALE"", code='invalid')]} - [L100697675PAIN MIE SANDW NATURE 550G BLG     00000430750000300000010000000000010000000239186000002990000 3760049799187 00000000000004307500066549] | 2026-04-08 12:28:01,638 {'product': [ErrorDetail(string=""PAIN HOT DOG BRIOCHE X6 270G BLG n'est pas fourni par le fournisseur FOURNISSEUR CENTRALE"", code='invalid')]} - [L100731081PAIN HOT DOG BRIOCHE X6 270G BLG   00000430750000400000009000000000010000000263258000003290000 3760049799286 00000000000004307500066549] | 2026-04-08 12:28:01,642 fin intégration: (3cc242ce-1ca6-4956-82d7-c1e7fe5c86af) | fichier: /srv/import/293/Fac_293_00337179.LC | 5 lignes formatées | 4 lignes en erreurs | 1 lignes crées | 0 lignes mises à jour | 0 lignes supprimées | 2026-04-08 12:29:01,424 {'product': [ErrorDetail(string=""BEIGNET POMME 75G CX40 PAL*80 NEUH n'est pas fourni par le fournisseur FOURNISSEUR CENTRALE"", code='invalid')]} - [L100304981BEIGNET POMME 75G CX40 PAL*80 NEUH 00000432370000100000040000000000010000000037524000000500000 2001003049810 00000000000004323700129644] | 2026-04-08 12:29:01,454 {'product': [ErrorDetail(string=""BEIGNET CHOCO 75G CX40 PALX80 NEUH n'est pas fourni par le fournisseur FOURNISSEUR CENTRALE"", code='invalid')]} - [L100304982BEIGNET CHOCO 75G CX40 PALX80 NEUH 00000432370000200000040000000000010000000037524000000500000 2001003049827 00000000000004323700129644] | 2026-04-08 12:29:01,475 {'product': [ErrorDetail(string=""BEIGNET FRAMB 75G CX40 PALX80 NEUH n'est pas fourni par le fournisseur FOURNISSEUR CENTRALE"", code='invalid')]} - [L100305065BEIGNET FRAMB 75G CX40 PALX80 NEUH 00000432370000300000040000000000010000000037524000000500000 2001003050656 00000000000004323700129644]";293;MANDARINE AMBASSADE CHINE
pos9;POS 9;2026-04-09T18:56:31.473006+00:00;56d6b130-0013-45ca-bd17-c5493fabe36d;2026-04-08T12:28:01.338303;2026-04-08T12:28:01.777702;30;import de données;delivery;livraison;0;erreur;interne;"Extrait du rapport d'import: | 2026-04-08 12:27:01,523 {'product': [ErrorDetail(string=""MACEDOINE LEG 450G PINGUIN n'est pas fourni par le fournisseur FOURNISSEUR CENTRALE"", code='invalid')]} - [L100175673MACEDOINE LEG 450G PINGUIN         00000431200000600000020000000000010000000089090000001290000 5411683640462 00000000000004312000129628] | 2026-04-08 12:27:01,543 {'product': [ErrorDetail(string=""PETIT POIS 450G PINGUIN n'est pas fourni par le fournisseur FOURNISSEUR CENTRALE"", code='invalid')]} - [L100238729PETIT POIS 450G PINGUIN            00000431200000700000020000000000010000000104430000001390000 5411683006909 00000000000004312000129628] | 2026-04-08 12:27:01,568 {'product': [ErrorDetail(string=""CG VANILLE 500G CO n'est pas fourni par le fournisseur FOURNISSEUR CENTRALE"", code='invalid')]} - [L100245564CG VANILLE 500G CO                 00000431200000800000009000000000010000000224200000002990000 3222477082014 00000000000004312000129628] | 2026-04-08 12:27:01,587 {'product': [ErrorDetail(string=""PDT FRITE 1KG CO n'est pas fourni par le fournisseur FOURNISSEUR CENTRALE"", code='invalid')]} - [L100245577PDT FRITE 1KG CO                   00000431200000900000010000000000010000000209214000002790000 3222471020807 00000000000004312000129628] | 2026-04-08 12:27:01,609 {'product': [ErrorDetail(string=""PDT FRITE AU FOUR 600G CO n'est pas fourni par le fournisseur FOURNISSEUR CENTRALE"", code='invalid')]} - [L100245581PDT FRITE AU FOUR 600G CO          00000431200001000000015000000000010000000111746000001490000 3222471673478 00000000000004312000129628] | 2026-04-08 12:27:01,635 {'product': [ErrorDetail(string=""GL CONE TOUT CHOCOX 6 CO n'est pas fourni par le fournisseur FOURNISSEUR CENTRALE"", code='invalid')]} - [L100419992GL CONE TOUT CHOCOX 6 CO           00000431200001100000006000000000010000000321668000004290000 3222476423931 00000000000004312000129628] | 2026-04-08 12:27:01,666 {'product': [ErrorDetail(string=""GL CONE VAN/FRAISE X6 CO n'est pas fourni par le fournisseur FOURNISSEUR CENTRALE"", code='invalid')]} - [L100419994GL CONE VAN/FRAISE X6 CO           00000431200001200000006000000000010000000269158000003590000 3222476755902 00000000000004312000129628] | 2026-04-08 12:27:01,690 {'product': [ErrorDetail(string=""PDT POTATOES COUNTRY 780G*12 n'est pas fourni par le fournisseur FOURNISSEUR CENTRALE"", code='invalid')]} - [L100529333PDT POTATOES COUNTRY 780G*12       00000431200001300000024000000000020000000261960000003490000 8710438114638 00000000000004312000129602] | 2026-04-08 12:27:01,716 {'product': [ErrorDetail(string=""YETI MAXIJET PANACH *6 n'est pas fourni par le fournisseur FOURNISSEUR CENTRALE"", code='invalid')]} - [L100533048YETI MAXIJET PANACH *6             00000431200001400000006000000000010000000354000000004690000 3332792000607 00000000000004312000129628] | 2026-04-08 12:27:01,740 {'product': [ErrorDetail(string=""YETI DISCOFRUIT 8*40ML n'est pas fourni par le fournisseur FOURNISSEUR CENTRALE"", code='invalid')]} - [L100647619YETI DISCOFRUIT 8*40ML             00000431200001500000010000000000010000000354000000004690000 3332792000638 00000000000004312000129628] | 2026-04-08 12:27:01,745 fin intégration: (667c9c21-21a8-4544-ac97-a5bbc5bcd170) | fichier: /srv/import/291/Fac_291_00337203.LC | 16 lignes formatées | 15 lignes en erreurs | 1 lignes crées | 0 lignes mises à jour | 0 lignes supprimées | 2026-04-08 12:28:01,547 {'product': [ErrorDetail(string=""BRIOCHE TRANCHEE 500G D LA BOULANGE n'est pas fourni par le fournisseur FOURNISSEUR CENTRALE"", code='invalid')]} - [L100667181BRIOCHE TRANCHEE 500G D LA BOULANGE00000430750000100000014000000000020000000269748000003290000 3760049791440 00000000000004307500066549] | 2026-04-08 12:28:01,566 {'product': [ErrorDetail(string=""PAIN AU LAIT NAT X10 350G D LA BOUL n'est pas fourni par le fournisseur FOURNISSEUR CENTRALE"", code='invalid')]} - [L100667184PAIN AU LAIT NAT X10 350G D LA BOUL00000430750000200000011000000000010000000215232000002690000 3760049799200 00000000000004307500066549] | 2026-04-08 12:28:01,598 {'product': [ErrorDetail(string=""PAIN MIE SANDW NATURE 550G BLG n'est pas fourni par le fournisseur FOURNISSEUR CENTRALE"", code='invalid')]} - [L100697675PAIN MIE SANDW NATURE 550G BLG     00000430750000300000010000000000010000000239186000002990000 3760049799187 00000000000004307500066549] | 2026-04-08 12:28:01,638 {'product': [ErrorDetail(string=""PAIN HOT DOG BRIOCHE X6 270G BLG n'est pas fourni par le fournisseur FOURNISSEUR CENTRALE"", code='invalid')]} - [L100731081PAIN HOT DOG BRIOCHE X6 270G BLG   00000430750000400000009000000000010000000263258000003290000 3760049799286 00000000000004307500066549] | 2026-04-08 12:28:01,642 fin intégration: (3cc242ce-1ca6-4956-82d7-c1e7fe5c86af) | fichier: /srv/import/293/Fac_293_00337179.LC | 5 lignes formatées | 4 lignes en erreurs | 1 lignes crées | 0 lignes mises à jour | 0 lignes supprimées";291;MANDARINE DANGA
pos9;POS 9;2026-04-09T18:56:31.473006+00:00;3cc242ce-1ca6-4956-82d7-c1e7fe5c86af;2026-04-08T12:28:01.375688;2026-04-08T12:28:01.701094;30;import de données;delivery;livraison;0;erreur;interne;"Extrait du rapport d'import: | 2026-04-08 12:27:01,523 {'product': [ErrorDetail(string=""MACEDOINE LEG 450G PINGUIN n'est pas fourni par le fournisseur FOURNISSEUR CENTRALE"", code='invalid')]} - [L100175673MACEDOINE LEG 450G PINGUIN         00000431200000600000020000000000010000000089090000001290000 5411683640462 00000000000004312000129628] | 2026-04-08 12:27:01,543 {'product': [ErrorDetail(string=""PETIT POIS 450G PINGUIN n'est pas fourni par le fournisseur FOURNISSEUR CENTRALE"", code='invalid')]} - [L100238729PETIT POIS 450G PINGUIN            00000431200000700000020000000000010000000104430000001390000 5411683006909 00000000000004312000129628] | 2026-04-08 12:27:01,568 {'product': [ErrorDetail(string=""CG VANILLE 500G CO n'est pas fourni par le fournisseur FOURNISSEUR CENTRALE"", code='invalid')]} - [L100245564CG VANILLE 500G CO                 00000431200000800000009000000000010000000224200000002990000 3222477082014 00000000000004312000129628] | 2026-04-08 12:27:01,587 {'product': [ErrorDetail(string=""PDT FRITE 1KG CO n'est pas fourni par le fournisseur FOURNISSEUR CENTRALE"", code='invalid')]} - [L100245577PDT FRITE 1KG CO                   00000431200000900000010000000000010000000209214000002790000 3222471020807 00000000000004312000129628] | 2026-04-08 12:27:01,609 {'product': [ErrorDetail(string=""PDT FRITE AU FOUR 600G CO n'est pas fourni par le fournisseur FOURNISSEUR CENTRALE"", code='invalid')]} - [L100245581PDT FRITE AU FOUR 600G CO          00000431200001000000015000000000010000000111746000001490000 3222471673478 00000000000004312000129628] | 2026-04-08 12:27:01,635 {'product': [ErrorDetail(string=""GL CONE TOUT CHOCOX 6 CO n'est pas fourni par le fournisseur FOURNISSEUR CENTRALE"", code='invalid')]} - [L100419992GL CONE TOUT CHOCOX 6 CO           00000431200001100000006000000000010000000321668000004290000 3222476423931 00000000000004312000129628] | 2026-04-08 12:27:01,666 {'product': [ErrorDetail(string=""GL CONE VAN/FRAISE X6 CO n'est pas fourni par le fournisseur FOURNISSEUR CENTRALE"", code='invalid')]} - [L100419994GL CONE VAN/FRAISE X6 CO           00000431200001200000006000000000010000000269158000003590000 3222476755902 00000000000004312000129628] | 2026-04-08 12:27:01,690 {'product': [ErrorDetail(string=""PDT POTATOES COUNTRY 780G*12 n'est pas fourni par le fournisseur FOURNISSEUR CENTRALE"", code='invalid')]} - [L100529333PDT POTATOES COUNTRY 780G*12       00000431200001300000024000000000020000000261960000003490000 8710438114638 00000000000004312000129602] | 2026-04-08 12:27:01,716 {'product': [ErrorDetail(string=""YETI MAXIJET PANACH *6 n'est pas fourni par le fournisseur FOURNISSEUR CENTRALE"", code='invalid')]} - [L100533048YETI MAXIJET PANACH *6             00000431200001400000006000000000010000000354000000004690000 3332792000607 00000000000004312000129628] | 2026-04-08 12:27:01,740 {'product': [ErrorDetail(string=""YETI DISCOFRUIT 8*40ML n'est pas fourni par le fournisseur FOURNISSEUR CENTRALE"", code='invalid')]} - [L100647619YETI DISCOFRUIT 8*40ML             00000431200001500000010000000000010000000354000000004690000 3332792000638 00000000000004312000129628] | 2026-04-08 12:27:01,745 fin intégration: (667c9c21-21a8-4544-ac97-a5bbc5bcd170) | fichier: /srv/import/291/Fac_291_00337203.LC | 16 lignes formatées | 15 lignes en erreurs | 1 lignes crées | 0 lignes mises à jour | 0 lignes supprimées | 2026-04-08 12:28:01,547 {'product': [ErrorDetail(string=""BRIOCHE TRANCHEE 500G D LA BOULANGE n'est pas fourni par le fournisseur FOURNISSEUR CENTRALE"", code='invalid')]} - [L100667181BRIOCHE TRANCHEE 500G D LA BOULANGE00000430750000100000014000000000020000000269748000003290000 3760049791440 00000000000004307500066549] | 2026-04-08 12:28:01,566 {'product': [ErrorDetail(string=""PAIN AU LAIT NAT X10 350G D LA BOUL n'est pas fourni par le fournisseur FOURNISSEUR CENTRALE"", code='invalid')]} - [L100667184PAIN AU LAIT NAT X10 350G D LA BOUL00000430750000200000011000000000010000000215232000002690000 3760049799200 00000000000004307500066549] | 2026-04-08 12:28:01,598 {'product': [ErrorDetail(string=""PAIN MIE SANDW NATURE 550G BLG n'est pas fourni par le fournisseur FOURNISSEUR CENTRALE"", code='invalid')]} - [L100697675PAIN MIE SANDW NATURE 550G BLG     00000430750000300000010000000000010000000239186000002990000 3760049799187 00000000000004307500066549] | 2026-04-08 12:28:01,638 {'product': [ErrorDetail(string=""PAIN HOT DOG BRIOCHE X6 270G BLG n'est pas fourni par le fournisseur FOURNISSEUR CENTRALE"", code='invalid')]} - [L100731081PAIN HOT DOG BRIOCHE X6 270G BLG   00000430750000400000009000000000010000000263258000003290000 3760049799286 00000000000004307500066549] | 2026-04-08 12:28:01,642 fin intégration: (3cc242ce-1ca6-4956-82d7-c1e7fe5c86af) | fichier: /srv/import/293/Fac_293_00337179.LC | 5 lignes formatées | 4 lignes en erreurs | 1 lignes crées | 0 lignes mises à jour | 0 lignes supprimées";293;MANDARINE AMBASSADE CHINE
pos9;POS 9;2026-04-09T18:56:31.473006+00:00;667c9c21-21a8-4544-ac97-a5bbc5bcd170;2026-04-08T12:27:01.296012;2026-04-08T12:27:01.781902;30;import de données;delivery;livraison;0;erreur;interne;"Extrait du rapport d'import: | fichier: /srv/import/291/Fac_291_00337202.LC | 3 lignes formatées | 2 lignes en erreurs | 1 lignes crées | 0 lignes mises à jour | 0 lignes supprimées | 2026-04-08 12:27:01,399 {'product': [ErrorDetail(string=""PDT FRITE 10/10 2 5 KG LT n'est pas fourni par le fournisseur FOURNISSEUR CENTRALE"", code='invalid')]} - [L100121981PDT FRITE 10/10 2 5 KG LT          00000431200000100000004000000000010000000439196000005490000 5410376831934 00000000000004312000129628] | 2026-04-08 12:27:01,422 {'product': [ErrorDetail(string=""PDT FRITE 10/10 1KG LT n'est pas fourni par le fournisseur FOURNISSEUR CENTRALE"", code='invalid')]} - [L100121992PDT FRITE 10/10 1KG LT             00000431200000200000010000000000010000000183136000002290000 5410376830272 00000000000004312000129628] | 2026-04-08 12:27:01,454 {'product': [ErrorDetail(string=""PETIT POIS TF 1KG PINGUIN n'est pas fourni par le fournisseur FOURNISSEUR CENTRALE"", code='invalid')]} - [L100146406PETIT POIS TF 1KG PINGUIN          00000431200000300000010000000000010000000224200000002990000 5411683220121 00000000000004312000129628] | 2026-04-08 12:27:01,476 {'product': [ErrorDetail(string=""PDT ALM 7/7 2 5KG LT n'est pas fourni par le fournisseur FOURNISSEUR CENTRALE"", code='invalid')]} - [L100152472PDT ALM 7/7 2 5KG LT               00000431200000400000004000000000010000000455126000005690000 5410376825551 00000000000004312000129628] | 2026-04-08 12:27:01,498 {'product': [ErrorDetail(string=""PDT ALM 7/7 1KG LT n'est pas fourni par le fournisseur FOURNISSEUR CENTRALE"", code='invalid')]} - [L100152474PDT ALM 7/7 1KG LT                 00000431200000500000010000000000010000000191160000002390000 5410376822185 00000000000004312000129628] | 2026-04-08 12:27:01,523 {'product': [ErrorDetail(string=""MACEDOINE LEG 450G PINGUIN n'est pas fourni par le fournisseur FOURNISSEUR CENTRALE"", code='invalid')]} - [L100175673MACEDOINE LEG 450G PINGUIN         00000431200000600000020000000000010000000089090000001290000 5411683640462 00000000000004312000129628] | 2026-04-08 12:27:01,543 {'product': [ErrorDetail(string=""PETIT POIS 450G PINGUIN n'est pas fourni par le fournisseur FOURNISSEUR CENTRALE"", code='invalid')]} - [L100238729PETIT POIS 450G PINGUIN            00000431200000700000020000000000010000000104430000001390000 5411683006909 00000000000004312000129628] | 2026-04-08 12:27:01,568 {'product': [ErrorDetail(string=""CG VANILLE 500G CO n'est pas fourni par le fournisseur FOURNISSEUR CENTRALE"", code='invalid')]} - [L100245564CG VANILLE 500G CO                 00000431200000800000009000000000010000000224200000002990000 3222477082014 00000000000004312000129628] | 2026-04-08 12:27:01,587 {'product': [ErrorDetail(string=""PDT FRITE 1KG CO n'est pas fourni par le fournisseur FOURNISSEUR CENTRALE"", code='invalid')]} - [L100245577PDT FRITE 1KG CO                   00000431200000900000010000000000010000000209214000002790000 3222471020807 00000000000004312000129628] | 2026-04-08 12:27:01,609 {'product': [ErrorDetail(string=""PDT FRITE AU FOUR 600G CO n'est pas fourni par le fournisseur FOURNISSEUR CENTRALE"", code='invalid')]} - [L100245581PDT FRITE AU FOUR 600G CO          00000431200001000000015000000000010000000111746000001490000 3222471673478 00000000000004312000129628] | 2026-04-08 12:27:01,635 {'product': [ErrorDetail(string=""GL CONE TOUT CHOCOX 6 CO n'est pas fourni par le fournisseur FOURNISSEUR CENTRALE"", code='invalid')]} - [L100419992GL CONE TOUT CHOCOX 6 CO           00000431200001100000006000000000010000000321668000004290000 3222476423931 00000000000004312000129628] | 2026-04-08 12:27:01,666 {'product': [ErrorDetail(string=""GL CONE VAN/FRAISE X6 CO n'est pas fourni par le fournisseur FOURNISSEUR CENTRALE"", code='invalid')]} - [L100419994GL CONE VAN/FRAISE X6 CO           00000431200001200000006000000000010000000269158000003590000 3222476755902 00000000000004312000129628] | 2026-04-08 12:27:01,690 {'product': [ErrorDetail(string=""PDT POTATOES COUNTRY 780G*12 n'est pas fourni par le fournisseur FOURNISSEUR CENTRALE"", code='invalid')]} - [L100529333PDT POTATOES COUNTRY 780G*12       00000431200001300000024000000000020000000261960000003490000 8710438114638 00000000000004312000129602] | 2026-04-08 12:27:01,716 {'product': [ErrorDetail(string=""YETI MAXIJET PANACH *6 n'est pas fourni par le fournisseur FOURNISSEUR CENTRALE"", code='invalid')]} - [L100533048YETI MAXIJET PANACH *6             00000431200001400000006000000000010000000354000000004690000 3332792000607 00000000000004312000129628] | 2026-04-08 12:27:01,740 {'product': [ErrorDetail(string=""YETI DISCOFRUIT 8*40ML n'est pas fourni par le fournisseur FOURNISSEUR CENTRALE"", code='invalid')]} - [L100647619YETI DISCOFRUIT 8*40ML             00000431200001500000010000000000010000000354000000004690000 3332792000638 00000000000004312000129628] | 2026-04-08 12:27:01,745 fin intégration: (667c9c21-21a8-4544-ac97-a5bbc5bcd170) | fichier: /srv/import/291/Fac_291_00337203.LC | 16 lignes formatées | 15 lignes en erreurs | 1 lignes crées | 0 lignes mises à jour | 0 lignes supprimées";291;MANDARINE DANGA
pos9;POS 9;2026-04-09T18:56:31.473006+00:00;26eecd10-950b-4e52-a69b-815275ad1c0f;2026-04-08T12:27:01.306777;2026-04-08T12:27:01.436499;30;import de données;delivery;livraison;0;erreur;interne;"Extrait du rapport d'import: | 2026-04-08 12:24:01,418 {'product': [ErrorDetail(string=""LESS PDRE ST NIL 180G n'est pas fourni par le fournisseur FOURNISSEUR CENTRALE"", code='invalid')]} - [L100085517LESS PDRE ST NIL 180G              00000183510000100000016000000000160000000025960000000290000 6186000820382 00000000000001835103910991] | 2026-04-08 12:24:01,424 fin intégration: (38ceb4e0-2a6c-4a2b-ad1b-32a4b4dae735) | fichier: /srv/import/291/Fac_291_00237407.LC | 2 lignes formatées | 1 lignes en erreurs | 1 lignes crées | 0 lignes mises à jour | 0 lignes supprimées | 2026-04-08 12:25:01,412 {'product': [ErrorDetail(string=""PALETTE APAL  80*120 n'est pas fourni par le fournisseur FOURNISSEUR CENTRALE"", code='invalid')]} - [L100514060PALETTE APAL  80*120               00000183910000100000008000000000080000001049138000010490000 2001005140607 00000000000001839103911606] | 2026-04-08 12:25:01,419 fin intégration: (6a836759-f8ae-454e-80af-648f60361fd7) | fichier: /srv/import/291/Fac_291_00237446.LC | 2 lignes formatées | 1 lignes en erreurs | 1 lignes crées | 0 lignes mises à jour | 0 lignes supprimées | 2026-04-08 12:26:01,409 {'product': [ErrorDetail(string=""PAIN AU LAIT NAT X10 350G D LA BOUL n'est pas fourni par le fournisseur FOURNISSEUR CENTRALE"", code='invalid')]} - [L100667184PAIN AU LAIT NAT X10 350G D LA BOUL00000430730000100000011000000000010000000215232000002690000 3760049799200 00000000000004307300129550] | 2026-04-08 12:26:01,434 {'product': [ErrorDetail(string=""PAIN DE MIE SS CROUTE NAT 500G BLG n'est pas fourni par le fournisseur FOURNISSEUR CENTRALE"", code='invalid')]} - [L100676288PAIN DE MIE SS CROUTE NAT 500G BLG 00000430730000200000008000000000010000000303260000003790000 3760049795882 00000000000004307300129550] | 2026-04-08 12:26:01,441 fin intégration: (7fc81bc0-6d50-4cee-a795-bfd733e7f165) | fichier: /srv/import/291/Fac_291_00337202.LC | 3 lignes formatées | 2 lignes en erreurs | 1 lignes crées | 0 lignes mises à jour | 0 lignes supprimées | 2026-04-08 12:27:01,399 {'product': [ErrorDetail(string=""PDT FRITE 10/10 2 5 KG LT n'est pas fourni par le fournisseur FOURNISSEUR CENTRALE"", code='invalid')]} - [L100121981PDT FRITE 10/10 2 5 KG LT          00000431200000100000004000000000010000000439196000005490000 5410376831934 00000000000004312000129628] | 2026-04-08 12:27:01,422 {'product': [ErrorDetail(string=""PDT FRITE 10/10 1KG LT n'est pas fourni par le fournisseur FOURNISSEUR CENTRALE"", code='invalid')]} - [L100121992PDT FRITE 10/10 1KG LT             00000431200000200000010000000000010000000183136000002290000 5410376830272 00000000000004312000129628]";293;MANDARINE AMBASSADE CHINE
pos9;POS 9;2026-04-09T18:56:31.473006+00:00;7fc81bc0-6d50-4cee-a795-bfd733e7f165;2026-04-08T12:26:01.295818;2026-04-08T12:26:01.476902;30;import de données;delivery;livraison;0;erreur;interne;"Extrait du rapport d'import: | 0 lignes supprimées | 2026-04-08 12:24:01,418 {'product': [ErrorDetail(string=""LESS PDRE ST NIL 180G n'est pas fourni par le fournisseur FOURNISSEUR CENTRALE"", code='invalid')]} - [L100085517LESS PDRE ST NIL 180G              00000183510000100000016000000000160000000025960000000290000 6186000820382 00000000000001835103910991] | 2026-04-08 12:24:01,424 fin intégration: (38ceb4e0-2a6c-4a2b-ad1b-32a4b4dae735) | fichier: /srv/import/291/Fac_291_00237407.LC | 2 lignes formatées | 1 lignes en erreurs | 1 lignes crées | 0 lignes mises à jour | 0 lignes supprimées | 2026-04-08 12:25:01,412 {'product': [ErrorDetail(string=""PALETTE APAL  80*120 n'est pas fourni par le fournisseur FOURNISSEUR CENTRALE"", code='invalid')]} - [L100514060PALETTE APAL  80*120               00000183910000100000008000000000080000001049138000010490000 2001005140607 00000000000001839103911606] | 2026-04-08 12:25:01,419 fin intégration: (6a836759-f8ae-454e-80af-648f60361fd7) | fichier: /srv/import/291/Fac_291_00237446.LC | 2 lignes formatées | 1 lignes en erreurs | 1 lignes crées | 0 lignes mises à jour | 0 lignes supprimées | 2026-04-08 12:26:01,409 {'product': [ErrorDetail(string=""PAIN AU LAIT NAT X10 350G D LA BOUL n'est pas fourni par le fournisseur FOURNISSEUR CENTRALE"", code='invalid')]} - [L100667184PAIN AU LAIT NAT X10 350G D LA BOUL00000430730000100000011000000000010000000215232000002690000 3760049799200 00000000000004307300129550] | 2026-04-08 12:26:01,434 {'product': [ErrorDetail(string=""PAIN DE MIE SS CROUTE NAT 500G BLG n'est pas fourni par le fournisseur FOURNISSEUR CENTRALE"", code='invalid')]} - [L100676288PAIN DE MIE SS CROUTE NAT 500G BLG 00000430730000200000008000000000010000000303260000003790000 3760049795882 00000000000004307300129550] | 2026-04-08 12:26:01,441 fin intégration: (7fc81bc0-6d50-4cee-a795-bfd733e7f165) | fichier: /srv/import/291/Fac_291_00337202.LC | 3 lignes formatées | 2 lignes en erreurs | 1 lignes crées | 0 lignes mises à jour | 0 lignes supprimées";291;MANDARINE DANGA
pos9;POS 9;2026-04-09T18:56:31.473006+00:00;09d3e1c8-fd42-49e1-b47f-4e714fbf7e12;2026-04-08T12:26:01.309609;2026-04-08T12:26:01.450953;30;import de données;delivery;livraison;0;erreur;interne;"Extrait du rapport d'import: | 0 lignes supprimées | 2026-04-08 12:24:01,418 {'product': [ErrorDetail(string=""LESS PDRE ST NIL 180G n'est pas fourni par le fournisseur FOURNISSEUR CENTRALE"", code='invalid')]} - [L100085517LESS PDRE ST NIL 180G              00000183510000100000016000000000160000000025960000000290000 6186000820382 00000000000001835103910991] | 2026-04-08 12:24:01,424 fin intégration: (38ceb4e0-2a6c-4a2b-ad1b-32a4b4dae735) | fichier: /srv/import/291/Fac_291_00237407.LC | 2 lignes formatées | 1 lignes en erreurs | 1 lignes crées | 0 lignes mises à jour | 0 lignes supprimées | 2026-04-08 12:25:01,412 {'product': [ErrorDetail(string=""PALETTE APAL  80*120 n'est pas fourni par le fournisseur FOURNISSEUR CENTRALE"", code='invalid')]} - [L100514060PALETTE APAL  80*120               00000183910000100000008000000000080000001049138000010490000 2001005140607 00000000000001839103911606] | 2026-04-08 12:25:01,419 fin intégration: (6a836759-f8ae-454e-80af-648f60361fd7) | fichier: /srv/import/291/Fac_291_00237446.LC | 2 lignes formatées | 1 lignes en erreurs | 1 lignes crées | 0 lignes mises à jour | 0 lignes supprimées | 2026-04-08 12:26:01,409 {'product': [ErrorDetail(string=""PAIN AU LAIT NAT X10 350G D LA BOUL n'est pas fourni par le fournisseur FOURNISSEUR CENTRALE"", code='invalid')]} - [L100667184PAIN AU LAIT NAT X10 350G D LA BOUL00000430730000100000011000000000010000000215232000002690000 3760049799200 00000000000004307300129550] | 2026-04-08 12:26:01,434 {'product': [ErrorDetail(string=""PAIN DE MIE SS CROUTE NAT 500G BLG n'est pas fourni par le fournisseur FOURNISSEUR CENTRALE"", code='invalid')]} - [L100676288PAIN DE MIE SS CROUTE NAT 500G BLG 00000430730000200000008000000000010000000303260000003790000 3760049795882 00000000000004307300129550] | 2026-04-08 12:26:01,441 fin intégration: (7fc81bc0-6d50-4cee-a795-bfd733e7f165) | fichier: /srv/import/291/Fac_291_00337202.LC | 3 lignes formatées | 2 lignes en erreurs | 1 lignes crées | 0 lignes mises à jour | 0 lignes supprimées";293;MANDARINE AMBASSADE CHINE
pos9;POS 9;2026-04-09T18:56:31.473006+00:00;80630564-03c0-4b09-abc4-1d56e42ff988;2026-04-08T12:25:01.313640;2026-04-08T12:25:01.499889;30;import de données;delivery;livraison;0;erreur;interne;"Extrait du rapport d'import: | 30 lignes crées | 1 lignes mises à jour | 0 lignes supprimées | 2026-04-08 12:23:01,766 fin intégration: (580949bb-c2ba-41de-8ddc-820c1bfce6df) | fichier: /srv/import/080/Fac_080_00337216.LC | 4 lignes formatées | 0 lignes en erreurs | 4 lignes crées | 0 lignes mises à jour | 0 lignes supprimées | 2026-04-08 12:24:01,418 {'product': [ErrorDetail(string=""LESS PDRE ST NIL 180G n'est pas fourni par le fournisseur FOURNISSEUR CENTRALE"", code='invalid')]} - [L100085517LESS PDRE ST NIL 180G              00000183510000100000016000000000160000000025960000000290000 6186000820382 00000000000001835103910991] | 2026-04-08 12:24:01,424 fin intégration: (38ceb4e0-2a6c-4a2b-ad1b-32a4b4dae735) | fichier: /srv/import/291/Fac_291_00237407.LC | 2 lignes formatées | 1 lignes en erreurs | 1 lignes crées | 0 lignes mises à jour | 0 lignes supprimées | 2026-04-08 12:25:01,412 {'product': [ErrorDetail(string=""PALETTE APAL  80*120 n'est pas fourni par le fournisseur FOURNISSEUR CENTRALE"", code='invalid')]} - [L100514060PALETTE APAL  80*120               00000183910000100000008000000000080000001049138000010490000 2001005140607 00000000000001839103911606] | 2026-04-08 12:25:01,419 fin intégration: (6a836759-f8ae-454e-80af-648f60361fd7) | fichier: /srv/import/291/Fac_291_00237446.LC | 2 lignes formatées | 1 lignes en erreurs | 1 lignes crées | 0 lignes mises à jour | 0 lignes supprimées";293;MANDARINE AMBASSADE CHINE
pos9;POS 9;2026-04-09T18:56:31.473006+00:00;6a836759-f8ae-454e-80af-648f60361fd7;2026-04-08T12:25:01.299681;2026-04-08T12:25:01.454471;30;import de données;delivery;livraison;0;erreur;interne;"Extrait du rapport d'import: | 30 lignes crées | 1 lignes mises à jour | 0 lignes supprimées | 2026-04-08 12:23:01,766 fin intégration: (580949bb-c2ba-41de-8ddc-820c1bfce6df) | fichier: /srv/import/080/Fac_080_00337216.LC | 4 lignes formatées | 0 lignes en erreurs | 4 lignes crées | 0 lignes mises à jour | 0 lignes supprimées | 2026-04-08 12:24:01,418 {'product': [ErrorDetail(string=""LESS PDRE ST NIL 180G n'est pas fourni par le fournisseur FOURNISSEUR CENTRALE"", code='invalid')]} - [L100085517LESS PDRE ST NIL 180G              00000183510000100000016000000000160000000025960000000290000 6186000820382 00000000000001835103910991] | 2026-04-08 12:24:01,424 fin intégration: (38ceb4e0-2a6c-4a2b-ad1b-32a4b4dae735) | fichier: /srv/import/291/Fac_291_00237407.LC | 2 lignes formatées | 1 lignes en erreurs | 1 lignes crées | 0 lignes mises à jour | 0 lignes supprimées | 2026-04-08 12:25:01,412 {'product': [ErrorDetail(string=""PALETTE APAL  80*120 n'est pas fourni par le fournisseur FOURNISSEUR CENTRALE"", code='invalid')]} - [L100514060PALETTE APAL  80*120               00000183910000100000008000000000080000001049138000010490000 2001005140607 00000000000001839103911606] | 2026-04-08 12:25:01,419 fin intégration: (6a836759-f8ae-454e-80af-648f60361fd7) | fichier: /srv/import/291/Fac_291_00237446.LC | 2 lignes formatées | 1 lignes en erreurs | 1 lignes crées | 0 lignes mises à jour | 0 lignes supprimées";291;MANDARINE DANGA
pos9;POS 9;2026-04-09T18:56:31.473006+00:00;c4d2c5c3-d3be-485f-b290-982a319fb4d7;2026-04-08T12:24:01.308012;2026-04-08T12:24:01.478352;30;import de données;delivery;livraison;0;erreur;interne;"Extrait du rapport d'import: | 0 lignes en erreurs | 14 lignes crées | 0 lignes mises à jour | 0 lignes supprimées | 2026-04-08 12:22:02,516 fin intégration: (72cf16cf-941c-4294-a09b-057f6512626c) | fichier: /srv/import/080/Fac_080_00337133.LC | 31 lignes formatées | 0 lignes en erreurs | 30 lignes crées | 1 lignes mises à jour | 0 lignes supprimées | 2026-04-08 12:23:01,766 fin intégration: (580949bb-c2ba-41de-8ddc-820c1bfce6df) | fichier: /srv/import/080/Fac_080_00337216.LC | 4 lignes formatées | 0 lignes en erreurs | 4 lignes crées | 0 lignes mises à jour | 0 lignes supprimées | 2026-04-08 12:24:01,418 {'product': [ErrorDetail(string=""LESS PDRE ST NIL 180G n'est pas fourni par le fournisseur FOURNISSEUR CENTRALE"", code='invalid')]} - [L100085517LESS PDRE ST NIL 180G              00000183510000100000016000000000160000000025960000000290000 6186000820382 00000000000001835103910991] | 2026-04-08 12:24:01,424 fin intégration: (38ceb4e0-2a6c-4a2b-ad1b-32a4b4dae735) | fichier: /srv/import/291/Fac_291_00237407.LC | 2 lignes formatées | 1 lignes en erreurs | 1 lignes crées | 0 lignes mises à jour | 0 lignes supprimées";293;MANDARINE AMBASSADE CHINE
pos9;POS 9;2026-04-09T18:56:31.473006+00:00;38ceb4e0-2a6c-4a2b-ad1b-32a4b4dae735;2026-04-08T12:24:01.297067;2026-04-08T12:24:01.476427;30;import de données;delivery;livraison;0;erreur;interne;"Extrait du rapport d'import: | 0 lignes en erreurs | 14 lignes crées | 0 lignes mises à jour | 0 lignes supprimées | 2026-04-08 12:22:02,516 fin intégration: (72cf16cf-941c-4294-a09b-057f6512626c) | fichier: /srv/import/080/Fac_080_00337133.LC | 31 lignes formatées | 0 lignes en erreurs | 30 lignes crées | 1 lignes mises à jour | 0 lignes supprimées | 2026-04-08 12:23:01,766 fin intégration: (580949bb-c2ba-41de-8ddc-820c1bfce6df) | fichier: /srv/import/080/Fac_080_00337216.LC | 4 lignes formatées | 0 lignes en erreurs | 4 lignes crées | 0 lignes mises à jour | 0 lignes supprimées | 2026-04-08 12:24:01,418 {'product': [ErrorDetail(string=""LESS PDRE ST NIL 180G n'est pas fourni par le fournisseur FOURNISSEUR CENTRALE"", code='invalid')]} - [L100085517LESS PDRE ST NIL 180G              00000183510000100000016000000000160000000025960000000290000 6186000820382 00000000000001835103910991] | 2026-04-08 12:24:01,424 fin intégration: (38ceb4e0-2a6c-4a2b-ad1b-32a4b4dae735) | fichier: /srv/import/291/Fac_291_00237407.LC | 2 lignes formatées | 1 lignes en erreurs | 1 lignes crées | 0 lignes mises à jour | 0 lignes supprimées";291;MANDARINE DANGA
pos9;POS 9;2026-04-09T18:56:31.473006+00:00;580949bb-c2ba-41de-8ddc-820c1bfce6df;2026-04-08T12:23:01.290604;2026-04-08T12:23:01.768879;30;import de données;delivery;livraison;2;succès;interne;Import livraison: | fin intégration: (580949bb-c2ba-41de-8ddc-820c1bfce6df) | fichier: /srv/import/080/Fac_080_00337216.LC | 4 lignes formatées | 0 lignes en erreurs | 4 lignes crées | 0 lignes mises à jour | 0 lignes supprimées;080;MANDARINE MARCORY
pos9;POS 9;2026-04-09T18:56:31.473006+00:00;7e3a8131-6c3a-46f0-b879-b31542a7bd7c;2026-04-08T12:23:01.320033;2026-04-08T12:23:01.718228;30;import de données;delivery;livraison;0;erreur;interne;Extrait du rapport d'import: | 2 lignes formatées | 0 lignes en erreurs | 2 lignes crées | 0 lignes mises à jour | 0 lignes supprimées | 2026-04-08 12:20:01,625 fin intégration: (135bba30-d6e0-4adb-8f56-110a6a4362bc) | fichier: /srv/import/080/Fac_080_00337131.LC | 5 lignes formatées | 0 lignes en erreurs | 5 lignes crées | 0 lignes mises à jour | 0 lignes supprimées | 2026-04-08 12:21:01,986 fin intégration: (28468d70-0553-4699-b7b3-945ef4b24af1) | fichier: /srv/import/080/Fac_080_00337132.LC | 14 lignes formatées | 0 lignes en erreurs | 14 lignes crées | 0 lignes mises à jour | 0 lignes supprimées | 2026-04-08 12:22:02,516 fin intégration: (72cf16cf-941c-4294-a09b-057f6512626c) | fichier: /srv/import/080/Fac_080_00337133.LC | 31 lignes formatées | 0 lignes en erreurs | 30 lignes crées | 1 lignes mises à jour | 0 lignes supprimées;293;MANDARINE AMBASSADE CHINE
pos9;POS 9;2026-04-09T18:56:31.473006+00:00;e493c74d-e50d-4ece-b7d7-f1e4c32f7bd0;2026-04-08T12:23:01.305701;2026-04-08T12:23:01.708432;30;import de données;delivery;livraison;0;erreur;interne;Extrait du rapport d'import: | 2 lignes formatées | 0 lignes en erreurs | 2 lignes crées | 0 lignes mises à jour | 0 lignes supprimées | 2026-04-08 12:20:01,625 fin intégration: (135bba30-d6e0-4adb-8f56-110a6a4362bc) | fichier: /srv/import/080/Fac_080_00337131.LC | 5 lignes formatées | 0 lignes en erreurs | 5 lignes crées | 0 lignes mises à jour | 0 lignes supprimées | 2026-04-08 12:21:01,986 fin intégration: (28468d70-0553-4699-b7b3-945ef4b24af1) | fichier: /srv/import/080/Fac_080_00337132.LC | 14 lignes formatées | 0 lignes en erreurs | 14 lignes crées | 0 lignes mises à jour | 0 lignes supprimées | 2026-04-08 12:22:02,516 fin intégration: (72cf16cf-941c-4294-a09b-057f6512626c) | fichier: /srv/import/080/Fac_080_00337133.LC | 31 lignes formatées | 0 lignes en erreurs | 30 lignes crées | 1 lignes mises à jour | 0 lignes supprimées;291;MANDARINE DANGA
pos9;POS 9;2026-04-09T18:56:31.473006+00:00;7bc064d4-f8fd-4e06-90d0-8759df09077b;2026-04-08T12:22:01.310016;2026-04-08T12:22:03.325356;30;import de données;delivery;livraison;0;erreur;interne;Extrait du rapport d'import: | 2 lignes formatées | 0 lignes en erreurs | 2 lignes crées | 0 lignes mises à jour | 0 lignes supprimées | 2026-04-08 12:20:01,625 fin intégration: (135bba30-d6e0-4adb-8f56-110a6a4362bc) | fichier: /srv/import/080/Fac_080_00337131.LC | 5 lignes formatées | 0 lignes en erreurs | 5 lignes crées | 0 lignes mises à jour | 0 lignes supprimées | 2026-04-08 12:21:01,986 fin intégration: (28468d70-0553-4699-b7b3-945ef4b24af1) | fichier: /srv/import/080/Fac_080_00337132.LC | 14 lignes formatées | 0 lignes en erreurs | 14 lignes crées | 0 lignes mises à jour | 0 lignes supprimées | 2026-04-08 12:22:02,516 fin intégration: (72cf16cf-941c-4294-a09b-057f6512626c) | fichier: /srv/import/080/Fac_080_00337133.LC | 31 lignes formatées | 0 lignes en erreurs | 30 lignes crées | 1 lignes mises à jour | 0 lignes supprimées;291;MANDARINE DANGA
pos9;POS 9;2026-04-09T18:56:31.473006+00:00;72cf16cf-941c-4294-a09b-057f6512626c;2026-04-08T12:22:01.299858;2026-04-08T12:22:02.517973;30;import de données;delivery;livraison;2;succès;interne;Import livraison: | fin intégration: (72cf16cf-941c-4294-a09b-057f6512626c) | fichier: /srv/import/080/Fac_080_00337133.LC | 31 lignes formatées | 0 lignes en erreurs | 30 lignes crées | 1 lignes mises à jour | 0 lignes supprimées;080;MANDARINE MARCORY
pos9;POS 9;2026-04-09T18:56:31.473006+00:00;6bbe18b6-2d8a-449d-9582-8e99e4e2bdac;2026-04-08T12:22:01.320281;2026-04-08T12:22:01.640365;30;import de données;delivery;livraison;2;succès;interne;Import livraison: | fin intégration: (6bbe18b6-2d8a-449d-9582-8e99e4e2bdac) | fichier: /srv/import/292/Fac_292_00337226.LC | 6 lignes formatées | 0 lignes en erreurs | 6 lignes crées | 0 lignes mises à jour | 0 lignes supprimées;292;MANDARINE KOUMASSI
pos9;POS 9;2026-04-09T18:56:31.473006+00:00;e9c607fa-b85a-415b-bded-30d8223326f5;2026-04-08T12:22:01.345583;2026-04-08T12:22:01.595323;30;import de données;delivery;livraison;0;erreur;interne;Extrait du rapport d'import: | 2 lignes formatées | 0 lignes en erreurs | 2 lignes crées | 0 lignes mises à jour | 0 lignes supprimées | 2026-04-08 12:19:01,446 fin intégration: (fa6a894d-2996-4e9e-8c96-2b3ded091dd7) | fichier: /srv/import/080/Fac_080_00216281.LC | 2 lignes formatées | 0 lignes en erreurs | 2 lignes crées | 0 lignes mises à jour | 0 lignes supprimées | 2026-04-08 12:20:01,625 fin intégration: (135bba30-d6e0-4adb-8f56-110a6a4362bc) | fichier: /srv/import/080/Fac_080_00337131.LC | 5 lignes formatées | 0 lignes en erreurs | 5 lignes crées | 0 lignes mises à jour | 0 lignes supprimées | 2026-04-08 12:21:01,986 fin intégration: (28468d70-0553-4699-b7b3-945ef4b24af1) | fichier: /srv/import/080/Fac_080_00337132.LC | 14 lignes formatées | 0 lignes en erreurs | 14 lignes crées | 0 lignes mises à jour | 0 lignes supprimées;293;MANDARINE AMBASSADE CHINE
pos9;POS 9;2026-04-09T18:56:31.473006+00:00;bc5fe1bc-8914-4062-ab29-cfae0bc16214;2026-04-08T12:21:01.310064;2026-04-08T12:21:02.796703;30;import de données;delivery;livraison;0;erreur;interne;Extrait du rapport d'import: | 2 lignes formatées | 0 lignes en erreurs | 2 lignes crées | 0 lignes mises à jour | 0 lignes supprimées | 2026-04-08 12:19:01,446 fin intégration: (fa6a894d-2996-4e9e-8c96-2b3ded091dd7) | fichier: /srv/import/080/Fac_080_00216281.LC | 2 lignes formatées | 0 lignes en erreurs | 2 lignes crées | 0 lignes mises à jour | 0 lignes supprimées | 2026-04-08 12:20:01,625 fin intégration: (135bba30-d6e0-4adb-8f56-110a6a4362bc) | fichier: /srv/import/080/Fac_080_00337131.LC | 5 lignes formatées | 0 lignes en erreurs | 5 lignes crées | 0 lignes mises à jour | 0 lignes supprimées | 2026-04-08 12:21:01,986 fin intégration: (28468d70-0553-4699-b7b3-945ef4b24af1) | fichier: /srv/import/080/Fac_080_00337132.LC | 14 lignes formatées | 0 lignes en erreurs | 14 lignes crées | 0 lignes mises à jour | 0 lignes supprimées;291;MANDARINE DANGA
pos9;POS 9;2026-04-09T18:56:31.473006+00:00;410dfac2-f54e-434e-aee2-4daa0507835c;2026-04-08T12:21:01.329265;2026-04-08T12:21:02.142261;30;import de données;delivery;livraison;2;succès;interne;Import livraison: | fin intégration: (410dfac2-f54e-434e-aee2-4daa0507835c) | fichier: /srv/import/292/Fac_292_00337178.LC | 18 lignes formatées | 0 lignes en erreurs | 17 lignes crées | 1 lignes mises à jour | 0 lignes supprimées;292;MANDARINE KOUMASSI
pos9;POS 9;2026-04-09T18:56:31.473006+00:00;28468d70-0553-4699-b7b3-945ef4b24af1;2026-04-08T12:21:01.291941;2026-04-08T12:21:01.989150;30;import de données;delivery;livraison;2;succès;interne;Import livraison: | fin intégration: (28468d70-0553-4699-b7b3-945ef4b24af1) | fichier: /srv/import/080/Fac_080_00337132.LC | 14 lignes formatées | 0 lignes en erreurs | 14 lignes crées | 0 lignes mises à jour | 0 lignes supprimées;080;MANDARINE MARCORY
pos9;POS 9;2026-04-09T18:56:31.473006+00:00;2bb5465c-caa1-4a2c-a090-363f6deb47df;2026-04-08T12:21:01.348358;2026-04-08T12:21:01.696829;30;import de données;delivery;livraison;0;erreur;interne;Extrait du rapport d'import: | 13 lignes formatées | 0 lignes en erreurs | 13 lignes crées | 0 lignes mises à jour | 0 lignes supprimées | 2026-04-08 12:18:01,443 fin intégration: (c4d101f1-de44-4451-b8bf-c864c4cfc372) | fichier: /srv/import/080/Fac_080_00216251.LC | 2 lignes formatées | 0 lignes en erreurs | 2 lignes crées | 0 lignes mises à jour | 0 lignes supprimées | 2026-04-08 12:19:01,446 fin intégration: (fa6a894d-2996-4e9e-8c96-2b3ded091dd7) | fichier: /srv/import/080/Fac_080_00216281.LC | 2 lignes formatées | 0 lignes en erreurs | 2 lignes crées | 0 lignes mises à jour | 0 lignes supprimées | 2026-04-08 12:20:01,625 fin intégration: (135bba30-d6e0-4adb-8f56-110a6a4362bc) | fichier: /srv/import/080/Fac_080_00337131.LC | 5 lignes formatées | 0 lignes en erreurs | 5 lignes crées | 0 lignes mises à jour | 0 lignes supprimées;293;MANDARINE AMBASSADE CHINE
pos9;POS 9;2026-04-09T18:56:31.473006+00:00;08625529-548a-44a2-8f88-bd723aad58ba;2026-04-08T12:20:01.355974;2026-04-08T12:20:03.623143;30;import de données;delivery;livraison;0;erreur;interne;Extrait du rapport d'import: | 13 lignes formatées | 0 lignes en erreurs | 13 lignes crées | 0 lignes mises à jour | 0 lignes supprimées | 2026-04-08 12:18:01,443 fin intégration: (c4d101f1-de44-4451-b8bf-c864c4cfc372) | fichier: /srv/import/080/Fac_080_00216251.LC | 2 lignes formatées | 0 lignes en erreurs | 2 lignes crées | 0 lignes mises à jour | 0 lignes supprimées | 2026-04-08 12:19:01,446 fin intégration: (fa6a894d-2996-4e9e-8c96-2b3ded091dd7) | fichier: /srv/import/080/Fac_080_00216281.LC | 2 lignes formatées | 0 lignes en erreurs | 2 lignes crées | 0 lignes mises à jour | 0 lignes supprimées | 2026-04-08 12:20:01,625 fin intégration: (135bba30-d6e0-4adb-8f56-110a6a4362bc) | fichier: /srv/import/080/Fac_080_00337131.LC | 5 lignes formatées | 0 lignes en erreurs | 5 lignes crées | 0 lignes mises à jour | 0 lignes supprimées;293;MANDARINE AMBASSADE CHINE
pos9;POS 9;2026-04-09T18:56:31.473006+00:00;ac08c435-6d41-4a20-8306-da0cf0ef468a;2026-04-08T12:20:01.319727;2026-04-08T12:20:03.433334;30;import de données;delivery;livraison;0;erreur;interne;Extrait du rapport d'import: | 13 lignes formatées | 0 lignes en erreurs | 13 lignes crées | 0 lignes mises à jour | 0 lignes supprimées | 2026-04-08 12:18:01,443 fin intégration: (c4d101f1-de44-4451-b8bf-c864c4cfc372) | fichier: /srv/import/080/Fac_080_00216251.LC | 2 lignes formatées | 0 lignes en erreurs | 2 lignes crées | 0 lignes mises à jour | 0 lignes supprimées | 2026-04-08 12:19:01,446 fin intégration: (fa6a894d-2996-4e9e-8c96-2b3ded091dd7) | fichier: /srv/import/080/Fac_080_00216281.LC | 2 lignes formatées | 0 lignes en erreurs | 2 lignes crées | 0 lignes mises à jour | 0 lignes supprimées | 2026-04-08 12:20:01,625 fin intégration: (135bba30-d6e0-4adb-8f56-110a6a4362bc) | fichier: /srv/import/080/Fac_080_00337131.LC | 5 lignes formatées | 0 lignes en erreurs | 5 lignes crées | 0 lignes mises à jour | 0 lignes supprimées;291;MANDARINE DANGA
pos9;POS 9;2026-04-09T18:56:31.473006+00:00;41fe07d8-cc21-4300-b0b6-a9320b00bef5;2026-04-08T12:20:01.340923;2026-04-08T12:20:01.772851;30;import de données;delivery;livraison;2;succès;interne;Import livraison: | fin intégration: (41fe07d8-cc21-4300-b0b6-a9320b00bef5) | fichier: /srv/import/292/Fac_292_00337177.LC | 7 lignes formatées | 0 lignes en erreurs | 7 lignes crées | 0 lignes mises à jour | 0 lignes supprimées;292;MANDARINE KOUMASSI
pos9;POS 9;2026-04-09T18:56:31.473006+00:00;135bba30-d6e0-4adb-8f56-110a6a4362bc;2026-04-08T12:20:01.293048;2026-04-08T12:20:01.628927;30;import de données;delivery;livraison;2;succès;interne;Import livraison: | fin intégration: (135bba30-d6e0-4adb-8f56-110a6a4362bc) | fichier: /srv/import/080/Fac_080_00337131.LC | 5 lignes formatées | 0 lignes en erreurs | 5 lignes crées | 0 lignes mises à jour | 0 lignes supprimées;080;MANDARINE MARCORY
pos9;POS 9;2026-04-09T18:56:31.473006+00:00;c10b80fc-7c89-4e2c-b588-b02748407882;2026-04-08T12:19:01.299853;2026-04-08T12:19:03.249218;30;import de données;delivery;livraison;0;erreur;interne;Extrait du rapport d'import: | 4 lignes formatées | 0 lignes en erreurs | 4 lignes crées | 0 lignes mises à jour | 0 lignes supprimées | 2026-04-08 12:17:02,180 fin intégration: (183fa05e-9231-425e-93ca-8cc79283eebc) | fichier: /srv/import/292/Fac_292_00337174.LC | 13 lignes formatées | 0 lignes en erreurs | 13 lignes crées | 0 lignes mises à jour | 0 lignes supprimées | 2026-04-08 12:18:01,443 fin intégration: (c4d101f1-de44-4451-b8bf-c864c4cfc372) | fichier: /srv/import/080/Fac_080_00216251.LC | 2 lignes formatées | 0 lignes en erreurs | 2 lignes crées | 0 lignes mises à jour | 0 lignes supprimées | 2026-04-08 12:19:01,446 fin intégration: (fa6a894d-2996-4e9e-8c96-2b3ded091dd7) | fichier: /srv/import/080/Fac_080_00216281.LC | 2 lignes formatées | 0 lignes en erreurs | 2 lignes crées | 0 lignes mises à jour | 0 lignes supprimées;291;MANDARINE DANGA
pos9;POS 9;2026-04-09T18:56:31.473006+00:00;fff93a78-a430-4932-8fc1-ebb0b897bc9c;2026-04-08T12:19:01.323970;2026-04-08T12:19:01.941981;30;import de données;delivery;livraison;0;erreur;interne;Extrait du rapport d'import: | 4 lignes formatées | 0 lignes en erreurs | 4 lignes crées | 0 lignes mises à jour | 0 lignes supprimées | 2026-04-08 12:17:02,180 fin intégration: (183fa05e-9231-425e-93ca-8cc79283eebc) | fichier: /srv/import/292/Fac_292_00337174.LC | 13 lignes formatées | 0 lignes en erreurs | 13 lignes crées | 0 lignes mises à jour | 0 lignes supprimées | 2026-04-08 12:18:01,443 fin intégration: (c4d101f1-de44-4451-b8bf-c864c4cfc372) | fichier: /srv/import/080/Fac_080_00216251.LC | 2 lignes formatées | 0 lignes en erreurs | 2 lignes crées | 0 lignes mises à jour | 0 lignes supprimées | 2026-04-08 12:19:01,446 fin intégration: (fa6a894d-2996-4e9e-8c96-2b3ded091dd7) | fichier: /srv/import/080/Fac_080_00216281.LC | 2 lignes formatées | 0 lignes en erreurs | 2 lignes crées | 0 lignes mises à jour | 0 lignes supprimées;293;MANDARINE AMBASSADE CHINE
pos9;POS 9;2026-04-09T18:56:31.473006+00:00;e736b18c-6af7-42f5-afb2-aab44867619e;2026-04-08T12:19:01.315584;2026-04-08T12:19:01.565580;30;import de données;delivery;livraison;2;succès;interne;Import livraison: | fin intégration: (e736b18c-6af7-42f5-afb2-aab44867619e) | fichier: /srv/import/292/Fac_292_00337176.LC | 6 lignes formatées | 0 lignes en erreurs | 6 lignes crées | 0 lignes mises à jour | 0 lignes supprimées;292;MANDARINE KOUMASSI
pos9;POS 9;2026-04-09T18:56:31.473006+00:00;fa6a894d-2996-4e9e-8c96-2b3ded091dd7;2026-04-08T12:19:01.288396;2026-04-08T12:19:01.448798;30;import de données;delivery;livraison;2;succès;interne;Import livraison: | fin intégration: (fa6a894d-2996-4e9e-8c96-2b3ded091dd7) | fichier: /srv/import/080/Fac_080_00216281.LC | 2 lignes formatées | 0 lignes en erreurs | 2 lignes crées | 0 lignes mises à jour | 0 lignes supprimées;080;MANDARINE MARCORY
pos9;POS 9;2026-04-09T18:56:31.473006+00:00;12e444eb-8c03-41a9-9904-c05b1cd9f55d;2026-04-08T12:18:01.332746;2026-04-08T12:18:02.124765;30;import de données;delivery;livraison;0;erreur;interne;Extrait du rapport d'import: | 11 lignes formatées | 0 lignes en erreurs | 11 lignes crées | 0 lignes mises à jour | 0 lignes supprimées | 2026-04-08 12:16:01,498 fin intégration: (36e72d0c-23e7-43e9-af80-e77366f3bea3) | fichier: /srv/import/080/Fac_080_00216249.LC | 4 lignes formatées | 0 lignes en erreurs | 4 lignes crées | 0 lignes mises à jour | 0 lignes supprimées | 2026-04-08 12:17:02,180 fin intégration: (183fa05e-9231-425e-93ca-8cc79283eebc) | fichier: /srv/import/292/Fac_292_00337174.LC | 13 lignes formatées | 0 lignes en erreurs | 13 lignes crées | 0 lignes mises à jour | 0 lignes supprimées | 2026-04-08 12:18:01,443 fin intégration: (c4d101f1-de44-4451-b8bf-c864c4cfc372) | fichier: /srv/import/080/Fac_080_00216251.LC | 2 lignes formatées | 0 lignes en erreurs | 2 lignes crées | 0 lignes mises à jour | 0 lignes supprimées;293;MANDARINE AMBASSADE CHINE
pos9;POS 9;2026-04-09T18:56:31.473006+00:00;72c97efc-eaf7-44d0-bd47-bfee5b134df3;2026-04-08T12:18:01.310013;2026-04-08T12:18:01.536566;30;import de données;delivery;livraison;2;succès;interne;Import livraison: | fin intégration: (72c97efc-eaf7-44d0-bd47-bfee5b134df3) | fichier: /srv/import/292/Fac_292_00337175.LC | 5 lignes formatées | 0 lignes en erreurs | 5 lignes crées | 0 lignes mises à jour | 0 lignes supprimées;292;MANDARINE KOUMASSI
pos9;POS 9;2026-04-09T18:56:31.473006+00:00;53a4d99c-5a23-4d7e-a049-a0c42d6c3389;2026-04-08T12:18:01.295344;2026-04-08T12:18:01.452779;30;import de données;delivery;livraison;0;erreur;interne;Extrait du rapport d'import: | 11 lignes formatées | 0 lignes en erreurs | 11 lignes crées | 0 lignes mises à jour | 0 lignes supprimées | 2026-04-08 12:16:01,498 fin intégration: (36e72d0c-23e7-43e9-af80-e77366f3bea3) | fichier: /srv/import/080/Fac_080_00216249.LC | 4 lignes formatées | 0 lignes en erreurs | 4 lignes crées | 0 lignes mises à jour | 0 lignes supprimées | 2026-04-08 12:17:02,180 fin intégration: (183fa05e-9231-425e-93ca-8cc79283eebc) | fichier: /srv/import/292/Fac_292_00337174.LC | 13 lignes formatées | 0 lignes en erreurs | 13 lignes crées | 0 lignes mises à jour | 0 lignes supprimées | 2026-04-08 12:18:01,443 fin intégration: (c4d101f1-de44-4451-b8bf-c864c4cfc372) | fichier: /srv/import/080/Fac_080_00216251.LC | 2 lignes formatées | 0 lignes en erreurs | 2 lignes crées | 0 lignes mises à jour | 0 lignes supprimées;291;MANDARINE DANGA
pos9;POS 9;2026-04-09T18:56:31.473006+00:00;c4d101f1-de44-4451-b8bf-c864c4cfc372;2026-04-08T12:18:01.285487;2026-04-08T12:18:01.445069;30;import de données;delivery;livraison;2;succès;interne;Import livraison: | fin intégration: (c4d101f1-de44-4451-b8bf-c864c4cfc372) | fichier: /srv/import/080/Fac_080_00216251.LC | 2 lignes formatées | 0 lignes en erreurs | 2 lignes crées | 0 lignes mises à jour | 0 lignes supprimées;080;MANDARINE MARCORY
pos9;POS 9;2026-04-09T18:56:31.473006+00:00;9878ef6c-3ca3-4dc5-bbf9-246bc3f8aef9;2026-04-08T12:17:01.367007;2026-04-08T12:17:03.560527;30;import de données;delivery;livraison;0;erreur;interne;Extrait du rapport d'import: | 19 lignes formatées | 0 lignes en erreurs | 17 lignes crées | 2 lignes mises à jour | 0 lignes supprimées | 2026-04-08 12:15:01,867 fin intégration: (99af87cf-fde6-4e00-8257-9e1e1ddafe69) | fichier: /srv/import/080/Fac_080_00216248.LC | 11 lignes formatées | 0 lignes en erreurs | 11 lignes crées | 0 lignes mises à jour | 0 lignes supprimées | 2026-04-08 12:16:01,498 fin intégration: (36e72d0c-23e7-43e9-af80-e77366f3bea3) | fichier: /srv/import/080/Fac_080_00216249.LC | 4 lignes formatées | 0 lignes en erreurs | 4 lignes crées | 0 lignes mises à jour | 0 lignes supprimées | 2026-04-08 12:17:02,180 fin intégration: (183fa05e-9231-425e-93ca-8cc79283eebc) | fichier: /srv/import/292/Fac_292_00337174.LC | 13 lignes formatées | 0 lignes en erreurs | 13 lignes crées | 0 lignes mises à jour | 0 lignes supprimées;293;MANDARINE AMBASSADE CHINE
pos9;POS 9;2026-04-09T18:56:31.473006+00:00;183fa05e-9231-425e-93ca-8cc79283eebc;2026-04-08T12:17:01.352535;2026-04-08T12:17:02.182996;30;import de données;delivery;livraison;2;succès;interne;Import livraison: | fin intégration: (183fa05e-9231-425e-93ca-8cc79283eebc) | fichier: /srv/import/292/Fac_292_00337174.LC | 13 lignes formatées | 0 lignes en erreurs | 13 lignes crées | 0 lignes mises à jour | 0 lignes supprimées;292;MANDARINE KOUMASSI
pos9;POS 9;2026-04-09T18:56:31.473006+00:00;217b74f8-b0eb-40ed-a382-8eedba4b7a7e;2026-04-08T12:17:01.340518;2026-04-08T12:17:01.591530;30;import de données;delivery;livraison;0;erreur;interne;Extrait du rapport d'import: | 37 lignes formatées | 0 lignes en erreurs | 37 lignes crées | 0 lignes mises à jour | 0 lignes supprimées | 2026-04-08 12:14:02,048 fin intégration: (08ba4d8d-866c-48c2-a1d3-4efb94f3dcf9) | fichier: /srv/import/080/Fac_080_00216247.LC | 19 lignes formatées | 0 lignes en erreurs | 17 lignes crées | 2 lignes mises à jour | 0 lignes supprimées | 2026-04-08 12:15:01,867 fin intégration: (99af87cf-fde6-4e00-8257-9e1e1ddafe69) | fichier: /srv/import/080/Fac_080_00216248.LC | 11 lignes formatées | 0 lignes en erreurs | 11 lignes crées | 0 lignes mises à jour | 0 lignes supprimées | 2026-04-08 12:16:01,498 fin intégration: (36e72d0c-23e7-43e9-af80-e77366f3bea3) | fichier: /srv/import/080/Fac_080_00216249.LC | 4 lignes formatées | 0 lignes en erreurs | 4 lignes crées | 0 lignes mises à jour | 0 lignes supprimées;291;MANDARINE DANGA
pos9;POS 9;2026-04-09T18:56:31.473006+00:00;b4db14e2-184c-4abb-b3c5-5ed4f2f6ddc7;2026-04-08T12:17:01.320613;2026-04-08T12:17:01.513753;30;import de données;delivery;livraison;2;succès;interne;Import livraison: | fin intégration: (b4db14e2-184c-4abb-b3c5-5ed4f2f6ddc7) | fichier: /srv/import/080/Fac_080_00216250.LC | 2 lignes formatées | 0 lignes en erreurs | 2 lignes crées | 0 lignes mises à jour | 0 lignes supprimées;080;MANDARINE MARCORY
pos9;POS 9;2026-04-09T18:56:31.473006+00:00;e6a0414f-2e95-452a-872d-439cf933bfcd;2026-04-08T12:16:01.332677;2026-04-08T12:16:01.556603;30;import de données;delivery;livraison;0;erreur;interne;Extrait du rapport d'import: | 37 lignes formatées | 0 lignes en erreurs | 37 lignes crées | 0 lignes mises à jour | 0 lignes supprimées | 2026-04-08 12:14:02,048 fin intégration: (08ba4d8d-866c-48c2-a1d3-4efb94f3dcf9) | fichier: /srv/import/080/Fac_080_00216247.LC | 19 lignes formatées | 0 lignes en erreurs | 17 lignes crées | 2 lignes mises à jour | 0 lignes supprimées | 2026-04-08 12:15:01,867 fin intégration: (99af87cf-fde6-4e00-8257-9e1e1ddafe69) | fichier: /srv/import/080/Fac_080_00216248.LC | 11 lignes formatées | 0 lignes en erreurs | 11 lignes crées | 0 lignes mises à jour | 0 lignes supprimées | 2026-04-08 12:16:01,498 fin intégration: (36e72d0c-23e7-43e9-af80-e77366f3bea3) | fichier: /srv/import/080/Fac_080_00216249.LC | 4 lignes formatées | 0 lignes en erreurs | 4 lignes crées | 0 lignes mises à jour | 0 lignes supprimées;293;MANDARINE AMBASSADE CHINE
pos9;POS 9;2026-04-09T18:56:31.473006+00:00;8404b069-257e-499c-9a86-6bc1aa2eba53;2026-04-08T12:16:01.317041;2026-04-08T12:16:01.529883;30;import de données;delivery;livraison;2;succès;interne;Import livraison: | fin intégration: (8404b069-257e-499c-9a86-6bc1aa2eba53) | fichier: /srv/import/292/Fac_292_00337173.LC | 4 lignes formatées | 0 lignes en erreurs | 4 lignes crées | 0 lignes mises à jour | 0 lignes supprimées;292;MANDARINE KOUMASSI
pos9;POS 9;2026-04-09T18:56:31.473006+00:00;36e72d0c-23e7-43e9-af80-e77366f3bea3;2026-04-08T12:16:01.283517;2026-04-08T12:16:01.500902;30;import de données;delivery;livraison;2;succès;interne;Import livraison: | fin intégration: (36e72d0c-23e7-43e9-af80-e77366f3bea3) | fichier: /srv/import/080/Fac_080_00216249.LC | 4 lignes formatées | 0 lignes en erreurs | 4 lignes crées | 0 lignes mises à jour | 0 lignes supprimées;080;MANDARINE MARCORY
pos9;POS 9;2026-04-09T18:56:31.473006+00:00;31edb021-8b3c-480d-98d6-84e440176144;2026-04-08T12:16:01.291385;2026-04-08T12:16:01.470989;30;import de données;delivery;livraison;0;erreur;interne;Extrait du rapport d'import: | 3 lignes formatées | 0 lignes en erreurs | 3 lignes crées | 0 lignes mises à jour | 0 lignes supprimées | 2026-04-08 12:13:03,113 fin intégration: (5f2b34ff-c932-4687-bff5-f15c02623937) | fichier: /srv/import/080/Fac_080_00216246.LC | 37 lignes formatées | 0 lignes en erreurs | 37 lignes crées | 0 lignes mises à jour | 0 lignes supprimées | 2026-04-08 12:14:02,048 fin intégration: (08ba4d8d-866c-48c2-a1d3-4efb94f3dcf9) | fichier: /srv/import/080/Fac_080_00216247.LC | 19 lignes formatées | 0 lignes en erreurs | 17 lignes crées | 2 lignes mises à jour | 0 lignes supprimées | 2026-04-08 12:15:01,867 fin intégration: (99af87cf-fde6-4e00-8257-9e1e1ddafe69) | fichier: /srv/import/080/Fac_080_00216248.LC | 11 lignes formatées | 0 lignes en erreurs | 11 lignes crées | 0 lignes mises à jour | 0 lignes supprimées;291;MANDARINE DANGA
pos9;POS 9;2026-04-09T18:56:31.473006+00:00;99af87cf-fde6-4e00-8257-9e1e1ddafe69;2026-04-08T12:15:01.303295;2026-04-08T12:15:01.870292;30;import de données;delivery;livraison;2;succès;interne;Import livraison: | fin intégration: (99af87cf-fde6-4e00-8257-9e1e1ddafe69) | fichier: /srv/import/080/Fac_080_00216248.LC | 11 lignes formatées | 0 lignes en erreurs | 11 lignes crées | 0 lignes mises à jour | 0 lignes supprimées;080;MANDARINE MARCORY
pos9;POS 9;2026-04-09T18:56:31.473006+00:00;3e46f36c-2f47-4001-821b-ad1038dc74f8;2026-04-08T12:15:01.335547;2026-04-08T12:15:01.656109;30;import de données;delivery;livraison;2;succès;interne;Import livraison: | fin intégration: (3e46f36c-2f47-4001-821b-ad1038dc74f8) | fichier: /srv/import/292/Fac_292_00337172.LC | 5 lignes formatées | 0 lignes en erreurs | 5 lignes crées | 0 lignes mises à jour | 0 lignes supprimées;292;MANDARINE KOUMASSI
pos9;POS 9;2026-04-09T18:56:31.473006+00:00;2100733f-ed04-4ba0-bfe1-4de256cb8f63;2026-04-08T12:15:01.348536;2026-04-08T12:15:01.510914;30;import de données;delivery;livraison;0;erreur;interne;Extrait du rapport d'import: | 29 lignes formatées | 0 lignes en erreurs | 29 lignes crées | 0 lignes mises à jour | 0 lignes supprimées | 2026-04-08 12:12:01,480 fin intégration: (3104e224-7360-44ce-97ae-afc04cd899ec) | fichier: /srv/import/080/Fac_080_00108198.LC | 3 lignes formatées | 0 lignes en erreurs | 3 lignes crées | 0 lignes mises à jour | 0 lignes supprimées | 2026-04-08 12:13:03,113 fin intégration: (5f2b34ff-c932-4687-bff5-f15c02623937) | fichier: /srv/import/080/Fac_080_00216246.LC | 37 lignes formatées | 0 lignes en erreurs | 37 lignes crées | 0 lignes mises à jour | 0 lignes supprimées | 2026-04-08 12:14:02,048 fin intégration: (08ba4d8d-866c-48c2-a1d3-4efb94f3dcf9) | fichier: /srv/import/080/Fac_080_00216247.LC | 19 lignes formatées | 0 lignes en erreurs | 17 lignes crées | 2 lignes mises à jour | 0 lignes supprimées;293;MANDARINE AMBASSADE CHINE
pos9;POS 9;2026-04-09T18:56:31.473006+00:00;18b311cb-57aa-4bc2-ad02-e6fcf520ab11;2026-04-08T12:15:01.316515;2026-04-08T12:15:01.487744;30;import de données;delivery;livraison;0;erreur;interne;Extrait du rapport d'import: | 29 lignes formatées | 0 lignes en erreurs | 29 lignes crées | 0 lignes mises à jour | 0 lignes supprimées | 2026-04-08 12:12:01,480 fin intégration: (3104e224-7360-44ce-97ae-afc04cd899ec) | fichier: /srv/import/080/Fac_080_00108198.LC | 3 lignes formatées | 0 lignes en erreurs | 3 lignes crées | 0 lignes mises à jour | 0 lignes supprimées | 2026-04-08 12:13:03,113 fin intégration: (5f2b34ff-c932-4687-bff5-f15c02623937) | fichier: /srv/import/080/Fac_080_00216246.LC | 37 lignes formatées | 0 lignes en erreurs | 37 lignes crées | 0 lignes mises à jour | 0 lignes supprimées | 2026-04-08 12:14:02,048 fin intégration: (08ba4d8d-866c-48c2-a1d3-4efb94f3dcf9) | fichier: /srv/import/080/Fac_080_00216247.LC | 19 lignes formatées | 0 lignes en erreurs | 17 lignes crées | 2 lignes mises à jour | 0 lignes supprimées;291;MANDARINE DANGA
pos9;POS 9;2026-04-09T18:56:31.473006+00:00;08ba4d8d-866c-48c2-a1d3-4efb94f3dcf9;2026-04-08T12:14:01.291258;2026-04-08T12:14:02.050537;30;import de données;delivery;livraison;2;succès;interne;Import livraison: | fin intégration: (08ba4d8d-866c-48c2-a1d3-4efb94f3dcf9) | fichier: /srv/import/080/Fac_080_00216247.LC | 19 lignes formatées | 0 lignes en erreurs | 17 lignes crées | 2 lignes mises à jour | 0 lignes supprimées;080;MANDARINE MARCORY
pos9;POS 9;2026-04-09T18:56:31.473006+00:00;81b92ed4-65f3-449f-b2ce-69bc18c03b0e;2026-04-08T12:14:01.324257;2026-04-08T12:14:01.500209;30;import de données;delivery;livraison;0;erreur;interne;Extrait du rapport d'import: | 35 lignes formatées | 34 lignes en erreurs | 1 lignes crées | 0 lignes mises à jour | 0 lignes supprimées | 2026-04-08 12:11:02,930 fin intégration: (9edd721c-8d3b-47d7-a159-dbc4bb543514) | fichier: /srv/import/080/Fac_080_00108185.LC | 29 lignes formatées | 0 lignes en erreurs | 29 lignes crées | 0 lignes mises à jour | 0 lignes supprimées | 2026-04-08 12:12:01,480 fin intégration: (3104e224-7360-44ce-97ae-afc04cd899ec) | fichier: /srv/import/080/Fac_080_00108198.LC | 3 lignes formatées | 0 lignes en erreurs | 3 lignes crées | 0 lignes mises à jour | 0 lignes supprimées | 2026-04-08 12:13:03,113 fin intégration: (5f2b34ff-c932-4687-bff5-f15c02623937) | fichier: /srv/import/080/Fac_080_00216246.LC | 37 lignes formatées | 0 lignes en erreurs | 37 lignes crées | 0 lignes mises à jour | 0 lignes supprimées;293;MANDARINE AMBASSADE CHINE
pos9;POS 9;2026-04-09T18:56:31.473006+00:00;26cebcc5-f0aa-4fd4-b22c-7d193b00358b;2026-04-08T12:14:01.300648;2026-04-08T12:14:01.488191;30;import de données;delivery;livraison;0;erreur;interne;Extrait du rapport d'import: | 35 lignes formatées | 34 lignes en erreurs | 1 lignes crées | 0 lignes mises à jour | 0 lignes supprimées | 2026-04-08 12:11:02,930 fin intégration: (9edd721c-8d3b-47d7-a159-dbc4bb543514) | fichier: /srv/import/080/Fac_080_00108185.LC | 29 lignes formatées | 0 lignes en erreurs | 29 lignes crées | 0 lignes mises à jour | 0 lignes supprimées | 2026-04-08 12:12:01,480 fin intégration: (3104e224-7360-44ce-97ae-afc04cd899ec) | fichier: /srv/import/080/Fac_080_00108198.LC | 3 lignes formatées | 0 lignes en erreurs | 3 lignes crées | 0 lignes mises à jour | 0 lignes supprimées | 2026-04-08 12:13:03,113 fin intégration: (5f2b34ff-c932-4687-bff5-f15c02623937) | fichier: /srv/import/080/Fac_080_00216246.LC | 37 lignes formatées | 0 lignes en erreurs | 37 lignes crées | 0 lignes mises à jour | 0 lignes supprimées;291;MANDARINE DANGA
pos9;POS 9;2026-04-09T18:56:31.473006+00:00;703e64e5-8f29-40b1-9bc7-c27c6e1b5b64;2026-04-08T12:14:01.311558;2026-04-08T12:14:01.445790;30;import de données;delivery;livraison;2;succès;interne;Import livraison: | fin intégration: (703e64e5-8f29-40b1-9bc7-c27c6e1b5b64) | fichier: /srv/import/292/Fac_292_00216311.LC | 2 lignes formatées | 0 lignes en erreurs | 2 lignes crées | 0 lignes mises à jour | 0 lignes supprimées;292;MANDARINE KOUMASSI
pos9;POS 9;2026-04-09T18:56:31.473006+00:00;5f2b34ff-c932-4687-bff5-f15c02623937;2026-04-08T12:13:01.302980;2026-04-08T12:13:03.115640;30;import de données;delivery;livraison;2;succès;interne;Import livraison: | fin intégration: (5f2b34ff-c932-4687-bff5-f15c02623937) | fichier: /srv/import/080/Fac_080_00216246.LC | 37 lignes formatées | 0 lignes en erreurs | 37 lignes crées | 0 lignes mises à jour | 0 lignes supprimées;080;MANDARINE MARCORY
pos9;POS 9;2026-04-09T18:56:31.473006+00:00;0712c4e9-e80e-4c45-9c71-f31290a224eb;2026-04-08T12:13:01.367912;2026-04-08T12:13:02.570950;30;import de données;delivery;livraison;0;erreur;interne;Extrait du rapport d'import: | 2026-04-07 23:58:01,739 {'ean': [ErrorDetail(string='article 100235794 non fournit par FOURNISSEUR CENTRALE', code='invalid')]} - [D29110023579400000001470000000100000000000] | 2026-04-07 23:58:01,795 {'ean': [ErrorDetail(string='article 100235794 non fournit par FOURNISSEUR CENTRALE', code='invalid')]} - [D29210023579400000001470000000100000000000] | 2026-04-07 23:58:01,821 {'ean': [ErrorDetail(string='article 100235794 non fournit par FOURNISSEUR CENTRALE', code='invalid')]} - [D29310023579400000001470000000100000000000] | 2026-04-07 23:58:01,864 {'ean': [ErrorDetail(string='article 100235794 non fournit par FOURNISSEUR CENTRALE', code='invalid')]} - [D29410023579400000001470000000100000000000] | 2026-04-07 23:58:01,893 {'ean': [ErrorDetail(string='article 100235794 non fournit par FOURNISSEUR CENTRALE', code='invalid')]} - [D29510023579400000001470000000100000000000] | 2026-04-07 23:58:01,927 {'ean': [ErrorDetail(string='article 100235794 non fournit par FOURNISSEUR CENTRALE', code='invalid')]} - [D30210023579400000001470000000100000000000] | 2026-04-07 23:58:01,932 fin intégration: (f50649eb-d851-4e6f-b42f-f4d3a87fba7f) | fichier: /srv/import/080/SugCde_2554227_20260407164501.txt | 35 lignes formatées | 34 lignes en erreurs | 1 lignes crées | 0 lignes mises à jour | 0 lignes supprimées | 2026-04-08 12:11:02,930 fin intégration: (9edd721c-8d3b-47d7-a159-dbc4bb543514) | fichier: /srv/import/080/Fac_080_00108185.LC | 29 lignes formatées | 0 lignes en erreurs | 29 lignes crées | 0 lignes mises à jour | 0 lignes supprimées | 2026-04-08 12:12:01,480 fin intégration: (3104e224-7360-44ce-97ae-afc04cd899ec) | fichier: /srv/import/080/Fac_080_00108198.LC | 3 lignes formatées | 0 lignes en erreurs | 3 lignes crées | 0 lignes mises à jour | 0 lignes supprimées;293;MANDARINE AMBASSADE CHINE
pos9;POS 9;2026-04-09T18:56:31.473006+00:00;1c809f66-1120-4d9b-b04f-f44cf01fb9f8;2026-04-08T12:13:01.349831;2026-04-08T12:13:02.274422;30;import de données;delivery;livraison;2;succès;interne;Import livraison: | fin intégration: (1c809f66-1120-4d9b-b04f-f44cf01fb9f8) | fichier: /srv/import/292/Fac_292_00216239.LC | 13 lignes formatées | 0 lignes en erreurs | 13 lignes crées | 0 lignes mises à jour | 0 lignes supprimées;292;MANDARINE KOUMASSI
pos9;POS 9;2026-04-09T18:56:31.473006+00:00;56b96830-633a-448c-b5f5-b57d855acec8;2026-04-08T12:13:01.324052;2026-04-08T12:13:02.070653;30;import de données;delivery;livraison;0;erreur;interne;Extrait du rapport d'import: | 2026-04-07 23:58:01,739 {'ean': [ErrorDetail(string='article 100235794 non fournit par FOURNISSEUR CENTRALE', code='invalid')]} - [D29110023579400000001470000000100000000000] | 2026-04-07 23:58:01,795 {'ean': [ErrorDetail(string='article 100235794 non fournit par FOURNISSEUR CENTRALE', code='invalid')]} - [D29210023579400000001470000000100000000000] | 2026-04-07 23:58:01,821 {'ean': [ErrorDetail(string='article 100235794 non fournit par FOURNISSEUR CENTRALE', code='invalid')]} - [D29310023579400000001470000000100000000000] | 2026-04-07 23:58:01,864 {'ean': [ErrorDetail(string='article 100235794 non fournit par FOURNISSEUR CENTRALE', code='invalid')]} - [D29410023579400000001470000000100000000000] | 2026-04-07 23:58:01,893 {'ean': [ErrorDetail(string='article 100235794 non fournit par FOURNISSEUR CENTRALE', code='invalid')]} - [D29510023579400000001470000000100000000000] | 2026-04-07 23:58:01,927 {'ean': [ErrorDetail(string='article 100235794 non fournit par FOURNISSEUR CENTRALE', code='invalid')]} - [D30210023579400000001470000000100000000000] | 2026-04-07 23:58:01,932 fin intégration: (f50649eb-d851-4e6f-b42f-f4d3a87fba7f) | fichier: /srv/import/080/SugCde_2554227_20260407164501.txt | 35 lignes formatées | 34 lignes en erreurs | 1 lignes crées | 0 lignes mises à jour | 0 lignes supprimées | 2026-04-08 12:11:02,930 fin intégration: (9edd721c-8d3b-47d7-a159-dbc4bb543514) | fichier: /srv/import/080/Fac_080_00108185.LC | 29 lignes formatées | 0 lignes en erreurs | 29 lignes crées | 0 lignes mises à jour | 0 lignes supprimées | 2026-04-08 12:12:01,480 fin intégration: (3104e224-7360-44ce-97ae-afc04cd899ec) | fichier: /srv/import/080/Fac_080_00108198.LC | 3 lignes formatées | 0 lignes en erreurs | 3 lignes crées | 0 lignes mises à jour | 0 lignes supprimées;291;MANDARINE DANGA
pos9;POS 9;2026-04-09T18:56:31.473006+00:00;47c777a0-5266-4d1f-a54a-4589ea04bf2a;2026-04-08T12:12:01.313474;2026-04-08T12:12:02.292957;30;import de données;delivery;livraison;2;succès;interne;Import livraison: | fin intégration: (47c777a0-5266-4d1f-a54a-4589ea04bf2a) | fichier: /srv/import/292/Fac_292_00216238.LC | 21 lignes formatées | 0 lignes en erreurs | 21 lignes crées | 0 lignes mises à jour | 0 lignes supprimées;292;MANDARINE KOUMASSI
pos9;POS 9;2026-04-09T18:56:31.473006+00:00;b52037e1-057c-4332-8eb2-bbf1de02616e;2026-04-08T12:12:01.339146;2026-04-08T12:12:02.056121;30;import de données;delivery;livraison;0;erreur;interne;Extrait du rapport d'import: | 2026-04-07 23:58:01,739 {'ean': [ErrorDetail(string='article 100235794 non fournit par FOURNISSEUR CENTRALE', code='invalid')]} - [D29110023579400000001470000000100000000000] | 2026-04-07 23:58:01,795 {'ean': [ErrorDetail(string='article 100235794 non fournit par FOURNISSEUR CENTRALE', code='invalid')]} - [D29210023579400000001470000000100000000000] | 2026-04-07 23:58:01,821 {'ean': [ErrorDetail(string='article 100235794 non fournit par FOURNISSEUR CENTRALE', code='invalid')]} - [D29310023579400000001470000000100000000000] | 2026-04-07 23:58:01,864 {'ean': [ErrorDetail(string='article 100235794 non fournit par FOURNISSEUR CENTRALE', code='invalid')]} - [D29410023579400000001470000000100000000000] | 2026-04-07 23:58:01,893 {'ean': [ErrorDetail(string='article 100235794 non fournit par FOURNISSEUR CENTRALE', code='invalid')]} - [D29510023579400000001470000000100000000000] | 2026-04-07 23:58:01,927 {'ean': [ErrorDetail(string='article 100235794 non fournit par FOURNISSEUR CENTRALE', code='invalid')]} - [D30210023579400000001470000000100000000000] | 2026-04-07 23:58:01,932 fin intégration: (f50649eb-d851-4e6f-b42f-f4d3a87fba7f) | fichier: /srv/import/080/SugCde_2554227_20260407164501.txt | 35 lignes formatées | 34 lignes en erreurs | 1 lignes crées | 0 lignes mises à jour | 0 lignes supprimées | 2026-04-08 12:11:02,930 fin intégration: (9edd721c-8d3b-47d7-a159-dbc4bb543514) | fichier: /srv/import/080/Fac_080_00108185.LC | 29 lignes formatées | 0 lignes en erreurs | 29 lignes crées | 0 lignes mises à jour | 0 lignes supprimées | 2026-04-08 12:12:01,480 fin intégration: (3104e224-7360-44ce-97ae-afc04cd899ec) | fichier: /srv/import/080/Fac_080_00108198.LC | 3 lignes formatées | 0 lignes en erreurs | 3 lignes crées | 0 lignes mises à jour | 0 lignes supprimées;293;MANDARINE AMBASSADE CHINE
pos9;POS 9;2026-04-09T18:56:31.473006+00:00;d4492d18-3f0a-4af9-aaf3-c1ab52c5f8ae;2026-04-08T12:12:01.304032;2026-04-08T12:12:01.865462;30;import de données;delivery;livraison;0;erreur;interne;Extrait du rapport d'import: | 2026-04-07 23:58:01,739 {'ean': [ErrorDetail(string='article 100235794 non fournit par FOURNISSEUR CENTRALE', code='invalid')]} - [D29110023579400000001470000000100000000000] | 2026-04-07 23:58:01,795 {'ean': [ErrorDetail(string='article 100235794 non fournit par FOURNISSEUR CENTRALE', code='invalid')]} - [D29210023579400000001470000000100000000000] | 2026-04-07 23:58:01,821 {'ean': [ErrorDetail(string='article 100235794 non fournit par FOURNISSEUR CENTRALE', code='invalid')]} - [D29310023579400000001470000000100000000000] | 2026-04-07 23:58:01,864 {'ean': [ErrorDetail(string='article 100235794 non fournit par FOURNISSEUR CENTRALE', code='invalid')]} - [D29410023579400000001470000000100000000000] | 2026-04-07 23:58:01,893 {'ean': [ErrorDetail(string='article 100235794 non fournit par FOURNISSEUR CENTRALE', code='invalid')]} - [D29510023579400000001470000000100000000000] | 2026-04-07 23:58:01,927 {'ean': [ErrorDetail(string='article 100235794 non fournit par FOURNISSEUR CENTRALE', code='invalid')]} - [D30210023579400000001470000000100000000000] | 2026-04-07 23:58:01,932 fin intégration: (f50649eb-d851-4e6f-b42f-f4d3a87fba7f) | fichier: /srv/import/080/SugCde_2554227_20260407164501.txt | 35 lignes formatées | 34 lignes en erreurs | 1 lignes crées | 0 lignes mises à jour | 0 lignes supprimées | 2026-04-08 12:11:02,930 fin intégration: (9edd721c-8d3b-47d7-a159-dbc4bb543514) | fichier: /srv/import/080/Fac_080_00108185.LC | 29 lignes formatées | 0 lignes en erreurs | 29 lignes crées | 0 lignes mises à jour | 0 lignes supprimées | 2026-04-08 12:12:01,480 fin intégration: (3104e224-7360-44ce-97ae-afc04cd899ec) | fichier: /srv/import/080/Fac_080_00108198.LC | 3 lignes formatées | 0 lignes en erreurs | 3 lignes crées | 0 lignes mises à jour | 0 lignes supprimées;291;MANDARINE DANGA
pos9;POS 9;2026-04-09T18:56:31.473006+00:00;3104e224-7360-44ce-97ae-afc04cd899ec;2026-04-08T12:12:01.284108;2026-04-08T12:12:01.482425;30;import de données;delivery;livraison;2;succès;interne;Import livraison: | fin intégration: (3104e224-7360-44ce-97ae-afc04cd899ec) | fichier: /srv/import/080/Fac_080_00108198.LC | 3 lignes formatées | 0 lignes en erreurs | 3 lignes crées | 0 lignes mises à jour | 0 lignes supprimées;080;MANDARINE MARCORY
pos9;POS 9;2026-04-09T18:56:31.473006+00:00;033f437a-1cef-4ee6-9598-b5cfef5ee988;2026-04-08T12:11:01.321851;2026-04-08T12:11:03.296587;30;import de données;delivery;livraison;2;succès;interne;Import livraison: | fin intégration: (033f437a-1cef-4ee6-9598-b5cfef5ee988) | fichier: /srv/import/292/Fac_292_00216237.LC | 44 lignes formatées | 0 lignes en erreurs | 44 lignes crées | 0 lignes mises à jour | 0 lignes supprimées;292;MANDARINE KOUMASSI
pos9;POS 9;2026-04-09T18:56:31.473006+00:00;9edd721c-8d3b-47d7-a159-dbc4bb543514;2026-04-08T12:11:01.290985;2026-04-08T12:11:02.934587;30;import de données;delivery;livraison;2;succès;interne;Import livraison: | fin intégration: (9edd721c-8d3b-47d7-a159-dbc4bb543514) | fichier: /srv/import/080/Fac_080_00108185.LC | 29 lignes formatées | 0 lignes en erreurs | 29 lignes crées | 0 lignes mises à jour | 0 lignes supprimées;080;MANDARINE MARCORY
pos9;POS 9;2026-04-09T18:56:31.473006+00:00;9ed277b3-10c6-4cbd-9640-1b2a436c1c1c;2026-04-08T12:11:01.337009;2026-04-08T12:11:02.931368;30;import de données;delivery;livraison;0;erreur;interne;Extrait du rapport d'import: | 2026-04-07 23:58:01,400 {'ean': [ErrorDetail(string='article 100235793 non fournit par FOURNISSEUR CENTRALE', code='invalid')]} - [D29210023579300000001200000000100000000000] | 2026-04-07 23:58:01,415 {'ean': [ErrorDetail(string='article 100235793 non fournit par FOURNISSEUR CENTRALE', code='invalid')]} - [D29310023579300000001200000000100000000000] | 2026-04-07 23:58:01,433 {'ean': [ErrorDetail(string='article 100235793 non fournit par FOURNISSEUR CENTRALE', code='invalid')]} - [D29410023579300000001200000000100000000000] | 2026-04-07 23:58:01,461 {'ean': [ErrorDetail(string='article 100235793 non fournit par FOURNISSEUR CENTRALE', code='invalid')]} - [D29510023579300000001200000000100000000000] | 2026-04-07 23:58:01,477 {'ean': [ErrorDetail(string='article 100235793 non fournit par FOURNISSEUR CENTRALE', code='invalid')]} - [D30210023579300000001200000000100000000000] | 2026-04-07 23:58:01,493 {'ean': [ErrorDetail(string='article 100235794 non fournit par FOURNISSEUR CENTRALE', code='invalid')]} - [D03510023579400000001470000000100000000000] | 2026-04-07 23:58:01,512 {'ean': [ErrorDetail(string='article 100235794 non fournit par FOURNISSEUR CENTRALE', code='invalid')]} - [D05010023579400000001470000000100000000000] | 2026-04-07 23:58:01,527 {'ean': [ErrorDetail(string='article 100235794 non fournit par FOURNISSEUR CENTRALE', code='invalid')]} - [D08010023579400000001470000000100000000000] | 2026-04-07 23:58:01,541 {'ean': [ErrorDetail(string='article 100235794 non fournit par FOURNISSEUR CENTRALE', code='invalid')]} - [D10010023579400000001470000000100000000000] | 2026-04-07 23:58:01,556 {'ean': [ErrorDetail(string='article 100235794 non fournit par FOURNISSEUR CENTRALE', code='invalid')]} - [D11010023579400000001470000000100000000000] | 2026-04-07 23:58:01,571 {'ean': [ErrorDetail(string='article 100235794 non fournit par FOURNISSEUR CENTRALE', code='invalid')]} - [D12010023579400000001470000000100000000000] | 2026-04-07 23:58:01,589 {'ean': [ErrorDetail(string='article 100235794 non fournit par FOURNISSEUR CENTRALE', code='invalid')]} - [D22010023579400000001470000000100000000000] | 2026-04-07 23:58:01,609 {'ean': [ErrorDetail(string='article 100235794 non fournit par FOURNISSEUR CENTRALE', code='invalid')]} - [D23010023579400000001470000000100000000000] | 2026-04-07 23:58:01,628 {'ean': [ErrorDetail(string='article 100235794 non fournit par FOURNISSEUR CENTRALE', code='invalid')]} - [D23510023579400000001470000000100000000000] | 2026-04-07 23:58:01,659 {'ean': [ErrorDetail(string='article 100235794 non fournit par FOURNISSEUR CENTRALE', code='invalid')]} - [D28110023579400000001470000000100000000000] | 2026-04-07 23:58:01,701 {'ean': [ErrorDetail(string='article 100235794 non fournit par FOURNISSEUR CENTRALE', code='invalid')]} - [D29010023579400000001470000000100000000000] | 2026-04-07 23:58:01,739 {'ean': [ErrorDetail(string='article 100235794 non fournit par FOURNISSEUR CENTRALE', code='invalid')]} - [D29110023579400000001470000000100000000000] | 2026-04-07 23:58:01,795 {'ean': [ErrorDetail(string='article 100235794 non fournit par FOURNISSEUR CENTRALE', code='invalid')]} - [D29210023579400000001470000000100000000000] | 2026-04-07 23:58:01,821 {'ean': [ErrorDetail(string='article 100235794 non fournit par FOURNISSEUR CENTRALE', code='invalid')]} - [D29310023579400000001470000000100000000000] | 2026-04-07 23:58:01,864 {'ean': [ErrorDetail(string='article 100235794 non fournit par FOURNISSEUR CENTRALE', code='invalid')]} - [D29410023579400000001470000000100000000000] | 2026-04-07 23:58:01,893 {'ean': [ErrorDetail(string='article 100235794 non fournit par FOURNISSEUR CENTRALE', code='invalid')]} - [D29510023579400000001470000000100000000000] | 2026-04-07 23:58:01,927 {'ean': [ErrorDetail(string='article 100235794 non fournit par FOURNISSEUR CENTRALE', code='invalid')]} - [D30210023579400000001470000000100000000000] | 2026-04-07 23:58:01,932 fin intégration: (f50649eb-d851-4e6f-b42f-f4d3a87fba7f) | fichier: /srv/import/080/SugCde_2554227_20260407164501.txt | 35 lignes formatées | 34 lignes en erreurs | 1 lignes crées | 0 lignes mises à jour | 0 lignes supprimées;293;MANDARINE AMBASSADE CHINE
pos9;POS 9;2026-04-09T18:56:31.473006+00:00;99729495-7796-440d-b155-97614b387c9a;2026-04-08T12:11:01.308082;2026-04-08T12:11:02.900746;30;import de données;delivery;livraison;0;erreur;interne;Extrait du rapport d'import: | 2026-04-07 23:58:01,400 {'ean': [ErrorDetail(string='article 100235793 non fournit par FOURNISSEUR CENTRALE', code='invalid')]} - [D29210023579300000001200000000100000000000] | 2026-04-07 23:58:01,415 {'ean': [ErrorDetail(string='article 100235793 non fournit par FOURNISSEUR CENTRALE', code='invalid')]} - [D29310023579300000001200000000100000000000] | 2026-04-07 23:58:01,433 {'ean': [ErrorDetail(string='article 100235793 non fournit par FOURNISSEUR CENTRALE', code='invalid')]} - [D29410023579300000001200000000100000000000] | 2026-04-07 23:58:01,461 {'ean': [ErrorDetail(string='article 100235793 non fournit par FOURNISSEUR CENTRALE', code='invalid')]} - [D29510023579300000001200000000100000000000] | 2026-04-07 23:58:01,477 {'ean': [ErrorDetail(string='article 100235793 non fournit par FOURNISSEUR CENTRALE', code='invalid')]} - [D30210023579300000001200000000100000000000] | 2026-04-07 23:58:01,493 {'ean': [ErrorDetail(string='article 100235794 non fournit par FOURNISSEUR CENTRALE', code='invalid')]} - [D03510023579400000001470000000100000000000] | 2026-04-07 23:58:01,512 {'ean': [ErrorDetail(string='article 100235794 non fournit par FOURNISSEUR CENTRALE', code='invalid')]} - [D05010023579400000001470000000100000000000] | 2026-04-07 23:58:01,527 {'ean': [ErrorDetail(string='article 100235794 non fournit par FOURNISSEUR CENTRALE', code='invalid')]} - [D08010023579400000001470000000100000000000] | 2026-04-07 23:58:01,541 {'ean': [ErrorDetail(string='article 100235794 non fournit par FOURNISSEUR CENTRALE', code='invalid')]} - [D10010023579400000001470000000100000000000] | 2026-04-07 23:58:01,556 {'ean': [ErrorDetail(string='article 100235794 non fournit par FOURNISSEUR CENTRALE', code='invalid')]} - [D11010023579400000001470000000100000000000] | 2026-04-07 23:58:01,571 {'ean': [ErrorDetail(string='article 100235794 non fournit par FOURNISSEUR CENTRALE', code='invalid')]} - [D12010023579400000001470000000100000000000] | 2026-04-07 23:58:01,589 {'ean': [ErrorDetail(string='article 100235794 non fournit par FOURNISSEUR CENTRALE', code='invalid')]} - [D22010023579400000001470000000100000000000] | 2026-04-07 23:58:01,609 {'ean': [ErrorDetail(string='article 100235794 non fournit par FOURNISSEUR CENTRALE', code='invalid')]} - [D23010023579400000001470000000100000000000] | 2026-04-07 23:58:01,628 {'ean': [ErrorDetail(string='article 100235794 non fournit par FOURNISSEUR CENTRALE', code='invalid')]} - [D23510023579400000001470000000100000000000] | 2026-04-07 23:58:01,659 {'ean': [ErrorDetail(string='article 100235794 non fournit par FOURNISSEUR CENTRALE', code='invalid')]} - [D28110023579400000001470000000100000000000] | 2026-04-07 23:58:01,701 {'ean': [ErrorDetail(string='article 100235794 non fournit par FOURNISSEUR CENTRALE', code='invalid')]} - [D29010023579400000001470000000100000000000] | 2026-04-07 23:58:01,739 {'ean': [ErrorDetail(string='article 100235794 non fournit par FOURNISSEUR CENTRALE', code='invalid')]} - [D29110023579400000001470000000100000000000] | 2026-04-07 23:58:01,795 {'ean': [ErrorDetail(string='article 100235794 non fournit par FOURNISSEUR CENTRALE', code='invalid')]} - [D29210023579400000001470000000100000000000] | 2026-04-07 23:58:01,821 {'ean': [ErrorDetail(string='article 100235794 non fournit par FOURNISSEUR CENTRALE', code='invalid')]} - [D29310023579400000001470000000100000000000] | 2026-04-07 23:58:01,864 {'ean': [ErrorDetail(string='article 100235794 non fournit par FOURNISSEUR CENTRALE', code='invalid')]} - [D29410023579400000001470000000100000000000] | 2026-04-07 23:58:01,893 {'ean': [ErrorDetail(string='article 100235794 non fournit par FOURNISSEUR CENTRALE', code='invalid')]} - [D29510023579400000001470000000100000000000] | 2026-04-07 23:58:01,927 {'ean': [ErrorDetail(string='article 100235794 non fournit par FOURNISSEUR CENTRALE', code='invalid')]} - [D30210023579400000001470000000100000000000] | 2026-04-07 23:58:01,932 fin intégration: (f50649eb-d851-4e6f-b42f-f4d3a87fba7f) | fichier: /srv/import/080/SugCde_2554227_20260407164501.txt | 35 lignes formatées | 34 lignes en erreurs | 1 lignes crées | 0 lignes mises à jour | 0 lignes supprimées;291;MANDARINE DANGA
pos9;POS 9;2026-04-09T18:56:31.473006+00:00;f50649eb-d851-4e6f-b42f-f4d3a87fba7f;2026-04-07T23:58:01.001960;2026-04-07T23:58:01.985891;30;import de données;supplier_order;commande fournisseur;0;erreur;interne;Extrait du rapport d'import: | 2026-04-07 23:58:01,400 {'ean': [ErrorDetail(string='article 100235793 non fournit par FOURNISSEUR CENTRALE', code='invalid')]} - [D29210023579300000001200000000100000000000] | 2026-04-07 23:58:01,415 {'ean': [ErrorDetail(string='article 100235793 non fournit par FOURNISSEUR CENTRALE', code='invalid')]} - [D29310023579300000001200000000100000000000] | 2026-04-07 23:58:01,433 {'ean': [ErrorDetail(string='article 100235793 non fournit par FOURNISSEUR CENTRALE', code='invalid')]} - [D29410023579300000001200000000100000000000] | 2026-04-07 23:58:01,461 {'ean': [ErrorDetail(string='article 100235793 non fournit par FOURNISSEUR CENTRALE', code='invalid')]} - [D29510023579300000001200000000100000000000] | 2026-04-07 23:58:01,477 {'ean': [ErrorDetail(string='article 100235793 non fournit par FOURNISSEUR CENTRALE', code='invalid')]} - [D30210023579300000001200000000100000000000] | 2026-04-07 23:58:01,493 {'ean': [ErrorDetail(string='article 100235794 non fournit par FOURNISSEUR CENTRALE', code='invalid')]} - [D03510023579400000001470000000100000000000] | 2026-04-07 23:58:01,512 {'ean': [ErrorDetail(string='article 100235794 non fournit par FOURNISSEUR CENTRALE', code='invalid')]} - [D05010023579400000001470000000100000000000] | 2026-04-07 23:58:01,527 {'ean': [ErrorDetail(string='article 100235794 non fournit par FOURNISSEUR CENTRALE', code='invalid')]} - [D08010023579400000001470000000100000000000] | 2026-04-07 23:58:01,541 {'ean': [ErrorDetail(string='article 100235794 non fournit par FOURNISSEUR CENTRALE', code='invalid')]} - [D10010023579400000001470000000100000000000] | 2026-04-07 23:58:01,556 {'ean': [ErrorDetail(string='article 100235794 non fournit par FOURNISSEUR CENTRALE', code='invalid')]} - [D11010023579400000001470000000100000000000] | 2026-04-07 23:58:01,571 {'ean': [ErrorDetail(string='article 100235794 non fournit par FOURNISSEUR CENTRALE', code='invalid')]} - [D12010023579400000001470000000100000000000] | 2026-04-07 23:58:01,589 {'ean': [ErrorDetail(string='article 100235794 non fournit par FOURNISSEUR CENTRALE', code='invalid')]} - [D22010023579400000001470000000100000000000] | 2026-04-07 23:58:01,609 {'ean': [ErrorDetail(string='article 100235794 non fournit par FOURNISSEUR CENTRALE', code='invalid')]} - [D23010023579400000001470000000100000000000] | 2026-04-07 23:58:01,628 {'ean': [ErrorDetail(string='article 100235794 non fournit par FOURNISSEUR CENTRALE', code='invalid')]} - [D23510023579400000001470000000100000000000] | 2026-04-07 23:58:01,659 {'ean': [ErrorDetail(string='article 100235794 non fournit par FOURNISSEUR CENTRALE', code='invalid')]} - [D28110023579400000001470000000100000000000] | 2026-04-07 23:58:01,701 {'ean': [ErrorDetail(string='article 100235794 non fournit par FOURNISSEUR CENTRALE', code='invalid')]} - [D29010023579400000001470000000100000000000] | 2026-04-07 23:58:01,739 {'ean': [ErrorDetail(string='article 100235794 non fournit par FOURNISSEUR CENTRALE', code='invalid')]} - [D29110023579400000001470000000100000000000] | 2026-04-07 23:58:01,795 {'ean': [ErrorDetail(string='article 100235794 non fournit par FOURNISSEUR CENTRALE', code='invalid')]} - [D29210023579400000001470000000100000000000] | 2026-04-07 23:58:01,821 {'ean': [ErrorDetail(string='article 100235794 non fournit par FOURNISSEUR CENTRALE', code='invalid')]} - [D29310023579400000001470000000100000000000] | 2026-04-07 23:58:01,864 {'ean': [ErrorDetail(string='article 100235794 non fournit par FOURNISSEUR CENTRALE', code='invalid')]} - [D29410023579400000001470000000100000000000] | 2026-04-07 23:58:01,893 {'ean': [ErrorDetail(string='article 100235794 non fournit par FOURNISSEUR CENTRALE', code='invalid')]} - [D29510023579400000001470000000100000000000] | 2026-04-07 23:58:01,927 {'ean': [ErrorDetail(string='article 100235794 non fournit par FOURNISSEUR CENTRALE', code='invalid')]} - [D30210023579400000001470000000100000000000] | 2026-04-07 23:58:01,932 fin intégration: (f50649eb-d851-4e6f-b42f-f4d3a87fba7f) | fichier: /srv/import/080/SugCde_2554227_20260407164501.txt | 35 lignes formatées | 34 lignes en erreurs | 1 lignes crées | 0 lignes mises à jour | 0 lignes supprimées;080;MANDARINE MARCORY
pos9;POS 9;2026-04-09T18:56:31.473006+00:00;fbc90040-a5e3-4ef7-95d7-ccd391522555;2026-04-07T23:58:01.019391;2026-04-07T23:58:01.981733;30;import de données;supplier_order;commande fournisseur;0;erreur;interne;Extrait du rapport d'import: | 2026-04-07 23:58:01,400 {'ean': [ErrorDetail(string='article 100235793 non fournit par FOURNISSEUR CENTRALE', code='invalid')]} - [D29210023579300000001200000000100000000000] | 2026-04-07 23:58:01,415 {'ean': [ErrorDetail(string='article 100235793 non fournit par FOURNISSEUR CENTRALE', code='invalid')]} - [D29310023579300000001200000000100000000000] | 2026-04-07 23:58:01,433 {'ean': [ErrorDetail(string='article 100235793 non fournit par FOURNISSEUR CENTRALE', code='invalid')]} - [D29410023579300000001200000000100000000000] | 2026-04-07 23:58:01,461 {'ean': [ErrorDetail(string='article 100235793 non fournit par FOURNISSEUR CENTRALE', code='invalid')]} - [D29510023579300000001200000000100000000000] | 2026-04-07 23:58:01,477 {'ean': [ErrorDetail(string='article 100235793 non fournit par FOURNISSEUR CENTRALE', code='invalid')]} - [D30210023579300000001200000000100000000000] | 2026-04-07 23:58:01,493 {'ean': [ErrorDetail(string='article 100235794 non fournit par FOURNISSEUR CENTRALE', code='invalid')]} - [D03510023579400000001470000000100000000000] | 2026-04-07 23:58:01,512 {'ean': [ErrorDetail(string='article 100235794 non fournit par FOURNISSEUR CENTRALE', code='invalid')]} - [D05010023579400000001470000000100000000000] | 2026-04-07 23:58:01,527 {'ean': [ErrorDetail(string='article 100235794 non fournit par FOURNISSEUR CENTRALE', code='invalid')]} - [D08010023579400000001470000000100000000000] | 2026-04-07 23:58:01,541 {'ean': [ErrorDetail(string='article 100235794 non fournit par FOURNISSEUR CENTRALE', code='invalid')]} - [D10010023579400000001470000000100000000000] | 2026-04-07 23:58:01,556 {'ean': [ErrorDetail(string='article 100235794 non fournit par FOURNISSEUR CENTRALE', code='invalid')]} - [D11010023579400000001470000000100000000000] | 2026-04-07 23:58:01,571 {'ean': [ErrorDetail(string='article 100235794 non fournit par FOURNISSEUR CENTRALE', code='invalid')]} - [D12010023579400000001470000000100000000000] | 2026-04-07 23:58:01,589 {'ean': [ErrorDetail(string='article 100235794 non fournit par FOURNISSEUR CENTRALE', code='invalid')]} - [D22010023579400000001470000000100000000000] | 2026-04-07 23:58:01,609 {'ean': [ErrorDetail(string='article 100235794 non fournit par FOURNISSEUR CENTRALE', code='invalid')]} - [D23010023579400000001470000000100000000000] | 2026-04-07 23:58:01,628 {'ean': [ErrorDetail(string='article 100235794 non fournit par FOURNISSEUR CENTRALE', code='invalid')]} - [D23510023579400000001470000000100000000000] | 2026-04-07 23:58:01,659 {'ean': [ErrorDetail(string='article 100235794 non fournit par FOURNISSEUR CENTRALE', code='invalid')]} - [D28110023579400000001470000000100000000000] | 2026-04-07 23:58:01,701 {'ean': [ErrorDetail(string='article 100235794 non fournit par FOURNISSEUR CENTRALE', code='invalid')]} - [D29010023579400000001470000000100000000000] | 2026-04-07 23:58:01,739 {'ean': [ErrorDetail(string='article 100235794 non fournit par FOURNISSEUR CENTRALE', code='invalid')]} - [D29110023579400000001470000000100000000000] | 2026-04-07 23:58:01,795 {'ean': [ErrorDetail(string='article 100235794 non fournit par FOURNISSEUR CENTRALE', code='invalid')]} - [D29210023579400000001470000000100000000000] | 2026-04-07 23:58:01,821 {'ean': [ErrorDetail(string='article 100235794 non fournit par FOURNISSEUR CENTRALE', code='invalid')]} - [D29310023579400000001470000000100000000000] | 2026-04-07 23:58:01,864 {'ean': [ErrorDetail(string='article 100235794 non fournit par FOURNISSEUR CENTRALE', code='invalid')]} - [D29410023579400000001470000000100000000000] | 2026-04-07 23:58:01,893 {'ean': [ErrorDetail(string='article 100235794 non fournit par FOURNISSEUR CENTRALE', code='invalid')]} - [D29510023579400000001470000000100000000000] | 2026-04-07 23:58:01,927 {'ean': [ErrorDetail(string='article 100235794 non fournit par FOURNISSEUR CENTRALE', code='invalid')]} - [D30210023579400000001470000000100000000000] | 2026-04-07 23:58:01,932 fin intégration: (f50649eb-d851-4e6f-b42f-f4d3a87fba7f) | fichier: /srv/import/080/SugCde_2554227_20260407164501.txt | 35 lignes formatées | 34 lignes en erreurs | 1 lignes crées | 0 lignes mises à jour | 0 lignes supprimées;291;MANDARINE DANGA
pos9;POS 9;2026-04-09T18:56:31.473006+00:00;c7868a19-1958-4638-82a6-a12a66c896e3;2026-04-07T23:57:01.015176;2026-04-07T23:57:04.312128;30;import de données;supplier_order;commande fournisseur;0;erreur;interne;Extrait du rapport d'import: | 2026-04-07 23:57:02,200 {'ean': [ErrorDetail(string='article 100235793 non fournit par FOURNISSEUR CENTRALE', code='invalid')]} - [D29210023579300000001200000000100000000000] | 2026-04-07 23:57:02,215 {'ean': [ErrorDetail(string='article 100235793 non fournit par FOURNISSEUR CENTRALE', code='invalid')]} - [D29310023579300000001200000000100000000000] | 2026-04-07 23:57:02,228 {'ean': [ErrorDetail(string='article 100235793 non fournit par FOURNISSEUR CENTRALE', code='invalid')]} - [D29410023579300000001200000000100000000000] | 2026-04-07 23:57:02,246 {'ean': [ErrorDetail(string='article 100235793 non fournit par FOURNISSEUR CENTRALE', code='invalid')]} - [D29510023579300000001200000000100000000000] | 2026-04-07 23:57:02,268 {'ean': [ErrorDetail(string='article 100235793 non fournit par FOURNISSEUR CENTRALE', code='invalid')]} - [D30210023579300000001200000000100000000000] | 2026-04-07 23:57:02,285 {'ean': [ErrorDetail(string='article 100235794 non fournit par FOURNISSEUR CENTRALE', code='invalid')]} - [D03510023579400000001470000000100000000000] | 2026-04-07 23:57:02,299 {'ean': [ErrorDetail(string='article 100235794 non fournit par FOURNISSEUR CENTRALE', code='invalid')]} - [D05010023579400000001470000000100000000000] | 2026-04-07 23:57:02,317 {'ean': [ErrorDetail(string='article 100235794 non fournit par FOURNISSEUR CENTRALE', code='invalid')]} - [D08010023579400000001470000000100000000000] | 2026-04-07 23:57:02,331 {'ean': [ErrorDetail(string='article 100235794 non fournit par FOURNISSEUR CENTRALE', code='invalid')]} - [D10010023579400000001470000000100000000000] | 2026-04-07 23:57:02,350 {'ean': [ErrorDetail(string='article 100235794 non fournit par FOURNISSEUR CENTRALE', code='invalid')]} - [D11010023579400000001470000000100000000000] | 2026-04-07 23:57:02,365 {'ean': [ErrorDetail(string='article 100235794 non fournit par FOURNISSEUR CENTRALE', code='invalid')]} - [D12010023579400000001470000000100000000000] | 2026-04-07 23:57:02,383 {'ean': [ErrorDetail(string='article 100235794 non fournit par FOURNISSEUR CENTRALE', code='invalid')]} - [D22010023579400000001470000000100000000000] | 2026-04-07 23:57:02,402 {'ean': [ErrorDetail(string='article 100235794 non fournit par FOURNISSEUR CENTRALE', code='invalid')]} - [D23010023579400000001470000000100000000000] | 2026-04-07 23:57:02,421 {'ean': [ErrorDetail(string='article 100235794 non fournit par FOURNISSEUR CENTRALE', code='invalid')]} - [D23510023579400000001470000000100000000000] | 2026-04-07 23:57:02,437 {'ean': [ErrorDetail(string='article 100235794 non fournit par FOURNISSEUR CENTRALE', code='invalid')]} - [D28110023579400000001470000000100000000000] | 2026-04-07 23:57:02,451 {'ean': [ErrorDetail(string='article 100235794 non fournit par FOURNISSEUR CENTRALE', code='invalid')]} - [D29010023579400000001470000000100000000000] | 2026-04-07 23:57:02,467 {'ean': [ErrorDetail(string='article 100235794 non fournit par FOURNISSEUR CENTRALE', code='invalid')]} - [D29110023579400000001470000000100000000000] | 2026-04-07 23:57:02,482 {'ean': [ErrorDetail(string='article 100235794 non fournit par FOURNISSEUR CENTRALE', code='invalid')]} - [D29210023579400000001470000000100000000000] | 2026-04-07 23:57:02,496 {'ean': [ErrorDetail(string='article 100235794 non fournit par FOURNISSEUR CENTRALE', code='invalid')]} - [D29310023579400000001470000000100000000000] | 2026-04-07 23:57:02,512 {'ean': [ErrorDetail(string='article 100235794 non fournit par FOURNISSEUR CENTRALE', code='invalid')]} - [D29410023579400000001470000000100000000000] | 2026-04-07 23:57:02,530 {'ean': [ErrorDetail(string='article 100235794 non fournit par FOURNISSEUR CENTRALE', code='invalid')]} - [D29510023579400000001470000000100000000000] | 2026-04-07 23:57:02,549 {'ean': [ErrorDetail(string='article 100235794 non fournit par FOURNISSEUR CENTRALE', code='invalid')]} - [D30210023579400000001470000000100000000000] | 2026-04-07 23:57:02,553 fin intégration: (979d11cc-fa8a-4f10-8624-4162a6598148) | fichier: /srv/import/293/SugCde_2554227_20260407164501.txt | 35 lignes formatées | 34 lignes en erreurs | 1 lignes crées | 0 lignes mises à jour | 0 lignes supprimées;291;MANDARINE DANGA
pos9;POS 9;2026-04-09T18:56:31.473006+00:00;c7bb5239-b800-4c5a-9947-b9cfc77209fe;2026-04-07T23:57:00.999911;2026-04-07T23:57:04.209549;30;import de données;supplier_order;commande fournisseur;0;erreur;interne;Extrait du rapport d'import: | 2026-04-07 23:57:02,200 {'ean': [ErrorDetail(string='article 100235793 non fournit par FOURNISSEUR CENTRALE', code='invalid')]} - [D29210023579300000001200000000100000000000] | 2026-04-07 23:57:02,215 {'ean': [ErrorDetail(string='article 100235793 non fournit par FOURNISSEUR CENTRALE', code='invalid')]} - [D29310023579300000001200000000100000000000] | 2026-04-07 23:57:02,228 {'ean': [ErrorDetail(string='article 100235793 non fournit par FOURNISSEUR CENTRALE', code='invalid')]} - [D29410023579300000001200000000100000000000] | 2026-04-07 23:57:02,246 {'ean': [ErrorDetail(string='article 100235793 non fournit par FOURNISSEUR CENTRALE', code='invalid')]} - [D29510023579300000001200000000100000000000] | 2026-04-07 23:57:02,268 {'ean': [ErrorDetail(string='article 100235793 non fournit par FOURNISSEUR CENTRALE', code='invalid')]} - [D30210023579300000001200000000100000000000] | 2026-04-07 23:57:02,285 {'ean': [ErrorDetail(string='article 100235794 non fournit par FOURNISSEUR CENTRALE', code='invalid')]} - [D03510023579400000001470000000100000000000] | 2026-04-07 23:57:02,299 {'ean': [ErrorDetail(string='article 100235794 non fournit par FOURNISSEUR CENTRALE', code='invalid')]} - [D05010023579400000001470000000100000000000] | 2026-04-07 23:57:02,317 {'ean': [ErrorDetail(string='article 100235794 non fournit par FOURNISSEUR CENTRALE', code='invalid')]} - [D08010023579400000001470000000100000000000] | 2026-04-07 23:57:02,331 {'ean': [ErrorDetail(string='article 100235794 non fournit par FOURNISSEUR CENTRALE', code='invalid')]} - [D10010023579400000001470000000100000000000] | 2026-04-07 23:57:02,350 {'ean': [ErrorDetail(string='article 100235794 non fournit par FOURNISSEUR CENTRALE', code='invalid')]} - [D11010023579400000001470000000100000000000] | 2026-04-07 23:57:02,365 {'ean': [ErrorDetail(string='article 100235794 non fournit par FOURNISSEUR CENTRALE', code='invalid')]} - [D12010023579400000001470000000100000000000] | 2026-04-07 23:57:02,383 {'ean': [ErrorDetail(string='article 100235794 non fournit par FOURNISSEUR CENTRALE', code='invalid')]} - [D22010023579400000001470000000100000000000] | 2026-04-07 23:57:02,402 {'ean': [ErrorDetail(string='article 100235794 non fournit par FOURNISSEUR CENTRALE', code='invalid')]} - [D23010023579400000001470000000100000000000] | 2026-04-07 23:57:02,421 {'ean': [ErrorDetail(string='article 100235794 non fournit par FOURNISSEUR CENTRALE', code='invalid')]} - [D23510023579400000001470000000100000000000] | 2026-04-07 23:57:02,437 {'ean': [ErrorDetail(string='article 100235794 non fournit par FOURNISSEUR CENTRALE', code='invalid')]} - [D28110023579400000001470000000100000000000] | 2026-04-07 23:57:02,451 {'ean': [ErrorDetail(string='article 100235794 non fournit par FOURNISSEUR CENTRALE', code='invalid')]} - [D29010023579400000001470000000100000000000] | 2026-04-07 23:57:02,467 {'ean': [ErrorDetail(string='article 100235794 non fournit par FOURNISSEUR CENTRALE', code='invalid')]} - [D29110023579400000001470000000100000000000] | 2026-04-07 23:57:02,482 {'ean': [ErrorDetail(string='article 100235794 non fournit par FOURNISSEUR CENTRALE', code='invalid')]} - [D29210023579400000001470000000100000000000] | 2026-04-07 23:57:02,496 {'ean': [ErrorDetail(string='article 100235794 non fournit par FOURNISSEUR CENTRALE', code='invalid')]} - [D29310023579400000001470000000100000000000] | 2026-04-07 23:57:02,512 {'ean': [ErrorDetail(string='article 100235794 non fournit par FOURNISSEUR CENTRALE', code='invalid')]} - [D29410023579400000001470000000100000000000] | 2026-04-07 23:57:02,530 {'ean': [ErrorDetail(string='article 100235794 non fournit par FOURNISSEUR CENTRALE', code='invalid')]} - [D29510023579400000001470000000100000000000] | 2026-04-07 23:57:02,549 {'ean': [ErrorDetail(string='article 100235794 non fournit par FOURNISSEUR CENTRALE', code='invalid')]} - [D30210023579400000001470000000100000000000] | 2026-04-07 23:57:02,553 fin intégration: (979d11cc-fa8a-4f10-8624-4162a6598148) | fichier: /srv/import/293/SugCde_2554227_20260407164501.txt | 35 lignes formatées | 34 lignes en erreurs | 1 lignes crées | 0 lignes mises à jour | 0 lignes supprimées;080;MANDARINE MARCORY
pos9;POS 9;2026-04-09T18:56:31.473006+00:00;979d11cc-fa8a-4f10-8624-4162a6598148;2026-04-07T23:57:01.039962;2026-04-07T23:57:02.589338;30;import de données;supplier_order;commande fournisseur;0;erreur;interne;Extrait du rapport d'import: | 2026-04-07 23:57:02,200 {'ean': [ErrorDetail(string='article 100235793 non fournit par FOURNISSEUR CENTRALE', code='invalid')]} - [D29210023579300000001200000000100000000000] | 2026-04-07 23:57:02,215 {'ean': [ErrorDetail(string='article 100235793 non fournit par FOURNISSEUR CENTRALE', code='invalid')]} - [D29310023579300000001200000000100000000000] | 2026-04-07 23:57:02,228 {'ean': [ErrorDetail(string='article 100235793 non fournit par FOURNISSEUR CENTRALE', code='invalid')]} - [D29410023579300000001200000000100000000000] | 2026-04-07 23:57:02,246 {'ean': [ErrorDetail(string='article 100235793 non fournit par FOURNISSEUR CENTRALE', code='invalid')]} - [D29510023579300000001200000000100000000000] | 2026-04-07 23:57:02,268 {'ean': [ErrorDetail(string='article 100235793 non fournit par FOURNISSEUR CENTRALE', code='invalid')]} - [D30210023579300000001200000000100000000000] | 2026-04-07 23:57:02,285 {'ean': [ErrorDetail(string='article 100235794 non fournit par FOURNISSEUR CENTRALE', code='invalid')]} - [D03510023579400000001470000000100000000000] | 2026-04-07 23:57:02,299 {'ean': [ErrorDetail(string='article 100235794 non fournit par FOURNISSEUR CENTRALE', code='invalid')]} - [D05010023579400000001470000000100000000000] | 2026-04-07 23:57:02,317 {'ean': [ErrorDetail(string='article 100235794 non fournit par FOURNISSEUR CENTRALE', code='invalid')]} - [D08010023579400000001470000000100000000000] | 2026-04-07 23:57:02,331 {'ean': [ErrorDetail(string='article 100235794 non fournit par FOURNISSEUR CENTRALE', code='invalid')]} - [D10010023579400000001470000000100000000000] | 2026-04-07 23:57:02,350 {'ean': [ErrorDetail(string='article 100235794 non fournit par FOURNISSEUR CENTRALE', code='invalid')]} - [D11010023579400000001470000000100000000000] | 2026-04-07 23:57:02,365 {'ean': [ErrorDetail(string='article 100235794 non fournit par FOURNISSEUR CENTRALE', code='invalid')]} - [D12010023579400000001470000000100000000000] | 2026-04-07 23:57:02,383 {'ean': [ErrorDetail(string='article 100235794 non fournit par FOURNISSEUR CENTRALE', code='invalid')]} - [D22010023579400000001470000000100000000000] | 2026-04-07 23:57:02,402 {'ean': [ErrorDetail(string='article 100235794 non fournit par FOURNISSEUR CENTRALE', code='invalid')]} - [D23010023579400000001470000000100000000000] | 2026-04-07 23:57:02,421 {'ean': [ErrorDetail(string='article 100235794 non fournit par FOURNISSEUR CENTRALE', code='invalid')]} - [D23510023579400000001470000000100000000000] | 2026-04-07 23:57:02,437 {'ean': [ErrorDetail(string='article 100235794 non fournit par FOURNISSEUR CENTRALE', code='invalid')]} - [D28110023579400000001470000000100000000000] | 2026-04-07 23:57:02,451 {'ean': [ErrorDetail(string='article 100235794 non fournit par FOURNISSEUR CENTRALE', code='invalid')]} - [D29010023579400000001470000000100000000000] | 2026-04-07 23:57:02,467 {'ean': [ErrorDetail(string='article 100235794 non fournit par FOURNISSEUR CENTRALE', code='invalid')]} - [D29110023579400000001470000000100000000000] | 2026-04-07 23:57:02,482 {'ean': [ErrorDetail(string='article 100235794 non fournit par FOURNISSEUR CENTRALE', code='invalid')]} - [D29210023579400000001470000000100000000000] | 2026-04-07 23:57:02,496 {'ean': [ErrorDetail(string='article 100235794 non fournit par FOURNISSEUR CENTRALE', code='invalid')]} - [D29310023579400000001470000000100000000000] | 2026-04-07 23:57:02,512 {'ean': [ErrorDetail(string='article 100235794 non fournit par FOURNISSEUR CENTRALE', code='invalid')]} - [D29410023579400000001470000000100000000000] | 2026-04-07 23:57:02,530 {'ean': [ErrorDetail(string='article 100235794 non fournit par FOURNISSEUR CENTRALE', code='invalid')]} - [D29510023579400000001470000000100000000000] | 2026-04-07 23:57:02,549 {'ean': [ErrorDetail(string='article 100235794 non fournit par FOURNISSEUR CENTRALE', code='invalid')]} - [D30210023579400000001470000000100000000000] | 2026-04-07 23:57:02,553 fin intégration: (979d11cc-fa8a-4f10-8624-4162a6598148) | fichier: /srv/import/293/SugCde_2554227_20260407164501.txt | 35 lignes formatées | 34 lignes en erreurs | 1 lignes crées | 0 lignes mises à jour | 0 lignes supprimées;293;MANDARINE AMBASSADE CHINE
pos9;POS 9;2026-04-09T18:56:31.473006+00:00;5f49fb1b-9d44-4713-abeb-1f3246bf0b01;2026-04-07T23:57:01.031313;2026-04-07T23:57:01.909888;30;import de données;supplier_order;commande fournisseur;0;erreur;interne;Extrait du rapport d'import: | 2026-04-07 23:57:01,413 {'ean': [ErrorDetail(string='article 100235793 non fournit par FOURNISSEUR CENTRALE', code='invalid')]} - [D29210023579300000001200000000100000000000] | 2026-04-07 23:57:01,436 {'ean': [ErrorDetail(string='article 100235793 non fournit par FOURNISSEUR CENTRALE', code='invalid')]} - [D29310023579300000001200000000100000000000] | 2026-04-07 23:57:01,471 {'ean': [ErrorDetail(string='article 100235793 non fournit par FOURNISSEUR CENTRALE', code='invalid')]} - [D29410023579300000001200000000100000000000] | 2026-04-07 23:57:01,495 {'ean': [ErrorDetail(string='article 100235793 non fournit par FOURNISSEUR CENTRALE', code='invalid')]} - [D29510023579300000001200000000100000000000] | 2026-04-07 23:57:01,524 {'ean': [ErrorDetail(string='article 100235793 non fournit par FOURNISSEUR CENTRALE', code='invalid')]} - [D30210023579300000001200000000100000000000] | 2026-04-07 23:57:01,549 {'ean': [ErrorDetail(string='article 100235794 non fournit par FOURNISSEUR CENTRALE', code='invalid')]} - [D03510023579400000001470000000100000000000] | 2026-04-07 23:57:01,573 {'ean': [ErrorDetail(string='article 100235794 non fournit par FOURNISSEUR CENTRALE', code='invalid')]} - [D05010023579400000001470000000100000000000] | 2026-04-07 23:57:01,596 {'ean': [ErrorDetail(string='article 100235794 non fournit par FOURNISSEUR CENTRALE', code='invalid')]} - [D08010023579400000001470000000100000000000] | 2026-04-07 23:57:01,620 {'ean': [ErrorDetail(string='article 100235794 non fournit par FOURNISSEUR CENTRALE', code='invalid')]} - [D10010023579400000001470000000100000000000] | 2026-04-07 23:57:01,643 {'ean': [ErrorDetail(string='article 100235794 non fournit par FOURNISSEUR CENTRALE', code='invalid')]} - [D11010023579400000001470000000100000000000] | 2026-04-07 23:57:01,667 {'ean': [ErrorDetail(string='article 100235794 non fournit par FOURNISSEUR CENTRALE', code='invalid')]} - [D12010023579400000001470000000100000000000] | 2026-04-07 23:57:01,689 {'ean': [ErrorDetail(string='article 100235794 non fournit par FOURNISSEUR CENTRALE', code='invalid')]} - [D22010023579400000001470000000100000000000] | 2026-04-07 23:57:01,706 {'ean': [ErrorDetail(string='article 100235794 non fournit par FOURNISSEUR CENTRALE', code='invalid')]} - [D23010023579400000001470000000100000000000] | 2026-04-07 23:57:01,727 {'ean': [ErrorDetail(string='article 100235794 non fournit par FOURNISSEUR CENTRALE', code='invalid')]} - [D23510023579400000001470000000100000000000] | 2026-04-07 23:57:01,750 {'ean': [ErrorDetail(string='article 100235794 non fournit par FOURNISSEUR CENTRALE', code='invalid')]} - [D28110023579400000001470000000100000000000] | 2026-04-07 23:57:01,769 {'ean': [ErrorDetail(string='article 100235794 non fournit par FOURNISSEUR CENTRALE', code='invalid')]} - [D29010023579400000001470000000100000000000] | 2026-04-07 23:57:01,785 {'ean': [ErrorDetail(string='article 100235794 non fournit par FOURNISSEUR CENTRALE', code='invalid')]} - [D29110023579400000001470000000100000000000] | 2026-04-07 23:57:01,803 {'ean': [ErrorDetail(string='article 100235794 non fournit par FOURNISSEUR CENTRALE', code='invalid')]} - [D29210023579400000001470000000100000000000] | 2026-04-07 23:57:01,818 {'ean': [ErrorDetail(string='article 100235794 non fournit par FOURNISSEUR CENTRALE', code='invalid')]} - [D29310023579400000001470000000100000000000] | 2026-04-07 23:57:01,834 {'ean': [ErrorDetail(string='article 100235794 non fournit par FOURNISSEUR CENTRALE', code='invalid')]} - [D29410023579400000001470000000100000000000] | 2026-04-07 23:57:01,849 {'ean': [ErrorDetail(string='article 100235794 non fournit par FOURNISSEUR CENTRALE', code='invalid')]} - [D29510023579400000001470000000100000000000] | 2026-04-07 23:57:01,864 {'ean': [ErrorDetail(string='article 100235794 non fournit par FOURNISSEUR CENTRALE', code='invalid')]} - [D30210023579400000001470000000100000000000] | 2026-04-07 23:57:01,867 fin intégration: (5f49fb1b-9d44-4713-abeb-1f3246bf0b01) | fichier: /srv/import/292/SugCde_2554227_20260407164501.txt | 35 lignes formatées | 34 lignes en erreurs | 1 lignes crées | 0 lignes mises à jour | 0 lignes supprimées;292;MANDARINE KOUMASSI
pos9;POS 9;2026-04-09T18:56:31.473006+00:00;42bd79be-cac5-4d57-9b5d-aed48ff7e491;2026-04-07T23:56:01.031511;2026-04-07T23:56:07.334744;30;import de données;supplier_order;commande fournisseur;0;erreur;interne;Extrait du rapport d'import: | 2026-04-07 23:56:07,010 {'ean': [ErrorDetail(string='article 100235795 non fournit par FOURNISSEUR CENTRALE', code='invalid')]} - [D23510023579500000004315000000100000000000] | 2026-04-07 23:56:07,023 {'ean': [ErrorDetail(string='article 100235795 non fournit par FOURNISSEUR CENTRALE', code='invalid')]} - [D28110023579500000004315000000100000000000] | 2026-04-07 23:56:07,037 {'ean': [ErrorDetail(string='article 100235795 non fournit par FOURNISSEUR CENTRALE', code='invalid')]} - [D29010023579500000004315000000100000000000] | 2026-04-07 23:56:07,051 {'ean': [ErrorDetail(string='article 100235795 non fournit par FOURNISSEUR CENTRALE', code='invalid')]} - [D29110023579500000004315000000100000000000] | 2026-04-07 23:56:07,065 {'ean': [ErrorDetail(string='article 100235795 non fournit par FOURNISSEUR CENTRALE', code='invalid')]} - [D29210023579500000004315000000100000000000] | 2026-04-07 23:56:07,079 {'ean': [ErrorDetail(string='article 100235795 non fournit par FOURNISSEUR CENTRALE', code='invalid')]} - [D29310023579500000004315000000100000000000] | 2026-04-07 23:56:07,092 {'ean': [ErrorDetail(string='article 100235795 non fournit par FOURNISSEUR CENTRALE', code='invalid')]} - [D29410023579500000004315000000100000000000] | 2026-04-07 23:56:07,107 {'ean': [ErrorDetail(string='article 100235795 non fournit par FOURNISSEUR CENTRALE', code='invalid')]} - [D29510023579500000004315000000100000000000] | 2026-04-07 23:56:07,120 {'ean': [ErrorDetail(string='article 100570133 non fournit par FOURNISSEUR CENTRALE', code='invalid')]} - [D03510057013300000008255000000100000000000] | 2026-04-07 23:56:07,134 {'ean': [ErrorDetail(string='article 100570133 non fournit par FOURNISSEUR CENTRALE', code='invalid')]} - [D08010057013300000008255000000100000000000] | 2026-04-07 23:56:07,148 {'ean': [ErrorDetail(string='article 100570133 non fournit par FOURNISSEUR CENTRALE', code='invalid')]} - [D10010057013300000008255000000100000000000] | 2026-04-07 23:56:07,163 {'ean': [ErrorDetail(string='article 100570133 non fournit par FOURNISSEUR CENTRALE', code='invalid')]} - [D12010057013300000008255000000100000000000] | 2026-04-07 23:56:07,176 {'ean': [ErrorDetail(string='article 100570133 non fournit par FOURNISSEUR CENTRALE', code='invalid')]} - [D22010057013300000008255000000100000000000] | 2026-04-07 23:56:07,190 {'ean': [ErrorDetail(string='article 100570133 non fournit par FOURNISSEUR CENTRALE', code='invalid')]} - [D23010057013300000008255000000100000000000] | 2026-04-07 23:56:07,204 {'ean': [ErrorDetail(string='article 100570133 non fournit par FOURNISSEUR CENTRALE', code='invalid')]} - [D23510057013300000008255000000100000000000] | 2026-04-07 23:56:07,218 {'ean': [ErrorDetail(string='article 100570133 non fournit par FOURNISSEUR CENTRALE', code='invalid')]} - [D28110057013300000008255000000100000000000] | 2026-04-07 23:56:07,232 {'ean': [ErrorDetail(string='article 100570133 non fournit par FOURNISSEUR CENTRALE', code='invalid')]} - [D29010057013300000008255000000100000000000] | 2026-04-07 23:56:07,246 {'ean': [ErrorDetail(string='article 100570133 non fournit par FOURNISSEUR CENTRALE', code='invalid')]} - [D29110057013300000008255000000100000000000] | 2026-04-07 23:56:07,259 {'ean': [ErrorDetail(string='article 100570133 non fournit par FOURNISSEUR CENTRALE', code='invalid')]} - [D29210057013300000008255000000100000000000] | 2026-04-07 23:56:07,272 {'ean': [ErrorDetail(string='article 100570133 non fournit par FOURNISSEUR CENTRALE', code='invalid')]} - [D29310057013300000008255000000100000000000] | 2026-04-07 23:56:07,286 {'ean': [ErrorDetail(string='article 100570133 non fournit par FOURNISSEUR CENTRALE', code='invalid')]} - [D29410057013300000008255000000100000000000] | 2026-04-07 23:56:07,299 {'ean': [ErrorDetail(string='article 100570133 non fournit par FOURNISSEUR CENTRALE', code='invalid')]} - [D29510057013300000008255000000100000000000] | 2026-04-07 23:56:07,302 fin intégration: (42bd79be-cac5-4d57-9b5d-aed48ff7e491) | fichier: /srv/import/293/SugCde_2554226_20260407164457.txt | 185 lignes formatées | 184 lignes en erreurs | 1 lignes crées | 0 lignes mises à jour | 0 lignes supprimées;293;MANDARINE AMBASSADE CHINE
pos9;POS 9;2026-04-09T18:56:31.473006+00:00;b9655ca1-69ff-43b6-bf9f-9a1e49ab3979;2026-04-07T23:56:01.002503;2026-04-07T23:56:05.638475;30;import de données;supplier_order;commande fournisseur;0;erreur;interne;Extrait du rapport d'import: | 2026-04-07 23:56:05,212 {'ean': [ErrorDetail(string='article 100086004 non fournit par FOURNISSEUR CENTRALE', code='invalid')]} - [D29010008600400000005080000000100000000000] | 2026-04-07 23:56:05,227 {'ean': [ErrorDetail(string='article 100086004 non fournit par FOURNISSEUR CENTRALE', code='invalid')]} - [D29110008600400000005080000000100000000000] | 2026-04-07 23:56:05,242 {'ean': [ErrorDetail(string='article 100086004 non fournit par FOURNISSEUR CENTRALE', code='invalid')]} - [D29210008600400000005080000000100000000000] | 2026-04-07 23:56:05,256 {'ean': [ErrorDetail(string='article 100086004 non fournit par FOURNISSEUR CENTRALE', code='invalid')]} - [D29310008600400000005080000000100000000000] | 2026-04-07 23:56:05,273 {'ean': [ErrorDetail(string='article 100086004 non fournit par FOURNISSEUR CENTRALE', code='invalid')]} - [D29410008600400000005080000000100000000000] | 2026-04-07 23:56:05,287 {'ean': [ErrorDetail(string='article 100086004 non fournit par FOURNISSEUR CENTRALE', code='invalid')]} - [D29510008600400000005080000000100000000000] | 2026-04-07 23:56:05,302 {'ean': [ErrorDetail(string='article 100086005 non fournit par FOURNISSEUR CENTRALE', code='invalid')]} - [D03510008600500000004315000000100000000000] | 2026-04-07 23:56:05,317 {'ean': [ErrorDetail(string='article 100086005 non fournit par FOURNISSEUR CENTRALE', code='invalid')]} - [D08010008600500000004315000000100000000000] | 2026-04-07 23:56:05,332 {'ean': [ErrorDetail(string='article 100086005 non fournit par FOURNISSEUR CENTRALE', code='invalid')]} - [D10010008600500000004315000000100000000000] | 2026-04-07 23:56:05,346 {'ean': [ErrorDetail(string='article 100086005 non fournit par FOURNISSEUR CENTRALE', code='invalid')]} - [D12010008600500000004315000000100000000000] | 2026-04-07 23:56:05,361 {'ean': [ErrorDetail(string='article 100086005 non fournit par FOURNISSEUR CENTRALE', code='invalid')]} - [D22010008600500000004315000000100000000000] | 2026-04-07 23:56:05,376 {'ean': [ErrorDetail(string='article 100086005 non fournit par FOURNISSEUR CENTRALE', code='invalid')]} - [D23010008600500000004315000000100000000000] | 2026-04-07 23:56:05,393 {'ean': [ErrorDetail(string='article 100086005 non fournit par FOURNISSEUR CENTRALE', code='invalid')]} - [D23510008600500000004315000000100000000000] | 2026-04-07 23:56:05,407 {'ean': [ErrorDetail(string='article 100086005 non fournit par FOURNISSEUR CENTRALE', code='invalid')]} - [D28110008600500000004315000000100000000000] | 2026-04-07 23:56:05,421 {'ean': [ErrorDetail(string='article 100086005 non fournit par FOURNISSEUR CENTRALE', code='invalid')]} - [D29010008600500000004315000000100000000000] | 2026-04-07 23:56:05,435 {'ean': [ErrorDetail(string='article 100086005 non fournit par FOURNISSEUR CENTRALE', code='invalid')]} - [D29110008600500000004315000000100000000000] | 2026-04-07 23:56:05,449 {'ean': [ErrorDetail(string='article 100086005 non fournit par FOURNISSEUR CENTRALE', code='invalid')]} - [D29210008600500000004315000000100000000000] | 2026-04-07 23:56:05,464 {'ean': [ErrorDetail(string='article 100086005 non fournit par FOURNISSEUR CENTRALE', code='invalid')]} - [D29310008600500000004315000000100000000000] | 2026-04-07 23:56:05,477 {'ean': [ErrorDetail(string='article 100086005 non fournit par FOURNISSEUR CENTRALE', code='invalid')]} - [D29410008600500000004315000000100000000000] | 2026-04-07 23:56:05,491 {'ean': [ErrorDetail(string='article 100086005 non fournit par FOURNISSEUR CENTRALE', code='invalid')]} - [D29510008600500000004315000000100000000000] | 2026-04-07 23:56:05,506 {'ean': [ErrorDetail(string='article 100086006 non fournit par FOURNISSEUR CENTRALE', code='invalid')]} - [D03510008600600000004315000000100000000000] | 2026-04-07 23:56:05,522 {'ean': [ErrorDetail(string='article 100086006 non fournit par FOURNISSEUR CENTRALE', code='invalid')]} - [D08010008600600000004315000000100000000000] | 2026-04-07 23:56:05,536 {'ean': [ErrorDetail(string='article 100086006 non fournit par FOURNISSEUR CENTRALE', code='invalid')]} - [D10010008600600000004315000000100000000000] | 2026-04-07 23:56:05,550 {'ean': [ErrorDetail(string='article 100086006 non fournit par FOURNISSEUR CENTRALE', code='invalid')]} - [D12010008600600000004315000000100000000000] | 2026-04-07 23:56:05,565 {'ean': [ErrorDetail(string='article 100086006 non fournit par FOURNISSEUR CENTRALE', code='invalid')]} - [D22010008600600000004315000000100000000000] | 2026-04-07 23:56:05,578 {'ean': [ErrorDetail(string='article 100086006 non fournit par FOURNISSEUR CENTRALE', code='invalid')]} - [D23010008600600000004315000000100000000000] | 2026-04-07 23:56:05,593 {'ean': [ErrorDetail(string='article 100086006 non fournit par FOURNISSEUR CENTRALE', code='invalid')]} - [D23510008600600000004315000000100000000000] | 2026-04-07 23:56:05,607 {'ean': [ErrorDetail(string='article 100086006 non fournit par FOURNISSEUR CENTRALE', code='invalid')]} - [D26110008600600000004315000000100000000000] | 2026-04-07 23:56:05,622 {'ean': [ErrorDetail(string='article 100086006 non fournit par FOURNISSEUR CENTRALE', code='invalid')]} - [D28110008600600000004315000000100000000000] | 2026-04-07 23:56:05,636 {'ean': [ErrorDetail(string='article 100086006 non fournit par FOURNISSEUR CENTRALE', code='invalid')]} - [D29010008600600000004315000000100000000000];080;MANDARINE MARCORY
pos9;POS 9;2026-04-09T18:56:31.473006+00:00;de424eca-0964-4ea8-b003-92d32dc55e21;2026-04-07T23:56:01.011542;2026-04-07T23:56:05.251873;30;import de données;supplier_order;commande fournisseur;0;erreur;interne;Extrait du rapport d'import: | 2026-04-07 23:56:04,753 {'ean': [ErrorDetail(string='article 100086002 non fournit par FOURNISSEUR CENTRALE', code='invalid')]} - [D29210008600200000005080000000100000000000] | 2026-04-07 23:56:04,771 {'ean': [ErrorDetail(string='article 100086002 non fournit par FOURNISSEUR CENTRALE', code='invalid')]} - [D29310008600200000005080000000100000000000] | 2026-04-07 23:56:04,790 {'ean': [ErrorDetail(string='article 100086002 non fournit par FOURNISSEUR CENTRALE', code='invalid')]} - [D29410008600200000005080000000100000000000] | 2026-04-07 23:56:04,809 {'ean': [ErrorDetail(string='article 100086002 non fournit par FOURNISSEUR CENTRALE', code='invalid')]} - [D29510008600200000005080000000100000000000] | 2026-04-07 23:56:04,828 {'ean': [ErrorDetail(string='article 100086003 non fournit par FOURNISSEUR CENTRALE', code='invalid')]} - [D03510008600300000005080000000100000000000] | 2026-04-07 23:56:04,847 {'ean': [ErrorDetail(string='article 100086003 non fournit par FOURNISSEUR CENTRALE', code='invalid')]} - [D08010008600300000005080000000100000000000] | 2026-04-07 23:56:04,866 {'ean': [ErrorDetail(string='article 100086003 non fournit par FOURNISSEUR CENTRALE', code='invalid')]} - [D10010008600300000005080000000100000000000] | 2026-04-07 23:56:04,886 {'ean': [ErrorDetail(string='article 100086003 non fournit par FOURNISSEUR CENTRALE', code='invalid')]} - [D12010008600300000005080000000100000000000] | 2026-04-07 23:56:04,905 {'ean': [ErrorDetail(string='article 100086003 non fournit par FOURNISSEUR CENTRALE', code='invalid')]} - [D22010008600300000005080000000100000000000] | 2026-04-07 23:56:04,925 {'ean': [ErrorDetail(string='article 100086003 non fournit par FOURNISSEUR CENTRALE', code='invalid')]} - [D23010008600300000005080000000100000000000] | 2026-04-07 23:56:04,943 {'ean': [ErrorDetail(string='article 100086003 non fournit par FOURNISSEUR CENTRALE', code='invalid')]} - [D23510008600300000005080000000100000000000] | 2026-04-07 23:56:04,961 {'ean': [ErrorDetail(string='article 100086003 non fournit par FOURNISSEUR CENTRALE', code='invalid')]} - [D26110008600300000005080000000100000000000] | 2026-04-07 23:56:04,978 {'ean': [ErrorDetail(string='article 100086003 non fournit par FOURNISSEUR CENTRALE', code='invalid')]} - [D28110008600300000005080000000100000000000] | 2026-04-07 23:56:04,995 {'ean': [ErrorDetail(string='article 100086003 non fournit par FOURNISSEUR CENTRALE', code='invalid')]} - [D29010008600300000005080000000100000000000] | 2026-04-07 23:56:05,013 {'ean': [ErrorDetail(string='article 100086003 non fournit par FOURNISSEUR CENTRALE', code='invalid')]} - [D29110008600300000005080000000100000000000] | 2026-04-07 23:56:05,029 {'ean': [ErrorDetail(string='article 100086003 non fournit par FOURNISSEUR CENTRALE', code='invalid')]} - [D29210008600300000005080000000100000000000] | 2026-04-07 23:56:05,044 {'ean': [ErrorDetail(string='article 100086003 non fournit par FOURNISSEUR CENTRALE', code='invalid')]} - [D29310008600300000005080000000100000000000] | 2026-04-07 23:56:05,060 {'ean': [ErrorDetail(string='article 100086003 non fournit par FOURNISSEUR CENTRALE', code='invalid')]} - [D29410008600300000005080000000100000000000] | 2026-04-07 23:56:05,074 {'ean': [ErrorDetail(string='article 100086003 non fournit par FOURNISSEUR CENTRALE', code='invalid')]} - [D29510008600300000005080000000100000000000] | 2026-04-07 23:56:05,088 {'ean': [ErrorDetail(string='article 100086004 non fournit par FOURNISSEUR CENTRALE', code='invalid')]} - [D03510008600400000005080000000100000000000] | 2026-04-07 23:56:05,102 {'ean': [ErrorDetail(string='article 100086004 non fournit par FOURNISSEUR CENTRALE', code='invalid')]} - [D08010008600400000005080000000100000000000] | 2026-04-07 23:56:05,116 {'ean': [ErrorDetail(string='article 100086004 non fournit par FOURNISSEUR CENTRALE', code='invalid')]} - [D10010008600400000005080000000100000000000] | 2026-04-07 23:56:05,133 {'ean': [ErrorDetail(string='article 100086004 non fournit par FOURNISSEUR CENTRALE', code='invalid')]} - [D12010008600400000005080000000100000000000] | 2026-04-07 23:56:05,148 {'ean': [ErrorDetail(string='article 100086004 non fournit par FOURNISSEUR CENTRALE', code='invalid')]} - [D22010008600400000005080000000100000000000] | 2026-04-07 23:56:05,168 {'ean': [ErrorDetail(string='article 100086004 non fournit par FOURNISSEUR CENTRALE', code='invalid')]} - [D23010008600400000005080000000100000000000] | 2026-04-07 23:56:05,183 {'ean': [ErrorDetail(string='article 100086004 non fournit par FOURNISSEUR CENTRALE', code='invalid')]} - [D23510008600400000005080000000100000000000] | 2026-04-07 23:56:05,197 {'ean': [ErrorDetail(string='article 100086004 non fournit par FOURNISSEUR CENTRALE', code='invalid')]} - [D28110008600400000005080000000100000000000] | 2026-04-07 23:56:05,212 {'ean': [ErrorDetail(string='article 100086004 non fournit par FOURNISSEUR CENTRALE', code='invalid')]} - [D29010008600400000005080000000100000000000] | 2026-04-07 23:56:05,227 {'ean': [ErrorDetail(string='article 100086004 non fournit par FOURNISSEUR CENTRALE', code='invalid')]} - [D29110008600400000005080000000100000000000] | 2026-04-07 23:56:05,242 {'ean': [ErrorDetail(string='article 100086004 non fournit par FOURNISSEUR CENTRALE', code='invalid')]} - [D29210008600400000005080000000100000000000];291;MANDARINE DANGA
pos9;POS 9;2026-04-09T18:56:31.473006+00:00;0e05b65a-bf95-4695-b8b1-c8105766bdf0;2026-04-07T23:56:01.021096;2026-04-07T23:56:04.483070;30;import de données;supplier_order;commande fournisseur;0;erreur;interne;Extrait du rapport d'import: | 2026-04-07 23:56:04,074 {'ean': [ErrorDetail(string='article 100235795 non fournit par FOURNISSEUR CENTRALE', code='invalid')]} - [D23510023579500000004315000000100000000000] | 2026-04-07 23:56:04,089 {'ean': [ErrorDetail(string='article 100235795 non fournit par FOURNISSEUR CENTRALE', code='invalid')]} - [D28110023579500000004315000000100000000000] | 2026-04-07 23:56:04,106 {'ean': [ErrorDetail(string='article 100235795 non fournit par FOURNISSEUR CENTRALE', code='invalid')]} - [D29010023579500000004315000000100000000000] | 2026-04-07 23:56:04,127 {'ean': [ErrorDetail(string='article 100235795 non fournit par FOURNISSEUR CENTRALE', code='invalid')]} - [D29110023579500000004315000000100000000000] | 2026-04-07 23:56:04,143 {'ean': [ErrorDetail(string='article 100235795 non fournit par FOURNISSEUR CENTRALE', code='invalid')]} - [D29210023579500000004315000000100000000000] | 2026-04-07 23:56:04,163 {'ean': [ErrorDetail(string='article 100235795 non fournit par FOURNISSEUR CENTRALE', code='invalid')]} - [D29310023579500000004315000000100000000000] | 2026-04-07 23:56:04,188 {'ean': [ErrorDetail(string='article 100235795 non fournit par FOURNISSEUR CENTRALE', code='invalid')]} - [D29410023579500000004315000000100000000000] | 2026-04-07 23:56:04,210 {'ean': [ErrorDetail(string='article 100235795 non fournit par FOURNISSEUR CENTRALE', code='invalid')]} - [D29510023579500000004315000000100000000000] | 2026-04-07 23:56:04,225 {'ean': [ErrorDetail(string='article 100570133 non fournit par FOURNISSEUR CENTRALE', code='invalid')]} - [D03510057013300000008255000000100000000000] | 2026-04-07 23:56:04,241 {'ean': [ErrorDetail(string='article 100570133 non fournit par FOURNISSEUR CENTRALE', code='invalid')]} - [D08010057013300000008255000000100000000000] | 2026-04-07 23:56:04,265 {'ean': [ErrorDetail(string='article 100570133 non fournit par FOURNISSEUR CENTRALE', code='invalid')]} - [D10010057013300000008255000000100000000000] | 2026-04-07 23:56:04,281 {'ean': [ErrorDetail(string='article 100570133 non fournit par FOURNISSEUR CENTRALE', code='invalid')]} - [D12010057013300000008255000000100000000000] | 2026-04-07 23:56:04,296 {'ean': [ErrorDetail(string='article 100570133 non fournit par FOURNISSEUR CENTRALE', code='invalid')]} - [D22010057013300000008255000000100000000000] | 2026-04-07 23:56:04,316 {'ean': [ErrorDetail(string='article 100570133 non fournit par FOURNISSEUR CENTRALE', code='invalid')]} - [D23010057013300000008255000000100000000000] | 2026-04-07 23:56:04,334 {'ean': [ErrorDetail(string='article 100570133 non fournit par FOURNISSEUR CENTRALE', code='invalid')]} - [D23510057013300000008255000000100000000000] | 2026-04-07 23:56:04,350 {'ean': [ErrorDetail(string='article 100570133 non fournit par FOURNISSEUR CENTRALE', code='invalid')]} - [D28110057013300000008255000000100000000000] | 2026-04-07 23:56:04,365 {'ean': [ErrorDetail(string='article 100570133 non fournit par FOURNISSEUR CENTRALE', code='invalid')]} - [D29010057013300000008255000000100000000000] | 2026-04-07 23:56:04,380 {'ean': [ErrorDetail(string='article 100570133 non fournit par FOURNISSEUR CENTRALE', code='invalid')]} - [D29110057013300000008255000000100000000000] | 2026-04-07 23:56:04,395 {'ean': [ErrorDetail(string='article 100570133 non fournit par FOURNISSEUR CENTRALE', code='invalid')]} - [D29210057013300000008255000000100000000000] | 2026-04-07 23:56:04,414 {'ean': [ErrorDetail(string='article 100570133 non fournit par FOURNISSEUR CENTRALE', code='invalid')]} - [D29310057013300000008255000000100000000000] | 2026-04-07 23:56:04,429 {'ean': [ErrorDetail(string='article 100570133 non fournit par FOURNISSEUR CENTRALE', code='invalid')]} - [D29410057013300000008255000000100000000000] | 2026-04-07 23:56:04,445 {'ean': [ErrorDetail(string='article 100570133 non fournit par FOURNISSEUR CENTRALE', code='invalid')]} - [D29510057013300000008255000000100000000000] | 2026-04-07 23:56:04,448 fin intégration: (0e05b65a-bf95-4695-b8b1-c8105766bdf0) | fichier: /srv/import/292/SugCde_2554226_20260407164457.txt | 185 lignes formatées | 184 lignes en erreurs | 1 lignes crées | 0 lignes mises à jour | 0 lignes supprimées;292;MANDARINE KOUMASSI
pos9;POS 9;2026-04-09T18:56:31.473006+00:00;c53b3674-7d73-4b03-8bb3-552a12b6e693;2026-04-07T23:55:01.000062;2026-04-07T23:55:09.959685;30;import de données;supplier_order;commande fournisseur;0;erreur;interne;Extrait du rapport d'import: | 2026-04-07 23:55:09,213 {'product': [ErrorDetail(string='Ce champ ne peut être nul.', code='null')]} - [D23510038663800000000670000001000000000000] | 2026-04-07 23:55:09,221 {'product': [ErrorDetail(string='Ce champ ne peut être nul.', code='null')]} - [D26110038663800000000670000001000000000000] | 2026-04-07 23:55:09,229 {'product': [ErrorDetail(string='Ce champ ne peut être nul.', code='null')]} - [D28110038663800000000000000001000000000000] | 2026-04-07 23:55:09,239 {'product': [ErrorDetail(string='Ce champ ne peut être nul.', code='null')]} - [D29510038663800000000670000001000000000000] | 2026-04-07 23:55:09,257 {'ean': [ErrorDetail(string='article 100487743 non fournit par FOURNISSEUR CENTRALE', code='invalid')]} - [D03510048774300000001100000001000000000000] | 2026-04-07 23:55:09,272 {'ean': [ErrorDetail(string='article 100487743 non fournit par FOURNISSEUR CENTRALE', code='invalid')]} - [D04010048774300000001100000001000000000000] | 2026-04-07 23:55:09,287 {'ean': [ErrorDetail(string='article 100487743 non fournit par FOURNISSEUR CENTRALE', code='invalid')]} - [D05010048774300000001100000001000000000000] | 2026-04-07 23:55:09,302 {'ean': [ErrorDetail(string='article 100487743 non fournit par FOURNISSEUR CENTRALE', code='invalid')]} - [D08010048774300000001100000001000000000000] | 2026-04-07 23:55:09,316 {'ean': [ErrorDetail(string='article 100487743 non fournit par FOURNISSEUR CENTRALE', code='invalid')]} - [D10010048774300000001100000001000000000000] | 2026-04-07 23:55:09,330 {'ean': [ErrorDetail(string='article 100487743 non fournit par FOURNISSEUR CENTRALE', code='invalid')]} - [D11010048774300000001100000001000000000000] | 2026-04-07 23:55:09,344 {'ean': [ErrorDetail(string='article 100487743 non fournit par FOURNISSEUR CENTRALE', code='invalid')]} - [D12010048774300000001100000001000000000000] | 2026-04-07 23:55:09,358 {'ean': [ErrorDetail(string='article 100487743 non fournit par FOURNISSEUR CENTRALE', code='invalid')]} - [D22010048774300000001100000001000000000000] | 2026-04-07 23:55:09,372 {'ean': [ErrorDetail(string='article 100487743 non fournit par FOURNISSEUR CENTRALE', code='invalid')]} - [D23010048774300000001100000001000000000000] | 2026-04-07 23:55:09,386 {'ean': [ErrorDetail(string='article 100487743 non fournit par FOURNISSEUR CENTRALE', code='invalid')]} - [D23510048774300000001100000001000000000000] | 2026-04-07 23:55:09,401 {'ean': [ErrorDetail(string='article 100487743 non fournit par FOURNISSEUR CENTRALE', code='invalid')]} - [D26110048774300000001100000001000000000000] | 2026-04-07 23:55:09,415 {'ean': [ErrorDetail(string='article 100487743 non fournit par FOURNISSEUR CENTRALE', code='invalid')]} - [D28110048774300000001100000001000000000000] | 2026-04-07 23:55:09,429 {'ean': [ErrorDetail(string='article 100487743 non fournit par FOURNISSEUR CENTRALE', code='invalid')]} - [D29010048774300000001100000001000000000000] | 2026-04-07 23:55:09,443 {'ean': [ErrorDetail(string='article 100487743 non fournit par FOURNISSEUR CENTRALE', code='invalid')]} - [D29110048774300000001100000001000000000000] | 2026-04-07 23:55:09,457 {'ean': [ErrorDetail(string='article 100487743 non fournit par FOURNISSEUR CENTRALE', code='invalid')]} - [D29210048774300000001100000001000000000000] | 2026-04-07 23:55:09,470 {'ean': [ErrorDetail(string='article 100487743 non fournit par FOURNISSEUR CENTRALE', code='invalid')]} - [D29310048774300000001100000001000000000000] | 2026-04-07 23:55:09,485 {'ean': [ErrorDetail(string='article 100487743 non fournit par FOURNISSEUR CENTRALE', code='invalid')]} - [D29410048774300000001100000001000000000000] | 2026-04-07 23:55:09,499 {'ean': [ErrorDetail(string='article 100487743 non fournit par FOURNISSEUR CENTRALE', code='invalid')]} - [D29510048774300000001100000001000000000000] | 2026-04-07 23:55:09,502 fin intégration: (46129fe5-e4a5-473d-8a7a-bcb57e71b0ac) | fichier: /srv/import/293/SugCde_2554225_20260407164452.txt | 270 lignes formatées | 269 lignes en erreurs | 1 lignes crées | 0 lignes mises à jour | 0 lignes supprimées;080;MANDARINE MARCORY
pos9;POS 9;2026-04-09T18:56:31.473006+00:00;46129fe5-e4a5-473d-8a7a-bcb57e71b0ac;2026-04-07T23:55:01.038375;2026-04-07T23:55:09.537496;30;import de données;supplier_order;commande fournisseur;0;erreur;interne;Extrait du rapport d'import: | 2026-04-07 23:55:09,213 {'product': [ErrorDetail(string='Ce champ ne peut être nul.', code='null')]} - [D23510038663800000000670000001000000000000] | 2026-04-07 23:55:09,221 {'product': [ErrorDetail(string='Ce champ ne peut être nul.', code='null')]} - [D26110038663800000000670000001000000000000] | 2026-04-07 23:55:09,229 {'product': [ErrorDetail(string='Ce champ ne peut être nul.', code='null')]} - [D28110038663800000000000000001000000000000] | 2026-04-07 23:55:09,239 {'product': [ErrorDetail(string='Ce champ ne peut être nul.', code='null')]} - [D29510038663800000000670000001000000000000] | 2026-04-07 23:55:09,257 {'ean': [ErrorDetail(string='article 100487743 non fournit par FOURNISSEUR CENTRALE', code='invalid')]} - [D03510048774300000001100000001000000000000] | 2026-04-07 23:55:09,272 {'ean': [ErrorDetail(string='article 100487743 non fournit par FOURNISSEUR CENTRALE', code='invalid')]} - [D04010048774300000001100000001000000000000] | 2026-04-07 23:55:09,287 {'ean': [ErrorDetail(string='article 100487743 non fournit par FOURNISSEUR CENTRALE', code='invalid')]} - [D05010048774300000001100000001000000000000] | 2026-04-07 23:55:09,302 {'ean': [ErrorDetail(string='article 100487743 non fournit par FOURNISSEUR CENTRALE', code='invalid')]} - [D08010048774300000001100000001000000000000] | 2026-04-07 23:55:09,316 {'ean': [ErrorDetail(string='article 100487743 non fournit par FOURNISSEUR CENTRALE', code='invalid')]} - [D10010048774300000001100000001000000000000] | 2026-04-07 23:55:09,330 {'ean': [ErrorDetail(string='article 100487743 non fournit par FOURNISSEUR CENTRALE', code='invalid')]} - [D11010048774300000001100000001000000000000] | 2026-04-07 23:55:09,344 {'ean': [ErrorDetail(string='article 100487743 non fournit par FOURNISSEUR CENTRALE', code='invalid')]} - [D12010048774300000001100000001000000000000] | 2026-04-07 23:55:09,358 {'ean': [ErrorDetail(string='article 100487743 non fournit par FOURNISSEUR CENTRALE', code='invalid')]} - [D22010048774300000001100000001000000000000] | 2026-04-07 23:55:09,372 {'ean': [ErrorDetail(string='article 100487743 non fournit par FOURNISSEUR CENTRALE', code='invalid')]} - [D23010048774300000001100000001000000000000] | 2026-04-07 23:55:09,386 {'ean': [ErrorDetail(string='article 100487743 non fournit par FOURNISSEUR CENTRALE', code='invalid')]} - [D23510048774300000001100000001000000000000] | 2026-04-07 23:55:09,401 {'ean': [ErrorDetail(string='article 100487743 non fournit par FOURNISSEUR CENTRALE', code='invalid')]} - [D26110048774300000001100000001000000000000] | 2026-04-07 23:55:09,415 {'ean': [ErrorDetail(string='article 100487743 non fournit par FOURNISSEUR CENTRALE', code='invalid')]} - [D28110048774300000001100000001000000000000] | 2026-04-07 23:55:09,429 {'ean': [ErrorDetail(string='article 100487743 non fournit par FOURNISSEUR CENTRALE', code='invalid')]} - [D29010048774300000001100000001000000000000] | 2026-04-07 23:55:09,443 {'ean': [ErrorDetail(string='article 100487743 non fournit par FOURNISSEUR CENTRALE', code='invalid')]} - [D29110048774300000001100000001000000000000] | 2026-04-07 23:55:09,457 {'ean': [ErrorDetail(string='article 100487743 non fournit par FOURNISSEUR CENTRALE', code='invalid')]} - [D29210048774300000001100000001000000000000] | 2026-04-07 23:55:09,470 {'ean': [ErrorDetail(string='article 100487743 non fournit par FOURNISSEUR CENTRALE', code='invalid')]} - [D29310048774300000001100000001000000000000] | 2026-04-07 23:55:09,485 {'ean': [ErrorDetail(string='article 100487743 non fournit par FOURNISSEUR CENTRALE', code='invalid')]} - [D29410048774300000001100000001000000000000] | 2026-04-07 23:55:09,499 {'ean': [ErrorDetail(string='article 100487743 non fournit par FOURNISSEUR CENTRALE', code='invalid')]} - [D29510048774300000001100000001000000000000] | 2026-04-07 23:55:09,502 fin intégration: (46129fe5-e4a5-473d-8a7a-bcb57e71b0ac) | fichier: /srv/import/293/SugCde_2554225_20260407164452.txt | 270 lignes formatées | 269 lignes en erreurs | 1 lignes crées | 0 lignes mises à jour | 0 lignes supprimées;293;MANDARINE AMBASSADE CHINE
pos9;POS 9;2026-04-09T18:56:31.473006+00:00;09bfda74-5a83-4c20-b5b6-809fea855138;2026-04-07T23:55:01.011625;2026-04-07T23:55:08.602208;30;import de données;supplier_order;commande fournisseur;0;erreur;interne;Extrait du rapport d'import: | 2026-04-07 23:55:08,188 {'product': [ErrorDetail(string='Ce champ ne peut être nul.', code='null')]} - [D04010038663000000001890000001000000000000] | 2026-04-07 23:55:08,206 {'product': [ErrorDetail(string='Ce champ ne peut être nul.', code='null')]} - [D10010038663000000002230000001000000000000] | 2026-04-07 23:55:08,216 {'product': [ErrorDetail(string='Ce champ ne peut être nul.', code='null')]} - [D11010038663000000002230000001000000000000] | 2026-04-07 23:55:08,224 {'product': [ErrorDetail(string='Ce champ ne peut être nul.', code='null')]} - [D22010038663000000002230000001000000000000] | 2026-04-07 23:55:08,232 {'product': [ErrorDetail(string='Ce champ ne peut être nul.', code='null')]} - [D23010038663000000002230000001000000000000] | 2026-04-07 23:55:08,240 {'product': [ErrorDetail(string='Ce champ ne peut être nul.', code='null')]} - [D23510038663000000002230000001000000000000] | 2026-04-07 23:55:08,248 {'product': [ErrorDetail(string='Ce champ ne peut être nul.', code='null')]} - [D26110038663000000002230000001000000000000] | 2026-04-07 23:55:08,256 {'product': [ErrorDetail(string='Ce champ ne peut être nul.', code='null')]} - [D28110038663000000000000000001000000000000] | 2026-04-07 23:55:08,266 {'product': [ErrorDetail(string='Ce champ ne peut être nul.', code='null')]} - [D29510038663000000002230000001000000000000] | 2026-04-07 23:55:08,280 {'ean': [ErrorDetail(string='article 100386633 non fournit par FOURNISSEUR CENTRALE', code='invalid')]} - [D03510038663300000000490000001000000000000] | 2026-04-07 23:55:08,294 {'ean': [ErrorDetail(string='article 100386633 non fournit par FOURNISSEUR CENTRALE', code='invalid')]} - [D04010038663300000000425000001000000000000] | 2026-04-07 23:55:08,308 {'ean': [ErrorDetail(string='article 100386633 non fournit par FOURNISSEUR CENTRALE', code='invalid')]} - [D08010038663300000000490000001000000000000] | 2026-04-07 23:55:08,324 {'ean': [ErrorDetail(string='article 100386633 non fournit par FOURNISSEUR CENTRALE', code='invalid')]} - [D10010038663300000000490000001000000000000] | 2026-04-07 23:55:08,342 {'ean': [ErrorDetail(string='article 100386633 non fournit par FOURNISSEUR CENTRALE', code='invalid')]} - [D11010038663300000000490000001000000000000] | 2026-04-07 23:55:08,356 {'ean': [ErrorDetail(string='article 100386633 non fournit par FOURNISSEUR CENTRALE', code='invalid')]} - [D12010038663300000000490000001000000000000] | 2026-04-07 23:55:08,373 {'ean': [ErrorDetail(string='article 100386633 non fournit par FOURNISSEUR CENTRALE', code='invalid')]} - [D22010038663300000000490000001000000000000] | 2026-04-07 23:55:08,387 {'ean': [ErrorDetail(string='article 100386633 non fournit par FOURNISSEUR CENTRALE', code='invalid')]} - [D23010038663300000000490000001000000000000] | 2026-04-07 23:55:08,402 {'ean': [ErrorDetail(string='article 100386633 non fournit par FOURNISSEUR CENTRALE', code='invalid')]} - [D23510038663300000000490000001000000000000] | 2026-04-07 23:55:08,417 {'ean': [ErrorDetail(string='article 100386633 non fournit par FOURNISSEUR CENTRALE', code='invalid')]} - [D26110038663300000000490000001000000000000] | 2026-04-07 23:55:08,433 {'ean': [ErrorDetail(string='article 100386633 non fournit par FOURNISSEUR CENTRALE', code='invalid')]} - [D28110038663300000000490000001000000000000] | 2026-04-07 23:55:08,450 {'ean': [ErrorDetail(string='article 100386633 non fournit par FOURNISSEUR CENTRALE', code='invalid')]} - [D29010038663300000000490000001000000000000] | 2026-04-07 23:55:08,469 {'ean': [ErrorDetail(string='article 100386633 non fournit par FOURNISSEUR CENTRALE', code='invalid')]} - [D29110038663300000000490000001000000000000] | 2026-04-07 23:55:08,487 {'ean': [ErrorDetail(string='article 100386633 non fournit par FOURNISSEUR CENTRALE', code='invalid')]} - [D29210038663300000000490000001000000000000] | 2026-04-07 23:55:08,502 {'ean': [ErrorDetail(string='article 100386633 non fournit par FOURNISSEUR CENTRALE', code='invalid')]} - [D29310038663300000000490000001000000000000] | 2026-04-07 23:55:08,517 {'ean': [ErrorDetail(string='article 100386633 non fournit par FOURNISSEUR CENTRALE', code='invalid')]} - [D29410038663300000000490000001000000000000] | 2026-04-07 23:55:08,537 {'ean': [ErrorDetail(string='article 100386633 non fournit par FOURNISSEUR CENTRALE', code='invalid')]} - [D29510038663300000000490000001000000000000] | 2026-04-07 23:55:08,552 {'ean': [ErrorDetail(string='article 100386634 non fournit par FOURNISSEUR CENTRALE', code='invalid')]} - [D03510038663400000000535000001000000000000] | 2026-04-07 23:55:08,567 {'ean': [ErrorDetail(string='article 100386634 non fournit par FOURNISSEUR CENTRALE', code='invalid')]} - [D04010038663400000000470000001000000000000] | 2026-04-07 23:55:08,581 {'ean': [ErrorDetail(string='article 100386634 non fournit par FOURNISSEUR CENTRALE', code='invalid')]} - [D08010038663400000000535000001000000000000] | 2026-04-07 23:55:08,598 {'ean': [ErrorDetail(string='article 100386634 non fournit par FOURNISSEUR CENTRALE', code='invalid')]} - [D10010038663400000000535000001000000000000];291;MANDARINE DANGA
pos9;POS 9;2026-04-09T18:56:31.473006+00:00;22b9b814-1c14-4e6c-a2d8-bc0382b2b25b;2026-04-07T23:55:01.028165;2026-04-07T23:55:05.800750;30;import de données;supplier_order;commande fournisseur;0;erreur;interne;Extrait du rapport d'import: | 2026-04-07 23:55:05,457 {'product': [ErrorDetail(string='Ce champ ne peut être nul.', code='null')]} - [D23510038663800000000670000001000000000000] | 2026-04-07 23:55:05,466 {'product': [ErrorDetail(string='Ce champ ne peut être nul.', code='null')]} - [D26110038663800000000670000001000000000000] | 2026-04-07 23:55:05,475 {'product': [ErrorDetail(string='Ce champ ne peut être nul.', code='null')]} - [D28110038663800000000000000001000000000000] | 2026-04-07 23:55:05,484 {'product': [ErrorDetail(string='Ce champ ne peut être nul.', code='null')]} - [D29510038663800000000670000001000000000000] | 2026-04-07 23:55:05,499 {'ean': [ErrorDetail(string='article 100487743 non commandable', code='invalid')]} - [D03510048774300000001100000001000000000000] | 2026-04-07 23:55:05,514 {'ean': [ErrorDetail(string='article 100487743 non commandable', code='invalid')]} - [D04010048774300000001100000001000000000000] | 2026-04-07 23:55:05,532 {'ean': [ErrorDetail(string='article 100487743 non commandable', code='invalid')]} - [D05010048774300000001100000001000000000000] | 2026-04-07 23:55:05,549 {'ean': [ErrorDetail(string='article 100487743 non commandable', code='invalid')]} - [D08010048774300000001100000001000000000000] | 2026-04-07 23:55:05,563 {'ean': [ErrorDetail(string='article 100487743 non commandable', code='invalid')]} - [D10010048774300000001100000001000000000000] | 2026-04-07 23:55:05,577 {'ean': [ErrorDetail(string='article 100487743 non commandable', code='invalid')]} - [D11010048774300000001100000001000000000000] | 2026-04-07 23:55:05,592 {'ean': [ErrorDetail(string='article 100487743 non commandable', code='invalid')]} - [D12010048774300000001100000001000000000000] | 2026-04-07 23:55:05,611 {'ean': [ErrorDetail(string='article 100487743 non commandable', code='invalid')]} - [D22010048774300000001100000001000000000000] | 2026-04-07 23:55:05,629 {'ean': [ErrorDetail(string='article 100487743 non commandable', code='invalid')]} - [D23010048774300000001100000001000000000000] | 2026-04-07 23:55:05,645 {'ean': [ErrorDetail(string='article 100487743 non commandable', code='invalid')]} - [D23510048774300000001100000001000000000000] | 2026-04-07 23:55:05,663 {'ean': [ErrorDetail(string='article 100487743 non commandable', code='invalid')]} - [D26110048774300000001100000001000000000000] | 2026-04-07 23:55:05,678 {'ean': [ErrorDetail(string='article 100487743 non commandable', code='invalid')]} - [D28110048774300000001100000001000000000000] | 2026-04-07 23:55:05,693 {'ean': [ErrorDetail(string='article 100487743 non commandable', code='invalid')]} - [D29010048774300000001100000001000000000000] | 2026-04-07 23:55:05,707 {'ean': [ErrorDetail(string='article 100487743 non commandable', code='invalid')]} - [D29110048774300000001100000001000000000000] | 2026-04-07 23:55:05,720 {'ean': [ErrorDetail(string='article 100487743 non commandable', code='invalid')]} - [D29210048774300000001100000001000000000000] | 2026-04-07 23:55:05,734 {'ean': [ErrorDetail(string='article 100487743 non commandable', code='invalid')]} - [D29310048774300000001100000001000000000000] | 2026-04-07 23:55:05,749 {'ean': [ErrorDetail(string='article 100487743 non commandable', code='invalid')]} - [D29410048774300000001100000001000000000000] | 2026-04-07 23:55:05,763 {'ean': [ErrorDetail(string='article 100487743 non commandable', code='invalid')]} - [D29510048774300000001100000001000000000000] | 2026-04-07 23:55:05,767 fin intégration: (22b9b814-1c14-4e6c-a2d8-bc0382b2b25b) | fichier: /srv/import/292/SugCde_2554225_20260407164452.txt | 270 lignes formatées | 114 lignes en erreurs | 10 lignes crées | 146 lignes mises à jour | 0 lignes supprimées;292;MANDARINE KOUMASSI
pos9;POS 9;2026-04-09T18:56:31.473006+00:00;d8ef0bd3-e39a-450d-a7e1-9bda8954fd3c;2026-04-07T23:54:01.060818;2026-04-07T23:54:12.019011;30;import de données;supplier_order;commande fournisseur;0;erreur;interne;Extrait du rapport d'import: | 2026-04-07 23:54:03,807 {'product': [ErrorDetail(string='Ce champ ne peut être nul.', code='null')]} - [D11004618301100000006350000000100000000000] | 2026-04-07 23:54:03,817 {'product': [ErrorDetail(string='Ce champ ne peut être nul.', code='null')]} - [D22004618301100000006350000000100000000000] | 2026-04-07 23:54:03,835 {'product': [ErrorDetail(string='Ce champ ne peut être nul.', code='null')]} - [D23004618301100000006350000000100000000000] | 2026-04-07 23:54:03,848 {'product': [ErrorDetail(string='Ce champ ne peut être nul.', code='null')]} - [D23504618301100000006350000000100000000000] | 2026-04-07 23:54:03,864 {'product': [ErrorDetail(string='Ce champ ne peut être nul.', code='null')]} - [D28104618301100000000000000000100000000000] | 2026-04-07 23:54:03,884 {'product': [ErrorDetail(string='Ce champ ne peut être nul.', code='null')]} - [D29504618301100000006350000000100000000000] | 2026-04-07 23:54:11,474 {'ean': [ErrorDetail(string='article 100487757 non commandable', code='invalid')]} - [D03510048775700000004070000000100000000000] | 2026-04-07 23:54:11,492 {'ean': [ErrorDetail(string='article 100487757 non commandable', code='invalid')]} - [D05010048775700000004070000000100000000000] | 2026-04-07 23:54:11,507 {'ean': [ErrorDetail(string='article 100487757 non commandable', code='invalid')]} - [D08010048775700000004070000000100000000000] | 2026-04-07 23:54:11,522 {'ean': [ErrorDetail(string='article 100487757 non commandable', code='invalid')]} - [D10010048775700000004070000000100000000000] | 2026-04-07 23:54:11,537 {'ean': [ErrorDetail(string='article 100487757 non commandable', code='invalid')]} - [D11010048775700000004070000000100000000000] | 2026-04-07 23:54:11,552 {'ean': [ErrorDetail(string='article 100487757 non commandable', code='invalid')]} - [D12010048775700000004070000000100000000000] | 2026-04-07 23:54:11,567 {'ean': [ErrorDetail(string='article 100487757 non commandable', code='invalid')]} - [D22010048775700000004070000000100000000000] | 2026-04-07 23:54:11,593 {'ean': [ErrorDetail(string='article 100487757 non commandable', code='invalid')]} - [D23010048775700000004070000000100000000000] | 2026-04-07 23:54:11,610 {'ean': [ErrorDetail(string='article 100487757 non commandable', code='invalid')]} - [D23510048775700000004070000000100000000000] | 2026-04-07 23:54:11,625 {'ean': [ErrorDetail(string='article 100487757 non commandable', code='invalid')]} - [D28110048775700000004070000000100000000000] | 2026-04-07 23:54:11,640 {'ean': [ErrorDetail(string='article 100487757 non commandable', code='invalid')]} - [D29010048775700000004070000000100000000000] | 2026-04-07 23:54:11,654 {'ean': [ErrorDetail(string='article 100487757 non commandable', code='invalid')]} - [D29110048775700000004070000000100000000000] | 2026-04-07 23:54:11,668 {'ean': [ErrorDetail(string='article 100487757 non commandable', code='invalid')]} - [D29210048775700000004070000000100000000000] | 2026-04-07 23:54:11,684 {'ean': [ErrorDetail(string='article 100487757 non commandable', code='invalid')]} - [D29310048775700000004070000000100000000000] | 2026-04-07 23:54:11,704 {'ean': [ErrorDetail(string='article 100487757 non commandable', code='invalid')]} - [D29410048775700000004070000000100000000000] | 2026-04-07 23:54:11,720 {'ean': [ErrorDetail(string='article 100487757 non commandable', code='invalid')]} - [D29510048775700000004070000000100000000000] | 2026-04-07 23:54:11,985 fin intégration: (d8ef0bd3-e39a-450d-a7e1-9bda8954fd3c) | fichier: /srv/import/292/SugCde_2554224_20260407164446.txt | 462 lignes formatées | 46 lignes en erreurs | 26 lignes crées | 390 lignes mises à jour | 0 lignes supprimées;292;MANDARINE KOUMASSI
pos9;POS 9;2026-04-09T18:56:31.473006+00:00;3b0fbf66-6d38-4855-b2af-b4ba5e742e0f;2026-04-07T23:54:01.079852;2026-04-07T23:54:11.715116;30;import de données;supplier_order;commande fournisseur;0;erreur;interne;Extrait du rapport d'import: | 2026-04-07 23:54:02,212 {'product': [ErrorDetail(string='Ce champ ne peut être nul.', code='null')]} - [D11004618076000000005395000000100000000000] | 2026-04-07 23:54:02,226 {'product': [ErrorDetail(string='Ce champ ne peut être nul.', code='null')]} - [D22004618076000000005395000000100000000000] | 2026-04-07 23:54:02,241 {'product': [ErrorDetail(string='Ce champ ne peut être nul.', code='null')]} - [D23004618076000000005395000000100000000000] | 2026-04-07 23:54:02,261 {'product': [ErrorDetail(string='Ce champ ne peut être nul.', code='null')]} - [D23504618076000000005395000000100000000000] | 2026-04-07 23:54:02,278 {'product': [ErrorDetail(string='Ce champ ne peut être nul.', code='null')]} - [D28104618076000000000000000000100000000000] | 2026-04-07 23:54:02,287 {'product': [ErrorDetail(string='Ce champ ne peut être nul.', code='null')]} - [D29504618076000000005395000000100000000000] | 2026-04-07 23:54:03,782 {'product': [ErrorDetail(string='Ce champ ne peut être nul.', code='null')]} - [D03504618301100000006350000000100000000000] | 2026-04-07 23:54:03,790 {'product': [ErrorDetail(string='Ce champ ne peut être nul.', code='null')]} - [D04004618301100000005715000000100000000000] | 2026-04-07 23:54:03,799 {'product': [ErrorDetail(string='Ce champ ne peut être nul.', code='null')]} - [D10004618301100000006350000000100000000000] | 2026-04-07 23:54:03,807 {'product': [ErrorDetail(string='Ce champ ne peut être nul.', code='null')]} - [D11004618301100000006350000000100000000000] | 2026-04-07 23:54:03,817 {'product': [ErrorDetail(string='Ce champ ne peut être nul.', code='null')]} - [D22004618301100000006350000000100000000000] | 2026-04-07 23:54:03,835 {'product': [ErrorDetail(string='Ce champ ne peut être nul.', code='null')]} - [D23004618301100000006350000000100000000000] | 2026-04-07 23:54:03,848 {'product': [ErrorDetail(string='Ce champ ne peut être nul.', code='null')]} - [D23504618301100000006350000000100000000000] | 2026-04-07 23:54:03,864 {'product': [ErrorDetail(string='Ce champ ne peut être nul.', code='null')]} - [D28104618301100000000000000000100000000000] | 2026-04-07 23:54:03,884 {'product': [ErrorDetail(string='Ce champ ne peut être nul.', code='null')]} - [D29504618301100000006350000000100000000000] | 2026-04-07 23:54:11,474 {'ean': [ErrorDetail(string='article 100487757 non commandable', code='invalid')]} - [D03510048775700000004070000000100000000000] | 2026-04-07 23:54:11,492 {'ean': [ErrorDetail(string='article 100487757 non commandable', code='invalid')]} - [D05010048775700000004070000000100000000000] | 2026-04-07 23:54:11,507 {'ean': [ErrorDetail(string='article 100487757 non commandable', code='invalid')]} - [D08010048775700000004070000000100000000000] | 2026-04-07 23:54:11,522 {'ean': [ErrorDetail(string='article 100487757 non commandable', code='invalid')]} - [D10010048775700000004070000000100000000000] | 2026-04-07 23:54:11,537 {'ean': [ErrorDetail(string='article 100487757 non commandable', code='invalid')]} - [D11010048775700000004070000000100000000000] | 2026-04-07 23:54:11,552 {'ean': [ErrorDetail(string='article 100487757 non commandable', code='invalid')]} - [D12010048775700000004070000000100000000000] | 2026-04-07 23:54:11,567 {'ean': [ErrorDetail(string='article 100487757 non commandable', code='invalid')]} - [D22010048775700000004070000000100000000000] | 2026-04-07 23:54:11,593 {'ean': [ErrorDetail(string='article 100487757 non commandable', code='invalid')]} - [D23010048775700000004070000000100000000000] | 2026-04-07 23:54:11,610 {'ean': [ErrorDetail(string='article 100487757 non commandable', code='invalid')]} - [D23510048775700000004070000000100000000000] | 2026-04-07 23:54:11,625 {'ean': [ErrorDetail(string='article 100487757 non commandable', code='invalid')]} - [D28110048775700000004070000000100000000000] | 2026-04-07 23:54:11,640 {'ean': [ErrorDetail(string='article 100487757 non commandable', code='invalid')]} - [D29010048775700000004070000000100000000000] | 2026-04-07 23:54:11,654 {'ean': [ErrorDetail(string='article 100487757 non commandable', code='invalid')]} - [D29110048775700000004070000000100000000000] | 2026-04-07 23:54:11,668 {'ean': [ErrorDetail(string='article 100487757 non commandable', code='invalid')]} - [D29210048775700000004070000000100000000000] | 2026-04-07 23:54:11,684 {'ean': [ErrorDetail(string='article 100487757 non commandable', code='invalid')]} - [D29310048775700000004070000000100000000000] | 2026-04-07 23:54:11,704 {'ean': [ErrorDetail(string='article 100487757 non commandable', code='invalid')]} - [D29410048775700000004070000000100000000000];293;MANDARINE AMBASSADE CHINE
pos9;POS 9;2026-04-09T18:56:31.473006+00:00;c5bceba3-db7c-4894-bcea-06272b88b71c;2026-04-07T23:54:01.009892;2026-04-07T23:54:03.510447;30;import de données;supplier_order;commande fournisseur;2;succès;interne;Import commande fournisseur: | fin intégration: (c5bceba3-db7c-4894-bcea-06272b88b71c) | fichier: /srv/import/080/SugCde_2554223_20260407164440.txt | 103 lignes formatées | 0 lignes en erreurs | 7 lignes crées | 96 lignes mises à jour | 0 lignes supprimées;080;MANDARINE MARCORY
pos9;POS 9;2026-04-09T18:56:31.473006+00:00;3fd14bbc-d186-4232-8aad-0658b3fddfa3;2026-04-07T23:54:01.023806;2026-04-07T23:54:03.245597;30;import de données;supplier_order;commande fournisseur;0;erreur;interne;Extrait du rapport d'import: | 2026-04-07 23:54:01,018 fichier present: (['SugCde_2554224_20260407164446.txt', 'SugCde_2554223_20260407164440.txt', 'SugCde_2554227_20260407164501.txt', 'SugCde_2554226_20260407164457.txt', 'SugCde_2554225_20260407164452.txt'] - supplier_order) dans /srv/import/291/ | 2026-04-07 23:54:01,023 103 lignes lu dans le fichier /srv/import/291/SugCde_2554223_20260407164440.txt | 2026-04-07 23:54:01,023 lancement intégration: (3fd14bbc-d186-4232-8aad-0658b3fddfa3) | 2026-04-07 23:54:01,029 fichier present: (['SugCde_2554224_20260407164446.txt', 'SugCde_2554227_20260407164501.txt', 'SugCde_2554226_20260407164457.txt', 'SugCde_2554225_20260407164452.txt'] - supplier_order) dans /srv/import/292/ | 2026-04-07 23:54:01,059 462 lignes lu dans le fichier /srv/import/292/SugCde_2554224_20260407164446.txt | 2026-04-07 23:54:01,059 lancement intégration: (d8ef0bd3-e39a-450d-a7e1-9bda8954fd3c) | 2026-04-07 23:54:01,075 fichier present: (['SugCde_2554224_20260407164446.txt', 'SugCde_2554227_20260407164501.txt', 'SugCde_2554226_20260407164457.txt', 'SugCde_2554225_20260407164452.txt'] - supplier_order) dans /srv/import/293/ | 2026-04-07 23:54:01,078 462 lignes lu dans le fichier /srv/import/293/SugCde_2554224_20260407164446.txt | 2026-04-07 23:54:01,079 lancement intégration: (3b0fbf66-6d38-4855-b2af-b4ba5e742e0f) | 2026-04-07 23:54:01,991 {'product': [ErrorDetail(string='Ce champ ne peut être nul.', code='null')]} - [D03504618014500000005078000000100000000000] | 2026-04-07 23:54:02,014 {'product': [ErrorDetail(string='Ce champ ne peut être nul.', code='null')]} - [D04004618014500000004450000000100000000000] | 2026-04-07 23:54:02,032 {'product': [ErrorDetail(string='Ce champ ne peut être nul.', code='null')]} - [D10004618014500000005078000000100000000000] | 2026-04-07 23:54:02,048 {'product': [ErrorDetail(string='Ce champ ne peut être nul.', code='null')]} - [D11004618014500000005078000000100000000000] | 2026-04-07 23:54:02,062 {'product': [ErrorDetail(string='Ce champ ne peut être nul.', code='null')]} - [D12004618014500000005078000000100000000000] | 2026-04-07 23:54:02,078 {'product': [ErrorDetail(string='Ce champ ne peut être nul.', code='null')]} - [D22004618014500000005078000000100000000000] | 2026-04-07 23:54:02,099 {'product': [ErrorDetail(string='Ce champ ne peut être nul.', code='null')]} - [D23004618014500000005078000000100000000000] | 2026-04-07 23:54:02,132 {'product': [ErrorDetail(string='Ce champ ne peut être nul.', code='null')]} - [D23504618014500000005078000000100000000000] | 2026-04-07 23:54:02,141 {'product': [ErrorDetail(string='Ce champ ne peut être nul.', code='null')]} - [D28104618014500000005078000000100000000000] | 2026-04-07 23:54:02,152 {'product': [ErrorDetail(string='Ce champ ne peut être nul.', code='null')]} - [D29404618014500000005078000000100000000000] | 2026-04-07 23:54:02,160 {'product': [ErrorDetail(string='Ce champ ne peut être nul.', code='null')]} - [D29504618014500000005078000000100000000000] | 2026-04-07 23:54:02,169 {'product': [ErrorDetail(string='Ce champ ne peut être nul.', code='null')]} - [D03504618076000000005395000000100000000000] | 2026-04-07 23:54:02,178 {'product': [ErrorDetail(string='Ce champ ne peut être nul.', code='null')]} - [D04004618076000000005395000000100000000000] | 2026-04-07 23:54:02,186 {'product': [ErrorDetail(string='Ce champ ne peut être nul.', code='null')]} - [D05004618076000000005395000000100000000000] | 2026-04-07 23:54:02,195 {'product': [ErrorDetail(string='Ce champ ne peut être nul.', code='null')]} - [D10004618076000000005395000000100000000000] | 2026-04-07 23:54:02,212 {'product': [ErrorDetail(string='Ce champ ne peut être nul.', code='null')]} - [D11004618076000000005395000000100000000000] | 2026-04-07 23:54:02,226 {'product': [ErrorDetail(string='Ce champ ne peut être nul.', code='null')]} - [D22004618076000000005395000000100000000000] | 2026-04-07 23:54:02,241 {'product': [ErrorDetail(string='Ce champ ne peut être nul.', code='null')]} - [D23004618076000000005395000000100000000000] | 2026-04-07 23:54:02,261 {'product': [ErrorDetail(string='Ce champ ne peut être nul.', code='null')]} - [D23504618076000000005395000000100000000000] | 2026-04-07 23:54:02,278 {'product': [ErrorDetail(string='Ce champ ne peut être nul.', code='null')]} - [D28104618076000000000000000000100000000000] | 2026-04-07 23:54:02,287 {'product': [ErrorDetail(string='Ce champ ne peut être nul.', code='null')]} - [D29504618076000000005395000000100000000000];291;MANDARINE DANGA
pos9;POS 9;2026-04-09T18:56:31.473006+00:00;be36a83c-28c1-451f-ab4b-76e2c90c91f1;2026-04-07T23:53:01.064118;2026-04-07T23:53:05.319821;30;import de données;supplier_order;commande fournisseur;0;erreur;interne;Extrait du rapport d'import: | 2026-04-07 23:53:04,995 {'ean': [ErrorDetail(string='article 100706989 non fournit par FOURNISSEUR CENTRALE', code='invalid')]} - [D29210070698900000000814000000100000000000] | 2026-04-07 23:53:05,009 {'ean': [ErrorDetail(string='article 100706989 non fournit par FOURNISSEUR CENTRALE', code='invalid')]} - [D29310070698900000000814000000100000000000] | 2026-04-07 23:53:05,022 {'ean': [ErrorDetail(string='article 100706989 non fournit par FOURNISSEUR CENTRALE', code='invalid')]} - [D29410070698900000000814000000100000000000] | 2026-04-07 23:53:05,036 {'ean': [ErrorDetail(string='article 100706989 non fournit par FOURNISSEUR CENTRALE', code='invalid')]} - [D29510070698900000000814000000100000000000] | 2026-04-07 23:53:05,049 {'ean': [ErrorDetail(string='article 100706989 non fournit par FOURNISSEUR CENTRALE', code='invalid')]} - [D30210070698900000000814000000100000000000] | 2026-04-07 23:53:05,064 {'ean': [ErrorDetail(string='article 100706990 non fournit par FOURNISSEUR CENTRALE', code='invalid')]} - [D03510070699000000000847000000100000000000] | 2026-04-07 23:53:05,078 {'ean': [ErrorDetail(string='article 100706990 non fournit par FOURNISSEUR CENTRALE', code='invalid')]} - [D08010070699000000000847000000100000000000] | 2026-04-07 23:53:05,091 {'ean': [ErrorDetail(string='article 100706990 non fournit par FOURNISSEUR CENTRALE', code='invalid')]} - [D10010070699000000000847000000100000000000] | 2026-04-07 23:53:05,105 {'ean': [ErrorDetail(string='article 100706990 non fournit par FOURNISSEUR CENTRALE', code='invalid')]} - [D11010070699000000000847000000100000000000] | 2026-04-07 23:53:05,119 {'ean': [ErrorDetail(string='article 100706990 non fournit par FOURNISSEUR CENTRALE', code='invalid')]} - [D12010070699000000000847000000100000000000] | 2026-04-07 23:53:05,134 {'ean': [ErrorDetail(string='article 100706990 non fournit par FOURNISSEUR CENTRALE', code='invalid')]} - [D22010070699000000000847000000100000000000] | 2026-04-07 23:53:05,148 {'ean': [ErrorDetail(string='article 100706990 non fournit par FOURNISSEUR CENTRALE', code='invalid')]} - [D23010070699000000000847000000100000000000] | 2026-04-07 23:53:05,163 {'ean': [ErrorDetail(string='article 100706990 non fournit par FOURNISSEUR CENTRALE', code='invalid')]} - [D23510070699000000000847000000100000000000] | 2026-04-07 23:53:05,176 {'ean': [ErrorDetail(string='article 100706990 non fournit par FOURNISSEUR CENTRALE', code='invalid')]} - [D26110070699000000000847000000100000000000] | 2026-04-07 23:53:05,190 {'ean': [ErrorDetail(string='article 100706990 non fournit par FOURNISSEUR CENTRALE', code='invalid')]} - [D28110070699000000000847000000100000000000] | 2026-04-07 23:53:05,205 {'ean': [ErrorDetail(string='article 100706990 non fournit par FOURNISSEUR CENTRALE', code='invalid')]} - [D29010070699000000000847000000100000000000] | 2026-04-07 23:53:05,218 {'ean': [ErrorDetail(string='article 100706990 non fournit par FOURNISSEUR CENTRALE', code='invalid')]} - [D29110070699000000000847000000100000000000] | 2026-04-07 23:53:05,231 {'ean': [ErrorDetail(string='article 100706990 non fournit par FOURNISSEUR CENTRALE', code='invalid')]} - [D29210070699000000000847000000100000000000] | 2026-04-07 23:53:05,245 {'ean': [ErrorDetail(string='article 100706990 non fournit par FOURNISSEUR CENTRALE', code='invalid')]} - [D29310070699000000000847000000100000000000] | 2026-04-07 23:53:05,259 {'ean': [ErrorDetail(string='article 100706990 non fournit par FOURNISSEUR CENTRALE', code='invalid')]} - [D29410070699000000000847000000100000000000] | 2026-04-07 23:53:05,272 {'ean': [ErrorDetail(string='article 100706990 non fournit par FOURNISSEUR CENTRALE', code='invalid')]} - [D29510070699000000000847000000100000000000] | 2026-04-07 23:53:05,285 {'ean': [ErrorDetail(string='article 100706990 non fournit par FOURNISSEUR CENTRALE', code='invalid')]} - [D30210070699000000000750000000100000000000] | 2026-04-07 23:53:05,288 fin intégration: (be36a83c-28c1-451f-ab4b-76e2c90c91f1) | fichier: /srv/import/293/SugCde_2554223_20260407164440.txt | 103 lignes formatées | 102 lignes en erreurs | 1 lignes crées | 0 lignes mises à jour | 0 lignes supprimées;293;MANDARINE AMBASSADE CHINE
pos9;POS 9;2026-04-09T18:56:31.473006+00:00;65c4956a-51b0-4847-b34e-e1bf50ac0db8;2026-04-07T23:53:01.028240;2026-04-07T23:53:04.785122;30;import de données;supplier_order;commande fournisseur;0;erreur;interne;Extrait du rapport d'import: | 2026-04-07 23:53:04,318 {'ean': [ErrorDetail(string='article 100703259 non fournit par FOURNISSEUR CENTRALE', code='invalid')]} - [D10010070325900000001485000000100000000000] | 2026-04-07 23:53:04,333 {'ean': [ErrorDetail(string='article 100703259 non fournit par FOURNISSEUR CENTRALE', code='invalid')]} - [D11010070325900000001485000000100000000000] | 2026-04-07 23:53:04,348 {'ean': [ErrorDetail(string='article 100703259 non fournit par FOURNISSEUR CENTRALE', code='invalid')]} - [D12010070325900000001485000000100000000000] | 2026-04-07 23:53:04,364 {'ean': [ErrorDetail(string='article 100703259 non fournit par FOURNISSEUR CENTRALE', code='invalid')]} - [D22010070325900000001485000000100000000000] | 2026-04-07 23:53:04,379 {'ean': [ErrorDetail(string='article 100703259 non fournit par FOURNISSEUR CENTRALE', code='invalid')]} - [D23010070325900000001485000000100000000000] | 2026-04-07 23:53:04,394 {'ean': [ErrorDetail(string='article 100703259 non fournit par FOURNISSEUR CENTRALE', code='invalid')]} - [D23510070325900000001485000000100000000000] | 2026-04-07 23:53:04,411 {'ean': [ErrorDetail(string='article 100703259 non fournit par FOURNISSEUR CENTRALE', code='invalid')]} - [D26110070325900000001485000000100000000000] | 2026-04-07 23:53:04,425 {'ean': [ErrorDetail(string='article 100703259 non fournit par FOURNISSEUR CENTRALE', code='invalid')]} - [D28110070325900000001485000000100000000000] | 2026-04-07 23:53:04,441 {'ean': [ErrorDetail(string='article 100703259 non fournit par FOURNISSEUR CENTRALE', code='invalid')]} - [D29010070325900000001485000000100000000000] | 2026-04-07 23:53:04,455 {'ean': [ErrorDetail(string='article 100703259 non fournit par FOURNISSEUR CENTRALE', code='invalid')]} - [D29110070325900000001485000000100000000000] | 2026-04-07 23:53:04,469 {'ean': [ErrorDetail(string='article 100703259 non fournit par FOURNISSEUR CENTRALE', code='invalid')]} - [D29210070325900000001485000000100000000000] | 2026-04-07 23:53:04,483 {'ean': [ErrorDetail(string='article 100703259 non fournit par FOURNISSEUR CENTRALE', code='invalid')]} - [D29310070325900000001485000000100000000000] | 2026-04-07 23:53:04,498 {'ean': [ErrorDetail(string='article 100703259 non fournit par FOURNISSEUR CENTRALE', code='invalid')]} - [D29410070325900000001485000000100000000000] | 2026-04-07 23:53:04,513 {'ean': [ErrorDetail(string='article 100703259 non fournit par FOURNISSEUR CENTRALE', code='invalid')]} - [D29510070325900000001485000000100000000000] | 2026-04-07 23:53:04,528 {'ean': [ErrorDetail(string='article 100703259 non fournit par FOURNISSEUR CENTRALE', code='invalid')]} - [D30210070325900000001485000000100000000000] | 2026-04-07 23:53:04,544 {'ean': [ErrorDetail(string='article 100706977 non fournit par FOURNISSEUR CENTRALE', code='invalid')]} - [D03510070697700000000746000000100000000000] | 2026-04-07 23:53:04,558 {'ean': [ErrorDetail(string='article 100706977 non fournit par FOURNISSEUR CENTRALE', code='invalid')]} - [D08010070697700000000746000000100000000000] | 2026-04-07 23:53:04,574 {'ean': [ErrorDetail(string='article 100706977 non fournit par FOURNISSEUR CENTRALE', code='invalid')]} - [D10010070697700000000746000000100000000000] | 2026-04-07 23:53:04,588 {'ean': [ErrorDetail(string='article 100706977 non fournit par FOURNISSEUR CENTRALE', code='invalid')]} - [D11010070697700000000746000000100000000000] | 2026-04-07 23:53:04,604 {'ean': [ErrorDetail(string='article 100706977 non fournit par FOURNISSEUR CENTRALE', code='invalid')]} - [D12010070697700000000746000000100000000000] | 2026-04-07 23:53:04,641 {'ean': [ErrorDetail(string='article 100706977 non fournit par FOURNISSEUR CENTRALE', code='invalid')]} - [D22010070697700000000746000000100000000000] | 2026-04-07 23:53:04,663 {'ean': [ErrorDetail(string='article 100706977 non fournit par FOURNISSEUR CENTRALE', code='invalid')]} - [D23010070697700000000746000000100000000000] | 2026-04-07 23:53:04,679 {'ean': [ErrorDetail(string='article 100706977 non fournit par FOURNISSEUR CENTRALE', code='invalid')]} - [D23510070697700000000746000000100000000000] | 2026-04-07 23:53:04,694 {'ean': [ErrorDetail(string='article 100706977 non fournit par FOURNISSEUR CENTRALE', code='invalid')]} - [D26110070697700000000746000000100000000000] | 2026-04-07 23:53:04,709 {'ean': [ErrorDetail(string='article 100706977 non fournit par FOURNISSEUR CENTRALE', code='invalid')]} - [D28110070697700000000746000000100000000000] | 2026-04-07 23:53:04,724 {'ean': [ErrorDetail(string='article 100706977 non fournit par FOURNISSEUR CENTRALE', code='invalid')]} - [D29010070697700000000746000000100000000000] | 2026-04-07 23:53:04,740 {'ean': [ErrorDetail(string='article 100706977 non fournit par FOURNISSEUR CENTRALE', code='invalid')]} - [D29110070697700000000746000000100000000000] | 2026-04-07 23:53:04,753 {'ean': [ErrorDetail(string='article 100706977 non fournit par FOURNISSEUR CENTRALE', code='invalid')]} - [D29210070697700000000746000000100000000000] | 2026-04-07 23:53:04,767 {'ean': [ErrorDetail(string='article 100706977 non fournit par FOURNISSEUR CENTRALE', code='invalid')]} - [D29310070697700000000746000000100000000000] | 2026-04-07 23:53:04,782 {'ean': [ErrorDetail(string='article 100706977 non fournit par FOURNISSEUR CENTRALE', code='invalid')]} - [D29410070697700000000746000000100000000000];291;MANDARINE DANGA
pos9;POS 9;2026-04-09T18:56:31.473006+00:00;9dfc50ee-b7d4-4e0f-bc4a-7baa47a634f7;2026-04-07T23:53:01.012961;2026-04-07T23:53:04.653492;30;import de données;supplier_order;commande fournisseur;0;erreur;interne;Extrait du rapport d'import: | 2026-04-07 23:53:04,184 {'ean': [ErrorDetail(string='article 100703258 non fournit par FOURNISSEUR CENTRALE', code='invalid')]} - [D29010070325800000001688000000100000000000] | 2026-04-07 23:53:04,199 {'ean': [ErrorDetail(string='article 100703258 non fournit par FOURNISSEUR CENTRALE', code='invalid')]} - [D29110070325800000001688000000100000000000] | 2026-04-07 23:53:04,213 {'ean': [ErrorDetail(string='article 100703258 non fournit par FOURNISSEUR CENTRALE', code='invalid')]} - [D29210070325800000001688000000100000000000] | 2026-04-07 23:53:04,227 {'ean': [ErrorDetail(string='article 100703258 non fournit par FOURNISSEUR CENTRALE', code='invalid')]} - [D29310070325800000001688000000100000000000] | 2026-04-07 23:53:04,241 {'ean': [ErrorDetail(string='article 100703258 non fournit par FOURNISSEUR CENTRALE', code='invalid')]} - [D29410070325800000001688000000100000000000] | 2026-04-07 23:53:04,256 {'ean': [ErrorDetail(string='article 100703258 non fournit par FOURNISSEUR CENTRALE', code='invalid')]} - [D29510070325800000001688000000100000000000] | 2026-04-07 23:53:04,270 {'ean': [ErrorDetail(string='article 100703258 non fournit par FOURNISSEUR CENTRALE', code='invalid')]} - [D30210070325800000001688000000100000000000] | 2026-04-07 23:53:04,288 {'ean': [ErrorDetail(string='article 100703259 non fournit par FOURNISSEUR CENTRALE', code='invalid')]} - [D03510070325900000001485000000100000000000] | 2026-04-07 23:53:04,303 {'ean': [ErrorDetail(string='article 100703259 non fournit par FOURNISSEUR CENTRALE', code='invalid')]} - [D08010070325900000001485000000100000000000] | 2026-04-07 23:53:04,318 {'ean': [ErrorDetail(string='article 100703259 non fournit par FOURNISSEUR CENTRALE', code='invalid')]} - [D10010070325900000001485000000100000000000] | 2026-04-07 23:53:04,333 {'ean': [ErrorDetail(string='article 100703259 non fournit par FOURNISSEUR CENTRALE', code='invalid')]} - [D11010070325900000001485000000100000000000] | 2026-04-07 23:53:04,348 {'ean': [ErrorDetail(string='article 100703259 non fournit par FOURNISSEUR CENTRALE', code='invalid')]} - [D12010070325900000001485000000100000000000] | 2026-04-07 23:53:04,364 {'ean': [ErrorDetail(string='article 100703259 non fournit par FOURNISSEUR CENTRALE', code='invalid')]} - [D22010070325900000001485000000100000000000] | 2026-04-07 23:53:04,379 {'ean': [ErrorDetail(string='article 100703259 non fournit par FOURNISSEUR CENTRALE', code='invalid')]} - [D23010070325900000001485000000100000000000] | 2026-04-07 23:53:04,394 {'ean': [ErrorDetail(string='article 100703259 non fournit par FOURNISSEUR CENTRALE', code='invalid')]} - [D23510070325900000001485000000100000000000] | 2026-04-07 23:53:04,411 {'ean': [ErrorDetail(string='article 100703259 non fournit par FOURNISSEUR CENTRALE', code='invalid')]} - [D26110070325900000001485000000100000000000] | 2026-04-07 23:53:04,425 {'ean': [ErrorDetail(string='article 100703259 non fournit par FOURNISSEUR CENTRALE', code='invalid')]} - [D28110070325900000001485000000100000000000] | 2026-04-07 23:53:04,441 {'ean': [ErrorDetail(string='article 100703259 non fournit par FOURNISSEUR CENTRALE', code='invalid')]} - [D29010070325900000001485000000100000000000] | 2026-04-07 23:53:04,455 {'ean': [ErrorDetail(string='article 100703259 non fournit par FOURNISSEUR CENTRALE', code='invalid')]} - [D29110070325900000001485000000100000000000] | 2026-04-07 23:53:04,469 {'ean': [ErrorDetail(string='article 100703259 non fournit par FOURNISSEUR CENTRALE', code='invalid')]} - [D29210070325900000001485000000100000000000] | 2026-04-07 23:53:04,483 {'ean': [ErrorDetail(string='article 100703259 non fournit par FOURNISSEUR CENTRALE', code='invalid')]} - [D29310070325900000001485000000100000000000] | 2026-04-07 23:53:04,498 {'ean': [ErrorDetail(string='article 100703259 non fournit par FOURNISSEUR CENTRALE', code='invalid')]} - [D29410070325900000001485000000100000000000] | 2026-04-07 23:53:04,513 {'ean': [ErrorDetail(string='article 100703259 non fournit par FOURNISSEUR CENTRALE', code='invalid')]} - [D29510070325900000001485000000100000000000] | 2026-04-07 23:53:04,528 {'ean': [ErrorDetail(string='article 100703259 non fournit par FOURNISSEUR CENTRALE', code='invalid')]} - [D30210070325900000001485000000100000000000] | 2026-04-07 23:53:04,544 {'ean': [ErrorDetail(string='article 100706977 non fournit par FOURNISSEUR CENTRALE', code='invalid')]} - [D03510070697700000000746000000100000000000] | 2026-04-07 23:53:04,558 {'ean': [ErrorDetail(string='article 100706977 non fournit par FOURNISSEUR CENTRALE', code='invalid')]} - [D08010070697700000000746000000100000000000] | 2026-04-07 23:53:04,574 {'ean': [ErrorDetail(string='article 100706977 non fournit par FOURNISSEUR CENTRALE', code='invalid')]} - [D10010070697700000000746000000100000000000] | 2026-04-07 23:53:04,588 {'ean': [ErrorDetail(string='article 100706977 non fournit par FOURNISSEUR CENTRALE', code='invalid')]} - [D11010070697700000000746000000100000000000] | 2026-04-07 23:53:04,604 {'ean': [ErrorDetail(string='article 100706977 non fournit par FOURNISSEUR CENTRALE', code='invalid')]} - [D12010070697700000000746000000100000000000] | 2026-04-07 23:53:04,641 {'ean': [ErrorDetail(string='article 100706977 non fournit par FOURNISSEUR CENTRALE', code='invalid')]} - [D22010070697700000000746000000100000000000];080;MANDARINE MARCORY
pos9;POS 9;2026-04-09T18:56:31.473006+00:00;33518f1f-98f5-4bd5-8387-6cb068df493f;2026-04-07T23:53:01.046345;2026-04-07T23:53:03.659661;30;import de données;supplier_order;commande fournisseur;2;succès;interne;Import commande fournisseur: | fin intégration: (33518f1f-98f5-4bd5-8387-6cb068df493f) | fichier: /srv/import/292/SugCde_2554223_20260407164440.txt | 103 lignes formatées | 0 lignes en erreurs | 7 lignes crées | 96 lignes mises à jour | 0 lignes supprimées;292;MANDARINE KOUMASSI
pos9;POS 9;2026-04-09T18:56:31.473006+00:00;bb0cda8e-4465-4406-a078-9f9524c7c2b0;2026-04-07T23:52:01.050163;2026-04-07T23:52:05.501801;30;import de données;supplier_order;commande fournisseur;0;erreur;interne;Extrait du rapport d'import: | 2026-04-07 23:52:04,298 {'ean': [ErrorDetail(string='article 100737278 non fournit par FOURNISSEUR CENTRALE', code='invalid')]} - [D29210073727800000001688000000100000000000] | 2026-04-07 23:52:04,317 {'ean': [ErrorDetail(string='article 100737278 non fournit par FOURNISSEUR CENTRALE', code='invalid')]} - [D29310073727800000001688000000100000000000] | 2026-04-07 23:52:04,335 {'ean': [ErrorDetail(string='article 100737278 non fournit par FOURNISSEUR CENTRALE', code='invalid')]} - [D29410073727800000001688000000100000000000] | 2026-04-07 23:52:04,352 {'ean': [ErrorDetail(string='article 100737278 non fournit par FOURNISSEUR CENTRALE', code='invalid')]} - [D29510073727800000001688000000100000000000] | 2026-04-07 23:52:04,367 {'ean': [ErrorDetail(string='article 100737278 non fournit par FOURNISSEUR CENTRALE', code='invalid')]} - [D30210073727800000001688000000100000000000] | 2026-04-07 23:52:04,385 {'ean': [ErrorDetail(string='article 100737284 non fournit par FOURNISSEUR CENTRALE', code='invalid')]} - [D03510073728400000001688000000100000000000] | 2026-04-07 23:52:04,402 {'ean': [ErrorDetail(string='article 100737284 non fournit par FOURNISSEUR CENTRALE', code='invalid')]} - [D08010073728400000001688000000100000000000] | 2026-04-07 23:52:04,418 {'ean': [ErrorDetail(string='article 100737284 non fournit par FOURNISSEUR CENTRALE', code='invalid')]} - [D10010073728400000001688000000100000000000] | 2026-04-07 23:52:04,434 {'ean': [ErrorDetail(string='article 100737284 non fournit par FOURNISSEUR CENTRALE', code='invalid')]} - [D11010073728400000001688000000100000000000] | 2026-04-07 23:52:04,449 {'ean': [ErrorDetail(string='article 100737284 non fournit par FOURNISSEUR CENTRALE', code='invalid')]} - [D12010073728400000001688000000100000000000] | 2026-04-07 23:52:04,466 {'ean': [ErrorDetail(string='article 100737284 non fournit par FOURNISSEUR CENTRALE', code='invalid')]} - [D22010073728400000001688000000100000000000] | 2026-04-07 23:52:04,482 {'ean': [ErrorDetail(string='article 100737284 non fournit par FOURNISSEUR CENTRALE', code='invalid')]} - [D23010073728400000001688000000100000000000] | 2026-04-07 23:52:04,497 {'ean': [ErrorDetail(string='article 100737284 non fournit par FOURNISSEUR CENTRALE', code='invalid')]} - [D23510073728400000001688000000100000000000] | 2026-04-07 23:52:04,513 {'ean': [ErrorDetail(string='article 100737284 non fournit par FOURNISSEUR CENTRALE', code='invalid')]} - [D26110073728400000001688000000100000000000] | 2026-04-07 23:52:04,529 {'ean': [ErrorDetail(string='article 100737284 non fournit par FOURNISSEUR CENTRALE', code='invalid')]} - [D28110073728400000001688000000100000000000] | 2026-04-07 23:52:04,544 {'ean': [ErrorDetail(string='article 100737284 non fournit par FOURNISSEUR CENTRALE', code='invalid')]} - [D29010073728400000001688000000100000000000] | 2026-04-07 23:52:04,559 {'ean': [ErrorDetail(string='article 100737284 non fournit par FOURNISSEUR CENTRALE', code='invalid')]} - [D29110073728400000001688000000100000000000] | 2026-04-07 23:52:04,575 {'ean': [ErrorDetail(string='article 100737284 non fournit par FOURNISSEUR CENTRALE', code='invalid')]} - [D29210073728400000001688000000100000000000] | 2026-04-07 23:52:04,589 {'ean': [ErrorDetail(string='article 100737284 non fournit par FOURNISSEUR CENTRALE', code='invalid')]} - [D29310073728400000001688000000100000000000] | 2026-04-07 23:52:04,605 {'ean': [ErrorDetail(string='article 100737284 non fournit par FOURNISSEUR CENTRALE', code='invalid')]} - [D29410073728400000001688000000100000000000] | 2026-04-07 23:52:04,619 {'ean': [ErrorDetail(string='article 100737284 non fournit par FOURNISSEUR CENTRALE', code='invalid')]} - [D29510073728400000001688000000100000000000] | 2026-04-07 23:52:04,634 {'ean': [ErrorDetail(string='article 100737284 non fournit par FOURNISSEUR CENTRALE', code='invalid')]} - [D30210073728400000001688000000100000000000] | 2026-04-07 23:52:04,637 fin intégration: (561b25f9-c6f2-4bed-852e-168aac57348e) | fichier: /srv/import/080/SugCde_2554221_20260407164427.txt | 185 lignes formatées | 184 lignes en erreurs | 1 lignes crées | 0 lignes mises à jour | 0 lignes supprimées;293;MANDARINE AMBASSADE CHINE
pos9;POS 9;2026-04-09T18:56:31.473006+00:00;27fce8bd-c9b6-4ec1-84ba-a3593f4d6cec;2026-04-07T23:52:01.017023;2026-04-07T23:52:05.317909;30;import de données;supplier_order;commande fournisseur;0;erreur;interne;Extrait du rapport d'import: | 2026-04-07 23:52:04,298 {'ean': [ErrorDetail(string='article 100737278 non fournit par FOURNISSEUR CENTRALE', code='invalid')]} - [D29210073727800000001688000000100000000000] | 2026-04-07 23:52:04,317 {'ean': [ErrorDetail(string='article 100737278 non fournit par FOURNISSEUR CENTRALE', code='invalid')]} - [D29310073727800000001688000000100000000000] | 2026-04-07 23:52:04,335 {'ean': [ErrorDetail(string='article 100737278 non fournit par FOURNISSEUR CENTRALE', code='invalid')]} - [D29410073727800000001688000000100000000000] | 2026-04-07 23:52:04,352 {'ean': [ErrorDetail(string='article 100737278 non fournit par FOURNISSEUR CENTRALE', code='invalid')]} - [D29510073727800000001688000000100000000000] | 2026-04-07 23:52:04,367 {'ean': [ErrorDetail(string='article 100737278 non fournit par FOURNISSEUR CENTRALE', code='invalid')]} - [D30210073727800000001688000000100000000000] | 2026-04-07 23:52:04,385 {'ean': [ErrorDetail(string='article 100737284 non fournit par FOURNISSEUR CENTRALE', code='invalid')]} - [D03510073728400000001688000000100000000000] | 2026-04-07 23:52:04,402 {'ean': [ErrorDetail(string='article 100737284 non fournit par FOURNISSEUR CENTRALE', code='invalid')]} - [D08010073728400000001688000000100000000000] | 2026-04-07 23:52:04,418 {'ean': [ErrorDetail(string='article 100737284 non fournit par FOURNISSEUR CENTRALE', code='invalid')]} - [D10010073728400000001688000000100000000000] | 2026-04-07 23:52:04,434 {'ean': [ErrorDetail(string='article 100737284 non fournit par FOURNISSEUR CENTRALE', code='invalid')]} - [D11010073728400000001688000000100000000000] | 2026-04-07 23:52:04,449 {'ean': [ErrorDetail(string='article 100737284 non fournit par FOURNISSEUR CENTRALE', code='invalid')]} - [D12010073728400000001688000000100000000000] | 2026-04-07 23:52:04,466 {'ean': [ErrorDetail(string='article 100737284 non fournit par FOURNISSEUR CENTRALE', code='invalid')]} - [D22010073728400000001688000000100000000000] | 2026-04-07 23:52:04,482 {'ean': [ErrorDetail(string='article 100737284 non fournit par FOURNISSEUR CENTRALE', code='invalid')]} - [D23010073728400000001688000000100000000000] | 2026-04-07 23:52:04,497 {'ean': [ErrorDetail(string='article 100737284 non fournit par FOURNISSEUR CENTRALE', code='invalid')]} - [D23510073728400000001688000000100000000000] | 2026-04-07 23:52:04,513 {'ean': [ErrorDetail(string='article 100737284 non fournit par FOURNISSEUR CENTRALE', code='invalid')]} - [D26110073728400000001688000000100000000000] | 2026-04-07 23:52:04,529 {'ean': [ErrorDetail(string='article 100737284 non fournit par FOURNISSEUR CENTRALE', code='invalid')]} - [D28110073728400000001688000000100000000000] | 2026-04-07 23:52:04,544 {'ean': [ErrorDetail(string='article 100737284 non fournit par FOURNISSEUR CENTRALE', code='invalid')]} - [D29010073728400000001688000000100000000000] | 2026-04-07 23:52:04,559 {'ean': [ErrorDetail(string='article 100737284 non fournit par FOURNISSEUR CENTRALE', code='invalid')]} - [D29110073728400000001688000000100000000000] | 2026-04-07 23:52:04,575 {'ean': [ErrorDetail(string='article 100737284 non fournit par FOURNISSEUR CENTRALE', code='invalid')]} - [D29210073728400000001688000000100000000000] | 2026-04-07 23:52:04,589 {'ean': [ErrorDetail(string='article 100737284 non fournit par FOURNISSEUR CENTRALE', code='invalid')]} - [D29310073728400000001688000000100000000000] | 2026-04-07 23:52:04,605 {'ean': [ErrorDetail(string='article 100737284 non fournit par FOURNISSEUR CENTRALE', code='invalid')]} - [D29410073728400000001688000000100000000000] | 2026-04-07 23:52:04,619 {'ean': [ErrorDetail(string='article 100737284 non fournit par FOURNISSEUR CENTRALE', code='invalid')]} - [D29510073728400000001688000000100000000000] | 2026-04-07 23:52:04,634 {'ean': [ErrorDetail(string='article 100737284 non fournit par FOURNISSEUR CENTRALE', code='invalid')]} - [D30210073728400000001688000000100000000000] | 2026-04-07 23:52:04,637 fin intégration: (561b25f9-c6f2-4bed-852e-168aac57348e) | fichier: /srv/import/080/SugCde_2554221_20260407164427.txt | 185 lignes formatées | 184 lignes en erreurs | 1 lignes crées | 0 lignes mises à jour | 0 lignes supprimées;291;MANDARINE DANGA
pos9;POS 9;2026-04-09T18:56:31.473006+00:00;e1521030-3736-4d97-83c9-d2ac6c2f8839;2026-04-07T23:52:01.032805;2026-04-07T23:52:05.145711;30;import de données;supplier_order;commande fournisseur;0;erreur;interne;Extrait du rapport d'import: | 2026-04-07 23:52:04,298 {'ean': [ErrorDetail(string='article 100737278 non fournit par FOURNISSEUR CENTRALE', code='invalid')]} - [D29210073727800000001688000000100000000000] | 2026-04-07 23:52:04,317 {'ean': [ErrorDetail(string='article 100737278 non fournit par FOURNISSEUR CENTRALE', code='invalid')]} - [D29310073727800000001688000000100000000000] | 2026-04-07 23:52:04,335 {'ean': [ErrorDetail(string='article 100737278 non fournit par FOURNISSEUR CENTRALE', code='invalid')]} - [D29410073727800000001688000000100000000000] | 2026-04-07 23:52:04,352 {'ean': [ErrorDetail(string='article 100737278 non fournit par FOURNISSEUR CENTRALE', code='invalid')]} - [D29510073727800000001688000000100000000000] | 2026-04-07 23:52:04,367 {'ean': [ErrorDetail(string='article 100737278 non fournit par FOURNISSEUR CENTRALE', code='invalid')]} - [D30210073727800000001688000000100000000000] | 2026-04-07 23:52:04,385 {'ean': [ErrorDetail(string='article 100737284 non fournit par FOURNISSEUR CENTRALE', code='invalid')]} - [D03510073728400000001688000000100000000000] | 2026-04-07 23:52:04,402 {'ean': [ErrorDetail(string='article 100737284 non fournit par FOURNISSEUR CENTRALE', code='invalid')]} - [D08010073728400000001688000000100000000000] | 2026-04-07 23:52:04,418 {'ean': [ErrorDetail(string='article 100737284 non fournit par FOURNISSEUR CENTRALE', code='invalid')]} - [D10010073728400000001688000000100000000000] | 2026-04-07 23:52:04,434 {'ean': [ErrorDetail(string='article 100737284 non fournit par FOURNISSEUR CENTRALE', code='invalid')]} - [D11010073728400000001688000000100000000000] | 2026-04-07 23:52:04,449 {'ean': [ErrorDetail(string='article 100737284 non fournit par FOURNISSEUR CENTRALE', code='invalid')]} - [D12010073728400000001688000000100000000000] | 2026-04-07 23:52:04,466 {'ean': [ErrorDetail(string='article 100737284 non fournit par FOURNISSEUR CENTRALE', code='invalid')]} - [D22010073728400000001688000000100000000000] | 2026-04-07 23:52:04,482 {'ean': [ErrorDetail(string='article 100737284 non fournit par FOURNISSEUR CENTRALE', code='invalid')]} - [D23010073728400000001688000000100000000000] | 2026-04-07 23:52:04,497 {'ean': [ErrorDetail(string='article 100737284 non fournit par FOURNISSEUR CENTRALE', code='invalid')]} - [D23510073728400000001688000000100000000000] | 2026-04-07 23:52:04,513 {'ean': [ErrorDetail(string='article 100737284 non fournit par FOURNISSEUR CENTRALE', code='invalid')]} - [D26110073728400000001688000000100000000000] | 2026-04-07 23:52:04,529 {'ean': [ErrorDetail(string='article 100737284 non fournit par FOURNISSEUR CENTRALE', code='invalid')]} - [D28110073728400000001688000000100000000000] | 2026-04-07 23:52:04,544 {'ean': [ErrorDetail(string='article 100737284 non fournit par FOURNISSEUR CENTRALE', code='invalid')]} - [D29010073728400000001688000000100000000000] | 2026-04-07 23:52:04,559 {'ean': [ErrorDetail(string='article 100737284 non fournit par FOURNISSEUR CENTRALE', code='invalid')]} - [D29110073728400000001688000000100000000000] | 2026-04-07 23:52:04,575 {'ean': [ErrorDetail(string='article 100737284 non fournit par FOURNISSEUR CENTRALE', code='invalid')]} - [D29210073728400000001688000000100000000000] | 2026-04-07 23:52:04,589 {'ean': [ErrorDetail(string='article 100737284 non fournit par FOURNISSEUR CENTRALE', code='invalid')]} - [D29310073728400000001688000000100000000000] | 2026-04-07 23:52:04,605 {'ean': [ErrorDetail(string='article 100737284 non fournit par FOURNISSEUR CENTRALE', code='invalid')]} - [D29410073728400000001688000000100000000000] | 2026-04-07 23:52:04,619 {'ean': [ErrorDetail(string='article 100737284 non fournit par FOURNISSEUR CENTRALE', code='invalid')]} - [D29510073728400000001688000000100000000000] | 2026-04-07 23:52:04,634 {'ean': [ErrorDetail(string='article 100737284 non fournit par FOURNISSEUR CENTRALE', code='invalid')]} - [D30210073728400000001688000000100000000000] | 2026-04-07 23:52:04,637 fin intégration: (561b25f9-c6f2-4bed-852e-168aac57348e) | fichier: /srv/import/080/SugCde_2554221_20260407164427.txt | 185 lignes formatées | 184 lignes en erreurs | 1 lignes crées | 0 lignes mises à jour | 0 lignes supprimées;292;MANDARINE KOUMASSI
pos9;POS 9;2026-04-09T18:56:31.473006+00:00;561b25f9-c6f2-4bed-852e-168aac57348e;2026-04-07T23:52:00.995791;2026-04-07T23:52:04.672090;30;import de données;supplier_order;commande fournisseur;0;erreur;interne;Extrait du rapport d'import: | 2026-04-07 23:52:04,298 {'ean': [ErrorDetail(string='article 100737278 non fournit par FOURNISSEUR CENTRALE', code='invalid')]} - [D29210073727800000001688000000100000000000] | 2026-04-07 23:52:04,317 {'ean': [ErrorDetail(string='article 100737278 non fournit par FOURNISSEUR CENTRALE', code='invalid')]} - [D29310073727800000001688000000100000000000] | 2026-04-07 23:52:04,335 {'ean': [ErrorDetail(string='article 100737278 non fournit par FOURNISSEUR CENTRALE', code='invalid')]} - [D29410073727800000001688000000100000000000] | 2026-04-07 23:52:04,352 {'ean': [ErrorDetail(string='article 100737278 non fournit par FOURNISSEUR CENTRALE', code='invalid')]} - [D29510073727800000001688000000100000000000] | 2026-04-07 23:52:04,367 {'ean': [ErrorDetail(string='article 100737278 non fournit par FOURNISSEUR CENTRALE', code='invalid')]} - [D30210073727800000001688000000100000000000] | 2026-04-07 23:52:04,385 {'ean': [ErrorDetail(string='article 100737284 non fournit par FOURNISSEUR CENTRALE', code='invalid')]} - [D03510073728400000001688000000100000000000] | 2026-04-07 23:52:04,402 {'ean': [ErrorDetail(string='article 100737284 non fournit par FOURNISSEUR CENTRALE', code='invalid')]} - [D08010073728400000001688000000100000000000] | 2026-04-07 23:52:04,418 {'ean': [ErrorDetail(string='article 100737284 non fournit par FOURNISSEUR CENTRALE', code='invalid')]} - [D10010073728400000001688000000100000000000] | 2026-04-07 23:52:04,434 {'ean': [ErrorDetail(string='article 100737284 non fournit par FOURNISSEUR CENTRALE', code='invalid')]} - [D11010073728400000001688000000100000000000] | 2026-04-07 23:52:04,449 {'ean': [ErrorDetail(string='article 100737284 non fournit par FOURNISSEUR CENTRALE', code='invalid')]} - [D12010073728400000001688000000100000000000] | 2026-04-07 23:52:04,466 {'ean': [ErrorDetail(string='article 100737284 non fournit par FOURNISSEUR CENTRALE', code='invalid')]} - [D22010073728400000001688000000100000000000] | 2026-04-07 23:52:04,482 {'ean': [ErrorDetail(string='article 100737284 non fournit par FOURNISSEUR CENTRALE', code='invalid')]} - [D23010073728400000001688000000100000000000] | 2026-04-07 23:52:04,497 {'ean': [ErrorDetail(string='article 100737284 non fournit par FOURNISSEUR CENTRALE', code='invalid')]} - [D23510073728400000001688000000100000000000] | 2026-04-07 23:52:04,513 {'ean': [ErrorDetail(string='article 100737284 non fournit par FOURNISSEUR CENTRALE', code='invalid')]} - [D26110073728400000001688000000100000000000] | 2026-04-07 23:52:04,529 {'ean': [ErrorDetail(string='article 100737284 non fournit par FOURNISSEUR CENTRALE', code='invalid')]} - [D28110073728400000001688000000100000000000] | 2026-04-07 23:52:04,544 {'ean': [ErrorDetail(string='article 100737284 non fournit par FOURNISSEUR CENTRALE', code='invalid')]} - [D29010073728400000001688000000100000000000] | 2026-04-07 23:52:04,559 {'ean': [ErrorDetail(string='article 100737284 non fournit par FOURNISSEUR CENTRALE', code='invalid')]} - [D29110073728400000001688000000100000000000] | 2026-04-07 23:52:04,575 {'ean': [ErrorDetail(string='article 100737284 non fournit par FOURNISSEUR CENTRALE', code='invalid')]} - [D29210073728400000001688000000100000000000] | 2026-04-07 23:52:04,589 {'ean': [ErrorDetail(string='article 100737284 non fournit par FOURNISSEUR CENTRALE', code='invalid')]} - [D29310073728400000001688000000100000000000] | 2026-04-07 23:52:04,605 {'ean': [ErrorDetail(string='article 100737284 non fournit par FOURNISSEUR CENTRALE', code='invalid')]} - [D29410073728400000001688000000100000000000] | 2026-04-07 23:52:04,619 {'ean': [ErrorDetail(string='article 100737284 non fournit par FOURNISSEUR CENTRALE', code='invalid')]} - [D29510073728400000001688000000100000000000] | 2026-04-07 23:52:04,634 {'ean': [ErrorDetail(string='article 100737284 non fournit par FOURNISSEUR CENTRALE', code='invalid')]} - [D30210073728400000001688000000100000000000] | 2026-04-07 23:52:04,637 fin intégration: (561b25f9-c6f2-4bed-852e-168aac57348e) | fichier: /srv/import/080/SugCde_2554221_20260407164427.txt | 185 lignes formatées | 184 lignes en erreurs | 1 lignes crées | 0 lignes mises à jour | 0 lignes supprimées;080;MANDARINE MARCORY
pos9;POS 9;2026-04-09T18:56:31.473006+00:00;fbeecc11-07a5-474a-b3b1-f06e39b2bee2;2026-04-07T23:51:01.063356;2026-04-07T23:51:07.003325;30;import de données;supplier_order;commande fournisseur;0;erreur;interne;Extrait du rapport d'import: | 2026-04-07 23:51:04,296 {'ean': [ErrorDetail(string='article 100737278 non fournit par FOURNISSEUR CENTRALE', code='invalid')]} - [D29210073727800000001688000000100000000000] | 2026-04-07 23:51:04,311 {'ean': [ErrorDetail(string='article 100737278 non fournit par FOURNISSEUR CENTRALE', code='invalid')]} - [D29310073727800000001688000000100000000000] | 2026-04-07 23:51:04,325 {'ean': [ErrorDetail(string='article 100737278 non fournit par FOURNISSEUR CENTRALE', code='invalid')]} - [D29410073727800000001688000000100000000000] | 2026-04-07 23:51:04,340 {'ean': [ErrorDetail(string='article 100737278 non fournit par FOURNISSEUR CENTRALE', code='invalid')]} - [D29510073727800000001688000000100000000000] | 2026-04-07 23:51:04,356 {'ean': [ErrorDetail(string='article 100737278 non fournit par FOURNISSEUR CENTRALE', code='invalid')]} - [D30210073727800000001688000000100000000000] | 2026-04-07 23:51:04,374 {'ean': [ErrorDetail(string='article 100737284 non fournit par FOURNISSEUR CENTRALE', code='invalid')]} - [D03510073728400000001688000000100000000000] | 2026-04-07 23:51:04,389 {'ean': [ErrorDetail(string='article 100737284 non fournit par FOURNISSEUR CENTRALE', code='invalid')]} - [D08010073728400000001688000000100000000000] | 2026-04-07 23:51:04,405 {'ean': [ErrorDetail(string='article 100737284 non fournit par FOURNISSEUR CENTRALE', code='invalid')]} - [D10010073728400000001688000000100000000000] | 2026-04-07 23:51:04,420 {'ean': [ErrorDetail(string='article 100737284 non fournit par FOURNISSEUR CENTRALE', code='invalid')]} - [D11010073728400000001688000000100000000000] | 2026-04-07 23:51:04,435 {'ean': [ErrorDetail(string='article 100737284 non fournit par FOURNISSEUR CENTRALE', code='invalid')]} - [D12010073728400000001688000000100000000000] | 2026-04-07 23:51:04,450 {'ean': [ErrorDetail(string='article 100737284 non fournit par FOURNISSEUR CENTRALE', code='invalid')]} - [D22010073728400000001688000000100000000000] | 2026-04-07 23:51:04,465 {'ean': [ErrorDetail(string='article 100737284 non fournit par FOURNISSEUR CENTRALE', code='invalid')]} - [D23010073728400000001688000000100000000000] | 2026-04-07 23:51:04,481 {'ean': [ErrorDetail(string='article 100737284 non fournit par FOURNISSEUR CENTRALE', code='invalid')]} - [D23510073728400000001688000000100000000000] | 2026-04-07 23:51:04,496 {'ean': [ErrorDetail(string='article 100737284 non fournit par FOURNISSEUR CENTRALE', code='invalid')]} - [D26110073728400000001688000000100000000000] | 2026-04-07 23:51:04,510 {'ean': [ErrorDetail(string='article 100737284 non fournit par FOURNISSEUR CENTRALE', code='invalid')]} - [D28110073728400000001688000000100000000000] | 2026-04-07 23:51:04,525 {'ean': [ErrorDetail(string='article 100737284 non fournit par FOURNISSEUR CENTRALE', code='invalid')]} - [D29010073728400000001688000000100000000000] | 2026-04-07 23:51:04,539 {'ean': [ErrorDetail(string='article 100737284 non fournit par FOURNISSEUR CENTRALE', code='invalid')]} - [D29110073728400000001688000000100000000000] | 2026-04-07 23:51:04,554 {'ean': [ErrorDetail(string='article 100737284 non fournit par FOURNISSEUR CENTRALE', code='invalid')]} - [D29210073728400000001688000000100000000000] | 2026-04-07 23:51:04,568 {'ean': [ErrorDetail(string='article 100737284 non fournit par FOURNISSEUR CENTRALE', code='invalid')]} - [D29310073728400000001688000000100000000000] | 2026-04-07 23:51:04,583 {'ean': [ErrorDetail(string='article 100737284 non fournit par FOURNISSEUR CENTRALE', code='invalid')]} - [D29410073728400000001688000000100000000000] | 2026-04-07 23:51:04,598 {'ean': [ErrorDetail(string='article 100737284 non fournit par FOURNISSEUR CENTRALE', code='invalid')]} - [D29510073728400000001688000000100000000000] | 2026-04-07 23:51:04,613 {'ean': [ErrorDetail(string='article 100737284 non fournit par FOURNISSEUR CENTRALE', code='invalid')]} - [D30210073728400000001688000000100000000000] | 2026-04-07 23:51:04,616 fin intégration: (bbd31820-0dbe-40c2-821e-8ec2aa90724f) | fichier: /srv/import/292/SugCde_2554221_20260407164427.txt | 185 lignes formatées | 184 lignes en erreurs | 1 lignes crées | 0 lignes mises à jour | 0 lignes supprimées;293;MANDARINE AMBASSADE CHINE
pos9;POS 9;2026-04-09T18:56:31.473006+00:00;bbd31820-0dbe-40c2-821e-8ec2aa90724f;2026-04-07T23:51:01.042032;2026-04-07T23:51:04.652104;30;import de données;supplier_order;commande fournisseur;0;erreur;interne;Extrait du rapport d'import: | 2026-04-07 23:51:04,296 {'ean': [ErrorDetail(string='article 100737278 non fournit par FOURNISSEUR CENTRALE', code='invalid')]} - [D29210073727800000001688000000100000000000] | 2026-04-07 23:51:04,311 {'ean': [ErrorDetail(string='article 100737278 non fournit par FOURNISSEUR CENTRALE', code='invalid')]} - [D29310073727800000001688000000100000000000] | 2026-04-07 23:51:04,325 {'ean': [ErrorDetail(string='article 100737278 non fournit par FOURNISSEUR CENTRALE', code='invalid')]} - [D29410073727800000001688000000100000000000] | 2026-04-07 23:51:04,340 {'ean': [ErrorDetail(string='article 100737278 non fournit par FOURNISSEUR CENTRALE', code='invalid')]} - [D29510073727800000001688000000100000000000] | 2026-04-07 23:51:04,356 {'ean': [ErrorDetail(string='article 100737278 non fournit par FOURNISSEUR CENTRALE', code='invalid')]} - [D30210073727800000001688000000100000000000] | 2026-04-07 23:51:04,374 {'ean': [ErrorDetail(string='article 100737284 non fournit par FOURNISSEUR CENTRALE', code='invalid')]} - [D03510073728400000001688000000100000000000] | 2026-04-07 23:51:04,389 {'ean': [ErrorDetail(string='article 100737284 non fournit par FOURNISSEUR CENTRALE', code='invalid')]} - [D08010073728400000001688000000100000000000] | 2026-04-07 23:51:04,405 {'ean': [ErrorDetail(string='article 100737284 non fournit par FOURNISSEUR CENTRALE', code='invalid')]} - [D10010073728400000001688000000100000000000] | 2026-04-07 23:51:04,420 {'ean': [ErrorDetail(string='article 100737284 non fournit par FOURNISSEUR CENTRALE', code='invalid')]} - [D11010073728400000001688000000100000000000] | 2026-04-07 23:51:04,435 {'ean': [ErrorDetail(string='article 100737284 non fournit par FOURNISSEUR CENTRALE', code='invalid')]} - [D12010073728400000001688000000100000000000] | 2026-04-07 23:51:04,450 {'ean': [ErrorDetail(string='article 100737284 non fournit par FOURNISSEUR CENTRALE', code='invalid')]} - [D22010073728400000001688000000100000000000] | 2026-04-07 23:51:04,465 {'ean': [ErrorDetail(string='article 100737284 non fournit par FOURNISSEUR CENTRALE', code='invalid')]} - [D23010073728400000001688000000100000000000] | 2026-04-07 23:51:04,481 {'ean': [ErrorDetail(string='article 100737284 non fournit par FOURNISSEUR CENTRALE', code='invalid')]} - [D23510073728400000001688000000100000000000] | 2026-04-07 23:51:04,496 {'ean': [ErrorDetail(string='article 100737284 non fournit par FOURNISSEUR CENTRALE', code='invalid')]} - [D26110073728400000001688000000100000000000] | 2026-04-07 23:51:04,510 {'ean': [ErrorDetail(string='article 100737284 non fournit par FOURNISSEUR CENTRALE', code='invalid')]} - [D28110073728400000001688000000100000000000] | 2026-04-07 23:51:04,525 {'ean': [ErrorDetail(string='article 100737284 non fournit par FOURNISSEUR CENTRALE', code='invalid')]} - [D29010073728400000001688000000100000000000] | 2026-04-07 23:51:04,539 {'ean': [ErrorDetail(string='article 100737284 non fournit par FOURNISSEUR CENTRALE', code='invalid')]} - [D29110073728400000001688000000100000000000] | 2026-04-07 23:51:04,554 {'ean': [ErrorDetail(string='article 100737284 non fournit par FOURNISSEUR CENTRALE', code='invalid')]} - [D29210073728400000001688000000100000000000] | 2026-04-07 23:51:04,568 {'ean': [ErrorDetail(string='article 100737284 non fournit par FOURNISSEUR CENTRALE', code='invalid')]} - [D29310073728400000001688000000100000000000] | 2026-04-07 23:51:04,583 {'ean': [ErrorDetail(string='article 100737284 non fournit par FOURNISSEUR CENTRALE', code='invalid')]} - [D29410073728400000001688000000100000000000] | 2026-04-07 23:51:04,598 {'ean': [ErrorDetail(string='article 100737284 non fournit par FOURNISSEUR CENTRALE', code='invalid')]} - [D29510073728400000001688000000100000000000] | 2026-04-07 23:51:04,613 {'ean': [ErrorDetail(string='article 100737284 non fournit par FOURNISSEUR CENTRALE', code='invalid')]} - [D30210073728400000001688000000100000000000] | 2026-04-07 23:51:04,616 fin intégration: (bbd31820-0dbe-40c2-821e-8ec2aa90724f) | fichier: /srv/import/292/SugCde_2554221_20260407164427.txt | 185 lignes formatées | 184 lignes en erreurs | 1 lignes crées | 0 lignes mises à jour | 0 lignes supprimées;292;MANDARINE KOUMASSI
pos9;POS 9;2026-04-09T18:56:31.473006+00:00;bbbe527e-f53f-432d-ab6b-17bd290c2992;2026-04-07T23:51:01.004936;2026-04-07T23:51:04.392336;30;import de données;supplier_order;commande fournisseur;0;erreur;interne;Extrait du rapport d'import: | 2026-04-07 23:51:03,940 {'ean': [ErrorDetail(string='article 100737277 non fournit par FOURNISSEUR CENTRALE', code='invalid')]} - [D23010073727700000001688000000100000000000] | 2026-04-07 23:51:03,955 {'ean': [ErrorDetail(string='article 100737277 non fournit par FOURNISSEUR CENTRALE', code='invalid')]} - [D23510073727700000001688000000100000000000] | 2026-04-07 23:51:03,969 {'ean': [ErrorDetail(string='article 100737277 non fournit par FOURNISSEUR CENTRALE', code='invalid')]} - [D26110073727700000001688000000100000000000] | 2026-04-07 23:51:03,985 {'ean': [ErrorDetail(string='article 100737277 non fournit par FOURNISSEUR CENTRALE', code='invalid')]} - [D28110073727700000001688000000100000000000] | 2026-04-07 23:51:04,003 {'ean': [ErrorDetail(string='article 100737277 non fournit par FOURNISSEUR CENTRALE', code='invalid')]} - [D29010073727700000001688000000100000000000] | 2026-04-07 23:51:04,019 {'ean': [ErrorDetail(string='article 100737277 non fournit par FOURNISSEUR CENTRALE', code='invalid')]} - [D29110073727700000001688000000100000000000] | 2026-04-07 23:51:04,034 {'ean': [ErrorDetail(string='article 100737277 non fournit par FOURNISSEUR CENTRALE', code='invalid')]} - [D29210073727700000001688000000100000000000] | 2026-04-07 23:51:04,049 {'ean': [ErrorDetail(string='article 100737277 non fournit par FOURNISSEUR CENTRALE', code='invalid')]} - [D29310073727700000001688000000100000000000] | 2026-04-07 23:51:04,063 {'ean': [ErrorDetail(string='article 100737277 non fournit par FOURNISSEUR CENTRALE', code='invalid')]} - [D29410073727700000001688000000100000000000] | 2026-04-07 23:51:04,078 {'ean': [ErrorDetail(string='article 100737277 non fournit par FOURNISSEUR CENTRALE', code='invalid')]} - [D29510073727700000001688000000100000000000] | 2026-04-07 23:51:04,093 {'ean': [ErrorDetail(string='article 100737277 non fournit par FOURNISSEUR CENTRALE', code='invalid')]} - [D30210073727700000001688000000100000000000] | 2026-04-07 23:51:04,107 {'ean': [ErrorDetail(string='article 100737278 non fournit par FOURNISSEUR CENTRALE', code='invalid')]} - [D03510073727800000001688000000100000000000] | 2026-04-07 23:51:04,125 {'ean': [ErrorDetail(string='article 100737278 non fournit par FOURNISSEUR CENTRALE', code='invalid')]} - [D08010073727800000001688000000100000000000] | 2026-04-07 23:51:04,140 {'ean': [ErrorDetail(string='article 100737278 non fournit par FOURNISSEUR CENTRALE', code='invalid')]} - [D10010073727800000001688000000100000000000] | 2026-04-07 23:51:04,155 {'ean': [ErrorDetail(string='article 100737278 non fournit par FOURNISSEUR CENTRALE', code='invalid')]} - [D11010073727800000001688000000100000000000] | 2026-04-07 23:51:04,171 {'ean': [ErrorDetail(string='article 100737278 non fournit par FOURNISSEUR CENTRALE', code='invalid')]} - [D12010073727800000001688000000100000000000] | 2026-04-07 23:51:04,186 {'ean': [ErrorDetail(string='article 100737278 non fournit par FOURNISSEUR CENTRALE', code='invalid')]} - [D22010073727800000001688000000100000000000] | 2026-04-07 23:51:04,202 {'ean': [ErrorDetail(string='article 100737278 non fournit par FOURNISSEUR CENTRALE', code='invalid')]} - [D23010073727800000001688000000100000000000] | 2026-04-07 23:51:04,218 {'ean': [ErrorDetail(string='article 100737278 non fournit par FOURNISSEUR CENTRALE', code='invalid')]} - [D23510073727800000001688000000100000000000] | 2026-04-07 23:51:04,233 {'ean': [ErrorDetail(string='article 100737278 non fournit par FOURNISSEUR CENTRALE', code='invalid')]} - [D26110073727800000001688000000100000000000] | 2026-04-07 23:51:04,250 {'ean': [ErrorDetail(string='article 100737278 non fournit par FOURNISSEUR CENTRALE', code='invalid')]} - [D28110073727800000001688000000100000000000] | 2026-04-07 23:51:04,265 {'ean': [ErrorDetail(string='article 100737278 non fournit par FOURNISSEUR CENTRALE', code='invalid')]} - [D29010073727800000001688000000100000000000] | 2026-04-07 23:51:04,280 {'ean': [ErrorDetail(string='article 100737278 non fournit par FOURNISSEUR CENTRALE', code='invalid')]} - [D29110073727800000001688000000100000000000] | 2026-04-07 23:51:04,296 {'ean': [ErrorDetail(string='article 100737278 non fournit par FOURNISSEUR CENTRALE', code='invalid')]} - [D29210073727800000001688000000100000000000] | 2026-04-07 23:51:04,311 {'ean': [ErrorDetail(string='article 100737278 non fournit par FOURNISSEUR CENTRALE', code='invalid')]} - [D29310073727800000001688000000100000000000] | 2026-04-07 23:51:04,325 {'ean': [ErrorDetail(string='article 100737278 non fournit par FOURNISSEUR CENTRALE', code='invalid')]} - [D29410073727800000001688000000100000000000] | 2026-04-07 23:51:04,340 {'ean': [ErrorDetail(string='article 100737278 non fournit par FOURNISSEUR CENTRALE', code='invalid')]} - [D29510073727800000001688000000100000000000] | 2026-04-07 23:51:04,356 {'ean': [ErrorDetail(string='article 100737278 non fournit par FOURNISSEUR CENTRALE', code='invalid')]} - [D30210073727800000001688000000100000000000] | 2026-04-07 23:51:04,374 {'ean': [ErrorDetail(string='article 100737284 non fournit par FOURNISSEUR CENTRALE', code='invalid')]} - [D03510073728400000001688000000100000000000] | 2026-04-07 23:51:04,389 {'ean': [ErrorDetail(string='article 100737284 non fournit par FOURNISSEUR CENTRALE', code='invalid')]} - [D08010073728400000001688000000100000000000];080;MANDARINE MARCORY
pos9;POS 9;2026-04-09T18:56:31.473006+00:00;b768db11-8592-4607-a663-6de2150521e8;2026-04-07T23:51:01.028057;2026-04-07T23:51:03.981801;30;import de données;supplier_order;commande fournisseur;0;erreur;interne;Extrait du rapport d'import: | 2026-04-07 23:51:03,458 {'ean': [ErrorDetail(string='article 100706996 non fournit par FOURNISSEUR CENTRALE', code='invalid')]} - [D30110070699600000000400000000100000000000] | 2026-04-07 23:51:03,478 {'ean': [ErrorDetail(string='article 100706996 non fournit par FOURNISSEUR CENTRALE', code='invalid')]} - [D30210070699600000000400000000100000000000] | 2026-04-07 23:51:03,504 {'ean': [ErrorDetail(string='article 100706998 non fournit par FOURNISSEUR CENTRALE', code='invalid')]} - [D03510070699800000000400000000100000000000] | 2026-04-07 23:51:03,521 {'ean': [ErrorDetail(string='article 100706998 non fournit par FOURNISSEUR CENTRALE', code='invalid')]} - [D05010070699800000000400000000100000000000] | 2026-04-07 23:51:03,541 {'ean': [ErrorDetail(string='article 100706998 non fournit par FOURNISSEUR CENTRALE', code='invalid')]} - [D08010070699800000000400000000100000000000] | 2026-04-07 23:51:03,558 {'ean': [ErrorDetail(string='article 100706998 non fournit par FOURNISSEUR CENTRALE', code='invalid')]} - [D10010070699800000000400000000100000000000] | 2026-04-07 23:51:03,575 {'ean': [ErrorDetail(string='article 100706998 non fournit par FOURNISSEUR CENTRALE', code='invalid')]} - [D11010070699800000000400000000100000000000] | 2026-04-07 23:51:03,593 {'ean': [ErrorDetail(string='article 100706998 non fournit par FOURNISSEUR CENTRALE', code='invalid')]} - [D12010070699800000000400000000100000000000] | 2026-04-07 23:51:03,623 {'ean': [ErrorDetail(string='article 100706998 non fournit par FOURNISSEUR CENTRALE', code='invalid')]} - [D22010070699800000000400000000100000000000] | 2026-04-07 23:51:03,650 {'ean': [ErrorDetail(string='article 100706998 non fournit par FOURNISSEUR CENTRALE', code='invalid')]} - [D23010070699800000000400000000100000000000] | 2026-04-07 23:51:03,679 {'ean': [ErrorDetail(string='article 100706998 non fournit par FOURNISSEUR CENTRALE', code='invalid')]} - [D23510070699800000000400000000100000000000] | 2026-04-07 23:51:03,699 {'ean': [ErrorDetail(string='article 100706998 non fournit par FOURNISSEUR CENTRALE', code='invalid')]} - [D26110070699800000000400000000100000000000] | 2026-04-07 23:51:03,719 {'ean': [ErrorDetail(string='article 100706998 non fournit par FOURNISSEUR CENTRALE', code='invalid')]} - [D28110070699800000000400000000100000000000] | 2026-04-07 23:51:03,733 {'ean': [ErrorDetail(string='article 100706998 non fournit par FOURNISSEUR CENTRALE', code='invalid')]} - [D29010070699800000000400000000100000000000] | 2026-04-07 23:51:03,748 {'ean': [ErrorDetail(string='article 100706998 non fournit par FOURNISSEUR CENTRALE', code='invalid')]} - [D29110070699800000000400000000100000000000] | 2026-04-07 23:51:03,763 {'ean': [ErrorDetail(string='article 100706998 non fournit par FOURNISSEUR CENTRALE', code='invalid')]} - [D29210070699800000000400000000100000000000] | 2026-04-07 23:51:03,779 {'ean': [ErrorDetail(string='article 100706998 non fournit par FOURNISSEUR CENTRALE', code='invalid')]} - [D29310070699800000000400000000100000000000] | 2026-04-07 23:51:03,794 {'ean': [ErrorDetail(string='article 100706998 non fournit par FOURNISSEUR CENTRALE', code='invalid')]} - [D29410070699800000000400000000100000000000] | 2026-04-07 23:51:03,808 {'ean': [ErrorDetail(string='article 100706998 non fournit par FOURNISSEUR CENTRALE', code='invalid')]} - [D29510070699800000000400000000100000000000] | 2026-04-07 23:51:03,822 {'ean': [ErrorDetail(string='article 100706998 non fournit par FOURNISSEUR CENTRALE', code='invalid')]} - [D30110070699800000000400000000100000000000] | 2026-04-07 23:51:03,837 {'ean': [ErrorDetail(string='article 100706998 non fournit par FOURNISSEUR CENTRALE', code='invalid')]} - [D30210070699800000000400000000100000000000] | 2026-04-07 23:51:03,852 {'ean': [ErrorDetail(string='article 100737277 non fournit par FOURNISSEUR CENTRALE', code='invalid')]} - [D03510073727700000001688000000100000000000] | 2026-04-07 23:51:03,866 {'ean': [ErrorDetail(string='article 100737277 non fournit par FOURNISSEUR CENTRALE', code='invalid')]} - [D08010073727700000001688000000100000000000] | 2026-04-07 23:51:03,881 {'ean': [ErrorDetail(string='article 100737277 non fournit par FOURNISSEUR CENTRALE', code='invalid')]} - [D10010073727700000001688000000100000000000] | 2026-04-07 23:51:03,895 {'ean': [ErrorDetail(string='article 100737277 non fournit par FOURNISSEUR CENTRALE', code='invalid')]} - [D11010073727700000001688000000100000000000] | 2026-04-07 23:51:03,910 {'ean': [ErrorDetail(string='article 100737277 non fournit par FOURNISSEUR CENTRALE', code='invalid')]} - [D12010073727700000001688000000100000000000] | 2026-04-07 23:51:03,925 {'ean': [ErrorDetail(string='article 100737277 non fournit par FOURNISSEUR CENTRALE', code='invalid')]} - [D22010073727700000001688000000100000000000] | 2026-04-07 23:51:03,940 {'ean': [ErrorDetail(string='article 100737277 non fournit par FOURNISSEUR CENTRALE', code='invalid')]} - [D23010073727700000001688000000100000000000] | 2026-04-07 23:51:03,955 {'ean': [ErrorDetail(string='article 100737277 non fournit par FOURNISSEUR CENTRALE', code='invalid')]} - [D23510073727700000001688000000100000000000] | 2026-04-07 23:51:03,969 {'ean': [ErrorDetail(string='article 100737277 non fournit par FOURNISSEUR CENTRALE', code='invalid')]} - [D26110073727700000001688000000100000000000];291;MANDARINE DANGA
pos9;POS 9;2026-04-09T18:56:31.473006+00:00;7509d8bd-05f9-4c3d-b77a-c8f336146ee9;2026-04-07T23:50:01.054087;2026-04-07T23:50:03.831436;30;import de données;supplier_order;commande fournisseur;0;erreur;interne;Extrait du rapport d'import: | 2026-04-07 23:50:03,352 {'ean': [ErrorDetail(string='article 100737273 non fournit par FOURNISSEUR CENTRALE', code='invalid')]} - [D29210073727300000005713000000100000000000] | 2026-04-07 23:50:03,366 {'ean': [ErrorDetail(string='article 100737273 non fournit par FOURNISSEUR CENTRALE', code='invalid')]} - [D29310073727300000005713000000100000000000] | 2026-04-07 23:50:03,382 {'ean': [ErrorDetail(string='article 100737273 non fournit par FOURNISSEUR CENTRALE', code='invalid')]} - [D29410073727300000005713000000100000000000] | 2026-04-07 23:50:03,397 {'ean': [ErrorDetail(string='article 100737273 non fournit par FOURNISSEUR CENTRALE', code='invalid')]} - [D29510073727300000005713000000100000000000] | 2026-04-07 23:50:03,413 {'ean': [ErrorDetail(string='article 100737273 non fournit par FOURNISSEUR CENTRALE', code='invalid')]} - [D30210073727300000005713000000100000000000] | 2026-04-07 23:50:03,429 {'ean': [ErrorDetail(string='article 100737274 non fournit par FOURNISSEUR CENTRALE', code='invalid')]} - [D03510073727400000005713000000100000000000] | 2026-04-07 23:50:03,446 {'ean': [ErrorDetail(string='article 100737274 non fournit par FOURNISSEUR CENTRALE', code='invalid')]} - [D08010073727400000005713000000100000000000] | 2026-04-07 23:50:03,461 {'ean': [ErrorDetail(string='article 100737274 non fournit par FOURNISSEUR CENTRALE', code='invalid')]} - [D10010073727400000005713000000100000000000] | 2026-04-07 23:50:03,476 {'ean': [ErrorDetail(string='article 100737274 non fournit par FOURNISSEUR CENTRALE', code='invalid')]} - [D11010073727400000005713000000100000000000] | 2026-04-07 23:50:03,495 {'ean': [ErrorDetail(string='article 100737274 non fournit par FOURNISSEUR CENTRALE', code='invalid')]} - [D12010073727400000005713000000100000000000] | 2026-04-07 23:50:03,514 {'ean': [ErrorDetail(string='article 100737274 non fournit par FOURNISSEUR CENTRALE', code='invalid')]} - [D22010073727400000005713000000100000000000] | 2026-04-07 23:50:03,532 {'ean': [ErrorDetail(string='article 100737274 non fournit par FOURNISSEUR CENTRALE', code='invalid')]} - [D23010073727400000005713000000100000000000] | 2026-04-07 23:50:03,550 {'ean': [ErrorDetail(string='article 100737274 non fournit par FOURNISSEUR CENTRALE', code='invalid')]} - [D23510073727400000005713000000100000000000] | 2026-04-07 23:50:03,565 {'ean': [ErrorDetail(string='article 100737274 non fournit par FOURNISSEUR CENTRALE', code='invalid')]} - [D26110073727400000005713000000100000000000] | 2026-04-07 23:50:03,582 {'ean': [ErrorDetail(string='article 100737274 non fournit par FOURNISSEUR CENTRALE', code='invalid')]} - [D28110073727400000005713000000100000000000] | 2026-04-07 23:50:03,599 {'ean': [ErrorDetail(string='article 100737274 non fournit par FOURNISSEUR CENTRALE', code='invalid')]} - [D29010073727400000005713000000100000000000] | 2026-04-07 23:50:03,615 {'ean': [ErrorDetail(string='article 100737274 non fournit par FOURNISSEUR CENTRALE', code='invalid')]} - [D29110073727400000005713000000100000000000] | 2026-04-07 23:50:03,630 {'ean': [ErrorDetail(string='article 100737274 non fournit par FOURNISSEUR CENTRALE', code='invalid')]} - [D29210073727400000005713000000100000000000] | 2026-04-07 23:50:03,646 {'ean': [ErrorDetail(string='article 100737274 non fournit par FOURNISSEUR CENTRALE', code='invalid')]} - [D29310073727400000005713000000100000000000] | 2026-04-07 23:50:03,659 {'ean': [ErrorDetail(string='article 100737274 non fournit par FOURNISSEUR CENTRALE', code='invalid')]} - [D29410073727400000005713000000100000000000] | 2026-04-07 23:50:03,674 {'ean': [ErrorDetail(string='article 100737274 non fournit par FOURNISSEUR CENTRALE', code='invalid')]} - [D29510073727400000005713000000100000000000] | 2026-04-07 23:50:03,689 {'ean': [ErrorDetail(string='article 100737274 non fournit par FOURNISSEUR CENTRALE', code='invalid')]} - [D30210073727400000005713000000100000000000] | 2026-04-07 23:50:03,692 fin intégration: (39cfc3bb-f327-4221-a7e9-bbd1e053e8e5) | fichier: /srv/import/292/SugCde_2554220_20260407164421.txt | 143 lignes formatées | 142 lignes en erreurs | 1 lignes crées | 0 lignes mises à jour | 0 lignes supprimées;293;MANDARINE AMBASSADE CHINE
pos9;POS 9;2026-04-09T18:56:31.473006+00:00;39cfc3bb-f327-4221-a7e9-bbd1e053e8e5;2026-04-07T23:50:01.032112;2026-04-07T23:50:03.728765;30;import de données;supplier_order;commande fournisseur;0;erreur;interne;Extrait du rapport d'import: | 2026-04-07 23:50:03,352 {'ean': [ErrorDetail(string='article 100737273 non fournit par FOURNISSEUR CENTRALE', code='invalid')]} - [D29210073727300000005713000000100000000000] | 2026-04-07 23:50:03,366 {'ean': [ErrorDetail(string='article 100737273 non fournit par FOURNISSEUR CENTRALE', code='invalid')]} - [D29310073727300000005713000000100000000000] | 2026-04-07 23:50:03,382 {'ean': [ErrorDetail(string='article 100737273 non fournit par FOURNISSEUR CENTRALE', code='invalid')]} - [D29410073727300000005713000000100000000000] | 2026-04-07 23:50:03,397 {'ean': [ErrorDetail(string='article 100737273 non fournit par FOURNISSEUR CENTRALE', code='invalid')]} - [D29510073727300000005713000000100000000000] | 2026-04-07 23:50:03,413 {'ean': [ErrorDetail(string='article 100737273 non fournit par FOURNISSEUR CENTRALE', code='invalid')]} - [D30210073727300000005713000000100000000000] | 2026-04-07 23:50:03,429 {'ean': [ErrorDetail(string='article 100737274 non fournit par FOURNISSEUR CENTRALE', code='invalid')]} - [D03510073727400000005713000000100000000000] | 2026-04-07 23:50:03,446 {'ean': [ErrorDetail(string='article 100737274 non fournit par FOURNISSEUR CENTRALE', code='invalid')]} - [D08010073727400000005713000000100000000000] | 2026-04-07 23:50:03,461 {'ean': [ErrorDetail(string='article 100737274 non fournit par FOURNISSEUR CENTRALE', code='invalid')]} - [D10010073727400000005713000000100000000000] | 2026-04-07 23:50:03,476 {'ean': [ErrorDetail(string='article 100737274 non fournit par FOURNISSEUR CENTRALE', code='invalid')]} - [D11010073727400000005713000000100000000000] | 2026-04-07 23:50:03,495 {'ean': [ErrorDetail(string='article 100737274 non fournit par FOURNISSEUR CENTRALE', code='invalid')]} - [D12010073727400000005713000000100000000000] | 2026-04-07 23:50:03,514 {'ean': [ErrorDetail(string='article 100737274 non fournit par FOURNISSEUR CENTRALE', code='invalid')]} - [D22010073727400000005713000000100000000000] | 2026-04-07 23:50:03,532 {'ean': [ErrorDetail(string='article 100737274 non fournit par FOURNISSEUR CENTRALE', code='invalid')]} - [D23010073727400000005713000000100000000000] | 2026-04-07 23:50:03,550 {'ean': [ErrorDetail(string='article 100737274 non fournit par FOURNISSEUR CENTRALE', code='invalid')]} - [D23510073727400000005713000000100000000000] | 2026-04-07 23:50:03,565 {'ean': [ErrorDetail(string='article 100737274 non fournit par FOURNISSEUR CENTRALE', code='invalid')]} - [D26110073727400000005713000000100000000000] | 2026-04-07 23:50:03,582 {'ean': [ErrorDetail(string='article 100737274 non fournit par FOURNISSEUR CENTRALE', code='invalid')]} - [D28110073727400000005713000000100000000000] | 2026-04-07 23:50:03,599 {'ean': [ErrorDetail(string='article 100737274 non fournit par FOURNISSEUR CENTRALE', code='invalid')]} - [D29010073727400000005713000000100000000000] | 2026-04-07 23:50:03,615 {'ean': [ErrorDetail(string='article 100737274 non fournit par FOURNISSEUR CENTRALE', code='invalid')]} - [D29110073727400000005713000000100000000000] | 2026-04-07 23:50:03,630 {'ean': [ErrorDetail(string='article 100737274 non fournit par FOURNISSEUR CENTRALE', code='invalid')]} - [D29210073727400000005713000000100000000000] | 2026-04-07 23:50:03,646 {'ean': [ErrorDetail(string='article 100737274 non fournit par FOURNISSEUR CENTRALE', code='invalid')]} - [D29310073727400000005713000000100000000000] | 2026-04-07 23:50:03,659 {'ean': [ErrorDetail(string='article 100737274 non fournit par FOURNISSEUR CENTRALE', code='invalid')]} - [D29410073727400000005713000000100000000000] | 2026-04-07 23:50:03,674 {'ean': [ErrorDetail(string='article 100737274 non fournit par FOURNISSEUR CENTRALE', code='invalid')]} - [D29510073727400000005713000000100000000000] | 2026-04-07 23:50:03,689 {'ean': [ErrorDetail(string='article 100737274 non fournit par FOURNISSEUR CENTRALE', code='invalid')]} - [D30210073727400000005713000000100000000000] | 2026-04-07 23:50:03,692 fin intégration: (39cfc3bb-f327-4221-a7e9-bbd1e053e8e5) | fichier: /srv/import/292/SugCde_2554220_20260407164421.txt | 143 lignes formatées | 142 lignes en erreurs | 1 lignes crées | 0 lignes mises à jour | 0 lignes supprimées;292;MANDARINE KOUMASSI
pos9;POS 9;2026-04-09T18:56:31.473006+00:00;2a7dfd2a-bd7b-42aa-8890-19a613d4c47e;2026-04-07T23:50:01.018144;2026-04-07T23:50:01.063848;30;import de données;supplier_order;commande fournisseur;2;succès;interne;Import commande fournisseur: | fin intégration: (2a7dfd2a-bd7b-42aa-8890-19a613d4c47e) | fichier: /srv/import/291/SugCde_2554173_20260407100847.txt | 0 lignes formatées | 0 lignes en erreurs | 0 lignes crées | 0 lignes mises à jour | 0 lignes supprimées;291;MANDARINE DANGA
pos9;POS 9;2026-04-09T18:56:31.473006+00:00;7101e51f-12b3-4ecc-9e01-054b9c340dc5;2026-04-07T23:50:01.006351;2026-04-07T23:50:01.056584;30;import de données;supplier_order;commande fournisseur;2;succès;interne;Import commande fournisseur: | fin intégration: (7101e51f-12b3-4ecc-9e01-054b9c340dc5) | fichier: /srv/import/080/SugCde_2554173_20260407100847.txt | 0 lignes formatées | 0 lignes en erreurs | 0 lignes crées | 0 lignes mises à jour | 0 lignes supprimées;080;MANDARINE MARCORY
pos9;POS 9;2026-04-09T18:56:31.473006+00:00;04f0b2b3-b229-4b1a-98a6-a61cea3b2446;2026-04-07T23:49:01.078422;2026-04-07T23:49:01.177432;30;import de données;supplier_order;commande fournisseur;2;succès;interne;Import commande fournisseur: | fin intégration: (04f0b2b3-b229-4b1a-98a6-a61cea3b2446) | fichier: /srv/import/293/SugCde_2554173_20260407100847.txt | 0 lignes formatées | 0 lignes en erreurs | 0 lignes crées | 0 lignes mises à jour | 0 lignes supprimées;293;MANDARINE AMBASSADE CHINE
pos9;POS 9;2026-04-09T18:56:31.473006+00:00;02730075-5a7c-4583-8311-96def45c4c53;2026-04-07T23:49:01.013280;2026-04-07T23:49:01.115837;30;import de données;supplier_order;commande fournisseur;2;succès;interne;Import commande fournisseur: | fin intégration: (02730075-5a7c-4583-8311-96def45c4c53) | fichier: /srv/import/291/SugCde_2554159_20260407084334.txt | 0 lignes formatées | 0 lignes en erreurs | 0 lignes crées | 0 lignes mises à jour | 0 lignes supprimées;291;MANDARINE DANGA
pos9;POS 9;2026-04-09T18:56:31.473006+00:00;389d4db9-a4af-45fd-8bdf-409df0c51d23;2026-04-07T23:49:01.036936;2026-04-07T23:49:01.107406;30;import de données;supplier_order;commande fournisseur;2;succès;interne;Import commande fournisseur: | fin intégration: (389d4db9-a4af-45fd-8bdf-409df0c51d23) | fichier: /srv/import/292/SugCde_2554173_20260407100847.txt | 0 lignes formatées | 0 lignes en erreurs | 0 lignes crées | 0 lignes mises à jour | 0 lignes supprimées;292;MANDARINE KOUMASSI
pos9;POS 9;2026-04-09T18:56:31.473006+00:00;bc487e37-8427-4c0a-a06a-3c2127c849c5;2026-04-07T23:49:01.001384;2026-04-07T23:49:01.073668;30;import de données;supplier_order;commande fournisseur;2;succès;interne;Import commande fournisseur: | fin intégration: (bc487e37-8427-4c0a-a06a-3c2127c849c5) | fichier: /srv/import/080/SugCde_2554159_20260407084334.txt | 0 lignes formatées | 0 lignes en erreurs | 0 lignes crées | 0 lignes mises à jour | 0 lignes supprimées;080;MANDARINE MARCORY
pos9;POS 9;2026-04-09T18:56:31.473006+00:00;bc8d3442-e8ff-4bb4-a402-86b9a3c8d250;2026-04-07T23:48:01.045033;2026-04-07T23:48:01.138022;30;import de données;supplier_order;commande fournisseur;2;succès;interne;Import commande fournisseur: | fin intégration: (bc8d3442-e8ff-4bb4-a402-86b9a3c8d250) | fichier: /srv/import/293/SugCde_2554159_20260407084334.txt | 0 lignes formatées | 0 lignes en erreurs | 0 lignes crées | 0 lignes mises à jour | 0 lignes supprimées;293;MANDARINE AMBASSADE CHINE
pos9;POS 9;2026-04-09T18:56:31.473006+00:00;2b2c71c2-63c6-489f-a6b5-1e44d52c0080;2026-04-07T23:48:01.027262;2026-04-07T23:48:01.097768;30;import de données;supplier_order;commande fournisseur;2;succès;interne;Import commande fournisseur: | fin intégration: (2b2c71c2-63c6-489f-a6b5-1e44d52c0080) | fichier: /srv/import/292/SugCde_2554159_20260407084334.txt | 0 lignes formatées | 0 lignes en erreurs | 0 lignes crées | 0 lignes mises à jour | 0 lignes supprimées;292;MANDARINE KOUMASSI
pos9;POS 9;2026-04-09T18:56:31.473006+00:00;0361918a-416f-4ec4-8e14-a39a25b8cc61;2026-04-07T23:48:01.014280;2026-04-07T23:48:01.059736;30;import de données;supplier_pre_order;pré-commande fournisseur;2;succès;interne;Import pré-commande fournisseur: | fin intégration: (0361918a-416f-4ec4-8e14-a39a25b8cc61) | fichier: /srv/import/291/Cmdpro_S16B_20260407195534.txt | 0 lignes formatées | 0 lignes en erreurs | 0 lignes crées | 0 lignes mises à jour | 0 lignes supprimées;291;MANDARINE DANGA
pos9;POS 9;2026-04-09T18:56:31.473006+00:00;389ab1f9-930c-4744-bba7-83fee6748170;2026-04-07T23:48:01.001770;2026-04-07T23:48:01.033474;30;import de données;supplier_pre_order;pré-commande fournisseur;2;succès;interne;Import pré-commande fournisseur: | fin intégration: (389ab1f9-930c-4744-bba7-83fee6748170) | fichier: /srv/import/080/Cmdpro_S16B_20260407195534.txt | 0 lignes formatées | 0 lignes en erreurs | 0 lignes crées | 0 lignes mises à jour | 0 lignes supprimées;080;MANDARINE MARCORY
pos9;POS 9;2026-04-09T18:56:31.473006+00:00;f4f60f65-490e-4957-985d-363890383ad1;2026-04-07T23:47:01.055341;2026-04-07T23:47:01.142953;30;import de données;supplier_pre_order;pré-commande fournisseur;2;succès;interne;Import pré-commande fournisseur: | fin intégration: (f4f60f65-490e-4957-985d-363890383ad1) | fichier: /srv/import/292/Cmdpro_S16B_20260407195534.txt | 0 lignes formatées | 0 lignes en erreurs | 0 lignes crées | 0 lignes mises à jour | 0 lignes supprimées;292;MANDARINE KOUMASSI
pos9;POS 9;2026-04-09T18:56:31.473006+00:00;44bac1c5-0e58-4820-bb2c-de0b407fa846;2026-04-07T23:47:01.085593;2026-04-07T23:47:01.138244;30;import de données;supplier_pre_order;pré-commande fournisseur;2;succès;interne;Import pré-commande fournisseur: | fin intégration: (44bac1c5-0e58-4820-bb2c-de0b407fa846) | fichier: /srv/import/293/Cmdpro_S16B_20260407195534.txt | 0 lignes formatées | 0 lignes en erreurs | 0 lignes crées | 0 lignes mises à jour | 0 lignes supprimées;293;MANDARINE AMBASSADE CHINE
pos9;POS 9;2026-04-09T18:56:31.473006+00:00;fbe65d57-3ba1-4f6e-a5c4-d2795f0a92d9;2026-04-07T23:47:01.035247;2026-04-07T23:47:01.075056;30;import de données;supplier_pre_order;pré-commande fournisseur;2;succès;interne;Import pré-commande fournisseur: | fin intégration: (fbe65d57-3ba1-4f6e-a5c4-d2795f0a92d9) | fichier: /srv/import/291/Cmdpro_PP14_20260407195531.txt | 0 lignes formatées | 0 lignes en erreurs | 0 lignes crées | 0 lignes mises à jour | 0 lignes supprimées;291;MANDARINE DANGA
pos9;POS 9;2026-04-09T18:56:31.473006+00:00;5886e518-d287-41cb-84cc-593b7e796afe;2026-04-07T23:47:00.995885;2026-04-07T23:47:01.041299;30;import de données;supplier_pre_order;pré-commande fournisseur;2;succès;interne;Import pré-commande fournisseur: | fin intégration: (5886e518-d287-41cb-84cc-593b7e796afe) | fichier: /srv/import/080/Cmdpro_PP14_20260407195531.txt | 0 lignes formatées | 0 lignes en erreurs | 0 lignes crées | 0 lignes mises à jour | 0 lignes supprimées;080;MANDARINE MARCORY
pos9;POS 9;2026-04-09T18:56:31.473006+00:00;b149330e-9792-40b0-a3be-470581ef4662;2026-04-07T23:46:01.051489;2026-04-07T23:46:01.184736;30;import de données;supplier_pre_order;pré-commande fournisseur;2;succès;interne;Import pré-commande fournisseur: | fin intégration: (b149330e-9792-40b0-a3be-470581ef4662) | fichier: /srv/import/293/Cmdpro_PP14_20260407195531.txt | 0 lignes formatées | 0 lignes en erreurs | 0 lignes crées | 0 lignes mises à jour | 0 lignes supprimées;293;MANDARINE AMBASSADE CHINE
pos9;POS 9;2026-04-09T18:56:31.473006+00:00;4c49f68d-2697-4ff8-a44b-b8e9aea7385c;2026-04-07T23:46:01.020205;2026-04-07T23:46:01.116220;30;import de données;supplier_pre_order;pré-commande fournisseur;2;succès;interne;Import pré-commande fournisseur: | fin intégration: (4c49f68d-2697-4ff8-a44b-b8e9aea7385c) | fichier: /srv/import/291/Cmdpro_PP12_20260407195530.txt | 0 lignes formatées | 0 lignes en erreurs | 0 lignes crées | 0 lignes mises à jour | 0 lignes supprimées;291;MANDARINE DANGA
pos9;POS 9;2026-04-09T18:56:31.473006+00:00;d0504911-d1d9-4273-ab0f-e338a604b9ba;2026-04-07T23:46:01.035467;2026-04-07T23:46:01.092441;30;import de données;supplier_pre_order;pré-commande fournisseur;2;succès;interne;Import pré-commande fournisseur: | fin intégration: (d0504911-d1d9-4273-ab0f-e338a604b9ba) | fichier: /srv/import/292/Cmdpro_PP14_20260407195531.txt | 0 lignes formatées | 0 lignes en erreurs | 0 lignes crées | 0 lignes mises à jour | 0 lignes supprimées;292;MANDARINE KOUMASSI
pos9;POS 9;2026-04-09T18:56:31.473006+00:00;0ea20305-0bbf-437a-b83a-4d8a716e0ef5;2026-04-07T23:46:01.001718;2026-04-07T23:46:01.053639;30;import de données;supplier_pre_order;pré-commande fournisseur;2;succès;interne;Import pré-commande fournisseur: | fin intégration: (0ea20305-0bbf-437a-b83a-4d8a716e0ef5) | fichier: /srv/import/080/Cmdpro_PP12_20260407195530.txt | 0 lignes formatées | 0 lignes en erreurs | 0 lignes crées | 0 lignes mises à jour | 0 lignes supprimées;080;MANDARINE MARCORY
pos9;POS 9;2026-04-09T18:56:31.473006+00:00;621bdbbb-0f40-43df-8d01-ceec151c9323;2026-04-07T23:45:01.141498;2026-04-07T23:45:01.205267;30;import de données;supplier_pre_order;pré-commande fournisseur;2;succès;interne;Import pré-commande fournisseur: | fin intégration: (621bdbbb-0f40-43df-8d01-ceec151c9323) | fichier: /srv/import/293/Cmdpro_PP12_20260407195530.txt | 0 lignes formatées | 0 lignes en erreurs | 0 lignes crées | 0 lignes mises à jour | 0 lignes supprimées;293;MANDARINE AMBASSADE CHINE
pos9;POS 9;2026-04-09T18:56:31.473006+00:00;2696a659-a377-4cb5-9756-a5e070b14b16;2026-04-07T23:45:01.108052;2026-04-07T23:45:01.150247;30;import de données;supplier_pre_order;pré-commande fournisseur;2;succès;interne;Import pré-commande fournisseur: | fin intégration: (2696a659-a377-4cb5-9756-a5e070b14b16) | fichier: /srv/import/292/Cmdpro_PP12_20260407195530.txt | 0 lignes formatées | 0 lignes en erreurs | 0 lignes crées | 0 lignes mises à jour | 0 lignes supprimées;292;MANDARINE KOUMASSI
pos9;POS 9;2026-04-09T18:56:31.473006+00:00;291a745b-abd7-4b66-bfb6-bd4abffa56fd;2026-04-07T23:45:01.086041;2026-04-07T23:45:01.137288;30;import de données;supplier_pre_order;pré-commande fournisseur;2;succès;interne;Import pré-commande fournisseur: | fin intégration: (291a745b-abd7-4b66-bfb6-bd4abffa56fd) | fichier: /srv/import/291/Cmdpro_PP11_20260407195530.txt | 0 lignes formatées | 0 lignes en erreurs | 0 lignes crées | 0 lignes mises à jour | 0 lignes supprimées;291;MANDARINE DANGA
pos9;POS 9;2026-04-09T18:56:31.473006+00:00;e4790fbc-229f-45ed-9a2f-e2b6a966a11a;2026-04-07T23:45:01.004693;2026-04-07T23:45:01.065540;30;import de données;supplier_pre_order;pré-commande fournisseur;2;succès;interne;Import pré-commande fournisseur: | fin intégration: (e4790fbc-229f-45ed-9a2f-e2b6a966a11a) | fichier: /srv/import/080/Cmdpro_PP11_20260407195530.txt | 0 lignes formatées | 0 lignes en erreurs | 0 lignes crées | 0 lignes mises à jour | 0 lignes supprimées;080;MANDARINE MARCORY
pos9;POS 9;2026-04-09T18:56:31.473006+00:00;66ca26ec-49fc-4ba3-9e98-143964f135b5;2026-04-07T23:44:01.002162;2026-04-07T23:44:01.091607;30;import de données;supplier_pre_order;pré-commande fournisseur;2;succès;interne;Import pré-commande fournisseur: | fin intégration: (66ca26ec-49fc-4ba3-9e98-143964f135b5) | fichier: /srv/import/291/Cmdpro_PDF9_20260407195529.txt | 2 lignes formatées | 0 lignes en erreurs | 0 lignes crées | 2 lignes mises à jour | 0 lignes supprimées;291;MANDARINE DANGA
pos9;POS 9;2026-04-09T18:56:31.473006+00:00;b1313b26-f40b-4ec8-baa5-9713c775ba79;2026-04-07T23:44:00.992986;2026-04-07T23:44:01.088872;30;import de données;supplier_pre_order;pré-commande fournisseur;2;succès;interne;Import pré-commande fournisseur: | fin intégration: (b1313b26-f40b-4ec8-baa5-9713c775ba79) | fichier: /srv/import/080/Cmdpro_PDF9_20260407195529.txt | 2 lignes formatées | 0 lignes en erreurs | 0 lignes crées | 2 lignes mises à jour | 0 lignes supprimées;080;MANDARINE MARCORY
pos9;POS 9;2026-04-09T18:56:31.473006+00:00;765da4ce-93ce-4fa7-ae9b-5838c0ef4032;2026-04-07T23:44:01.030199;2026-04-07T23:44:01.063268;30;import de données;supplier_pre_order;pré-commande fournisseur;2;succès;interne;Import pré-commande fournisseur: | fin intégration: (765da4ce-93ce-4fa7-ae9b-5838c0ef4032) | fichier: /srv/import/293/Cmdpro_PP11_20260407195530.txt | 0 lignes formatées | 0 lignes en erreurs | 0 lignes crées | 0 lignes mises à jour | 0 lignes supprimées;293;MANDARINE AMBASSADE CHINE
pos9;POS 9;2026-04-09T18:56:31.473006+00:00;096ea447-8250-4bb0-a44e-080e10428752;2026-04-07T23:44:01.012228;2026-04-07T23:44:01.049313;30;import de données;supplier_pre_order;pré-commande fournisseur;2;succès;interne;Import pré-commande fournisseur: | fin intégration: (096ea447-8250-4bb0-a44e-080e10428752) | fichier: /srv/import/292/Cmdpro_PP11_20260407195530.txt | 0 lignes formatées | 0 lignes en erreurs | 0 lignes crées | 0 lignes mises à jour | 0 lignes supprimées;292;MANDARINE KOUMASSI
pos9;POS 9;2026-04-09T18:56:31.473006+00:00;3f68afae-b67c-42c5-8ae8-185a544571d2;2026-04-07T23:43:01.005671;2026-04-07T23:43:01.220048;30;import de données;supplier_pre_order;pré-commande fournisseur;2;succès;interne;Import pré-commande fournisseur: | fin intégration: (3f68afae-b67c-42c5-8ae8-185a544571d2) | fichier: /srv/import/291/Cmdpro_PDF7_20260407195529.txt | 9 lignes formatées | 0 lignes en erreurs | 0 lignes crées | 9 lignes mises à jour | 0 lignes supprimées;291;MANDARINE DANGA
pos9;POS 9;2026-04-09T18:56:31.473006+00:00;7902b680-678d-498e-8f8b-c4916d24eee2;2026-04-07T23:43:00.994564;2026-04-07T23:43:01.215218;30;import de données;supplier_pre_order;pré-commande fournisseur;2;succès;interne;Import pré-commande fournisseur: | fin intégration: (7902b680-678d-498e-8f8b-c4916d24eee2) | fichier: /srv/import/080/Cmdpro_PDF7_20260407195529.txt | 9 lignes formatées | 0 lignes en erreurs | 0 lignes crées | 9 lignes mises à jour | 0 lignes supprimées;080;MANDARINE MARCORY
pos9;POS 9;2026-04-09T18:56:31.473006+00:00;272aa36b-8b88-493d-a013-400f311a526c;2026-04-07T23:43:01.034892;2026-04-07T23:43:01.130703;30;import de données;supplier_pre_order;pré-commande fournisseur;2;succès;interne;Import pré-commande fournisseur: | fin intégration: (272aa36b-8b88-493d-a013-400f311a526c) | fichier: /srv/import/293/Cmdpro_PDF9_20260407195529.txt | 2 lignes formatées | 0 lignes en erreurs | 0 lignes crées | 2 lignes mises à jour | 0 lignes supprimées;293;MANDARINE AMBASSADE CHINE
pos9;POS 9;2026-04-09T18:56:31.473006+00:00;86339e48-601d-405d-af60-d8f5170f6553;2026-04-07T23:43:01.020186;2026-04-07T23:43:01.115949;30;import de données;supplier_pre_order;pré-commande fournisseur;2;succès;interne;Import pré-commande fournisseur: | fin intégration: (86339e48-601d-405d-af60-d8f5170f6553) | fichier: /srv/import/292/Cmdpro_PDF9_20260407195529.txt | 2 lignes formatées | 0 lignes en erreurs | 0 lignes crées | 2 lignes mises à jour | 0 lignes supprimées;292;MANDARINE KOUMASSI
pos9;POS 9;2026-04-09T18:56:31.473006+00:00;a9716e9e-27d9-4a5e-837f-c208bd2a03ba;2026-04-07T23:42:01.035003;2026-04-07T23:42:01.314861;30;import de données;supplier_pre_order;pré-commande fournisseur;2;succès;interne;Import pré-commande fournisseur: | fin intégration: (a9716e9e-27d9-4a5e-837f-c208bd2a03ba) | fichier: /srv/import/293/Cmdpro_PDF7_20260407195529.txt | 9 lignes formatées | 0 lignes en erreurs | 0 lignes crées | 9 lignes mises à jour | 0 lignes supprimées;293;MANDARINE AMBASSADE CHINE
pos9;POS 9;2026-04-09T18:56:31.473006+00:00;0e89c0e5-7fbd-47b6-8db7-dad3864bf0ff;2026-04-07T23:42:01.020432;2026-04-07T23:42:01.289751;30;import de données;supplier_pre_order;pré-commande fournisseur;2;succès;interne;Import pré-commande fournisseur: | fin intégration: (0e89c0e5-7fbd-47b6-8db7-dad3864bf0ff) | fichier: /srv/import/292/Cmdpro_PDF7_20260407195529.txt | 9 lignes formatées | 0 lignes en erreurs | 0 lignes crées | 9 lignes mises à jour | 0 lignes supprimées;292;MANDARINE KOUMASSI
pos9;POS 9;2026-04-09T18:56:31.473006+00:00;3d8961b7-8e0e-4b65-8c58-49a4fd0e0d96;2026-04-07T23:42:01.006256;2026-04-07T23:42:01.042229;30;import de données;supplier_pre_order;pré-commande fournisseur;2;succès;interne;Import pré-commande fournisseur: | fin intégration: (3d8961b7-8e0e-4b65-8c58-49a4fd0e0d96) | fichier: /srv/import/291/Cmdpro_P61G_20260407195533.txt | 0 lignes formatées | 0 lignes en erreurs | 0 lignes crées | 0 lignes mises à jour | 0 lignes supprimées;291;MANDARINE DANGA
pos9;POS 9;2026-04-09T18:56:31.473006+00:00;18ac68cb-a3a2-4b91-a380-9a87f02ad908;2026-04-07T23:42:00.997564;2026-04-07T23:42:01.037976;30;import de données;supplier_pre_order;pré-commande fournisseur;2;succès;interne;Import pré-commande fournisseur: | fin intégration: (18ac68cb-a3a2-4b91-a380-9a87f02ad908) | fichier: /srv/import/080/Cmdpro_P61G_20260407195533.txt | 0 lignes formatées | 0 lignes en erreurs | 0 lignes crées | 0 lignes mises à jour | 0 lignes supprimées;080;MANDARINE MARCORY
pos9;POS 9;2026-04-09T18:56:31.473006+00:00;2c0e874e-58fe-4cc8-aef6-d8faeb4d71d7;2026-04-07T23:41:01.032505;2026-04-07T23:41:01.099359;30;import de données;supplier_pre_order;pré-commande fournisseur;2;succès;interne;Import pré-commande fournisseur: | fin intégration: (2c0e874e-58fe-4cc8-aef6-d8faeb4d71d7) | fichier: /srv/import/293/Cmdpro_P61G_20260407195533.txt | 0 lignes formatées | 0 lignes en erreurs | 0 lignes crées | 0 lignes mises à jour | 0 lignes supprimées;293;MANDARINE AMBASSADE CHINE
pos9;POS 9;2026-04-09T18:56:31.473006+00:00;1180a2e6-df95-40ff-9263-ee5c12e2cebe;2026-04-07T23:41:01.021173;2026-04-07T23:41:01.052176;30;import de données;supplier_pre_order;pré-commande fournisseur;2;succès;interne;Import pré-commande fournisseur: | fin intégration: (1180a2e6-df95-40ff-9263-ee5c12e2cebe) | fichier: /srv/import/292/Cmdpro_P61G_20260407195533.txt | 0 lignes formatées | 0 lignes en erreurs | 0 lignes crées | 0 lignes mises à jour | 0 lignes supprimées;292;MANDARINE KOUMASSI
pos9;POS 9;2026-04-09T18:56:31.473006+00:00;7d6ce135-b49f-4c38-916a-6e57ef44a5ae;2026-04-07T23:41:01.010549;2026-04-07T23:41:01.050315;30;import de données;supplier_pre_order;pré-commande fournisseur;2;succès;interne;Import pré-commande fournisseur: | fin intégration: (7d6ce135-b49f-4c38-916a-6e57ef44a5ae) | fichier: /srv/import/291/Cmdpro_P59G_20260407195532.txt | 0 lignes formatées | 0 lignes en erreurs | 0 lignes crées | 0 lignes mises à jour | 0 lignes supprimées;291;MANDARINE DANGA
pos9;POS 9;2026-04-09T18:56:31.473006+00:00;5198fe3f-2b5f-4ab9-b418-bd9c090a00c8;2026-04-07T23:41:00.998374;2026-04-07T23:41:01.029536;30;import de données;supplier_pre_order;pré-commande fournisseur;2;succès;interne;Import pré-commande fournisseur: | fin intégration: (5198fe3f-2b5f-4ab9-b418-bd9c090a00c8) | fichier: /srv/import/080/Cmdpro_P59G_20260407195532.txt | 0 lignes formatées | 0 lignes en erreurs | 0 lignes crées | 0 lignes mises à jour | 0 lignes supprimées;080;MANDARINE MARCORY
pos9;POS 9;2026-04-09T18:56:31.473006+00:00;8d060553-bbce-4b30-af51-2bcfa744470a;2026-04-07T23:40:01.037654;2026-04-07T23:40:01.095922;30;import de données;supplier_pre_order;pré-commande fournisseur;2;succès;interne;Import pré-commande fournisseur: | fin intégration: (8d060553-bbce-4b30-af51-2bcfa744470a) | fichier: /srv/import/293/Cmdpro_P59G_20260407195532.txt | 0 lignes formatées | 0 lignes en erreurs | 0 lignes crées | 0 lignes mises à jour | 0 lignes supprimées;293;MANDARINE AMBASSADE CHINE
pos9;POS 9;2026-04-09T18:56:31.473006+00:00;f06e0556-df2c-4d5c-8c53-e78ececfd1ad;2026-04-07T23:40:01.021861;2026-04-07T23:40:01.081897;30;import de données;supplier_pre_order;pré-commande fournisseur;2;succès;interne;Import pré-commande fournisseur: | fin intégration: (f06e0556-df2c-4d5c-8c53-e78ececfd1ad) | fichier: /srv/import/292/Cmdpro_P59G_20260407195532.txt | 0 lignes formatées | 0 lignes en erreurs | 0 lignes crées | 0 lignes mises à jour | 0 lignes supprimées;292;MANDARINE KOUMASSI
pos9;POS 9;2026-04-09T18:56:31.473006+00:00;dc259906-814d-42ae-9465-a06d515a9bb6;2026-04-07T23:40:01.006551;2026-04-07T23:40:01.041807;30;import de données;supplier_pre_order;pré-commande fournisseur;2;succès;interne;Import pré-commande fournisseur: | fin intégration: (dc259906-814d-42ae-9465-a06d515a9bb6) | fichier: /srv/import/291/Cmdpro_P58G_20260407195532.txt | 0 lignes formatées | 0 lignes en erreurs | 0 lignes crées | 0 lignes mises à jour | 0 lignes supprimées;291;MANDARINE DANGA
pos9;POS 9;2026-04-09T18:56:31.473006+00:00;33a3f02c-f89b-4fc5-9eac-f8ac6a65a4a1;2026-04-07T23:40:00.995353;2026-04-07T23:40:01.025531;30;import de données;supplier_pre_order;pré-commande fournisseur;2;succès;interne;Import pré-commande fournisseur: | fin intégration: (33a3f02c-f89b-4fc5-9eac-f8ac6a65a4a1) | fichier: /srv/import/080/Cmdpro_P58G_20260407195532.txt | 0 lignes formatées | 0 lignes en erreurs | 0 lignes crées | 0 lignes mises à jour | 0 lignes supprimées;080;MANDARINE MARCORY
pos9;POS 9;2026-04-09T18:56:31.473006+00:00;d96e390f-b2a5-43fe-a357-cace0d3d7de6;2026-04-07T23:39:00.996993;2026-04-07T23:39:03.146106;30;import de données;supplier_pre_order;pré-commande fournisseur;2;succès;interne;Import pré-commande fournisseur: | fin intégration: (d96e390f-b2a5-43fe-a357-cace0d3d7de6) | fichier: /srv/import/080/Cmdpro_FLEC_20260407195528.txt | 115 lignes formatées | 0 lignes en erreurs | 1 lignes crées | 8 lignes mises à jour | 105 lignes supprimées;080;MANDARINE MARCORY
pos9;POS 9;2026-04-09T18:56:31.473006+00:00;55604df9-8886-49ea-aa85-2cde3d8f8ac7;2026-04-07T23:39:01.012652;2026-04-07T23:39:02.972611;30;import de données;supplier_pre_order;pré-commande fournisseur;2;succès;interne;Import pré-commande fournisseur: | fin intégration: (55604df9-8886-49ea-aa85-2cde3d8f8ac7) | fichier: /srv/import/291/Cmdpro_FLEC_20260407195528.txt | 115 lignes formatées | 0 lignes en erreurs | 1 lignes crées | 8 lignes mises à jour | 105 lignes supprimées;291;MANDARINE DANGA
pos9;POS 9;2026-04-09T18:56:31.473006+00:00;96ee5b6f-3ad5-46b3-b0f1-b9391a838d0d;2026-04-07T23:39:01.054969;2026-04-07T23:39:01.094828;30;import de données;supplier_pre_order;pré-commande fournisseur;2;succès;interne;Import pré-commande fournisseur: | fin intégration: (96ee5b6f-3ad5-46b3-b0f1-b9391a838d0d) | fichier: /srv/import/293/Cmdpro_P58G_20260407195532.txt | 0 lignes formatées | 0 lignes en erreurs | 0 lignes crées | 0 lignes mises à jour | 0 lignes supprimées;293;MANDARINE AMBASSADE CHINE
pos9;POS 9;2026-04-09T18:56:31.473006+00:00;5e929f20-8640-4a82-8b70-098c62bb9587;2026-04-07T23:39:01.043399;2026-04-07T23:39:01.086886;30;import de données;supplier_pre_order;pré-commande fournisseur;2;succès;interne;Import pré-commande fournisseur: | fin intégration: (5e929f20-8640-4a82-8b70-098c62bb9587) | fichier: /srv/import/292/Cmdpro_P58G_20260407195532.txt | 0 lignes formatées | 0 lignes en erreurs | 0 lignes crées | 0 lignes mises à jour | 0 lignes supprimées;292;MANDARINE KOUMASSI
pos9;POS 9;2026-04-09T18:56:31.473006+00:00;3025da17-b859-45f6-a06b-9281eed30efa;2026-04-07T23:38:01.035101;2026-04-07T23:38:03.135787;30;import de données;supplier_pre_order;pré-commande fournisseur;2;succès;interne;Import pré-commande fournisseur: | fin intégration: (3025da17-b859-45f6-a06b-9281eed30efa) | fichier: /srv/import/292/Cmdpro_FLEC_20260407195528.txt | 115 lignes formatées | 0 lignes en erreurs | 1 lignes crées | 8 lignes mises à jour | 105 lignes supprimées;292;MANDARINE KOUMASSI
pos9;POS 9;2026-04-09T18:56:31.473006+00:00;3058a02e-fbad-4278-8ac1-7a6dc40bd43d;2026-04-07T23:38:01.055061;2026-04-07T23:38:02.982139;30;import de données;supplier_pre_order;pré-commande fournisseur;2;succès;interne;Import pré-commande fournisseur: | fin intégration: (3058a02e-fbad-4278-8ac1-7a6dc40bd43d) | fichier: /srv/import/293/Cmdpro_FLEC_20260407195528.txt | 115 lignes formatées | 0 lignes en erreurs | 1 lignes crées | 8 lignes mises à jour | 105 lignes supprimées;293;MANDARINE AMBASSADE CHINE
pos9;POS 9;2026-04-09T18:56:31.473006+00:00;1fa02dd8-79f8-45b0-958d-c30bb24bf3c9;2026-04-07T23:38:01.022494;2026-04-07T23:38:01.050553;30;import de données;supplier_pre_order;pré-commande fournisseur;2;succès;interne;Import pré-commande fournisseur: | fin intégration: (1fa02dd8-79f8-45b0-958d-c30bb24bf3c9) | fichier: /srv/import/291/Cmdpro_CMB9_20260407195527.txt | 0 lignes formatées | 0 lignes en erreurs | 0 lignes crées | 0 lignes mises à jour | 0 lignes supprimées;291;MANDARINE DANGA
pos9;POS 9;2026-04-09T18:56:31.473006+00:00;6a6e915d-7737-45ee-9042-3b6bd0e9c743;2026-04-07T23:38:01.009660;2026-04-07T23:38:01.043432;30;import de données;supplier_pre_order;pré-commande fournisseur;2;succès;interne;Import pré-commande fournisseur: | fin intégration: (6a6e915d-7737-45ee-9042-3b6bd0e9c743) | fichier: /srv/import/080/Cmdpro_CMB9_20260407195527.txt | 0 lignes formatées | 0 lignes en erreurs | 0 lignes crées | 0 lignes mises à jour | 0 lignes supprimées;080;MANDARINE MARCORY
pos9;POS 9;2026-04-09T18:56:31.473006+00:00;a33f162a-e412-4d44-b4da-89ce647c7ceb;2026-04-07T23:37:01.061402;2026-04-07T23:37:01.118943;30;import de données;supplier_pre_order;pré-commande fournisseur;2;succès;interne;Import pré-commande fournisseur: | fin intégration: (a33f162a-e412-4d44-b4da-89ce647c7ceb) | fichier: /srv/import/293/Cmdpro_CMB9_20260407195527.txt | 0 lignes formatées | 0 lignes en erreurs | 0 lignes crées | 0 lignes mises à jour | 0 lignes supprimées;293;MANDARINE AMBASSADE CHINE
pos9;POS 9;2026-04-09T18:56:31.473006+00:00;bc2e4b8d-8aac-4679-879e-f9b8b383c1c2;2026-04-07T23:37:01.039197;2026-04-07T23:37:01.103808;30;import de données;supplier_pre_order;pré-commande fournisseur;2;succès;interne;Import pré-commande fournisseur: | fin intégration: (bc2e4b8d-8aac-4679-879e-f9b8b383c1c2) | fichier: /srv/import/292/Cmdpro_CMB9_20260407195527.txt | 0 lignes formatées | 0 lignes en erreurs | 0 lignes crées | 0 lignes mises à jour | 0 lignes supprimées;292;MANDARINE KOUMASSI
pos9;POS 9;2026-04-09T18:56:31.473006+00:00;fd37db55-628b-4e53-8060-66d89bfa9134;2026-04-07T23:37:01.018990;2026-04-07T23:37:01.054312;30;import de données;supplier_pre_order;pré-commande fournisseur;2;succès;interne;Import pré-commande fournisseur: | fin intégration: (fd37db55-628b-4e53-8060-66d89bfa9134) | fichier: /srv/import/291/Cmdpro_0267_20260407195535.txt | 0 lignes formatées | 0 lignes en erreurs | 0 lignes crées | 0 lignes mises à jour | 0 lignes supprimées;291;MANDARINE DANGA
pos9;POS 9;2026-04-09T18:56:31.473006+00:00;0af3862b-234a-45e3-98ea-62f770618829;2026-04-07T23:37:00.997096;2026-04-07T23:37:01.038002;30;import de données;supplier_pre_order;pré-commande fournisseur;2;succès;interne;Import pré-commande fournisseur: | fin intégration: (0af3862b-234a-45e3-98ea-62f770618829) | fichier: /srv/import/080/Cmdpro_0267_20260407195535.txt | 0 lignes formatées | 0 lignes en erreurs | 0 lignes crées | 0 lignes mises à jour | 0 lignes supprimées;080;MANDARINE MARCORY
pos9;POS 9;2026-04-09T18:56:31.473006+00:00;7648e9ef-a934-4638-9364-153119c33832;2026-04-07T23:36:01.018502;2026-04-07T23:36:01.077530;30;import de données;supplier_pre_order;pré-commande fournisseur;2;succès;interne;Import pré-commande fournisseur: | fin intégration: (7648e9ef-a934-4638-9364-153119c33832) | fichier: /srv/import/292/Cmdpro_0267_20260407195535.txt | 0 lignes formatées | 0 lignes en erreurs | 0 lignes crées | 0 lignes mises à jour | 0 lignes supprimées;292;MANDARINE KOUMASSI
pos9;POS 9;2026-04-09T18:56:31.473006+00:00;b0539f38-e2ba-4d53-b792-c6d98db06ba8;2026-04-07T23:36:01.030249;2026-04-07T23:36:01.071212;30;import de données;supplier_pre_order;pré-commande fournisseur;2;succès;interne;Import pré-commande fournisseur: | fin intégration: (b0539f38-e2ba-4d53-b792-c6d98db06ba8) | fichier: /srv/import/293/Cmdpro_0267_20260407195535.txt | 0 lignes formatées | 0 lignes en erreurs | 0 lignes crées | 0 lignes mises à jour | 0 lignes supprimées;293;MANDARINE AMBASSADE CHINE
pos9;POS 9;2026-04-09T18:56:31.473006+00:00;88c64492-f78d-4060-89fd-e70b3fe65849;2026-04-07T23:36:01.007444;2026-04-07T23:36:01.065326;30;import de données;supplier_pre_order;pré-commande fournisseur;2;succès;interne;Import pré-commande fournisseur: | fin intégration: (88c64492-f78d-4060-89fd-e70b3fe65849) | fichier: /srv/import/291/Cmdpro_0266_20260407195534.txt | 1 lignes formatées | 0 lignes en erreurs | 1 lignes crées | 0 lignes mises à jour | 0 lignes supprimées;291;MANDARINE DANGA
pos9;POS 9;2026-04-09T18:56:31.473006+00:00;b06f973c-71f9-4341-b438-9899da924823;2026-04-07T23:36:00.998592;2026-04-07T23:36:01.051192;30;import de données;supplier_pre_order;pré-commande fournisseur;2;succès;interne;Import pré-commande fournisseur: | fin intégration: (b06f973c-71f9-4341-b438-9899da924823) | fichier: /srv/import/080/Cmdpro_0266_20260407195534.txt | 1 lignes formatées | 0 lignes en erreurs | 1 lignes crées | 0 lignes mises à jour | 0 lignes supprimées;080;MANDARINE MARCORY
pos9;POS 9;2026-04-09T18:56:31.473006+00:00;6ed1a50e-8d1f-4dc7-8188-2e2da0f16cbb;2026-04-07T23:35:01.006243;2026-04-07T23:35:01.141268;30;import de données;supplier_pre_order;pré-commande fournisseur;2;succès;interne;Import pré-commande fournisseur: | fin intégration: (6ed1a50e-8d1f-4dc7-8188-2e2da0f16cbb) | fichier: /srv/import/291/Cmdpro_0263_20260407195534.txt | 4 lignes formatées | 0 lignes en erreurs | 0 lignes crées | 1 lignes mises à jour | 2 lignes supprimées;291;MANDARINE DANGA
pos9;POS 9;2026-04-09T18:56:31.473006+00:00;d304c582-1333-46fc-b658-3fc9eb468647;2026-04-07T23:35:01.030422;2026-04-07T23:35:01.111082;30;import de données;supplier_pre_order;pré-commande fournisseur;2;succès;interne;Import pré-commande fournisseur: | fin intégration: (d304c582-1333-46fc-b658-3fc9eb468647) | fichier: /srv/import/293/Cmdpro_0266_20260407195534.txt | 1 lignes formatées | 0 lignes en erreurs | 1 lignes crées | 0 lignes mises à jour | 0 lignes supprimées;293;MANDARINE AMBASSADE CHINE
pos9;POS 9;2026-04-09T18:56:31.473006+00:00;70a0210e-71b7-4323-a7c2-238e6680d8ea;2026-04-07T23:35:00.996258;2026-04-07T23:35:01.102665;30;import de données;supplier_pre_order;pré-commande fournisseur;2;succès;interne;Import pré-commande fournisseur: | fin intégration: (70a0210e-71b7-4323-a7c2-238e6680d8ea) | fichier: /srv/import/080/Cmdpro_0263_20260407195534.txt | 4 lignes formatées | 0 lignes en erreurs | 0 lignes crées | 1 lignes mises à jour | 2 lignes supprimées;080;MANDARINE MARCORY
pos9;POS 9;2026-04-09T18:56:31.473006+00:00;046bb8fe-5a25-43c5-8e7c-a65c7a4786ed;2026-04-07T23:35:01.019545;2026-04-07T23:35:01.080562;30;import de données;supplier_pre_order;pré-commande fournisseur;2;succès;interne;Import pré-commande fournisseur: | fin intégration: (046bb8fe-5a25-43c5-8e7c-a65c7a4786ed) | fichier: /srv/import/292/Cmdpro_0266_20260407195534.txt | 1 lignes formatées | 0 lignes en erreurs | 1 lignes crées | 0 lignes mises à jour | 0 lignes supprimées;292;MANDARINE KOUMASSI
pos9;POS 9;2026-04-09T18:56:31.473006+00:00;d7cb6846-ed4e-4a71-bc06-2866914255e0;2026-04-07T23:34:01.021267;2026-04-07T23:34:01.149829;30;import de données;supplier_pre_order;pré-commande fournisseur;2;succès;interne;Import pré-commande fournisseur: | fin intégration: (d7cb6846-ed4e-4a71-bc06-2866914255e0) | fichier: /srv/import/293/Cmdpro_0263_20260407195534.txt | 4 lignes formatées | 0 lignes en erreurs | 0 lignes crées | 1 lignes mises à jour | 2 lignes supprimées;293;MANDARINE AMBASSADE CHINE
pos9;POS 9;2026-04-09T18:56:31.473006+00:00;f8550ad6-5132-4b0e-85ee-1f119d47d4e6;2026-04-07T23:34:01.011957;2026-04-07T23:34:01.145803;30;import de données;supplier_pre_order;pré-commande fournisseur;2;succès;interne;Import pré-commande fournisseur: | fin intégration: (f8550ad6-5132-4b0e-85ee-1f119d47d4e6) | fichier: /srv/import/292/Cmdpro_0263_20260407195534.txt | 4 lignes formatées | 0 lignes en erreurs | 0 lignes crées | 1 lignes mises à jour | 2 lignes supprimées;292;MANDARINE KOUMASSI
pos9;POS 9;2026-04-09T18:56:31.473006+00:00;117862f9-7314-4287-b5cd-29222cf11a1e;2026-04-07T23:34:01.002167;2026-04-07T23:34:01.037686;30;import de données;price_updater;mise à jour de prix;2;succès;interne;Import mise à jour de prix: | fin intégration: (117862f9-7314-4287-b5cd-29222cf11a1e) | fichier: /srv/import/291/Pricing_S16B_20260407195534.txt | 0 lignes formatées | 0 lignes en erreurs | 0 lignes crées | 0 lignes mises à jour | 0 lignes supprimées;291;MANDARINE DANGA
pos9;POS 9;2026-04-09T18:56:31.473006+00:00;97156958-e545-4917-8dd6-09121dbfe917;2026-04-07T23:34:00.992725;2026-04-07T23:34:01.022143;30;import de données;price_updater;mise à jour de prix;2;succès;interne;Import mise à jour de prix: | fin intégration: (97156958-e545-4917-8dd6-09121dbfe917) | fichier: /srv/import/080/Pricing_S16B_20260407195534.txt | 0 lignes formatées | 0 lignes en erreurs | 0 lignes crées | 0 lignes mises à jour | 0 lignes supprimées;080;MANDARINE MARCORY
pos9;POS 9;2026-04-09T18:56:31.473006+00:00;f20a26f9-784a-4b40-8252-695766b30a23;2026-04-07T23:33:01.089134;2026-04-07T23:33:01.123250;30;import de données;price_updater;mise à jour de prix;2;succès;interne;Import mise à jour de prix: | fin intégration: (f20a26f9-784a-4b40-8252-695766b30a23) | fichier: /srv/import/293/Pricing_S16B_20260407195534.txt | 0 lignes formatées | 0 lignes en erreurs | 0 lignes crées | 0 lignes mises à jour | 0 lignes supprimées;293;MANDARINE AMBASSADE CHINE
pos9;POS 9;2026-04-09T18:56:31.473006+00:00;d7696967-a1db-4ab6-83f7-849f93dc1cd4;2026-04-07T23:33:01.076232;2026-04-07T23:33:01.109620;30;import de données;price_updater;mise à jour de prix;2;succès;interne;Import mise à jour de prix: | fin intégration: (d7696967-a1db-4ab6-83f7-849f93dc1cd4) | fichier: /srv/import/292/Pricing_S16B_20260407195534.txt | 0 lignes formatées | 0 lignes en erreurs | 0 lignes crées | 0 lignes mises à jour | 0 lignes supprimées;292;MANDARINE KOUMASSI
pos9;POS 9;2026-04-09T18:56:31.473006+00:00;f810f7b1-fce5-4719-88cf-ecc45c17bcd1;2026-04-07T23:33:01.031733;2026-04-07T23:33:01.065127;30;import de données;price_updater;mise à jour de prix;2;succès;interne;Import mise à jour de prix: | fin intégration: (f810f7b1-fce5-4719-88cf-ecc45c17bcd1) | fichier: /srv/import/291/Pricing_PP14_20260407195532.txt | 0 lignes formatées | 0 lignes en erreurs | 0 lignes crées | 0 lignes mises à jour | 0 lignes supprimées;291;MANDARINE DANGA
pos9;POS 9;2026-04-09T18:56:31.473006+00:00;19fcb66c-020a-4fc1-bc7c-236df7256450;2026-04-07T23:33:00.994571;2026-04-07T23:33:01.058187;30;import de données;price_updater;mise à jour de prix;2;succès;interne;Import mise à jour de prix: | fin intégration: (19fcb66c-020a-4fc1-bc7c-236df7256450) | fichier: /srv/import/080/Pricing_PP14_20260407195532.txt | 0 lignes formatées | 0 lignes en erreurs | 0 lignes crées | 0 lignes mises à jour | 0 lignes supprimées;080;MANDARINE MARCORY
pos9;POS 9;2026-04-09T18:56:31.473006+00:00;96aba7a2-c15b-4a0f-9f59-bd5ae8eed146;2026-04-07T23:32:01.030492;2026-04-07T23:32:01.096404;30;import de données;price_updater;mise à jour de prix;2;succès;interne;Import mise à jour de prix: | fin intégration: (96aba7a2-c15b-4a0f-9f59-bd5ae8eed146) | fichier: /srv/import/293/Pricing_PP14_20260407195532.txt | 0 lignes formatées | 0 lignes en erreurs | 0 lignes crées | 0 lignes mises à jour | 0 lignes supprimées;293;MANDARINE AMBASSADE CHINE
pos9;POS 9;2026-04-09T18:56:31.473006+00:00;cd3cc4dd-0ba0-446e-918e-50d05789f735;2026-04-07T23:32:01.010144;2026-04-07T23:32:01.044785;30;import de données;price_updater;mise à jour de prix;2;succès;interne;Import mise à jour de prix: | fin intégration: (cd3cc4dd-0ba0-446e-918e-50d05789f735) | fichier: /srv/import/292/Pricing_PP14_20260407195532.txt | 0 lignes formatées | 0 lignes en erreurs | 0 lignes crées | 0 lignes mises à jour | 0 lignes supprimées;292;MANDARINE KOUMASSI
pos9;POS 9;2026-04-09T18:56:31.473006+00:00;52cd1f12-ffe4-4b6d-bda1-33a273981f1c;2026-04-07T23:32:01.000814;2026-04-07T23:32:01.038120;30;import de données;price_updater;mise à jour de prix;2;succès;interne;Import mise à jour de prix: | fin intégration: (52cd1f12-ffe4-4b6d-bda1-33a273981f1c) | fichier: /srv/import/291/Pricing_PP12_20260407195531.txt | 0 lignes formatées | 0 lignes en erreurs | 0 lignes crées | 0 lignes mises à jour | 0 lignes supprimées;291;MANDARINE DANGA
pos9;POS 9;2026-04-09T18:56:31.473006+00:00;be50d09a-f66e-4c9b-a51b-d8678d8b3ca4;2026-04-07T23:32:00.992192;2026-04-07T23:32:01.023978;30;import de données;price_updater;mise à jour de prix;2;succès;interne;Import mise à jour de prix: | fin intégration: (be50d09a-f66e-4c9b-a51b-d8678d8b3ca4) | fichier: /srv/import/080/Pricing_PP12_20260407195531.txt | 0 lignes formatées | 0 lignes en erreurs | 0 lignes crées | 0 lignes mises à jour | 0 lignes supprimées;080;MANDARINE MARCORY
pos9;POS 9;2026-04-09T18:56:31.473006+00:00;ec15e7bf-6e31-4169-928a-7ba11a39d2e8;2026-04-07T23:31:01.010131;2026-04-07T23:31:01.088101;30;import de données;price_updater;mise à jour de prix;2;succès;interne;Import mise à jour de prix: | fin intégration: (ec15e7bf-6e31-4169-928a-7ba11a39d2e8) | fichier: /srv/import/291/Pricing_PP11_20260407195530.txt | 0 lignes formatées | 0 lignes en erreurs | 0 lignes crées | 0 lignes mises à jour | 0 lignes supprimées;291;MANDARINE DANGA
pos9;POS 9;2026-04-09T18:56:31.473006+00:00;920f6490-8ef3-4b95-8781-d6b38f2a4c8d;2026-04-07T23:31:01.030873;2026-04-07T23:31:01.085233;30;import de données;price_updater;mise à jour de prix;2;succès;interne;Import mise à jour de prix: | fin intégration: (920f6490-8ef3-4b95-8781-d6b38f2a4c8d) | fichier: /srv/import/292/Pricing_PP12_20260407195531.txt | 0 lignes formatées | 0 lignes en erreurs | 0 lignes crées | 0 lignes mises à jour | 0 lignes supprimées;292;MANDARINE KOUMASSI
pos9;POS 9;2026-04-09T18:56:31.473006+00:00;1e3e4345-2229-4dbc-b126-41f3ed4648cb;2026-04-07T23:31:01.044142;2026-04-07T23:31:01.081994;30;import de données;price_updater;mise à jour de prix;2;succès;interne;Import mise à jour de prix: | fin intégration: (1e3e4345-2229-4dbc-b126-41f3ed4648cb) | fichier: /srv/import/293/Pricing_PP12_20260407195531.txt | 0 lignes formatées | 0 lignes en erreurs | 0 lignes crées | 0 lignes mises à jour | 0 lignes supprimées;293;MANDARINE AMBASSADE CHINE
pos9;POS 9;2026-04-09T18:56:31.473006+00:00;73870964-5d3d-464c-bcb8-80acc7fa1997;2026-04-07T23:31:00.998592;2026-04-07T23:31:01.028878;30;import de données;price_updater;mise à jour de prix;2;succès;interne;Import mise à jour de prix: | fin intégration: (73870964-5d3d-464c-bcb8-80acc7fa1997) | fichier: /srv/import/080/Pricing_PP11_20260407195530.txt | 0 lignes formatées | 0 lignes en erreurs | 0 lignes crées | 0 lignes mises à jour | 0 lignes supprimées;080;MANDARINE MARCORY
pos9;POS 9;2026-04-09T18:56:31.473006+00:00;cf09f4c1-239a-4fed-83c2-29dafd0f719f;2026-04-07T23:30:01.012571;2026-04-07T23:30:01.161239;30;import de données;price_updater;mise à jour de prix;2;succès;interne;Import mise à jour de prix: | fin intégration: (cf09f4c1-239a-4fed-83c2-29dafd0f719f) | fichier: /srv/import/291/Pricing_PDF9_20260407195530.txt | 2 lignes formatées | 0 lignes en erreurs | 2 lignes crées | 0 lignes mises à jour | 0 lignes supprimées;291;MANDARINE DANGA
pos9;POS 9;2026-04-09T18:56:31.473006+00:00;19d6e23f-b249-4ed7-a620-b186b1bcf701;2026-04-07T23:30:00.994500;2026-04-07T23:30:01.124345;30;import de données;price_updater;mise à jour de prix;2;succès;interne;Import mise à jour de prix: | fin intégration: (19d6e23f-b249-4ed7-a620-b186b1bcf701) | fichier: /srv/import/080/Pricing_PDF9_20260407195530.txt | 2 lignes formatées | 0 lignes en erreurs | 2 lignes crées | 0 lignes mises à jour | 0 lignes supprimées;080;MANDARINE MARCORY
pos9;POS 9;2026-04-09T18:56:31.473006+00:00;c104a761-1261-40d2-9bc9-277abed0f93d;2026-04-07T23:30:01.054873;2026-04-07T23:30:01.100579;30;import de données;price_updater;mise à jour de prix;2;succès;interne;Import mise à jour de prix: | fin intégration: (c104a761-1261-40d2-9bc9-277abed0f93d) | fichier: /srv/import/293/Pricing_PP11_20260407195530.txt | 0 lignes formatées | 0 lignes en erreurs | 0 lignes crées | 0 lignes mises à jour | 0 lignes supprimées;293;MANDARINE AMBASSADE CHINE
pos9;POS 9;2026-04-09T18:56:31.473006+00:00;9fb6075c-fb55-412c-8780-296c59fc774b;2026-04-07T23:30:01.035660;2026-04-07T23:30:01.070419;30;import de données;price_updater;mise à jour de prix;2;succès;interne;Import mise à jour de prix: | fin intégration: (9fb6075c-fb55-412c-8780-296c59fc774b) | fichier: /srv/import/292/Pricing_PP11_20260407195530.txt | 0 lignes formatées | 0 lignes en erreurs | 0 lignes crées | 0 lignes mises à jour | 0 lignes supprimées;292;MANDARINE KOUMASSI
pos9;POS 9;2026-04-09T18:56:31.473006+00:00;129bf129-3ae8-47d8-b056-08d2d0431710;2026-04-07T23:29:01.001680;2026-04-07T23:29:02.234016;30;import de données;price_updater;mise à jour de prix;2;succès;interne;Import mise à jour de prix: | fin intégration: (129bf129-3ae8-47d8-b056-08d2d0431710) | fichier: /srv/import/080/Pricing_PDF7_20260407195529.txt | 52 lignes formatées | 0 lignes en erreurs | 4 lignes crées | 0 lignes mises à jour | 0 lignes supprimées;080;MANDARINE MARCORY
pos9;POS 9;2026-04-09T18:56:31.473006+00:00;63a2a3a2-622e-40c9-907f-cc76ac0a86e2;2026-04-07T23:29:01.012820;2026-04-07T23:29:02.133632;30;import de données;price_updater;mise à jour de prix;2;succès;interne;Import mise à jour de prix: | fin intégration: (63a2a3a2-622e-40c9-907f-cc76ac0a86e2) | fichier: /srv/import/291/Pricing_PDF7_20260407195529.txt | 52 lignes formatées | 0 lignes en erreurs | 4 lignes crées | 0 lignes mises à jour | 0 lignes supprimées;291;MANDARINE DANGA
pos9;POS 9;2026-04-09T18:56:31.473006+00:00;088786df-e712-47c0-97cf-5b867c3e405c;2026-04-07T23:29:01.059141;2026-04-07T23:29:01.301074;30;import de données;price_updater;mise à jour de prix;2;succès;interne;Import mise à jour de prix: | fin intégration: (088786df-e712-47c0-97cf-5b867c3e405c) | fichier: /srv/import/293/Pricing_PDF9_20260407195530.txt | 2 lignes formatées | 0 lignes en erreurs | 2 lignes crées | 0 lignes mises à jour | 0 lignes supprimées;293;MANDARINE AMBASSADE CHINE
pos9;POS 9;2026-04-09T18:56:31.473006+00:00;4fd1f1cb-7500-4515-a0ef-afb63181b4b2;2026-04-07T23:29:01.028886;2026-04-07T23:29:01.259654;30;import de données;price_updater;mise à jour de prix;2;succès;interne;Import mise à jour de prix: | fin intégration: (4fd1f1cb-7500-4515-a0ef-afb63181b4b2) | fichier: /srv/import/292/Pricing_PDF9_20260407195530.txt | 2 lignes formatées | 0 lignes en erreurs | 2 lignes crées | 0 lignes mises à jour | 0 lignes supprimées;292;MANDARINE KOUMASSI
pos9;POS 9;2026-04-09T18:56:31.473006+00:00;26cacf15-d42e-4eb4-a923-0c4b4134f16b;2026-04-07T23:28:01.087752;2026-04-07T23:28:02.293455;30;import de données;price_updater;mise à jour de prix;2;succès;interne;Import mise à jour de prix: | fin intégration: (26cacf15-d42e-4eb4-a923-0c4b4134f16b) | fichier: /srv/import/293/Pricing_PDF7_20260407195529.txt | 52 lignes formatées | 0 lignes en erreurs | 4 lignes crées | 0 lignes mises à jour | 0 lignes supprimées;293;MANDARINE AMBASSADE CHINE
pos9;POS 9;2026-04-09T18:56:31.473006+00:00;8eb46c58-114c-4841-b985-7fadf206933c;2026-04-07T23:28:01.049533;2026-04-07T23:28:02.260865;30;import de données;price_updater;mise à jour de prix;2;succès;interne;Import mise à jour de prix: | fin intégration: (8eb46c58-114c-4841-b985-7fadf206933c) | fichier: /srv/import/292/Pricing_PDF7_20260407195529.txt | 52 lignes formatées | 0 lignes en erreurs | 4 lignes crées | 0 lignes mises à jour | 0 lignes supprimées;292;MANDARINE KOUMASSI
pos9;POS 9;2026-04-09T18:56:31.473006+00:00;efa822c2-35b8-4756-84a1-ee56c187b998;2026-04-07T23:28:01.011080;2026-04-07T23:28:01.076630;30;import de données;price_updater;mise à jour de prix;2;succès;interne;Import mise à jour de prix: | fin intégration: (efa822c2-35b8-4756-84a1-ee56c187b998) | fichier: /srv/import/291/Pricing_P61G_20260407195533.txt | 0 lignes formatées | 0 lignes en erreurs | 0 lignes crées | 0 lignes mises à jour | 0 lignes supprimées;291;MANDARINE DANGA
pos9;POS 9;2026-04-09T18:56:31.473006+00:00;15bbabc4-164d-4244-b5c2-10a55ee0c202;2026-04-07T23:28:01.000360;2026-04-07T23:28:01.030308;30;import de données;price_updater;mise à jour de prix;2;succès;interne;Import mise à jour de prix: | fin intégration: (15bbabc4-164d-4244-b5c2-10a55ee0c202) | fichier: /srv/import/080/Pricing_P61G_20260407195533.txt | 0 lignes formatées | 0 lignes en erreurs | 0 lignes crées | 0 lignes mises à jour | 0 lignes supprimées;080;MANDARINE MARCORY
pos9;POS 9;2026-04-09T18:56:31.473006+00:00;5f61affa-4f23-4044-96c7-679453445fc3;2026-04-07T23:27:01.035526;2026-04-07T23:27:01.083568;30;import de données;price_updater;mise à jour de prix;2;succès;interne;Import mise à jour de prix: | fin intégration: (5f61affa-4f23-4044-96c7-679453445fc3) | fichier: /srv/import/292/Pricing_P61G_20260407195533.txt | 0 lignes formatées | 0 lignes en erreurs | 0 lignes crées | 0 lignes mises à jour | 0 lignes supprimées;292;MANDARINE KOUMASSI
pos9;POS 9;2026-04-09T18:56:31.473006+00:00;695d186a-32fa-4df4-a3a8-e07c884bf28c;2026-04-07T23:27:01.044303;2026-04-07T23:27:01.080098;30;import de données;price_updater;mise à jour de prix;2;succès;interne;Import mise à jour de prix: | fin intégration: (695d186a-32fa-4df4-a3a8-e07c884bf28c) | fichier: /srv/import/293/Pricing_P61G_20260407195533.txt | 0 lignes formatées | 0 lignes en erreurs | 0 lignes crées | 0 lignes mises à jour | 0 lignes supprimées;293;MANDARINE AMBASSADE CHINE
pos9;POS 9;2026-04-09T18:56:31.473006+00:00;cf435dac-f00f-495c-87a8-03de1d816a35;2026-04-07T23:27:01.015129;2026-04-07T23:27:01.074347;30;import de données;price_updater;mise à jour de prix;2;succès;interne;Import mise à jour de prix: | fin intégration: (cf435dac-f00f-495c-87a8-03de1d816a35) | fichier: /srv/import/291/Pricing_P59G_20260407195533.txt | 0 lignes formatées | 0 lignes en erreurs | 0 lignes crées | 0 lignes mises à jour | 0 lignes supprimées;291;MANDARINE DANGA
pos9;POS 9;2026-04-09T18:56:31.473006+00:00;b67eb60f-13b1-4509-ba59-f8d4b8ffcc93;2026-04-07T23:27:00.995947;2026-04-07T23:27:01.027277;30;import de données;price_updater;mise à jour de prix;2;succès;interne;Import mise à jour de prix: | fin intégration: (b67eb60f-13b1-4509-ba59-f8d4b8ffcc93) | fichier: /srv/import/080/Pricing_P59G_20260407195533.txt | 0 lignes formatées | 0 lignes en erreurs | 0 lignes crées | 0 lignes mises à jour | 0 lignes supprimées;080;MANDARINE MARCORY
pos9;POS 9;2026-04-09T18:56:31.473006+00:00;2fa19afb-c686-49db-9eb0-3aaecc1a1cc9;2026-04-07T23:26:01.022283;2026-04-07T23:26:01.075415;30;import de données;price_updater;mise à jour de prix;2;succès;interne;Import mise à jour de prix: | fin intégration: (2fa19afb-c686-49db-9eb0-3aaecc1a1cc9) | fichier: /srv/import/292/Pricing_P59G_20260407195533.txt | 0 lignes formatées | 0 lignes en erreurs | 0 lignes crées | 0 lignes mises à jour | 0 lignes supprimées;292;MANDARINE KOUMASSI
pos9;POS 9;2026-04-09T18:56:31.473006+00:00;b2661108-dae0-43ff-90e9-c273b77ad21c;2026-04-07T23:26:01.036541;2026-04-07T23:26:01.074419;30;import de données;price_updater;mise à jour de prix;2;succès;interne;Import mise à jour de prix: | fin intégration: (b2661108-dae0-43ff-90e9-c273b77ad21c) | fichier: /srv/import/293/Pricing_P59G_20260407195533.txt | 0 lignes formatées | 0 lignes en erreurs | 0 lignes crées | 0 lignes mises à jour | 0 lignes supprimées;293;MANDARINE AMBASSADE CHINE
pos9;POS 9;2026-04-09T18:56:31.473006+00:00;769e1efc-ac98-431a-b7c5-59432588e65c;2026-04-07T23:26:01.008232;2026-04-07T23:26:01.041123;30;import de données;price_updater;mise à jour de prix;2;succès;interne;Import mise à jour de prix: | fin intégration: (769e1efc-ac98-431a-b7c5-59432588e65c) | fichier: /srv/import/291/Pricing_P58G_20260407195532.txt | 0 lignes formatées | 0 lignes en erreurs | 0 lignes crées | 0 lignes mises à jour | 0 lignes supprimées;291;MANDARINE DANGA
pos9;POS 9;2026-04-09T18:56:31.473006+00:00;f3720838-fdaa-45b7-a70f-23e180622297;2026-04-07T23:26:00.993682;2026-04-07T23:26:01.023766;30;import de données;price_updater;mise à jour de prix;2;succès;interne;Import mise à jour de prix: | fin intégration: (f3720838-fdaa-45b7-a70f-23e180622297) | fichier: /srv/import/080/Pricing_P58G_20260407195532.txt | 0 lignes formatées | 0 lignes en erreurs | 0 lignes crées | 0 lignes mises à jour | 0 lignes supprimées;080;MANDARINE MARCORY
pos9;POS 9;2026-04-09T18:56:31.473006+00:00;5d277d5d-ea98-444a-ae39-e84b2a81f573;2026-04-07T23:25:00.999956;2026-04-07T23:25:01.839264;30;import de données;price_updater;mise à jour de prix;2;succès;interne;Import mise à jour de prix: | fin intégration: (5d277d5d-ea98-444a-ae39-e84b2a81f573) | fichier: /srv/import/080/Pricing_FLEC_20260407195528.txt | 32 lignes formatées | 0 lignes en erreurs | 4 lignes crées | 0 lignes mises à jour | 0 lignes supprimées;080;MANDARINE MARCORY
pos9;POS 9;2026-04-09T18:56:31.473006+00:00;1936aa0a-0f87-4893-b352-3ae113c468ec;2026-04-07T23:25:01.016431;2026-04-07T23:25:01.785978;30;import de données;price_updater;mise à jour de prix;2;succès;interne;Import mise à jour de prix: | fin intégration: (1936aa0a-0f87-4893-b352-3ae113c468ec) | fichier: /srv/import/291/Pricing_FLEC_20260407195528.txt | 32 lignes formatées | 0 lignes en erreurs | 4 lignes crées | 0 lignes mises à jour | 0 lignes supprimées;291;MANDARINE DANGA
pos9;POS 9;2026-04-09T18:56:31.473006+00:00;14d2519d-8a16-462e-a2e8-b6873a5b1d9d;2026-04-07T23:25:01.076374;2026-04-07T23:25:01.165362;30;import de données;price_updater;mise à jour de prix;2;succès;interne;Import mise à jour de prix: | fin intégration: (14d2519d-8a16-462e-a2e8-b6873a5b1d9d) | fichier: /srv/import/293/Pricing_P58G_20260407195532.txt | 0 lignes formatées | 0 lignes en erreurs | 0 lignes crées | 0 lignes mises à jour | 0 lignes supprimées;293;MANDARINE AMBASSADE CHINE
pos9;POS 9;2026-04-09T18:56:31.473006+00:00;39966240-b1fb-49d0-b380-b16a58aa0aee;2026-04-07T23:25:01.045780;2026-04-07T23:25:01.147087;30;import de données;price_updater;mise à jour de prix;2;succès;interne;Import mise à jour de prix: | fin intégration: (39966240-b1fb-49d0-b380-b16a58aa0aee) | fichier: /srv/import/292/Pricing_P58G_20260407195532.txt | 0 lignes formatées | 0 lignes en erreurs | 0 lignes crées | 0 lignes mises à jour | 0 lignes supprimées;292;MANDARINE KOUMASSI
pos9;POS 9;2026-04-09T18:56:31.473006+00:00;d6faf165-3777-4dca-8f3c-ab0a76ca537b;2026-04-07T23:24:01.028265;2026-04-07T23:24:01.749531;30;import de données;price_updater;mise à jour de prix;2;succès;interne;Import mise à jour de prix: | fin intégration: (d6faf165-3777-4dca-8f3c-ab0a76ca537b) | fichier: /srv/import/293/Pricing_FLEC_20260407195528.txt | 32 lignes formatées | 0 lignes en erreurs | 4 lignes crées | 0 lignes mises à jour | 0 lignes supprimées;293;MANDARINE AMBASSADE CHINE
pos9;POS 9;2026-04-09T18:56:31.473006+00:00;4679a833-bf62-4279-acf7-189b03ca5a3c;2026-04-07T23:24:01.017739;2026-04-07T23:24:01.733406;30;import de données;price_updater;mise à jour de prix;2;succès;interne;Import mise à jour de prix: | fin intégration: (4679a833-bf62-4279-acf7-189b03ca5a3c) | fichier: /srv/import/292/Pricing_FLEC_20260407195528.txt | 32 lignes formatées | 0 lignes en erreurs | 4 lignes crées | 0 lignes mises à jour | 0 lignes supprimées;292;MANDARINE KOUMASSI
pos9;POS 9;2026-04-09T18:56:31.473006+00:00;3ed1c758-eb45-4bca-81c3-05f3a1147ccc;2026-04-07T23:24:01.006423;2026-04-07T23:24:01.049740;30;import de données;price_updater;mise à jour de prix;2;succès;interne;Import mise à jour de prix: | fin intégration: (3ed1c758-eb45-4bca-81c3-05f3a1147ccc) | fichier: /srv/import/291/Pricing_CMB9_20260407195528.txt | 0 lignes formatées | 0 lignes en erreurs | 0 lignes crées | 0 lignes mises à jour | 0 lignes supprimées;291;MANDARINE DANGA
pos9;POS 9;2026-04-09T18:56:31.473006+00:00;d60d711d-2e27-42ef-a0db-0ee6c2e1f9fc;2026-04-07T23:24:00.991919;2026-04-07T23:24:01.029687;30;import de données;price_updater;mise à jour de prix;2;succès;interne;Import mise à jour de prix: | fin intégration: (d60d711d-2e27-42ef-a0db-0ee6c2e1f9fc) | fichier: /srv/import/080/Pricing_CMB9_20260407195528.txt | 0 lignes formatées | 0 lignes en erreurs | 0 lignes crées | 0 lignes mises à jour | 0 lignes supprimées;080;MANDARINE MARCORY
pos9;POS 9;2026-04-09T18:56:31.473006+00:00;78367729-0eca-40bc-81b4-35a996c8fd64;2026-04-07T23:23:01.030191;2026-04-07T23:23:01.065347;30;import de données;price_updater;mise à jour de prix;2;succès;interne;Import mise à jour de prix: | fin intégration: (78367729-0eca-40bc-81b4-35a996c8fd64) | fichier: /srv/import/293/Pricing_CMB9_20260407195528.txt | 0 lignes formatées | 0 lignes en erreurs | 0 lignes crées | 0 lignes mises à jour | 0 lignes supprimées;293;MANDARINE AMBASSADE CHINE
pos9;POS 9;2026-04-09T18:56:31.473006+00:00;15e1683c-7c07-4ed8-8a20-0e900a7f7121;2026-04-07T23:23:01.016359;2026-04-07T23:23:01.045860;30;import de données;price_updater;mise à jour de prix;2;succès;interne;Import mise à jour de prix: | fin intégration: (15e1683c-7c07-4ed8-8a20-0e900a7f7121) | fichier: /srv/import/292/Pricing_CMB9_20260407195528.txt | 0 lignes formatées | 0 lignes en erreurs | 0 lignes crées | 0 lignes mises à jour | 0 lignes supprimées;292;MANDARINE KOUMASSI
pos9;POS 9;2026-04-09T18:56:31.473006+00:00;c99bf57b-0f2d-4a38-9971-96f0b12f643c;2026-04-07T23:23:01.002760;2026-04-07T23:23:01.030272;30;import de données;price_updater;mise à jour de prix;2;succès;interne;Import mise à jour de prix: | fin intégration: (c99bf57b-0f2d-4a38-9971-96f0b12f643c) | fichier: /srv/import/291/Pricing_0267_20260407195535.txt | 0 lignes formatées | 0 lignes en erreurs | 0 lignes crées | 0 lignes mises à jour | 0 lignes supprimées;291;MANDARINE DANGA
pos9;POS 9;2026-04-09T18:56:31.473006+00:00;cb1bfd0b-da54-435a-8f25-e9756dcf3fbc;2026-04-07T23:23:00.994469;2026-04-07T23:23:01.027771;30;import de données;price_updater;mise à jour de prix;2;succès;interne;Import mise à jour de prix: | fin intégration: (cb1bfd0b-da54-435a-8f25-e9756dcf3fbc) | fichier: /srv/import/080/Pricing_0267_20260407195535.txt | 0 lignes formatées | 0 lignes en erreurs | 0 lignes crées | 0 lignes mises à jour | 0 lignes supprimées;080;MANDARINE MARCORY
pos9;POS 9;2026-04-09T18:56:31.473006+00:00;1f554a4d-954c-40bf-8d12-864fdae90a51;2026-04-07T23:22:01.021656;2026-04-07T23:22:01.104430;30;import de données;price_updater;mise à jour de prix;2;succès;interne;Import mise à jour de prix: | fin intégration: (1f554a4d-954c-40bf-8d12-864fdae90a51) | fichier: /srv/import/292/Pricing_0267_20260407195535.txt | 0 lignes formatées | 0 lignes en erreurs | 0 lignes crées | 0 lignes mises à jour | 0 lignes supprimées;292;MANDARINE KOUMASSI
pos9;POS 9;2026-04-09T18:56:31.473006+00:00;43d75569-ba5e-47cf-9294-9127d9d475dd;2026-04-07T23:22:01.040271;2026-04-07T23:22:01.094475;30;import de données;price_updater;mise à jour de prix;2;succès;interne;Import mise à jour de prix: | fin intégration: (43d75569-ba5e-47cf-9294-9127d9d475dd) | fichier: /srv/import/293/Pricing_0267_20260407195535.txt | 0 lignes formatées | 0 lignes en erreurs | 0 lignes crées | 0 lignes mises à jour | 0 lignes supprimées;293;MANDARINE AMBASSADE CHINE
pos9;POS 9;2026-04-09T18:56:31.473006+00:00;e760121a-5be2-40c3-aa59-7f0b703824c5;2026-04-07T23:22:01.008530;2026-04-07T23:22:01.041592;30;import de données;price_updater;mise à jour de prix;2;succès;interne;Import mise à jour de prix: | fin intégration: (e760121a-5be2-40c3-aa59-7f0b703824c5) | fichier: /srv/import/291/Pricing_0266_20260407195535.txt | 0 lignes formatées | 0 lignes en erreurs | 0 lignes crées | 0 lignes mises à jour | 0 lignes supprimées;291;MANDARINE DANGA
pos9;POS 9;2026-04-09T18:56:31.473006+00:00;e9c295e0-3aa7-42ef-b922-c99679c5d907;2026-04-07T23:22:00.995350;2026-04-07T23:22:01.031352;30;import de données;price_updater;mise à jour de prix;2;succès;interne;Import mise à jour de prix: | fin intégration: (e9c295e0-3aa7-42ef-b922-c99679c5d907) | fichier: /srv/import/080/Pricing_0266_20260407195535.txt | 0 lignes formatées | 0 lignes en erreurs | 0 lignes crées | 0 lignes mises à jour | 0 lignes supprimées;080;MANDARINE MARCORY
pos9;POS 9;2026-04-09T18:56:31.473006+00:00;a51ec1de-1ab5-457d-aaaa-22e5f85a7d7b;2026-04-07T23:21:01.008794;2026-04-07T23:21:01.182309;30;import de données;price_updater;mise à jour de prix;0;erreur;interne;Extrait du rapport d'import: | 0 lignes crées | 310 lignes mises à jour | 0 lignes supprimées | 2026-04-07 23:19:22,986 fin intégration: (c0be558c-eade-497b-a5ad-a43c077f8ed9) | fichier: /srv/import/292/290_pricing_20260407195449.csv | 1266 lignes formatées | 0 lignes en erreurs | 4 lignes crées | 0 lignes mises à jour | 0 lignes supprimées | 2026-04-07 23:20:24,021 fin intégration: (fdf9d40f-fa90-449e-a2a8-7cd1f43f37ae) | fichier: /srv/import/080/290_pricing_20260407195449.csv | 1266 lignes formatées | 0 lignes en erreurs | 4 lignes crées | 0 lignes mises à jour | 0 lignes supprimées | 2026-04-07 23:21:01,039 produit inconnu 100664258 - [['P', '100664258', '4241.00', '', '', '', '']] | 2026-04-07 23:21:01,099 produit inconnu 100664258 - [['P', '100664258', '', '', '', '', '']] | 2026-04-07 23:21:01,139 fin intégration: (2455df65-a214-429d-9094-c7fda192d0d6) | fichier: /srv/import/080/Pricing_0263_20260407195534.txt | 4 lignes formatées | 2 lignes en erreurs | 2 lignes crées | 0 lignes mises à jour | 0 lignes supprimées;291;MANDARINE DANGA
pos9;POS 9;2026-04-09T18:56:31.473006+00:00;2455df65-a214-429d-9094-c7fda192d0d6;2026-04-07T23:21:00.996851;2026-04-07T23:21:01.174287;30;import de données;price_updater;mise à jour de prix;0;erreur;interne;Extrait du rapport d'import: | 0 lignes crées | 310 lignes mises à jour | 0 lignes supprimées | 2026-04-07 23:19:22,986 fin intégration: (c0be558c-eade-497b-a5ad-a43c077f8ed9) | fichier: /srv/import/292/290_pricing_20260407195449.csv | 1266 lignes formatées | 0 lignes en erreurs | 4 lignes crées | 0 lignes mises à jour | 0 lignes supprimées | 2026-04-07 23:20:24,021 fin intégration: (fdf9d40f-fa90-449e-a2a8-7cd1f43f37ae) | fichier: /srv/import/080/290_pricing_20260407195449.csv | 1266 lignes formatées | 0 lignes en erreurs | 4 lignes crées | 0 lignes mises à jour | 0 lignes supprimées | 2026-04-07 23:21:01,039 produit inconnu 100664258 - [['P', '100664258', '4241.00', '', '', '', '']] | 2026-04-07 23:21:01,099 produit inconnu 100664258 - [['P', '100664258', '', '', '', '', '']] | 2026-04-07 23:21:01,139 fin intégration: (2455df65-a214-429d-9094-c7fda192d0d6) | fichier: /srv/import/080/Pricing_0263_20260407195534.txt | 4 lignes formatées | 2 lignes en erreurs | 2 lignes crées | 0 lignes mises à jour | 0 lignes supprimées;080;MANDARINE MARCORY
pos9;POS 9;2026-04-09T18:56:31.473006+00:00;a2eb1402-b54f-4bed-85e1-909b8e33208b;2026-04-07T23:21:01.028571;2026-04-07T23:21:01.112707;30;import de données;price_updater;mise à jour de prix;2;succès;interne;Import mise à jour de prix: | fin intégration: (a2eb1402-b54f-4bed-85e1-909b8e33208b) | fichier: /srv/import/293/Pricing_0266_20260407195535.txt | 0 lignes formatées | 0 lignes en erreurs | 0 lignes crées | 0 lignes mises à jour | 0 lignes supprimées;293;MANDARINE AMBASSADE CHINE
pos9;POS 9;2026-04-09T18:56:31.473006+00:00;2ad7c57f-3eba-4848-b95f-069c346a8c74;2026-04-07T23:21:01.018445;2026-04-07T23:21:01.081633;30;import de données;price_updater;mise à jour de prix;2;succès;interne;Import mise à jour de prix: | fin intégration: (2ad7c57f-3eba-4848-b95f-069c346a8c74) | fichier: /srv/import/292/Pricing_0266_20260407195535.txt | 0 lignes formatées | 0 lignes en erreurs | 0 lignes crées | 0 lignes mises à jour | 0 lignes supprimées;292;MANDARINE KOUMASSI
pos9;POS 9;2026-04-09T18:56:31.473006+00:00;fdf9d40f-fa90-449e-a2a8-7cd1f43f37ae;2026-04-07T23:20:01.000660;2026-04-07T23:20:24.024043;30;import de données;price_updater;mise à jour de prix;2;succès;interne;Import mise à jour de prix: | fin intégration: (fdf9d40f-fa90-449e-a2a8-7cd1f43f37ae) | fichier: /srv/import/080/290_pricing_20260407195449.csv | 1266 lignes formatées | 0 lignes en erreurs | 4 lignes crées | 0 lignes mises à jour | 0 lignes supprimées;080;MANDARINE MARCORY
pos9;POS 9;2026-04-09T18:56:31.473006+00:00;67fc761c-8c58-41c3-b183-286781917f44;2026-04-07T23:20:01.014356;2026-04-07T23:20:23.857295;30;import de données;price_updater;mise à jour de prix;2;succès;interne;Import mise à jour de prix: | fin intégration: (67fc761c-8c58-41c3-b183-286781917f44) | fichier: /srv/import/291/290_pricing_20260407195449.csv | 1266 lignes formatées | 0 lignes en erreurs | 4 lignes crées | 0 lignes mises à jour | 0 lignes supprimées;291;MANDARINE DANGA
pos9;POS 9;2026-04-09T18:56:31.473006+00:00;2a85b33a-7a7b-499c-ac94-90d06956e585;2026-04-07T23:20:01.054442;2026-04-07T23:20:01.399935;30;import de données;price_updater;mise à jour de prix;0;erreur;interne;"Extrait du rapport d'import: | 0 lignes en erreurs | 0 lignes crées | 0 lignes mises à jour | 0 lignes supprimées | 2026-04-07 23:16:06,493 {'non_field_errors': [ErrorDetail(string='Le code lié 3500610072758 existe déjà', code='invalid')]} - [;100730524;3500610072758;] | 2026-04-07 23:16:06,969 fin intégration: (3a295bf6-5523-4e1b-ad07-3953967b8b57) | fichier: /srv/import/080/290_linkedcodes_20260407195445.csv | 125 lignes formatées | 1 lignes en erreurs | 15 lignes crées | 109 lignes mises à jour | 0 lignes supprimées | 2026-04-07 23:18:33,620 fin intégration: (9a51ded5-23f4-4010-9783-2567093a68cd) | fichier: /srv/import/080/290_productssuppliers_20260407195446.csv | 310 lignes formatées | 0 lignes en erreurs | 0 lignes crées | 310 lignes mises à jour | 0 lignes supprimées | 2026-04-07 23:19:22,986 fin intégration: (c0be558c-eade-497b-a5ad-a43c077f8ed9) | fichier: /srv/import/292/290_pricing_20260407195449.csv | 1266 lignes formatées | 0 lignes en erreurs | 4 lignes crées | 0 lignes mises à jour | 0 lignes supprimées";293;MANDARINE AMBASSADE CHINE
pos9;POS 9;2026-04-09T18:56:31.473006+00:00;273a0e16-0a5d-4d6c-9e33-cd50647494ea;2026-04-07T23:20:01.026844;2026-04-07T23:20:01.291297;30;import de données;price_updater;mise à jour de prix;0;erreur;interne;"Extrait du rapport d'import: | 0 lignes en erreurs | 0 lignes crées | 0 lignes mises à jour | 0 lignes supprimées | 2026-04-07 23:16:06,493 {'non_field_errors': [ErrorDetail(string='Le code lié 3500610072758 existe déjà', code='invalid')]} - [;100730524;3500610072758;] | 2026-04-07 23:16:06,969 fin intégration: (3a295bf6-5523-4e1b-ad07-3953967b8b57) | fichier: /srv/import/080/290_linkedcodes_20260407195445.csv | 125 lignes formatées | 1 lignes en erreurs | 15 lignes crées | 109 lignes mises à jour | 0 lignes supprimées | 2026-04-07 23:18:33,620 fin intégration: (9a51ded5-23f4-4010-9783-2567093a68cd) | fichier: /srv/import/080/290_productssuppliers_20260407195446.csv | 310 lignes formatées | 0 lignes en erreurs | 0 lignes crées | 310 lignes mises à jour | 0 lignes supprimées | 2026-04-07 23:19:22,986 fin intégration: (c0be558c-eade-497b-a5ad-a43c077f8ed9) | fichier: /srv/import/292/290_pricing_20260407195449.csv | 1266 lignes formatées | 0 lignes en erreurs | 4 lignes crées | 0 lignes mises à jour | 0 lignes supprimées";292;MANDARINE KOUMASSI
pos9;POS 9;2026-04-09T18:56:31.473006+00:00;8ec307b5-ff80-4839-b595-b769431e6491;2026-04-07T23:19:01.067467;2026-04-07T23:19:23.206106;30;import de données;price_updater;mise à jour de prix;2;succès;interne;Import mise à jour de prix: | fin intégration: (8ec307b5-ff80-4839-b595-b769431e6491) | fichier: /srv/import/293/290_pricing_20260407195449.csv | 1266 lignes formatées | 0 lignes en erreurs | 4 lignes crées | 0 lignes mises à jour | 0 lignes supprimées;293;MANDARINE AMBASSADE CHINE
pos9;POS 9;2026-04-09T18:56:31.473006+00:00;c0be558c-eade-497b-a5ad-a43c077f8ed9;2026-04-07T23:19:01.044981;2026-04-07T23:19:22.988547;30;import de données;price_updater;mise à jour de prix;2;succès;interne;Import mise à jour de prix: | fin intégration: (c0be558c-eade-497b-a5ad-a43c077f8ed9) | fichier: /srv/import/292/290_pricing_20260407195449.csv | 1266 lignes formatées | 0 lignes en erreurs | 4 lignes crées | 0 lignes mises à jour | 0 lignes supprimées;292;MANDARINE KOUMASSI
pos9;POS 9;2026-04-09T18:56:31.473006+00:00;5ed00d36-a1dc-44e8-8761-9dc00d17f291;2026-04-07T23:19:01.030159;2026-04-07T23:19:01.063592;30;import de données;price_updater;mise à jour de prix;2;succès;interne;Import mise à jour de prix: | fin intégration: (5ed00d36-a1dc-44e8-8761-9dc00d17f291) | fichier: /srv/import/291/999_pricing_20260407195244.csv | 0 lignes formatées | 0 lignes en erreurs | 0 lignes crées | 0 lignes mises à jour | 0 lignes supprimées;291;MANDARINE DANGA
pos9;POS 9;2026-04-09T18:56:31.473006+00:00;89df6760-98f1-4923-aa16-9f7931f13307;2026-04-07T23:19:01.005874;2026-04-07T23:19:01.053728;30;import de données;price_updater;mise à jour de prix;2;succès;interne;Import mise à jour de prix: | fin intégration: (89df6760-98f1-4923-aa16-9f7931f13307) | fichier: /srv/import/080/999_pricing_20260407195244.csv | 0 lignes formatées | 0 lignes en erreurs | 0 lignes crées | 0 lignes mises à jour | 0 lignes supprimées;080;MANDARINE MARCORY
pos9;POS 9;2026-04-09T18:56:31.473006+00:00;9a51ded5-23f4-4010-9783-2567093a68cd;2026-04-07T23:17:00.997003;2026-04-07T23:18:33.622387;30;import de données;product_suppliers;affectation des fournisseurs aux articles;2;succès;interne;Import affectation des fournisseurs aux articles: | fin intégration: (9a51ded5-23f4-4010-9783-2567093a68cd) | fichier: /srv/import/080/290_productssuppliers_20260407195446.csv | 310 lignes formatées | 0 lignes en erreurs | 0 lignes crées | 310 lignes mises à jour | 0 lignes supprimées;080;MANDARINE MARCORY
pos9;POS 9;2026-04-09T18:56:31.473006+00:00;cb6bee85-0361-4230-b68e-557ffaae0110;2026-04-07T23:17:01.012711;2026-04-07T23:18:30.485185;30;import de données;product_suppliers;affectation des fournisseurs aux articles;2;succès;interne;Import affectation des fournisseurs aux articles: | fin intégration: (cb6bee85-0361-4230-b68e-557ffaae0110) | fichier: /srv/import/291/290_productssuppliers_20260407195446.csv | 310 lignes formatées | 0 lignes en erreurs | 0 lignes crées | 310 lignes mises à jour | 0 lignes supprimées;291;MANDARINE DANGA
pos9;POS 9;2026-04-09T18:56:31.473006+00:00;db2b0586-e95a-4c22-bf7f-4c68fd7286af;2026-04-07T23:18:28.368783;2026-04-07T23:18:28.524294;30;import de données;price_updater;mise à jour de prix;2;succès;interne;Import mise à jour de prix: | fin intégration: (db2b0586-e95a-4c22-bf7f-4c68fd7286af) | fichier: /srv/import/293/999_pricing_20260407195244.csv | 0 lignes formatées | 0 lignes en erreurs | 0 lignes crées | 0 lignes mises à jour | 0 lignes supprimées;293;MANDARINE AMBASSADE CHINE
pos9;POS 9;2026-04-09T18:56:31.473006+00:00;fc3608c0-6a20-4e3d-b99d-f8e0d7e64b41;2026-04-07T23:18:28.356903;2026-04-07T23:18:28.410892;30;import de données;price_updater;mise à jour de prix;2;succès;interne;Import mise à jour de prix: | fin intégration: (fc3608c0-6a20-4e3d-b99d-f8e0d7e64b41) | fichier: /srv/import/292/999_pricing_20260407195244.csv | 0 lignes formatées | 0 lignes en erreurs | 0 lignes crées | 0 lignes mises à jour | 0 lignes supprimées;292;MANDARINE KOUMASSI
pos9;POS 9;2026-04-09T18:56:31.473006+00:00;0ed76bfc-3b5b-450c-949f-0c5c26052fc1;2026-04-07T23:17:01.032574;2026-04-07T23:18:27.995870;30;import de données;product_suppliers;affectation des fournisseurs aux articles;2;succès;interne;Import affectation des fournisseurs aux articles: | fin intégration: (0ed76bfc-3b5b-450c-949f-0c5c26052fc1) | fichier: /srv/import/292/290_productssuppliers_20260407195446.csv | 310 lignes formatées | 0 lignes en erreurs | 0 lignes crées | 310 lignes mises à jour | 0 lignes supprimées;292;MANDARINE KOUMASSI
pos9;POS 9;2026-04-09T18:56:31.473006+00:00;25480155-e0e6-4bf4-9d90-2db51341a84c;2026-04-07T23:17:01.063771;2026-04-07T23:18:26.540403;30;import de données;product_suppliers;affectation des fournisseurs aux articles;2;succès;interne;Import affectation des fournisseurs aux articles: | fin intégration: (25480155-e0e6-4bf4-9d90-2db51341a84c) | fichier: /srv/import/293/290_productssuppliers_20260407195446.csv | 310 lignes formatées | 0 lignes en erreurs | 0 lignes crées | 310 lignes mises à jour | 0 lignes supprimées;293;MANDARINE AMBASSADE CHINE
pos9;POS 9;2026-04-09T18:56:31.473006+00:00;2bccfcb1-79a1-4ed4-a74c-63ee87747a52;2026-04-07T23:16:01.076436;2026-04-07T23:16:07.026344;30;import de données;linked_code;codes liés;0;erreur;interne;"Extrait du rapport d'import: | 2 lignes en erreurs | 11 lignes crées | 68 lignes mises à jour | 0 lignes supprimées | 2026-04-07 23:15:01,025 fin intégration: (1d8a5a8d-a09b-4cce-b340-bbb223ed20c3) | fichier: /srv/import/080/999_linkedcodes_20260407195241.csv | 0 lignes formatées | 0 lignes en erreurs | 0 lignes crées | 0 lignes mises à jour | 0 lignes supprimées | 2026-04-07 23:15:01,073 fin intégration: (1a948c93-89bf-417c-a92a-53fe6689e397) | fichier: /srv/import/291/999_linkedcodes_20260407195241.csv | 0 lignes formatées | 0 lignes en erreurs | 0 lignes crées | 0 lignes mises à jour | 0 lignes supprimées | 2026-04-07 23:16:06,493 {'non_field_errors': [ErrorDetail(string='Le code lié 3500610072758 existe déjà', code='invalid')]} - [;100730524;3500610072758;] | 2026-04-07 23:16:06,969 fin intégration: (3a295bf6-5523-4e1b-ad07-3953967b8b57) | fichier: /srv/import/080/290_linkedcodes_20260407195445.csv | 125 lignes formatées | 1 lignes en erreurs | 15 lignes crées | 109 lignes mises à jour | 0 lignes supprimées";293;MANDARINE AMBASSADE CHINE
pos9;POS 9;2026-04-09T18:56:31.473006+00:00;3a295bf6-5523-4e1b-ad07-3953967b8b57;2026-04-07T23:16:00.998004;2026-04-07T23:16:07.018525;30;import de données;linked_code;codes liés;0;erreur;interne;"Extrait du rapport d'import: | 2 lignes en erreurs | 11 lignes crées | 68 lignes mises à jour | 0 lignes supprimées | 2026-04-07 23:15:01,025 fin intégration: (1d8a5a8d-a09b-4cce-b340-bbb223ed20c3) | fichier: /srv/import/080/999_linkedcodes_20260407195241.csv | 0 lignes formatées | 0 lignes en erreurs | 0 lignes crées | 0 lignes mises à jour | 0 lignes supprimées | 2026-04-07 23:15:01,073 fin intégration: (1a948c93-89bf-417c-a92a-53fe6689e397) | fichier: /srv/import/291/999_linkedcodes_20260407195241.csv | 0 lignes formatées | 0 lignes en erreurs | 0 lignes crées | 0 lignes mises à jour | 0 lignes supprimées | 2026-04-07 23:16:06,493 {'non_field_errors': [ErrorDetail(string='Le code lié 3500610072758 existe déjà', code='invalid')]} - [;100730524;3500610072758;] | 2026-04-07 23:16:06,969 fin intégration: (3a295bf6-5523-4e1b-ad07-3953967b8b57) | fichier: /srv/import/080/290_linkedcodes_20260407195445.csv | 125 lignes formatées | 1 lignes en erreurs | 15 lignes crées | 109 lignes mises à jour | 0 lignes supprimées";080;MANDARINE MARCORY
pos9;POS 9;2026-04-09T18:56:31.473006+00:00;7b94ba5a-0673-450f-869c-e47ccf871a0c;2026-04-07T23:16:01.026933;2026-04-07T23:16:06.990766;30;import de données;linked_code;codes liés;0;erreur;interne;"Extrait du rapport d'import: | 2 lignes en erreurs | 11 lignes crées | 68 lignes mises à jour | 0 lignes supprimées | 2026-04-07 23:15:01,025 fin intégration: (1d8a5a8d-a09b-4cce-b340-bbb223ed20c3) | fichier: /srv/import/080/999_linkedcodes_20260407195241.csv | 0 lignes formatées | 0 lignes en erreurs | 0 lignes crées | 0 lignes mises à jour | 0 lignes supprimées | 2026-04-07 23:15:01,073 fin intégration: (1a948c93-89bf-417c-a92a-53fe6689e397) | fichier: /srv/import/291/999_linkedcodes_20260407195241.csv | 0 lignes formatées | 0 lignes en erreurs | 0 lignes crées | 0 lignes mises à jour | 0 lignes supprimées | 2026-04-07 23:16:06,493 {'non_field_errors': [ErrorDetail(string='Le code lié 3500610072758 existe déjà', code='invalid')]} - [;100730524;3500610072758;] | 2026-04-07 23:16:06,969 fin intégration: (3a295bf6-5523-4e1b-ad07-3953967b8b57) | fichier: /srv/import/080/290_linkedcodes_20260407195445.csv | 125 lignes formatées | 1 lignes en erreurs | 15 lignes crées | 109 lignes mises à jour | 0 lignes supprimées";291;MANDARINE DANGA
pos9;POS 9;2026-04-09T18:56:31.473006+00:00;b55b7257-15e8-4d40-afd7-10ebc535aed3;2026-04-07T23:16:01.046646;2026-04-07T23:16:06.989789;30;import de données;linked_code;codes liés;0;erreur;interne;"Extrait du rapport d'import: | 2 lignes en erreurs | 11 lignes crées | 68 lignes mises à jour | 0 lignes supprimées | 2026-04-07 23:15:01,025 fin intégration: (1d8a5a8d-a09b-4cce-b340-bbb223ed20c3) | fichier: /srv/import/080/999_linkedcodes_20260407195241.csv | 0 lignes formatées | 0 lignes en erreurs | 0 lignes crées | 0 lignes mises à jour | 0 lignes supprimées | 2026-04-07 23:15:01,073 fin intégration: (1a948c93-89bf-417c-a92a-53fe6689e397) | fichier: /srv/import/291/999_linkedcodes_20260407195241.csv | 0 lignes formatées | 0 lignes en erreurs | 0 lignes crées | 0 lignes mises à jour | 0 lignes supprimées | 2026-04-07 23:16:06,493 {'non_field_errors': [ErrorDetail(string='Le code lié 3500610072758 existe déjà', code='invalid')]} - [;100730524;3500610072758;] | 2026-04-07 23:16:06,969 fin intégration: (3a295bf6-5523-4e1b-ad07-3953967b8b57) | fichier: /srv/import/080/290_linkedcodes_20260407195445.csv | 125 lignes formatées | 1 lignes en erreurs | 15 lignes crées | 109 lignes mises à jour | 0 lignes supprimées";292;MANDARINE KOUMASSI
pos9;POS 9;2026-04-09T18:56:31.473006+00:00;6274e9ff-8a74-4432-990c-8b0637cf4745;2026-04-07T23:15:01.033779;2026-04-07T23:15:01.090167;30;import de données;linked_code;codes liés;2;succès;interne;Import codes liés: | fin intégration: (6274e9ff-8a74-4432-990c-8b0637cf4745) | fichier: /srv/import/293/999_linkedcodes_20260407195241.csv | 0 lignes formatées | 0 lignes en erreurs | 0 lignes crées | 0 lignes mises à jour | 0 lignes supprimées;293;MANDARINE AMBASSADE CHINE
pos9;POS 9;2026-04-09T18:56:31.473006+00:00;d8a8f99d-4e8b-4052-9060-3858522cab4b;2026-04-07T23:15:01.021875;2026-04-07T23:15:01.082712;30;import de données;linked_code;codes liés;2;succès;interne;Import codes liés: | fin intégration: (d8a8f99d-4e8b-4052-9060-3858522cab4b) | fichier: /srv/import/292/999_linkedcodes_20260407195241.csv | 0 lignes formatées | 0 lignes en erreurs | 0 lignes crées | 0 lignes mises à jour | 0 lignes supprimées;292;MANDARINE KOUMASSI
pos9;POS 9;2026-04-09T18:56:31.473006+00:00;1a948c93-89bf-417c-a92a-53fe6689e397;2026-04-07T23:15:01.005429;2026-04-07T23:15:01.076430;30;import de données;linked_code;codes liés;2;succès;interne;Import codes liés: | fin intégration: (1a948c93-89bf-417c-a92a-53fe6689e397) | fichier: /srv/import/291/999_linkedcodes_20260407195241.csv | 0 lignes formatées | 0 lignes en erreurs | 0 lignes crées | 0 lignes mises à jour | 0 lignes supprimées;291;MANDARINE DANGA
pos9;POS 9;2026-04-09T18:56:31.473006+00:00;1d8a5a8d-a09b-4cce-b340-bbb223ed20c3;2026-04-07T23:15:00.993883;2026-04-07T23:15:01.028859;30;import de données;linked_code;codes liés;2;succès;interne;Import codes liés: | fin intégration: (1d8a5a8d-a09b-4cce-b340-bbb223ed20c3) | fichier: /srv/import/080/999_linkedcodes_20260407195241.csv | 0 lignes formatées | 0 lignes en erreurs | 0 lignes crées | 0 lignes mises à jour | 0 lignes supprimées;080;MANDARINE MARCORY
pos9;POS 9;2026-04-09T18:56:31.473006+00:00;424de0d9-62ca-48e6-86dd-5321be2435fa;2026-04-07T23:14:00.993884;2026-04-07T23:14:27.979456;30;import de données;product;produit;0;erreur;interne;"Extrait du rapport d'import: | 0 lignes crées | 0 lignes mises à jour | 0 lignes supprimées | 2026-04-07 23:12:01,309 fin intégration: (5b0993ab-afb3-4068-ac4c-ccca253257c3) | fichier: /srv/import/080/999_suppliers_20260407195236.csv | 3 lignes formatées | 0 lignes en erreurs | 1 lignes crées | 2 lignes mises à jour | 0 lignes supprimées | 2026-04-07 23:13:01,081 fin intégration: (28fc540b-ebff-4841-9eb4-adf9e78ff60c) | fichier: /srv/import/291/999_products_20260407195241.csv | 0 lignes formatées | 0 lignes en erreurs | 0 lignes crées | 0 lignes mises à jour | 0 lignes supprimées | 2026-04-07 23:14:10,622 Department matching query does not exist. - [20235110120;000000000;94;100415685;1;GATEAU ESCARGOT AMAND  (S2P);GATEAU ESCARGOT AMAN;1;1;AC;;18.00;650.00;441.00;LD] | 2026-04-07 23:14:10,629 Department matching query does not exist. - [20235110120;000000000;94;100415687;1;GATEAU ESCARGOT CHOCOLAT  (S2P);GATEAU ESCARGOT CHOC;1;1;AC;;18.00;650.00;441.00;LD] | 2026-04-07 23:14:27,926 fin intégration: (424de0d9-62ca-48e6-86dd-5321be2435fa) | fichier: /srv/import/080/290_products_20260407195445.csv | 79 lignes formatées | 2 lignes en erreurs | 11 lignes crées | 68 lignes mises à jour | 0 lignes supprimées";080;MANDARINE MARCORY
pos9;POS 9;2026-04-09T18:56:31.473006+00:00;9e549f8f-4943-4efd-b7b4-89c60d1a5b34;2026-04-07T23:14:01.009725;2026-04-07T23:14:27.352416;30;import de données;product;produit;0;erreur;interne;"Extrait du rapport d'import: | 2 lignes crées | 0 lignes mises à jour | 0 lignes supprimées | 2026-04-07 23:11:01,039 fin intégration: (7299ae0e-6703-4c98-8dd8-5dda731856d2) | fichier: /srv/import/080/999_departement_20260407195231.csv | 0 lignes formatées | 0 lignes en erreurs | 0 lignes crées | 0 lignes mises à jour | 0 lignes supprimées | 2026-04-07 23:12:01,309 fin intégration: (5b0993ab-afb3-4068-ac4c-ccca253257c3) | fichier: /srv/import/080/999_suppliers_20260407195236.csv | 3 lignes formatées | 0 lignes en erreurs | 1 lignes crées | 2 lignes mises à jour | 0 lignes supprimées | 2026-04-07 23:13:01,081 fin intégration: (28fc540b-ebff-4841-9eb4-adf9e78ff60c) | fichier: /srv/import/291/999_products_20260407195241.csv | 0 lignes formatées | 0 lignes en erreurs | 0 lignes crées | 0 lignes mises à jour | 0 lignes supprimées | 2026-04-07 23:14:10,622 Department matching query does not exist. - [20235110120;000000000;94;100415685;1;GATEAU ESCARGOT AMAND  (S2P);GATEAU ESCARGOT AMAN;1;1;AC;;18.00;650.00;441.00;LD] | 2026-04-07 23:14:10,629 Department matching query does not exist. - [20235110120;000000000;94;100415687;1;GATEAU ESCARGOT CHOCOLAT  (S2P);GATEAU ESCARGOT CHOC;1;1;AC;;18.00;650.00;441.00;LD]";291;MANDARINE DANGA
pos9;POS 9;2026-04-09T18:56:31.473006+00:00;0d551b0a-990d-4a98-a67a-e62778de8cfb;2026-04-07T23:14:01.028075;2026-04-07T23:14:27.136454;30;import de données;product;produit;0;erreur;interne;"Extrait du rapport d'import: | 2 lignes crées | 0 lignes mises à jour | 0 lignes supprimées | 2026-04-07 23:11:01,039 fin intégration: (7299ae0e-6703-4c98-8dd8-5dda731856d2) | fichier: /srv/import/080/999_departement_20260407195231.csv | 0 lignes formatées | 0 lignes en erreurs | 0 lignes crées | 0 lignes mises à jour | 0 lignes supprimées | 2026-04-07 23:12:01,309 fin intégration: (5b0993ab-afb3-4068-ac4c-ccca253257c3) | fichier: /srv/import/080/999_suppliers_20260407195236.csv | 3 lignes formatées | 0 lignes en erreurs | 1 lignes crées | 2 lignes mises à jour | 0 lignes supprimées | 2026-04-07 23:13:01,081 fin intégration: (28fc540b-ebff-4841-9eb4-adf9e78ff60c) | fichier: /srv/import/291/999_products_20260407195241.csv | 0 lignes formatées | 0 lignes en erreurs | 0 lignes crées | 0 lignes mises à jour | 0 lignes supprimées | 2026-04-07 23:14:10,622 Department matching query does not exist. - [20235110120;000000000;94;100415685;1;GATEAU ESCARGOT AMAND  (S2P);GATEAU ESCARGOT AMAN;1;1;AC;;18.00;650.00;441.00;LD] | 2026-04-07 23:14:10,629 Department matching query does not exist. - [20235110120;000000000;94;100415687;1;GATEAU ESCARGOT CHOCOLAT  (S2P);GATEAU ESCARGOT CHOC;1;1;AC;;18.00;650.00;441.00;LD]";292;MANDARINE KOUMASSI
pos9;POS 9;2026-04-09T18:56:31.473006+00:00;18961100-dfcb-415b-8df2-52781b520024;2026-04-07T23:14:01.049245;2026-04-07T23:14:26.394070;30;import de données;product;produit;0;erreur;interne;"Extrait du rapport d'import: | 2 lignes crées | 0 lignes mises à jour | 0 lignes supprimées | 2026-04-07 23:11:01,039 fin intégration: (7299ae0e-6703-4c98-8dd8-5dda731856d2) | fichier: /srv/import/080/999_departement_20260407195231.csv | 0 lignes formatées | 0 lignes en erreurs | 0 lignes crées | 0 lignes mises à jour | 0 lignes supprimées | 2026-04-07 23:12:01,309 fin intégration: (5b0993ab-afb3-4068-ac4c-ccca253257c3) | fichier: /srv/import/080/999_suppliers_20260407195236.csv | 3 lignes formatées | 0 lignes en erreurs | 1 lignes crées | 2 lignes mises à jour | 0 lignes supprimées | 2026-04-07 23:13:01,081 fin intégration: (28fc540b-ebff-4841-9eb4-adf9e78ff60c) | fichier: /srv/import/291/999_products_20260407195241.csv | 0 lignes formatées | 0 lignes en erreurs | 0 lignes crées | 0 lignes mises à jour | 0 lignes supprimées | 2026-04-07 23:14:10,622 Department matching query does not exist. - [20235110120;000000000;94;100415685;1;GATEAU ESCARGOT AMAND  (S2P);GATEAU ESCARGOT AMAN;1;1;AC;;18.00;650.00;441.00;LD] | 2026-04-07 23:14:10,629 Department matching query does not exist. - [20235110120;000000000;94;100415687;1;GATEAU ESCARGOT CHOCOLAT  (S2P);GATEAU ESCARGOT CHOC;1;1;AC;;18.00;650.00;441.00;LD]";293;MANDARINE AMBASSADE CHINE
pos9;POS 9;2026-04-09T18:56:31.473006+00:00;bd4169ff-49fd-4ab8-aae7-08d11d848da3;2026-04-07T23:13:01.078014;2026-04-07T23:13:01.114851;30;import de données;product;produit;2;succès;interne;Import produit: | fin intégration: (bd4169ff-49fd-4ab8-aae7-08d11d848da3) | fichier: /srv/import/293/999_products_20260407195241.csv | 0 lignes formatées | 0 lignes en erreurs | 0 lignes crées | 0 lignes mises à jour | 0 lignes supprimées;293;MANDARINE AMBASSADE CHINE
pos9;POS 9;2026-04-09T18:56:31.473006+00:00;89e33b2f-836f-4949-bbf4-e239b3b254db;2026-04-07T23:13:01.060539;2026-04-07T23:13:01.106558;30;import de données;product;produit;2;succès;interne;Import produit: | fin intégration: (89e33b2f-836f-4949-bbf4-e239b3b254db) | fichier: /srv/import/292/999_products_20260407195241.csv | 0 lignes formatées | 0 lignes en erreurs | 0 lignes crées | 0 lignes mises à jour | 0 lignes supprimées;292;MANDARINE KOUMASSI
pos9;POS 9;2026-04-09T18:56:31.473006+00:00;28fc540b-ebff-4841-9eb4-adf9e78ff60c;2026-04-07T23:13:01.039205;2026-04-07T23:13:01.085009;30;import de données;product;produit;2;succès;interne;Import produit: | fin intégration: (28fc540b-ebff-4841-9eb4-adf9e78ff60c) | fichier: /srv/import/291/999_products_20260407195241.csv | 0 lignes formatées | 0 lignes en erreurs | 0 lignes crées | 0 lignes mises à jour | 0 lignes supprimées;291;MANDARINE DANGA
pos9;POS 9;2026-04-09T18:56:31.473006+00:00;ce9bc7c3-ce33-4e46-8bdc-a885804cfb69;2026-04-07T23:13:01.011411;2026-04-07T23:13:01.054540;30;import de données;product;produit;2;succès;interne;Import produit: | fin intégration: (ce9bc7c3-ce33-4e46-8bdc-a885804cfb69) | fichier: /srv/import/080/999_products_20260407195241.csv | 0 lignes formatées | 0 lignes en erreurs | 0 lignes crées | 0 lignes mises à jour | 0 lignes supprimées;080;MANDARINE MARCORY
pos9;POS 9;2026-04-09T18:56:31.473006+00:00;5b0993ab-afb3-4068-ac4c-ccca253257c3;2026-04-07T23:12:00.995908;2026-04-07T23:12:01.315422;30;import de données;supplier;fournisseur;2;succès;interne;Import fournisseur: | fin intégration: (5b0993ab-afb3-4068-ac4c-ccca253257c3) | fichier: /srv/import/080/999_suppliers_20260407195236.csv | 3 lignes formatées | 0 lignes en erreurs | 1 lignes crées | 2 lignes mises à jour | 0 lignes supprimées;080;MANDARINE MARCORY
pos9;POS 9;2026-04-09T18:56:31.473006+00:00;ab4bc4d7-dfd0-44b4-9735-c00489f7d4bf;2026-04-07T23:12:01.009678;2026-04-07T23:12:01.277590;30;import de données;supplier;fournisseur;2;succès;interne;Import fournisseur: | fin intégration: (ab4bc4d7-dfd0-44b4-9735-c00489f7d4bf) | fichier: /srv/import/291/999_suppliers_20260407195236.csv | 3 lignes formatées | 0 lignes en erreurs | 1 lignes crées | 2 lignes mises à jour | 0 lignes supprimées;291;MANDARINE DANGA
pos9;POS 9;2026-04-09T18:56:31.473006+00:00;ca61ad6c-4ca6-42c6-84ab-c05be0132e06;2026-04-07T23:12:01.070829;2026-04-07T23:12:01.264677;30;import de données;supplier;fournisseur;2;succès;interne;Import fournisseur: | fin intégration: (ca61ad6c-4ca6-42c6-84ab-c05be0132e06) | fichier: /srv/import/293/999_suppliers_20260407195236.csv | 3 lignes formatées | 0 lignes en erreurs | 1 lignes crées | 2 lignes mises à jour | 0 lignes supprimées;293;MANDARINE AMBASSADE CHINE
pos9;POS 9;2026-04-09T18:56:31.473006+00:00;8d93fa95-790b-4bbd-9504-470ee64ce38e;2026-04-07T23:12:01.021704;2026-04-07T23:12:01.155115;30;import de données;supplier;fournisseur;2;succès;interne;Import fournisseur: | fin intégration: (8d93fa95-790b-4bbd-9504-470ee64ce38e) | fichier: /srv/import/292/999_suppliers_20260407195236.csv | 3 lignes formatées | 0 lignes en erreurs | 1 lignes crées | 2 lignes mises à jour | 0 lignes supprimées;292;MANDARINE KOUMASSI
pos9;POS 9;2026-04-09T18:56:31.473006+00:00;632c03b6-26ea-47f2-bc56-6da35868b995;2026-04-07T23:11:01.046557;2026-04-07T23:11:01.107047;30;import de données;department;département;2;succès;interne;Import département: | fin intégration: (632c03b6-26ea-47f2-bc56-6da35868b995) | fichier: /srv/import/293/999_departement_20260407195231.csv | 0 lignes formatées | 0 lignes en erreurs | 0 lignes crées | 0 lignes mises à jour | 0 lignes supprimées;293;MANDARINE AMBASSADE CHINE
pos9;POS 9;2026-04-09T18:56:31.473006+00:00;012267d6-559d-47d4-810d-fff3db89d0f1;2026-04-07T23:11:01.028231;2026-04-07T23:11:01.068490;30;import de données;department;département;2;succès;interne;Import département: | fin intégration: (012267d6-559d-47d4-810d-fff3db89d0f1) | fichier: /srv/import/292/999_departement_20260407195231.csv | 0 lignes formatées | 0 lignes en erreurs | 0 lignes crées | 0 lignes mises à jour | 0 lignes supprimées;292;MANDARINE KOUMASSI
pos9;POS 9;2026-04-09T18:56:31.473006+00:00;70e8d69a-53c6-4c43-a0b5-4ab5518c6532;2026-04-07T23:11:01.012074;2026-04-07T23:11:01.054409;30;import de données;department;département;2;succès;interne;Import département: | fin intégration: (70e8d69a-53c6-4c43-a0b5-4ab5518c6532) | fichier: /srv/import/291/999_departement_20260407195231.csv | 0 lignes formatées | 0 lignes en erreurs | 0 lignes crées | 0 lignes mises à jour | 0 lignes supprimées;291;MANDARINE DANGA
pos9;POS 9;2026-04-09T18:56:31.473006+00:00;7299ae0e-6703-4c98-8dd8-5dda731856d2;2026-04-07T23:11:00.997395;2026-04-07T23:11:01.043514;30;import de données;department;département;2;succès;interne;Import département: | fin intégration: (7299ae0e-6703-4c98-8dd8-5dda731856d2) | fichier: /srv/import/080/999_departement_20260407195231.csv | 0 lignes formatées | 0 lignes en erreurs | 0 lignes crées | 0 lignes mises à jour | 0 lignes supprimées;080;MANDARINE MARCORY
pos9;POS 9;2026-04-09T18:56:31.473006+00:00;28d92b01-70e1-47fe-9a48-436efa4f5f8d;2026-04-07T17:16:00.935325;2026-04-07T17:16:01.101004;30;import de données;delivery;livraison;0;erreur;interne;Extrait du rapport d'import: | 2026-04-07 17:13:00,974 fichier present: (['Fac_292_00237221.LC', 'Fac_292_00337032.LC', 'Fac_292_00237220.LC', 'Fac_292_00237243.LC'] - delivery) dans /srv/import/292/ | 2026-04-07 17:13:00,980 5 lignes lu dans le fichier /srv/import/292/Fac_292_00237220.LC | 2026-04-07 17:13:00,980 lancement intégration: (91e49d12-d2b7-4798-9e3d-74c295c53522) | 2026-04-07 17:13:00,987 fichier present: (['Fac_293_00337031.LC'] - delivery) dans /srv/import/293/ | 2026-04-07 17:13:00,990 3 lignes lu dans le fichier /srv/import/293/Fac_293_00337031.LC | 2026-04-07 17:13:00,991 lancement intégration: (780f0850-7fce-4e69-b71e-3bb29602ac19) | 2026-04-07 17:13:01,297 fin intégration: (91e49d12-d2b7-4798-9e3d-74c295c53522) | fichier: /srv/import/292/Fac_292_00237220.LC | 5 lignes formatées | 0 lignes en erreurs | 5 lignes crées | 0 lignes mises à jour | 0 lignes supprimées | 2026-04-07 17:14:01,114 fin intégration: (2fc57e51-47e1-426a-a10a-cb2d0228eb92) | fichier: /srv/import/292/Fac_292_00237221.LC | 2 lignes formatées | 0 lignes en erreurs | 2 lignes crées | 0 lignes mises à jour | 0 lignes supprimées | 2026-04-07 17:15:01,051 fin intégration: (4362e5b0-79c3-4bf9-9beb-c30ca52d7d8f) | fichier: /srv/import/292/Fac_292_00237243.LC | 2 lignes formatées | 0 lignes en erreurs | 2 lignes crées | 0 lignes mises à jour | 0 lignes supprimées;291;MANDARINE DANGA
pos9;POS 9;2026-04-09T18:56:31.473006+00:00;5bb1ef1f-f531-45ef-a73a-4a5d9675a083;2026-04-07T17:16:00.949710;2026-04-07T17:16:01.099645;30;import de données;delivery;livraison;2;succès;interne;Import livraison: | fin intégration: (5bb1ef1f-f531-45ef-a73a-4a5d9675a083) | fichier: /srv/import/292/Fac_292_00337032.LC | 3 lignes formatées | 0 lignes en erreurs | 2 lignes crées | 1 lignes mises à jour | 0 lignes supprimées;292;MANDARINE KOUMASSI
pos9;POS 9;2026-04-09T18:56:31.473006+00:00;4362e5b0-79c3-4bf9-9beb-c30ca52d7d8f;2026-04-07T17:15:00.948863;2026-04-07T17:15:01.055847;30;import de données;delivery;livraison;2;succès;interne;Import livraison: | fin intégration: (4362e5b0-79c3-4bf9-9beb-c30ca52d7d8f) | fichier: /srv/import/292/Fac_292_00237243.LC | 2 lignes formatées | 0 lignes en erreurs | 2 lignes crées | 0 lignes mises à jour | 0 lignes supprimées;292;MANDARINE KOUMASSI
pos9;POS 9;2026-04-09T18:56:31.473006+00:00;62b016d8-a135-45d3-a669-f1241b650134;2026-04-07T17:15:00.934967;2026-04-07T17:15:01.053558;30;import de données;delivery;livraison;0;erreur;interne;Extrait du rapport d'import: | 2026-04-07 17:13:00,974 fichier present: (['Fac_292_00237221.LC', 'Fac_292_00337032.LC', 'Fac_292_00237220.LC', 'Fac_292_00237243.LC'] - delivery) dans /srv/import/292/ | 2026-04-07 17:13:00,980 5 lignes lu dans le fichier /srv/import/292/Fac_292_00237220.LC | 2026-04-07 17:13:00,980 lancement intégration: (91e49d12-d2b7-4798-9e3d-74c295c53522) | 2026-04-07 17:13:00,987 fichier present: (['Fac_293_00337031.LC'] - delivery) dans /srv/import/293/ | 2026-04-07 17:13:00,990 3 lignes lu dans le fichier /srv/import/293/Fac_293_00337031.LC | 2026-04-07 17:13:00,991 lancement intégration: (780f0850-7fce-4e69-b71e-3bb29602ac19) | 2026-04-07 17:13:01,297 fin intégration: (91e49d12-d2b7-4798-9e3d-74c295c53522) | fichier: /srv/import/292/Fac_292_00237220.LC | 5 lignes formatées | 0 lignes en erreurs | 5 lignes crées | 0 lignes mises à jour | 0 lignes supprimées | 2026-04-07 17:14:01,114 fin intégration: (2fc57e51-47e1-426a-a10a-cb2d0228eb92) | fichier: /srv/import/292/Fac_292_00237221.LC | 2 lignes formatées | 0 lignes en erreurs | 2 lignes crées | 0 lignes mises à jour | 0 lignes supprimées | 2026-04-07 17:15:01,051 fin intégration: (4362e5b0-79c3-4bf9-9beb-c30ca52d7d8f) | fichier: /srv/import/292/Fac_292_00237243.LC | 2 lignes formatées | 0 lignes en erreurs | 2 lignes crées | 0 lignes mises à jour | 0 lignes supprimées;291;MANDARINE DANGA
pos9;POS 9;2026-04-09T18:56:31.473006+00:00;82ee2b84-83dd-488d-9c08-1bd9179d2bc8;2026-04-07T17:14:00.945117;2026-04-07T17:14:01.122678;30;import de données;delivery;livraison;0;erreur;interne;Extrait du rapport d'import: | 0 lignes supprimées | 2026-04-07 17:13:00,940 fichier present: (['Fac_080_00337041.LC'] - delivery) dans /srv/import/080/ | 2026-04-07 17:13:00,944 3 lignes lu dans le fichier /srv/import/080/Fac_080_00337041.LC | 2026-04-07 17:13:00,944 lancement intégration: (0b667399-4df6-46b4-93c0-a4d3f9508ce0) | 2026-04-07 17:13:00,955 fichier present: (['Fac_291_00216103.LC', 'Fac_291_00237242.LC', 'Fac_291_00216102.LC', 'Fac_291_00337033.LC'] - delivery) dans /srv/import/291/ | 2026-04-07 17:13:00,957 3 lignes lu dans le fichier /srv/import/291/Fac_291_00216102.LC | 2026-04-07 17:13:00,958 lancement intégration: (ed213d2f-8890-4e4c-ab50-fe1712c29edd) | 2026-04-07 17:13:00,974 fichier present: (['Fac_292_00237221.LC', 'Fac_292_00337032.LC', 'Fac_292_00237220.LC', 'Fac_292_00237243.LC'] - delivery) dans /srv/import/292/ | 2026-04-07 17:13:00,980 5 lignes lu dans le fichier /srv/import/292/Fac_292_00237220.LC | 2026-04-07 17:13:00,980 lancement intégration: (91e49d12-d2b7-4798-9e3d-74c295c53522) | 2026-04-07 17:13:00,987 fichier present: (['Fac_293_00337031.LC'] - delivery) dans /srv/import/293/ | 2026-04-07 17:13:00,990 3 lignes lu dans le fichier /srv/import/293/Fac_293_00337031.LC | 2026-04-07 17:13:00,991 lancement intégration: (780f0850-7fce-4e69-b71e-3bb29602ac19) | 2026-04-07 17:13:01,297 fin intégration: (91e49d12-d2b7-4798-9e3d-74c295c53522) | fichier: /srv/import/292/Fac_292_00237220.LC | 5 lignes formatées | 0 lignes en erreurs | 5 lignes crées | 0 lignes mises à jour | 0 lignes supprimées | 2026-04-07 17:14:01,114 fin intégration: (2fc57e51-47e1-426a-a10a-cb2d0228eb92) | fichier: /srv/import/292/Fac_292_00237221.LC | 2 lignes formatées | 0 lignes en erreurs | 2 lignes crées | 0 lignes mises à jour | 0 lignes supprimées;291;MANDARINE DANGA
pos9;POS 9;2026-04-09T18:56:31.473006+00:00;2fc57e51-47e1-426a-a10a-cb2d0228eb92;2026-04-07T17:14:00.954517;2026-04-07T17:14:01.116800;30;import de données;delivery;livraison;2;succès;interne;Import livraison: | fin intégration: (2fc57e51-47e1-426a-a10a-cb2d0228eb92) | fichier: /srv/import/292/Fac_292_00237221.LC | 2 lignes formatées | 0 lignes en erreurs | 2 lignes crées | 0 lignes mises à jour | 0 lignes supprimées;292;MANDARINE KOUMASSI
pos9;POS 9;2026-04-09T18:56:31.473006+00:00;780f0850-7fce-4e69-b71e-3bb29602ac19;2026-04-07T17:13:00.991980;2026-04-07T17:13:01.795369;30;import de données;delivery;livraison;0;erreur;interne;"Extrait du rapport d'import: | 2026-04-07 17:12:01,154 {'product': [ErrorDetail(string=""CHAMP J.BOURGEOIS BRUT n'est pas fourni par le fournisseur FOURNISSEUR CENTRALE"", code='invalid')]} - [L100075960CHAMP J.BOURGEOIS BRUT             00000169640000100000006000000000010000002086240000022000000 3113910311108 00000000000001696400129449] | 2026-04-07 17:12:01,158 fin intégration: (17a67270-8c22-4587-9708-1aba36998da0) | fichier: /srv/import/291/Fac_291_00216101.LC | 2 lignes formatées | 1 lignes en erreurs | 1 lignes crées | 0 lignes mises à jour | 0 lignes supprimées | 2026-04-07 17:13:00,940 fichier present: (['Fac_080_00337041.LC'] - delivery) dans /srv/import/080/ | 2026-04-07 17:13:00,944 3 lignes lu dans le fichier /srv/import/080/Fac_080_00337041.LC | 2026-04-07 17:13:00,944 lancement intégration: (0b667399-4df6-46b4-93c0-a4d3f9508ce0) | 2026-04-07 17:13:00,955 fichier present: (['Fac_291_00216103.LC', 'Fac_291_00237242.LC', 'Fac_291_00216102.LC', 'Fac_291_00337033.LC'] - delivery) dans /srv/import/291/ | 2026-04-07 17:13:00,957 3 lignes lu dans le fichier /srv/import/291/Fac_291_00216102.LC | 2026-04-07 17:13:00,958 lancement intégration: (ed213d2f-8890-4e4c-ab50-fe1712c29edd) | 2026-04-07 17:13:00,974 fichier present: (['Fac_292_00237221.LC', 'Fac_292_00337032.LC', 'Fac_292_00237220.LC', 'Fac_292_00237243.LC'] - delivery) dans /srv/import/292/ | 2026-04-07 17:13:00,980 5 lignes lu dans le fichier /srv/import/292/Fac_292_00237220.LC | 2026-04-07 17:13:00,980 lancement intégration: (91e49d12-d2b7-4798-9e3d-74c295c53522) | 2026-04-07 17:13:00,987 fichier present: (['Fac_293_00337031.LC'] - delivery) dans /srv/import/293/ | 2026-04-07 17:13:00,990 3 lignes lu dans le fichier /srv/import/293/Fac_293_00337031.LC | 2026-04-07 17:13:00,991 lancement intégration: (780f0850-7fce-4e69-b71e-3bb29602ac19) | 2026-04-07 17:13:01,297 fin intégration: (91e49d12-d2b7-4798-9e3d-74c295c53522) | fichier: /srv/import/292/Fac_292_00237220.LC | 5 lignes formatées | 0 lignes en erreurs | 5 lignes crées | 0 lignes mises à jour | 0 lignes supprimées";293;MANDARINE AMBASSADE CHINE
pos9;POS 9;2026-04-09T18:56:31.473006+00:00;91e49d12-d2b7-4798-9e3d-74c295c53522;2026-04-07T17:13:00.980952;2026-04-07T17:13:01.299868;30;import de données;delivery;livraison;2;succès;interne;Import livraison: | fin intégration: (91e49d12-d2b7-4798-9e3d-74c295c53522) | fichier: /srv/import/292/Fac_292_00237220.LC | 5 lignes formatées | 0 lignes en erreurs | 5 lignes crées | 0 lignes mises à jour | 0 lignes supprimées;292;MANDARINE KOUMASSI
pos9;POS 9;2026-04-09T18:56:31.473006+00:00;0b667399-4df6-46b4-93c0-a4d3f9508ce0;2026-04-07T17:13:00.945267;2026-04-07T17:13:01.210181;30;import de données;delivery;livraison;2;succès;interne;Import livraison: | fin intégration: (0b667399-4df6-46b4-93c0-a4d3f9508ce0) | fichier: /srv/import/080/Fac_080_00337041.LC | 3 lignes formatées | 0 lignes en erreurs | 2 lignes crées | 1 lignes mises à jour | 0 lignes supprimées;080;MANDARINE MARCORY
pos9;POS 9;2026-04-09T18:56:31.473006+00:00;ed213d2f-8890-4e4c-ab50-fe1712c29edd;2026-04-07T17:13:00.958689;2026-04-07T17:13:01.182212;30;import de données;delivery;livraison;0;erreur;interne;"Extrait du rapport d'import: | 2026-04-07 17:11:01,244 lancement intégration: (062c8368-86d4-4518-9874-e0dfe866b2eb) | 2026-04-07 17:11:02,341 fin intégration: (816f0057-619f-4065-a801-7e2785d8a3f8) | fichier: /srv/import/292/Fac_292_00216090.LC | 13 lignes formatées | 0 lignes en erreurs | 13 lignes crées | 0 lignes mises à jour | 0 lignes supprimées | 2026-04-07 17:12:01,154 {'product': [ErrorDetail(string=""CHAMP J.BOURGEOIS BRUT n'est pas fourni par le fournisseur FOURNISSEUR CENTRALE"", code='invalid')]} - [L100075960CHAMP J.BOURGEOIS BRUT             00000169640000100000006000000000010000002086240000022000000 3113910311108 00000000000001696400129449] | 2026-04-07 17:12:01,158 fin intégration: (17a67270-8c22-4587-9708-1aba36998da0) | fichier: /srv/import/291/Fac_291_00216101.LC | 2 lignes formatées | 1 lignes en erreurs | 1 lignes crées | 0 lignes mises à jour | 0 lignes supprimées | 2026-04-07 17:13:00,940 fichier present: (['Fac_080_00337041.LC'] - delivery) dans /srv/import/080/ | 2026-04-07 17:13:00,944 3 lignes lu dans le fichier /srv/import/080/Fac_080_00337041.LC | 2026-04-07 17:13:00,944 lancement intégration: (0b667399-4df6-46b4-93c0-a4d3f9508ce0) | 2026-04-07 17:13:00,955 fichier present: (['Fac_291_00216103.LC', 'Fac_291_00237242.LC', 'Fac_291_00216102.LC', 'Fac_291_00337033.LC'] - delivery) dans /srv/import/291/ | 2026-04-07 17:13:00,957 3 lignes lu dans le fichier /srv/import/291/Fac_291_00216102.LC | 2026-04-07 17:13:00,958 lancement intégration: (ed213d2f-8890-4e4c-ab50-fe1712c29edd) | 2026-04-07 17:13:00,974 fichier present: (['Fac_292_00237221.LC', 'Fac_292_00337032.LC', 'Fac_292_00237220.LC', 'Fac_292_00237243.LC'] - delivery) dans /srv/import/292/ | 2026-04-07 17:13:00,980 5 lignes lu dans le fichier /srv/import/292/Fac_292_00237220.LC | 2026-04-07 17:13:00,980 lancement intégration: (91e49d12-d2b7-4798-9e3d-74c295c53522) | 2026-04-07 17:13:00,987 fichier present: (['Fac_293_00337031.LC'] - delivery) dans /srv/import/293/ | 2026-04-07 17:13:00,990 3 lignes lu dans le fichier /srv/import/293/Fac_293_00337031.LC | 2026-04-07 17:13:00,991 lancement intégration: (780f0850-7fce-4e69-b71e-3bb29602ac19)";291;MANDARINE DANGA
pos9;POS 9;2026-04-09T18:56:31.473006+00:00;11ef42f6-fe2f-4376-ae54-de985abe9c0b;2026-04-07T17:12:00.981847;2026-04-07T17:12:01.384640;30;import de données;delivery;livraison;0;erreur;interne;"Extrait du rapport d'import: | 2026-04-07 17:11:00,957 fichier present: (['Fac_080_00237233.LC', 'Fac_080_00216087.LC', 'Fac_080_00337041.LC'] - delivery) dans /srv/import/080/ | 2026-04-07 17:11:00,994 16 lignes lu dans le fichier /srv/import/080/Fac_080_00216087.LC | 2026-04-07 17:11:00,994 lancement intégration: (e0b94309-eacf-46f9-8d8c-60c93902b5c8) | 2026-04-07 17:11:01,207 fichier present: (['Fac_291_00216101.LC', 'Fac_291_00216103.LC', 'Fac_291_00237242.LC', 'Fac_291_00216100.LC', 'Fac_291_00216102.LC', 'Fac_291_00337033.LC'] - delivery) dans /srv/import/291/ | 2026-04-07 17:11:01,211 5 lignes lu dans le fichier /srv/import/291/Fac_291_00216100.LC | 2026-04-07 17:11:01,211 lancement intégration: (a502e52b-56e7-49a8-bc4c-f318247595f0) | 2026-04-07 17:11:01,221 fichier present: (['Fac_292_00237221.LC', 'Fac_292_00337032.LC', 'Fac_292_00216090.LC', 'Fac_292_00216091.LC', 'Fac_292_00237220.LC', 'Fac_292_00237243.LC'] - delivery) dans /srv/import/292/ | 2026-04-07 17:11:01,227 13 lignes lu dans le fichier /srv/import/292/Fac_292_00216090.LC | 2026-04-07 17:11:01,227 lancement intégration: (816f0057-619f-4065-a801-7e2785d8a3f8) | 2026-04-07 17:11:01,235 fichier present: (['Fac_293_00337031.LC', 'Fac_293_00216071.LC', 'Fac_293_00108113.LC'] - delivery) dans /srv/import/293/ | 2026-04-07 17:11:01,244 2 lignes lu dans le fichier /srv/import/293/Fac_293_00108113.LC | 2026-04-07 17:11:01,244 lancement intégration: (062c8368-86d4-4518-9874-e0dfe866b2eb) | 2026-04-07 17:11:02,341 fin intégration: (816f0057-619f-4065-a801-7e2785d8a3f8) | fichier: /srv/import/292/Fac_292_00216090.LC | 13 lignes formatées | 0 lignes en erreurs | 13 lignes crées | 0 lignes mises à jour | 0 lignes supprimées | 2026-04-07 17:12:01,154 {'product': [ErrorDetail(string=""CHAMP J.BOURGEOIS BRUT n'est pas fourni par le fournisseur FOURNISSEUR CENTRALE"", code='invalid')]} - [L100075960CHAMP J.BOURGEOIS BRUT             00000169640000100000006000000000010000002086240000022000000 3113910311108 00000000000001696400129449] | 2026-04-07 17:12:01,158 fin intégration: (17a67270-8c22-4587-9708-1aba36998da0) | fichier: /srv/import/291/Fac_291_00216101.LC | 2 lignes formatées | 1 lignes en erreurs | 1 lignes crées | 0 lignes mises à jour | 0 lignes supprimées";293;MANDARINE AMBASSADE CHINE
pos9;POS 9;2026-04-09T18:56:31.473006+00:00;17a67270-8c22-4587-9708-1aba36998da0;2026-04-07T17:12:00.952608;2026-04-07T17:12:01.195724;30;import de données;delivery;livraison;0;erreur;interne;"Extrait du rapport d'import: | 2026-04-07 17:11:00,957 fichier present: (['Fac_080_00237233.LC', 'Fac_080_00216087.LC', 'Fac_080_00337041.LC'] - delivery) dans /srv/import/080/ | 2026-04-07 17:11:00,994 16 lignes lu dans le fichier /srv/import/080/Fac_080_00216087.LC | 2026-04-07 17:11:00,994 lancement intégration: (e0b94309-eacf-46f9-8d8c-60c93902b5c8) | 2026-04-07 17:11:01,207 fichier present: (['Fac_291_00216101.LC', 'Fac_291_00216103.LC', 'Fac_291_00237242.LC', 'Fac_291_00216100.LC', 'Fac_291_00216102.LC', 'Fac_291_00337033.LC'] - delivery) dans /srv/import/291/ | 2026-04-07 17:11:01,211 5 lignes lu dans le fichier /srv/import/291/Fac_291_00216100.LC | 2026-04-07 17:11:01,211 lancement intégration: (a502e52b-56e7-49a8-bc4c-f318247595f0) | 2026-04-07 17:11:01,221 fichier present: (['Fac_292_00237221.LC', 'Fac_292_00337032.LC', 'Fac_292_00216090.LC', 'Fac_292_00216091.LC', 'Fac_292_00237220.LC', 'Fac_292_00237243.LC'] - delivery) dans /srv/import/292/ | 2026-04-07 17:11:01,227 13 lignes lu dans le fichier /srv/import/292/Fac_292_00216090.LC | 2026-04-07 17:11:01,227 lancement intégration: (816f0057-619f-4065-a801-7e2785d8a3f8) | 2026-04-07 17:11:01,235 fichier present: (['Fac_293_00337031.LC', 'Fac_293_00216071.LC', 'Fac_293_00108113.LC'] - delivery) dans /srv/import/293/ | 2026-04-07 17:11:01,244 2 lignes lu dans le fichier /srv/import/293/Fac_293_00108113.LC | 2026-04-07 17:11:01,244 lancement intégration: (062c8368-86d4-4518-9874-e0dfe866b2eb) | 2026-04-07 17:11:02,341 fin intégration: (816f0057-619f-4065-a801-7e2785d8a3f8) | fichier: /srv/import/292/Fac_292_00216090.LC | 13 lignes formatées | 0 lignes en erreurs | 13 lignes crées | 0 lignes mises à jour | 0 lignes supprimées | 2026-04-07 17:12:01,154 {'product': [ErrorDetail(string=""CHAMP J.BOURGEOIS BRUT n'est pas fourni par le fournisseur FOURNISSEUR CENTRALE"", code='invalid')]} - [L100075960CHAMP J.BOURGEOIS BRUT             00000169640000100000006000000000010000002086240000022000000 3113910311108 00000000000001696400129449] | 2026-04-07 17:12:01,158 fin intégration: (17a67270-8c22-4587-9708-1aba36998da0) | fichier: /srv/import/291/Fac_291_00216101.LC | 2 lignes formatées | 1 lignes en erreurs | 1 lignes crées | 0 lignes mises à jour | 0 lignes supprimées";291;MANDARINE DANGA
pos9;POS 9;2026-04-09T18:56:31.473006+00:00;59b6a22e-10ad-43cd-a50f-7724294ecb54;2026-04-07T17:12:00.969934;2026-04-07T17:12:01.191555;30;import de données;delivery;livraison;2;succès;interne;Import livraison: | fin intégration: (59b6a22e-10ad-43cd-a50f-7724294ecb54) | fichier: /srv/import/292/Fac_292_00216091.LC | 3 lignes formatées | 0 lignes en erreurs | 3 lignes crées | 0 lignes mises à jour | 0 lignes supprimées;292;MANDARINE KOUMASSI
pos9;POS 9;2026-04-09T18:56:31.473006+00:00;121c7f35-9807-426f-8dfb-a1f01c6b1dc5;2026-04-07T17:12:00.940543;2026-04-07T17:12:01.153366;30;import de données;delivery;livraison;2;succès;interne;Import livraison: | fin intégration: (121c7f35-9807-426f-8dfb-a1f01c6b1dc5) | fichier: /srv/import/080/Fac_080_00237233.LC | 2 lignes formatées | 0 lignes en erreurs | 2 lignes crées | 0 lignes mises à jour | 0 lignes supprimées;080;MANDARINE MARCORY
pos9;POS 9;2026-04-09T18:56:31.473006+00:00;062c8368-86d4-4518-9874-e0dfe866b2eb;2026-04-07T17:11:01.245045;2026-04-07T17:11:02.969528;30;import de données;delivery;livraison;0;erreur;interne;"Extrait du rapport d'import: | 2026-04-07 12:29:01,416 {'product': [ErrorDetail(string=""FETA EN CUBE KOL POT ROND 150G n'est pas fourni par le fournisseur FOURNISSEUR CENTRALE"", code='invalid')]} - [L100631736FETA EN CUBE KOL POT ROND 150G     00000430140001600000006000000000010000000351168000004390000 5201704054893 00000000000004301400129599] | 2026-04-07 12:29:01,456 {'product': [ErrorDetail(string=""DL MON GREC FRAISE 125GX6 ELVIR n'est pas fourni par le fournisseur FOURNISSEUR CENTRALE"", code='invalid')]} - [L100644668DL MON GREC FRAISE 125GX6 ELVIR    00000430140001700000012000000000020000000271164000003390000 3451790011856 00000000000004301400129599] | 2026-04-07 12:29:01,459 fin intégration: (b7675ac9-6709-4aeb-85cb-3837423febf7) | fichier: /srv/import/291/Fac_291_00336921.LC | 18 lignes formatées | 17 lignes en erreurs | 1 lignes crées | 0 lignes mises à jour | 0 lignes supprimées | 2026-04-07 17:11:00,957 fichier present: (['Fac_080_00237233.LC', 'Fac_080_00216087.LC', 'Fac_080_00337041.LC'] - delivery) dans /srv/import/080/ | 2026-04-07 17:11:00,994 16 lignes lu dans le fichier /srv/import/080/Fac_080_00216087.LC | 2026-04-07 17:11:00,994 lancement intégration: (e0b94309-eacf-46f9-8d8c-60c93902b5c8) | 2026-04-07 17:11:01,207 fichier present: (['Fac_291_00216101.LC', 'Fac_291_00216103.LC', 'Fac_291_00237242.LC', 'Fac_291_00216100.LC', 'Fac_291_00216102.LC', 'Fac_291_00337033.LC'] - delivery) dans /srv/import/291/ | 2026-04-07 17:11:01,211 5 lignes lu dans le fichier /srv/import/291/Fac_291_00216100.LC | 2026-04-07 17:11:01,211 lancement intégration: (a502e52b-56e7-49a8-bc4c-f318247595f0) | 2026-04-07 17:11:01,221 fichier present: (['Fac_292_00237221.LC', 'Fac_292_00337032.LC', 'Fac_292_00216090.LC', 'Fac_292_00216091.LC', 'Fac_292_00237220.LC', 'Fac_292_00237243.LC'] - delivery) dans /srv/import/292/ | 2026-04-07 17:11:01,227 13 lignes lu dans le fichier /srv/import/292/Fac_292_00216090.LC | 2026-04-07 17:11:01,227 lancement intégration: (816f0057-619f-4065-a801-7e2785d8a3f8) | 2026-04-07 17:11:01,235 fichier present: (['Fac_293_00337031.LC', 'Fac_293_00216071.LC', 'Fac_293_00108113.LC'] - delivery) dans /srv/import/293/ | 2026-04-07 17:11:01,244 2 lignes lu dans le fichier /srv/import/293/Fac_293_00108113.LC | 2026-04-07 17:11:01,244 lancement intégration: (062c8368-86d4-4518-9874-e0dfe866b2eb) | 2026-04-07 17:11:02,341 fin intégration: (816f0057-619f-4065-a801-7e2785d8a3f8) | fichier: /srv/import/292/Fac_292_00216090.LC | 13 lignes formatées | 0 lignes en erreurs | 13 lignes crées | 0 lignes mises à jour | 0 lignes supprimées";293;MANDARINE AMBASSADE CHINE
pos9;POS 9;2026-04-09T18:56:31.473006+00:00;e0b94309-eacf-46f9-8d8c-60c93902b5c8;2026-04-07T17:11:00.999876;2026-04-07T17:11:02.499770;30;import de données;delivery;livraison;2;succès;interne;Import livraison: | fin intégration: (e0b94309-eacf-46f9-8d8c-60c93902b5c8) | fichier: /srv/import/080/Fac_080_00216087.LC | 16 lignes formatées | 0 lignes en erreurs | 16 lignes crées | 0 lignes mises à jour | 0 lignes supprimées;080;MANDARINE MARCORY
pos9;POS 9;2026-04-09T18:56:31.473006+00:00;816f0057-619f-4065-a801-7e2785d8a3f8;2026-04-07T17:11:01.227995;2026-04-07T17:11:02.343705;30;import de données;delivery;livraison;2;succès;interne;Import livraison: | fin intégration: (816f0057-619f-4065-a801-7e2785d8a3f8) | fichier: /srv/import/292/Fac_292_00216090.LC | 13 lignes formatées | 0 lignes en erreurs | 13 lignes crées | 0 lignes mises à jour | 0 lignes supprimées;292;MANDARINE KOUMASSI
pos9;POS 9;2026-04-09T18:56:31.473006+00:00;a502e52b-56e7-49a8-bc4c-f318247595f0;2026-04-07T17:11:01.212186;2026-04-07T17:11:01.737464;30;import de données;delivery;livraison;0;erreur;interne;"Extrait du rapport d'import: | 2026-04-07 12:29:01,235 {'product': [ErrorDetail(string=""DESS LACT ALL MYRTILLE 125GX4 ELVIR n'est pas fourni par le fournisseur FOURNISSEUR CENTRALE"", code='invalid')]} - [L100107531DESS LACT ALL MYRTILLE 125GX4 ELVIR00000430140000800000006000000000010000000207090000002590000 3451790710230 00000000000004301400129599] | 2026-04-07 12:29:01,256 {'product': [ErrorDetail(string=""BEURRE DX 125GX40 PRESIDENT n'est pas fourni par le fournisseur FOURNISSEUR CENTRALE"", code='invalid')]} - [L100336101BEURRE DX 125GX40 PRESIDENT        00000430140000900000040000000000010000000143606000001690000 3228020481150 00000000000004301400129599] | 2026-04-07 12:29:01,278 {'product': [ErrorDetail(string=""DL MON GREC NATURE 125GX4 ELVIR n'est pas fourni par le fournisseur FOURNISSEUR CENTRALE"", code='invalid')]} - [L100406465DL MON GREC NATURE 125GX4 ELVIR    00000430140001000000018000000000030000000271164000003390000 3451790188718 00000000000004301400129599] | 2026-04-07 12:29:01,303 {'product': [ErrorDetail(string=""DL MON GREC MIEL 125GX4 ELVIR n'est pas fourni par le fournisseur FOURNISSEUR CENTRALE"", code='invalid')]} - [L100406472DL MON GREC MIEL 125GX4 ELVIR      00000430140001100000012000000000020000000271164000003390000 3451790188831 00000000000004301400129599] | 2026-04-07 12:29:01,323 {'product': [ErrorDetail(string=""CREME ENT CUIS 35 % 50CL ELVIR n'est pas fourni par le fournisseur FOURNISSEUR CENTRALE"", code='invalid')]} - [L100411936CREME ENT CUIS 35 % 50CL ELVIR     00000430140001200000012000000000010000000398604000004690000 3451790196577 00000000000004301400129599] | 2026-04-07 12:29:01,344 {'product': [ErrorDetail(string=""CITRONNADE 1L ANDROS n'est pas fourni par le fournisseur FOURNISSEUR CENTRALE"", code='invalid')]} - [L100478112CITRONNADE 1L ANDROS               00000430140001300000006000000000010000000207208000002590000 3608580941446 00000000000004301400129599] | 2026-04-07 12:29:01,368 {'product': [ErrorDetail(string=""MOJITO S.ALCOOL ANDROS BLE 1L n'est pas fourni par le fournisseur FOURNISSEUR CENTRALE"", code='invalid')]} - [L100486569MOJITO S.ALCOOL ANDROS BLE 1L      00000430140001400000006000000000010000000207208000002590000 3608580941439 00000000000004301400129599] | 2026-04-07 12:29:01,393 {'product': [ErrorDetail(string=""DL MON GREC VANILLE 125GX4 ELVIR n'est pas fourni par le fournisseur FOURNISSEUR CENTRALE"", code='invalid')]} - [L100492719DL MON GREC VANILLE 125GX4 ELVIR   00000430140001500000012000000000020000000271164000003390000 3451790011917 00000000000004301400129599] | 2026-04-07 12:29:01,416 {'product': [ErrorDetail(string=""FETA EN CUBE KOL POT ROND 150G n'est pas fourni par le fournisseur FOURNISSEUR CENTRALE"", code='invalid')]} - [L100631736FETA EN CUBE KOL POT ROND 150G     00000430140001600000006000000000010000000351168000004390000 5201704054893 00000000000004301400129599] | 2026-04-07 12:29:01,456 {'product': [ErrorDetail(string=""DL MON GREC FRAISE 125GX6 ELVIR n'est pas fourni par le fournisseur FOURNISSEUR CENTRALE"", code='invalid')]} - [L100644668DL MON GREC FRAISE 125GX6 ELVIR    00000430140001700000012000000000020000000271164000003390000 3451790011856 00000000000004301400129599] | 2026-04-07 12:29:01,459 fin intégration: (b7675ac9-6709-4aeb-85cb-3837423febf7) | fichier: /srv/import/291/Fac_291_00336921.LC | 18 lignes formatées | 17 lignes en erreurs | 1 lignes crées | 0 lignes mises à jour | 0 lignes supprimées | 2026-04-07 17:11:00,957 fichier present: (['Fac_080_00237233.LC', 'Fac_080_00216087.LC', 'Fac_080_00337041.LC'] - delivery) dans /srv/import/080/ | 2026-04-07 17:11:00,994 16 lignes lu dans le fichier /srv/import/080/Fac_080_00216087.LC | 2026-04-07 17:11:00,994 lancement intégration: (e0b94309-eacf-46f9-8d8c-60c93902b5c8) | 2026-04-07 17:11:01,207 fichier present: (['Fac_291_00216101.LC', 'Fac_291_00216103.LC', 'Fac_291_00237242.LC', 'Fac_291_00216100.LC', 'Fac_291_00216102.LC', 'Fac_291_00337033.LC'] - delivery) dans /srv/import/291/ | 2026-04-07 17:11:01,211 5 lignes lu dans le fichier /srv/import/291/Fac_291_00216100.LC | 2026-04-07 17:11:01,211 lancement intégration: (a502e52b-56e7-49a8-bc4c-f318247595f0) | 2026-04-07 17:11:01,221 fichier present: (['Fac_292_00237221.LC', 'Fac_292_00337032.LC', 'Fac_292_00216090.LC', 'Fac_292_00216091.LC', 'Fac_292_00237220.LC', 'Fac_292_00237243.LC'] - delivery) dans /srv/import/292/ | 2026-04-07 17:11:01,227 13 lignes lu dans le fichier /srv/import/292/Fac_292_00216090.LC | 2026-04-07 17:11:01,227 lancement intégration: (816f0057-619f-4065-a801-7e2785d8a3f8) | 2026-04-07 17:11:01,235 fichier present: (['Fac_293_00337031.LC', 'Fac_293_00216071.LC', 'Fac_293_00108113.LC'] - delivery) dans /srv/import/293/ | 2026-04-07 17:11:01,244 2 lignes lu dans le fichier /srv/import/293/Fac_293_00108113.LC | 2026-04-07 17:11:01,244 lancement intégration: (062c8368-86d4-4518-9874-e0dfe866b2eb)";291;MANDARINE DANGA
pos9;POS 9;2026-04-09T18:56:31.473006+00:00;25e7f2d2-3f4d-4974-8011-69e0f435c64e;2026-04-07T12:30:00.909484;2026-04-07T12:30:01.150327;30;import de données;delivery;livraison;0;erreur;interne;"Extrait du rapport d'import: | 2 lignes en erreurs | 1 lignes crées | 0 lignes mises à jour | 0 lignes supprimées | 2026-04-07 12:29:01,069 {'product': [ErrorDetail(string=""DESS LACTE FRAISE 125GX4  ELVIR n'est pas fourni par le fournisseur FOURNISSEUR CENTRALE"", code='invalid')]} - [L042001111DESS LACTE FRAISE 125GX4  ELVIR    00000430140000100000012000000000020000000207090000002590000 3451790397509 00000000000004301400129599] | 2026-04-07 12:29:01,104 {'product': [ErrorDetail(string=""VQR 8P 112G BEL n'est pas fourni par le fournisseur FOURNISSEUR CENTRALE"", code='invalid')]} - [L043001042VQR 8P 112G BEL                    00000430140000200000036000000000010000000066080000000800000 3073781194197 00000000000004301400129599] | 2026-04-07 12:29:01,125 {'product': [ErrorDetail(string=""V Q R 24P  336G (BEL) n'est pas fourni par le fournisseur FOURNISSEUR CENTRALE"", code='invalid')]} - [L043001045V Q R 24P  336G (BEL)              00000430140000300000012000000000010000000190806000002300000 3073781194234 00000000000004301400129599] | 2026-04-07 12:29:01,147 {'product': [ErrorDetail(string=""PARMESAN REGGIANO CPE DESAILL* 4 5K n'est pas fourni par le fournisseur FOURNISSEUR CENTRALE"", code='invalid')]} - [L100006406PARMESAN REGGIANO CPE DESAILL* 4 5K00000430140000400000009485000000010000003525132000042990000 2801272000006 00000000000004301400129595] | 2026-04-07 12:29:01,167 {'product': [ErrorDetail(string=""DESS LACTE ABRICOT 125GX4 ELVIR n'est pas fourni par le fournisseur FOURNISSEUR CENTRALE"", code='invalid')]} - [L100007907DESS LACTE ABRICOT 125GX4 ELVIR    00000430140000500000006000000000010000000207090000002590000 3451790397622 00000000000004301400129599] | 2026-04-07 12:29:01,193 {'product': [ErrorDetail(string=""DESS LACTE FRTS BOIS 125GX4 ELVIR n'est pas fourni par le fournisseur FOURNISSEUR CENTRALE"", code='invalid')]} - [L100008325DESS LACTE FRTS BOIS 125GX4 ELVIR  00000430140000600000012000000000020000000207090000002590000 3451790397745 00000000000004301400129599] | 2026-04-07 12:29:01,215 {'product': [ErrorDetail(string=""DESS LACTE ALL FRAISE 125GX4 ELVIR n'est pas fourni par le fournisseur FOURNISSEUR CENTRALE"", code='invalid')]} - [L100009372DESS LACTE ALL FRAISE 125GX4 ELVIR 00000430140000700000006000000000010000000207090000002590000 3451790709951 00000000000004301400129599] | 2026-04-07 12:29:01,235 {'product': [ErrorDetail(string=""DESS LACT ALL MYRTILLE 125GX4 ELVIR n'est pas fourni par le fournisseur FOURNISSEUR CENTRALE"", code='invalid')]} - [L100107531DESS LACT ALL MYRTILLE 125GX4 ELVIR00000430140000800000006000000000010000000207090000002590000 3451790710230 00000000000004301400129599] | 2026-04-07 12:29:01,256 {'product': [ErrorDetail(string=""BEURRE DX 125GX40 PRESIDENT n'est pas fourni par le fournisseur FOURNISSEUR CENTRALE"", code='invalid')]} - [L100336101BEURRE DX 125GX40 PRESIDENT        00000430140000900000040000000000010000000143606000001690000 3228020481150 00000000000004301400129599] | 2026-04-07 12:29:01,278 {'product': [ErrorDetail(string=""DL MON GREC NATURE 125GX4 ELVIR n'est pas fourni par le fournisseur FOURNISSEUR CENTRALE"", code='invalid')]} - [L100406465DL MON GREC NATURE 125GX4 ELVIR    00000430140001000000018000000000030000000271164000003390000 3451790188718 00000000000004301400129599] | 2026-04-07 12:29:01,303 {'product': [ErrorDetail(string=""DL MON GREC MIEL 125GX4 ELVIR n'est pas fourni par le fournisseur FOURNISSEUR CENTRALE"", code='invalid')]} - [L100406472DL MON GREC MIEL 125GX4 ELVIR      00000430140001100000012000000000020000000271164000003390000 3451790188831 00000000000004301400129599] | 2026-04-07 12:29:01,323 {'product': [ErrorDetail(string=""CREME ENT CUIS 35 % 50CL ELVIR n'est pas fourni par le fournisseur FOURNISSEUR CENTRALE"", code='invalid')]} - [L100411936CREME ENT CUIS 35 % 50CL ELVIR     00000430140001200000012000000000010000000398604000004690000 3451790196577 00000000000004301400129599] | 2026-04-07 12:29:01,344 {'product': [ErrorDetail(string=""CITRONNADE 1L ANDROS n'est pas fourni par le fournisseur FOURNISSEUR CENTRALE"", code='invalid')]} - [L100478112CITRONNADE 1L ANDROS               00000430140001300000006000000000010000000207208000002590000 3608580941446 00000000000004301400129599] | 2026-04-07 12:29:01,368 {'product': [ErrorDetail(string=""MOJITO S.ALCOOL ANDROS BLE 1L n'est pas fourni par le fournisseur FOURNISSEUR CENTRALE"", code='invalid')]} - [L100486569MOJITO S.ALCOOL ANDROS BLE 1L      00000430140001400000006000000000010000000207208000002590000 3608580941439 00000000000004301400129599] | 2026-04-07 12:29:01,393 {'product': [ErrorDetail(string=""DL MON GREC VANILLE 125GX4 ELVIR n'est pas fourni par le fournisseur FOURNISSEUR CENTRALE"", code='invalid')]} - [L100492719DL MON GREC VANILLE 125GX4 ELVIR   00000430140001500000012000000000020000000271164000003390000 3451790011917 00000000000004301400129599] | 2026-04-07 12:29:01,416 {'product': [ErrorDetail(string=""FETA EN CUBE KOL POT ROND 150G n'est pas fourni par le fournisseur FOURNISSEUR CENTRALE"", code='invalid')]} - [L100631736FETA EN CUBE KOL POT ROND 150G     00000430140001600000006000000000010000000351168000004390000 5201704054893 00000000000004301400129599] | 2026-04-07 12:29:01,456 {'product': [ErrorDetail(string=""DL MON GREC FRAISE 125GX6 ELVIR n'est pas fourni par le fournisseur FOURNISSEUR CENTRALE"", code='invalid')]} - [L100644668DL MON GREC FRAISE 125GX6 ELVIR    00000430140001700000012000000000020000000271164000003390000 3451790011856 00000000000004301400129599] | 2026-04-07 12:29:01,459 fin intégration: (b7675ac9-6709-4aeb-85cb-3837423febf7) | fichier: /srv/import/291/Fac_291_00336921.LC | 18 lignes formatées | 17 lignes en erreurs | 1 lignes crées | 0 lignes mises à jour | 0 lignes supprimées";293;MANDARINE AMBASSADE CHINE
pos9;POS 9;2026-04-09T18:56:31.473006+00:00;fbdd3a52-0da8-467e-a1d3-628a2bc1dd11;2026-04-07T12:30:00.898974;2026-04-07T12:30:01.149956;30;import de données;delivery;livraison;0;erreur;interne;"Extrait du rapport d'import: | 2 lignes en erreurs | 1 lignes crées | 0 lignes mises à jour | 0 lignes supprimées | 2026-04-07 12:29:01,069 {'product': [ErrorDetail(string=""DESS LACTE FRAISE 125GX4  ELVIR n'est pas fourni par le fournisseur FOURNISSEUR CENTRALE"", code='invalid')]} - [L042001111DESS LACTE FRAISE 125GX4  ELVIR    00000430140000100000012000000000020000000207090000002590000 3451790397509 00000000000004301400129599] | 2026-04-07 12:29:01,104 {'product': [ErrorDetail(string=""VQR 8P 112G BEL n'est pas fourni par le fournisseur FOURNISSEUR CENTRALE"", code='invalid')]} - [L043001042VQR 8P 112G BEL                    00000430140000200000036000000000010000000066080000000800000 3073781194197 00000000000004301400129599] | 2026-04-07 12:29:01,125 {'product': [ErrorDetail(string=""V Q R 24P  336G (BEL) n'est pas fourni par le fournisseur FOURNISSEUR CENTRALE"", code='invalid')]} - [L043001045V Q R 24P  336G (BEL)              00000430140000300000012000000000010000000190806000002300000 3073781194234 00000000000004301400129599] | 2026-04-07 12:29:01,147 {'product': [ErrorDetail(string=""PARMESAN REGGIANO CPE DESAILL* 4 5K n'est pas fourni par le fournisseur FOURNISSEUR CENTRALE"", code='invalid')]} - [L100006406PARMESAN REGGIANO CPE DESAILL* 4 5K00000430140000400000009485000000010000003525132000042990000 2801272000006 00000000000004301400129595] | 2026-04-07 12:29:01,167 {'product': [ErrorDetail(string=""DESS LACTE ABRICOT 125GX4 ELVIR n'est pas fourni par le fournisseur FOURNISSEUR CENTRALE"", code='invalid')]} - [L100007907DESS LACTE ABRICOT 125GX4 ELVIR    00000430140000500000006000000000010000000207090000002590000 3451790397622 00000000000004301400129599] | 2026-04-07 12:29:01,193 {'product': [ErrorDetail(string=""DESS LACTE FRTS BOIS 125GX4 ELVIR n'est pas fourni par le fournisseur FOURNISSEUR CENTRALE"", code='invalid')]} - [L100008325DESS LACTE FRTS BOIS 125GX4 ELVIR  00000430140000600000012000000000020000000207090000002590000 3451790397745 00000000000004301400129599] | 2026-04-07 12:29:01,215 {'product': [ErrorDetail(string=""DESS LACTE ALL FRAISE 125GX4 ELVIR n'est pas fourni par le fournisseur FOURNISSEUR CENTRALE"", code='invalid')]} - [L100009372DESS LACTE ALL FRAISE 125GX4 ELVIR 00000430140000700000006000000000010000000207090000002590000 3451790709951 00000000000004301400129599] | 2026-04-07 12:29:01,235 {'product': [ErrorDetail(string=""DESS LACT ALL MYRTILLE 125GX4 ELVIR n'est pas fourni par le fournisseur FOURNISSEUR CENTRALE"", code='invalid')]} - [L100107531DESS LACT ALL MYRTILLE 125GX4 ELVIR00000430140000800000006000000000010000000207090000002590000 3451790710230 00000000000004301400129599] | 2026-04-07 12:29:01,256 {'product': [ErrorDetail(string=""BEURRE DX 125GX40 PRESIDENT n'est pas fourni par le fournisseur FOURNISSEUR CENTRALE"", code='invalid')]} - [L100336101BEURRE DX 125GX40 PRESIDENT        00000430140000900000040000000000010000000143606000001690000 3228020481150 00000000000004301400129599] | 2026-04-07 12:29:01,278 {'product': [ErrorDetail(string=""DL MON GREC NATURE 125GX4 ELVIR n'est pas fourni par le fournisseur FOURNISSEUR CENTRALE"", code='invalid')]} - [L100406465DL MON GREC NATURE 125GX4 ELVIR    00000430140001000000018000000000030000000271164000003390000 3451790188718 00000000000004301400129599] | 2026-04-07 12:29:01,303 {'product': [ErrorDetail(string=""DL MON GREC MIEL 125GX4 ELVIR n'est pas fourni par le fournisseur FOURNISSEUR CENTRALE"", code='invalid')]} - [L100406472DL MON GREC MIEL 125GX4 ELVIR      00000430140001100000012000000000020000000271164000003390000 3451790188831 00000000000004301400129599] | 2026-04-07 12:29:01,323 {'product': [ErrorDetail(string=""CREME ENT CUIS 35 % 50CL ELVIR n'est pas fourni par le fournisseur FOURNISSEUR CENTRALE"", code='invalid')]} - [L100411936CREME ENT CUIS 35 % 50CL ELVIR     00000430140001200000012000000000010000000398604000004690000 3451790196577 00000000000004301400129599] | 2026-04-07 12:29:01,344 {'product': [ErrorDetail(string=""CITRONNADE 1L ANDROS n'est pas fourni par le fournisseur FOURNISSEUR CENTRALE"", code='invalid')]} - [L100478112CITRONNADE 1L ANDROS               00000430140001300000006000000000010000000207208000002590000 3608580941446 00000000000004301400129599] | 2026-04-07 12:29:01,368 {'product': [ErrorDetail(string=""MOJITO S.ALCOOL ANDROS BLE 1L n'est pas fourni par le fournisseur FOURNISSEUR CENTRALE"", code='invalid')]} - [L100486569MOJITO S.ALCOOL ANDROS BLE 1L      00000430140001400000006000000000010000000207208000002590000 3608580941439 00000000000004301400129599] | 2026-04-07 12:29:01,393 {'product': [ErrorDetail(string=""DL MON GREC VANILLE 125GX4 ELVIR n'est pas fourni par le fournisseur FOURNISSEUR CENTRALE"", code='invalid')]} - [L100492719DL MON GREC VANILLE 125GX4 ELVIR   00000430140001500000012000000000020000000271164000003390000 3451790011917 00000000000004301400129599] | 2026-04-07 12:29:01,416 {'product': [ErrorDetail(string=""FETA EN CUBE KOL POT ROND 150G n'est pas fourni par le fournisseur FOURNISSEUR CENTRALE"", code='invalid')]} - [L100631736FETA EN CUBE KOL POT ROND 150G     00000430140001600000006000000000010000000351168000004390000 5201704054893 00000000000004301400129599] | 2026-04-07 12:29:01,456 {'product': [ErrorDetail(string=""DL MON GREC FRAISE 125GX6 ELVIR n'est pas fourni par le fournisseur FOURNISSEUR CENTRALE"", code='invalid')]} - [L100644668DL MON GREC FRAISE 125GX6 ELVIR    00000430140001700000012000000000020000000271164000003390000 3451790011856 00000000000004301400129599] | 2026-04-07 12:29:01,459 fin intégration: (b7675ac9-6709-4aeb-85cb-3837423febf7) | fichier: /srv/import/291/Fac_291_00336921.LC | 18 lignes formatées | 17 lignes en erreurs | 1 lignes crées | 0 lignes mises à jour | 0 lignes supprimées";291;MANDARINE DANGA
pos9;POS 9;2026-04-09T18:56:31.473006+00:00;b7675ac9-6709-4aeb-85cb-3837423febf7;2026-04-07T12:29:00.924428;2026-04-07T12:29:01.503520;30;import de données;delivery;livraison;0;erreur;interne;"Extrait du rapport d'import: | 2 lignes en erreurs | 1 lignes crées | 0 lignes mises à jour | 0 lignes supprimées | 2026-04-07 12:29:01,069 {'product': [ErrorDetail(string=""DESS LACTE FRAISE 125GX4  ELVIR n'est pas fourni par le fournisseur FOURNISSEUR CENTRALE"", code='invalid')]} - [L042001111DESS LACTE FRAISE 125GX4  ELVIR    00000430140000100000012000000000020000000207090000002590000 3451790397509 00000000000004301400129599] | 2026-04-07 12:29:01,104 {'product': [ErrorDetail(string=""VQR 8P 112G BEL n'est pas fourni par le fournisseur FOURNISSEUR CENTRALE"", code='invalid')]} - [L043001042VQR 8P 112G BEL                    00000430140000200000036000000000010000000066080000000800000 3073781194197 00000000000004301400129599] | 2026-04-07 12:29:01,125 {'product': [ErrorDetail(string=""V Q R 24P  336G (BEL) n'est pas fourni par le fournisseur FOURNISSEUR CENTRALE"", code='invalid')]} - [L043001045V Q R 24P  336G (BEL)              00000430140000300000012000000000010000000190806000002300000 3073781194234 00000000000004301400129599] | 2026-04-07 12:29:01,147 {'product': [ErrorDetail(string=""PARMESAN REGGIANO CPE DESAILL* 4 5K n'est pas fourni par le fournisseur FOURNISSEUR CENTRALE"", code='invalid')]} - [L100006406PARMESAN REGGIANO CPE DESAILL* 4 5K00000430140000400000009485000000010000003525132000042990000 2801272000006 00000000000004301400129595] | 2026-04-07 12:29:01,167 {'product': [ErrorDetail(string=""DESS LACTE ABRICOT 125GX4 ELVIR n'est pas fourni par le fournisseur FOURNISSEUR CENTRALE"", code='invalid')]} - [L100007907DESS LACTE ABRICOT 125GX4 ELVIR    00000430140000500000006000000000010000000207090000002590000 3451790397622 00000000000004301400129599] | 2026-04-07 12:29:01,193 {'product': [ErrorDetail(string=""DESS LACTE FRTS BOIS 125GX4 ELVIR n'est pas fourni par le fournisseur FOURNISSEUR CENTRALE"", code='invalid')]} - [L100008325DESS LACTE FRTS BOIS 125GX4 ELVIR  00000430140000600000012000000000020000000207090000002590000 3451790397745 00000000000004301400129599] | 2026-04-07 12:29:01,215 {'product': [ErrorDetail(string=""DESS LACTE ALL FRAISE 125GX4 ELVIR n'est pas fourni par le fournisseur FOURNISSEUR CENTRALE"", code='invalid')]} - [L100009372DESS LACTE ALL FRAISE 125GX4 ELVIR 00000430140000700000006000000000010000000207090000002590000 3451790709951 00000000000004301400129599] | 2026-04-07 12:29:01,235 {'product': [ErrorDetail(string=""DESS LACT ALL MYRTILLE 125GX4 ELVIR n'est pas fourni par le fournisseur FOURNISSEUR CENTRALE"", code='invalid')]} - [L100107531DESS LACT ALL MYRTILLE 125GX4 ELVIR00000430140000800000006000000000010000000207090000002590000 3451790710230 00000000000004301400129599] | 2026-04-07 12:29:01,256 {'product': [ErrorDetail(string=""BEURRE DX 125GX40 PRESIDENT n'est pas fourni par le fournisseur FOURNISSEUR CENTRALE"", code='invalid')]} - [L100336101BEURRE DX 125GX40 PRESIDENT        00000430140000900000040000000000010000000143606000001690000 3228020481150 00000000000004301400129599] | 2026-04-07 12:29:01,278 {'product': [ErrorDetail(string=""DL MON GREC NATURE 125GX4 ELVIR n'est pas fourni par le fournisseur FOURNISSEUR CENTRALE"", code='invalid')]} - [L100406465DL MON GREC NATURE 125GX4 ELVIR    00000430140001000000018000000000030000000271164000003390000 3451790188718 00000000000004301400129599] | 2026-04-07 12:29:01,303 {'product': [ErrorDetail(string=""DL MON GREC MIEL 125GX4 ELVIR n'est pas fourni par le fournisseur FOURNISSEUR CENTRALE"", code='invalid')]} - [L100406472DL MON GREC MIEL 125GX4 ELVIR      00000430140001100000012000000000020000000271164000003390000 3451790188831 00000000000004301400129599] | 2026-04-07 12:29:01,323 {'product': [ErrorDetail(string=""CREME ENT CUIS 35 % 50CL ELVIR n'est pas fourni par le fournisseur FOURNISSEUR CENTRALE"", code='invalid')]} - [L100411936CREME ENT CUIS 35 % 50CL ELVIR     00000430140001200000012000000000010000000398604000004690000 3451790196577 00000000000004301400129599] | 2026-04-07 12:29:01,344 {'product': [ErrorDetail(string=""CITRONNADE 1L ANDROS n'est pas fourni par le fournisseur FOURNISSEUR CENTRALE"", code='invalid')]} - [L100478112CITRONNADE 1L ANDROS               00000430140001300000006000000000010000000207208000002590000 3608580941446 00000000000004301400129599] | 2026-04-07 12:29:01,368 {'product': [ErrorDetail(string=""MOJITO S.ALCOOL ANDROS BLE 1L n'est pas fourni par le fournisseur FOURNISSEUR CENTRALE"", code='invalid')]} - [L100486569MOJITO S.ALCOOL ANDROS BLE 1L      00000430140001400000006000000000010000000207208000002590000 3608580941439 00000000000004301400129599] | 2026-04-07 12:29:01,393 {'product': [ErrorDetail(string=""DL MON GREC VANILLE 125GX4 ELVIR n'est pas fourni par le fournisseur FOURNISSEUR CENTRALE"", code='invalid')]} - [L100492719DL MON GREC VANILLE 125GX4 ELVIR   00000430140001500000012000000000020000000271164000003390000 3451790011917 00000000000004301400129599] | 2026-04-07 12:29:01,416 {'product': [ErrorDetail(string=""FETA EN CUBE KOL POT ROND 150G n'est pas fourni par le fournisseur FOURNISSEUR CENTRALE"", code='invalid')]} - [L100631736FETA EN CUBE KOL POT ROND 150G     00000430140001600000006000000000010000000351168000004390000 5201704054893 00000000000004301400129599] | 2026-04-07 12:29:01,456 {'product': [ErrorDetail(string=""DL MON GREC FRAISE 125GX6 ELVIR n'est pas fourni par le fournisseur FOURNISSEUR CENTRALE"", code='invalid')]} - [L100644668DL MON GREC FRAISE 125GX6 ELVIR    00000430140001700000012000000000020000000271164000003390000 3451790011856 00000000000004301400129599] | 2026-04-07 12:29:01,459 fin intégration: (b7675ac9-6709-4aeb-85cb-3837423febf7) | fichier: /srv/import/291/Fac_291_00336921.LC | 18 lignes formatées | 17 lignes en erreurs | 1 lignes crées | 0 lignes mises à jour | 0 lignes supprimées";291;MANDARINE DANGA
pos9;POS 9;2026-04-09T18:56:31.473006+00:00;d7d0e8cf-9b64-4c5e-9bac-73c236d47adf;2026-04-07T12:29:00.949036;2026-04-07T12:29:01.237028;30;import de données;delivery;livraison;0;erreur;interne;"Extrait du rapport d'import: | 2026-04-07 12:27:01,401 {'product': [ErrorDetail(string=""LG POIVRON VERT LOCAL ASP n'est pas fourni par le fournisseur FOURNISSEUR CENTRALE"", code='invalid')]} - [L100050286LG POIVRON VERT LOCAL ASP          00000429450001600000010000000000020000000183500000001990000 2800627000005 00000000000004294500129598] | 2026-04-07 12:27:01,450 {'product': [ErrorDetail(string=""FR COQ COCO SEC LOCAL ASP n'est pas fourni par le fournisseur FOURNISSEUR CENTRALE"", code='invalid')]} - [L100056577FR COQ COCO SEC LOCAL ASP          00000429450001700000020000000000010000000025000000000275000 2001000165773 00000000000004294500129598] | 2026-04-07 12:27:01,487 {'product': [ErrorDetail(string=""FR PEP KIWI GOLD PCE BAT n'est pas fourni par le fournisseur FOURNISSEUR CENTRALE"", code='invalid')]} - [L100070107FR PEP KIWI GOLD PCE BAT           00000429450001800000052000000000010000000095226000001190000 2001000701070 00000000000004294500129598] | 2026-04-07 12:27:01,521 {'product': [ErrorDetail(string=""FR TROP BANANE DOUCE LOCALE n'est pas fourni par le fournisseur FOURNISSEUR CENTRALE"", code='invalid')]} - [L100074674FR TROP BANANE DOUCE LOCALE        00000429450001900000105000000000070000000044014000000490000 2886500000003 00000000000004294500129598] | 2026-04-07 12:27:01,528 fin intégration: (e8af9706-9a15-4108-afd1-f63eee117bd8) | fichier: /srv/import/291/Fac_291_00336919.LC | 20 lignes formatées | 19 lignes en erreurs | 1 lignes crées | 0 lignes mises à jour | 0 lignes supprimées | 2026-04-07 12:28:01,033 {'product': [ErrorDetail(string=""DESS LACTE FRAISE 125GX4  ELVIR n'est pas fourni par le fournisseur FOURNISSEUR CENTRALE"", code='invalid')]} - [L042001111DESS LACTE FRAISE 125GX4  ELVIR    00000429880000100000006000000000010000000207090000002590000 3451790397509 00000000000004298800066594] | 2026-04-07 12:28:01,061 {'product': [ErrorDetail(string=""EMMENTAL RAPE 100G ENTREMONT n'est pas fourni par le fournisseur FOURNISSEUR CENTRALE"", code='invalid')]} - [L043001102EMMENTAL RAPE 100G ENTREMONT       00000429880000200000025000000000010000000135228000001690000 5000000000357 00000000000004298800066594] | 2026-04-07 12:28:01,065 fin intégration: (6f495cdd-e814-4e74-948a-7a26f955ff13) | fichier: /srv/import/293/Fac_293_00336938.LC | 3 lignes formatées | 2 lignes en erreurs | 1 lignes crées | 0 lignes mises à jour | 0 lignes supprimées | 2026-04-07 12:29:01,069 {'product': [ErrorDetail(string=""DESS LACTE FRAISE 125GX4  ELVIR n'est pas fourni par le fournisseur FOURNISSEUR CENTRALE"", code='invalid')]} - [L042001111DESS LACTE FRAISE 125GX4  ELVIR    00000430140000100000012000000000020000000207090000002590000 3451790397509 00000000000004301400129599] | 2026-04-07 12:29:01,104 {'product': [ErrorDetail(string=""VQR 8P 112G BEL n'est pas fourni par le fournisseur FOURNISSEUR CENTRALE"", code='invalid')]} - [L043001042VQR 8P 112G BEL                    00000430140000200000036000000000010000000066080000000800000 3073781194197 00000000000004301400129599] | 2026-04-07 12:29:01,125 {'product': [ErrorDetail(string=""V Q R 24P  336G (BEL) n'est pas fourni par le fournisseur FOURNISSEUR CENTRALE"", code='invalid')]} - [L043001045V Q R 24P  336G (BEL)              00000430140000300000012000000000010000000190806000002300000 3073781194234 00000000000004301400129599] | 2026-04-07 12:29:01,147 {'product': [ErrorDetail(string=""PARMESAN REGGIANO CPE DESAILL* 4 5K n'est pas fourni par le fournisseur FOURNISSEUR CENTRALE"", code='invalid')]} - [L100006406PARMESAN REGGIANO CPE DESAILL* 4 5K00000430140000400000009485000000010000003525132000042990000 2801272000006 00000000000004301400129595] | 2026-04-07 12:29:01,167 {'product': [ErrorDetail(string=""DESS LACTE ABRICOT 125GX4 ELVIR n'est pas fourni par le fournisseur FOURNISSEUR CENTRALE"", code='invalid')]} - [L100007907DESS LACTE ABRICOT 125GX4 ELVIR    00000430140000500000006000000000010000000207090000002590000 3451790397622 00000000000004301400129599] | 2026-04-07 12:29:01,193 {'product': [ErrorDetail(string=""DESS LACTE FRTS BOIS 125GX4 ELVIR n'est pas fourni par le fournisseur FOURNISSEUR CENTRALE"", code='invalid')]} - [L100008325DESS LACTE FRTS BOIS 125GX4 ELVIR  00000430140000600000012000000000020000000207090000002590000 3451790397745 00000000000004301400129599] | 2026-04-07 12:29:01,215 {'product': [ErrorDetail(string=""DESS LACTE ALL FRAISE 125GX4 ELVIR n'est pas fourni par le fournisseur FOURNISSEUR CENTRALE"", code='invalid')]} - [L100009372DESS LACTE ALL FRAISE 125GX4 ELVIR 00000430140000700000006000000000010000000207090000002590000 3451790709951 00000000000004301400129599] | 2026-04-07 12:29:01,235 {'product': [ErrorDetail(string=""DESS LACT ALL MYRTILLE 125GX4 ELVIR n'est pas fourni par le fournisseur FOURNISSEUR CENTRALE"", code='invalid')]} - [L100107531DESS LACT ALL MYRTILLE 125GX4 ELVIR00000430140000800000006000000000010000000207090000002590000 3451790710230 00000000000004301400129599]";293;MANDARINE AMBASSADE CHINE
pos9;POS 9;2026-04-09T18:56:31.473006+00:00;6f495cdd-e814-4e74-948a-7a26f955ff13;2026-04-07T12:28:00.917617;2026-04-07T12:28:01.105514;30;import de données;delivery;livraison;0;erreur;interne;"Extrait du rapport d'import: | 2026-04-07 12:27:01,231 {'product': [ErrorDetail(string=""FR PEP KIWI BQT 1KGX10 BAT n'est pas fourni par le fournisseur FOURNISSEUR CENTRALE"", code='invalid')]} - [L100006433FR PEP KIWI BQT 1KGX10 BAT         00000429450000800000009000000000010000000399194000004990000 0806812210138 00000000000004294500129598] | 2026-04-07 12:27:01,250 {'product': [ErrorDetail(string=""LG CELERI BRANCHE BAT n'est pas fourni par le fournisseur FOURNISSEUR CENTRALE"", code='invalid')]} - [L100006436LG CELERI BRANCHE BAT              00000429450000900000006200000000010000000223200000002790000 2801329000003 00000000000004294500129598] | 2026-04-07 12:27:01,268 {'product': [ErrorDetail(string=""FR PEP POIRE SEMPRE ROSEMA. VRAC BA n'est pas fourni par le fournisseur FOURNISSEUR CENTRALE"", code='invalid')]} - [L100010705FR PEP POIRE SEMPRE ROSEMA. VRAC BA00000429450001000000012500000000010000000143370000001790000 2801698000000 00000000000004294500129598] | 2026-04-07 12:27:01,285 {'product': [ErrorDetail(string=""LG CONCOMBRE VRAC LOCAL ASP n'est pas fourni par le fournisseur FOURNISSEUR CENTRALE"", code='invalid')]} - [L100050266LG CONCOMBRE VRAC LOCAL ASP        00000429450001100000010000000000010000000044000000000490000 2809971000006 00000000000004294500129598] | 2026-04-07 12:27:01,303 {'product': [ErrorDetail(string=""FR TROP AVOCAT ORDINAIRE LOCAL ASP n'est pas fourni par le fournisseur FOURNISSEUR CENTRALE"", code='invalid')]} - [L100050274FR TROP AVOCAT ORDINAIRE LOCAL ASP 00000429450001200000010000000000010000000044000000000490000 2800615000000 00000000000004294500129598] | 2026-04-07 12:27:01,324 {'product': [ErrorDetail(string=""LG CHOUX VERT LOCAL ASP n'est pas fourni par le fournisseur FOURNISSEUR CENTRALE"", code='invalid')]} - [L100050275LG CHOUX VERT LOCAL ASP            00000429450001300000010000000000010000000065600000000725000 2001000502752 00000000000004294500129598] | 2026-04-07 12:27:01,343 {'product': [ErrorDetail(string=""FR TROP PAPAYE SOLO ALLONGEE ASP n'est pas fourni par le fournisseur FOURNISSEUR CENTRALE"", code='invalid')]} - [L100050284FR TROP PAPAYE SOLO ALLONGEE ASP   00000429450001400000010000000000010000000057000000000650000 2800625000007 00000000000004294500129598] | 2026-04-07 12:27:01,363 {'product': [ErrorDetail(string=""LG POIREAU LOCAL ASP n'est pas fourni par le fournisseur FOURNISSEUR CENTRALE"", code='invalid')]} - [L100050285LG POIREAU LOCAL ASP               00000429450001500000005000000000010000000186800000002090000 2800626000006 00000000000004294500129598] | 2026-04-07 12:27:01,401 {'product': [ErrorDetail(string=""LG POIVRON VERT LOCAL ASP n'est pas fourni par le fournisseur FOURNISSEUR CENTRALE"", code='invalid')]} - [L100050286LG POIVRON VERT LOCAL ASP          00000429450001600000010000000000020000000183500000001990000 2800627000005 00000000000004294500129598] | 2026-04-07 12:27:01,450 {'product': [ErrorDetail(string=""FR COQ COCO SEC LOCAL ASP n'est pas fourni par le fournisseur FOURNISSEUR CENTRALE"", code='invalid')]} - [L100056577FR COQ COCO SEC LOCAL ASP          00000429450001700000020000000000010000000025000000000275000 2001000165773 00000000000004294500129598] | 2026-04-07 12:27:01,487 {'product': [ErrorDetail(string=""FR PEP KIWI GOLD PCE BAT n'est pas fourni par le fournisseur FOURNISSEUR CENTRALE"", code='invalid')]} - [L100070107FR PEP KIWI GOLD PCE BAT           00000429450001800000052000000000010000000095226000001190000 2001000701070 00000000000004294500129598] | 2026-04-07 12:27:01,521 {'product': [ErrorDetail(string=""FR TROP BANANE DOUCE LOCALE n'est pas fourni par le fournisseur FOURNISSEUR CENTRALE"", code='invalid')]} - [L100074674FR TROP BANANE DOUCE LOCALE        00000429450001900000105000000000070000000044014000000490000 2886500000003 00000000000004294500129598] | 2026-04-07 12:27:01,528 fin intégration: (e8af9706-9a15-4108-afd1-f63eee117bd8) | fichier: /srv/import/291/Fac_291_00336919.LC | 20 lignes formatées | 19 lignes en erreurs | 1 lignes crées | 0 lignes mises à jour | 0 lignes supprimées | 2026-04-07 12:28:01,033 {'product': [ErrorDetail(string=""DESS LACTE FRAISE 125GX4  ELVIR n'est pas fourni par le fournisseur FOURNISSEUR CENTRALE"", code='invalid')]} - [L042001111DESS LACTE FRAISE 125GX4  ELVIR    00000429880000100000006000000000010000000207090000002590000 3451790397509 00000000000004298800066594] | 2026-04-07 12:28:01,061 {'product': [ErrorDetail(string=""EMMENTAL RAPE 100G ENTREMONT n'est pas fourni par le fournisseur FOURNISSEUR CENTRALE"", code='invalid')]} - [L043001102EMMENTAL RAPE 100G ENTREMONT       00000429880000200000025000000000010000000135228000001690000 5000000000357 00000000000004298800066594] | 2026-04-07 12:28:01,065 fin intégration: (6f495cdd-e814-4e74-948a-7a26f955ff13) | fichier: /srv/import/293/Fac_293_00336938.LC | 3 lignes formatées | 2 lignes en erreurs | 1 lignes crées | 0 lignes mises à jour | 0 lignes supprimées";293;MANDARINE AMBASSADE CHINE
pos9;POS 9;2026-04-09T18:56:31.473006+00:00;c4ec0f64-596d-4d5b-b6fa-f4b7d6cff6b2;2026-04-07T12:28:00.905626;2026-04-07T12:28:01.062890;30;import de données;delivery;livraison;0;erreur;interne;"Extrait du rapport d'import: | 0 lignes supprimées | 2026-04-07 12:27:01,067 {'product': [ErrorDetail(string=""FR PEP POMME GRANNY 18KG VRAC BAT n'est pas fourni par le fournisseur FOURNISSEUR CENTRALE"", code='invalid')]} - [L044001313FR PEP POMME GRANNY 18KG VRAC BAT  00000429450000100000018200000000010000000179360000002190000 2865889000002 00000000000004294500129598] | 2026-04-07 12:27:01,102 {'product': [ErrorDetail(string=""FR PEP POIRE PACKHAMS VRAC BAT n'est pas fourni par le fournisseur FOURNISSEUR CENTRALE"", code='invalid')]} - [L044002905FR PEP POIRE PACKHAMS VRAC BAT     00000429450000200000025000000000020000000158946000001990000 2800453000002 00000000000004294500129598] | 2026-04-07 12:27:01,125 {'product': [ErrorDetail(string=""FR PEP KIWI PIECE BAT n'est pas fourni par le fournisseur FOURNISSEUR CENTRALE"", code='invalid')]} - [L044012101FR PEP KIWI PIECE BAT              00000429450000300000039000000000010000000039176000000490000 2000440121011 00000000000004294500129598] | 2026-04-07 12:27:01,146 {'product': [ErrorDetail(string=""FR AGR CITRON JAUNE VRAC BAT n'est pas fourni par le fournisseur FOURNISSEUR CENTRALE"", code='invalid')]} - [L044022107FR AGR CITRON JAUNE VRAC BAT       00000429450000400000014000000000020000000279188000003490000 2888899000008 00000000000004294500129598] | 2026-04-07 12:27:01,169 {'product': [ErrorDetail(string=""FR PEP POMME GOLDEN VRAC 18KG BAT n'est pas fourni par le fournisseur FOURNISSEUR CENTRALE"", code='invalid')]} - [L044047103FR PEP POMME GOLDEN VRAC 18KG BAT  00000429450000500000018200000000010000000164138000001990000 2801533000004 00000000000004294500129598] | 2026-04-07 12:27:01,193 {'product': [ErrorDetail(string=""LG OIGNON HOLLANDE GROS VRAC ASP n'est pas fourni par le fournisseur FOURNISSEUR CENTRALE"", code='invalid')]} - [L045050211LG OIGNON HOLLANDE GROS VRAC ASP   00000429450000600000025000000000010000000043500000000490000 2800658000005 00000000000004294500129598] | 2026-04-07 12:27:01,213 {'product': [ErrorDetail(string=""LG PDT VRAC BAT n'est pas fourni par le fournisseur FOURNISSEUR CENTRALE"", code='invalid')]} - [L045073501LG PDT VRAC BAT                    00000429450000700000025000000000010000000039000000000490000 2800443000005 00000000000004294500129598] | 2026-04-07 12:27:01,231 {'product': [ErrorDetail(string=""FR PEP KIWI BQT 1KGX10 BAT n'est pas fourni par le fournisseur FOURNISSEUR CENTRALE"", code='invalid')]} - [L100006433FR PEP KIWI BQT 1KGX10 BAT         00000429450000800000009000000000010000000399194000004990000 0806812210138 00000000000004294500129598] | 2026-04-07 12:27:01,250 {'product': [ErrorDetail(string=""LG CELERI BRANCHE BAT n'est pas fourni par le fournisseur FOURNISSEUR CENTRALE"", code='invalid')]} - [L100006436LG CELERI BRANCHE BAT              00000429450000900000006200000000010000000223200000002790000 2801329000003 00000000000004294500129598] | 2026-04-07 12:27:01,268 {'product': [ErrorDetail(string=""FR PEP POIRE SEMPRE ROSEMA. VRAC BA n'est pas fourni par le fournisseur FOURNISSEUR CENTRALE"", code='invalid')]} - [L100010705FR PEP POIRE SEMPRE ROSEMA. VRAC BA00000429450001000000012500000000010000000143370000001790000 2801698000000 00000000000004294500129598] | 2026-04-07 12:27:01,285 {'product': [ErrorDetail(string=""LG CONCOMBRE VRAC LOCAL ASP n'est pas fourni par le fournisseur FOURNISSEUR CENTRALE"", code='invalid')]} - [L100050266LG CONCOMBRE VRAC LOCAL ASP        00000429450001100000010000000000010000000044000000000490000 2809971000006 00000000000004294500129598] | 2026-04-07 12:27:01,303 {'product': [ErrorDetail(string=""FR TROP AVOCAT ORDINAIRE LOCAL ASP n'est pas fourni par le fournisseur FOURNISSEUR CENTRALE"", code='invalid')]} - [L100050274FR TROP AVOCAT ORDINAIRE LOCAL ASP 00000429450001200000010000000000010000000044000000000490000 2800615000000 00000000000004294500129598] | 2026-04-07 12:27:01,324 {'product': [ErrorDetail(string=""LG CHOUX VERT LOCAL ASP n'est pas fourni par le fournisseur FOURNISSEUR CENTRALE"", code='invalid')]} - [L100050275LG CHOUX VERT LOCAL ASP            00000429450001300000010000000000010000000065600000000725000 2001000502752 00000000000004294500129598] | 2026-04-07 12:27:01,343 {'product': [ErrorDetail(string=""FR TROP PAPAYE SOLO ALLONGEE ASP n'est pas fourni par le fournisseur FOURNISSEUR CENTRALE"", code='invalid')]} - [L100050284FR TROP PAPAYE SOLO ALLONGEE ASP   00000429450001400000010000000000010000000057000000000650000 2800625000007 00000000000004294500129598] | 2026-04-07 12:27:01,363 {'product': [ErrorDetail(string=""LG POIREAU LOCAL ASP n'est pas fourni par le fournisseur FOURNISSEUR CENTRALE"", code='invalid')]} - [L100050285LG POIREAU LOCAL ASP               00000429450001500000005000000000010000000186800000002090000 2800626000006 00000000000004294500129598] | 2026-04-07 12:27:01,401 {'product': [ErrorDetail(string=""LG POIVRON VERT LOCAL ASP n'est pas fourni par le fournisseur FOURNISSEUR CENTRALE"", code='invalid')]} - [L100050286LG POIVRON VERT LOCAL ASP          00000429450001600000010000000000020000000183500000001990000 2800627000005 00000000000004294500129598] | 2026-04-07 12:27:01,450 {'product': [ErrorDetail(string=""FR COQ COCO SEC LOCAL ASP n'est pas fourni par le fournisseur FOURNISSEUR CENTRALE"", code='invalid')]} - [L100056577FR COQ COCO SEC LOCAL ASP          00000429450001700000020000000000010000000025000000000275000 2001000165773 00000000000004294500129598] | 2026-04-07 12:27:01,487 {'product': [ErrorDetail(string=""FR PEP KIWI GOLD PCE BAT n'est pas fourni par le fournisseur FOURNISSEUR CENTRALE"", code='invalid')]} - [L100070107FR PEP KIWI GOLD PCE BAT           00000429450001800000052000000000010000000095226000001190000 2001000701070 00000000000004294500129598] | 2026-04-07 12:27:01,521 {'product': [ErrorDetail(string=""FR TROP BANANE DOUCE LOCALE n'est pas fourni par le fournisseur FOURNISSEUR CENTRALE"", code='invalid')]} - [L100074674FR TROP BANANE DOUCE LOCALE        00000429450001900000105000000000070000000044014000000490000 2886500000003 00000000000004294500129598] | 2026-04-07 12:27:01,528 fin intégration: (e8af9706-9a15-4108-afd1-f63eee117bd8) | fichier: /srv/import/291/Fac_291_00336919.LC | 20 lignes formatées | 19 lignes en erreurs | 1 lignes crées | 0 lignes mises à jour | 0 lignes supprimées | 2026-04-07 12:28:01,033 {'product': [ErrorDetail(string=""DESS LACTE FRAISE 125GX4  ELVIR n'est pas fourni par le fournisseur FOURNISSEUR CENTRALE"", code='invalid')]} - [L042001111DESS LACTE FRAISE 125GX4  ELVIR    00000429880000100000006000000000010000000207090000002590000 3451790397509 00000000000004298800066594]";291;MANDARINE DANGA
pos9;POS 9;2026-04-09T18:56:31.473006+00:00;e8af9706-9a15-4108-afd1-f63eee117bd8;2026-04-07T12:27:00.925182;2026-04-07T12:27:01.569847;30;import de données;delivery;livraison;0;erreur;interne;"Extrait du rapport d'import: | 0 lignes mises à jour | 0 lignes supprimées | 2026-04-07 12:27:01,067 {'product': [ErrorDetail(string=""FR PEP POMME GRANNY 18KG VRAC BAT n'est pas fourni par le fournisseur FOURNISSEUR CENTRALE"", code='invalid')]} - [L044001313FR PEP POMME GRANNY 18KG VRAC BAT  00000429450000100000018200000000010000000179360000002190000 2865889000002 00000000000004294500129598] | 2026-04-07 12:27:01,102 {'product': [ErrorDetail(string=""FR PEP POIRE PACKHAMS VRAC BAT n'est pas fourni par le fournisseur FOURNISSEUR CENTRALE"", code='invalid')]} - [L044002905FR PEP POIRE PACKHAMS VRAC BAT     00000429450000200000025000000000020000000158946000001990000 2800453000002 00000000000004294500129598] | 2026-04-07 12:27:01,125 {'product': [ErrorDetail(string=""FR PEP KIWI PIECE BAT n'est pas fourni par le fournisseur FOURNISSEUR CENTRALE"", code='invalid')]} - [L044012101FR PEP KIWI PIECE BAT              00000429450000300000039000000000010000000039176000000490000 2000440121011 00000000000004294500129598] | 2026-04-07 12:27:01,146 {'product': [ErrorDetail(string=""FR AGR CITRON JAUNE VRAC BAT n'est pas fourni par le fournisseur FOURNISSEUR CENTRALE"", code='invalid')]} - [L044022107FR AGR CITRON JAUNE VRAC BAT       00000429450000400000014000000000020000000279188000003490000 2888899000008 00000000000004294500129598] | 2026-04-07 12:27:01,169 {'product': [ErrorDetail(string=""FR PEP POMME GOLDEN VRAC 18KG BAT n'est pas fourni par le fournisseur FOURNISSEUR CENTRALE"", code='invalid')]} - [L044047103FR PEP POMME GOLDEN VRAC 18KG BAT  00000429450000500000018200000000010000000164138000001990000 2801533000004 00000000000004294500129598] | 2026-04-07 12:27:01,193 {'product': [ErrorDetail(string=""LG OIGNON HOLLANDE GROS VRAC ASP n'est pas fourni par le fournisseur FOURNISSEUR CENTRALE"", code='invalid')]} - [L045050211LG OIGNON HOLLANDE GROS VRAC ASP   00000429450000600000025000000000010000000043500000000490000 2800658000005 00000000000004294500129598] | 2026-04-07 12:27:01,213 {'product': [ErrorDetail(string=""LG PDT VRAC BAT n'est pas fourni par le fournisseur FOURNISSEUR CENTRALE"", code='invalid')]} - [L045073501LG PDT VRAC BAT                    00000429450000700000025000000000010000000039000000000490000 2800443000005 00000000000004294500129598] | 2026-04-07 12:27:01,231 {'product': [ErrorDetail(string=""FR PEP KIWI BQT 1KGX10 BAT n'est pas fourni par le fournisseur FOURNISSEUR CENTRALE"", code='invalid')]} - [L100006433FR PEP KIWI BQT 1KGX10 BAT         00000429450000800000009000000000010000000399194000004990000 0806812210138 00000000000004294500129598] | 2026-04-07 12:27:01,250 {'product': [ErrorDetail(string=""LG CELERI BRANCHE BAT n'est pas fourni par le fournisseur FOURNISSEUR CENTRALE"", code='invalid')]} - [L100006436LG CELERI BRANCHE BAT              00000429450000900000006200000000010000000223200000002790000 2801329000003 00000000000004294500129598] | 2026-04-07 12:27:01,268 {'product': [ErrorDetail(string=""FR PEP POIRE SEMPRE ROSEMA. VRAC BA n'est pas fourni par le fournisseur FOURNISSEUR CENTRALE"", code='invalid')]} - [L100010705FR PEP POIRE SEMPRE ROSEMA. VRAC BA00000429450001000000012500000000010000000143370000001790000 2801698000000 00000000000004294500129598] | 2026-04-07 12:27:01,285 {'product': [ErrorDetail(string=""LG CONCOMBRE VRAC LOCAL ASP n'est pas fourni par le fournisseur FOURNISSEUR CENTRALE"", code='invalid')]} - [L100050266LG CONCOMBRE VRAC LOCAL ASP        00000429450001100000010000000000010000000044000000000490000 2809971000006 00000000000004294500129598] | 2026-04-07 12:27:01,303 {'product': [ErrorDetail(string=""FR TROP AVOCAT ORDINAIRE LOCAL ASP n'est pas fourni par le fournisseur FOURNISSEUR CENTRALE"", code='invalid')]} - [L100050274FR TROP AVOCAT ORDINAIRE LOCAL ASP 00000429450001200000010000000000010000000044000000000490000 2800615000000 00000000000004294500129598] | 2026-04-07 12:27:01,324 {'product': [ErrorDetail(string=""LG CHOUX VERT LOCAL ASP n'est pas fourni par le fournisseur FOURNISSEUR CENTRALE"", code='invalid')]} - [L100050275LG CHOUX VERT LOCAL ASP            00000429450001300000010000000000010000000065600000000725000 2001000502752 00000000000004294500129598] | 2026-04-07 12:27:01,343 {'product': [ErrorDetail(string=""FR TROP PAPAYE SOLO ALLONGEE ASP n'est pas fourni par le fournisseur FOURNISSEUR CENTRALE"", code='invalid')]} - [L100050284FR TROP PAPAYE SOLO ALLONGEE ASP   00000429450001400000010000000000010000000057000000000650000 2800625000007 00000000000004294500129598] | 2026-04-07 12:27:01,363 {'product': [ErrorDetail(string=""LG POIREAU LOCAL ASP n'est pas fourni par le fournisseur FOURNISSEUR CENTRALE"", code='invalid')]} - [L100050285LG POIREAU LOCAL ASP               00000429450001500000005000000000010000000186800000002090000 2800626000006 00000000000004294500129598] | 2026-04-07 12:27:01,401 {'product': [ErrorDetail(string=""LG POIVRON VERT LOCAL ASP n'est pas fourni par le fournisseur FOURNISSEUR CENTRALE"", code='invalid')]} - [L100050286LG POIVRON VERT LOCAL ASP          00000429450001600000010000000000020000000183500000001990000 2800627000005 00000000000004294500129598] | 2026-04-07 12:27:01,450 {'product': [ErrorDetail(string=""FR COQ COCO SEC LOCAL ASP n'est pas fourni par le fournisseur FOURNISSEUR CENTRALE"", code='invalid')]} - [L100056577FR COQ COCO SEC LOCAL ASP          00000429450001700000020000000000010000000025000000000275000 2001000165773 00000000000004294500129598] | 2026-04-07 12:27:01,487 {'product': [ErrorDetail(string=""FR PEP KIWI GOLD PCE BAT n'est pas fourni par le fournisseur FOURNISSEUR CENTRALE"", code='invalid')]} - [L100070107FR PEP KIWI GOLD PCE BAT           00000429450001800000052000000000010000000095226000001190000 2001000701070 00000000000004294500129598] | 2026-04-07 12:27:01,521 {'product': [ErrorDetail(string=""FR TROP BANANE DOUCE LOCALE n'est pas fourni par le fournisseur FOURNISSEUR CENTRALE"", code='invalid')]} - [L100074674FR TROP BANANE DOUCE LOCALE        00000429450001900000105000000000070000000044014000000490000 2886500000003 00000000000004294500129598] | 2026-04-07 12:27:01,528 fin intégration: (e8af9706-9a15-4108-afd1-f63eee117bd8) | fichier: /srv/import/291/Fac_291_00336919.LC | 20 lignes formatées | 19 lignes en erreurs | 1 lignes crées | 0 lignes mises à jour | 0 lignes supprimées";291;MANDARINE DANGA
pos9;POS 9;2026-04-09T18:56:31.473006+00:00;ccfa4280-2ca2-4840-9ada-462279c7134d;2026-04-07T12:27:00.934425;2026-04-07T12:27:01.518029;30;import de données;delivery;livraison;0;erreur;interne;"Extrait du rapport d'import: | 0 lignes mises à jour | 0 lignes supprimées | 2026-04-07 12:26:01,040 {'product': [ErrorDetail(string=""FR PEP RAISIN RED GLOBE BAT n'est pas fourni par le fournisseur FOURNISSEUR CENTRALE"", code='invalid')]} - [L044095006FR PEP RAISIN RED GLOBE BAT        00000428920000100000024600000000030000000324028000003490000 2802410000001 00000000000004289200066592] | 2026-04-07 12:26:01,047 fin intégration: (372776fc-a1a6-40b5-9787-40095b72767b) | fichier: /srv/import/293/Fac_293_00336936.LC | 2 lignes formatées | 1 lignes en erreurs | 1 lignes crées | 0 lignes mises à jour | 0 lignes supprimées | 2026-04-07 12:27:01,067 {'product': [ErrorDetail(string=""FR PEP POMME GRANNY 18KG VRAC BAT n'est pas fourni par le fournisseur FOURNISSEUR CENTRALE"", code='invalid')]} - [L044001313FR PEP POMME GRANNY 18KG VRAC BAT  00000429450000100000018200000000010000000179360000002190000 2865889000002 00000000000004294500129598] | 2026-04-07 12:27:01,102 {'product': [ErrorDetail(string=""FR PEP POIRE PACKHAMS VRAC BAT n'est pas fourni par le fournisseur FOURNISSEUR CENTRALE"", code='invalid')]} - [L044002905FR PEP POIRE PACKHAMS VRAC BAT     00000429450000200000025000000000020000000158946000001990000 2800453000002 00000000000004294500129598] | 2026-04-07 12:27:01,125 {'product': [ErrorDetail(string=""FR PEP KIWI PIECE BAT n'est pas fourni par le fournisseur FOURNISSEUR CENTRALE"", code='invalid')]} - [L044012101FR PEP KIWI PIECE BAT              00000429450000300000039000000000010000000039176000000490000 2000440121011 00000000000004294500129598] | 2026-04-07 12:27:01,146 {'product': [ErrorDetail(string=""FR AGR CITRON JAUNE VRAC BAT n'est pas fourni par le fournisseur FOURNISSEUR CENTRALE"", code='invalid')]} - [L044022107FR AGR CITRON JAUNE VRAC BAT       00000429450000400000014000000000020000000279188000003490000 2888899000008 00000000000004294500129598] | 2026-04-07 12:27:01,169 {'product': [ErrorDetail(string=""FR PEP POMME GOLDEN VRAC 18KG BAT n'est pas fourni par le fournisseur FOURNISSEUR CENTRALE"", code='invalid')]} - [L044047103FR PEP POMME GOLDEN VRAC 18KG BAT  00000429450000500000018200000000010000000164138000001990000 2801533000004 00000000000004294500129598] | 2026-04-07 12:27:01,193 {'product': [ErrorDetail(string=""LG OIGNON HOLLANDE GROS VRAC ASP n'est pas fourni par le fournisseur FOURNISSEUR CENTRALE"", code='invalid')]} - [L045050211LG OIGNON HOLLANDE GROS VRAC ASP   00000429450000600000025000000000010000000043500000000490000 2800658000005 00000000000004294500129598] | 2026-04-07 12:27:01,213 {'product': [ErrorDetail(string=""LG PDT VRAC BAT n'est pas fourni par le fournisseur FOURNISSEUR CENTRALE"", code='invalid')]} - [L045073501LG PDT VRAC BAT                    00000429450000700000025000000000010000000039000000000490000 2800443000005 00000000000004294500129598] | 2026-04-07 12:27:01,231 {'product': [ErrorDetail(string=""FR PEP KIWI BQT 1KGX10 BAT n'est pas fourni par le fournisseur FOURNISSEUR CENTRALE"", code='invalid')]} - [L100006433FR PEP KIWI BQT 1KGX10 BAT         00000429450000800000009000000000010000000399194000004990000 0806812210138 00000000000004294500129598] | 2026-04-07 12:27:01,250 {'product': [ErrorDetail(string=""LG CELERI BRANCHE BAT n'est pas fourni par le fournisseur FOURNISSEUR CENTRALE"", code='invalid')]} - [L100006436LG CELERI BRANCHE BAT              00000429450000900000006200000000010000000223200000002790000 2801329000003 00000000000004294500129598] | 2026-04-07 12:27:01,268 {'product': [ErrorDetail(string=""FR PEP POIRE SEMPRE ROSEMA. VRAC BA n'est pas fourni par le fournisseur FOURNISSEUR CENTRALE"", code='invalid')]} - [L100010705FR PEP POIRE SEMPRE ROSEMA. VRAC BA00000429450001000000012500000000010000000143370000001790000 2801698000000 00000000000004294500129598] | 2026-04-07 12:27:01,285 {'product': [ErrorDetail(string=""LG CONCOMBRE VRAC LOCAL ASP n'est pas fourni par le fournisseur FOURNISSEUR CENTRALE"", code='invalid')]} - [L100050266LG CONCOMBRE VRAC LOCAL ASP        00000429450001100000010000000000010000000044000000000490000 2809971000006 00000000000004294500129598] | 2026-04-07 12:27:01,303 {'product': [ErrorDetail(string=""FR TROP AVOCAT ORDINAIRE LOCAL ASP n'est pas fourni par le fournisseur FOURNISSEUR CENTRALE"", code='invalid')]} - [L100050274FR TROP AVOCAT ORDINAIRE LOCAL ASP 00000429450001200000010000000000010000000044000000000490000 2800615000000 00000000000004294500129598] | 2026-04-07 12:27:01,324 {'product': [ErrorDetail(string=""LG CHOUX VERT LOCAL ASP n'est pas fourni par le fournisseur FOURNISSEUR CENTRALE"", code='invalid')]} - [L100050275LG CHOUX VERT LOCAL ASP            00000429450001300000010000000000010000000065600000000725000 2001000502752 00000000000004294500129598] | 2026-04-07 12:27:01,343 {'product': [ErrorDetail(string=""FR TROP PAPAYE SOLO ALLONGEE ASP n'est pas fourni par le fournisseur FOURNISSEUR CENTRALE"", code='invalid')]} - [L100050284FR TROP PAPAYE SOLO ALLONGEE ASP   00000429450001400000010000000000010000000057000000000650000 2800625000007 00000000000004294500129598] | 2026-04-07 12:27:01,363 {'product': [ErrorDetail(string=""LG POIREAU LOCAL ASP n'est pas fourni par le fournisseur FOURNISSEUR CENTRALE"", code='invalid')]} - [L100050285LG POIREAU LOCAL ASP               00000429450001500000005000000000010000000186800000002090000 2800626000006 00000000000004294500129598] | 2026-04-07 12:27:01,401 {'product': [ErrorDetail(string=""LG POIVRON VERT LOCAL ASP n'est pas fourni par le fournisseur FOURNISSEUR CENTRALE"", code='invalid')]} - [L100050286LG POIVRON VERT LOCAL ASP          00000429450001600000010000000000020000000183500000001990000 2800627000005 00000000000004294500129598] | 2026-04-07 12:27:01,450 {'product': [ErrorDetail(string=""FR COQ COCO SEC LOCAL ASP n'est pas fourni par le fournisseur FOURNISSEUR CENTRALE"", code='invalid')]} - [L100056577FR COQ COCO SEC LOCAL ASP          00000429450001700000020000000000010000000025000000000275000 2001000165773 00000000000004294500129598] | 2026-04-07 12:27:01,487 {'product': [ErrorDetail(string=""FR PEP KIWI GOLD PCE BAT n'est pas fourni par le fournisseur FOURNISSEUR CENTRALE"", code='invalid')]} - [L100070107FR PEP KIWI GOLD PCE BAT           00000429450001800000052000000000010000000095226000001190000 2001000701070 00000000000004294500129598]";293;MANDARINE AMBASSADE CHINE
pos9;POS 9;2026-04-09T18:56:31.473006+00:00;372776fc-a1a6-40b5-9787-40095b72767b;2026-04-07T12:26:00.911844;2026-04-07T12:26:01.087917;30;import de données;delivery;livraison;0;erreur;interne;"Extrait du rapport d'import: | fichier: /srv/import/293/Fac_293_00336934.LC | 7 lignes formatées | 6 lignes en erreurs | 1 lignes crées | 0 lignes mises à jour | 0 lignes supprimées | 2026-04-07 12:25:01,024 {'product': [ErrorDetail(string=""FRAISE 1KG  PINGUIN n'est pas fourni par le fournisseur FOURNISSEUR CENTRALE"", code='invalid')]} - [L100169317FRAISE 1KG  PINGUIN                00000428150000100000005000000000010000000336654000004490000 5411683221043 00000000000004281500129597] | 2026-04-07 12:25:01,045 {'product': [ErrorDetail(string=""MAG DBLE CHOCO 4X85ML n'est pas fourni par le fournisseur FOURNISSEUR CENTRALE"", code='invalid')]} - [L100209137MAG DBLE CHOCO 4X85ML              00000428150000200000012000000000020000000319190000003990000 8711327576865 00000000000004281500129597] | 2026-04-07 12:25:01,079 {'product': [ErrorDetail(string=""MAG MINI BLC/BLC AMANDE 6X55ML n'est pas fourni par le fournisseur FOURNISSEUR CENTRALE"", code='invalid')]} - [L100480743MAG MINI BLC/BLC AMANDE 6X55ML     00000428150000300000006000000000010000000284380000003790000 8711327609716 00000000000004281500129597] | 2026-04-07 12:25:01,101 {'product': [ErrorDetail(string=""MAG MINI MIX CLAS/AMAND/BLC 6X55ML n'est pas fourni par le fournisseur FOURNISSEUR CENTRALE"", code='invalid')]} - [L100480757MAG MINI MIX CLAS/AMAND/BLC 6X55ML 00000428150000400000006000000000010000000284380000003790000 8711327609082 00000000000004281500129597] | 2026-04-07 12:25:01,123 {'product': [ErrorDetail(string=""MAG MINI CLASSIC 6X55ML n'est pas fourni par le fournisseur FOURNISSEUR CENTRALE"", code='invalid')]} - [L100480762MAG MINI CLASSIC 6X55ML            00000428150000500000006000000000010000000284380000003790000 8711327608207 00000000000004281500129597] | 2026-04-07 12:25:01,145 {'product': [ErrorDetail(string=""MAG MINI AMANDE 6X55ML n'est pas fourni par le fournisseur FOURNISSEUR CENTRALE"", code='invalid')]} - [L100480764MAG MINI AMANDE 6X55ML             00000428150000600000006000000000010000000285560000003790000 8711327611924 00000000000004281500129597] | 2026-04-07 12:25:01,150 fin intégration: (46606742-2346-4349-ab66-499105af3c1c) | fichier: /srv/import/291/Fac_291_00336917.LC | 7 lignes formatées | 6 lignes en erreurs | 1 lignes crées | 0 lignes mises à jour | 0 lignes supprimées | 2026-04-07 12:26:01,040 {'product': [ErrorDetail(string=""FR PEP RAISIN RED GLOBE BAT n'est pas fourni par le fournisseur FOURNISSEUR CENTRALE"", code='invalid')]} - [L044095006FR PEP RAISIN RED GLOBE BAT        00000428920000100000024600000000030000000324028000003490000 2802410000001 00000000000004289200066592] | 2026-04-07 12:26:01,047 fin intégration: (372776fc-a1a6-40b5-9787-40095b72767b) | fichier: /srv/import/293/Fac_293_00336936.LC | 2 lignes formatées | 1 lignes en erreurs | 1 lignes crées | 0 lignes mises à jour | 0 lignes supprimées";293;MANDARINE AMBASSADE CHINE
pos9;POS 9;2026-04-09T18:56:31.473006+00:00;a406c735-4ff6-4b12-8b84-7f56e814317b;2026-04-07T12:26:00.902013;2026-04-07T12:26:01.084502;30;import de données;delivery;livraison;0;erreur;interne;"Extrait du rapport d'import: | fichier: /srv/import/293/Fac_293_00336934.LC | 7 lignes formatées | 6 lignes en erreurs | 1 lignes crées | 0 lignes mises à jour | 0 lignes supprimées | 2026-04-07 12:25:01,024 {'product': [ErrorDetail(string=""FRAISE 1KG  PINGUIN n'est pas fourni par le fournisseur FOURNISSEUR CENTRALE"", code='invalid')]} - [L100169317FRAISE 1KG  PINGUIN                00000428150000100000005000000000010000000336654000004490000 5411683221043 00000000000004281500129597] | 2026-04-07 12:25:01,045 {'product': [ErrorDetail(string=""MAG DBLE CHOCO 4X85ML n'est pas fourni par le fournisseur FOURNISSEUR CENTRALE"", code='invalid')]} - [L100209137MAG DBLE CHOCO 4X85ML              00000428150000200000012000000000020000000319190000003990000 8711327576865 00000000000004281500129597] | 2026-04-07 12:25:01,079 {'product': [ErrorDetail(string=""MAG MINI BLC/BLC AMANDE 6X55ML n'est pas fourni par le fournisseur FOURNISSEUR CENTRALE"", code='invalid')]} - [L100480743MAG MINI BLC/BLC AMANDE 6X55ML     00000428150000300000006000000000010000000284380000003790000 8711327609716 00000000000004281500129597] | 2026-04-07 12:25:01,101 {'product': [ErrorDetail(string=""MAG MINI MIX CLAS/AMAND/BLC 6X55ML n'est pas fourni par le fournisseur FOURNISSEUR CENTRALE"", code='invalid')]} - [L100480757MAG MINI MIX CLAS/AMAND/BLC 6X55ML 00000428150000400000006000000000010000000284380000003790000 8711327609082 00000000000004281500129597] | 2026-04-07 12:25:01,123 {'product': [ErrorDetail(string=""MAG MINI CLASSIC 6X55ML n'est pas fourni par le fournisseur FOURNISSEUR CENTRALE"", code='invalid')]} - [L100480762MAG MINI CLASSIC 6X55ML            00000428150000500000006000000000010000000284380000003790000 8711327608207 00000000000004281500129597] | 2026-04-07 12:25:01,145 {'product': [ErrorDetail(string=""MAG MINI AMANDE 6X55ML n'est pas fourni par le fournisseur FOURNISSEUR CENTRALE"", code='invalid')]} - [L100480764MAG MINI AMANDE 6X55ML             00000428150000600000006000000000010000000285560000003790000 8711327611924 00000000000004281500129597] | 2026-04-07 12:25:01,150 fin intégration: (46606742-2346-4349-ab66-499105af3c1c) | fichier: /srv/import/291/Fac_291_00336917.LC | 7 lignes formatées | 6 lignes en erreurs | 1 lignes crées | 0 lignes mises à jour | 0 lignes supprimées | 2026-04-07 12:26:01,040 {'product': [ErrorDetail(string=""FR PEP RAISIN RED GLOBE BAT n'est pas fourni par le fournisseur FOURNISSEUR CENTRALE"", code='invalid')]} - [L044095006FR PEP RAISIN RED GLOBE BAT        00000428920000100000024600000000030000000324028000003490000 2802410000001 00000000000004289200066592] | 2026-04-07 12:26:01,047 fin intégration: (372776fc-a1a6-40b5-9787-40095b72767b) | fichier: /srv/import/293/Fac_293_00336936.LC | 2 lignes formatées | 1 lignes en erreurs | 1 lignes crées | 0 lignes mises à jour | 0 lignes supprimées";291;MANDARINE DANGA
pos9;POS 9;2026-04-09T18:56:31.473006+00:00;46606742-2346-4349-ab66-499105af3c1c;2026-04-07T12:25:00.898656;2026-04-07T12:25:01.185538;30;import de données;delivery;livraison;0;erreur;interne;"Extrait du rapport d'import: | 0 lignes supprimées | 2026-04-07 12:24:01,015 {'product': [ErrorDetail(string=""CREV CUITE DEC 300G IQF SIDPROM n'est pas fourni par le fournisseur FOURNISSEUR CENTRALE"", code='invalid')]} - [L100167501CREV CUITE DEC 300G IQF SIDPROM    00000428320000100000075000000000750000000519200000006490000 6188000071115 00000000000004283200066593] | 2026-04-07 12:24:01,035 {'product': [ErrorDetail(string=""GL CONE CAR/BEUR SALE X6 CO n'est pas fourni par le fournisseur FOURNISSEUR CENTRALE"", code='invalid')]} - [L100245570GL CONE CAR/BEUR SALE X6 CO        00000428320000200000012000000000020000000299130000003990000 3222476755926 00000000000004283200066593] | 2026-04-07 12:24:01,058 {'product': [ErrorDetail(string=""B&J VANILLE PECAN 465 ML n'est pas fourni par le fournisseur FOURNISSEUR CENTRALE"", code='invalid')]} - [L100418492B&J VANILLE PECAN 465 ML           00000428320000300000008000000000010000000374060000004990000 8711327374256 00000000000004283200066593] | 2026-04-07 12:24:01,077 {'product': [ErrorDetail(string=""B&J CARAMEL BROWNIE PARTY 465ML n'est pas fourni par le fournisseur FOURNISSEUR CENTRALE"", code='invalid')]} - [L100428479B&J CARAMEL BROWNIE PARTY 465ML    00000428320000400000008000000000010000000359310000004790000 8711327374324 00000000000004283200066593] | 2026-04-07 12:24:01,103 {'product': [ErrorDetail(string=""B&J SUNDAE COOKIE VERM 427 ML n'est pas fourni par le fournisseur FOURNISSEUR CENTRALE"", code='invalid')]} - [L100636514B&J SUNDAE COOKIE VERM 427 ML      00000428320000500000008000000000010000000321668000004290000 8711327539624 00000000000004283200066593] | 2026-04-07 12:24:01,137 {'product': [ErrorDetail(string=""B&J SUNDAEDULCE DELISH 427 ML n'est pas fourni par le fournisseur FOURNISSEUR CENTRALE"", code='invalid')]} - [L100636517B&J SUNDAEDULCE DELISH 427 ML      00000428320000600000008000000000010000000321668000004290000 8711327589360 00000000000004283200066593] | 2026-04-07 12:24:01,141 fin intégration: (00e03521-8d50-40f7-9981-acc4c6817206) | fichier: /srv/import/293/Fac_293_00336934.LC | 7 lignes formatées | 6 lignes en erreurs | 1 lignes crées | 0 lignes mises à jour | 0 lignes supprimées | 2026-04-07 12:25:01,024 {'product': [ErrorDetail(string=""FRAISE 1KG  PINGUIN n'est pas fourni par le fournisseur FOURNISSEUR CENTRALE"", code='invalid')]} - [L100169317FRAISE 1KG  PINGUIN                00000428150000100000005000000000010000000336654000004490000 5411683221043 00000000000004281500129597] | 2026-04-07 12:25:01,045 {'product': [ErrorDetail(string=""MAG DBLE CHOCO 4X85ML n'est pas fourni par le fournisseur FOURNISSEUR CENTRALE"", code='invalid')]} - [L100209137MAG DBLE CHOCO 4X85ML              00000428150000200000012000000000020000000319190000003990000 8711327576865 00000000000004281500129597] | 2026-04-07 12:25:01,079 {'product': [ErrorDetail(string=""MAG MINI BLC/BLC AMANDE 6X55ML n'est pas fourni par le fournisseur FOURNISSEUR CENTRALE"", code='invalid')]} - [L100480743MAG MINI BLC/BLC AMANDE 6X55ML     00000428150000300000006000000000010000000284380000003790000 8711327609716 00000000000004281500129597] | 2026-04-07 12:25:01,101 {'product': [ErrorDetail(string=""MAG MINI MIX CLAS/AMAND/BLC 6X55ML n'est pas fourni par le fournisseur FOURNISSEUR CENTRALE"", code='invalid')]} - [L100480757MAG MINI MIX CLAS/AMAND/BLC 6X55ML 00000428150000400000006000000000010000000284380000003790000 8711327609082 00000000000004281500129597] | 2026-04-07 12:25:01,123 {'product': [ErrorDetail(string=""MAG MINI CLASSIC 6X55ML n'est pas fourni par le fournisseur FOURNISSEUR CENTRALE"", code='invalid')]} - [L100480762MAG MINI CLASSIC 6X55ML            00000428150000500000006000000000010000000284380000003790000 8711327608207 00000000000004281500129597] | 2026-04-07 12:25:01,145 {'product': [ErrorDetail(string=""MAG MINI AMANDE 6X55ML n'est pas fourni par le fournisseur FOURNISSEUR CENTRALE"", code='invalid')]} - [L100480764MAG MINI AMANDE 6X55ML             00000428150000600000006000000000010000000285560000003790000 8711327611924 00000000000004281500129597] | 2026-04-07 12:25:01,150 fin intégration: (46606742-2346-4349-ab66-499105af3c1c) | fichier: /srv/import/291/Fac_291_00336917.LC | 7 lignes formatées | 6 lignes en erreurs | 1 lignes crées | 0 lignes mises à jour | 0 lignes supprimées";291;MANDARINE DANGA
pos9;POS 9;2026-04-09T18:56:31.473006+00:00;a99c049a-c0e8-47a8-b407-ae73815f0108;2026-04-07T12:25:00.924010;2026-04-07T12:25:01.043087;30;import de données;delivery;livraison;0;erreur;interne;"Extrait du rapport d'import: | fichier: /srv/import/291/Fac_291_00336914.LC | 4 lignes formatées | 2 lignes en erreurs | 2 lignes crées | 0 lignes mises à jour | 0 lignes supprimées | 2026-04-07 12:23:01,306 fin intégration: (fd9a2ec7-a3be-4d9f-a1a6-bbd599c9872a) | fichier: /srv/import/080/Fac_080_00336927.LC | 11 lignes formatées | 0 lignes en erreurs | 11 lignes crées | 0 lignes mises à jour | 0 lignes supprimées | 2026-04-07 12:24:01,015 {'product': [ErrorDetail(string=""CREV CUITE DEC 300G IQF SIDPROM n'est pas fourni par le fournisseur FOURNISSEUR CENTRALE"", code='invalid')]} - [L100167501CREV CUITE DEC 300G IQF SIDPROM    00000428320000100000075000000000750000000519200000006490000 6188000071115 00000000000004283200066593] | 2026-04-07 12:24:01,035 {'product': [ErrorDetail(string=""GL CONE CAR/BEUR SALE X6 CO n'est pas fourni par le fournisseur FOURNISSEUR CENTRALE"", code='invalid')]} - [L100245570GL CONE CAR/BEUR SALE X6 CO        00000428320000200000012000000000020000000299130000003990000 3222476755926 00000000000004283200066593] | 2026-04-07 12:24:01,058 {'product': [ErrorDetail(string=""B&J VANILLE PECAN 465 ML n'est pas fourni par le fournisseur FOURNISSEUR CENTRALE"", code='invalid')]} - [L100418492B&J VANILLE PECAN 465 ML           00000428320000300000008000000000010000000374060000004990000 8711327374256 00000000000004283200066593] | 2026-04-07 12:24:01,077 {'product': [ErrorDetail(string=""B&J CARAMEL BROWNIE PARTY 465ML n'est pas fourni par le fournisseur FOURNISSEUR CENTRALE"", code='invalid')]} - [L100428479B&J CARAMEL BROWNIE PARTY 465ML    00000428320000400000008000000000010000000359310000004790000 8711327374324 00000000000004283200066593] | 2026-04-07 12:24:01,103 {'product': [ErrorDetail(string=""B&J SUNDAE COOKIE VERM 427 ML n'est pas fourni par le fournisseur FOURNISSEUR CENTRALE"", code='invalid')]} - [L100636514B&J SUNDAE COOKIE VERM 427 ML      00000428320000500000008000000000010000000321668000004290000 8711327539624 00000000000004283200066593] | 2026-04-07 12:24:01,137 {'product': [ErrorDetail(string=""B&J SUNDAEDULCE DELISH 427 ML n'est pas fourni par le fournisseur FOURNISSEUR CENTRALE"", code='invalid')]} - [L100636517B&J SUNDAEDULCE DELISH 427 ML      00000428320000600000008000000000010000000321668000004290000 8711327589360 00000000000004283200066593] | 2026-04-07 12:24:01,141 fin intégration: (00e03521-8d50-40f7-9981-acc4c6817206) | fichier: /srv/import/293/Fac_293_00336934.LC | 7 lignes formatées | 6 lignes en erreurs | 1 lignes crées | 0 lignes mises à jour | 0 lignes supprimées | 2026-04-07 12:25:01,024 {'product': [ErrorDetail(string=""FRAISE 1KG  PINGUIN n'est pas fourni par le fournisseur FOURNISSEUR CENTRALE"", code='invalid')]} - [L100169317FRAISE 1KG  PINGUIN                00000428150000100000005000000000010000000336654000004490000 5411683221043 00000000000004281500129597]";293;MANDARINE AMBASSADE CHINE
pos9;POS 9;2026-04-09T18:56:31.473006+00:00;00e03521-8d50-40f7-9981-acc4c6817206;2026-04-07T12:24:00.924552;2026-04-07T12:24:01.174085;30;import de données;delivery;livraison;0;erreur;interne;"Extrait du rapport d'import: | 2026-04-07 12:22:01,152 fin intégration: (6c73831a-95e6-4730-af4d-170e578ab311) | fichier: /srv/import/291/Fac_291_00336914.LC | 4 lignes formatées | 2 lignes en erreurs | 2 lignes crées | 0 lignes mises à jour | 0 lignes supprimées | 2026-04-07 12:23:01,306 fin intégration: (fd9a2ec7-a3be-4d9f-a1a6-bbd599c9872a) | fichier: /srv/import/080/Fac_080_00336927.LC | 11 lignes formatées | 0 lignes en erreurs | 11 lignes crées | 0 lignes mises à jour | 0 lignes supprimées | 2026-04-07 12:24:01,015 {'product': [ErrorDetail(string=""CREV CUITE DEC 300G IQF SIDPROM n'est pas fourni par le fournisseur FOURNISSEUR CENTRALE"", code='invalid')]} - [L100167501CREV CUITE DEC 300G IQF SIDPROM    00000428320000100000075000000000750000000519200000006490000 6188000071115 00000000000004283200066593] | 2026-04-07 12:24:01,035 {'product': [ErrorDetail(string=""GL CONE CAR/BEUR SALE X6 CO n'est pas fourni par le fournisseur FOURNISSEUR CENTRALE"", code='invalid')]} - [L100245570GL CONE CAR/BEUR SALE X6 CO        00000428320000200000012000000000020000000299130000003990000 3222476755926 00000000000004283200066593] | 2026-04-07 12:24:01,058 {'product': [ErrorDetail(string=""B&J VANILLE PECAN 465 ML n'est pas fourni par le fournisseur FOURNISSEUR CENTRALE"", code='invalid')]} - [L100418492B&J VANILLE PECAN 465 ML           00000428320000300000008000000000010000000374060000004990000 8711327374256 00000000000004283200066593] | 2026-04-07 12:24:01,077 {'product': [ErrorDetail(string=""B&J CARAMEL BROWNIE PARTY 465ML n'est pas fourni par le fournisseur FOURNISSEUR CENTRALE"", code='invalid')]} - [L100428479B&J CARAMEL BROWNIE PARTY 465ML    00000428320000400000008000000000010000000359310000004790000 8711327374324 00000000000004283200066593] | 2026-04-07 12:24:01,103 {'product': [ErrorDetail(string=""B&J SUNDAE COOKIE VERM 427 ML n'est pas fourni par le fournisseur FOURNISSEUR CENTRALE"", code='invalid')]} - [L100636514B&J SUNDAE COOKIE VERM 427 ML      00000428320000500000008000000000010000000321668000004290000 8711327539624 00000000000004283200066593] | 2026-04-07 12:24:01,137 {'product': [ErrorDetail(string=""B&J SUNDAEDULCE DELISH 427 ML n'est pas fourni par le fournisseur FOURNISSEUR CENTRALE"", code='invalid')]} - [L100636517B&J SUNDAEDULCE DELISH 427 ML      00000428320000600000008000000000010000000321668000004290000 8711327589360 00000000000004283200066593] | 2026-04-07 12:24:01,141 fin intégration: (00e03521-8d50-40f7-9981-acc4c6817206) | fichier: /srv/import/293/Fac_293_00336934.LC | 7 lignes formatées | 6 lignes en erreurs | 1 lignes crées | 0 lignes mises à jour | 0 lignes supprimées";293;MANDARINE AMBASSADE CHINE
pos9;POS 9;2026-04-09T18:56:31.473006+00:00;1d9d1451-f90f-4bb7-bc7e-ececbae18627;2026-04-07T12:24:00.901257;2026-04-07T12:24:01.165162;30;import de données;delivery;livraison;2;succès;interne;Import livraison: | fin intégration: (1d9d1451-f90f-4bb7-bc7e-ececbae18627) | fichier: /srv/import/080/Fac_080_00336966.LC | 6 lignes formatées | 0 lignes en erreurs | 6 lignes crées | 0 lignes mises à jour | 0 lignes supprimées;080;MANDARINE MARCORY
pos9;POS 9;2026-04-09T18:56:31.473006+00:00;9a064dd0-f2e1-45d8-98b0-4db0d09776a3;2026-04-07T12:24:00.911340;2026-04-07T12:24:01.098137;30;import de données;delivery;livraison;0;erreur;interne;"Extrait du rapport d'import: | 2026-04-07 12:21:01,116 fin intégration: (c5324692-49bd-405a-a2b0-ff95a88078ba) | fichier: /srv/import/293/Fac_293_00237132.LC | 5 lignes formatées | 4 lignes en erreurs | 1 lignes crées | 0 lignes mises à jour | 0 lignes supprimées | 2026-04-07 12:22:01,052 {'product': [ErrorDetail(string=""CROISSANT PB 23% 50G 200/C 56/P NEU n'est pas fourni par le fournisseur FOURNISSEUR CENTRALE"", code='invalid')]} - [L100270539CROISSANT PB 23% 50G 200/C 56/P NEU00000427490000100000200000000000010000000025605800000350000 2001002705397 00000000000004274900129570] | 2026-04-07 12:22:01,149 {'product': [ErrorDetail(string=""PAIN CHOCO 20%PB 60G 200/C 56/P NEU n'est pas fourni par le fournisseur FOURNISSEUR CENTRALE"", code='invalid')]} - [L100367350PAIN CHOCO 20%PB 60G 200/C 56/P NEU00000427490000300000200000000000010000000029972000000400000 2001003673503 00000000000004274900129570] | 2026-04-07 12:22:01,152 fin intégration: (6c73831a-95e6-4730-af4d-170e578ab311) | fichier: /srv/import/291/Fac_291_00336914.LC | 4 lignes formatées | 2 lignes en erreurs | 2 lignes crées | 0 lignes mises à jour | 0 lignes supprimées | 2026-04-07 12:23:01,306 fin intégration: (fd9a2ec7-a3be-4d9f-a1a6-bbd599c9872a) | fichier: /srv/import/080/Fac_080_00336927.LC | 11 lignes formatées | 0 lignes en erreurs | 11 lignes crées | 0 lignes mises à jour | 0 lignes supprimées | 2026-04-07 12:24:01,015 {'product': [ErrorDetail(string=""CREV CUITE DEC 300G IQF SIDPROM n'est pas fourni par le fournisseur FOURNISSEUR CENTRALE"", code='invalid')]} - [L100167501CREV CUITE DEC 300G IQF SIDPROM    00000428320000100000075000000000750000000519200000006490000 6188000071115 00000000000004283200066593] | 2026-04-07 12:24:01,035 {'product': [ErrorDetail(string=""GL CONE CAR/BEUR SALE X6 CO n'est pas fourni par le fournisseur FOURNISSEUR CENTRALE"", code='invalid')]} - [L100245570GL CONE CAR/BEUR SALE X6 CO        00000428320000200000012000000000020000000299130000003990000 3222476755926 00000000000004283200066593] | 2026-04-07 12:24:01,058 {'product': [ErrorDetail(string=""B&J VANILLE PECAN 465 ML n'est pas fourni par le fournisseur FOURNISSEUR CENTRALE"", code='invalid')]} - [L100418492B&J VANILLE PECAN 465 ML           00000428320000300000008000000000010000000374060000004990000 8711327374256 00000000000004283200066593] | 2026-04-07 12:24:01,077 {'product': [ErrorDetail(string=""B&J CARAMEL BROWNIE PARTY 465ML n'est pas fourni par le fournisseur FOURNISSEUR CENTRALE"", code='invalid')]} - [L100428479B&J CARAMEL BROWNIE PARTY 465ML    00000428320000400000008000000000010000000359310000004790000 8711327374324 00000000000004283200066593]";291;MANDARINE DANGA
pos9;POS 9;2026-04-09T18:56:31.473006+00:00;fd9a2ec7-a3be-4d9f-a1a6-bbd599c9872a;2026-04-07T12:23:00.909210;2026-04-07T12:23:01.308870;30;import de données;delivery;livraison;2;succès;interne;Import livraison: | fin intégration: (fd9a2ec7-a3be-4d9f-a1a6-bbd599c9872a) | fichier: /srv/import/080/Fac_080_00336927.LC | 11 lignes formatées | 0 lignes en erreurs | 11 lignes crées | 0 lignes mises à jour | 0 lignes supprimées;080;MANDARINE MARCORY
pos9;POS 9;2026-04-09T18:56:31.473006+00:00;9badd850-a78d-42b2-9896-5d9db3cb945c;2026-04-07T12:23:00.934497;2026-04-07T12:23:01.192073;30;import de données;delivery;livraison;0;erreur;interne;"Extrait du rapport d'import: | 2026-04-07 12:20:01,034 fin intégration: (7084155c-3014-4d66-b03a-f8444977e2d7) | fichier: /srv/import/291/Fac_291_00237187.LC | 2 lignes formatées | 1 lignes en erreurs | 1 lignes crées | 0 lignes mises à jour | 0 lignes supprimées | 2026-04-07 12:21:01,032 {'product': [ErrorDetail(string=""DENT 75ML FLUORYL n'est pas fourni par le fournisseur FOURNISSEUR CENTRALE"", code='invalid')]} - [L065065335DENT 75ML FLUORYL                  00000171220000100000025000000000010000000092476600001100000 6181100101065 00000000000001712200066534] | 2026-04-07 12:21:01,069 {'product': [ErrorDetail(string=""AP SH ULTRA DX CHARB 20CL GARNIER n'est pas fourni par le fournisseur FOURNISSEUR CENTRALE"", code='invalid')]} - [L100645511AP SH ULTRA DX CHARB 20CL GARNIER  00000171220000200000012000000000010000000306800000003750000 3600542520829 00000000000001712200066534] | 2026-04-07 12:21:01,093 {'product': [ErrorDetail(string=""MASQ ULTRA DX REMED 34CL GARNIER n'est pas fourni par le fournisseur FOURNISSEUR CENTRALE"", code='invalid')]} - [L100673576MASQ ULTRA DX REMED 34CL GARNIER   00000171220000300000006000000000010000000613600000007650000 3600542509121 00000000000001712200066534] | 2026-04-07 12:21:01,112 {'product': [ErrorDetail(string=""AP SH ULTRA DX MERVEIL 25CL GARNIE n'est pas fourni par le fournisseur FOURNISSEUR CENTRALE"", code='invalid')]} - [L100673577AP SH ULTRA DX MERVEIL 25CL GARNIE 00000171220000400000012000000000010000000330400000004000000 3600542525824 00000000000001712200066534] | 2026-04-07 12:21:01,116 fin intégration: (c5324692-49bd-405a-a2b0-ff95a88078ba) | fichier: /srv/import/293/Fac_293_00237132.LC | 5 lignes formatées | 4 lignes en erreurs | 1 lignes crées | 0 lignes mises à jour | 0 lignes supprimées | 2026-04-07 12:22:01,052 {'product': [ErrorDetail(string=""CROISSANT PB 23% 50G 200/C 56/P NEU n'est pas fourni par le fournisseur FOURNISSEUR CENTRALE"", code='invalid')]} - [L100270539CROISSANT PB 23% 50G 200/C 56/P NEU00000427490000100000200000000000010000000025605800000350000 2001002705397 00000000000004274900129570] | 2026-04-07 12:22:01,149 {'product': [ErrorDetail(string=""PAIN CHOCO 20%PB 60G 200/C 56/P NEU n'est pas fourni par le fournisseur FOURNISSEUR CENTRALE"", code='invalid')]} - [L100367350PAIN CHOCO 20%PB 60G 200/C 56/P NEU00000427490000300000200000000000010000000029972000000400000 2001003673503 00000000000004274900129570] | 2026-04-07 12:22:01,152 fin intégration: (6c73831a-95e6-4730-af4d-170e578ab311) | fichier: /srv/import/291/Fac_291_00336914.LC | 4 lignes formatées | 2 lignes en erreurs | 2 lignes crées | 0 lignes mises à jour | 0 lignes supprimées";293;MANDARINE AMBASSADE CHINE
pos9;POS 9;2026-04-09T18:56:31.473006+00:00;82a649b4-24ec-4030-ae3f-f2849e60053c;2026-04-07T12:23:00.921603;2026-04-07T12:23:01.092917;30;import de données;delivery;livraison;0;erreur;interne;"Extrait du rapport d'import: | 2026-04-07 12:20:01,034 fin intégration: (7084155c-3014-4d66-b03a-f8444977e2d7) | fichier: /srv/import/291/Fac_291_00237187.LC | 2 lignes formatées | 1 lignes en erreurs | 1 lignes crées | 0 lignes mises à jour | 0 lignes supprimées | 2026-04-07 12:21:01,032 {'product': [ErrorDetail(string=""DENT 75ML FLUORYL n'est pas fourni par le fournisseur FOURNISSEUR CENTRALE"", code='invalid')]} - [L065065335DENT 75ML FLUORYL                  00000171220000100000025000000000010000000092476600001100000 6181100101065 00000000000001712200066534] | 2026-04-07 12:21:01,069 {'product': [ErrorDetail(string=""AP SH ULTRA DX CHARB 20CL GARNIER n'est pas fourni par le fournisseur FOURNISSEUR CENTRALE"", code='invalid')]} - [L100645511AP SH ULTRA DX CHARB 20CL GARNIER  00000171220000200000012000000000010000000306800000003750000 3600542520829 00000000000001712200066534] | 2026-04-07 12:21:01,093 {'product': [ErrorDetail(string=""MASQ ULTRA DX REMED 34CL GARNIER n'est pas fourni par le fournisseur FOURNISSEUR CENTRALE"", code='invalid')]} - [L100673576MASQ ULTRA DX REMED 34CL GARNIER   00000171220000300000006000000000010000000613600000007650000 3600542509121 00000000000001712200066534] | 2026-04-07 12:21:01,112 {'product': [ErrorDetail(string=""AP SH ULTRA DX MERVEIL 25CL GARNIE n'est pas fourni par le fournisseur FOURNISSEUR CENTRALE"", code='invalid')]} - [L100673577AP SH ULTRA DX MERVEIL 25CL GARNIE 00000171220000400000012000000000010000000330400000004000000 3600542525824 00000000000001712200066534] | 2026-04-07 12:21:01,116 fin intégration: (c5324692-49bd-405a-a2b0-ff95a88078ba) | fichier: /srv/import/293/Fac_293_00237132.LC | 5 lignes formatées | 4 lignes en erreurs | 1 lignes crées | 0 lignes mises à jour | 0 lignes supprimées | 2026-04-07 12:22:01,052 {'product': [ErrorDetail(string=""CROISSANT PB 23% 50G 200/C 56/P NEU n'est pas fourni par le fournisseur FOURNISSEUR CENTRALE"", code='invalid')]} - [L100270539CROISSANT PB 23% 50G 200/C 56/P NEU00000427490000100000200000000000010000000025605800000350000 2001002705397 00000000000004274900129570] | 2026-04-07 12:22:01,149 {'product': [ErrorDetail(string=""PAIN CHOCO 20%PB 60G 200/C 56/P NEU n'est pas fourni par le fournisseur FOURNISSEUR CENTRALE"", code='invalid')]} - [L100367350PAIN CHOCO 20%PB 60G 200/C 56/P NEU00000427490000300000200000000000010000000029972000000400000 2001003673503 00000000000004274900129570] | 2026-04-07 12:22:01,152 fin intégration: (6c73831a-95e6-4730-af4d-170e578ab311) | fichier: /srv/import/291/Fac_291_00336914.LC | 4 lignes formatées | 2 lignes en erreurs | 2 lignes crées | 0 lignes mises à jour | 0 lignes supprimées";291;MANDARINE DANGA
pos9;POS 9;2026-04-09T18:56:31.473006+00:00;7420344e-a63d-49cb-91a2-d971eb4694eb;2026-04-07T12:22:00.907553;2026-04-07T12:22:02.436264;30;import de données;delivery;livraison;2;succès;interne;Import livraison: | fin intégration: (7420344e-a63d-49cb-91a2-d971eb4694eb) | fichier: /srv/import/080/Fac_080_00336926.LC | 32 lignes formatées | 0 lignes en erreurs | 32 lignes crées | 0 lignes mises à jour | 0 lignes supprimées;080;MANDARINE MARCORY
pos9;POS 9;2026-04-09T18:56:31.473006+00:00;6c73831a-95e6-4730-af4d-170e578ab311;2026-04-07T12:22:00.923256;2026-04-07T12:22:01.189029;30;import de données;delivery;livraison;0;erreur;interne;"Extrait du rapport d'import: | 2026-04-07 12:20:01,034 fin intégration: (7084155c-3014-4d66-b03a-f8444977e2d7) | fichier: /srv/import/291/Fac_291_00237187.LC | 2 lignes formatées | 1 lignes en erreurs | 1 lignes crées | 0 lignes mises à jour | 0 lignes supprimées | 2026-04-07 12:21:01,032 {'product': [ErrorDetail(string=""DENT 75ML FLUORYL n'est pas fourni par le fournisseur FOURNISSEUR CENTRALE"", code='invalid')]} - [L065065335DENT 75ML FLUORYL                  00000171220000100000025000000000010000000092476600001100000 6181100101065 00000000000001712200066534] | 2026-04-07 12:21:01,069 {'product': [ErrorDetail(string=""AP SH ULTRA DX CHARB 20CL GARNIER n'est pas fourni par le fournisseur FOURNISSEUR CENTRALE"", code='invalid')]} - [L100645511AP SH ULTRA DX CHARB 20CL GARNIER  00000171220000200000012000000000010000000306800000003750000 3600542520829 00000000000001712200066534] | 2026-04-07 12:21:01,093 {'product': [ErrorDetail(string=""MASQ ULTRA DX REMED 34CL GARNIER n'est pas fourni par le fournisseur FOURNISSEUR CENTRALE"", code='invalid')]} - [L100673576MASQ ULTRA DX REMED 34CL GARNIER   00000171220000300000006000000000010000000613600000007650000 3600542509121 00000000000001712200066534] | 2026-04-07 12:21:01,112 {'product': [ErrorDetail(string=""AP SH ULTRA DX MERVEIL 25CL GARNIE n'est pas fourni par le fournisseur FOURNISSEUR CENTRALE"", code='invalid')]} - [L100673577AP SH ULTRA DX MERVEIL 25CL GARNIE 00000171220000400000012000000000010000000330400000004000000 3600542525824 00000000000001712200066534] | 2026-04-07 12:21:01,116 fin intégration: (c5324692-49bd-405a-a2b0-ff95a88078ba) | fichier: /srv/import/293/Fac_293_00237132.LC | 5 lignes formatées | 4 lignes en erreurs | 1 lignes crées | 0 lignes mises à jour | 0 lignes supprimées | 2026-04-07 12:22:01,052 {'product': [ErrorDetail(string=""CROISSANT PB 23% 50G 200/C 56/P NEU n'est pas fourni par le fournisseur FOURNISSEUR CENTRALE"", code='invalid')]} - [L100270539CROISSANT PB 23% 50G 200/C 56/P NEU00000427490000100000200000000000010000000025605800000350000 2001002705397 00000000000004274900129570] | 2026-04-07 12:22:01,149 {'product': [ErrorDetail(string=""PAIN CHOCO 20%PB 60G 200/C 56/P NEU n'est pas fourni par le fournisseur FOURNISSEUR CENTRALE"", code='invalid')]} - [L100367350PAIN CHOCO 20%PB 60G 200/C 56/P NEU00000427490000300000200000000000010000000029972000000400000 2001003673503 00000000000004274900129570] | 2026-04-07 12:22:01,152 fin intégration: (6c73831a-95e6-4730-af4d-170e578ab311) | fichier: /srv/import/291/Fac_291_00336914.LC | 4 lignes formatées | 2 lignes en erreurs | 2 lignes crées | 0 lignes mises à jour | 0 lignes supprimées";291;MANDARINE DANGA
pos9;POS 9;2026-04-09T18:56:31.473006+00:00;5fd2bbbb-a009-404b-ae8d-e22873209bd5;2026-04-07T12:22:00.940032;2026-04-07T12:22:01.100519;30;import de données;delivery;livraison;0;erreur;interne;"Extrait du rapport d'import: | 2026-04-07 12:19:01,110 fin intégration: (39e0ba07-86db-4665-8896-7bc7697b9254) | fichier: /srv/import/291/Fac_291_00237120.LC | 3 lignes formatées | 2 lignes en erreurs | 1 lignes crées | 0 lignes mises à jour | 0 lignes supprimées | 2026-04-07 12:20:01,029 {'product': [ErrorDetail(string=""PALETTE APAL  80*120 n'est pas fourni par le fournisseur FOURNISSEUR CENTRALE"", code='invalid')]} - [L100514060PALETTE APAL  80*120               00000175900000100000003000000000030000001049138000010490000 2001005140607 00000000000001759003909434] | 2026-04-07 12:20:01,034 fin intégration: (7084155c-3014-4d66-b03a-f8444977e2d7) | fichier: /srv/import/291/Fac_291_00237187.LC | 2 lignes formatées | 1 lignes en erreurs | 1 lignes crées | 0 lignes mises à jour | 0 lignes supprimées | 2026-04-07 12:21:01,032 {'product': [ErrorDetail(string=""DENT 75ML FLUORYL n'est pas fourni par le fournisseur FOURNISSEUR CENTRALE"", code='invalid')]} - [L065065335DENT 75ML FLUORYL                  00000171220000100000025000000000010000000092476600001100000 6181100101065 00000000000001712200066534] | 2026-04-07 12:21:01,069 {'product': [ErrorDetail(string=""AP SH ULTRA DX CHARB 20CL GARNIER n'est pas fourni par le fournisseur FOURNISSEUR CENTRALE"", code='invalid')]} - [L100645511AP SH ULTRA DX CHARB 20CL GARNIER  00000171220000200000012000000000010000000306800000003750000 3600542520829 00000000000001712200066534] | 2026-04-07 12:21:01,093 {'product': [ErrorDetail(string=""MASQ ULTRA DX REMED 34CL GARNIER n'est pas fourni par le fournisseur FOURNISSEUR CENTRALE"", code='invalid')]} - [L100673576MASQ ULTRA DX REMED 34CL GARNIER   00000171220000300000006000000000010000000613600000007650000 3600542509121 00000000000001712200066534] | 2026-04-07 12:21:01,112 {'product': [ErrorDetail(string=""AP SH ULTRA DX MERVEIL 25CL GARNIE n'est pas fourni par le fournisseur FOURNISSEUR CENTRALE"", code='invalid')]} - [L100673577AP SH ULTRA DX MERVEIL 25CL GARNIE 00000171220000400000012000000000010000000330400000004000000 3600542525824 00000000000001712200066534] | 2026-04-07 12:21:01,116 fin intégration: (c5324692-49bd-405a-a2b0-ff95a88078ba) | fichier: /srv/import/293/Fac_293_00237132.LC | 5 lignes formatées | 4 lignes en erreurs | 1 lignes crées | 0 lignes mises à jour | 0 lignes supprimées | 2026-04-07 12:22:01,052 {'product': [ErrorDetail(string=""CROISSANT PB 23% 50G 200/C 56/P NEU n'est pas fourni par le fournisseur FOURNISSEUR CENTRALE"", code='invalid')]} - [L100270539CROISSANT PB 23% 50G 200/C 56/P NEU00000427490000100000200000000000010000000025605800000350000 2001002705397 00000000000004274900129570]";293;MANDARINE AMBASSADE CHINE
pos9;POS 9;2026-04-09T18:56:31.473006+00:00;c5324692-49bd-405a-a2b0-ff95a88078ba;2026-04-07T12:21:00.921743;2026-04-07T12:21:01.152943;30;import de données;delivery;livraison;0;erreur;interne;"Extrait du rapport d'import: | 2026-04-07 12:19:01,101 {'product': [ErrorDetail(string=""LAIT TOIL COCOA BUTTER 25CL NIVEA n'est pas fourni par le fournisseur FOURNISSEUR CENTRALE"", code='invalid')]} - [L100316645LAIT TOIL COCOA BUTTER 25CL NIVEA  00000171110000200000012000000000010000000226796000002800000 4005900369581 00000000000001711100129561] | 2026-04-07 12:19:01,110 fin intégration: (39e0ba07-86db-4665-8896-7bc7697b9254) | fichier: /srv/import/291/Fac_291_00237120.LC | 3 lignes formatées | 2 lignes en erreurs | 1 lignes crées | 0 lignes mises à jour | 0 lignes supprimées | 2026-04-07 12:20:01,029 {'product': [ErrorDetail(string=""PALETTE APAL  80*120 n'est pas fourni par le fournisseur FOURNISSEUR CENTRALE"", code='invalid')]} - [L100514060PALETTE APAL  80*120               00000175900000100000003000000000030000001049138000010490000 2001005140607 00000000000001759003909434] | 2026-04-07 12:20:01,034 fin intégration: (7084155c-3014-4d66-b03a-f8444977e2d7) | fichier: /srv/import/291/Fac_291_00237187.LC | 2 lignes formatées | 1 lignes en erreurs | 1 lignes crées | 0 lignes mises à jour | 0 lignes supprimées | 2026-04-07 12:21:01,032 {'product': [ErrorDetail(string=""DENT 75ML FLUORYL n'est pas fourni par le fournisseur FOURNISSEUR CENTRALE"", code='invalid')]} - [L065065335DENT 75ML FLUORYL                  00000171220000100000025000000000010000000092476600001100000 6181100101065 00000000000001712200066534] | 2026-04-07 12:21:01,069 {'product': [ErrorDetail(string=""AP SH ULTRA DX CHARB 20CL GARNIER n'est pas fourni par le fournisseur FOURNISSEUR CENTRALE"", code='invalid')]} - [L100645511AP SH ULTRA DX CHARB 20CL GARNIER  00000171220000200000012000000000010000000306800000003750000 3600542520829 00000000000001712200066534] | 2026-04-07 12:21:01,093 {'product': [ErrorDetail(string=""MASQ ULTRA DX REMED 34CL GARNIER n'est pas fourni par le fournisseur FOURNISSEUR CENTRALE"", code='invalid')]} - [L100673576MASQ ULTRA DX REMED 34CL GARNIER   00000171220000300000006000000000010000000613600000007650000 3600542509121 00000000000001712200066534] | 2026-04-07 12:21:01,112 {'product': [ErrorDetail(string=""AP SH ULTRA DX MERVEIL 25CL GARNIE n'est pas fourni par le fournisseur FOURNISSEUR CENTRALE"", code='invalid')]} - [L100673577AP SH ULTRA DX MERVEIL 25CL GARNIE 00000171220000400000012000000000010000000330400000004000000 3600542525824 00000000000001712200066534] | 2026-04-07 12:21:01,116 fin intégration: (c5324692-49bd-405a-a2b0-ff95a88078ba) | fichier: /srv/import/293/Fac_293_00237132.LC | 5 lignes formatées | 4 lignes en erreurs | 1 lignes crées | 0 lignes mises à jour | 0 lignes supprimées";293;MANDARINE AMBASSADE CHINE
pos9;POS 9;2026-04-09T18:56:31.473006+00:00;97578b2c-4709-4331-a275-7090865c14dc;2026-04-07T12:21:00.909709;2026-04-07T12:21:01.100900;30;import de données;delivery;livraison;2;succès;interne;Import livraison: | fin intégration: (97578b2c-4709-4331-a275-7090865c14dc) | fichier: /srv/import/291/Fac_291_00336913.LC | 4 lignes formatées | 0 lignes en erreurs | 4 lignes crées | 0 lignes mises à jour | 0 lignes supprimées;291;MANDARINE DANGA
pos9;POS 9;2026-04-09T18:56:31.473006+00:00;e97170fb-ed06-48ff-beb5-d47d937e86c6;2026-04-07T12:21:00.897791;2026-04-07T12:21:01.070447;30;import de données;delivery;livraison;2;succès;interne;Import livraison: | fin intégration: (e97170fb-ed06-48ff-beb5-d47d937e86c6) | fichier: /srv/import/080/Fac_080_00336925.LC | 3 lignes formatées | 0 lignes en erreurs | 3 lignes crées | 0 lignes mises à jour | 0 lignes supprimées;080;MANDARINE MARCORY
pos9;POS 9;2026-04-09T18:56:31.473006+00:00;6c33d1c2-9342-4991-9ca5-e17963ae3d1b;2026-04-07T12:20:00.896393;2026-04-07T12:20:01.109908;30;import de données;delivery;livraison;2;succès;interne;Import livraison: | fin intégration: (6c33d1c2-9342-4991-9ca5-e17963ae3d1b) | fichier: /srv/import/080/Fac_080_00336924.LC | 5 lignes formatées | 0 lignes en erreurs | 5 lignes crées | 0 lignes mises à jour | 0 lignes supprimées;080;MANDARINE MARCORY
pos9;POS 9;2026-04-09T18:56:31.473006+00:00;7084155c-3014-4d66-b03a-f8444977e2d7;2026-04-07T12:20:00.907338;2026-04-07T12:20:01.071837;30;import de données;delivery;livraison;0;erreur;interne;"Extrait du rapport d'import: | 2026-04-07 12:17:01,048 {'product': [ErrorDetail(string=""CHIPS ORIGINAL 165G PRINGLES KT n'est pas fourni par le fournisseur FOURNISSEUR CENTRALE"", code='invalid')]} - [L100515463CHIPS ORIGINAL 165G PRINGLES KT    00000171080000100000019000000000010000000142662000001875000 5053990127726 00000000000001710800129544] | 2026-04-07 12:17:01,089 {'product': [ErrorDetail(string=""BISC AP BRETZELS 100G DR OTKER n'est pas fourni par le fournisseur FOURNISSEUR CENTRALE"", code='invalid')]} - [L100561306BISC AP BRETZELS 100G DR OTKER     00000171080000200000010000000000010000000056640000000650000 3018930004934 00000000000001710800129544] | 2026-04-07 12:17:01,092 fin intégration: (92be344a-ef4b-4993-b707-5340c039e042) | fichier: /srv/import/291/Fac_291_00237118.LC | 3 lignes formatées | 2 lignes en erreurs | 1 lignes crées | 0 lignes mises à jour | 0 lignes supprimées | 2026-04-07 12:19:01,051 {'product': [ErrorDetail(string=""LAIT CORPS PX SENS 25CL NIVEA n'est pas fourni par le fournisseur FOURNISSEUR CENTRALE"", code='invalid')]} - [L065066122LAIT CORPS PX SENS 25CL NIVEA      00000171110000100000012000000000010000000226796000002800000 4005900085979 00000000000001711100129561] | 2026-04-07 12:19:01,101 {'product': [ErrorDetail(string=""LAIT TOIL COCOA BUTTER 25CL NIVEA n'est pas fourni par le fournisseur FOURNISSEUR CENTRALE"", code='invalid')]} - [L100316645LAIT TOIL COCOA BUTTER 25CL NIVEA  00000171110000200000012000000000010000000226796000002800000 4005900369581 00000000000001711100129561] | 2026-04-07 12:19:01,110 fin intégration: (39e0ba07-86db-4665-8896-7bc7697b9254) | fichier: /srv/import/291/Fac_291_00237120.LC | 3 lignes formatées | 2 lignes en erreurs | 1 lignes crées | 0 lignes mises à jour | 0 lignes supprimées | 2026-04-07 12:20:01,029 {'product': [ErrorDetail(string=""PALETTE APAL  80*120 n'est pas fourni par le fournisseur FOURNISSEUR CENTRALE"", code='invalid')]} - [L100514060PALETTE APAL  80*120               00000175900000100000003000000000030000001049138000010490000 2001005140607 00000000000001759003909434] | 2026-04-07 12:20:01,034 fin intégration: (7084155c-3014-4d66-b03a-f8444977e2d7) | fichier: /srv/import/291/Fac_291_00237187.LC | 2 lignes formatées | 1 lignes en erreurs | 1 lignes crées | 0 lignes mises à jour | 0 lignes supprimées";291;MANDARINE DANGA
pos9;POS 9;2026-04-09T18:56:31.473006+00:00;6de0e7e4-f66e-4510-92d6-8a0d885d3202;2026-04-07T12:20:00.924698;2026-04-07T12:20:01.071116;30;import de données;delivery;livraison;0;erreur;interne;"Extrait du rapport d'import: | 2026-04-07 12:17:01,048 {'product': [ErrorDetail(string=""CHIPS ORIGINAL 165G PRINGLES KT n'est pas fourni par le fournisseur FOURNISSEUR CENTRALE"", code='invalid')]} - [L100515463CHIPS ORIGINAL 165G PRINGLES KT    00000171080000100000019000000000010000000142662000001875000 5053990127726 00000000000001710800129544] | 2026-04-07 12:17:01,089 {'product': [ErrorDetail(string=""BISC AP BRETZELS 100G DR OTKER n'est pas fourni par le fournisseur FOURNISSEUR CENTRALE"", code='invalid')]} - [L100561306BISC AP BRETZELS 100G DR OTKER     00000171080000200000010000000000010000000056640000000650000 3018930004934 00000000000001710800129544] | 2026-04-07 12:17:01,092 fin intégration: (92be344a-ef4b-4993-b707-5340c039e042) | fichier: /srv/import/291/Fac_291_00237118.LC | 3 lignes formatées | 2 lignes en erreurs | 1 lignes crées | 0 lignes mises à jour | 0 lignes supprimées | 2026-04-07 12:19:01,051 {'product': [ErrorDetail(string=""LAIT CORPS PX SENS 25CL NIVEA n'est pas fourni par le fournisseur FOURNISSEUR CENTRALE"", code='invalid')]} - [L065066122LAIT CORPS PX SENS 25CL NIVEA      00000171110000100000012000000000010000000226796000002800000 4005900085979 00000000000001711100129561] | 2026-04-07 12:19:01,101 {'product': [ErrorDetail(string=""LAIT TOIL COCOA BUTTER 25CL NIVEA n'est pas fourni par le fournisseur FOURNISSEUR CENTRALE"", code='invalid')]} - [L100316645LAIT TOIL COCOA BUTTER 25CL NIVEA  00000171110000200000012000000000010000000226796000002800000 4005900369581 00000000000001711100129561] | 2026-04-07 12:19:01,110 fin intégration: (39e0ba07-86db-4665-8896-7bc7697b9254) | fichier: /srv/import/291/Fac_291_00237120.LC | 3 lignes formatées | 2 lignes en erreurs | 1 lignes crées | 0 lignes mises à jour | 0 lignes supprimées | 2026-04-07 12:20:01,029 {'product': [ErrorDetail(string=""PALETTE APAL  80*120 n'est pas fourni par le fournisseur FOURNISSEUR CENTRALE"", code='invalid')]} - [L100514060PALETTE APAL  80*120               00000175900000100000003000000000030000001049138000010490000 2001005140607 00000000000001759003909434] | 2026-04-07 12:20:01,034 fin intégration: (7084155c-3014-4d66-b03a-f8444977e2d7) | fichier: /srv/import/291/Fac_291_00237187.LC | 2 lignes formatées | 1 lignes en erreurs | 1 lignes crées | 0 lignes mises à jour | 0 lignes supprimées";293;MANDARINE AMBASSADE CHINE
pos9;POS 9;2026-04-09T18:56:31.473006+00:00;22fd812d-3254-4af1-bd44-00e13f1e3478;2026-04-07T12:19:00.914072;2026-04-07T12:19:01.881680;30;import de données;delivery;livraison;2;succès;interne;Import livraison: | fin intégration: (22fd812d-3254-4af1-bd44-00e13f1e3478) | fichier: /srv/import/080/Fac_080_00336923.LC | 20 lignes formatées | 0 lignes en erreurs | 20 lignes crées | 0 lignes mises à jour | 0 lignes supprimées;080;MANDARINE MARCORY
pos9;POS 9;2026-04-09T18:56:31.473006+00:00;af0f4638-e752-4f8d-9be7-e073b541294a;2026-04-07T12:19:00.944252;2026-04-07T12:19:01.231281;30;import de données;delivery;livraison;0;erreur;interne;"Extrait du rapport d'import: | 2026-04-07 12:16:01,182 {'product': [ErrorDetail(string=""OLIV VTE ENTIERES BOCAL 140G BORGES n'est pas fourni par le fournisseur FOURNISSEUR CENTRALE"", code='invalid')]} - [L100661307OLIV VTE ENTIERES BOCAL 140G BORGES00000171070000800000012000000000010000000094164000001150000 8410179011813 00000000000001710700129544] | 2026-04-07 12:16:01,206 {'product': [ErrorDetail(string=""OLIV NRE D�N BOCAL 160G BORGES n'est pas fourni par le fournisseur FOURNISSEUR CENTRALE"", code='invalid')]} - [L100661308OLIV NRE D�N BOCAL 160G BORGES     00000171070000900000012000000000010000000120832000001400000 8410179012025 00000000000001710700129544] | 2026-04-07 12:16:01,211 fin intégration: (89e34e79-a45e-4a4a-944f-32d171a39d27) | fichier: /srv/import/291/Fac_291_00237117.LC | 10 lignes formatées | 9 lignes en erreurs | 1 lignes crées | 0 lignes mises à jour | 0 lignes supprimées | 2026-04-07 12:17:01,048 {'product': [ErrorDetail(string=""CHIPS ORIGINAL 165G PRINGLES KT n'est pas fourni par le fournisseur FOURNISSEUR CENTRALE"", code='invalid')]} - [L100515463CHIPS ORIGINAL 165G PRINGLES KT    00000171080000100000019000000000010000000142662000001875000 5053990127726 00000000000001710800129544] | 2026-04-07 12:17:01,089 {'product': [ErrorDetail(string=""BISC AP BRETZELS 100G DR OTKER n'est pas fourni par le fournisseur FOURNISSEUR CENTRALE"", code='invalid')]} - [L100561306BISC AP BRETZELS 100G DR OTKER     00000171080000200000010000000000010000000056640000000650000 3018930004934 00000000000001710800129544] | 2026-04-07 12:17:01,092 fin intégration: (92be344a-ef4b-4993-b707-5340c039e042) | fichier: /srv/import/291/Fac_291_00237118.LC | 3 lignes formatées | 2 lignes en erreurs | 1 lignes crées | 0 lignes mises à jour | 0 lignes supprimées | 2026-04-07 12:19:01,051 {'product': [ErrorDetail(string=""LAIT CORPS PX SENS 25CL NIVEA n'est pas fourni par le fournisseur FOURNISSEUR CENTRALE"", code='invalid')]} - [L065066122LAIT CORPS PX SENS 25CL NIVEA      00000171110000100000012000000000010000000226796000002800000 4005900085979 00000000000001711100129561] | 2026-04-07 12:19:01,101 {'product': [ErrorDetail(string=""LAIT TOIL COCOA BUTTER 25CL NIVEA n'est pas fourni par le fournisseur FOURNISSEUR CENTRALE"", code='invalid')]} - [L100316645LAIT TOIL COCOA BUTTER 25CL NIVEA  00000171110000200000012000000000010000000226796000002800000 4005900369581 00000000000001711100129561] | 2026-04-07 12:19:01,110 fin intégration: (39e0ba07-86db-4665-8896-7bc7697b9254) | fichier: /srv/import/291/Fac_291_00237120.LC | 3 lignes formatées | 2 lignes en erreurs | 1 lignes crées | 0 lignes mises à jour | 0 lignes supprimées";293;MANDARINE AMBASSADE CHINE
pos9;POS 9;2026-04-09T18:56:31.473006+00:00;39e0ba07-86db-4665-8896-7bc7697b9254;2026-04-07T12:19:00.930501;2026-04-07T12:19:01.160284;30;import de données;delivery;livraison;0;erreur;interne;"Extrait du rapport d'import: | 2026-04-07 12:16:01,182 {'product': [ErrorDetail(string=""OLIV VTE ENTIERES BOCAL 140G BORGES n'est pas fourni par le fournisseur FOURNISSEUR CENTRALE"", code='invalid')]} - [L100661307OLIV VTE ENTIERES BOCAL 140G BORGES00000171070000800000012000000000010000000094164000001150000 8410179011813 00000000000001710700129544] | 2026-04-07 12:16:01,206 {'product': [ErrorDetail(string=""OLIV NRE D�N BOCAL 160G BORGES n'est pas fourni par le fournisseur FOURNISSEUR CENTRALE"", code='invalid')]} - [L100661308OLIV NRE D�N BOCAL 160G BORGES     00000171070000900000012000000000010000000120832000001400000 8410179012025 00000000000001710700129544] | 2026-04-07 12:16:01,211 fin intégration: (89e34e79-a45e-4a4a-944f-32d171a39d27) | fichier: /srv/import/291/Fac_291_00237117.LC | 10 lignes formatées | 9 lignes en erreurs | 1 lignes crées | 0 lignes mises à jour | 0 lignes supprimées | 2026-04-07 12:17:01,048 {'product': [ErrorDetail(string=""CHIPS ORIGINAL 165G PRINGLES KT n'est pas fourni par le fournisseur FOURNISSEUR CENTRALE"", code='invalid')]} - [L100515463CHIPS ORIGINAL 165G PRINGLES KT    00000171080000100000019000000000010000000142662000001875000 5053990127726 00000000000001710800129544] | 2026-04-07 12:17:01,089 {'product': [ErrorDetail(string=""BISC AP BRETZELS 100G DR OTKER n'est pas fourni par le fournisseur FOURNISSEUR CENTRALE"", code='invalid')]} - [L100561306BISC AP BRETZELS 100G DR OTKER     00000171080000200000010000000000010000000056640000000650000 3018930004934 00000000000001710800129544] | 2026-04-07 12:17:01,092 fin intégration: (92be344a-ef4b-4993-b707-5340c039e042) | fichier: /srv/import/291/Fac_291_00237118.LC | 3 lignes formatées | 2 lignes en erreurs | 1 lignes crées | 0 lignes mises à jour | 0 lignes supprimées | 2026-04-07 12:19:01,051 {'product': [ErrorDetail(string=""LAIT CORPS PX SENS 25CL NIVEA n'est pas fourni par le fournisseur FOURNISSEUR CENTRALE"", code='invalid')]} - [L065066122LAIT CORPS PX SENS 25CL NIVEA      00000171110000100000012000000000010000000226796000002800000 4005900085979 00000000000001711100129561] | 2026-04-07 12:19:01,101 {'product': [ErrorDetail(string=""LAIT TOIL COCOA BUTTER 25CL NIVEA n'est pas fourni par le fournisseur FOURNISSEUR CENTRALE"", code='invalid')]} - [L100316645LAIT TOIL COCOA BUTTER 25CL NIVEA  00000171110000200000012000000000010000000226796000002800000 4005900369581 00000000000001711100129561] | 2026-04-07 12:19:01,110 fin intégration: (39e0ba07-86db-4665-8896-7bc7697b9254) | fichier: /srv/import/291/Fac_291_00237120.LC | 3 lignes formatées | 2 lignes en erreurs | 1 lignes crées | 0 lignes mises à jour | 0 lignes supprimées";291;MANDARINE DANGA
pos9;POS 9;2026-04-09T18:56:31.473006+00:00;4a280863-8da5-4d94-9a41-5cb709daa42e;2026-04-07T12:18:00.906206;2026-04-07T12:18:01.097809;30;import de données;delivery;livraison;0;erreur;interne;"Extrait du rapport d'import: | 0 lignes mises à jour | 0 lignes supprimées | 2026-04-07 12:16:01,031 {'product': [ErrorDetail(string=""CHAMP 1ER CHOIX 1/2 ENT 230G LUTECE n'est pas fourni par le fournisseur FOURNISSEUR CENTRALE"", code='invalid')]} - [L021021331CHAMP 1ER CHOIX 1/2 ENT 230G LUTECE00000171070000100000012000000000010000000171218000001950000 8710609341115 00000000000001710700129544] | 2026-04-07 12:16:01,056 {'product': [ErrorDetail(string=""MAIS DOUX NAT S/V 1/2 OF LE SOLEIL n'est pas fourni par le fournisseur FOURNISSEUR CENTRALE"", code='invalid')]} - [L100035523MAIS DOUX NAT S/V 1/2 OF LE SOLEIL 00000171070000200000012000000000010000000105020200001450000 3083680032698 00000000000001710700129544] | 2026-04-07 12:16:01,076 {'product': [ErrorDetail(string=""MAYO AROMATE 900ML SIPROCHIM n'est pas fourni par le fournisseur FOURNISSEUR CENTRALE"", code='invalid')]} - [L100188911MAYO AROMATE 900ML SIPROCHIM       00000171070000300000006000000000010000000189036000002150000 6186000015559 00000000000001710700129544] | 2026-04-07 12:16:01,095 {'product': [ErrorDetail(string=""MOUT DIJON AROMATE 1KG SIP n'est pas fourni par le fournisseur FOURNISSEUR CENTRALE"", code='invalid')]} - [L100202582MOUT DIJON AROMATE 1KG SIP         00000171070000400000006000000000010000000262432000003150000 6186000015863 00000000000001710700129544] | 2026-04-07 12:16:01,114 {'product': [ErrorDetail(string=""SARD GEN HLE PIMENT 140G CONNETABLE n'est pas fourni par le fournisseur FOURNISSEUR CENTRALE"", code='invalid')]} - [L100378088SARD GEN HLE PIMENT 140G CONNETABLE00000171070000500000012000000000010000000089090000000975000 3263670128116 00000000000001710700129544] | 2026-04-07 12:16:01,137 {'product': [ErrorDetail(string=""SMART MIX 300G RIFAI n'est pas fourni par le fournisseur FOURNISSEUR CENTRALE"", code='invalid')]} - [L100434126SMART MIX 300G RIFAI               00000171070000600000012000000000010000000288864000003200000 5281026003670 00000000000001710700129544] | 2026-04-07 12:16:01,159 {'product': [ErrorDetail(string=""KETCH TOP DOWN 250G HEINZ n'est pas fourni par le fournisseur FOURNISSEUR CENTRALE"", code='invalid')]} - [L100490612KETCH TOP DOWN 250G HEINZ          00000171070000700000018000000000010000000142544000001700000 0000087157215 00000000000001710700129544] | 2026-04-07 12:16:01,182 {'product': [ErrorDetail(string=""OLIV VTE ENTIERES BOCAL 140G BORGES n'est pas fourni par le fournisseur FOURNISSEUR CENTRALE"", code='invalid')]} - [L100661307OLIV VTE ENTIERES BOCAL 140G BORGES00000171070000800000012000000000010000000094164000001150000 8410179011813 00000000000001710700129544] | 2026-04-07 12:16:01,206 {'product': [ErrorDetail(string=""OLIV NRE D�N BOCAL 160G BORGES n'est pas fourni par le fournisseur FOURNISSEUR CENTRALE"", code='invalid')]} - [L100661308OLIV NRE D�N BOCAL 160G BORGES     00000171070000900000012000000000010000000120832000001400000 8410179012025 00000000000001710700129544] | 2026-04-07 12:16:01,211 fin intégration: (89e34e79-a45e-4a4a-944f-32d171a39d27) | fichier: /srv/import/291/Fac_291_00237117.LC | 10 lignes formatées | 9 lignes en erreurs | 1 lignes crées | 0 lignes mises à jour | 0 lignes supprimées | 2026-04-07 12:17:01,048 {'product': [ErrorDetail(string=""CHIPS ORIGINAL 165G PRINGLES KT n'est pas fourni par le fournisseur FOURNISSEUR CENTRALE"", code='invalid')]} - [L100515463CHIPS ORIGINAL 165G PRINGLES KT    00000171080000100000019000000000010000000142662000001875000 5053990127726 00000000000001710800129544] | 2026-04-07 12:17:01,089 {'product': [ErrorDetail(string=""BISC AP BRETZELS 100G DR OTKER n'est pas fourni par le fournisseur FOURNISSEUR CENTRALE"", code='invalid')]} - [L100561306BISC AP BRETZELS 100G DR OTKER     00000171080000200000010000000000010000000056640000000650000 3018930004934 00000000000001710800129544] | 2026-04-07 12:17:01,092 fin intégration: (92be344a-ef4b-4993-b707-5340c039e042) | fichier: /srv/import/291/Fac_291_00237118.LC | 3 lignes formatées | 2 lignes en erreurs | 1 lignes crées | 0 lignes mises à jour | 0 lignes supprimées";291;MANDARINE DANGA
pos9;POS 9;2026-04-09T18:56:31.473006+00:00;a91e7ef3-4e61-4e0d-af6d-9fb2156bfe75;2026-04-07T12:18:00.917493;2026-04-07T12:18:01.092365;30;import de données;delivery;livraison;0;erreur;interne;"Extrait du rapport d'import: | 0 lignes mises à jour | 0 lignes supprimées | 2026-04-07 12:16:01,031 {'product': [ErrorDetail(string=""CHAMP 1ER CHOIX 1/2 ENT 230G LUTECE n'est pas fourni par le fournisseur FOURNISSEUR CENTRALE"", code='invalid')]} - [L021021331CHAMP 1ER CHOIX 1/2 ENT 230G LUTECE00000171070000100000012000000000010000000171218000001950000 8710609341115 00000000000001710700129544] | 2026-04-07 12:16:01,056 {'product': [ErrorDetail(string=""MAIS DOUX NAT S/V 1/2 OF LE SOLEIL n'est pas fourni par le fournisseur FOURNISSEUR CENTRALE"", code='invalid')]} - [L100035523MAIS DOUX NAT S/V 1/2 OF LE SOLEIL 00000171070000200000012000000000010000000105020200001450000 3083680032698 00000000000001710700129544] | 2026-04-07 12:16:01,076 {'product': [ErrorDetail(string=""MAYO AROMATE 900ML SIPROCHIM n'est pas fourni par le fournisseur FOURNISSEUR CENTRALE"", code='invalid')]} - [L100188911MAYO AROMATE 900ML SIPROCHIM       00000171070000300000006000000000010000000189036000002150000 6186000015559 00000000000001710700129544] | 2026-04-07 12:16:01,095 {'product': [ErrorDetail(string=""MOUT DIJON AROMATE 1KG SIP n'est pas fourni par le fournisseur FOURNISSEUR CENTRALE"", code='invalid')]} - [L100202582MOUT DIJON AROMATE 1KG SIP         00000171070000400000006000000000010000000262432000003150000 6186000015863 00000000000001710700129544] | 2026-04-07 12:16:01,114 {'product': [ErrorDetail(string=""SARD GEN HLE PIMENT 140G CONNETABLE n'est pas fourni par le fournisseur FOURNISSEUR CENTRALE"", code='invalid')]} - [L100378088SARD GEN HLE PIMENT 140G CONNETABLE00000171070000500000012000000000010000000089090000000975000 3263670128116 00000000000001710700129544] | 2026-04-07 12:16:01,137 {'product': [ErrorDetail(string=""SMART MIX 300G RIFAI n'est pas fourni par le fournisseur FOURNISSEUR CENTRALE"", code='invalid')]} - [L100434126SMART MIX 300G RIFAI               00000171070000600000012000000000010000000288864000003200000 5281026003670 00000000000001710700129544] | 2026-04-07 12:16:01,159 {'product': [ErrorDetail(string=""KETCH TOP DOWN 250G HEINZ n'est pas fourni par le fournisseur FOURNISSEUR CENTRALE"", code='invalid')]} - [L100490612KETCH TOP DOWN 250G HEINZ          00000171070000700000018000000000010000000142544000001700000 0000087157215 00000000000001710700129544] | 2026-04-07 12:16:01,182 {'product': [ErrorDetail(string=""OLIV VTE ENTIERES BOCAL 140G BORGES n'est pas fourni par le fournisseur FOURNISSEUR CENTRALE"", code='invalid')]} - [L100661307OLIV VTE ENTIERES BOCAL 140G BORGES00000171070000800000012000000000010000000094164000001150000 8410179011813 00000000000001710700129544] | 2026-04-07 12:16:01,206 {'product': [ErrorDetail(string=""OLIV NRE D�N BOCAL 160G BORGES n'est pas fourni par le fournisseur FOURNISSEUR CENTRALE"", code='invalid')]} - [L100661308OLIV NRE D�N BOCAL 160G BORGES     00000171070000900000012000000000010000000120832000001400000 8410179012025 00000000000001710700129544] | 2026-04-07 12:16:01,211 fin intégration: (89e34e79-a45e-4a4a-944f-32d171a39d27) | fichier: /srv/import/291/Fac_291_00237117.LC | 10 lignes formatées | 9 lignes en erreurs | 1 lignes crées | 0 lignes mises à jour | 0 lignes supprimées | 2026-04-07 12:17:01,048 {'product': [ErrorDetail(string=""CHIPS ORIGINAL 165G PRINGLES KT n'est pas fourni par le fournisseur FOURNISSEUR CENTRALE"", code='invalid')]} - [L100515463CHIPS ORIGINAL 165G PRINGLES KT    00000171080000100000019000000000010000000142662000001875000 5053990127726 00000000000001710800129544] | 2026-04-07 12:17:01,089 {'product': [ErrorDetail(string=""BISC AP BRETZELS 100G DR OTKER n'est pas fourni par le fournisseur FOURNISSEUR CENTRALE"", code='invalid')]} - [L100561306BISC AP BRETZELS 100G DR OTKER     00000171080000200000010000000000010000000056640000000650000 3018930004934 00000000000001710800129544] | 2026-04-07 12:17:01,092 fin intégration: (92be344a-ef4b-4993-b707-5340c039e042) | fichier: /srv/import/291/Fac_291_00237118.LC | 3 lignes formatées | 2 lignes en erreurs | 1 lignes crées | 0 lignes mises à jour | 0 lignes supprimées";293;MANDARINE AMBASSADE CHINE
pos9;POS 9;2026-04-09T18:56:31.473006+00:00;f6b79c6a-7e9d-4f4d-bb39-d0e9a76ddec3;2026-04-07T12:18:00.897936;2026-04-07T12:18:01.012655;30;import de données;delivery;livraison;2;succès;interne;Import livraison: | fin intégration: (f6b79c6a-7e9d-4f4d-bb39-d0e9a76ddec3) | fichier: /srv/import/080/Fac_080_00336922.LC | 2 lignes formatées | 0 lignes en erreurs | 2 lignes crées | 0 lignes mises à jour | 0 lignes supprimées;080;MANDARINE MARCORY
pos9;POS 9;2026-04-09T18:56:31.473006+00:00;92be344a-ef4b-4993-b707-5340c039e042;2026-04-07T12:17:00.917209;2026-04-07T12:17:01.139898;30;import de données;delivery;livraison;0;erreur;interne;"Extrait du rapport d'import: | 0 lignes mises à jour | 0 lignes supprimées | 2026-04-07 12:16:01,031 {'product': [ErrorDetail(string=""CHAMP 1ER CHOIX 1/2 ENT 230G LUTECE n'est pas fourni par le fournisseur FOURNISSEUR CENTRALE"", code='invalid')]} - [L021021331CHAMP 1ER CHOIX 1/2 ENT 230G LUTECE00000171070000100000012000000000010000000171218000001950000 8710609341115 00000000000001710700129544] | 2026-04-07 12:16:01,056 {'product': [ErrorDetail(string=""MAIS DOUX NAT S/V 1/2 OF LE SOLEIL n'est pas fourni par le fournisseur FOURNISSEUR CENTRALE"", code='invalid')]} - [L100035523MAIS DOUX NAT S/V 1/2 OF LE SOLEIL 00000171070000200000012000000000010000000105020200001450000 3083680032698 00000000000001710700129544] | 2026-04-07 12:16:01,076 {'product': [ErrorDetail(string=""MAYO AROMATE 900ML SIPROCHIM n'est pas fourni par le fournisseur FOURNISSEUR CENTRALE"", code='invalid')]} - [L100188911MAYO AROMATE 900ML SIPROCHIM       00000171070000300000006000000000010000000189036000002150000 6186000015559 00000000000001710700129544] | 2026-04-07 12:16:01,095 {'product': [ErrorDetail(string=""MOUT DIJON AROMATE 1KG SIP n'est pas fourni par le fournisseur FOURNISSEUR CENTRALE"", code='invalid')]} - [L100202582MOUT DIJON AROMATE 1KG SIP         00000171070000400000006000000000010000000262432000003150000 6186000015863 00000000000001710700129544] | 2026-04-07 12:16:01,114 {'product': [ErrorDetail(string=""SARD GEN HLE PIMENT 140G CONNETABLE n'est pas fourni par le fournisseur FOURNISSEUR CENTRALE"", code='invalid')]} - [L100378088SARD GEN HLE PIMENT 140G CONNETABLE00000171070000500000012000000000010000000089090000000975000 3263670128116 00000000000001710700129544] | 2026-04-07 12:16:01,137 {'product': [ErrorDetail(string=""SMART MIX 300G RIFAI n'est pas fourni par le fournisseur FOURNISSEUR CENTRALE"", code='invalid')]} - [L100434126SMART MIX 300G RIFAI               00000171070000600000012000000000010000000288864000003200000 5281026003670 00000000000001710700129544] | 2026-04-07 12:16:01,159 {'product': [ErrorDetail(string=""KETCH TOP DOWN 250G HEINZ n'est pas fourni par le fournisseur FOURNISSEUR CENTRALE"", code='invalid')]} - [L100490612KETCH TOP DOWN 250G HEINZ          00000171070000700000018000000000010000000142544000001700000 0000087157215 00000000000001710700129544] | 2026-04-07 12:16:01,182 {'product': [ErrorDetail(string=""OLIV VTE ENTIERES BOCAL 140G BORGES n'est pas fourni par le fournisseur FOURNISSEUR CENTRALE"", code='invalid')]} - [L100661307OLIV VTE ENTIERES BOCAL 140G BORGES00000171070000800000012000000000010000000094164000001150000 8410179011813 00000000000001710700129544] | 2026-04-07 12:16:01,206 {'product': [ErrorDetail(string=""OLIV NRE D�N BOCAL 160G BORGES n'est pas fourni par le fournisseur FOURNISSEUR CENTRALE"", code='invalid')]} - [L100661308OLIV NRE D�N BOCAL 160G BORGES     00000171070000900000012000000000010000000120832000001400000 8410179012025 00000000000001710700129544] | 2026-04-07 12:16:01,211 fin intégration: (89e34e79-a45e-4a4a-944f-32d171a39d27) | fichier: /srv/import/291/Fac_291_00237117.LC | 10 lignes formatées | 9 lignes en erreurs | 1 lignes crées | 0 lignes mises à jour | 0 lignes supprimées | 2026-04-07 12:17:01,048 {'product': [ErrorDetail(string=""CHIPS ORIGINAL 165G PRINGLES KT n'est pas fourni par le fournisseur FOURNISSEUR CENTRALE"", code='invalid')]} - [L100515463CHIPS ORIGINAL 165G PRINGLES KT    00000171080000100000019000000000010000000142662000001875000 5053990127726 00000000000001710800129544] | 2026-04-07 12:17:01,089 {'product': [ErrorDetail(string=""BISC AP BRETZELS 100G DR OTKER n'est pas fourni par le fournisseur FOURNISSEUR CENTRALE"", code='invalid')]} - [L100561306BISC AP BRETZELS 100G DR OTKER     00000171080000200000010000000000010000000056640000000650000 3018930004934 00000000000001710800129544] | 2026-04-07 12:17:01,092 fin intégration: (92be344a-ef4b-4993-b707-5340c039e042) | fichier: /srv/import/291/Fac_291_00237118.LC | 3 lignes formatées | 2 lignes en erreurs | 1 lignes crées | 0 lignes mises à jour | 0 lignes supprimées";291;MANDARINE DANGA
pos9;POS 9;2026-04-09T18:56:31.473006+00:00;eddf7975-40d1-4321-9e65-8473d258d082;2026-04-07T12:17:00.934104;2026-04-07T12:17:01.095649;30;import de données;delivery;livraison;0;erreur;interne;"Extrait du rapport d'import: | 0 lignes mises à jour | 0 lignes supprimées | 2026-04-07 12:16:01,031 {'product': [ErrorDetail(string=""CHAMP 1ER CHOIX 1/2 ENT 230G LUTECE n'est pas fourni par le fournisseur FOURNISSEUR CENTRALE"", code='invalid')]} - [L021021331CHAMP 1ER CHOIX 1/2 ENT 230G LUTECE00000171070000100000012000000000010000000171218000001950000 8710609341115 00000000000001710700129544] | 2026-04-07 12:16:01,056 {'product': [ErrorDetail(string=""MAIS DOUX NAT S/V 1/2 OF LE SOLEIL n'est pas fourni par le fournisseur FOURNISSEUR CENTRALE"", code='invalid')]} - [L100035523MAIS DOUX NAT S/V 1/2 OF LE SOLEIL 00000171070000200000012000000000010000000105020200001450000 3083680032698 00000000000001710700129544] | 2026-04-07 12:16:01,076 {'product': [ErrorDetail(string=""MAYO AROMATE 900ML SIPROCHIM n'est pas fourni par le fournisseur FOURNISSEUR CENTRALE"", code='invalid')]} - [L100188911MAYO AROMATE 900ML SIPROCHIM       00000171070000300000006000000000010000000189036000002150000 6186000015559 00000000000001710700129544] | 2026-04-07 12:16:01,095 {'product': [ErrorDetail(string=""MOUT DIJON AROMATE 1KG SIP n'est pas fourni par le fournisseur FOURNISSEUR CENTRALE"", code='invalid')]} - [L100202582MOUT DIJON AROMATE 1KG SIP         00000171070000400000006000000000010000000262432000003150000 6186000015863 00000000000001710700129544] | 2026-04-07 12:16:01,114 {'product': [ErrorDetail(string=""SARD GEN HLE PIMENT 140G CONNETABLE n'est pas fourni par le fournisseur FOURNISSEUR CENTRALE"", code='invalid')]} - [L100378088SARD GEN HLE PIMENT 140G CONNETABLE00000171070000500000012000000000010000000089090000000975000 3263670128116 00000000000001710700129544] | 2026-04-07 12:16:01,137 {'product': [ErrorDetail(string=""SMART MIX 300G RIFAI n'est pas fourni par le fournisseur FOURNISSEUR CENTRALE"", code='invalid')]} - [L100434126SMART MIX 300G RIFAI               00000171070000600000012000000000010000000288864000003200000 5281026003670 00000000000001710700129544] | 2026-04-07 12:16:01,159 {'product': [ErrorDetail(string=""KETCH TOP DOWN 250G HEINZ n'est pas fourni par le fournisseur FOURNISSEUR CENTRALE"", code='invalid')]} - [L100490612KETCH TOP DOWN 250G HEINZ          00000171070000700000018000000000010000000142544000001700000 0000087157215 00000000000001710700129544] | 2026-04-07 12:16:01,182 {'product': [ErrorDetail(string=""OLIV VTE ENTIERES BOCAL 140G BORGES n'est pas fourni par le fournisseur FOURNISSEUR CENTRALE"", code='invalid')]} - [L100661307OLIV VTE ENTIERES BOCAL 140G BORGES00000171070000800000012000000000010000000094164000001150000 8410179011813 00000000000001710700129544] | 2026-04-07 12:16:01,206 {'product': [ErrorDetail(string=""OLIV NRE D�N BOCAL 160G BORGES n'est pas fourni par le fournisseur FOURNISSEUR CENTRALE"", code='invalid')]} - [L100661308OLIV NRE D�N BOCAL 160G BORGES     00000171070000900000012000000000010000000120832000001400000 8410179012025 00000000000001710700129544] | 2026-04-07 12:16:01,211 fin intégration: (89e34e79-a45e-4a4a-944f-32d171a39d27) | fichier: /srv/import/291/Fac_291_00237117.LC | 10 lignes formatées | 9 lignes en erreurs | 1 lignes crées | 0 lignes mises à jour | 0 lignes supprimées | 2026-04-07 12:17:01,048 {'product': [ErrorDetail(string=""CHIPS ORIGINAL 165G PRINGLES KT n'est pas fourni par le fournisseur FOURNISSEUR CENTRALE"", code='invalid')]} - [L100515463CHIPS ORIGINAL 165G PRINGLES KT    00000171080000100000019000000000010000000142662000001875000 5053990127726 00000000000001710800129544] | 2026-04-07 12:17:01,089 {'product': [ErrorDetail(string=""BISC AP BRETZELS 100G DR OTKER n'est pas fourni par le fournisseur FOURNISSEUR CENTRALE"", code='invalid')]} - [L100561306BISC AP BRETZELS 100G DR OTKER     00000171080000200000010000000000010000000056640000000650000 3018930004934 00000000000001710800129544] | 2026-04-07 12:17:01,092 fin intégration: (92be344a-ef4b-4993-b707-5340c039e042) | fichier: /srv/import/291/Fac_291_00237118.LC | 3 lignes formatées | 2 lignes en erreurs | 1 lignes crées | 0 lignes mises à jour | 0 lignes supprimées";293;MANDARINE AMBASSADE CHINE
pos9;POS 9;2026-04-09T18:56:31.473006+00:00;2936074c-a1ba-49af-b809-d18b694c2c2d;2026-04-07T12:17:00.910147;2026-04-07T12:17:01.062914;30;import de données;delivery;livraison;2;succès;interne;Import livraison: | fin intégration: (2936074c-a1ba-49af-b809-d18b694c2c2d) | fichier: /srv/import/080/Fac_080_00237188.LC | 2 lignes formatées | 0 lignes en erreurs | 2 lignes crées | 0 lignes mises à jour | 0 lignes supprimées;080;MANDARINE MARCORY
pos9;POS 9;2026-04-09T18:56:31.473006+00:00;89e34e79-a45e-4a4a-944f-32d171a39d27;2026-04-07T12:16:00.909680;2026-04-07T12:16:01.246045;30;import de données;delivery;livraison;0;erreur;interne;"Extrait du rapport d'import: | 0 lignes mises à jour | 0 lignes supprimées | 2026-04-07 12:15:01,037 {'product': [ErrorDetail(string=""BARQ  73P BLC 225*135*25 n'est pas fourni par le fournisseur FOURNISSEUR CENTRALE"", code='invalid')]} - [L100341408BARQ  73P BLC 225*135*25           00000168550000100001500000000000020000000007316000000075000 8022549156149 00000000000001685500129513] | 2026-04-07 12:15:01,060 {'product': [ErrorDetail(string=""BARQUETTE PP 2 COMPARTIMENTS AVEC C n'est pas fourni par le fournisseur FOURNISSEUR CENTRALE"", code='invalid')]} - [L100669771BARQUETTE PP 2 COMPARTIMENTS AVEC C00000168550000200000200000000000010000000021240000000260000 2001006697711 00000000000001685500129511] | 2026-04-07 12:15:01,064 fin intégration: (4f6d9e25-4394-4eb0-8e63-ea95222a5bf5) | fichier: /srv/import/291/Fac_291_00237116.LC | 3 lignes formatées | 2 lignes en erreurs | 1 lignes crées | 0 lignes mises à jour | 0 lignes supprimées | 2026-04-07 12:16:01,031 {'product': [ErrorDetail(string=""CHAMP 1ER CHOIX 1/2 ENT 230G LUTECE n'est pas fourni par le fournisseur FOURNISSEUR CENTRALE"", code='invalid')]} - [L021021331CHAMP 1ER CHOIX 1/2 ENT 230G LUTECE00000171070000100000012000000000010000000171218000001950000 8710609341115 00000000000001710700129544] | 2026-04-07 12:16:01,056 {'product': [ErrorDetail(string=""MAIS DOUX NAT S/V 1/2 OF LE SOLEIL n'est pas fourni par le fournisseur FOURNISSEUR CENTRALE"", code='invalid')]} - [L100035523MAIS DOUX NAT S/V 1/2 OF LE SOLEIL 00000171070000200000012000000000010000000105020200001450000 3083680032698 00000000000001710700129544] | 2026-04-07 12:16:01,076 {'product': [ErrorDetail(string=""MAYO AROMATE 900ML SIPROCHIM n'est pas fourni par le fournisseur FOURNISSEUR CENTRALE"", code='invalid')]} - [L100188911MAYO AROMATE 900ML SIPROCHIM       00000171070000300000006000000000010000000189036000002150000 6186000015559 00000000000001710700129544] | 2026-04-07 12:16:01,095 {'product': [ErrorDetail(string=""MOUT DIJON AROMATE 1KG SIP n'est pas fourni par le fournisseur FOURNISSEUR CENTRALE"", code='invalid')]} - [L100202582MOUT DIJON AROMATE 1KG SIP         00000171070000400000006000000000010000000262432000003150000 6186000015863 00000000000001710700129544] | 2026-04-07 12:16:01,114 {'product': [ErrorDetail(string=""SARD GEN HLE PIMENT 140G CONNETABLE n'est pas fourni par le fournisseur FOURNISSEUR CENTRALE"", code='invalid')]} - [L100378088SARD GEN HLE PIMENT 140G CONNETABLE00000171070000500000012000000000010000000089090000000975000 3263670128116 00000000000001710700129544] | 2026-04-07 12:16:01,137 {'product': [ErrorDetail(string=""SMART MIX 300G RIFAI n'est pas fourni par le fournisseur FOURNISSEUR CENTRALE"", code='invalid')]} - [L100434126SMART MIX 300G RIFAI               00000171070000600000012000000000010000000288864000003200000 5281026003670 00000000000001710700129544] | 2026-04-07 12:16:01,159 {'product': [ErrorDetail(string=""KETCH TOP DOWN 250G HEINZ n'est pas fourni par le fournisseur FOURNISSEUR CENTRALE"", code='invalid')]} - [L100490612KETCH TOP DOWN 250G HEINZ          00000171070000700000018000000000010000000142544000001700000 0000087157215 00000000000001710700129544] | 2026-04-07 12:16:01,182 {'product': [ErrorDetail(string=""OLIV VTE ENTIERES BOCAL 140G BORGES n'est pas fourni par le fournisseur FOURNISSEUR CENTRALE"", code='invalid')]} - [L100661307OLIV VTE ENTIERES BOCAL 140G BORGES00000171070000800000012000000000010000000094164000001150000 8410179011813 00000000000001710700129544] | 2026-04-07 12:16:01,206 {'product': [ErrorDetail(string=""OLIV NRE D�N BOCAL 160G BORGES n'est pas fourni par le fournisseur FOURNISSEUR CENTRALE"", code='invalid')]} - [L100661308OLIV NRE D�N BOCAL 160G BORGES     00000171070000900000012000000000010000000120832000001400000 8410179012025 00000000000001710700129544] | 2026-04-07 12:16:01,211 fin intégration: (89e34e79-a45e-4a4a-944f-32d171a39d27) | fichier: /srv/import/291/Fac_291_00237117.LC | 10 lignes formatées | 9 lignes en erreurs | 1 lignes crées | 0 lignes mises à jour | 0 lignes supprimées";291;MANDARINE DANGA
pos9;POS 9;2026-04-09T18:56:31.473006+00:00;a2a033f5-5073-45cc-a085-e3405250b412;2026-04-07T12:16:00.932512;2026-04-07T12:16:01.172583;30;import de données;delivery;livraison;0;erreur;interne;"Extrait du rapport d'import: | 41 lignes crées | 0 lignes mises à jour | 0 lignes supprimées | 2026-04-07 12:14:01,067 {'product': [ErrorDetail(string=""SAC ISO PROSUMA 34X20X34CM 23 12L n'est pas fourni par le fournisseur FOURNISSEUR CENTRALE"", code='invalid')]} - [L100327358SAC ISO PROSUMA 34X20X34CM 23 12L  00000168370000100000050000000000010000000179950000002250000 3491920055022 00000000000001683700129556] | 2026-04-07 12:14:01,073 fin intégration: (9dd1b289-22c8-4535-b36c-b4ed3cb62fd8) | fichier: /srv/import/291/Fac_291_00237115.LC | 2 lignes formatées | 1 lignes en erreurs | 1 lignes crées | 0 lignes mises à jour | 0 lignes supprimées | 2026-04-07 12:15:01,037 {'product': [ErrorDetail(string=""BARQ  73P BLC 225*135*25 n'est pas fourni par le fournisseur FOURNISSEUR CENTRALE"", code='invalid')]} - [L100341408BARQ  73P BLC 225*135*25           00000168550000100001500000000000020000000007316000000075000 8022549156149 00000000000001685500129513] | 2026-04-07 12:15:01,060 {'product': [ErrorDetail(string=""BARQUETTE PP 2 COMPARTIMENTS AVEC C n'est pas fourni par le fournisseur FOURNISSEUR CENTRALE"", code='invalid')]} - [L100669771BARQUETTE PP 2 COMPARTIMENTS AVEC C00000168550000200000200000000000010000000021240000000260000 2001006697711 00000000000001685500129511] | 2026-04-07 12:15:01,064 fin intégration: (4f6d9e25-4394-4eb0-8e63-ea95222a5bf5) | fichier: /srv/import/291/Fac_291_00237116.LC | 3 lignes formatées | 2 lignes en erreurs | 1 lignes crées | 0 lignes mises à jour | 0 lignes supprimées | 2026-04-07 12:16:01,031 {'product': [ErrorDetail(string=""CHAMP 1ER CHOIX 1/2 ENT 230G LUTECE n'est pas fourni par le fournisseur FOURNISSEUR CENTRALE"", code='invalid')]} - [L021021331CHAMP 1ER CHOIX 1/2 ENT 230G LUTECE00000171070000100000012000000000010000000171218000001950000 8710609341115 00000000000001710700129544] | 2026-04-07 12:16:01,056 {'product': [ErrorDetail(string=""MAIS DOUX NAT S/V 1/2 OF LE SOLEIL n'est pas fourni par le fournisseur FOURNISSEUR CENTRALE"", code='invalid')]} - [L100035523MAIS DOUX NAT S/V 1/2 OF LE SOLEIL 00000171070000200000012000000000010000000105020200001450000 3083680032698 00000000000001710700129544] | 2026-04-07 12:16:01,076 {'product': [ErrorDetail(string=""MAYO AROMATE 900ML SIPROCHIM n'est pas fourni par le fournisseur FOURNISSEUR CENTRALE"", code='invalid')]} - [L100188911MAYO AROMATE 900ML SIPROCHIM       00000171070000300000006000000000010000000189036000002150000 6186000015559 00000000000001710700129544] | 2026-04-07 12:16:01,095 {'product': [ErrorDetail(string=""MOUT DIJON AROMATE 1KG SIP n'est pas fourni par le fournisseur FOURNISSEUR CENTRALE"", code='invalid')]} - [L100202582MOUT DIJON AROMATE 1KG SIP         00000171070000400000006000000000010000000262432000003150000 6186000015863 00000000000001710700129544] | 2026-04-07 12:16:01,114 {'product': [ErrorDetail(string=""SARD GEN HLE PIMENT 140G CONNETABLE n'est pas fourni par le fournisseur FOURNISSEUR CENTRALE"", code='invalid')]} - [L100378088SARD GEN HLE PIMENT 140G CONNETABLE00000171070000500000012000000000010000000089090000000975000 3263670128116 00000000000001710700129544] | 2026-04-07 12:16:01,137 {'product': [ErrorDetail(string=""SMART MIX 300G RIFAI n'est pas fourni par le fournisseur FOURNISSEUR CENTRALE"", code='invalid')]} - [L100434126SMART MIX 300G RIFAI               00000171070000600000012000000000010000000288864000003200000 5281026003670 00000000000001710700129544] | 2026-04-07 12:16:01,159 {'product': [ErrorDetail(string=""KETCH TOP DOWN 250G HEINZ n'est pas fourni par le fournisseur FOURNISSEUR CENTRALE"", code='invalid')]} - [L100490612KETCH TOP DOWN 250G HEINZ          00000171070000700000018000000000010000000142544000001700000 0000087157215 00000000000001710700129544]";293;MANDARINE AMBASSADE CHINE
pos9;POS 9;2026-04-09T18:56:31.473006+00:00;eec93d7c-f2a0-499c-96ac-9bb5c60bf356;2026-04-07T12:16:00.900034;2026-04-07T12:16:01.141552;30;import de données;delivery;livraison;2;succès;interne;Import livraison: | fin intégration: (eec93d7c-f2a0-499c-96ac-9bb5c60bf356) | fichier: /srv/import/080/Fac_080_00237079.LC | 4 lignes formatées | 0 lignes en erreurs | 4 lignes crées | 0 lignes mises à jour | 0 lignes supprimées;080;MANDARINE MARCORY
pos9;POS 9;2026-04-09T18:56:31.473006+00:00;2dc1c69a-9212-46b4-829e-c5be8f04c544;2026-04-07T12:15:00.932602;2026-04-07T12:15:01.211572;30;import de données;delivery;livraison;2;succès;interne;Import livraison: | fin intégration: (2dc1c69a-9212-46b4-829e-c5be8f04c544) | fichier: /srv/import/292/Fac_292_00336977.LC | 5 lignes formatées | 0 lignes en erreurs | 5 lignes crées | 0 lignes mises à jour | 0 lignes supprimées;292;MANDARINE KOUMASSI
pos9;POS 9;2026-04-09T18:56:31.473006+00:00;a4d6401e-b271-40b1-82f3-e827b8ac73a2;2026-04-07T12:15:00.947358;2026-04-07T12:15:01.173726;30;import de données;delivery;livraison;0;erreur;interne;"Extrait du rapport d'import: | 0 lignes mises à jour | 0 lignes supprimées | 2026-04-07 12:13:02,505 fin intégration: (9e47b8fb-7b39-41a4-a177-0cd192ad57bf) | fichier: /srv/import/292/Fac_292_00336954.LC | 41 lignes formatées | 0 lignes en erreurs | 41 lignes crées | 0 lignes mises à jour | 0 lignes supprimées | 2026-04-07 12:14:01,067 {'product': [ErrorDetail(string=""SAC ISO PROSUMA 34X20X34CM 23 12L n'est pas fourni par le fournisseur FOURNISSEUR CENTRALE"", code='invalid')]} - [L100327358SAC ISO PROSUMA 34X20X34CM 23 12L  00000168370000100000050000000000010000000179950000002250000 3491920055022 00000000000001683700129556] | 2026-04-07 12:14:01,073 fin intégration: (9dd1b289-22c8-4535-b36c-b4ed3cb62fd8) | fichier: /srv/import/291/Fac_291_00237115.LC | 2 lignes formatées | 1 lignes en erreurs | 1 lignes crées | 0 lignes mises à jour | 0 lignes supprimées | 2026-04-07 12:15:01,037 {'product': [ErrorDetail(string=""BARQ  73P BLC 225*135*25 n'est pas fourni par le fournisseur FOURNISSEUR CENTRALE"", code='invalid')]} - [L100341408BARQ  73P BLC 225*135*25           00000168550000100001500000000000020000000007316000000075000 8022549156149 00000000000001685500129513] | 2026-04-07 12:15:01,060 {'product': [ErrorDetail(string=""BARQUETTE PP 2 COMPARTIMENTS AVEC C n'est pas fourni par le fournisseur FOURNISSEUR CENTRALE"", code='invalid')]} - [L100669771BARQUETTE PP 2 COMPARTIMENTS AVEC C00000168550000200000200000000000010000000021240000000260000 2001006697711 00000000000001685500129511] | 2026-04-07 12:15:01,064 fin intégration: (4f6d9e25-4394-4eb0-8e63-ea95222a5bf5) | fichier: /srv/import/291/Fac_291_00237116.LC | 3 lignes formatées | 2 lignes en erreurs | 1 lignes crées | 0 lignes mises à jour | 0 lignes supprimées";293;MANDARINE AMBASSADE CHINE
pos9;POS 9;2026-04-09T18:56:31.473006+00:00;4f6d9e25-4394-4eb0-8e63-ea95222a5bf5;2026-04-07T12:15:00.921065;2026-04-07T12:15:01.107012;30;import de données;delivery;livraison;0;erreur;interne;"Extrait du rapport d'import: | 0 lignes mises à jour | 0 lignes supprimées | 2026-04-07 12:13:02,505 fin intégration: (9e47b8fb-7b39-41a4-a177-0cd192ad57bf) | fichier: /srv/import/292/Fac_292_00336954.LC | 41 lignes formatées | 0 lignes en erreurs | 41 lignes crées | 0 lignes mises à jour | 0 lignes supprimées | 2026-04-07 12:14:01,067 {'product': [ErrorDetail(string=""SAC ISO PROSUMA 34X20X34CM 23 12L n'est pas fourni par le fournisseur FOURNISSEUR CENTRALE"", code='invalid')]} - [L100327358SAC ISO PROSUMA 34X20X34CM 23 12L  00000168370000100000050000000000010000000179950000002250000 3491920055022 00000000000001683700129556] | 2026-04-07 12:14:01,073 fin intégration: (9dd1b289-22c8-4535-b36c-b4ed3cb62fd8) | fichier: /srv/import/291/Fac_291_00237115.LC | 2 lignes formatées | 1 lignes en erreurs | 1 lignes crées | 0 lignes mises à jour | 0 lignes supprimées | 2026-04-07 12:15:01,037 {'product': [ErrorDetail(string=""BARQ  73P BLC 225*135*25 n'est pas fourni par le fournisseur FOURNISSEUR CENTRALE"", code='invalid')]} - [L100341408BARQ  73P BLC 225*135*25           00000168550000100001500000000000020000000007316000000075000 8022549156149 00000000000001685500129513] | 2026-04-07 12:15:01,060 {'product': [ErrorDetail(string=""BARQUETTE PP 2 COMPARTIMENTS AVEC C n'est pas fourni par le fournisseur FOURNISSEUR CENTRALE"", code='invalid')]} - [L100669771BARQUETTE PP 2 COMPARTIMENTS AVEC C00000168550000200000200000000000010000000021240000000260000 2001006697711 00000000000001685500129511] | 2026-04-07 12:15:01,064 fin intégration: (4f6d9e25-4394-4eb0-8e63-ea95222a5bf5) | fichier: /srv/import/291/Fac_291_00237116.LC | 3 lignes formatées | 2 lignes en erreurs | 1 lignes crées | 0 lignes mises à jour | 0 lignes supprimées";291;MANDARINE DANGA
pos9;POS 9;2026-04-09T18:56:31.473006+00:00;0176e7f3-b2f8-44ad-a8d0-a6a9db310a04;2026-04-07T12:15:00.909497;2026-04-07T12:15:01.072501;30;import de données;delivery;livraison;2;succès;interne;Import livraison: | fin intégration: (0176e7f3-b2f8-44ad-a8d0-a6a9db310a04) | fichier: /srv/import/080/Fac_080_00237078.LC | 3 lignes formatées | 0 lignes en erreurs | 3 lignes crées | 0 lignes mises à jour | 0 lignes supprimées;080;MANDARINE MARCORY
pos9;POS 9;2026-04-09T18:56:31.473006+00:00;0aa7ff5b-3621-4977-96c0-a5d1591ed770;2026-04-07T12:14:00.952371;2026-04-07T12:14:01.289729;30;import de données;delivery;livraison;0;erreur;interne;"Extrait du rapport d'import: | 0 lignes en erreurs | 10 lignes crées | 0 lignes mises à jour | 0 lignes supprimées | 2026-04-07 12:12:01,575 fin intégration: (13c07a1d-910d-45fb-bb19-ef9678ded405) | fichier: /srv/import/080/Fac_080_00237075.LC | 12 lignes formatées | 0 lignes en erreurs | 12 lignes crées | 0 lignes mises à jour | 0 lignes supprimées | 2026-04-07 12:13:02,505 fin intégration: (9e47b8fb-7b39-41a4-a177-0cd192ad57bf) | fichier: /srv/import/292/Fac_292_00336954.LC | 41 lignes formatées | 0 lignes en erreurs | 41 lignes crées | 0 lignes mises à jour | 0 lignes supprimées | 2026-04-07 12:14:01,067 {'product': [ErrorDetail(string=""SAC ISO PROSUMA 34X20X34CM 23 12L n'est pas fourni par le fournisseur FOURNISSEUR CENTRALE"", code='invalid')]} - [L100327358SAC ISO PROSUMA 34X20X34CM 23 12L  00000168370000100000050000000000010000000179950000002250000 3491920055022 00000000000001683700129556] | 2026-04-07 12:14:01,073 fin intégration: (9dd1b289-22c8-4535-b36c-b4ed3cb62fd8) | fichier: /srv/import/291/Fac_291_00237115.LC | 2 lignes formatées | 1 lignes en erreurs | 1 lignes crées | 0 lignes mises à jour | 0 lignes supprimées";293;MANDARINE AMBASSADE CHINE
pos9;POS 9;2026-04-09T18:56:31.473006+00:00;f8902a34-8673-4f65-88fd-25c4bed0272f;2026-04-07T12:14:00.941156;2026-04-07T12:14:01.129646;30;import de données;delivery;livraison;2;succès;interne;Import livraison: | fin intégration: (f8902a34-8673-4f65-88fd-25c4bed0272f) | fichier: /srv/import/292/Fac_292_00336955.LC | 3 lignes formatées | 0 lignes en erreurs | 3 lignes crées | 0 lignes mises à jour | 0 lignes supprimées;292;MANDARINE KOUMASSI
pos9;POS 9;2026-04-09T18:56:31.473006+00:00;9dd1b289-22c8-4535-b36c-b4ed3cb62fd8;2026-04-07T12:14:00.927247;2026-04-07T12:14:01.124678;30;import de données;delivery;livraison;0;erreur;interne;"Extrait du rapport d'import: | 0 lignes en erreurs | 10 lignes crées | 0 lignes mises à jour | 0 lignes supprimées | 2026-04-07 12:12:01,575 fin intégration: (13c07a1d-910d-45fb-bb19-ef9678ded405) | fichier: /srv/import/080/Fac_080_00237075.LC | 12 lignes formatées | 0 lignes en erreurs | 12 lignes crées | 0 lignes mises à jour | 0 lignes supprimées | 2026-04-07 12:13:02,505 fin intégration: (9e47b8fb-7b39-41a4-a177-0cd192ad57bf) | fichier: /srv/import/292/Fac_292_00336954.LC | 41 lignes formatées | 0 lignes en erreurs | 41 lignes crées | 0 lignes mises à jour | 0 lignes supprimées | 2026-04-07 12:14:01,067 {'product': [ErrorDetail(string=""SAC ISO PROSUMA 34X20X34CM 23 12L n'est pas fourni par le fournisseur FOURNISSEUR CENTRALE"", code='invalid')]} - [L100327358SAC ISO PROSUMA 34X20X34CM 23 12L  00000168370000100000050000000000010000000179950000002250000 3491920055022 00000000000001683700129556] | 2026-04-07 12:14:01,073 fin intégration: (9dd1b289-22c8-4535-b36c-b4ed3cb62fd8) | fichier: /srv/import/291/Fac_291_00237115.LC | 2 lignes formatées | 1 lignes en erreurs | 1 lignes crées | 0 lignes mises à jour | 0 lignes supprimées";291;MANDARINE DANGA
pos9;POS 9;2026-04-09T18:56:31.473006+00:00;2ce69e9a-59f5-4fc2-8d5e-50f7b7f840cf;2026-04-07T12:14:00.912171;2026-04-07T12:14:01.116923;30;import de données;delivery;livraison;2;succès;interne;Import livraison: | fin intégration: (2ce69e9a-59f5-4fc2-8d5e-50f7b7f840cf) | fichier: /srv/import/080/Fac_080_00237077.LC | 3 lignes formatées | 0 lignes en erreurs | 3 lignes crées | 0 lignes mises à jour | 0 lignes supprimées;080;MANDARINE MARCORY
pos9;POS 9;2026-04-09T18:56:31.473006+00:00;9e47b8fb-7b39-41a4-a177-0cd192ad57bf;2026-04-07T12:13:00.916675;2026-04-07T12:13:02.507805;30;import de données;delivery;livraison;2;succès;interne;Import livraison: | fin intégration: (9e47b8fb-7b39-41a4-a177-0cd192ad57bf) | fichier: /srv/import/292/Fac_292_00336954.LC | 41 lignes formatées | 0 lignes en erreurs | 41 lignes crées | 0 lignes mises à jour | 0 lignes supprimées;292;MANDARINE KOUMASSI
pos9;POS 9;2026-04-09T18:56:31.473006+00:00;831512da-ee87-40f3-aa2b-3de7de2a13ac;2026-04-07T12:13:00.894089;2026-04-07T12:13:02.342406;30;import de données;delivery;livraison;2;succès;interne;Import livraison: | fin intégration: (831512da-ee87-40f3-aa2b-3de7de2a13ac) | fichier: /srv/import/080/Fac_080_00237076.LC | 30 lignes formatées | 0 lignes en erreurs | 30 lignes crées | 0 lignes mises à jour | 0 lignes supprimées;080;MANDARINE MARCORY
pos9;POS 9;2026-04-09T18:56:31.473006+00:00;50a40acf-6812-45e4-bb8b-5e7dd4420149;2026-04-07T12:13:00.929773;2026-04-07T12:13:01.155697;30;import de données;delivery;livraison;0;erreur;interne;Extrait du rapport d'import: | 0 lignes formatées | 0 lignes en erreurs | 0 lignes crées | 0 lignes mises à jour | 0 lignes supprimées | 2026-04-06 23:19:19,803 fin intégration: (68c5521d-57f8-43ce-9f13-600566148ea6) | fichier: /srv/import/080/290_pricing_20260406193225.csv | 1014 lignes formatées | 0 lignes en erreurs | 2 lignes crées | 0 lignes mises à jour | 0 lignes supprimées | 2026-04-07 12:11:01,832 fin intégration: (61c5bbdb-3f46-4951-b911-31ef5497e4c9) | fichier: /srv/import/080/Fac_080_00237074.LC | 10 lignes formatées | 0 lignes en erreurs | 10 lignes crées | 0 lignes mises à jour | 0 lignes supprimées | 2026-04-07 12:12:01,575 fin intégration: (13c07a1d-910d-45fb-bb19-ef9678ded405) | fichier: /srv/import/080/Fac_080_00237075.LC | 12 lignes formatées | 0 lignes en erreurs | 12 lignes crées | 0 lignes mises à jour | 0 lignes supprimées;293;MANDARINE AMBASSADE CHINE
pos9;POS 9;2026-04-09T18:56:31.473006+00:00;824015ae-12fe-4509-9163-b399bf9450bc;2026-04-07T12:13:00.906234;2026-04-07T12:13:01.129430;30;import de données;delivery;livraison;0;erreur;interne;Extrait du rapport d'import: | 0 lignes formatées | 0 lignes en erreurs | 0 lignes crées | 0 lignes mises à jour | 0 lignes supprimées | 2026-04-06 23:19:19,803 fin intégration: (68c5521d-57f8-43ce-9f13-600566148ea6) | fichier: /srv/import/080/290_pricing_20260406193225.csv | 1014 lignes formatées | 0 lignes en erreurs | 2 lignes crées | 0 lignes mises à jour | 0 lignes supprimées | 2026-04-07 12:11:01,832 fin intégration: (61c5bbdb-3f46-4951-b911-31ef5497e4c9) | fichier: /srv/import/080/Fac_080_00237074.LC | 10 lignes formatées | 0 lignes en erreurs | 10 lignes crées | 0 lignes mises à jour | 0 lignes supprimées | 2026-04-07 12:12:01,575 fin intégration: (13c07a1d-910d-45fb-bb19-ef9678ded405) | fichier: /srv/import/080/Fac_080_00237075.LC | 12 lignes formatées | 0 lignes en erreurs | 12 lignes crées | 0 lignes mises à jour | 0 lignes supprimées;291;MANDARINE DANGA
pos9;POS 9;2026-04-09T18:56:31.473006+00:00;c09c16ac-4e29-40c9-b8e7-8c34554abc15;2026-04-07T12:12:00.962390;2026-04-07T12:12:01.595534;30;import de données;delivery;livraison;0;erreur;interne;Extrait du rapport d'import: | 0 lignes formatées | 0 lignes en erreurs | 0 lignes crées | 0 lignes mises à jour | 0 lignes supprimées | 2026-04-06 23:19:19,803 fin intégration: (68c5521d-57f8-43ce-9f13-600566148ea6) | fichier: /srv/import/080/290_pricing_20260406193225.csv | 1014 lignes formatées | 0 lignes en erreurs | 2 lignes crées | 0 lignes mises à jour | 0 lignes supprimées | 2026-04-07 12:11:01,832 fin intégration: (61c5bbdb-3f46-4951-b911-31ef5497e4c9) | fichier: /srv/import/080/Fac_080_00237074.LC | 10 lignes formatées | 0 lignes en erreurs | 10 lignes crées | 0 lignes mises à jour | 0 lignes supprimées | 2026-04-07 12:12:01,575 fin intégration: (13c07a1d-910d-45fb-bb19-ef9678ded405) | fichier: /srv/import/080/Fac_080_00237075.LC | 12 lignes formatées | 0 lignes en erreurs | 12 lignes crées | 0 lignes mises à jour | 0 lignes supprimées;291;MANDARINE DANGA
pos9;POS 9;2026-04-09T18:56:31.473006+00:00;13c07a1d-910d-45fb-bb19-ef9678ded405;2026-04-07T12:12:00.932161;2026-04-07T12:12:01.578056;30;import de données;delivery;livraison;2;succès;interne;Import livraison: | fin intégration: (13c07a1d-910d-45fb-bb19-ef9678ded405) | fichier: /srv/import/080/Fac_080_00237075.LC | 12 lignes formatées | 0 lignes en erreurs | 12 lignes crées | 0 lignes mises à jour | 0 lignes supprimées;080;MANDARINE MARCORY
pos9;POS 9;2026-04-09T18:56:31.473006+00:00;7aa4dfa2-d8d4-4157-8d14-a730ae2fa5be;2026-04-07T12:12:01.007113;2026-04-07T12:12:01.263533;30;import de données;delivery;livraison;0;erreur;interne;Extrait du rapport d'import: | 3 lignes formatées | 0 lignes en erreurs | 0 lignes crées | 3 lignes mises à jour | 0 lignes supprimées | 2026-04-06 23:18:00,705 fin intégration: (0bd5028f-9f82-4a27-8a34-ab23ad8cb17c) | fichier: /srv/import/080/999_pricing_20260406193059.csv | 0 lignes formatées | 0 lignes en erreurs | 0 lignes crées | 0 lignes mises à jour | 0 lignes supprimées | 2026-04-06 23:19:19,803 fin intégration: (68c5521d-57f8-43ce-9f13-600566148ea6) | fichier: /srv/import/080/290_pricing_20260406193225.csv | 1014 lignes formatées | 0 lignes en erreurs | 2 lignes crées | 0 lignes mises à jour | 0 lignes supprimées | 2026-04-07 12:11:01,832 fin intégration: (61c5bbdb-3f46-4951-b911-31ef5497e4c9) | fichier: /srv/import/080/Fac_080_00237074.LC | 10 lignes formatées | 0 lignes en erreurs | 10 lignes crées | 0 lignes mises à jour | 0 lignes supprimées;293;MANDARINE AMBASSADE CHINE
pos9;POS 9;2026-04-09T18:56:31.473006+00:00;29645800-4bb5-46f7-bdf5-07badd11df1b;2026-04-07T12:12:00.976267;2026-04-07T12:12:01.168354;30;import de données;delivery;livraison;2;succès;interne;Import livraison: | fin intégration: (29645800-4bb5-46f7-bdf5-07badd11df1b) | fichier: /srv/import/292/Fac_292_00237184.LC | 2 lignes formatées | 0 lignes en erreurs | 2 lignes crées | 0 lignes mises à jour | 0 lignes supprimées;292;MANDARINE KOUMASSI
pos9;POS 9;2026-04-09T18:56:31.473006+00:00;e251dc41-d6b2-4cec-b798-130d05c0cc70;2026-04-07T12:11:00.933234;2026-04-07T12:11:02.545520;30;import de données;delivery;livraison;0;erreur;interne;Extrait du rapport d'import: | 3 lignes formatées | 0 lignes en erreurs | 0 lignes crées | 3 lignes mises à jour | 0 lignes supprimées | 2026-04-06 23:18:00,705 fin intégration: (0bd5028f-9f82-4a27-8a34-ab23ad8cb17c) | fichier: /srv/import/080/999_pricing_20260406193059.csv | 0 lignes formatées | 0 lignes en erreurs | 0 lignes crées | 0 lignes mises à jour | 0 lignes supprimées | 2026-04-06 23:19:19,803 fin intégration: (68c5521d-57f8-43ce-9f13-600566148ea6) | fichier: /srv/import/080/290_pricing_20260406193225.csv | 1014 lignes formatées | 0 lignes en erreurs | 2 lignes crées | 0 lignes mises à jour | 0 lignes supprimées | 2026-04-07 12:11:01,832 fin intégration: (61c5bbdb-3f46-4951-b911-31ef5497e4c9) | fichier: /srv/import/080/Fac_080_00237074.LC | 10 lignes formatées | 0 lignes en erreurs | 10 lignes crées | 0 lignes mises à jour | 0 lignes supprimées;291;MANDARINE DANGA
pos9;POS 9;2026-04-09T18:56:31.473006+00:00;941ef1a3-f23f-4205-9fd4-54c9a1d21e31;2026-04-07T12:11:00.967707;2026-04-07T12:11:02.167264;30;import de données;delivery;livraison;0;erreur;interne;Extrait du rapport d'import: | 3 lignes formatées | 0 lignes en erreurs | 0 lignes crées | 3 lignes mises à jour | 0 lignes supprimées | 2026-04-06 23:18:00,705 fin intégration: (0bd5028f-9f82-4a27-8a34-ab23ad8cb17c) | fichier: /srv/import/080/999_pricing_20260406193059.csv | 0 lignes formatées | 0 lignes en erreurs | 0 lignes crées | 0 lignes mises à jour | 0 lignes supprimées | 2026-04-06 23:19:19,803 fin intégration: (68c5521d-57f8-43ce-9f13-600566148ea6) | fichier: /srv/import/080/290_pricing_20260406193225.csv | 1014 lignes formatées | 0 lignes en erreurs | 2 lignes crées | 0 lignes mises à jour | 0 lignes supprimées | 2026-04-07 12:11:01,832 fin intégration: (61c5bbdb-3f46-4951-b911-31ef5497e4c9) | fichier: /srv/import/080/Fac_080_00237074.LC | 10 lignes formatées | 0 lignes en erreurs | 10 lignes crées | 0 lignes mises à jour | 0 lignes supprimées;293;MANDARINE AMBASSADE CHINE
pos9;POS 9;2026-04-09T18:56:31.473006+00:00;c63c03c4-a6d6-4a98-b4d2-cee55937b3ef;2026-04-07T12:11:00.955078;2026-04-07T12:11:02.150388;30;import de données;delivery;livraison;2;succès;interne;Import livraison: | fin intégration: (c63c03c4-a6d6-4a98-b4d2-cee55937b3ef) | fichier: /srv/import/292/Fac_292_00237121.LC | 26 lignes formatées | 0 lignes en erreurs | 26 lignes crées | 0 lignes mises à jour | 0 lignes supprimées;292;MANDARINE KOUMASSI
pos9;POS 9;2026-04-09T18:56:31.473006+00:00;61c5bbdb-3f46-4951-b911-31ef5497e4c9;2026-04-07T12:11:00.906747;2026-04-07T12:11:01.862011;30;import de données;delivery;livraison;2;succès;interne;Import livraison: | fin intégration: (61c5bbdb-3f46-4951-b911-31ef5497e4c9) | fichier: /srv/import/080/Fac_080_00237074.LC | 10 lignes formatées | 0 lignes en erreurs | 10 lignes crées | 0 lignes mises à jour | 0 lignes supprimées;080;MANDARINE MARCORY
pos9;POS 9;2026-04-09T18:56:31.473006+00:00;68c5521d-57f8-43ce-9f13-600566148ea6;2026-04-06T23:19:00.674764;2026-04-06T23:19:19.805153;30;import de données;price_updater;mise à jour de prix;2;succès;interne;Import mise à jour de prix: | fin intégration: (68c5521d-57f8-43ce-9f13-600566148ea6) | fichier: /srv/import/080/290_pricing_20260406193225.csv | 1014 lignes formatées | 0 lignes en erreurs | 2 lignes crées | 0 lignes mises à jour | 0 lignes supprimées;080;MANDARINE MARCORY
pos9;POS 9;2026-04-09T18:56:31.473006+00:00;342c1b6a-3e74-439c-8e1d-9fda8c47397e;2026-04-06T23:19:00.707502;2026-04-06T23:19:19.729320;30;import de données;price_updater;mise à jour de prix;2;succès;interne;Import mise à jour de prix: | fin intégration: (342c1b6a-3e74-439c-8e1d-9fda8c47397e) | fichier: /srv/import/293/290_pricing_20260406193225.csv | 1014 lignes formatées | 0 lignes en erreurs | 2 lignes crées | 0 lignes mises à jour | 0 lignes supprimées;293;MANDARINE AMBASSADE CHINE
pos9;POS 9;2026-04-09T18:56:31.473006+00:00;20a7c2c3-0bd3-4dc0-999c-d41150eb1264;2026-04-06T23:19:00.685800;2026-04-06T23:19:19.694844;30;import de données;price_updater;mise à jour de prix;2;succès;interne;Import mise à jour de prix: | fin intégration: (20a7c2c3-0bd3-4dc0-999c-d41150eb1264) | fichier: /srv/import/291/290_pricing_20260406193225.csv | 1014 lignes formatées | 0 lignes en erreurs | 2 lignes crées | 0 lignes mises à jour | 0 lignes supprimées;291;MANDARINE DANGA
pos9;POS 9;2026-04-09T18:56:31.473006+00:00;2670d96c-0ec4-49f6-9bba-49ea46ed4449;2026-04-06T23:19:00.696956;2026-04-06T23:19:19.631973;30;import de données;price_updater;mise à jour de prix;2;succès;interne;Import mise à jour de prix: | fin intégration: (2670d96c-0ec4-49f6-9bba-49ea46ed4449) | fichier: /srv/import/292/290_pricing_20260406193225.csv | 1014 lignes formatées | 0 lignes en erreurs | 2 lignes crées | 0 lignes mises à jour | 0 lignes supprimées;292;MANDARINE KOUMASSI
pos9;POS 9;2026-04-09T18:56:31.473006+00:00;011da016-3099-4784-bd45-4d79ac50bbf5;2026-04-06T23:18:00.708559;2026-04-06T23:18:00.747862;30;import de données;price_updater;mise à jour de prix;2;succès;interne;Import mise à jour de prix: | fin intégration: (011da016-3099-4784-bd45-4d79ac50bbf5) | fichier: /srv/import/293/999_pricing_20260406193059.csv | 0 lignes formatées | 0 lignes en erreurs | 0 lignes crées | 0 lignes mises à jour | 0 lignes supprimées;293;MANDARINE AMBASSADE CHINE
pos9;POS 9;2026-04-09T18:56:31.473006+00:00;f1eee10a-0d27-4c9b-9cfe-9e26b89b89ba;2026-04-06T23:18:00.692800;2026-04-06T23:18:00.731802;30;import de données;price_updater;mise à jour de prix;2;succès;interne;Import mise à jour de prix: | fin intégration: (f1eee10a-0d27-4c9b-9cfe-9e26b89b89ba) | fichier: /srv/import/292/999_pricing_20260406193059.csv | 0 lignes formatées | 0 lignes en erreurs | 0 lignes crées | 0 lignes mises à jour | 0 lignes supprimées;292;MANDARINE KOUMASSI
pos9;POS 9;2026-04-09T18:56:31.473006+00:00;2361b87d-0bca-419c-9e90-043a794d3ad3;2026-04-06T23:18:00.683197;2026-04-06T23:18:00.718044;30;import de données;price_updater;mise à jour de prix;2;succès;interne;Import mise à jour de prix: | fin intégration: (2361b87d-0bca-419c-9e90-043a794d3ad3) | fichier: /srv/import/291/999_pricing_20260406193059.csv | 0 lignes formatées | 0 lignes en erreurs | 0 lignes crées | 0 lignes mises à jour | 0 lignes supprimées;291;MANDARINE DANGA
pos9;POS 9;2026-04-09T18:56:31.473006+00:00;0bd5028f-9f82-4a27-8a34-ab23ad8cb17c;2026-04-06T23:18:00.674111;2026-04-06T23:18:00.708495;30;import de données;price_updater;mise à jour de prix;2;succès;interne;Import mise à jour de prix: | fin intégration: (0bd5028f-9f82-4a27-8a34-ab23ad8cb17c) | fichier: /srv/import/080/999_pricing_20260406193059.csv | 0 lignes formatées | 0 lignes en erreurs | 0 lignes crées | 0 lignes mises à jour | 0 lignes supprimées;080;MANDARINE MARCORY
pos9;POS 9;2026-04-09T18:56:31.473006+00:00;9948700b-25dd-4325-b250-8bb16cec1395;2026-04-06T23:17:00.706449;2026-04-06T23:17:01.494196;30;import de données;product_suppliers;affectation des fournisseurs aux articles;2;succès;interne;Import affectation des fournisseurs aux articles: | fin intégration: (9948700b-25dd-4325-b250-8bb16cec1395) | fichier: /srv/import/293/290_productssuppliers_20260406193220.csv | 3 lignes formatées | 0 lignes en erreurs | 0 lignes crées | 3 lignes mises à jour | 0 lignes supprimées;293;MANDARINE AMBASSADE CHINE
pos9;POS 9;2026-04-09T18:56:31.473006+00:00;0449f340-7326-4cea-b57c-b42a1423350d;2026-04-06T23:17:00.673218;2026-04-06T23:17:01.476980;30;import de données;product_suppliers;affectation des fournisseurs aux articles;2;succès;interne;Import affectation des fournisseurs aux articles: | fin intégration: (0449f340-7326-4cea-b57c-b42a1423350d) | fichier: /srv/import/080/290_productssuppliers_20260406193220.csv | 3 lignes formatées | 0 lignes en erreurs | 0 lignes crées | 3 lignes mises à jour | 0 lignes supprimées;080;MANDARINE MARCORY
pos9;POS 9;2026-04-09T18:56:31.473006+00:00;5d845197-9509-4744-808c-c8bade85dd03;2026-04-06T23:17:00.687196;2026-04-06T23:17:01.348667;30;import de données;product_suppliers;affectation des fournisseurs aux articles;2;succès;interne;Import affectation des fournisseurs aux articles: | fin intégration: (5d845197-9509-4744-808c-c8bade85dd03) | fichier: /srv/import/291/290_productssuppliers_20260406193220.csv | 3 lignes formatées | 0 lignes en erreurs | 0 lignes crées | 3 lignes mises à jour | 0 lignes supprimées;291;MANDARINE DANGA
pos9;POS 9;2026-04-09T18:56:31.473006+00:00;ee7a358f-5a05-4549-b304-fb2046e622e8;2026-04-06T23:17:00.695550;2026-04-06T23:17:01.344828;30;import de données;product_suppliers;affectation des fournisseurs aux articles;2;succès;interne;Import affectation des fournisseurs aux articles: | fin intégration: (ee7a358f-5a05-4549-b304-fb2046e622e8) | fichier: /srv/import/292/290_productssuppliers_20260406193220.csv | 3 lignes formatées | 0 lignes en erreurs | 0 lignes crées | 3 lignes mises à jour | 0 lignes supprimées;292;MANDARINE KOUMASSI
pos9;POS 9;2026-04-09T18:56:31.473006+00:00;9518bcd1-0369-4048-bdfc-551f21853e02;2026-04-06T23:16:00.724260;2026-04-06T23:16:00.844682;30;import de données;linked_code;codes liés;2;succès;interne;Import codes liés: | fin intégration: (9518bcd1-0369-4048-bdfc-551f21853e02) | fichier: /srv/import/293/290_linkedcodes_20260406193219.csv | 1 lignes formatées | 0 lignes en erreurs | 0 lignes crées | 1 lignes mises à jour | 0 lignes supprimées;293;MANDARINE AMBASSADE CHINE
pos9;POS 9;2026-04-09T18:56:31.473006+00:00;ca11cefb-b0d3-4237-a15d-5f707fd1a290;2026-04-06T23:16:00.692528;2026-04-06T23:16:00.805687;30;import de données;linked_code;codes liés;2;succès;interne;Import codes liés: | fin intégration: (ca11cefb-b0d3-4237-a15d-5f707fd1a290) | fichier: /srv/import/292/290_linkedcodes_20260406193219.csv | 1 lignes formatées | 0 lignes en erreurs | 0 lignes crées | 1 lignes mises à jour | 0 lignes supprimées;292;MANDARINE KOUMASSI
pos9;POS 9;2026-04-09T18:56:31.473006+00:00;f38343e9-bd76-4168-a9f4-4ca7187a4fb6;2026-04-06T23:16:00.684071;2026-04-06T23:16:00.779382;30;import de données;linked_code;codes liés;2;succès;interne;Import codes liés: | fin intégration: (f38343e9-bd76-4168-a9f4-4ca7187a4fb6) | fichier: /srv/import/291/290_linkedcodes_20260406193219.csv | 1 lignes formatées | 0 lignes en erreurs | 0 lignes crées | 1 lignes mises à jour | 0 lignes supprimées;291;MANDARINE DANGA
pos9;POS 9;2026-04-09T18:56:31.473006+00:00;8d74af7f-51e3-4702-88bf-4fd4265c8d61;2026-04-06T23:16:00.666941;2026-04-06T23:16:00.778449;30;import de données;linked_code;codes liés;2;succès;interne;Import codes liés: | fin intégration: (8d74af7f-51e3-4702-88bf-4fd4265c8d61) | fichier: /srv/import/080/290_linkedcodes_20260406193219.csv | 1 lignes formatées | 0 lignes en erreurs | 0 lignes crées | 1 lignes mises à jour | 0 lignes supprimées;080;MANDARINE MARCORY
pos9;POS 9;2026-04-09T18:56:31.473006+00:00;6fa84dc9-38e0-4037-98c3-b0fc20a5c5fc;2026-04-06T23:15:00.733173;2026-04-06T23:15:00.773173;30;import de données;linked_code;codes liés;2;succès;interne;Import codes liés: | fin intégration: (6fa84dc9-38e0-4037-98c3-b0fc20a5c5fc) | fichier: /srv/import/293/999_linkedcodes_20260406193056.csv | 0 lignes formatées | 0 lignes en erreurs | 0 lignes crées | 0 lignes mises à jour | 0 lignes supprimées;293;MANDARINE AMBASSADE CHINE
pos9;POS 9;2026-04-09T18:56:31.473006+00:00;3e71a810-d5d7-42fd-ad21-b4daa281df1b;2026-04-06T23:15:00.719485;2026-04-06T23:15:00.764746;30;import de données;linked_code;codes liés;2;succès;interne;Import codes liés: | fin intégration: (3e71a810-d5d7-42fd-ad21-b4daa281df1b) | fichier: /srv/import/292/999_linkedcodes_20260406193056.csv | 0 lignes formatées | 0 lignes en erreurs | 0 lignes crées | 0 lignes mises à jour | 0 lignes supprimées;292;MANDARINE KOUMASSI
pos9;POS 9;2026-04-09T18:56:31.473006+00:00;8c1be1da-5809-4e85-9614-b1500d3aa318;2026-04-06T23:15:00.699123;2026-04-06T23:15:00.733549;30;import de données;linked_code;codes liés;2;succès;interne;Import codes liés: | fin intégration: (8c1be1da-5809-4e85-9614-b1500d3aa318) | fichier: /srv/import/291/999_linkedcodes_20260406193056.csv | 0 lignes formatées | 0 lignes en erreurs | 0 lignes crées | 0 lignes mises à jour | 0 lignes supprimées;291;MANDARINE DANGA
pos9;POS 9;2026-04-09T18:56:31.473006+00:00;4baea373-f0f9-4b53-84b9-fb41082bce0b;2026-04-06T23:15:00.669236;2026-04-06T23:15:00.724160;30;import de données;linked_code;codes liés;2;succès;interne;Import codes liés: | fin intégration: (4baea373-f0f9-4b53-84b9-fb41082bce0b) | fichier: /srv/import/080/999_linkedcodes_20260406193056.csv | 0 lignes formatées | 0 lignes en erreurs | 0 lignes crées | 0 lignes mises à jour | 0 lignes supprimées;080;MANDARINE MARCORY
pos9;POS 9;2026-04-09T18:56:31.473006+00:00;9503d201-24d6-4420-bacb-51f7b0652507;2026-04-06T23:14:00.716894;2026-04-06T23:14:01.609811;30;import de données;product;produit;2;succès;interne;Import produit: | fin intégration: (9503d201-24d6-4420-bacb-51f7b0652507) | fichier: /srv/import/293/290_products_20260406193219.csv | 1 lignes formatées | 0 lignes en erreurs | 0 lignes crées | 1 lignes mises à jour | 0 lignes supprimées;293;MANDARINE AMBASSADE CHINE
pos9;POS 9;2026-04-09T18:56:31.473006+00:00;b58a1141-35c7-437c-9e5f-d871320f8c55;2026-04-06T23:14:00.686705;2026-04-06T23:14:01.388792;30;import de données;product;produit;2;succès;interne;Import produit: | fin intégration: (b58a1141-35c7-437c-9e5f-d871320f8c55) | fichier: /srv/import/291/290_products_20260406193219.csv | 1 lignes formatées | 0 lignes en erreurs | 0 lignes crées | 1 lignes mises à jour | 0 lignes supprimées;291;MANDARINE DANGA
pos9;POS 9;2026-04-09T18:56:31.473006+00:00;b9b35bdd-058c-4980-a330-acf8e3d6a71a;2026-04-06T23:14:00.703898;2026-04-06T23:14:01.367472;30;import de données;product;produit;2;succès;interne;Import produit: | fin intégration: (b9b35bdd-058c-4980-a330-acf8e3d6a71a) | fichier: /srv/import/292/290_products_20260406193219.csv | 1 lignes formatées | 0 lignes en erreurs | 0 lignes crées | 1 lignes mises à jour | 0 lignes supprimées;292;MANDARINE KOUMASSI
pos9;POS 9;2026-04-09T18:56:31.473006+00:00;abf67aef-69f1-4b2a-a5e2-2356c51539ea;2026-04-06T23:14:00.668827;2026-04-06T23:14:01.140590;30;import de données;product;produit;2;succès;interne;Import produit: | fin intégration: (abf67aef-69f1-4b2a-a5e2-2356c51539ea) | fichier: /srv/import/080/290_products_20260406193219.csv | 1 lignes formatées | 0 lignes en erreurs | 0 lignes crées | 1 lignes mises à jour | 0 lignes supprimées;080;MANDARINE MARCORY
pos9;POS 9;2026-04-09T18:56:31.473006+00:00;615e7022-280b-483d-9f4e-4a665d8afcce;2026-04-06T23:13:00.722197;2026-04-06T23:13:00.750408;30;import de données;product;produit;2;succès;interne;Import produit: | fin intégration: (615e7022-280b-483d-9f4e-4a665d8afcce) | fichier: /srv/import/293/999_products_20260406193056.csv | 0 lignes formatées | 0 lignes en erreurs | 0 lignes crées | 0 lignes mises à jour | 0 lignes supprimées;293;MANDARINE AMBASSADE CHINE
pos9;POS 9;2026-04-09T18:56:31.473006+00:00;3192773d-caa8-4743-a05b-2a424d373ff5;2026-04-06T23:13:00.707040;2026-04-06T23:13:00.747006;30;import de données;product;produit;2;succès;interne;Import produit: | fin intégration: (3192773d-caa8-4743-a05b-2a424d373ff5) | fichier: /srv/import/292/999_products_20260406193056.csv | 0 lignes formatées | 0 lignes en erreurs | 0 lignes crées | 0 lignes mises à jour | 0 lignes supprimées;292;MANDARINE KOUMASSI
pos9;POS 9;2026-04-09T18:56:31.473006+00:00;b03d0e60-7d1f-4516-94f8-f67960672dae;2026-04-06T23:13:00.691406;2026-04-06T23:13:00.729400;30;import de données;product;produit;2;succès;interne;Import produit: | fin intégration: (b03d0e60-7d1f-4516-94f8-f67960672dae) | fichier: /srv/import/291/999_products_20260406193056.csv | 0 lignes formatées | 0 lignes en erreurs | 0 lignes crées | 0 lignes mises à jour | 0 lignes supprimées;291;MANDARINE DANGA
pos9;POS 9;2026-04-09T18:56:31.473006+00:00;07bf5a36-3dd6-484d-b0d7-e6ebc6b6854c;2026-04-06T23:13:00.673453;2026-04-06T23:13:00.710429;30;import de données;product;produit;2;succès;interne;Import produit: | fin intégration: (07bf5a36-3dd6-484d-b0d7-e6ebc6b6854c) | fichier: /srv/import/080/999_products_20260406193056.csv | 0 lignes formatées | 0 lignes en erreurs | 0 lignes crées | 0 lignes mises à jour | 0 lignes supprimées;080;MANDARINE MARCORY
pos9;POS 9;2026-04-09T18:56:31.473006+00:00;c8310bfe-ef1f-44f6-bae3-ba5670614926;2026-04-06T23:12:00.697657;2026-04-06T23:12:00.749745;30;import de données;supplier;fournisseur;2;succès;interne;Import fournisseur: | fin intégration: (c8310bfe-ef1f-44f6-bae3-ba5670614926) | fichier: /srv/import/293/999_suppliers_20260406193053.csv | 0 lignes formatées | 0 lignes en erreurs | 0 lignes crées | 0 lignes mises à jour | 0 lignes supprimées;293;MANDARINE AMBASSADE CHINE
pos9;POS 9;2026-04-09T18:56:31.473006+00:00;78c81fc3-b7fb-4f3a-a608-36aa5f3628fe;2026-04-06T23:12:00.687292;2026-04-06T23:12:00.722906;30;import de données;supplier;fournisseur;2;succès;interne;Import fournisseur: | fin intégration: (78c81fc3-b7fb-4f3a-a608-36aa5f3628fe) | fichier: /srv/import/292/999_suppliers_20260406193053.csv | 0 lignes formatées | 0 lignes en erreurs | 0 lignes crées | 0 lignes mises à jour | 0 lignes supprimées;292;MANDARINE KOUMASSI
pos9;POS 9;2026-04-09T18:56:31.473006+00:00;67f4f29f-ea49-49d0-b84a-2b2e0f81ed3b;2026-04-06T23:12:00.676256;2026-04-06T23:12:00.708892;30;import de données;supplier;fournisseur;2;succès;interne;Import fournisseur: | fin intégration: (67f4f29f-ea49-49d0-b84a-2b2e0f81ed3b) | fichier: /srv/import/291/999_suppliers_20260406193053.csv | 0 lignes formatées | 0 lignes en erreurs | 0 lignes crées | 0 lignes mises à jour | 0 lignes supprimées;291;MANDARINE DANGA
pos9;POS 9;2026-04-09T18:56:31.473006+00:00;0078b919-d4a9-464d-9987-3802fb140d2c;2026-04-06T23:12:00.667359;2026-04-06T23:12:00.698370;30;import de données;supplier;fournisseur;2;succès;interne;Import fournisseur: | fin intégration: (0078b919-d4a9-464d-9987-3802fb140d2c) | fichier: /srv/import/080/999_suppliers_20260406193053.csv | 0 lignes formatées | 0 lignes en erreurs | 0 lignes crées | 0 lignes mises à jour | 0 lignes supprimées;080;MANDARINE MARCORY
pos9;POS 9;2026-04-09T18:56:31.473006+00:00;c269a3a0-139e-45f5-8874-7633c9bba179;2026-04-06T23:11:00.753106;2026-04-06T23:11:00.848809;30;import de données;department;département;2;succès;interne;Import département: | fin intégration: (c269a3a0-139e-45f5-8874-7633c9bba179) | fichier: /srv/import/293/999_departement_20260406193049.csv | 0 lignes formatées | 0 lignes en erreurs | 0 lignes crées | 0 lignes mises à jour | 0 lignes supprimées;293;MANDARINE AMBASSADE CHINE
pos9;POS 9;2026-04-09T18:56:31.473006+00:00;1b1ea1e2-f595-4bc6-825b-dc96bd94be61;2026-04-06T23:11:00.699107;2026-04-06T23:11:00.823668;30;import de données;department;département;2;succès;interne;Import département: | fin intégration: (1b1ea1e2-f595-4bc6-825b-dc96bd94be61) | fichier: /srv/import/291/999_departement_20260406193049.csv | 0 lignes formatées | 0 lignes en erreurs | 0 lignes crées | 0 lignes mises à jour | 0 lignes supprimées;291;MANDARINE DANGA
pos9;POS 9;2026-04-09T18:56:31.473006+00:00;64e66ea4-232f-4aab-a84e-6ccb2921f0ba;2026-04-06T23:11:00.730496;2026-04-06T23:11:00.773066;30;import de données;department;département;2;succès;interne;Import département: | fin intégration: (64e66ea4-232f-4aab-a84e-6ccb2921f0ba) | fichier: /srv/import/292/999_departement_20260406193049.csv | 0 lignes formatées | 0 lignes en erreurs | 0 lignes crées | 0 lignes mises à jour | 0 lignes supprimées;292;MANDARINE KOUMASSI
pos9;POS 9;2026-04-09T18:56:31.473006+00:00;1d7c31a4-9cc1-43fa-a415-c7bace274838;2026-04-06T23:11:00.680935;2026-04-06T23:11:00.719900;30;import de données;department;département;2;succès;interne;Import département: | fin intégration: (1d7c31a4-9cc1-43fa-a415-c7bace274838) | fichier: /srv/import/080/999_departement_20260406193049.csv | 0 lignes formatées | 0 lignes en erreurs | 0 lignes crées | 0 lignes mises à jour | 0 lignes supprimées;080;MANDARINE MARCORY
pos9;POS 9;2026-04-09T18:56:31.473006+00:00;3dd5ce6c-af68-4693-8988-1f4519d0a031;2026-04-06T12:30:00.613978;2026-04-06T12:30:00.761537;30;import de données;delivery;livraison;0;erreur;interne;"Extrait du rapport d'import: | 2026-04-06 12:27:01,336 {'product': [ErrorDetail(string=""LG CAROTTE BQTTE CRISTAL 1KG BAT n'est pas fourni par le fournisseur FOURNISSEUR CENTRALE"", code='invalid')]} - [L100203868LG CAROTTE BQTTE CRISTAL 1KG BAT   00000426230003200000012000000000010000000089000200000990000 3297170130096 00000000000004262300129537] | 2026-04-06 12:27:01,354 {'product': [ErrorDetail(string=""LG PIMENT BIG SUN ( SENT BON) ASP n'est pas fourni par le fournisseur FOURNISSEUR CENTRALE"", code='invalid')]} - [L100505267LG PIMENT BIG SUN ( SENT BON) ASP  00000426230003300000005000000000010000000326000000003590000 2807618000006 00000000000004262300129537] | 2026-04-06 12:27:01,359 fin intégration: (54676d8d-a39a-4961-a20a-db3bd9bf35db) | fichier: /srv/import/291/Fac_291_00336642.LC | 34 lignes formatées | 33 lignes en erreurs | 1 lignes crées | 0 lignes mises à jour | 0 lignes supprimées | 2026-04-06 12:28:00,718 {'product': [ErrorDetail(string=""BAC PRELOG PLIABL30L 600*400*165 PM n'est pas fourni par le fournisseur FOURNISSEUR CENTRALE"", code='invalid')]} - [L100153729BAC PRELOG PLIABL30L 600*400*165 PM00000426830000100000022000000000220000001172366300011725000 2001001537296 00000000000004268303907827] | 2026-04-06 12:28:00,738 {'product': [ErrorDetail(string=""BAC PRELOG PLIABL600*400*235 47L GM n'est pas fourni par le fournisseur FOURNISSEUR CENTRALE"", code='invalid')]} - [L100239401BAC PRELOG PLIABL600*400*235 47L GM00000426830000200000001000000000010000001409274000014095000 2001002394010 00000000000004268303907827] | 2026-04-06 12:28:00,757 {'product': [ErrorDetail(string=""PALETTE APAL  80*120 n'est pas fourni par le fournisseur FOURNISSEUR CENTRALE"", code='invalid')]} - [L100514060PALETTE APAL  80*120               00000426830000300000006000000000060000001049138000010490000 2001005140607 00000000000004268303907827] | 2026-04-06 12:28:00,783 {'product': [ErrorDetail(string=""BAC PRELOG600*400*165 RGE 30L PM n'est pas fourni par le fournisseur FOURNISSEUR CENTRALE"", code='invalid')]} - [L100533538BAC PRELOG600*400*165 RGE 30L PM   00000426830000400000005000000000050000001114392000011145000 2001005335386 00000000000004268303907827] | 2026-04-06 12:28:00,787 fin intégration: (9cca9907-bbc1-48c5-9a46-8998425bb920) | fichier: /srv/import/291/Fac_291_00336694.LC | 5 lignes formatées | 4 lignes en erreurs | 1 lignes crées | 0 lignes mises à jour | 0 lignes supprimées | 2026-04-06 12:29:00,791 fin intégration: (9fcd1651-8836-423c-8caf-0c8398bfcfd4) | fichier: /srv/import/292/Fac_292_00336748.LC | 3 lignes formatées | 0 lignes en erreurs | 3 lignes crées | 0 lignes mises à jour | 0 lignes supprimées";291;MANDARINE DANGA
pos9;POS 9;2026-04-09T18:56:31.473006+00:00;9fcd1651-8836-423c-8caf-0c8398bfcfd4;2026-04-06T12:29:00.621483;2026-04-06T12:29:00.794814;30;import de données;delivery;livraison;2;succès;interne;Import livraison: | fin intégration: (9fcd1651-8836-423c-8caf-0c8398bfcfd4) | fichier: /srv/import/292/Fac_292_00336748.LC | 3 lignes formatées | 0 lignes en erreurs | 3 lignes crées | 0 lignes mises à jour | 0 lignes supprimées;292;MANDARINE KOUMASSI
pos9;POS 9;2026-04-09T18:56:31.473006+00:00;f3224048-10ff-4022-bba0-d26720e94804;2026-04-06T12:29:00.637700;2026-04-06T12:29:00.777352;30;import de données;delivery;livraison;0;erreur;interne;"Extrait du rapport d'import: | 2026-04-06 12:27:01,186 {'product': [ErrorDetail(string=""FR TROP BANANE PLANTAIN ALLOCO ASP n'est pas fourni par le fournisseur FOURNISSEUR CENTRALE"", code='invalid')]} - [L100050270FR TROP BANANE PLANTAIN ALLOCO ASP 00000426230002700000020000000000020000000037800000000425000 2800611000004 00000000000004262300129537] | 2026-04-06 12:27:01,205 {'product': [ErrorDetail(string=""FR AGR ORANGE LOCALE ASP n'est pas fourni par le fournisseur FOURNISSEUR CENTRALE"", code='invalid')]} - [L100050281FR AGR ORANGE LOCALE ASP           00000426220001300000015000000000010000000039500000000450000 2800622000000 00000000000004262200129537] | 2026-04-06 12:27:01,223 {'product': [ErrorDetail(string=""FR TROP PAPAYE SOLO ALLONGEE ASP n'est pas fourni par le fournisseur FOURNISSEUR CENTRALE"", code='invalid')]} - [L100050284FR TROP PAPAYE SOLO ALLONGEE ASP   00000426230002800000030000000000030000000033500000000375000 2800625000007 00000000000004262300129537] | 2026-04-06 12:27:01,240 {'product': [ErrorDetail(string=""FR PEP PASTEQUE LOCALE ASP n'est pas fourni par le fournisseur FOURNISSEUR CENTRALE"", code='invalid')]} - [L100056575FR PEP PASTEQUE LOCALE ASP         00000426230002900000027800000000030000000048500000000550000 2810069000006 00000000000004262300129537] | 2026-04-06 12:27:01,259 {'product': [ErrorDetail(string=""FR EXO GRENADE  BAT n'est pas fourni par le fournisseur FOURNISSEUR CENTRALE"", code='invalid')]} - [L100072196FR EXO GRENADE  BAT                00000426230003000000007600000000020000000506220000005990000 2802442000000 00000000000004262300129537] | 2026-04-06 12:27:01,279 {'product': [ErrorDetail(string=""FR PEP POMME GOLDEN ROSE PLT 1RG BA n'est pas fourni par le fournisseur FOURNISSEUR CENTRALE"", code='invalid')]} - [L100075282FR PEP POMME GOLDEN ROSE PLT 1RG BA00000426220001400000008000000000020000000319190000003990000 2901114000000 00000000000004262200129537] | 2026-04-06 12:27:01,298 {'product': [ErrorDetail(string=""LG OIGNON VIOLET VRAC 25KG ASP n'est pas fourni par le fournisseur FOURNISSEUR CENTRALE"", code='invalid')]} - [L100190852LG OIGNON VIOLET VRAC 25KG ASP     00000426230003100000025000000000010000000039500000000450000 2803418000000 00000000000004262300129537] | 2026-04-06 12:27:01,317 {'product': [ErrorDetail(string=""FR AGR ORANGE ESPAGNE PLT 1RG BAT n'est pas fourni par le fournisseur FOURNISSEUR CENTRALE"", code='invalid')]} - [L100201463FR AGR ORANGE ESPAGNE PLT 1RG BAT  00000426220001500000007000000000010000000279188000003490000 2803555000000 00000000000004262200129537] | 2026-04-06 12:27:01,336 {'product': [ErrorDetail(string=""LG CAROTTE BQTTE CRISTAL 1KG BAT n'est pas fourni par le fournisseur FOURNISSEUR CENTRALE"", code='invalid')]} - [L100203868LG CAROTTE BQTTE CRISTAL 1KG BAT   00000426230003200000012000000000010000000089000200000990000 3297170130096 00000000000004262300129537] | 2026-04-06 12:27:01,354 {'product': [ErrorDetail(string=""LG PIMENT BIG SUN ( SENT BON) ASP n'est pas fourni par le fournisseur FOURNISSEUR CENTRALE"", code='invalid')]} - [L100505267LG PIMENT BIG SUN ( SENT BON) ASP  00000426230003300000005000000000010000000326000000003590000 2807618000006 00000000000004262300129537] | 2026-04-06 12:27:01,359 fin intégration: (54676d8d-a39a-4961-a20a-db3bd9bf35db) | fichier: /srv/import/291/Fac_291_00336642.LC | 34 lignes formatées | 33 lignes en erreurs | 1 lignes crées | 0 lignes mises à jour | 0 lignes supprimées | 2026-04-06 12:28:00,718 {'product': [ErrorDetail(string=""BAC PRELOG PLIABL30L 600*400*165 PM n'est pas fourni par le fournisseur FOURNISSEUR CENTRALE"", code='invalid')]} - [L100153729BAC PRELOG PLIABL30L 600*400*165 PM00000426830000100000022000000000220000001172366300011725000 2001001537296 00000000000004268303907827] | 2026-04-06 12:28:00,738 {'product': [ErrorDetail(string=""BAC PRELOG PLIABL600*400*235 47L GM n'est pas fourni par le fournisseur FOURNISSEUR CENTRALE"", code='invalid')]} - [L100239401BAC PRELOG PLIABL600*400*235 47L GM00000426830000200000001000000000010000001409274000014095000 2001002394010 00000000000004268303907827] | 2026-04-06 12:28:00,757 {'product': [ErrorDetail(string=""PALETTE APAL  80*120 n'est pas fourni par le fournisseur FOURNISSEUR CENTRALE"", code='invalid')]} - [L100514060PALETTE APAL  80*120               00000426830000300000006000000000060000001049138000010490000 2001005140607 00000000000004268303907827] | 2026-04-06 12:28:00,783 {'product': [ErrorDetail(string=""BAC PRELOG600*400*165 RGE 30L PM n'est pas fourni par le fournisseur FOURNISSEUR CENTRALE"", code='invalid')]} - [L100533538BAC PRELOG600*400*165 RGE 30L PM   00000426830000400000005000000000050000001114392000011145000 2001005335386 00000000000004268303907827] | 2026-04-06 12:28:00,787 fin intégration: (9cca9907-bbc1-48c5-9a46-8998425bb920) | fichier: /srv/import/291/Fac_291_00336694.LC | 5 lignes formatées | 4 lignes en erreurs | 1 lignes crées | 0 lignes mises à jour | 0 lignes supprimées";293;MANDARINE AMBASSADE CHINE
pos9;POS 9;2026-04-09T18:56:31.473006+00:00;fbbede40-37be-495b-97e8-e8be5b96039f;2026-04-06T12:29:00.598922;2026-04-06T12:29:00.733824;30;import de données;delivery;livraison;0;erreur;interne;"Extrait du rapport d'import: | 2026-04-06 12:27:01,186 {'product': [ErrorDetail(string=""FR TROP BANANE PLANTAIN ALLOCO ASP n'est pas fourni par le fournisseur FOURNISSEUR CENTRALE"", code='invalid')]} - [L100050270FR TROP BANANE PLANTAIN ALLOCO ASP 00000426230002700000020000000000020000000037800000000425000 2800611000004 00000000000004262300129537] | 2026-04-06 12:27:01,205 {'product': [ErrorDetail(string=""FR AGR ORANGE LOCALE ASP n'est pas fourni par le fournisseur FOURNISSEUR CENTRALE"", code='invalid')]} - [L100050281FR AGR ORANGE LOCALE ASP           00000426220001300000015000000000010000000039500000000450000 2800622000000 00000000000004262200129537] | 2026-04-06 12:27:01,223 {'product': [ErrorDetail(string=""FR TROP PAPAYE SOLO ALLONGEE ASP n'est pas fourni par le fournisseur FOURNISSEUR CENTRALE"", code='invalid')]} - [L100050284FR TROP PAPAYE SOLO ALLONGEE ASP   00000426230002800000030000000000030000000033500000000375000 2800625000007 00000000000004262300129537] | 2026-04-06 12:27:01,240 {'product': [ErrorDetail(string=""FR PEP PASTEQUE LOCALE ASP n'est pas fourni par le fournisseur FOURNISSEUR CENTRALE"", code='invalid')]} - [L100056575FR PEP PASTEQUE LOCALE ASP         00000426230002900000027800000000030000000048500000000550000 2810069000006 00000000000004262300129537] | 2026-04-06 12:27:01,259 {'product': [ErrorDetail(string=""FR EXO GRENADE  BAT n'est pas fourni par le fournisseur FOURNISSEUR CENTRALE"", code='invalid')]} - [L100072196FR EXO GRENADE  BAT                00000426230003000000007600000000020000000506220000005990000 2802442000000 00000000000004262300129537] | 2026-04-06 12:27:01,279 {'product': [ErrorDetail(string=""FR PEP POMME GOLDEN ROSE PLT 1RG BA n'est pas fourni par le fournisseur FOURNISSEUR CENTRALE"", code='invalid')]} - [L100075282FR PEP POMME GOLDEN ROSE PLT 1RG BA00000426220001400000008000000000020000000319190000003990000 2901114000000 00000000000004262200129537] | 2026-04-06 12:27:01,298 {'product': [ErrorDetail(string=""LG OIGNON VIOLET VRAC 25KG ASP n'est pas fourni par le fournisseur FOURNISSEUR CENTRALE"", code='invalid')]} - [L100190852LG OIGNON VIOLET VRAC 25KG ASP     00000426230003100000025000000000010000000039500000000450000 2803418000000 00000000000004262300129537] | 2026-04-06 12:27:01,317 {'product': [ErrorDetail(string=""FR AGR ORANGE ESPAGNE PLT 1RG BAT n'est pas fourni par le fournisseur FOURNISSEUR CENTRALE"", code='invalid')]} - [L100201463FR AGR ORANGE ESPAGNE PLT 1RG BAT  00000426220001500000007000000000010000000279188000003490000 2803555000000 00000000000004262200129537] | 2026-04-06 12:27:01,336 {'product': [ErrorDetail(string=""LG CAROTTE BQTTE CRISTAL 1KG BAT n'est pas fourni par le fournisseur FOURNISSEUR CENTRALE"", code='invalid')]} - [L100203868LG CAROTTE BQTTE CRISTAL 1KG BAT   00000426230003200000012000000000010000000089000200000990000 3297170130096 00000000000004262300129537] | 2026-04-06 12:27:01,354 {'product': [ErrorDetail(string=""LG PIMENT BIG SUN ( SENT BON) ASP n'est pas fourni par le fournisseur FOURNISSEUR CENTRALE"", code='invalid')]} - [L100505267LG PIMENT BIG SUN ( SENT BON) ASP  00000426230003300000005000000000010000000326000000003590000 2807618000006 00000000000004262300129537] | 2026-04-06 12:27:01,359 fin intégration: (54676d8d-a39a-4961-a20a-db3bd9bf35db) | fichier: /srv/import/291/Fac_291_00336642.LC | 34 lignes formatées | 33 lignes en erreurs | 1 lignes crées | 0 lignes mises à jour | 0 lignes supprimées | 2026-04-06 12:28:00,718 {'product': [ErrorDetail(string=""BAC PRELOG PLIABL30L 600*400*165 PM n'est pas fourni par le fournisseur FOURNISSEUR CENTRALE"", code='invalid')]} - [L100153729BAC PRELOG PLIABL30L 600*400*165 PM00000426830000100000022000000000220000001172366300011725000 2001001537296 00000000000004268303907827] | 2026-04-06 12:28:00,738 {'product': [ErrorDetail(string=""BAC PRELOG PLIABL600*400*235 47L GM n'est pas fourni par le fournisseur FOURNISSEUR CENTRALE"", code='invalid')]} - [L100239401BAC PRELOG PLIABL600*400*235 47L GM00000426830000200000001000000000010000001409274000014095000 2001002394010 00000000000004268303907827] | 2026-04-06 12:28:00,757 {'product': [ErrorDetail(string=""PALETTE APAL  80*120 n'est pas fourni par le fournisseur FOURNISSEUR CENTRALE"", code='invalid')]} - [L100514060PALETTE APAL  80*120               00000426830000300000006000000000060000001049138000010490000 2001005140607 00000000000004268303907827] | 2026-04-06 12:28:00,783 {'product': [ErrorDetail(string=""BAC PRELOG600*400*165 RGE 30L PM n'est pas fourni par le fournisseur FOURNISSEUR CENTRALE"", code='invalid')]} - [L100533538BAC PRELOG600*400*165 RGE 30L PM   00000426830000400000005000000000050000001114392000011145000 2001005335386 00000000000004268303907827] | 2026-04-06 12:28:00,787 fin intégration: (9cca9907-bbc1-48c5-9a46-8998425bb920) | fichier: /srv/import/291/Fac_291_00336694.LC | 5 lignes formatées | 4 lignes en erreurs | 1 lignes crées | 0 lignes mises à jour | 0 lignes supprimées";291;MANDARINE DANGA
pos9;POS 9;2026-04-09T18:56:31.473006+00:00;9cca9907-bbc1-48c5-9a46-8998425bb920;2026-04-06T12:28:00.610254;2026-04-06T12:28:00.804800;30;import de données;delivery;livraison;0;erreur;interne;"Extrait du rapport d'import: | 2026-04-06 12:27:01,186 {'product': [ErrorDetail(string=""FR TROP BANANE PLANTAIN ALLOCO ASP n'est pas fourni par le fournisseur FOURNISSEUR CENTRALE"", code='invalid')]} - [L100050270FR TROP BANANE PLANTAIN ALLOCO ASP 00000426230002700000020000000000020000000037800000000425000 2800611000004 00000000000004262300129537] | 2026-04-06 12:27:01,205 {'product': [ErrorDetail(string=""FR AGR ORANGE LOCALE ASP n'est pas fourni par le fournisseur FOURNISSEUR CENTRALE"", code='invalid')]} - [L100050281FR AGR ORANGE LOCALE ASP           00000426220001300000015000000000010000000039500000000450000 2800622000000 00000000000004262200129537] | 2026-04-06 12:27:01,223 {'product': [ErrorDetail(string=""FR TROP PAPAYE SOLO ALLONGEE ASP n'est pas fourni par le fournisseur FOURNISSEUR CENTRALE"", code='invalid')]} - [L100050284FR TROP PAPAYE SOLO ALLONGEE ASP   00000426230002800000030000000000030000000033500000000375000 2800625000007 00000000000004262300129537] | 2026-04-06 12:27:01,240 {'product': [ErrorDetail(string=""FR PEP PASTEQUE LOCALE ASP n'est pas fourni par le fournisseur FOURNISSEUR CENTRALE"", code='invalid')]} - [L100056575FR PEP PASTEQUE LOCALE ASP         00000426230002900000027800000000030000000048500000000550000 2810069000006 00000000000004262300129537] | 2026-04-06 12:27:01,259 {'product': [ErrorDetail(string=""FR EXO GRENADE  BAT n'est pas fourni par le fournisseur FOURNISSEUR CENTRALE"", code='invalid')]} - [L100072196FR EXO GRENADE  BAT                00000426230003000000007600000000020000000506220000005990000 2802442000000 00000000000004262300129537] | 2026-04-06 12:27:01,279 {'product': [ErrorDetail(string=""FR PEP POMME GOLDEN ROSE PLT 1RG BA n'est pas fourni par le fournisseur FOURNISSEUR CENTRALE"", code='invalid')]} - [L100075282FR PEP POMME GOLDEN ROSE PLT 1RG BA00000426220001400000008000000000020000000319190000003990000 2901114000000 00000000000004262200129537] | 2026-04-06 12:27:01,298 {'product': [ErrorDetail(string=""LG OIGNON VIOLET VRAC 25KG ASP n'est pas fourni par le fournisseur FOURNISSEUR CENTRALE"", code='invalid')]} - [L100190852LG OIGNON VIOLET VRAC 25KG ASP     00000426230003100000025000000000010000000039500000000450000 2803418000000 00000000000004262300129537] | 2026-04-06 12:27:01,317 {'product': [ErrorDetail(string=""FR AGR ORANGE ESPAGNE PLT 1RG BAT n'est pas fourni par le fournisseur FOURNISSEUR CENTRALE"", code='invalid')]} - [L100201463FR AGR ORANGE ESPAGNE PLT 1RG BAT  00000426220001500000007000000000010000000279188000003490000 2803555000000 00000000000004262200129537] | 2026-04-06 12:27:01,336 {'product': [ErrorDetail(string=""LG CAROTTE BQTTE CRISTAL 1KG BAT n'est pas fourni par le fournisseur FOURNISSEUR CENTRALE"", code='invalid')]} - [L100203868LG CAROTTE BQTTE CRISTAL 1KG BAT   00000426230003200000012000000000010000000089000200000990000 3297170130096 00000000000004262300129537] | 2026-04-06 12:27:01,354 {'product': [ErrorDetail(string=""LG PIMENT BIG SUN ( SENT BON) ASP n'est pas fourni par le fournisseur FOURNISSEUR CENTRALE"", code='invalid')]} - [L100505267LG PIMENT BIG SUN ( SENT BON) ASP  00000426230003300000005000000000010000000326000000003590000 2807618000006 00000000000004262300129537] | 2026-04-06 12:27:01,359 fin intégration: (54676d8d-a39a-4961-a20a-db3bd9bf35db) | fichier: /srv/import/291/Fac_291_00336642.LC | 34 lignes formatées | 33 lignes en erreurs | 1 lignes crées | 0 lignes mises à jour | 0 lignes supprimées | 2026-04-06 12:28:00,718 {'product': [ErrorDetail(string=""BAC PRELOG PLIABL30L 600*400*165 PM n'est pas fourni par le fournisseur FOURNISSEUR CENTRALE"", code='invalid')]} - [L100153729BAC PRELOG PLIABL30L 600*400*165 PM00000426830000100000022000000000220000001172366300011725000 2001001537296 00000000000004268303907827] | 2026-04-06 12:28:00,738 {'product': [ErrorDetail(string=""BAC PRELOG PLIABL600*400*235 47L GM n'est pas fourni par le fournisseur FOURNISSEUR CENTRALE"", code='invalid')]} - [L100239401BAC PRELOG PLIABL600*400*235 47L GM00000426830000200000001000000000010000001409274000014095000 2001002394010 00000000000004268303907827] | 2026-04-06 12:28:00,757 {'product': [ErrorDetail(string=""PALETTE APAL  80*120 n'est pas fourni par le fournisseur FOURNISSEUR CENTRALE"", code='invalid')]} - [L100514060PALETTE APAL  80*120               00000426830000300000006000000000060000001049138000010490000 2001005140607 00000000000004268303907827] | 2026-04-06 12:28:00,783 {'product': [ErrorDetail(string=""BAC PRELOG600*400*165 RGE 30L PM n'est pas fourni par le fournisseur FOURNISSEUR CENTRALE"", code='invalid')]} - [L100533538BAC PRELOG600*400*165 RGE 30L PM   00000426830000400000005000000000050000001114392000011145000 2001005335386 00000000000004268303907827] | 2026-04-06 12:28:00,787 fin intégration: (9cca9907-bbc1-48c5-9a46-8998425bb920) | fichier: /srv/import/291/Fac_291_00336694.LC | 5 lignes formatées | 4 lignes en erreurs | 1 lignes crées | 0 lignes mises à jour | 0 lignes supprimées";291;MANDARINE DANGA
pos9;POS 9;2026-04-09T18:56:31.473006+00:00;6ab486a3-d43b-4af9-a73e-af2cc4067299;2026-04-06T12:28:00.628565;2026-04-06T12:28:00.768031;30;import de données;delivery;livraison;0;erreur;interne;"Extrait du rapport d'import: | 2026-04-06 12:27:01,011 {'product': [ErrorDetail(string=""LG CELERI BRANCHE BAT n'est pas fourni par le fournisseur FOURNISSEUR CENTRALE"", code='invalid')]} - [L100006436LG CELERI BRANCHE BAT              00000426230002000000006000000000010000000223200000002790000 2801329000003 00000000000004262300129537] | 2026-04-06 12:27:01,030 {'product': [ErrorDetail(string=""LG CHOU-FLEUR BAT n'est pas fourni par le fournisseur FOURNISSEUR CENTRALE"", code='invalid')]} - [L100006450LG CHOU-FLEUR BAT                  00000426220001100000023000000000020000000168999600001990000 2801314000001 00000000000004262200129537] | 2026-04-06 12:27:01,049 {'product': [ErrorDetail(string=""LG CHOU-FLEUR BAT n'est pas fourni par le fournisseur FOURNISSEUR CENTRALE"", code='invalid')]} - [L100006450LG CHOU-FLEUR BAT                  00000426230002100000023400000000020000000168999600001990000 2801314000001 00000000000004262300129537] | 2026-04-06 12:27:01,068 {'product': [ErrorDetail(string=""FR PEP POMME GRANNY SCHT 1K5 BAT n'est pas fourni par le fournisseur FOURNISSEUR CENTRALE"", code='invalid')]} - [L100006451FR PEP POMME GRANNY SCHT 1K5 BAT   00000426220001200000008000000000010000000247092000002890000 2001000064519 00000000000004262200129537] | 2026-04-06 12:27:01,087 {'product': [ErrorDetail(string=""LG PDT FONDANTE PUREE VRAC BAT n'est pas fourni par le fournisseur FOURNISSEUR CENTRALE"", code='invalid')]} - [L100008629LG PDT FONDANTE PUREE VRAC BAT     00000426230002200000012500000000010000000159200000001990000 2801532000005 00000000000004262300129537] | 2026-04-06 12:27:01,107 {'product': [ErrorDetail(string=""LG PDT GRENAILLE VRAC BAT n'est pas fourni par le fournisseur FOURNISSEUR CENTRALE"", code='invalid')]} - [L100018902LG PDT GRENAILLE VRAC BAT          00000426230002300000012500000000010000000159200000001990000 2802339000007 00000000000004262300129537] | 2026-04-06 12:27:01,126 {'product': [ErrorDetail(string=""LG PDT SPECIALE FRITE 2K5 BAT n'est pas fourni par le fournisseur FOURNISSEUR CENTRALE"", code='invalid')]} - [L100026784LG PDT SPECIALE FRITE 2K5 BAT      00000426230002400000006000000000010000000391000000004890000 3345360302126 00000000000004262300129537] | 2026-04-06 12:27:01,150 {'product': [ErrorDetail(string=""LG ENDIVE VRAC BAT n'est pas fourni par le fournisseur FOURNISSEUR CENTRALE"", code='invalid')]} - [L100044984LG ENDIVE VRAC BAT                 00000426230002500000005000000000010000000399000000004990000 2888878000005 00000000000004262300129537] | 2026-04-06 12:27:01,168 {'product': [ErrorDetail(string=""LG CONCOMBRE VRAC LOCAL ASP n'est pas fourni par le fournisseur FOURNISSEUR CENTRALE"", code='invalid')]} - [L100050266LG CONCOMBRE VRAC LOCAL ASP        00000426230002600000020000000000020000000044000000000490000 2809971000006 00000000000004262300129537] | 2026-04-06 12:27:01,186 {'product': [ErrorDetail(string=""FR TROP BANANE PLANTAIN ALLOCO ASP n'est pas fourni par le fournisseur FOURNISSEUR CENTRALE"", code='invalid')]} - [L100050270FR TROP BANANE PLANTAIN ALLOCO ASP 00000426230002700000020000000000020000000037800000000425000 2800611000004 00000000000004262300129537] | 2026-04-06 12:27:01,205 {'product': [ErrorDetail(string=""FR AGR ORANGE LOCALE ASP n'est pas fourni par le fournisseur FOURNISSEUR CENTRALE"", code='invalid')]} - [L100050281FR AGR ORANGE LOCALE ASP           00000426220001300000015000000000010000000039500000000450000 2800622000000 00000000000004262200129537] | 2026-04-06 12:27:01,223 {'product': [ErrorDetail(string=""FR TROP PAPAYE SOLO ALLONGEE ASP n'est pas fourni par le fournisseur FOURNISSEUR CENTRALE"", code='invalid')]} - [L100050284FR TROP PAPAYE SOLO ALLONGEE ASP   00000426230002800000030000000000030000000033500000000375000 2800625000007 00000000000004262300129537] | 2026-04-06 12:27:01,240 {'product': [ErrorDetail(string=""FR PEP PASTEQUE LOCALE ASP n'est pas fourni par le fournisseur FOURNISSEUR CENTRALE"", code='invalid')]} - [L100056575FR PEP PASTEQUE LOCALE ASP         00000426230002900000027800000000030000000048500000000550000 2810069000006 00000000000004262300129537] | 2026-04-06 12:27:01,259 {'product': [ErrorDetail(string=""FR EXO GRENADE  BAT n'est pas fourni par le fournisseur FOURNISSEUR CENTRALE"", code='invalid')]} - [L100072196FR EXO GRENADE  BAT                00000426230003000000007600000000020000000506220000005990000 2802442000000 00000000000004262300129537] | 2026-04-06 12:27:01,279 {'product': [ErrorDetail(string=""FR PEP POMME GOLDEN ROSE PLT 1RG BA n'est pas fourni par le fournisseur FOURNISSEUR CENTRALE"", code='invalid')]} - [L100075282FR PEP POMME GOLDEN ROSE PLT 1RG BA00000426220001400000008000000000020000000319190000003990000 2901114000000 00000000000004262200129537] | 2026-04-06 12:27:01,298 {'product': [ErrorDetail(string=""LG OIGNON VIOLET VRAC 25KG ASP n'est pas fourni par le fournisseur FOURNISSEUR CENTRALE"", code='invalid')]} - [L100190852LG OIGNON VIOLET VRAC 25KG ASP     00000426230003100000025000000000010000000039500000000450000 2803418000000 00000000000004262300129537] | 2026-04-06 12:27:01,317 {'product': [ErrorDetail(string=""FR AGR ORANGE ESPAGNE PLT 1RG BAT n'est pas fourni par le fournisseur FOURNISSEUR CENTRALE"", code='invalid')]} - [L100201463FR AGR ORANGE ESPAGNE PLT 1RG BAT  00000426220001500000007000000000010000000279188000003490000 2803555000000 00000000000004262200129537] | 2026-04-06 12:27:01,336 {'product': [ErrorDetail(string=""LG CAROTTE BQTTE CRISTAL 1KG BAT n'est pas fourni par le fournisseur FOURNISSEUR CENTRALE"", code='invalid')]} - [L100203868LG CAROTTE BQTTE CRISTAL 1KG BAT   00000426230003200000012000000000010000000089000200000990000 3297170130096 00000000000004262300129537] | 2026-04-06 12:27:01,354 {'product': [ErrorDetail(string=""LG PIMENT BIG SUN ( SENT BON) ASP n'est pas fourni par le fournisseur FOURNISSEUR CENTRALE"", code='invalid')]} - [L100505267LG PIMENT BIG SUN ( SENT BON) ASP  00000426230003300000005000000000010000000326000000003590000 2807618000006 00000000000004262300129537] | 2026-04-06 12:27:01,359 fin intégration: (54676d8d-a39a-4961-a20a-db3bd9bf35db) | fichier: /srv/import/291/Fac_291_00336642.LC | 34 lignes formatées | 33 lignes en erreurs | 1 lignes crées | 0 lignes mises à jour | 0 lignes supprimées | 2026-04-06 12:28:00,718 {'product': [ErrorDetail(string=""BAC PRELOG PLIABL30L 600*400*165 PM n'est pas fourni par le fournisseur FOURNISSEUR CENTRALE"", code='invalid')]} - [L100153729BAC PRELOG PLIABL30L 600*400*165 PM00000426830000100000022000000000220000001172366300011725000 2001001537296 00000000000004268303907827] | 2026-04-06 12:28:00,738 {'product': [ErrorDetail(string=""BAC PRELOG PLIABL600*400*235 47L GM n'est pas fourni par le fournisseur FOURNISSEUR CENTRALE"", code='invalid')]} - [L100239401BAC PRELOG PLIABL600*400*235 47L GM00000426830000200000001000000000010000001409274000014095000 2001002394010 00000000000004268303907827] | 2026-04-06 12:28:00,757 {'product': [ErrorDetail(string=""PALETTE APAL  80*120 n'est pas fourni par le fournisseur FOURNISSEUR CENTRALE"", code='invalid')]} - [L100514060PALETTE APAL  80*120               00000426830000300000006000000000060000001049138000010490000 2001005140607 00000000000004268303907827]";293;MANDARINE AMBASSADE CHINE
pos9;POS 9;2026-04-09T18:56:31.473006+00:00;e1624676-146d-47aa-a6e7-a5e96691b532;2026-04-06T12:28:00.602381;2026-04-06T12:28:00.764002;30;import de données;delivery;livraison;2;succès;interne;Import livraison: | fin intégration: (e1624676-146d-47aa-a6e7-a5e96691b532) | fichier: /srv/import/080/Fac_080_00336810.LC | 3 lignes formatées | 0 lignes en erreurs | 3 lignes crées | 0 lignes mises à jour | 0 lignes supprimées;080;MANDARINE MARCORY
pos9;POS 9;2026-04-09T18:56:31.473006+00:00;cbd3cd29-f411-421e-93f0-ab2019512c84;2026-04-06T12:28:00.619264;2026-04-06T12:28:00.748592;30;import de données;delivery;livraison;2;succès;interne;Import livraison: | fin intégration: (cbd3cd29-f411-421e-93f0-ab2019512c84) | fichier: /srv/import/292/Fac_292_00336747.LC | 2 lignes formatées | 0 lignes en erreurs | 2 lignes crées | 0 lignes mises à jour | 0 lignes supprimées;292;MANDARINE KOUMASSI
pos9;POS 9;2026-04-09T18:56:31.473006+00:00;54676d8d-a39a-4961-a20a-db3bd9bf35db;2026-04-06T12:27:00.620065;2026-04-06T12:27:01.376304;30;import de données;delivery;livraison;0;erreur;interne;"Extrait du rapport d'import: | 2026-04-06 12:27:00,948 {'product': [ErrorDetail(string=""LG CHOUX BLANC BAT n'est pas fourni par le fournisseur FOURNISSEUR CENTRALE"", code='invalid')]} - [L045057111LG CHOUX BLANC BAT                 00000426230001800000015400000000010000000085000500000990000 2899600000002 00000000000004262300129537] | 2026-04-06 12:27:00,968 {'product': [ErrorDetail(string=""LG RADIS ROUGE SCHT 125G BAT n'est pas fourni par le fournisseur FOURNISSEUR CENTRALE"", code='invalid')]} - [L045088101LG RADIS ROUGE SCHT 125G BAT       00000426230001900000020000000000010000000079000000000990000 8714745510664 00000000000004262300129537] | 2026-04-06 12:27:00,988 {'product': [ErrorDetail(string=""FR PEP KIWI BQT 1KGX10 BAT n'est pas fourni par le fournisseur FOURNISSEUR CENTRALE"", code='invalid')]} - [L100006433FR PEP KIWI BQT 1KGX10 BAT         00000426220001000000009000000000010000000330400900003990000 0806812210138 00000000000004262200129537] | 2026-04-06 12:27:01,011 {'product': [ErrorDetail(string=""LG CELERI BRANCHE BAT n'est pas fourni par le fournisseur FOURNISSEUR CENTRALE"", code='invalid')]} - [L100006436LG CELERI BRANCHE BAT              00000426230002000000006000000000010000000223200000002790000 2801329000003 00000000000004262300129537] | 2026-04-06 12:27:01,030 {'product': [ErrorDetail(string=""LG CHOU-FLEUR BAT n'est pas fourni par le fournisseur FOURNISSEUR CENTRALE"", code='invalid')]} - [L100006450LG CHOU-FLEUR BAT                  00000426220001100000023000000000020000000168999600001990000 2801314000001 00000000000004262200129537] | 2026-04-06 12:27:01,049 {'product': [ErrorDetail(string=""LG CHOU-FLEUR BAT n'est pas fourni par le fournisseur FOURNISSEUR CENTRALE"", code='invalid')]} - [L100006450LG CHOU-FLEUR BAT                  00000426230002100000023400000000020000000168999600001990000 2801314000001 00000000000004262300129537] | 2026-04-06 12:27:01,068 {'product': [ErrorDetail(string=""FR PEP POMME GRANNY SCHT 1K5 BAT n'est pas fourni par le fournisseur FOURNISSEUR CENTRALE"", code='invalid')]} - [L100006451FR PEP POMME GRANNY SCHT 1K5 BAT   00000426220001200000008000000000010000000247092000002890000 2001000064519 00000000000004262200129537] | 2026-04-06 12:27:01,087 {'product': [ErrorDetail(string=""LG PDT FONDANTE PUREE VRAC BAT n'est pas fourni par le fournisseur FOURNISSEUR CENTRALE"", code='invalid')]} - [L100008629LG PDT FONDANTE PUREE VRAC BAT     00000426230002200000012500000000010000000159200000001990000 2801532000005 00000000000004262300129537] | 2026-04-06 12:27:01,107 {'product': [ErrorDetail(string=""LG PDT GRENAILLE VRAC BAT n'est pas fourni par le fournisseur FOURNISSEUR CENTRALE"", code='invalid')]} - [L100018902LG PDT GRENAILLE VRAC BAT          00000426230002300000012500000000010000000159200000001990000 2802339000007 00000000000004262300129537] | 2026-04-06 12:27:01,126 {'product': [ErrorDetail(string=""LG PDT SPECIALE FRITE 2K5 BAT n'est pas fourni par le fournisseur FOURNISSEUR CENTRALE"", code='invalid')]} - [L100026784LG PDT SPECIALE FRITE 2K5 BAT      00000426230002400000006000000000010000000391000000004890000 3345360302126 00000000000004262300129537] | 2026-04-06 12:27:01,150 {'product': [ErrorDetail(string=""LG ENDIVE VRAC BAT n'est pas fourni par le fournisseur FOURNISSEUR CENTRALE"", code='invalid')]} - [L100044984LG ENDIVE VRAC BAT                 00000426230002500000005000000000010000000399000000004990000 2888878000005 00000000000004262300129537] | 2026-04-06 12:27:01,168 {'product': [ErrorDetail(string=""LG CONCOMBRE VRAC LOCAL ASP n'est pas fourni par le fournisseur FOURNISSEUR CENTRALE"", code='invalid')]} - [L100050266LG CONCOMBRE VRAC LOCAL ASP        00000426230002600000020000000000020000000044000000000490000 2809971000006 00000000000004262300129537] | 2026-04-06 12:27:01,186 {'product': [ErrorDetail(string=""FR TROP BANANE PLANTAIN ALLOCO ASP n'est pas fourni par le fournisseur FOURNISSEUR CENTRALE"", code='invalid')]} - [L100050270FR TROP BANANE PLANTAIN ALLOCO ASP 00000426230002700000020000000000020000000037800000000425000 2800611000004 00000000000004262300129537] | 2026-04-06 12:27:01,205 {'product': [ErrorDetail(string=""FR AGR ORANGE LOCALE ASP n'est pas fourni par le fournisseur FOURNISSEUR CENTRALE"", code='invalid')]} - [L100050281FR AGR ORANGE LOCALE ASP           00000426220001300000015000000000010000000039500000000450000 2800622000000 00000000000004262200129537] | 2026-04-06 12:27:01,223 {'product': [ErrorDetail(string=""FR TROP PAPAYE SOLO ALLONGEE ASP n'est pas fourni par le fournisseur FOURNISSEUR CENTRALE"", code='invalid')]} - [L100050284FR TROP PAPAYE SOLO ALLONGEE ASP   00000426230002800000030000000000030000000033500000000375000 2800625000007 00000000000004262300129537] | 2026-04-06 12:27:01,240 {'product': [ErrorDetail(string=""FR PEP PASTEQUE LOCALE ASP n'est pas fourni par le fournisseur FOURNISSEUR CENTRALE"", code='invalid')]} - [L100056575FR PEP PASTEQUE LOCALE ASP         00000426230002900000027800000000030000000048500000000550000 2810069000006 00000000000004262300129537] | 2026-04-06 12:27:01,259 {'product': [ErrorDetail(string=""FR EXO GRENADE  BAT n'est pas fourni par le fournisseur FOURNISSEUR CENTRALE"", code='invalid')]} - [L100072196FR EXO GRENADE  BAT                00000426230003000000007600000000020000000506220000005990000 2802442000000 00000000000004262300129537] | 2026-04-06 12:27:01,279 {'product': [ErrorDetail(string=""FR PEP POMME GOLDEN ROSE PLT 1RG BA n'est pas fourni par le fournisseur FOURNISSEUR CENTRALE"", code='invalid')]} - [L100075282FR PEP POMME GOLDEN ROSE PLT 1RG BA00000426220001400000008000000000020000000319190000003990000 2901114000000 00000000000004262200129537] | 2026-04-06 12:27:01,298 {'product': [ErrorDetail(string=""LG OIGNON VIOLET VRAC 25KG ASP n'est pas fourni par le fournisseur FOURNISSEUR CENTRALE"", code='invalid')]} - [L100190852LG OIGNON VIOLET VRAC 25KG ASP     00000426230003100000025000000000010000000039500000000450000 2803418000000 00000000000004262300129537] | 2026-04-06 12:27:01,317 {'product': [ErrorDetail(string=""FR AGR ORANGE ESPAGNE PLT 1RG BAT n'est pas fourni par le fournisseur FOURNISSEUR CENTRALE"", code='invalid')]} - [L100201463FR AGR ORANGE ESPAGNE PLT 1RG BAT  00000426220001500000007000000000010000000279188000003490000 2803555000000 00000000000004262200129537] | 2026-04-06 12:27:01,336 {'product': [ErrorDetail(string=""LG CAROTTE BQTTE CRISTAL 1KG BAT n'est pas fourni par le fournisseur FOURNISSEUR CENTRALE"", code='invalid')]} - [L100203868LG CAROTTE BQTTE CRISTAL 1KG BAT   00000426230003200000012000000000010000000089000200000990000 3297170130096 00000000000004262300129537] | 2026-04-06 12:27:01,354 {'product': [ErrorDetail(string=""LG PIMENT BIG SUN ( SENT BON) ASP n'est pas fourni par le fournisseur FOURNISSEUR CENTRALE"", code='invalid')]} - [L100505267LG PIMENT BIG SUN ( SENT BON) ASP  00000426230003300000005000000000010000000326000000003590000 2807618000006 00000000000004262300129537] | 2026-04-06 12:27:01,359 fin intégration: (54676d8d-a39a-4961-a20a-db3bd9bf35db) | fichier: /srv/import/291/Fac_291_00336642.LC | 34 lignes formatées | 33 lignes en erreurs | 1 lignes crées | 0 lignes mises à jour | 0 lignes supprimées";291;MANDARINE DANGA
pos9;POS 9;2026-04-09T18:56:31.473006+00:00;f0f39335-da0e-477f-bd82-b962adc65569;2026-04-06T12:27:00.631957;2026-04-06T12:27:00.900115;30;import de données;delivery;livraison;2;succès;interne;Import livraison: | fin intégration: (f0f39335-da0e-477f-bd82-b962adc65569) | fichier: /srv/import/292/Fac_292_00336695.LC | 5 lignes formatées | 0 lignes en erreurs | 5 lignes crées | 0 lignes mises à jour | 0 lignes supprimées;292;MANDARINE KOUMASSI
pos9;POS 9;2026-04-09T18:56:31.473006+00:00;88b1bb91-ef72-48fd-b596-a16ca0e62cbb;2026-04-06T12:27:00.647193;2026-04-06T12:27:00.826382;30;import de données;delivery;livraison;0;erreur;interne;"Extrait du rapport d'import: | 2026-04-06 12:26:01,188 {'product': [ErrorDetail(string=""LG CHOUX VERT LOCAL ASP n'est pas fourni par le fournisseur FOURNISSEUR CENTRALE"", code='invalid')]} - [L100050275LG CHOUX VERT LOCAL ASP            00000425490003200000020000000000020000000065600000000725000 2001000502752 00000000000004254900129541] | 2026-04-06 12:26:01,203 {'product': [ErrorDetail(string=""FR AGR ORANGE LOCALE ASP n'est pas fourni par le fournisseur FOURNISSEUR CENTRALE"", code='invalid')]} - [L100050281FR AGR ORANGE LOCALE ASP           00000425480001200000015000000000010000000039500000000450000 2800622000000 00000000000004254800129541] | 2026-04-06 12:26:01,221 {'product': [ErrorDetail(string=""LG POIVRON VERT LOCAL ASP n'est pas fourni par le fournisseur FOURNISSEUR CENTRALE"", code='invalid')]} - [L100050286LG POIVRON VERT LOCAL ASP          00000425490003300000005000000000010000000183500000001990000 2800627000005 00000000000004254900129541] | 2026-04-06 12:26:01,240 {'product': [ErrorDetail(string=""LG TOM. ROMA LOCALE ASP n'est pas fourni par le fournisseur FOURNISSEUR CENTRALE"", code='invalid')]} - [L100050288LG TOM. ROMA LOCALE ASP            00000425490003400000030000000000030000000103500000001150000 2800629000003 00000000000004254900129541] | 2026-04-06 12:26:01,259 {'product': [ErrorDetail(string=""FR PEP PASTEQUE LOCALE ASP n'est pas fourni par le fournisseur FOURNISSEUR CENTRALE"", code='invalid')]} - [L100056575FR PEP PASTEQUE LOCALE ASP         00000425490003500000039500000000050000000048500000000550000 2810069000006 00000000000004254900129541] | 2026-04-06 12:26:01,282 {'product': [ErrorDetail(string=""LG OIGNON HOLLANDE PETIT FLT 5KGASP n'est pas fourni par le fournisseur FOURNISSEUR CENTRALE"", code='invalid')]} - [L100056937LG OIGNON HOLLANDE PETIT FLT 5KGASP00000425490003600000006000000000060000000188000000002100000 2001000569373 00000000000004254900129541] | 2026-04-06 12:26:01,306 {'product': [ErrorDetail(string=""LG COURGETTE MINI LOCALE ASP n'est pas fourni par le fournisseur FOURNISSEUR CENTRALE"", code='invalid')]} - [L100067837LG COURGETTE MINI LOCALE ASP       00000425490003700000010000000000010000000112400000001250000 2881990000007 00000000000004254900129541] | 2026-04-06 12:26:01,331 {'product': [ErrorDetail(string=""FR TROP MANGUE AMELIE LOCALE ASP n'est pas fourni par le fournisseur FOURNISSEUR CENTRALE"", code='invalid')]} - [L100068238FR TROP MANGUE AMELIE LOCALE ASP   00000425490003800000010000000000010000000034300000000390000 2882080000006 00000000000004254900129541] | 2026-04-06 12:26:01,350 {'product': [ErrorDetail(string=""FR TROP MANGUE RETARD LOCALE ASP n'est pas fourni par le fournisseur FOURNISSEUR CENTRALE"", code='invalid')]} - [L100068243FR TROP MANGUE RETARD LOCALE ASP   00000425490003900000010000000000010000000034300000000390000 2882085000001 00000000000004254900129541] | 2026-04-06 12:26:01,368 {'product': [ErrorDetail(string=""FR PEP KIWI GOLD PCE BAT n'est pas fourni par le fournisseur FOURNISSEUR CENTRALE"", code='invalid')]} - [L100070107FR PEP KIWI GOLD PCE BAT           00000425490004000000052000000000010000000095226000001190000 2001000701070 00000000000004254900129541] | 2026-04-06 12:26:01,386 {'product': [ErrorDetail(string=""FR EXO GRENADE  BAT n'est pas fourni par le fournisseur FOURNISSEUR CENTRALE"", code='invalid')]} - [L100072196FR EXO GRENADE  BAT                00000425490004100000015200000000040000000506220000005990000 2802442000000 00000000000004254900129541] | 2026-04-06 12:26:01,403 {'product': [ErrorDetail(string=""FR PEP POMME GOLDEN ROSE PLT 1RG BA n'est pas fourni par le fournisseur FOURNISSEUR CENTRALE"", code='invalid')]} - [L100075282FR PEP POMME GOLDEN ROSE PLT 1RG BA00000425480001300000004000000000010000000319190000003990000 2901114000000 00000000000004254800129541] | 2026-04-06 12:26:01,424 {'product': [ErrorDetail(string=""FR PEP POMME GOLDEN ROSE PLT 1RG BA n'est pas fourni par le fournisseur FOURNISSEUR CENTRALE"", code='invalid')]} - [L100075282FR PEP POMME GOLDEN ROSE PLT 1RG BA00000425490004200000004000000000010000000319190000003990000 2901114000000 00000000000004254900129541] | 2026-04-06 12:26:01,442 {'product': [ErrorDetail(string=""LG OIGNON VIOLET VRAC 25KG ASP n'est pas fourni par le fournisseur FOURNISSEUR CENTRALE"", code='invalid')]} - [L100190852LG OIGNON VIOLET VRAC 25KG ASP     00000425490004300000050000000000020000000039500000000450000 2803418000000 00000000000004254900129541] | 2026-04-06 12:26:01,459 {'product': [ErrorDetail(string=""FR AGR ORANGE ESPAGNE PLT 1RG BAT n'est pas fourni par le fournisseur FOURNISSEUR CENTRALE"", code='invalid')]} - [L100201463FR AGR ORANGE ESPAGNE PLT 1RG BAT  00000425480001400000014000000000020000000279188000003490000 2803555000000 00000000000004254800129541] | 2026-04-06 12:26:01,478 {'product': [ErrorDetail(string=""FR PEP POMME PINK LADY VRAC BAT n'est pas fourni par le fournisseur FOURNISSEUR CENTRALE"", code='invalid')]} - [L100217679FR PEP POMME PINK LADY VRAC BAT    00000425480001500000036400000000020000000197178000002390000 2803727000005 00000000000004254800129541] | 2026-04-06 12:26:01,497 {'product': [ErrorDetail(string=""FR AGR ORANGE A JUS BAT n'est pas fourni par le fournisseur FOURNISSEUR CENTRALE"", code='invalid')]} - [L100390241FR AGR ORANGE A JUS BAT            00000425480001600000150000000000100000000118000000001180000 2805607000006 00000000000004254800129541] | 2026-04-06 12:26:01,500 fin intégration: (b91c2ba1-74a8-4ef7-b4cc-4c7f99f7ca9b) | fichier: /srv/import/291/Fac_291_00336641.LC | 44 lignes formatées | 43 lignes en erreurs | 1 lignes crées | 0 lignes mises à jour | 0 lignes supprimées | 2026-04-06 12:27:00,734 {'product': [ErrorDetail(string=""FR PEP POMME GRANNY SMITH PLT 1RG B n'est pas fourni par le fournisseur FOURNISSEUR CENTRALE"", code='invalid')]} - [L044001311FR PEP POMME GRANNY SMITH PLT 1RG B00000426220000100000014000000000020000000241900000002990000 2825662000001 00000000000004262200129537] | 2026-04-06 12:27:00,755 {'product': [ErrorDetail(string=""FR PEP POMME GRANNY 18KG VRAC BAT n'est pas fourni par le fournisseur FOURNISSEUR CENTRALE"", code='invalid')]} - [L044001313FR PEP POMME GRANNY 18KG VRAC BAT  00000426220000200000036400000000020000000179360000002190000 2865889000002 00000000000004262200129537] | 2026-04-06 12:27:00,774 {'product': [ErrorDetail(string=""FR PEP POIRE NASHI BAT n'est pas fourni par le fournisseur FOURNISSEUR CENTRALE"", code='invalid')]} - [L044002907FR PEP POIRE NASHI BAT             00000426230001600000005000000000010000000391052000004890000 2801664000003 00000000000004262300129537] | 2026-04-06 12:27:00,794 {'product': [ErrorDetail(string=""FR PEP KIWI PIECE BAT n'est pas fourni par le fournisseur FOURNISSEUR CENTRALE"", code='invalid')]} - [L044012101FR PEP KIWI PIECE BAT              00000426220000300000078000000000020000000039176000000490000 2000440121011 00000000000004262200129537] | 2026-04-06 12:27:00,813 {'product': [ErrorDetail(string=""FR AGR ORANGE SANGUINE VRAC BAT n'est pas fourni par le fournisseur FOURNISSEUR CENTRALE"", code='invalid')]} - [L044021402FR AGR ORANGE SANGUINE VRAC BAT    00000426220000400000009500000000010000000253700000002990000 2801662000005 00000000000004262200129537]";293;MANDARINE AMBASSADE CHINE
pos9;POS 9;2026-04-09T18:56:31.473006+00:00;be6c8f01-a026-4aa0-a6ed-19cdb892a29c;2026-04-06T12:27:00.609363;2026-04-06T12:27:00.766096;30;import de données;delivery;livraison;2;succès;interne;Import livraison: | fin intégration: (be6c8f01-a026-4aa0-a6ed-19cdb892a29c) | fichier: /srv/import/080/Fac_080_00336791.LC | 2 lignes formatées | 0 lignes en erreurs | 2 lignes crées | 0 lignes mises à jour | 0 lignes supprimées;080;MANDARINE MARCORY
pos9;POS 9;2026-04-09T18:56:31.473006+00:00;b3b174a2-7b59-4a3f-a01a-0ae68b2b59c2;2026-04-06T12:26:00.621530;2026-04-06T12:26:01.610441;30;import de données;delivery;livraison;2;succès;interne;Import livraison: | fin intégration: (b3b174a2-7b59-4a3f-a01a-0ae68b2b59c2) | fichier: /srv/import/292/Fac_292_00336587.LC | 32 lignes formatées | 0 lignes en erreurs | 31 lignes crées | 1 lignes mises à jour | 0 lignes supprimées;292;MANDARINE KOUMASSI
pos9;POS 9;2026-04-09T18:56:31.473006+00:00;b91c2ba1-74a8-4ef7-b4cc-4c7f99f7ca9b;2026-04-06T12:26:00.610868;2026-04-06T12:26:01.517301;30;import de données;delivery;livraison;0;erreur;interne;"Extrait du rapport d'import: | 2026-04-06 12:26:01,101 {'product': [ErrorDetail(string=""LG CONCOMBRE VRAC LOCAL ASP n'est pas fourni par le fournisseur FOURNISSEUR CENTRALE"", code='invalid')]} - [L100050266LG CONCOMBRE VRAC LOCAL ASP        00000425490002800000010000000000010000000044000000000490000 2809971000006 00000000000004254900129541] | 2026-04-06 12:26:01,118 {'product': [ErrorDetail(string=""FR AGR CITRON LIME LOCAL ASP n'est pas fourni par le fournisseur FOURNISSEUR CENTRALE"", code='invalid')]} - [L100050268FR AGR CITRON LIME LOCAL ASP       00000425480001100000030000000000020000000048700000000550000 2800609000009 00000000000004254800129541] | 2026-04-06 12:26:01,136 {'product': [ErrorDetail(string=""FR TROP BANANE PLANTAIN ALLOCO ASP n'est pas fourni par le fournisseur FOURNISSEUR CENTRALE"", code='invalid')]} - [L100050270FR TROP BANANE PLANTAIN ALLOCO ASP 00000425490002900000030000000000030000000037800000000425000 2800611000004 00000000000004254900129541] | 2026-04-06 12:26:01,153 {'product': [ErrorDetail(string=""LG AUBERGINE VIOLETTE LOCALE ASP n'est pas fourni par le fournisseur FOURNISSEUR CENTRALE"", code='invalid')]} - [L100050272LG AUBERGINE VIOLETTE LOCALE ASP   00000425490003000000010000000000010000000054000000000590000 2800613000002 00000000000004254900129541] | 2026-04-06 12:26:01,171 {'product': [ErrorDetail(string=""FR TROP AVOCAT ORDINAIRE LOCAL ASP n'est pas fourni par le fournisseur FOURNISSEUR CENTRALE"", code='invalid')]} - [L100050274FR TROP AVOCAT ORDINAIRE LOCAL ASP 00000425490003100000010000000000010000000044000000000490000 2800615000000 00000000000004254900129541] | 2026-04-06 12:26:01,188 {'product': [ErrorDetail(string=""LG CHOUX VERT LOCAL ASP n'est pas fourni par le fournisseur FOURNISSEUR CENTRALE"", code='invalid')]} - [L100050275LG CHOUX VERT LOCAL ASP            00000425490003200000020000000000020000000065600000000725000 2001000502752 00000000000004254900129541] | 2026-04-06 12:26:01,203 {'product': [ErrorDetail(string=""FR AGR ORANGE LOCALE ASP n'est pas fourni par le fournisseur FOURNISSEUR CENTRALE"", code='invalid')]} - [L100050281FR AGR ORANGE LOCALE ASP           00000425480001200000015000000000010000000039500000000450000 2800622000000 00000000000004254800129541] | 2026-04-06 12:26:01,221 {'product': [ErrorDetail(string=""LG POIVRON VERT LOCAL ASP n'est pas fourni par le fournisseur FOURNISSEUR CENTRALE"", code='invalid')]} - [L100050286LG POIVRON VERT LOCAL ASP          00000425490003300000005000000000010000000183500000001990000 2800627000005 00000000000004254900129541] | 2026-04-06 12:26:01,240 {'product': [ErrorDetail(string=""LG TOM. ROMA LOCALE ASP n'est pas fourni par le fournisseur FOURNISSEUR CENTRALE"", code='invalid')]} - [L100050288LG TOM. ROMA LOCALE ASP            00000425490003400000030000000000030000000103500000001150000 2800629000003 00000000000004254900129541] | 2026-04-06 12:26:01,259 {'product': [ErrorDetail(string=""FR PEP PASTEQUE LOCALE ASP n'est pas fourni par le fournisseur FOURNISSEUR CENTRALE"", code='invalid')]} - [L100056575FR PEP PASTEQUE LOCALE ASP         00000425490003500000039500000000050000000048500000000550000 2810069000006 00000000000004254900129541] | 2026-04-06 12:26:01,282 {'product': [ErrorDetail(string=""LG OIGNON HOLLANDE PETIT FLT 5KGASP n'est pas fourni par le fournisseur FOURNISSEUR CENTRALE"", code='invalid')]} - [L100056937LG OIGNON HOLLANDE PETIT FLT 5KGASP00000425490003600000006000000000060000000188000000002100000 2001000569373 00000000000004254900129541] | 2026-04-06 12:26:01,306 {'product': [ErrorDetail(string=""LG COURGETTE MINI LOCALE ASP n'est pas fourni par le fournisseur FOURNISSEUR CENTRALE"", code='invalid')]} - [L100067837LG COURGETTE MINI LOCALE ASP       00000425490003700000010000000000010000000112400000001250000 2881990000007 00000000000004254900129541] | 2026-04-06 12:26:01,331 {'product': [ErrorDetail(string=""FR TROP MANGUE AMELIE LOCALE ASP n'est pas fourni par le fournisseur FOURNISSEUR CENTRALE"", code='invalid')]} - [L100068238FR TROP MANGUE AMELIE LOCALE ASP   00000425490003800000010000000000010000000034300000000390000 2882080000006 00000000000004254900129541] | 2026-04-06 12:26:01,350 {'product': [ErrorDetail(string=""FR TROP MANGUE RETARD LOCALE ASP n'est pas fourni par le fournisseur FOURNISSEUR CENTRALE"", code='invalid')]} - [L100068243FR TROP MANGUE RETARD LOCALE ASP   00000425490003900000010000000000010000000034300000000390000 2882085000001 00000000000004254900129541] | 2026-04-06 12:26:01,368 {'product': [ErrorDetail(string=""FR PEP KIWI GOLD PCE BAT n'est pas fourni par le fournisseur FOURNISSEUR CENTRALE"", code='invalid')]} - [L100070107FR PEP KIWI GOLD PCE BAT           00000425490004000000052000000000010000000095226000001190000 2001000701070 00000000000004254900129541] | 2026-04-06 12:26:01,386 {'product': [ErrorDetail(string=""FR EXO GRENADE  BAT n'est pas fourni par le fournisseur FOURNISSEUR CENTRALE"", code='invalid')]} - [L100072196FR EXO GRENADE  BAT                00000425490004100000015200000000040000000506220000005990000 2802442000000 00000000000004254900129541] | 2026-04-06 12:26:01,403 {'product': [ErrorDetail(string=""FR PEP POMME GOLDEN ROSE PLT 1RG BA n'est pas fourni par le fournisseur FOURNISSEUR CENTRALE"", code='invalid')]} - [L100075282FR PEP POMME GOLDEN ROSE PLT 1RG BA00000425480001300000004000000000010000000319190000003990000 2901114000000 00000000000004254800129541] | 2026-04-06 12:26:01,424 {'product': [ErrorDetail(string=""FR PEP POMME GOLDEN ROSE PLT 1RG BA n'est pas fourni par le fournisseur FOURNISSEUR CENTRALE"", code='invalid')]} - [L100075282FR PEP POMME GOLDEN ROSE PLT 1RG BA00000425490004200000004000000000010000000319190000003990000 2901114000000 00000000000004254900129541] | 2026-04-06 12:26:01,442 {'product': [ErrorDetail(string=""LG OIGNON VIOLET VRAC 25KG ASP n'est pas fourni par le fournisseur FOURNISSEUR CENTRALE"", code='invalid')]} - [L100190852LG OIGNON VIOLET VRAC 25KG ASP     00000425490004300000050000000000020000000039500000000450000 2803418000000 00000000000004254900129541] | 2026-04-06 12:26:01,459 {'product': [ErrorDetail(string=""FR AGR ORANGE ESPAGNE PLT 1RG BAT n'est pas fourni par le fournisseur FOURNISSEUR CENTRALE"", code='invalid')]} - [L100201463FR AGR ORANGE ESPAGNE PLT 1RG BAT  00000425480001400000014000000000020000000279188000003490000 2803555000000 00000000000004254800129541] | 2026-04-06 12:26:01,478 {'product': [ErrorDetail(string=""FR PEP POMME PINK LADY VRAC BAT n'est pas fourni par le fournisseur FOURNISSEUR CENTRALE"", code='invalid')]} - [L100217679FR PEP POMME PINK LADY VRAC BAT    00000425480001500000036400000000020000000197178000002390000 2803727000005 00000000000004254800129541] | 2026-04-06 12:26:01,497 {'product': [ErrorDetail(string=""FR AGR ORANGE A JUS BAT n'est pas fourni par le fournisseur FOURNISSEUR CENTRALE"", code='invalid')]} - [L100390241FR AGR ORANGE A JUS BAT            00000425480001600000150000000000100000000118000000001180000 2805607000006 00000000000004254800129541] | 2026-04-06 12:26:01,500 fin intégration: (b91c2ba1-74a8-4ef7-b4cc-4c7f99f7ca9b) | fichier: /srv/import/291/Fac_291_00336641.LC | 44 lignes formatées | 43 lignes en erreurs | 1 lignes crées | 0 lignes mises à jour | 0 lignes supprimées";291;MANDARINE DANGA
pos9;POS 9;2026-04-09T18:56:31.473006+00:00;d27bca38-058b-448e-ac3f-d0d6e458bf1c;2026-04-06T12:26:00.630599;2026-04-06T12:26:00.821114;30;import de données;delivery;livraison;0;erreur;interne;"Extrait du rapport d'import: | 2026-04-06 12:25:00,830 {'product': [ErrorDetail(string=""HAMBURGER SESAME 6 PCES 300G CT*9 S n'est pas fourni par le fournisseur FOURNISSEUR CENTRALE"", code='invalid')]} - [L100099455HAMBURGER SESAME 6 PCES 300G CT*9 S00000424210000700000008000000000010000000199420000002490000 3254950008310 00000000000004242100129550] | 2026-04-06 12:25:00,846 {'product': [ErrorDetail(string=""HAMBURGER SESAME 4PCES 300G CT*7 S n'est pas fourni par le fournisseur FOURNISSEUR CENTRALE"", code='invalid')]} - [L100099457HAMBURGER SESAME 4PCES 300G CT*7 S 00000424210000800000007000000000010000000199420000002490000 3254950008389 00000000000004242100129550] | 2026-04-06 12:25:00,861 {'product': [ErrorDetail(string=""HOT DOG XXL n'est pas fourni par le fournisseur FOURNISSEUR CENTRALE"", code='invalid')]} - [L100157931HOT DOG XXL                        00000424210000900000007000000000010000000239186000002990000 3254950009058 00000000000004242100129550] | 2026-04-06 12:25:00,876 {'product': [ErrorDetail(string=""BEURRIER PRESIDENT DX 125G 82% MG n'est pas fourni par le fournisseur FOURNISSEUR CENTRALE"", code='invalid')]} - [L100177207BEURRIER PRESIDENT DX 125G 82% MG  00000424210001000000012000000000010000000237180000002790000 3228022000243 00000000000004242100129552] | 2026-04-06 12:25:00,892 {'product': [ErrorDetail(string=""CREME UHT PRESIDENT 20CL 35 1% MG n'est pas fourni par le fournisseur FOURNISSEUR CENTRALE"", code='invalid')]} - [L100177238CREME UHT PRESIDENT 20CL 35 1% MG  00000424210001100000024000000000010000000169094000001990000 3228020160321 00000000000004242100129552] | 2026-04-06 12:25:00,910 {'product': [ErrorDetail(string=""CREME 12% PRESIDENT 20CL BRIQ SQUAR n'est pas fourni par le fournisseur FOURNISSEUR CENTRALE"", code='invalid')]} - [L100177245CREME 12% PRESIDENT 20CL BRIQ SQUAR00000424210001200000024000000000010000000143606000001690000 3155253004675 00000000000004242100129552] | 2026-04-06 12:25:00,925 {'product': [ErrorDetail(string=""PORT SALUT COUPE 2 25KG BEL n'est pas fourni par le fournisseur FOURNISSEUR CENTRALE"", code='invalid')]} - [L100204313PORT SALUT COUPE 2 25KG BEL        00000424210001300000002122000000010000000959222000011990000 2803570000009 00000000000004242100129546] | 2026-04-06 12:25:00,941 {'product': [ErrorDetail(string=""CREME UHT SPEC CUIS 18% 20CL PRESID n'est pas fourni par le fournisseur FOURNISSEUR CENTRALE"", code='invalid')]} - [L100280345CREME UHT SPEC CUIS 18% 20CL PRESID00000424210001400000024000000000010000000152102000001790000 3155250361405 00000000000004242100129552] | 2026-04-06 12:25:00,956 {'product': [ErrorDetail(string=""FR COMBI DELAKTIS 12X500G FLECHARD n'est pas fourni par le fournisseur FOURNISSEUR CENTRALE"", code='invalid')]} - [L100328154FR COMBI DELAKTIS 12X500G FLECHARD 00000424210001500000012000000000010000000159300000001990000 3256761201003 00000000000004242100129550] | 2026-04-06 12:25:00,972 {'product': [ErrorDetail(string=""DL MON GREC NATURE 125GX4 ELVIR n'est pas fourni par le fournisseur FOURNISSEUR CENTRALE"", code='invalid')]} - [L100406465DL MON GREC NATURE 125GX4 ELVIR    00000424210001600000012000000000020000000271164000003390000 3451790188718 00000000000004242100129550] | 2026-04-06 12:25:00,989 {'product': [ErrorDetail(string=""DL MON GREC MIEL 125GX4 ELVIR n'est pas fourni par le fournisseur FOURNISSEUR CENTRALE"", code='invalid')]} - [L100406472DL MON GREC MIEL 125GX4 ELVIR      00000424210001700000012000000000020000000271164000003390000 3451790188831 00000000000004242100129550] | 2026-04-06 12:25:01,006 {'product': [ErrorDetail(string=""CREME VEGET CUISINE 20CL GRAN CUCIN n'est pas fourni par le fournisseur FOURNISSEUR CENTRALE"", code='invalid')]} - [L100478753CREME VEGET CUISINE 20CL GRAN CUCIN00000424210001800000024000000000010000000071390000000890000 0000000418900 00000000000004242100129552] | 2026-04-06 12:25:01,025 {'product': [ErrorDetail(string=""FROMAGE A GRILLER GREC KOLIOS 250G n'est pas fourni par le fournisseur FOURNISSEUR CENTRALE"", code='invalid')]} - [L100631739FROMAGE A GRILLER GREC KOLIOS 250G 00000424210001900000010000000000010000000375240000004690000 5201704018048 00000000000004242100129550] | 2026-04-06 12:25:01,042 {'product': [ErrorDetail(string=""DESS LACTE PECHE 125GX4 ELVIR n'est pas fourni par le fournisseur FOURNISSEUR CENTRALE"", code='invalid')]} - [L100640354DESS LACTE PECHE 125GX4 ELVIR      00000424210002000000006000000000010000000207090000002590000 3451790019739 00000000000004242100129550] | 2026-04-06 12:25:01,060 {'product': [ErrorDetail(string=""DL MON GREC FRAISE 125GX6 ELVIR n'est pas fourni par le fournisseur FOURNISSEUR CENTRALE"", code='invalid')]} - [L100644668DL MON GREC FRAISE 125GX6 ELVIR    00000424210002100000012000000000020000000271164000003390000 3451790011856 00000000000004242100129550] | 2026-04-06 12:25:01,077 {'product': [ErrorDetail(string=""CREME DESS CAFE 100GX4 ELVIR n'est pas fourni par le fournisseur FOURNISSEUR CENTRALE"", code='invalid')]} - [L100650486CREME DESS CAFE 100GX4 ELVIR       00000424210002200000012000000000010000000159300000001990000 3451790019135 00000000000004242100129550] | 2026-04-06 12:25:01,095 {'product': [ErrorDetail(string=""BARRE PATISSIERE NAT ET PEPITE CHOC n'est pas fourni par le fournisseur FOURNISSEUR CENTRALE"", code='invalid')]} - [L100673826BARRE PATISSIERE NAT ET PEPITE CHOC00000424210002300000012000000000010000000479080000005990000 3254950001366 00000000000004242100129550] | 2026-04-06 12:25:01,099 fin intégration: (acaafe69-d01b-41fe-9b65-12c755bfe4d6) | fichier: /srv/import/291/Fac_291_00336640.LC | 24 lignes formatées | 23 lignes en erreurs | 1 lignes crées | 0 lignes mises à jour | 0 lignes supprimées | 2026-04-06 12:26:00,711 {'product': [ErrorDetail(string=""FR PEP POMME GRANNY SMITH PLT 1RG B n'est pas fourni par le fournisseur FOURNISSEUR CENTRALE"", code='invalid')]} - [L044001311FR PEP POMME GRANNY SMITH PLT 1RG B00000425480000100000014000000000020000000241900000002990000 2825662000001 00000000000004254800129541] | 2026-04-06 12:26:00,729 {'product': [ErrorDetail(string=""FR PEP POMME GRANNY 18KG VRAC BAT n'est pas fourni par le fournisseur FOURNISSEUR CENTRALE"", code='invalid')]} - [L044001313FR PEP POMME GRANNY 18KG VRAC BAT  00000425480000200000036400000000020000000179360000002190000 2865889000002 00000000000004254800129541] | 2026-04-06 12:26:00,749 {'product': [ErrorDetail(string=""FR PEP POIRE PACKHAMS VRAC BAT n'est pas fourni par le fournisseur FOURNISSEUR CENTRALE"", code='invalid')]} - [L044002905FR PEP POIRE PACKHAMS VRAC BAT     00000425480000300000025000000000020000000158946000001990000 2800453000002 00000000000004254800129541] | 2026-04-06 12:26:00,775 {'product': [ErrorDetail(string=""FR PEP KIWI PIECE BAT n'est pas fourni par le fournisseur FOURNISSEUR CENTRALE"", code='invalid')]} - [L044012101FR PEP KIWI PIECE BAT              00000425490001700000078000000000020000000039176000000490000 2000440121011 00000000000004254900129541] | 2026-04-06 12:26:00,805 {'product': [ErrorDetail(string=""FR AGR ORANGE SANGUINE VRAC BAT n'est pas fourni par le fournisseur FOURNISSEUR CENTRALE"", code='invalid')]} - [L044021402FR AGR ORANGE SANGUINE VRAC BAT    00000425480000400000019000000000020000000253700000002990000 2801662000005 00000000000004254800129541]";293;MANDARINE AMBASSADE CHINE
pos9;POS 9;2026-04-09T18:56:31.473006+00:00;63ef96ea-0631-4fe8-bf0e-f536b2d2fc68;2026-04-06T12:26:00.600174;2026-04-06T12:26:00.779681;30;import de données;delivery;livraison;2;succès;interne;Import livraison: | fin intégration: (63ef96ea-0631-4fe8-bf0e-f536b2d2fc68) | fichier: /srv/import/080/Fac_080_00336684.LC | 3 lignes formatées | 0 lignes en erreurs | 3 lignes crées | 0 lignes mises à jour | 0 lignes supprimées;080;MANDARINE MARCORY
pos9;POS 9;2026-04-09T18:56:31.473006+00:00;acaafe69-d01b-41fe-9b65-12c755bfe4d6;2026-04-06T12:25:00.614877;2026-04-06T12:25:01.116718;30;import de données;delivery;livraison;0;erreur;interne;"Extrait du rapport d'import: | 2026-04-06 12:25:00,727 {'product': [ErrorDetail(string=""CREME DESS VANILLE 100GX4 ELVIR n'est pas fourni par le fournisseur FOURNISSEUR CENTRALE"", code='invalid')]} - [L100007902CREME DESS VANILLE 100GX4 ELVIR    00000424210000200000024000000000020000000159300000001990000 3451790019180 00000000000004242100129550] | 2026-04-06 12:25:00,752 {'product': [ErrorDetail(string=""DESS LACTE ABRICOT 125GX4 ELVIR n'est pas fourni par le fournisseur FOURNISSEUR CENTRALE"", code='invalid')]} - [L100007907DESS LACTE ABRICOT 125GX4 ELVIR    00000424210000300000012000000000020000000207090000002590000 3451790397622 00000000000004242100129550] | 2026-04-06 12:25:00,773 {'product': [ErrorDetail(string=""DESS LACTE FRTS BOIS 125GX4 ELVIR n'est pas fourni par le fournisseur FOURNISSEUR CENTRALE"", code='invalid')]} - [L100008325DESS LACTE FRTS BOIS 125GX4 ELVIR  00000424210000400000006000000000010000000207090000002590000 3451790397745 00000000000004242100129550] | 2026-04-06 12:25:00,791 {'product': [ErrorDetail(string=""MARGARINE SAINT AVE 200 GRS n'est pas fourni par le fournisseur FOURNISSEUR CENTRALE"", code='invalid')]} - [L100013729MARGARINE SAINT AVE 200 GRS        00000424210000500000040000000000010000000043188000000475000 6181100227017 00000000000004242100129552] | 2026-04-06 12:25:00,813 {'product': [ErrorDetail(string=""CREME CUISSON EXCELLENCE 35% 1L ELV n'est pas fourni par le fournisseur FOURNISSEUR CENTRALE"", code='invalid')]} - [L100067278CREME CUISSON EXCELLENCE 35% 1L ELV00000424210000600000012000000000010000000509170000005990000 3451790802249 00000000000004242100129552] | 2026-04-06 12:25:00,830 {'product': [ErrorDetail(string=""HAMBURGER SESAME 6 PCES 300G CT*9 S n'est pas fourni par le fournisseur FOURNISSEUR CENTRALE"", code='invalid')]} - [L100099455HAMBURGER SESAME 6 PCES 300G CT*9 S00000424210000700000008000000000010000000199420000002490000 3254950008310 00000000000004242100129550] | 2026-04-06 12:25:00,846 {'product': [ErrorDetail(string=""HAMBURGER SESAME 4PCES 300G CT*7 S n'est pas fourni par le fournisseur FOURNISSEUR CENTRALE"", code='invalid')]} - [L100099457HAMBURGER SESAME 4PCES 300G CT*7 S 00000424210000800000007000000000010000000199420000002490000 3254950008389 00000000000004242100129550] | 2026-04-06 12:25:00,861 {'product': [ErrorDetail(string=""HOT DOG XXL n'est pas fourni par le fournisseur FOURNISSEUR CENTRALE"", code='invalid')]} - [L100157931HOT DOG XXL                        00000424210000900000007000000000010000000239186000002990000 3254950009058 00000000000004242100129550] | 2026-04-06 12:25:00,876 {'product': [ErrorDetail(string=""BEURRIER PRESIDENT DX 125G 82% MG n'est pas fourni par le fournisseur FOURNISSEUR CENTRALE"", code='invalid')]} - [L100177207BEURRIER PRESIDENT DX 125G 82% MG  00000424210001000000012000000000010000000237180000002790000 3228022000243 00000000000004242100129552] | 2026-04-06 12:25:00,892 {'product': [ErrorDetail(string=""CREME UHT PRESIDENT 20CL 35 1% MG n'est pas fourni par le fournisseur FOURNISSEUR CENTRALE"", code='invalid')]} - [L100177238CREME UHT PRESIDENT 20CL 35 1% MG  00000424210001100000024000000000010000000169094000001990000 3228020160321 00000000000004242100129552] | 2026-04-06 12:25:00,910 {'product': [ErrorDetail(string=""CREME 12% PRESIDENT 20CL BRIQ SQUAR n'est pas fourni par le fournisseur FOURNISSEUR CENTRALE"", code='invalid')]} - [L100177245CREME 12% PRESIDENT 20CL BRIQ SQUAR00000424210001200000024000000000010000000143606000001690000 3155253004675 00000000000004242100129552] | 2026-04-06 12:25:00,925 {'product': [ErrorDetail(string=""PORT SALUT COUPE 2 25KG BEL n'est pas fourni par le fournisseur FOURNISSEUR CENTRALE"", code='invalid')]} - [L100204313PORT SALUT COUPE 2 25KG BEL        00000424210001300000002122000000010000000959222000011990000 2803570000009 00000000000004242100129546] | 2026-04-06 12:25:00,941 {'product': [ErrorDetail(string=""CREME UHT SPEC CUIS 18% 20CL PRESID n'est pas fourni par le fournisseur FOURNISSEUR CENTRALE"", code='invalid')]} - [L100280345CREME UHT SPEC CUIS 18% 20CL PRESID00000424210001400000024000000000010000000152102000001790000 3155250361405 00000000000004242100129552] | 2026-04-06 12:25:00,956 {'product': [ErrorDetail(string=""FR COMBI DELAKTIS 12X500G FLECHARD n'est pas fourni par le fournisseur FOURNISSEUR CENTRALE"", code='invalid')]} - [L100328154FR COMBI DELAKTIS 12X500G FLECHARD 00000424210001500000012000000000010000000159300000001990000 3256761201003 00000000000004242100129550] | 2026-04-06 12:25:00,972 {'product': [ErrorDetail(string=""DL MON GREC NATURE 125GX4 ELVIR n'est pas fourni par le fournisseur FOURNISSEUR CENTRALE"", code='invalid')]} - [L100406465DL MON GREC NATURE 125GX4 ELVIR    00000424210001600000012000000000020000000271164000003390000 3451790188718 00000000000004242100129550] | 2026-04-06 12:25:00,989 {'product': [ErrorDetail(string=""DL MON GREC MIEL 125GX4 ELVIR n'est pas fourni par le fournisseur FOURNISSEUR CENTRALE"", code='invalid')]} - [L100406472DL MON GREC MIEL 125GX4 ELVIR      00000424210001700000012000000000020000000271164000003390000 3451790188831 00000000000004242100129550] | 2026-04-06 12:25:01,006 {'product': [ErrorDetail(string=""CREME VEGET CUISINE 20CL GRAN CUCIN n'est pas fourni par le fournisseur FOURNISSEUR CENTRALE"", code='invalid')]} - [L100478753CREME VEGET CUISINE 20CL GRAN CUCIN00000424210001800000024000000000010000000071390000000890000 0000000418900 00000000000004242100129552] | 2026-04-06 12:25:01,025 {'product': [ErrorDetail(string=""FROMAGE A GRILLER GREC KOLIOS 250G n'est pas fourni par le fournisseur FOURNISSEUR CENTRALE"", code='invalid')]} - [L100631739FROMAGE A GRILLER GREC KOLIOS 250G 00000424210001900000010000000000010000000375240000004690000 5201704018048 00000000000004242100129550] | 2026-04-06 12:25:01,042 {'product': [ErrorDetail(string=""DESS LACTE PECHE 125GX4 ELVIR n'est pas fourni par le fournisseur FOURNISSEUR CENTRALE"", code='invalid')]} - [L100640354DESS LACTE PECHE 125GX4 ELVIR      00000424210002000000006000000000010000000207090000002590000 3451790019739 00000000000004242100129550] | 2026-04-06 12:25:01,060 {'product': [ErrorDetail(string=""DL MON GREC FRAISE 125GX6 ELVIR n'est pas fourni par le fournisseur FOURNISSEUR CENTRALE"", code='invalid')]} - [L100644668DL MON GREC FRAISE 125GX6 ELVIR    00000424210002100000012000000000020000000271164000003390000 3451790011856 00000000000004242100129550] | 2026-04-06 12:25:01,077 {'product': [ErrorDetail(string=""CREME DESS CAFE 100GX4 ELVIR n'est pas fourni par le fournisseur FOURNISSEUR CENTRALE"", code='invalid')]} - [L100650486CREME DESS CAFE 100GX4 ELVIR       00000424210002200000012000000000010000000159300000001990000 3451790019135 00000000000004242100129550] | 2026-04-06 12:25:01,095 {'product': [ErrorDetail(string=""BARRE PATISSIERE NAT ET PEPITE CHOC n'est pas fourni par le fournisseur FOURNISSEUR CENTRALE"", code='invalid')]} - [L100673826BARRE PATISSIERE NAT ET PEPITE CHOC00000424210002300000012000000000010000000479080000005990000 3254950001366 00000000000004242100129550] | 2026-04-06 12:25:01,099 fin intégration: (acaafe69-d01b-41fe-9b65-12c755bfe4d6) | fichier: /srv/import/291/Fac_291_00336640.LC | 24 lignes formatées | 23 lignes en erreurs | 1 lignes crées | 0 lignes mises à jour | 0 lignes supprimées";291;MANDARINE DANGA
pos9;POS 9;2026-04-09T18:56:31.473006+00:00;408051d3-441c-4aec-8aa0-976c167f955d;2026-04-06T12:25:00.631891;2026-04-06T12:25:00.795998;30;import de données;delivery;livraison;0;erreur;interne;"Extrait du rapport d'import: | 2026-04-06 12:22:00,866 fin intégration: (d80a8158-3dd4-48b0-9c74-6d0af0d7782f) | fichier: /srv/import/080/Fac_080_00336679.LC | 7 lignes formatées | 0 lignes en erreurs | 7 lignes crées | 0 lignes mises à jour | 0 lignes supprimées | 2026-04-06 12:23:01,379 fin intégration: (f5d1a53b-2328-4412-944d-842cb0c9ca75) | fichier: /srv/import/080/Fac_080_00336680.LC | 29 lignes formatées | 0 lignes en erreurs | 29 lignes crées | 0 lignes mises à jour | 0 lignes supprimées | 2026-04-06 12:24:00,776 fin intégration: (f95b7208-f321-4494-a5d4-5912e8f6e502) | fichier: /srv/import/080/Fac_080_00336681.LC | 3 lignes formatées | 0 lignes en erreurs | 3 lignes crées | 0 lignes mises à jour | 0 lignes supprimées | 2026-04-06 12:25:00,707 {'product': [ErrorDetail(string=""DESS LACTE FRAISE 125GX4  ELVIR n'est pas fourni par le fournisseur FOURNISSEUR CENTRALE"", code='invalid')]} - [L042001111DESS LACTE FRAISE 125GX4  ELVIR    00000424210000100000006000000000010000000207090000002590000 3451790397509 00000000000004242100129550] | 2026-04-06 12:25:00,727 {'product': [ErrorDetail(string=""CREME DESS VANILLE 100GX4 ELVIR n'est pas fourni par le fournisseur FOURNISSEUR CENTRALE"", code='invalid')]} - [L100007902CREME DESS VANILLE 100GX4 ELVIR    00000424210000200000024000000000020000000159300000001990000 3451790019180 00000000000004242100129550] | 2026-04-06 12:25:00,752 {'product': [ErrorDetail(string=""DESS LACTE ABRICOT 125GX4 ELVIR n'est pas fourni par le fournisseur FOURNISSEUR CENTRALE"", code='invalid')]} - [L100007907DESS LACTE ABRICOT 125GX4 ELVIR    00000424210000300000012000000000020000000207090000002590000 3451790397622 00000000000004242100129550] | 2026-04-06 12:25:00,773 {'product': [ErrorDetail(string=""DESS LACTE FRTS BOIS 125GX4 ELVIR n'est pas fourni par le fournisseur FOURNISSEUR CENTRALE"", code='invalid')]} - [L100008325DESS LACTE FRTS BOIS 125GX4 ELVIR  00000424210000400000006000000000010000000207090000002590000 3451790397745 00000000000004242100129550] | 2026-04-06 12:25:00,791 {'product': [ErrorDetail(string=""MARGARINE SAINT AVE 200 GRS n'est pas fourni par le fournisseur FOURNISSEUR CENTRALE"", code='invalid')]} - [L100013729MARGARINE SAINT AVE 200 GRS        00000424210000500000040000000000010000000043188000000475000 6181100227017 00000000000004242100129552]";293;MANDARINE AMBASSADE CHINE
pos9;POS 9;2026-04-09T18:56:31.473006+00:00;a1e41e2c-354c-469c-83f0-aed8d22074ee;2026-04-06T12:25:00.621771;2026-04-06T12:25:00.769979;30;import de données;delivery;livraison;2;succès;interne;Import livraison: | fin intégration: (a1e41e2c-354c-469c-83f0-aed8d22074ee) | fichier: /srv/import/292/Fac_292_00336586.LC | 3 lignes formatées | 0 lignes en erreurs | 3 lignes crées | 0 lignes mises à jour | 0 lignes supprimées;292;MANDARINE KOUMASSI
pos9;POS 9;2026-04-09T18:56:31.473006+00:00;ed133679-d15d-4d7d-96f1-819e60075bb2;2026-04-06T12:25:00.599734;2026-04-06T12:25:00.736355;30;import de données;delivery;livraison;2;succès;interne;Import livraison: | fin intégration: (ed133679-d15d-4d7d-96f1-819e60075bb2) | fichier: /srv/import/080/Fac_080_00336682.LC | 2 lignes formatées | 0 lignes en erreurs | 2 lignes crées | 0 lignes mises à jour | 0 lignes supprimées;080;MANDARINE MARCORY
pos9;POS 9;2026-04-09T18:56:31.473006+00:00;9b9b1f0e-eaaa-4561-9479-1e1c5f540782;2026-04-06T12:24:00.666184;2026-04-06T12:24:01.312546;30;import de données;delivery;livraison;0;erreur;interne;Extrait du rapport d'import: | 8 lignes formatées | 0 lignes en erreurs | 8 lignes crées | 0 lignes mises à jour | 0 lignes supprimées | 2026-04-06 12:22:00,866 fin intégration: (d80a8158-3dd4-48b0-9c74-6d0af0d7782f) | fichier: /srv/import/080/Fac_080_00336679.LC | 7 lignes formatées | 0 lignes en erreurs | 7 lignes crées | 0 lignes mises à jour | 0 lignes supprimées | 2026-04-06 12:23:01,379 fin intégration: (f5d1a53b-2328-4412-944d-842cb0c9ca75) | fichier: /srv/import/080/Fac_080_00336680.LC | 29 lignes formatées | 0 lignes en erreurs | 29 lignes crées | 0 lignes mises à jour | 0 lignes supprimées | 2026-04-06 12:24:00,776 fin intégration: (f95b7208-f321-4494-a5d4-5912e8f6e502) | fichier: /srv/import/080/Fac_080_00336681.LC | 3 lignes formatées | 0 lignes en erreurs | 3 lignes crées | 0 lignes mises à jour | 0 lignes supprimées;293;MANDARINE AMBASSADE CHINE
pos9;POS 9;2026-04-09T18:56:31.473006+00:00;79fd345e-1a12-41df-b6f3-c0b90c36ac63;2026-04-06T12:24:00.622084;2026-04-06T12:24:00.821285;30;import de données;delivery;livraison;2;succès;interne;Import livraison: | fin intégration: (79fd345e-1a12-41df-b6f3-c0b90c36ac63) | fichier: /srv/import/292/Fac_292_00336585.LC | 3 lignes formatées | 0 lignes en erreurs | 3 lignes crées | 0 lignes mises à jour | 0 lignes supprimées;292;MANDARINE KOUMASSI
pos9;POS 9;2026-04-09T18:56:31.473006+00:00;f95b7208-f321-4494-a5d4-5912e8f6e502;2026-04-06T12:24:00.603782;2026-04-06T12:24:00.778715;30;import de données;delivery;livraison;2;succès;interne;Import livraison: | fin intégration: (f95b7208-f321-4494-a5d4-5912e8f6e502) | fichier: /srv/import/080/Fac_080_00336681.LC | 3 lignes formatées | 0 lignes en erreurs | 3 lignes crées | 0 lignes mises à jour | 0 lignes supprimées;080;MANDARINE MARCORY
pos9;POS 9;2026-04-09T18:56:31.473006+00:00;329b05e1-022f-41c5-8810-96cefc59c5b4;2026-04-06T12:24:00.615126;2026-04-06T12:24:00.746783;30;import de données;delivery;livraison;0;erreur;interne;Extrait du rapport d'import: | 10 lignes formatées | 0 lignes en erreurs | 10 lignes crées | 0 lignes mises à jour | 0 lignes supprimées | 2026-04-06 12:21:00,877 fin intégration: (5625f753-6bb3-406e-b09e-8df69b5108bb) | fichier: /srv/import/080/Fac_080_00336678.LC | 8 lignes formatées | 0 lignes en erreurs | 8 lignes crées | 0 lignes mises à jour | 0 lignes supprimées | 2026-04-06 12:22:00,866 fin intégration: (d80a8158-3dd4-48b0-9c74-6d0af0d7782f) | fichier: /srv/import/080/Fac_080_00336679.LC | 7 lignes formatées | 0 lignes en erreurs | 7 lignes crées | 0 lignes mises à jour | 0 lignes supprimées | 2026-04-06 12:23:01,379 fin intégration: (f5d1a53b-2328-4412-944d-842cb0c9ca75) | fichier: /srv/import/080/Fac_080_00336680.LC | 29 lignes formatées | 0 lignes en erreurs | 29 lignes crées | 0 lignes mises à jour | 0 lignes supprimées;291;MANDARINE DANGA
pos9;POS 9;2026-04-09T18:56:31.473006+00:00;f5d1a53b-2328-4412-944d-842cb0c9ca75;2026-04-06T12:23:00.603068;2026-04-06T12:23:01.381345;30;import de données;delivery;livraison;2;succès;interne;Import livraison: | fin intégration: (f5d1a53b-2328-4412-944d-842cb0c9ca75) | fichier: /srv/import/080/Fac_080_00336680.LC | 29 lignes formatées | 0 lignes en erreurs | 29 lignes crées | 0 lignes mises à jour | 0 lignes supprimées;080;MANDARINE MARCORY
pos9;POS 9;2026-04-09T18:56:31.473006+00:00;28b9f3c0-fa01-4d04-9f56-e30e1a3e030f;2026-04-06T12:23:00.619274;2026-04-06T12:23:00.846783;30;import de données;delivery;livraison;2;succès;interne;Import livraison: | fin intégration: (28b9f3c0-fa01-4d04-9f56-e30e1a3e030f) | fichier: /srv/import/292/Fac_292_00336584.LC | 7 lignes formatées | 0 lignes en erreurs | 7 lignes crées | 0 lignes mises à jour | 0 lignes supprimées;292;MANDARINE KOUMASSI
pos9;POS 9;2026-04-09T18:56:31.473006+00:00;3cbb0540-8ac6-43e7-b0d2-232203c672bf;2026-04-06T12:23:00.628317;2026-04-06T12:23:00.804548;30;import de données;delivery;livraison;0;erreur;interne;Extrait du rapport d'import: | 2026-04-06 12:20:00,960 fin intégration: (6c78b8a7-cada-41be-b68d-32d84758893b) | fichier: /srv/import/080/Fac_080_00336677.LC | 10 lignes formatées | 0 lignes en erreurs | 10 lignes crées | 0 lignes mises à jour | 0 lignes supprimées | 2026-04-06 12:21:00,877 fin intégration: (5625f753-6bb3-406e-b09e-8df69b5108bb) | fichier: /srv/import/080/Fac_080_00336678.LC | 8 lignes formatées | 0 lignes en erreurs | 8 lignes crées | 0 lignes mises à jour | 0 lignes supprimées | 2026-04-06 12:22:00,866 fin intégration: (d80a8158-3dd4-48b0-9c74-6d0af0d7782f) | fichier: /srv/import/080/Fac_080_00336679.LC | 7 lignes formatées | 0 lignes en erreurs | 7 lignes crées | 0 lignes mises à jour | 0 lignes supprimées;293;MANDARINE AMBASSADE CHINE
pos9;POS 9;2026-04-09T18:56:31.473006+00:00;a3f8d161-5f52-490e-8653-89f08d58b708;2026-04-06T12:23:00.611433;2026-04-06T12:23:00.729764;30;import de données;delivery;livraison;0;erreur;interne;Extrait du rapport d'import: | 2026-04-06 12:20:00,960 fin intégration: (6c78b8a7-cada-41be-b68d-32d84758893b) | fichier: /srv/import/080/Fac_080_00336677.LC | 10 lignes formatées | 0 lignes en erreurs | 10 lignes crées | 0 lignes mises à jour | 0 lignes supprimées | 2026-04-06 12:21:00,877 fin intégration: (5625f753-6bb3-406e-b09e-8df69b5108bb) | fichier: /srv/import/080/Fac_080_00336678.LC | 8 lignes formatées | 0 lignes en erreurs | 8 lignes crées | 0 lignes mises à jour | 0 lignes supprimées | 2026-04-06 12:22:00,866 fin intégration: (d80a8158-3dd4-48b0-9c74-6d0af0d7782f) | fichier: /srv/import/080/Fac_080_00336679.LC | 7 lignes formatées | 0 lignes en erreurs | 7 lignes crées | 0 lignes mises à jour | 0 lignes supprimées;291;MANDARINE DANGA
pos9;POS 9;2026-04-09T18:56:31.473006+00:00;54de5c77-4a60-4d19-9438-45dd5ee16623;2026-04-06T12:22:00.609087;2026-04-06T12:22:01.241428;30;import de données;delivery;livraison;2;succès;interne;Import livraison: | fin intégration: (54de5c77-4a60-4d19-9438-45dd5ee16623) | fichier: /srv/import/292/Fac_292_00336583.LC | 21 lignes formatées | 0 lignes en erreurs | 21 lignes crées | 0 lignes mises à jour | 0 lignes supprimées;292;MANDARINE KOUMASSI
pos9;POS 9;2026-04-09T18:56:31.473006+00:00;d80a8158-3dd4-48b0-9c74-6d0af0d7782f;2026-04-06T12:22:00.596851;2026-04-06T12:22:00.868100;30;import de données;delivery;livraison;2;succès;interne;Import livraison: | fin intégration: (d80a8158-3dd4-48b0-9c74-6d0af0d7782f) | fichier: /srv/import/080/Fac_080_00336679.LC | 7 lignes formatées | 0 lignes en erreurs | 7 lignes crées | 0 lignes mises à jour | 0 lignes supprimées;080;MANDARINE MARCORY
pos9;POS 9;2026-04-09T18:56:31.473006+00:00;bde7eb99-d305-4cde-86ab-3a16b56a5db4;2026-04-06T12:22:00.616200;2026-04-06T12:22:00.841604;30;import de données;delivery;livraison;0;erreur;interne;Extrait du rapport d'import: | 2026-04-06 12:20:00,960 fin intégration: (6c78b8a7-cada-41be-b68d-32d84758893b) | fichier: /srv/import/080/Fac_080_00336677.LC | 10 lignes formatées | 0 lignes en erreurs | 10 lignes crées | 0 lignes mises à jour | 0 lignes supprimées | 2026-04-06 12:21:00,877 fin intégration: (5625f753-6bb3-406e-b09e-8df69b5108bb) | fichier: /srv/import/080/Fac_080_00336678.LC | 8 lignes formatées | 0 lignes en erreurs | 8 lignes crées | 0 lignes mises à jour | 0 lignes supprimées;293;MANDARINE AMBASSADE CHINE
pos9;POS 9;2026-04-09T18:56:31.473006+00:00;787288e6-f22a-4675-bc07-b950e3524208;2026-04-06T12:22:00.603858;2026-04-06T12:22:00.734083;30;import de données;delivery;livraison;0;erreur;interne;Extrait du rapport d'import: | 2026-04-06 12:20:00,960 fin intégration: (6c78b8a7-cada-41be-b68d-32d84758893b) | fichier: /srv/import/080/Fac_080_00336677.LC | 10 lignes formatées | 0 lignes en erreurs | 10 lignes crées | 0 lignes mises à jour | 0 lignes supprimées | 2026-04-06 12:21:00,877 fin intégration: (5625f753-6bb3-406e-b09e-8df69b5108bb) | fichier: /srv/import/080/Fac_080_00336678.LC | 8 lignes formatées | 0 lignes en erreurs | 8 lignes crées | 0 lignes mises à jour | 0 lignes supprimées;291;MANDARINE DANGA
pos9;POS 9;2026-04-09T18:56:31.473006+00:00;1f1c09ec-84a9-4909-9ad4-0ff9a5428db6;2026-04-06T12:21:00.608562;2026-04-06T12:21:01.165122;30;import de données;delivery;livraison;0;erreur;interne;Extrait du rapport d'import: | 2026-04-06 12:20:00,960 fin intégration: (6c78b8a7-cada-41be-b68d-32d84758893b) | fichier: /srv/import/080/Fac_080_00336677.LC | 10 lignes formatées | 0 lignes en erreurs | 10 lignes crées | 0 lignes mises à jour | 0 lignes supprimées | 2026-04-06 12:21:00,877 fin intégration: (5625f753-6bb3-406e-b09e-8df69b5108bb) | fichier: /srv/import/080/Fac_080_00336678.LC | 8 lignes formatées | 0 lignes en erreurs | 8 lignes crées | 0 lignes mises à jour | 0 lignes supprimées;291;MANDARINE DANGA
pos9;POS 9;2026-04-09T18:56:31.473006+00:00;5625f753-6bb3-406e-b09e-8df69b5108bb;2026-04-06T12:21:00.598943;2026-04-06T12:21:00.878532;30;import de données;delivery;livraison;2;succès;interne;Import livraison: | fin intégration: (5625f753-6bb3-406e-b09e-8df69b5108bb) | fichier: /srv/import/080/Fac_080_00336678.LC | 8 lignes formatées | 0 lignes en erreurs | 8 lignes crées | 0 lignes mises à jour | 0 lignes supprimées;080;MANDARINE MARCORY
pos9;POS 9;2026-04-09T18:56:31.473006+00:00;c227e889-0024-4ba1-9edb-3a7630402213;2026-04-06T12:21:00.620283;2026-04-06T12:21:00.847508;30;import de données;delivery;livraison;2;succès;interne;Import livraison: | fin intégration: (c227e889-0024-4ba1-9edb-3a7630402213) | fichier: /srv/import/292/Fac_292_00336582.LC | 5 lignes formatées | 0 lignes en erreurs | 5 lignes crées | 0 lignes mises à jour | 0 lignes supprimées;292;MANDARINE KOUMASSI
pos9;POS 9;2026-04-09T18:56:31.473006+00:00;27a07cbb-a9f9-4d70-8ec7-95dbde8f9470;2026-04-06T12:21:00.637161;2026-04-06T12:21:00.830516;30;import de données;delivery;livraison;0;erreur;interne;Extrait du rapport d'import: | 2026-04-06 12:20:00,960 fin intégration: (6c78b8a7-cada-41be-b68d-32d84758893b) | fichier: /srv/import/080/Fac_080_00336677.LC | 10 lignes formatées | 0 lignes en erreurs | 10 lignes crées | 0 lignes mises à jour | 0 lignes supprimées;293;MANDARINE AMBASSADE CHINE
pos9;POS 9;2026-04-09T18:56:31.473006+00:00;eef0a190-5950-470a-b7e2-efccc87dda59;2026-04-06T12:20:00.611540;2026-04-06T12:20:01.524377;30;import de données;delivery;livraison;0;erreur;interne;Extrait du rapport d'import: | 2026-04-06 12:20:00,960 fin intégration: (6c78b8a7-cada-41be-b68d-32d84758893b) | fichier: /srv/import/080/Fac_080_00336677.LC | 10 lignes formatées | 0 lignes en erreurs | 10 lignes crées | 0 lignes mises à jour | 0 lignes supprimées;291;MANDARINE DANGA
pos9;POS 9;2026-04-09T18:56:31.473006+00:00;6c78b8a7-cada-41be-b68d-32d84758893b;2026-04-06T12:20:00.599854;2026-04-06T12:20:00.962913;30;import de données;delivery;livraison;2;succès;interne;Import livraison: | fin intégration: (6c78b8a7-cada-41be-b68d-32d84758893b) | fichier: /srv/import/080/Fac_080_00336677.LC | 10 lignes formatées | 0 lignes en erreurs | 10 lignes crées | 0 lignes mises à jour | 0 lignes supprimées;080;MANDARINE MARCORY
pos9;POS 9;2026-04-09T18:56:31.473006+00:00;12b634dc-852b-4e38-9557-d041bf8af3d3;2026-04-06T12:20:00.637422;2026-04-06T12:20:00.758815;30;import de données;delivery;livraison;0;erreur;interne;"Extrait du rapport d'import: | 2026-04-06 12:19:01,031 {'product': [ErrorDetail(string=""TOM SECH HLE 270G CO SA n'est pas fourni par le fournisseur FOURNISSEUR CENTRALE"", code='invalid')]} - [L100280311TOM SECH HLE 270G CO SA            00000165990001700000012000000000010000000232814000003150000 3222472111115 00000000000001659900129549] | 2026-04-06 12:19:01,049 {'product': [ErrorDetail(string=""THON MCX NATUREL 185G TLJ n'est pas fourni par le fournisseur FOURNISSEUR CENTRALE"", code='invalid')]} - [L100297413THON MCX NATUREL 185G TLJ          00000165990001800000024000000000010000000172162000002350000 3700311820614 00000000000001659900129547] | 2026-04-06 12:19:01,066 {'product': [ErrorDetail(string=""RIZ RIZIERE LG VIET PARF 5KG n'est pas fourni par le fournisseur FOURNISSEUR CENTRALE"", code='invalid')]} - [L100306691RIZ RIZIERE LG VIET PARF 5KG       00000165990001900000025000000000050000000309500000003350000 6186000182954 00000000000001659900129543] | 2026-04-06 12:19:01,084 {'product': [ErrorDetail(string=""RIZ VIET PARF 900G RIZIERE n'est pas fourni par le fournisseur FOURNISSEUR CENTRALE"", code='invalid')]} - [L100317385RIZ VIET PARF 900G RIZIERE         00000165990002000000060000000000030000000052800000000575000 6186000182275 00000000000001659900129543] | 2026-04-06 12:19:01,100 {'product': [ErrorDetail(string=""KETCH 250G LESIEUR n'est pas fourni par le fournisseur FOURNISSEUR CENTRALE"", code='invalid')]} - [L100321916KETCH 250G LESIEUR                 00000165990002100000012000000000010000000105020000001425000 3265475014007 00000000000001659900129551] | 2026-04-06 12:19:01,117 {'product': [ErrorDetail(string=""HUIL VEG 90CL AYA n'est pas fourni par le fournisseur FOURNISSEUR CENTRALE"", code='invalid')]} - [L100328029HUIL VEG 90CL AYA                  00000165990002200000012000000000010000000111156000001200000 6186000195053 00000000000001659900129549] | 2026-04-06 12:19:01,134 {'product': [ErrorDetail(string=""HUIL OLIV 25CL BOM DIA n'est pas fourni par le fournisseur FOURNISSEUR CENTRALE"", code='invalid')]} - [L100328180HUIL OLIV 25CL BOM DIA             00000165990002300000012000000000010000000263966000003250000 5601397010259 00000000000001659900129549] | 2026-04-06 12:19:01,150 {'product': [ErrorDetail(string=""HUIL VEG 3L AYA n'est pas fourni par le fournisseur FOURNISSEUR CENTRALE"", code='invalid')]} - [L100334421HUIL VEG 3L AYA                    00000165990002400000006000000000010000000343262000003775000 6186000195206 00000000000001659900129549] | 2026-04-06 12:19:01,164 {'product': [ErrorDetail(string=""SARD GEN HLE OLI 140G CONNETABLE n'est pas fourni par le fournisseur FOURNISSEUR CENTRALE"", code='invalid')]} - [L100378090SARD GEN HLE OLI 140G CONNETABLE   00000165990002500000012000000000010000000103132000001290000 3263670128017 00000000000001659900129543] | 2026-04-06 12:19:01,179 {'product': [ErrorDetail(string=""HUIL VEG 1,5L AYA n'est pas fourni par le fournisseur FOURNISSEUR CENTRALE"", code='invalid')]} - [L100384863HUIL VEG 1,5L AYA                  00000165990002600000012000000000010000000163312000001775000 6186000195121 00000000000001659900129549] | 2026-04-06 12:19:01,195 {'product': [ErrorDetail(string=""MAYO CALVE 825ML  UNILEVER n'est pas fourni par le fournisseur FOURNISSEUR CENTRALE"", code='invalid')]} - [L100388140MAYO CALVE 825ML  UNILEVER         00000165990002700000006000000000010000000287212000003200000 8722700646228 00000000000001659900129549] | 2026-04-06 12:19:01,210 {'product': [ErrorDetail(string=""KETCH 390G POT AROMATE n'est pas fourni par le fournisseur FOURNISSEUR CENTRALE"", code='invalid')]} - [L100475747KETCH 390G POT AROMATE             00000165990002800000012000000000010000000058174000000800000 6186000341092 00000000000001659900129551] | 2026-04-06 12:19:01,226 {'product': [ErrorDetail(string=""OLIVE VERTE DENOY 335G CO n'est pas fourni par le fournisseur FOURNISSEUR CENTRALE"", code='invalid')]} - [L100477326OLIVE VERTE DENOY 335G CO          00000165990002900000012000000000010000000141364000002050000 3222477019393 00000000000001659900129549] | 2026-04-06 12:19:01,242 {'product': [ErrorDetail(string=""HUIL TOURN PET 1L EXCELLA n'est pas fourni par le fournisseur FOURNISSEUR CENTRALE"", code='invalid')]} - [L100512812HUIL TOURN PET 1L EXCELLA          00000165990003000000012000000000010000000179478000002200000 6181100220049 00000000000001659900129549] | 2026-04-06 12:19:01,258 {'product': [ErrorDetail(string=""HUIL TOURN PET 2L EXCELLA n'est pas fourni par le fournisseur FOURNISSEUR CENTRALE"", code='invalid')]} - [L100512813HUIL TOURN PET 2L EXCELLA          00000165990003100000006000000000010000000347392000004250000 6181100220056 00000000000001659900129549] | 2026-04-06 12:19:01,273 {'product': [ErrorDetail(string=""MAYO SQUEEZE 35CL AROMATE n'est pas fourni par le fournisseur FOURNISSEUR CENTRALE"", code='invalid')]} - [L100517885MAYO SQUEEZE 35CL AROMATE          00000165990003200000012000000000010000000091096000001150000 6186000341252 00000000000001659900129549] | 2026-04-06 12:19:01,288 {'product': [ErrorDetail(string=""SCE BBQ SQZ 35CL AROMATE n'est pas fourni par le fournisseur FOURNISSEUR CENTRALE"", code='invalid')]} - [L100592103SCE BBQ SQZ 35CL AROMATE           00000165990003300000012000000000010000000100064000001250000 6186000341719 00000000000001659900129551] | 2026-04-06 12:19:01,303 {'product': [ErrorDetail(string=""MOUT 45CL/490G AROMATE n'est pas fourni par le fournisseur FOURNISSEUR CENTRALE"", code='invalid')]} - [L100643570MOUT 45CL/490G AROMATE             00000165990003400000006000000000010000000161896000002000000 6186000341788 00000000000001659900129549] | 2026-04-06 12:19:01,319 {'product': [ErrorDetail(string=""OLIV NR GREC DEN -25%SEL 220G TRAMI n'est pas fourni par le fournisseur FOURNISSEUR CENTRALE"", code='invalid')]} - [L100698156OLIV NR GREC DEN -25%SEL 220G TRAMI00000165990003500000012000000000010000000190452000002600000 3017239004829 00000000000001659900129549] | 2026-04-06 12:19:01,334 {'product': [ErrorDetail(string=""MAIS SS AJOUTE BTE 1/4 ZF BONDUELLE n'est pas fourni par le fournisseur FOURNISSEUR CENTRALE"", code='invalid')]} - [L100707211MAIS SS AJOUTE BTE 1/4 ZF BONDUELLE00000165990003600000012000000000010000000085786000001200000 3083681177237 00000000000001659900129547] | 2026-04-06 12:19:01,349 {'product': [ErrorDetail(string=""MAIS SWEET GRAINS BIO BTE 1/4 BONDU n'est pas fourni par le fournisseur FOURNISSEUR CENTRALE"", code='invalid')]} - [L100707249MAIS SWEET GRAINS BIO BTE 1/4 BONDU00000165990003700000012000000000010000000105138000001425000 3083680977531 00000000000001659900129547] | 2026-04-06 12:19:01,352 fin intégration: (ca146f66-6be3-412a-a5bf-3575eed7a084) | fichier: /srv/import/291/Fac_291_00236950.LC | 38 lignes formatées | 37 lignes en erreurs | 1 lignes crées | 0 lignes mises à jour | 0 lignes supprimées | 2026-04-06 12:20:00,727 {'product': [ErrorDetail(string=""EDC 50CL ROULIO n'est pas fourni par le fournisseur FOURNISSEUR CENTRALE"", code='invalid')]} - [L100005250EDC 50CL ROULIO                    00000169240000100000006000000000010000000122366000001700000 6181100310979 00000000000001692400129559]";293;MANDARINE AMBASSADE CHINE
pos9;POS 9;2026-04-09T18:56:31.473006+00:00;d46008ec-de4f-4df8-9d44-c849d5f41ce8;2026-04-06T12:20:00.622307;2026-04-06T12:20:00.740620;30;import de données;delivery;livraison;2;succès;interne;Import livraison: | fin intégration: (d46008ec-de4f-4df8-9d44-c849d5f41ce8) | fichier: /srv/import/292/Fac_292_00336581.LC | 2 lignes formatées | 0 lignes en erreurs | 2 lignes crées | 0 lignes mises à jour | 0 lignes supprimées;292;MANDARINE KOUMASSI
pos9;POS 9;2026-04-09T18:56:31.473006+00:00;ca146f66-6be3-412a-a5bf-3575eed7a084;2026-04-06T12:19:00.617216;2026-04-06T12:19:01.366094;30;import de données;delivery;livraison;0;erreur;interne;"Extrait du rapport d'import: | 2026-04-06 12:19:01,015 {'product': [ErrorDetail(string=""SCE EXTRA BOLOGNESE 425G PANZANI n'est pas fourni par le fournisseur FOURNISSEUR CENTRALE"", code='invalid')]} - [L100273609SCE EXTRA BOLOGNESE 425G PANZANI   00000165990001600000015000000000010000000216766000003000000 5948990121051 00000000000001659900129543] | 2026-04-06 12:19:01,031 {'product': [ErrorDetail(string=""TOM SECH HLE 270G CO SA n'est pas fourni par le fournisseur FOURNISSEUR CENTRALE"", code='invalid')]} - [L100280311TOM SECH HLE 270G CO SA            00000165990001700000012000000000010000000232814000003150000 3222472111115 00000000000001659900129549] | 2026-04-06 12:19:01,049 {'product': [ErrorDetail(string=""THON MCX NATUREL 185G TLJ n'est pas fourni par le fournisseur FOURNISSEUR CENTRALE"", code='invalid')]} - [L100297413THON MCX NATUREL 185G TLJ          00000165990001800000024000000000010000000172162000002350000 3700311820614 00000000000001659900129547] | 2026-04-06 12:19:01,066 {'product': [ErrorDetail(string=""RIZ RIZIERE LG VIET PARF 5KG n'est pas fourni par le fournisseur FOURNISSEUR CENTRALE"", code='invalid')]} - [L100306691RIZ RIZIERE LG VIET PARF 5KG       00000165990001900000025000000000050000000309500000003350000 6186000182954 00000000000001659900129543] | 2026-04-06 12:19:01,084 {'product': [ErrorDetail(string=""RIZ VIET PARF 900G RIZIERE n'est pas fourni par le fournisseur FOURNISSEUR CENTRALE"", code='invalid')]} - [L100317385RIZ VIET PARF 900G RIZIERE         00000165990002000000060000000000030000000052800000000575000 6186000182275 00000000000001659900129543] | 2026-04-06 12:19:01,100 {'product': [ErrorDetail(string=""KETCH 250G LESIEUR n'est pas fourni par le fournisseur FOURNISSEUR CENTRALE"", code='invalid')]} - [L100321916KETCH 250G LESIEUR                 00000165990002100000012000000000010000000105020000001425000 3265475014007 00000000000001659900129551] | 2026-04-06 12:19:01,117 {'product': [ErrorDetail(string=""HUIL VEG 90CL AYA n'est pas fourni par le fournisseur FOURNISSEUR CENTRALE"", code='invalid')]} - [L100328029HUIL VEG 90CL AYA                  00000165990002200000012000000000010000000111156000001200000 6186000195053 00000000000001659900129549] | 2026-04-06 12:19:01,134 {'product': [ErrorDetail(string=""HUIL OLIV 25CL BOM DIA n'est pas fourni par le fournisseur FOURNISSEUR CENTRALE"", code='invalid')]} - [L100328180HUIL OLIV 25CL BOM DIA             00000165990002300000012000000000010000000263966000003250000 5601397010259 00000000000001659900129549] | 2026-04-06 12:19:01,150 {'product': [ErrorDetail(string=""HUIL VEG 3L AYA n'est pas fourni par le fournisseur FOURNISSEUR CENTRALE"", code='invalid')]} - [L100334421HUIL VEG 3L AYA                    00000165990002400000006000000000010000000343262000003775000 6186000195206 00000000000001659900129549] | 2026-04-06 12:19:01,164 {'product': [ErrorDetail(string=""SARD GEN HLE OLI 140G CONNETABLE n'est pas fourni par le fournisseur FOURNISSEUR CENTRALE"", code='invalid')]} - [L100378090SARD GEN HLE OLI 140G CONNETABLE   00000165990002500000012000000000010000000103132000001290000 3263670128017 00000000000001659900129543] | 2026-04-06 12:19:01,179 {'product': [ErrorDetail(string=""HUIL VEG 1,5L AYA n'est pas fourni par le fournisseur FOURNISSEUR CENTRALE"", code='invalid')]} - [L100384863HUIL VEG 1,5L AYA                  00000165990002600000012000000000010000000163312000001775000 6186000195121 00000000000001659900129549] | 2026-04-06 12:19:01,195 {'product': [ErrorDetail(string=""MAYO CALVE 825ML  UNILEVER n'est pas fourni par le fournisseur FOURNISSEUR CENTRALE"", code='invalid')]} - [L100388140MAYO CALVE 825ML  UNILEVER         00000165990002700000006000000000010000000287212000003200000 8722700646228 00000000000001659900129549] | 2026-04-06 12:19:01,210 {'product': [ErrorDetail(string=""KETCH 390G POT AROMATE n'est pas fourni par le fournisseur FOURNISSEUR CENTRALE"", code='invalid')]} - [L100475747KETCH 390G POT AROMATE             00000165990002800000012000000000010000000058174000000800000 6186000341092 00000000000001659900129551] | 2026-04-06 12:19:01,226 {'product': [ErrorDetail(string=""OLIVE VERTE DENOY 335G CO n'est pas fourni par le fournisseur FOURNISSEUR CENTRALE"", code='invalid')]} - [L100477326OLIVE VERTE DENOY 335G CO          00000165990002900000012000000000010000000141364000002050000 3222477019393 00000000000001659900129549] | 2026-04-06 12:19:01,242 {'product': [ErrorDetail(string=""HUIL TOURN PET 1L EXCELLA n'est pas fourni par le fournisseur FOURNISSEUR CENTRALE"", code='invalid')]} - [L100512812HUIL TOURN PET 1L EXCELLA          00000165990003000000012000000000010000000179478000002200000 6181100220049 00000000000001659900129549] | 2026-04-06 12:19:01,258 {'product': [ErrorDetail(string=""HUIL TOURN PET 2L EXCELLA n'est pas fourni par le fournisseur FOURNISSEUR CENTRALE"", code='invalid')]} - [L100512813HUIL TOURN PET 2L EXCELLA          00000165990003100000006000000000010000000347392000004250000 6181100220056 00000000000001659900129549] | 2026-04-06 12:19:01,273 {'product': [ErrorDetail(string=""MAYO SQUEEZE 35CL AROMATE n'est pas fourni par le fournisseur FOURNISSEUR CENTRALE"", code='invalid')]} - [L100517885MAYO SQUEEZE 35CL AROMATE          00000165990003200000012000000000010000000091096000001150000 6186000341252 00000000000001659900129549] | 2026-04-06 12:19:01,288 {'product': [ErrorDetail(string=""SCE BBQ SQZ 35CL AROMATE n'est pas fourni par le fournisseur FOURNISSEUR CENTRALE"", code='invalid')]} - [L100592103SCE BBQ SQZ 35CL AROMATE           00000165990003300000012000000000010000000100064000001250000 6186000341719 00000000000001659900129551] | 2026-04-06 12:19:01,303 {'product': [ErrorDetail(string=""MOUT 45CL/490G AROMATE n'est pas fourni par le fournisseur FOURNISSEUR CENTRALE"", code='invalid')]} - [L100643570MOUT 45CL/490G AROMATE             00000165990003400000006000000000010000000161896000002000000 6186000341788 00000000000001659900129549] | 2026-04-06 12:19:01,319 {'product': [ErrorDetail(string=""OLIV NR GREC DEN -25%SEL 220G TRAMI n'est pas fourni par le fournisseur FOURNISSEUR CENTRALE"", code='invalid')]} - [L100698156OLIV NR GREC DEN -25%SEL 220G TRAMI00000165990003500000012000000000010000000190452000002600000 3017239004829 00000000000001659900129549] | 2026-04-06 12:19:01,334 {'product': [ErrorDetail(string=""MAIS SS AJOUTE BTE 1/4 ZF BONDUELLE n'est pas fourni par le fournisseur FOURNISSEUR CENTRALE"", code='invalid')]} - [L100707211MAIS SS AJOUTE BTE 1/4 ZF BONDUELLE00000165990003600000012000000000010000000085786000001200000 3083681177237 00000000000001659900129547] | 2026-04-06 12:19:01,349 {'product': [ErrorDetail(string=""MAIS SWEET GRAINS BIO BTE 1/4 BONDU n'est pas fourni par le fournisseur FOURNISSEUR CENTRALE"", code='invalid')]} - [L100707249MAIS SWEET GRAINS BIO BTE 1/4 BONDU00000165990003700000012000000000010000000105138000001425000 3083680977531 00000000000001659900129547] | 2026-04-06 12:19:01,352 fin intégration: (ca146f66-6be3-412a-a5bf-3575eed7a084) | fichier: /srv/import/291/Fac_291_00236950.LC | 38 lignes formatées | 37 lignes en erreurs | 1 lignes crées | 0 lignes mises à jour | 0 lignes supprimées";291;MANDARINE DANGA
pos9;POS 9;2026-04-09T18:56:31.473006+00:00;b5ed42a0-0da0-4938-955f-5fa0930e2c19;2026-04-06T12:19:00.635869;2026-04-06T12:19:00.818039;30;import de données;delivery;livraison;0;erreur;interne;"Extrait du rapport d'import: | 2026-04-06 12:19:00,787 {'product': [ErrorDetail(string=""HUIl VEG 90CL DINOR n'est pas fourni par le fournisseur FOURNISSEUR CENTRALE"", code='invalid')]} - [L017017561HUIl VEG 90CL DINOR                00000165990000300000015000000000010000000111392000001200000 6181100220063 00000000000001659900129549] | 2026-04-06 12:19:00,806 {'product': [ErrorDetail(string=""HUIL VEG 20L DINOR n'est pas fourni par le fournisseur FOURNISSEUR CENTRALE"", code='invalid')]} - [L017017573HUIL VEG 20L DINOR                 00000165990000400000003000000000030000002060988000021200000 6181100220070 00000000000001659900129549]";293;MANDARINE AMBASSADE CHINE
pos9;POS 9;2026-04-09T18:56:31.473006+00:00;1990a91b-e79f-479c-bd9a-6a9f68d95a77;2026-04-06T12:19:00.624746;2026-04-06T12:19:00.781561;30;import de données;delivery;livraison;2;succès;interne;Import livraison: | fin intégration: (1990a91b-e79f-479c-bd9a-6a9f68d95a77) | fichier: /srv/import/292/Fac_292_00336580.LC | 2 lignes formatées | 0 lignes en erreurs | 2 lignes crées | 0 lignes mises à jour | 0 lignes supprimées;292;MANDARINE KOUMASSI
pos9;POS 9;2026-04-09T18:56:31.473006+00:00;8b0cae17-6b4d-4ebb-beee-7073e455ed9a;2026-04-06T12:19:00.606731;2026-04-06T12:19:00.754182;30;import de données;delivery;livraison;2;succès;interne;Import livraison: | fin intégration: (8b0cae17-6b4d-4ebb-beee-7073e455ed9a) | fichier: /srv/import/080/Fac_080_00336676.LC | 2 lignes formatées | 0 lignes en erreurs | 2 lignes crées | 0 lignes mises à jour | 0 lignes supprimées;080;MANDARINE MARCORY
pos9;POS 9;2026-04-09T18:56:31.473006+00:00;fdd7ac3b-a7cc-4b45-b6a9-33572fc10ccb;2026-04-06T12:18:00.646409;2026-04-06T12:18:00.782592;30;import de données;delivery;livraison;0;erreur;interne;"Extrait du rapport d'import: | 1 lignes en erreurs | 1 lignes crées | 0 lignes mises à jour | 0 lignes supprimées | 2026-04-06 12:18:00,701 fin intégration: (56ea886b-e405-4dd7-a962-1f7d0d661414) | fichier: /srv/import/080/Fac_080_00336675.LC | 2 lignes formatées | 0 lignes en erreurs | 2 lignes crées | 0 lignes mises à jour | 0 lignes supprimées | 2026-04-06 12:18:00,748 fin intégration: (dab86470-f119-4e61-a960-dae5e4aebca9) | fichier: /srv/import/292/Fac_292_00236987.LC | 2 lignes formatées | 0 lignes en erreurs | 2 lignes crées | 0 lignes mises à jour | 0 lignes supprimées | 2026-04-06 12:18:00,755 {'product': [ErrorDetail(string=""BURGER GEANT NATURE X4 330G JACQUET n'est pas fourni par le fournisseur FOURNISSEUR CENTRALE"", code='invalid')]} - [L100703554BURGER GEANT NATURE X4 330G JACQUET00000418820000100000005000000000050000000085500200000500000 3029330032120 00000000000004188202554061] | 2026-04-06 12:18:00,760 fin intégration: (fdd7ac3b-a7cc-4b45-b6a9-33572fc10ccb) | fichier: /srv/import/293/Fac_293_00336643.LC | 2 lignes formatées | 1 lignes en erreurs | 1 lignes crées | 0 lignes mises à jour | 0 lignes supprimées";293;MANDARINE AMBASSADE CHINE
pos9;POS 9;2026-04-09T18:56:31.473006+00:00;dab86470-f119-4e61-a960-dae5e4aebca9;2026-04-06T12:18:00.615607;2026-04-06T12:18:00.750126;30;import de données;delivery;livraison;2;succès;interne;Import livraison: | fin intégration: (dab86470-f119-4e61-a960-dae5e4aebca9) | fichier: /srv/import/292/Fac_292_00236987.LC | 2 lignes formatées | 0 lignes en erreurs | 2 lignes crées | 0 lignes mises à jour | 0 lignes supprimées;292;MANDARINE KOUMASSI
pos9;POS 9;2026-04-09T18:56:31.473006+00:00;bc75dccd-1022-4b55-9ec5-fb4e9b3663a0;2026-04-06T12:18:00.607461;2026-04-06T12:18:00.712767;30;import de données;delivery;livraison;0;erreur;interne;"Extrait du rapport d'import: | 2026-04-06 12:18:00,596 fichier present: (['Fac_080_00336680.LC', 'Fac_080_00336682.LC', 'Fac_080_00336675.LC', 'Fac_080_00336791.LC', 'Fac_080_00336679.LC', 'Fac_080_00336810.LC', 'Fac_080_00336678.LC', 'Fac_080_00336684.LC', 'Fac_080_00336677.LC', 'Fac_080_00336676.LC', 'Fac_080_00336681.LC'] - delivery) dans /srv/import/080/ | 2026-04-06 12:18:00,598 2 lignes lu dans le fichier /srv/import/080/Fac_080_00336675.LC | 2026-04-06 12:18:00,598 lancement intégration: (56ea886b-e405-4dd7-a962-1f7d0d661414) | 2026-04-06 12:18:00,604 fichier present: (['Fac_291_00236951.LC', 'Fac_291_00336641.LC', 'Fac_291_00236986.LC', 'Fac_291_00215913.LC', 'Fac_291_00336642.LC', 'Fac_291_00336820.LC', 'Fac_291_00336640.LC', 'Fac_291_00336638.LC', 'Fac_291_00236966.LC', 'Fac_291_00336639.LC', 'Fac_291_00236950.LC', 'Fac_291_00336798.LC', 'Fac_291_00336694.LC'] - delivery) dans /srv/import/291/ | 2026-04-06 12:18:00,606 2 lignes lu dans le fichier /srv/import/291/Fac_291_00215913.LC | 2026-04-06 12:18:00,606 lancement intégration: (bc75dccd-1022-4b55-9ec5-fb4e9b3663a0) | 2026-04-06 12:18:00,613 fichier present: (['Fac_292_00336581.LC', 'Fac_292_00336748.LC', 'Fac_292_00336585.LC', 'Fac_292_00336582.LC', 'Fac_292_00336580.LC', 'Fac_292_00336695.LC', 'Fac_292_00336583.LC', 'Fac_292_00336747.LC', 'Fac_292_00236987.LC', 'Fac_292_00336587.LC', 'Fac_292_00336584.LC', 'Fac_292_00336586.LC'] - delivery) dans /srv/import/292/ | 2026-04-06 12:18:00,614 2 lignes lu dans le fichier /srv/import/292/Fac_292_00236987.LC | 2026-04-06 12:18:00,615 lancement intégration: (dab86470-f119-4e61-a960-dae5e4aebca9) | 2026-04-06 12:18:00,642 fichier present: (['Fac_293_00336643.LC', 'Fac_293_00336647.LC', 'Fac_293_00336648.LC', 'Fac_293_00336645.LC', 'Fac_293_00336646.LC', 'Fac_293_00336644.LC', 'Fac_293_00336696.LC', 'Fac_293_00336822.LC', 'Fac_293_00336650.LC', 'Fac_293_00336651.LC', 'Fac_293_00336800.LC', 'Fac_293_00336649.LC'] - delivery) dans /srv/import/293/ | 2026-04-06 12:18:00,645 2 lignes lu dans le fichier /srv/import/293/Fac_293_00336643.LC | 2026-04-06 12:18:00,645 lancement intégration: (fdd7ac3b-a7cc-4b45-b6a9-33572fc10ccb) | 2026-04-06 12:18:00,693 {'product': [ErrorDetail(string=""PALETTE APAL  80*120 n'est pas fourni par le fournisseur FOURNISSEUR CENTRALE"", code='invalid')]} - [L100514060PALETTE APAL  80*120               00000166290000100000001000000000010000001049138000010490000 2001005140607 00000000000001662903908248] | 2026-04-06 12:18:00,697 fin intégration: (bc75dccd-1022-4b55-9ec5-fb4e9b3663a0) | fichier: /srv/import/291/Fac_291_00215913.LC | 2 lignes formatées | 1 lignes en erreurs | 1 lignes crées | 0 lignes mises à jour | 0 lignes supprimées | 2026-04-06 12:18:00,701 fin intégration: (56ea886b-e405-4dd7-a962-1f7d0d661414) | fichier: /srv/import/080/Fac_080_00336675.LC | 2 lignes formatées | 0 lignes en erreurs | 2 lignes crées | 0 lignes mises à jour | 0 lignes supprimées";291;MANDARINE DANGA
pos9;POS 9;2026-04-09T18:56:31.473006+00:00;56ea886b-e405-4dd7-a962-1f7d0d661414;2026-04-06T12:18:00.598775;2026-04-06T12:18:00.704149;30;import de données;delivery;livraison;2;succès;interne;Import livraison: | fin intégration: (56ea886b-e405-4dd7-a962-1f7d0d661414) | fichier: /srv/import/080/Fac_080_00336675.LC | 2 lignes formatées | 0 lignes en erreurs | 2 lignes crées | 0 lignes mises à jour | 0 lignes supprimées;080;MANDARINE MARCORY
pos9;POS 9;2026-04-09T18:56:31.473006+00:00;44b4b3ee-30a0-44f4-ab3d-d966a5ca877a;2026-04-06T12:17:00.612444;2026-04-06T12:17:01.890658;30;import de données;delivery;livraison;2;succès;interne;Import livraison: | fin intégration: (44b4b3ee-30a0-44f4-ab3d-d966a5ca877a) | fichier: /srv/import/292/Fac_292_00236969.LC | 44 lignes formatées | 0 lignes en erreurs | 44 lignes crées | 0 lignes mises à jour | 0 lignes supprimées;292;MANDARINE KOUMASSI
pos9;POS 9;2026-04-09T18:56:31.473006+00:00;1676b5ea-a1f5-4812-a8b4-de27703f6578;2026-04-06T12:17:00.635417;2026-04-06T12:17:00.800579;30;import de données;delivery;livraison;0;erreur;interne;"Extrait du rapport d'import: | 2026-04-06 12:17:00,611 lancement intégration: (44b4b3ee-30a0-44f4-ab3d-d966a5ca877a) | 2026-04-06 12:17:00,629 fichier present: (['Fac_293_00336643.LC', 'Fac_293_00336647.LC', 'Fac_293_00336648.LC', 'Fac_293_00336645.LC', 'Fac_293_00336646.LC', 'Fac_293_00336644.LC', 'Fac_293_00336696.LC', 'Fac_293_00236988.LC', 'Fac_293_00336822.LC', 'Fac_293_00336650.LC', 'Fac_293_00336651.LC', 'Fac_293_00336800.LC', 'Fac_293_00336649.LC'] - delivery) dans /srv/import/293/ | 2026-04-06 12:17:00,634 2 lignes lu dans le fichier /srv/import/293/Fac_293_00236988.LC | 2026-04-06 12:17:00,634 lancement intégration: (1676b5ea-a1f5-4812-a8b4-de27703f6578) | 2026-04-06 12:17:00,719 {'product': [ErrorDetail(string=""PALETTE APAL  80*120 n'est pas fourni par le fournisseur FOURNISSEUR CENTRALE"", code='invalid')]} - [L100514060PALETTE APAL  80*120               00000166210000100000008000000000080000001049138000010490000 2001005140607 00000000000001662103908205] | 2026-04-06 12:17:00,725 fin intégration: (844ae6f5-d5c5-4db2-951c-861f9a476ff7) | fichier: /srv/import/291/Fac_291_00215897.LC | 2 lignes formatées | 1 lignes en erreurs | 1 lignes crées | 0 lignes mises à jour | 0 lignes supprimées | 2026-04-06 12:17:00,728 fin intégration: (b660cae2-97ab-4c2f-b22d-d5561c1a33c8) | fichier: /srv/import/080/Fac_080_00236973.LC | 2 lignes formatées | 0 lignes en erreurs | 2 lignes crées | 0 lignes mises à jour | 0 lignes supprimées | 2026-04-06 12:17:00,769 {'product': [ErrorDetail(string=""PALETTE APAL  80*120 n'est pas fourni par le fournisseur FOURNISSEUR CENTRALE"", code='invalid')]} - [L100514060PALETTE APAL  80*120               00000172630000100000004000000000040000001049138000010490000 2001005140607 00000000000001726303908211] | 2026-04-06 12:17:00,778 fin intégration: (1676b5ea-a1f5-4812-a8b4-de27703f6578) | fichier: /srv/import/293/Fac_293_00236988.LC | 2 lignes formatées | 1 lignes en erreurs | 1 lignes crées | 0 lignes mises à jour | 0 lignes supprimées";293;MANDARINE AMBASSADE CHINE
pos9;POS 9;2026-04-09T18:56:31.473006+00:00;844ae6f5-d5c5-4db2-951c-861f9a476ff7;2026-04-06T12:17:00.602933;2026-04-06T12:17:00.742494;30;import de données;delivery;livraison;0;erreur;interne;"Extrait du rapport d'import: | 2026-04-06 12:17:00,594 fichier present: (['Fac_080_00336680.LC', 'Fac_080_00336682.LC', 'Fac_080_00336675.LC', 'Fac_080_00336791.LC', 'Fac_080_00336679.LC', 'Fac_080_00336810.LC', 'Fac_080_00336678.LC', 'Fac_080_00236973.LC', 'Fac_080_00336684.LC', 'Fac_080_00336677.LC', 'Fac_080_00336676.LC', 'Fac_080_00336681.LC'] - delivery) dans /srv/import/080/ | 2026-04-06 12:17:00,595 2 lignes lu dans le fichier /srv/import/080/Fac_080_00236973.LC | 2026-04-06 12:17:00,595 lancement intégration: (b660cae2-97ab-4c2f-b22d-d5561c1a33c8) | 2026-04-06 12:17:00,601 fichier present: (['Fac_291_00236951.LC', 'Fac_291_00336641.LC', 'Fac_291_00236986.LC', 'Fac_291_00215913.LC', 'Fac_291_00336642.LC', 'Fac_291_00336820.LC', 'Fac_291_00336640.LC', 'Fac_291_00336638.LC', 'Fac_291_00236966.LC', 'Fac_291_00215897.LC', 'Fac_291_00336639.LC', 'Fac_291_00236950.LC', 'Fac_291_00336798.LC', 'Fac_291_00336694.LC'] - delivery) dans /srv/import/291/ | 2026-04-06 12:17:00,602 2 lignes lu dans le fichier /srv/import/291/Fac_291_00215897.LC | 2026-04-06 12:17:00,602 lancement intégration: (844ae6f5-d5c5-4db2-951c-861f9a476ff7) | 2026-04-06 12:17:00,610 fichier present: (['Fac_292_00336581.LC', 'Fac_292_00336748.LC', 'Fac_292_00336585.LC', 'Fac_292_00336582.LC', 'Fac_292_00336580.LC', 'Fac_292_00336695.LC', 'Fac_292_00336583.LC', 'Fac_292_00336747.LC', 'Fac_292_00236987.LC', 'Fac_292_00336587.LC', 'Fac_292_00236969.LC', 'Fac_292_00336584.LC', 'Fac_292_00336586.LC'] - delivery) dans /srv/import/292/ | 2026-04-06 12:17:00,611 44 lignes lu dans le fichier /srv/import/292/Fac_292_00236969.LC | 2026-04-06 12:17:00,611 lancement intégration: (44b4b3ee-30a0-44f4-ab3d-d966a5ca877a) | 2026-04-06 12:17:00,629 fichier present: (['Fac_293_00336643.LC', 'Fac_293_00336647.LC', 'Fac_293_00336648.LC', 'Fac_293_00336645.LC', 'Fac_293_00336646.LC', 'Fac_293_00336644.LC', 'Fac_293_00336696.LC', 'Fac_293_00236988.LC', 'Fac_293_00336822.LC', 'Fac_293_00336650.LC', 'Fac_293_00336651.LC', 'Fac_293_00336800.LC', 'Fac_293_00336649.LC'] - delivery) dans /srv/import/293/ | 2026-04-06 12:17:00,634 2 lignes lu dans le fichier /srv/import/293/Fac_293_00236988.LC | 2026-04-06 12:17:00,634 lancement intégration: (1676b5ea-a1f5-4812-a8b4-de27703f6578) | 2026-04-06 12:17:00,719 {'product': [ErrorDetail(string=""PALETTE APAL  80*120 n'est pas fourni par le fournisseur FOURNISSEUR CENTRALE"", code='invalid')]} - [L100514060PALETTE APAL  80*120               00000166210000100000008000000000080000001049138000010490000 2001005140607 00000000000001662103908205] | 2026-04-06 12:17:00,725 fin intégration: (844ae6f5-d5c5-4db2-951c-861f9a476ff7) | fichier: /srv/import/291/Fac_291_00215897.LC | 2 lignes formatées | 1 lignes en erreurs | 1 lignes crées | 0 lignes mises à jour | 0 lignes supprimées | 2026-04-06 12:17:00,728 fin intégration: (b660cae2-97ab-4c2f-b22d-d5561c1a33c8) | fichier: /srv/import/080/Fac_080_00236973.LC | 2 lignes formatées | 0 lignes en erreurs | 2 lignes crées | 0 lignes mises à jour | 0 lignes supprimées";291;MANDARINE DANGA
pos9;POS 9;2026-04-09T18:56:31.473006+00:00;b660cae2-97ab-4c2f-b22d-d5561c1a33c8;2026-04-06T12:17:00.596398;2026-04-06T12:17:00.730349;30;import de données;delivery;livraison;2;succès;interne;Import livraison: | fin intégration: (b660cae2-97ab-4c2f-b22d-d5561c1a33c8) | fichier: /srv/import/080/Fac_080_00236973.LC | 2 lignes formatées | 0 lignes en erreurs | 2 lignes crées | 0 lignes mises à jour | 0 lignes supprimées;080;MANDARINE MARCORY
pos9;POS 9;2026-04-09T18:56:31.473006+00:00;0571697f-7960-4b82-8543-99cb72123518;2026-04-06T12:16:00.601962;2026-04-06T12:16:01.783266;30;import de données;delivery;livraison;2;succès;interne;Import livraison: | fin intégration: (0571697f-7960-4b82-8543-99cb72123518) | fichier: /srv/import/080/Fac_080_00236926.LC | 42 lignes formatées | 0 lignes en erreurs | 42 lignes crées | 0 lignes mises à jour | 0 lignes supprimées;080;MANDARINE MARCORY
pos9;POS 9;2026-04-09T18:56:31.473006+00:00;c70250f7-ac1f-4a14-84b2-be0eb57384a2;2026-04-06T12:16:00.625374;2026-04-06T12:16:01.238289;30;import de données;delivery;livraison;2;succès;interne;Import livraison: | fin intégration: (c70250f7-ac1f-4a14-84b2-be0eb57384a2) | fichier: /srv/import/292/Fac_292_00236968.LC | 21 lignes formatées | 0 lignes en erreurs | 21 lignes crées | 0 lignes mises à jour | 0 lignes supprimées;292;MANDARINE KOUMASSI
pos9;POS 9;2026-04-09T18:56:31.473006+00:00;24068c10-66a6-41fc-8933-23f3e8586be5;2026-04-06T12:16:00.633745;2026-04-06T12:16:00.764148;30;import de données;delivery;livraison;0;erreur;interne;"Extrait du rapport d'import: | 2026-04-06 12:16:00,599 fichier present: (['Fac_080_00336680.LC', 'Fac_080_00336682.LC', 'Fac_080_00336675.LC', 'Fac_080_00236926.LC', 'Fac_080_00336791.LC', 'Fac_080_00336679.LC', 'Fac_080_00336810.LC', 'Fac_080_00336678.LC', 'Fac_080_00236973.LC', 'Fac_080_00336684.LC', 'Fac_080_00336677.LC', 'Fac_080_00336676.LC', 'Fac_080_00336681.LC'] - delivery) dans /srv/import/080/ | 2026-04-06 12:16:00,601 42 lignes lu dans le fichier /srv/import/080/Fac_080_00236926.LC | 2026-04-06 12:16:00,601 lancement intégration: (0571697f-7960-4b82-8543-99cb72123518) | 2026-04-06 12:16:00,607 fichier present: (['Fac_291_00236951.LC', 'Fac_291_00336641.LC', 'Fac_291_00236986.LC', 'Fac_291_00215913.LC', 'Fac_291_00336642.LC', 'Fac_291_00336820.LC', 'Fac_291_00336640.LC', 'Fac_291_00336638.LC', 'Fac_291_00236966.LC', 'Fac_291_00215897.LC', 'Fac_291_00336639.LC', 'Fac_291_00236950.LC', 'Fac_291_00215885.LC', 'Fac_291_00336798.LC', 'Fac_291_00336694.LC'] - delivery) dans /srv/import/291/ | 2026-04-06 12:16:00,609 2 lignes lu dans le fichier /srv/import/291/Fac_291_00215885.LC | 2026-04-06 12:16:00,609 lancement intégration: (8b2d34ff-afca-47e6-9a2c-8ea78fbe5496) | 2026-04-06 12:16:00,616 fichier present: (['Fac_292_00336581.LC', 'Fac_292_00336748.LC', 'Fac_292_00336585.LC', 'Fac_292_00336582.LC', 'Fac_292_00336580.LC', 'Fac_292_00336695.LC', 'Fac_292_00336583.LC', 'Fac_292_00336747.LC', 'Fac_292_00236968.LC', 'Fac_292_00236987.LC', 'Fac_292_00336587.LC', 'Fac_292_00236969.LC', 'Fac_292_00336584.LC', 'Fac_292_00336586.LC'] - delivery) dans /srv/import/292/ | 2026-04-06 12:16:00,624 21 lignes lu dans le fichier /srv/import/292/Fac_292_00236968.LC | 2026-04-06 12:16:00,624 lancement intégration: (c70250f7-ac1f-4a14-84b2-be0eb57384a2) | 2026-04-06 12:16:00,631 fichier present: (['Fac_293_00336643.LC', 'Fac_293_00236955.LC', 'Fac_293_00336647.LC', 'Fac_293_00336648.LC', 'Fac_293_00336645.LC', 'Fac_293_00336646.LC', 'Fac_293_00336644.LC', 'Fac_293_00336696.LC', 'Fac_293_00236988.LC', 'Fac_293_00336822.LC', 'Fac_293_00336650.LC', 'Fac_293_00336651.LC', 'Fac_293_00336800.LC', 'Fac_293_00336649.LC'] - delivery) dans /srv/import/293/ | 2026-04-06 12:16:00,633 2 lignes lu dans le fichier /srv/import/293/Fac_293_00236955.LC | 2026-04-06 12:16:00,633 lancement intégration: (24068c10-66a6-41fc-8933-23f3e8586be5) | 2026-04-06 12:16:00,723 {'product': [ErrorDetail(string=""CHATEAUNEUF PAP VICTOR BERARD 2020 n'est pas fourni par le fournisseur FOURNISSEUR CENTRALE"", code='invalid')]} - [L100383137CHATEAUNEUF PAP VICTOR BERARD 2020 00000164760000100000006000000000010000002224536000025000000 3250671700229 00000000000001647600129496] | 2026-04-06 12:16:00,728 fin intégration: (8b2d34ff-afca-47e6-9a2c-8ea78fbe5496) | fichier: /srv/import/291/Fac_291_00215885.LC | 2 lignes formatées | 1 lignes en erreurs | 1 lignes crées | 0 lignes mises à jour | 0 lignes supprimées | 2026-04-06 12:16:00,736 {'product': [ErrorDetail(string=""LESS PDRE ST NIL 180G n'est pas fourni par le fournisseur FOURNISSEUR CENTRALE"", code='invalid')]} - [L100085517LESS PDRE ST NIL 180G              00000172480000100000032000000000320000000025960000000290000 6186000820382 00000000000001724803907879] | 2026-04-06 12:16:00,740 fin intégration: (24068c10-66a6-41fc-8933-23f3e8586be5) | fichier: /srv/import/293/Fac_293_00236955.LC | 2 lignes formatées | 1 lignes en erreurs | 1 lignes crées | 0 lignes mises à jour | 0 lignes supprimées";293;MANDARINE AMBASSADE CHINE
pos9;POS 9;2026-04-09T18:56:31.473006+00:00;8b2d34ff-afca-47e6-9a2c-8ea78fbe5496;2026-04-06T12:16:00.609880;2026-04-06T12:16:00.747670;30;import de données;delivery;livraison;0;erreur;interne;"Extrait du rapport d'import: | 2026-04-06 12:16:00,599 fichier present: (['Fac_080_00336680.LC', 'Fac_080_00336682.LC', 'Fac_080_00336675.LC', 'Fac_080_00236926.LC', 'Fac_080_00336791.LC', 'Fac_080_00336679.LC', 'Fac_080_00336810.LC', 'Fac_080_00336678.LC', 'Fac_080_00236973.LC', 'Fac_080_00336684.LC', 'Fac_080_00336677.LC', 'Fac_080_00336676.LC', 'Fac_080_00336681.LC'] - delivery) dans /srv/import/080/ | 2026-04-06 12:16:00,601 42 lignes lu dans le fichier /srv/import/080/Fac_080_00236926.LC | 2026-04-06 12:16:00,601 lancement intégration: (0571697f-7960-4b82-8543-99cb72123518) | 2026-04-06 12:16:00,607 fichier present: (['Fac_291_00236951.LC', 'Fac_291_00336641.LC', 'Fac_291_00236986.LC', 'Fac_291_00215913.LC', 'Fac_291_00336642.LC', 'Fac_291_00336820.LC', 'Fac_291_00336640.LC', 'Fac_291_00336638.LC', 'Fac_291_00236966.LC', 'Fac_291_00215897.LC', 'Fac_291_00336639.LC', 'Fac_291_00236950.LC', 'Fac_291_00215885.LC', 'Fac_291_00336798.LC', 'Fac_291_00336694.LC'] - delivery) dans /srv/import/291/ | 2026-04-06 12:16:00,609 2 lignes lu dans le fichier /srv/import/291/Fac_291_00215885.LC | 2026-04-06 12:16:00,609 lancement intégration: (8b2d34ff-afca-47e6-9a2c-8ea78fbe5496) | 2026-04-06 12:16:00,616 fichier present: (['Fac_292_00336581.LC', 'Fac_292_00336748.LC', 'Fac_292_00336585.LC', 'Fac_292_00336582.LC', 'Fac_292_00336580.LC', 'Fac_292_00336695.LC', 'Fac_292_00336583.LC', 'Fac_292_00336747.LC', 'Fac_292_00236968.LC', 'Fac_292_00236987.LC', 'Fac_292_00336587.LC', 'Fac_292_00236969.LC', 'Fac_292_00336584.LC', 'Fac_292_00336586.LC'] - delivery) dans /srv/import/292/ | 2026-04-06 12:16:00,624 21 lignes lu dans le fichier /srv/import/292/Fac_292_00236968.LC | 2026-04-06 12:16:00,624 lancement intégration: (c70250f7-ac1f-4a14-84b2-be0eb57384a2) | 2026-04-06 12:16:00,631 fichier present: (['Fac_293_00336643.LC', 'Fac_293_00236955.LC', 'Fac_293_00336647.LC', 'Fac_293_00336648.LC', 'Fac_293_00336645.LC', 'Fac_293_00336646.LC', 'Fac_293_00336644.LC', 'Fac_293_00336696.LC', 'Fac_293_00236988.LC', 'Fac_293_00336822.LC', 'Fac_293_00336650.LC', 'Fac_293_00336651.LC', 'Fac_293_00336800.LC', 'Fac_293_00336649.LC'] - delivery) dans /srv/import/293/ | 2026-04-06 12:16:00,633 2 lignes lu dans le fichier /srv/import/293/Fac_293_00236955.LC | 2026-04-06 12:16:00,633 lancement intégration: (24068c10-66a6-41fc-8933-23f3e8586be5) | 2026-04-06 12:16:00,723 {'product': [ErrorDetail(string=""CHATEAUNEUF PAP VICTOR BERARD 2020 n'est pas fourni par le fournisseur FOURNISSEUR CENTRALE"", code='invalid')]} - [L100383137CHATEAUNEUF PAP VICTOR BERARD 2020 00000164760000100000006000000000010000002224536000025000000 3250671700229 00000000000001647600129496] | 2026-04-06 12:16:00,728 fin intégration: (8b2d34ff-afca-47e6-9a2c-8ea78fbe5496) | fichier: /srv/import/291/Fac_291_00215885.LC | 2 lignes formatées | 1 lignes en erreurs | 1 lignes crées | 0 lignes mises à jour | 0 lignes supprimées | 2026-04-06 12:16:00,736 {'product': [ErrorDetail(string=""LESS PDRE ST NIL 180G n'est pas fourni par le fournisseur FOURNISSEUR CENTRALE"", code='invalid')]} - [L100085517LESS PDRE ST NIL 180G              00000172480000100000032000000000320000000025960000000290000 6186000820382 00000000000001724803907879] | 2026-04-06 12:16:00,740 fin intégration: (24068c10-66a6-41fc-8933-23f3e8586be5) | fichier: /srv/import/293/Fac_293_00236955.LC | 2 lignes formatées | 1 lignes en erreurs | 1 lignes crées | 0 lignes mises à jour | 0 lignes supprimées";291;MANDARINE DANGA
pos9;POS 9;2026-04-09T18:56:31.473006+00:00;810b35bb-b8f4-477d-ad5d-0b0f6cacce54;2026-04-06T12:15:00.632320;2026-04-06T12:15:01.825163;30;import de données;delivery;livraison;0;erreur;interne;"Extrait du rapport d'import: | 2026-04-06 12:15:01,520 {'product': [ErrorDetail(string=""BDB FRAICH INTENSE 25CL LISTERINE n'est pas fourni par le fournisseur FOURNISSEUR CENTRALE"", code='invalid')]} - [L100464116BDB FRAICH INTENSE 25CL LISTERINE  00000169290004300000012000000000010000000156822000002200000 3574661810867 00000000000001692900066531] | 2026-04-06 12:15:01,543 {'product': [ErrorDetail(string=""EDC BB 50CL BABYMED n'est pas fourni par le fournisseur FOURNISSEUR CENTRALE"", code='invalid')]} - [L100479353EDC BB 50CL BABYMED                00000169290004400000006000000000010000000099592000001400000 6181100535167 00000000000001692900066531] | 2026-04-06 12:15:01,561 {'product': [ErrorDetail(string=""BAD ZIG ZAG CHARCOAL MED COLGATE n'est pas fourni par le fournisseur FOURNISSEUR CENTRALE"", code='invalid')]} - [L100502309BAD ZIG ZAG CHARCOAL MED COLGATE   00000169290004500000012000000000010000000103132000001325000 6001067157182 00000000000001692900066531] | 2026-04-06 12:15:01,580 {'product': [ErrorDetail(string=""LAIT TOIL 365ML MY BABY n'est pas fourni par le fournisseur FOURNISSEUR CENTRALE"", code='invalid')]} - [L100559572LAIT TOIL 365ML MY BABY            00000169290004600000006000000000010000000079532000001250000 6181100631494 00000000000001692900066531] | 2026-04-06 12:15:01,602 {'product': [ErrorDetail(string=""GEL LAV DOUX 365ML MY BABY n'est pas fourni par le fournisseur FOURNISSEUR CENTRALE"", code='invalid')]} - [L100559574GEL LAV DOUX 365ML MY BABY         00000169290004700000006000000000010000000079532000001250000 6181100631487 00000000000001692900066531] | 2026-04-06 12:15:01,626 {'product': [ErrorDetail(string=""SH CHVX SEC KAR MIEL BIO 300ML LPM n'est pas fourni par le fournisseur FOURNISSEUR CENTRALE"", code='invalid')]} - [L100569473SH CHVX SEC KAR MIEL BIO 300ML LPM 00000169290004800000012000000000010000000233404000003350000 3574661574554 00000000000001692900066531] | 2026-04-06 12:15:01,647 {'product': [ErrorDetail(string=""DEO ATO FEM PX SENS 200ML MPX n'est pas fourni par le fournisseur FOURNISSEUR CENTRALE"", code='invalid')]} - [L100589227DEO ATO FEM PX SENS 200ML MPX      00000169290004900000006000000000010000000188446000002950000 3350033018853 00000000000001692900066531] | 2026-04-06 12:15:01,667 {'product': [ErrorDetail(string=""SAV ORIGINAL 300G FANICO n'est pas fourni par le fournisseur FOURNISSEUR CENTRALE"", code='invalid')]} - [L100601188SAV ORIGINAL 300G FANICO           00000169290005000000024000000000010000000031624000000350000 6181001995916 00000000000001692900066512] | 2026-04-06 12:15:01,685 {'product': [ErrorDetail(string=""SAV N�2 LAVEND 220G BF n'est pas fourni par le fournisseur FOURNISSEUR CENTRALE"", code='invalid')]} - [L100601193SAV N�2 LAVEND 220G BF             00000169290005100000032000000000010000000043660000000500000 6181001995817 00000000000001692900066512] | 2026-04-06 12:15:01,707 {'product': [ErrorDetail(string=""ASSOUPL GRAND AIR 4L SOUPLINE COLGA n'est pas fourni par le fournisseur FOURNISSEUR CENTRALE"", code='invalid')]} - [L100632986ASSOUPL GRAND AIR 4L SOUPLINE COLGA00000169290005200000004000000000010000000679680000009300000 8718951237742 00000000000001692900066512] | 2026-04-06 12:15:01,708 fin intégration: (1c5eb1aa-112b-403b-b7f0-f91e9d861a65) | fichier: /srv/import/080/Fac_080_00236925.LC | 36 lignes formatées | 0 lignes en erreurs | 36 lignes crées | 0 lignes mises à jour | 0 lignes supprimées | 2026-04-06 12:15:01,729 {'product': [ErrorDetail(string=""LESS LIQ MACHINE 44 LAV 2L BEKO n'est pas fourni par le fournisseur FOURNISSEUR CENTRALE"", code='invalid')]} - [L100665425LESS LIQ MACHINE 44 LAV 2L BEKO    00000169290005300000006000000000010000000421024000004550000 6186000820085 00000000000001692900066512] | 2026-04-06 12:15:01,750 {'product': [ErrorDetail(string=""LESS LIQ MACHINE 44 LAV 2L NIL n'est pas fourni par le fournisseur FOURNISSEUR CENTRALE"", code='invalid')]} - [L100665433LESS LIQ MACHINE 44 LAV 2L NIL     00000169290005400000006000000000010000000421024000004550000 6186000820061 00000000000001692900066512] | 2026-04-06 12:15:01,768 {'product': [ErrorDetail(string=""DETACH BLANCO ACTIVAT10SCHT 400G VA n'est pas fourni par le fournisseur FOURNISSEUR CENTRALE"", code='invalid')]} - [L100687734DETACH BLANCO ACTIVAT10SCHT 400G VA00000169290005500000012000000000010000000337362000004625000 3059942030993 00000000000001692900066512] | 2026-04-06 12:15:01,799 {'product': [ErrorDetail(string=""SAV MENAG 275G FLASH n'est pas fourni par le fournisseur FOURNISSEUR CENTRALE"", code='invalid')]} - [L100695973SAV MENAG 275G FLASH               00000169290005600000040000000000010000000022892000000275000 6186000317011 00000000000001692900066512] | 2026-04-06 12:15:01,802 fin intégration: (810b35bb-b8f4-477d-ad5d-0b0f6cacce54) | fichier: /srv/import/293/Fac_293_00236954.LC | 57 lignes formatées | 56 lignes en erreurs | 1 lignes crées | 0 lignes mises à jour | 0 lignes supprimées";293;MANDARINE AMBASSADE CHINE
pos9;POS 9;2026-04-09T18:56:31.473006+00:00;1c5eb1aa-112b-403b-b7f0-f91e9d861a65;2026-04-06T12:15:00.601419;2026-04-06T12:15:01.711045;30;import de données;delivery;livraison;2;succès;interne;Import livraison: | fin intégration: (1c5eb1aa-112b-403b-b7f0-f91e9d861a65) | fichier: /srv/import/080/Fac_080_00236925.LC | 36 lignes formatées | 0 lignes en erreurs | 36 lignes crées | 0 lignes mises à jour | 0 lignes supprimées;080;MANDARINE MARCORY
pos9;POS 9;2026-04-09T18:56:31.473006+00:00;8437c602-65ee-49ee-83ee-de7404537bb2;2026-04-06T12:15:00.621071;2026-04-06T12:15:01.205503;30;import de données;delivery;livraison;2;succès;interne;Import livraison: | fin intégration: (8437c602-65ee-49ee-83ee-de7404537bb2) | fichier: /srv/import/292/Fac_292_00236967.LC | 20 lignes formatées | 0 lignes en erreurs | 20 lignes crées | 0 lignes mises à jour | 0 lignes supprimées;292;MANDARINE KOUMASSI
pos9;POS 9;2026-04-09T18:56:31.473006+00:00;12495dca-0f11-47f9-99e5-167beeb2b6d9;2026-04-06T12:15:00.611425;2026-04-06T12:15:00.735358;30;import de données;delivery;livraison;0;erreur;interne;"Extrait du rapport d'import: | 2026-04-06 12:14:01,236 {'product': [ErrorDetail(string=""GRESSINS HUIL OLIV 125G MPX n'est pas fourni par le fournisseur FOURNISSEUR CENTRALE"", code='invalid')]} - [L100716332GRESSINS HUIL OLIV 125G MPX        00000166870003000000012000000000010000000109858000001500000 3350034006514 00000000000001668700066539] | 2026-04-06 12:14:01,239 fin intégration: (ff079dd4-4a05-47f5-bba7-7c45b498104f) | fichier: /srv/import/293/Fac_293_00236953.LC | 31 lignes formatées | 30 lignes en erreurs | 1 lignes crées | 0 lignes mises à jour | 0 lignes supprimées | 2026-04-06 12:15:00,598 fichier present: (['Fac_080_00336680.LC', 'Fac_080_00336682.LC', 'Fac_080_00336675.LC', 'Fac_080_00236926.LC', 'Fac_080_00336791.LC', 'Fac_080_00336679.LC', 'Fac_080_00336810.LC', 'Fac_080_00336678.LC', 'Fac_080_00236973.LC', 'Fac_080_00336684.LC', 'Fac_080_00336677.LC', 'Fac_080_00336676.LC', 'Fac_080_00336681.LC', 'Fac_080_00236925.LC'] - delivery) dans /srv/import/080/ | 2026-04-06 12:15:00,600 36 lignes lu dans le fichier /srv/import/080/Fac_080_00236925.LC | 2026-04-06 12:15:00,600 lancement intégration: (1c5eb1aa-112b-403b-b7f0-f91e9d861a65) | 2026-04-06 12:15:00,607 fichier present: (['Fac_291_00236951.LC', 'Fac_291_00336641.LC', 'Fac_291_00236986.LC', 'Fac_291_00215913.LC', 'Fac_291_00336642.LC', 'Fac_291_00336820.LC', 'Fac_291_00336640.LC', 'Fac_291_00336638.LC', 'Fac_291_00236966.LC', 'Fac_291_00215897.LC', 'Fac_291_00336639.LC', 'Fac_291_00236950.LC', 'Fac_291_00215884.LC', 'Fac_291_00215885.LC', 'Fac_291_00336798.LC', 'Fac_291_00336694.LC'] - delivery) dans /srv/import/291/ | 2026-04-06 12:15:00,610 2 lignes lu dans le fichier /srv/import/291/Fac_291_00215884.LC | 2026-04-06 12:15:00,610 lancement intégration: (12495dca-0f11-47f9-99e5-167beeb2b6d9) | 2026-04-06 12:15:00,618 fichier present: (['Fac_292_00336581.LC', 'Fac_292_00336748.LC', 'Fac_292_00336585.LC', 'Fac_292_00336582.LC', 'Fac_292_00336580.LC', 'Fac_292_00336695.LC', 'Fac_292_00336583.LC', 'Fac_292_00336747.LC', 'Fac_292_00236968.LC', 'Fac_292_00236987.LC', 'Fac_292_00336587.LC', 'Fac_292_00236969.LC', 'Fac_292_00236967.LC', 'Fac_292_00336584.LC', 'Fac_292_00336586.LC'] - delivery) dans /srv/import/292/ | 2026-04-06 12:15:00,620 20 lignes lu dans le fichier /srv/import/292/Fac_292_00236967.LC | 2026-04-06 12:15:00,620 lancement intégration: (8437c602-65ee-49ee-83ee-de7404537bb2) | 2026-04-06 12:15:00,626 fichier present: (['Fac_293_00336643.LC', 'Fac_293_00236955.LC', 'Fac_293_00336647.LC', 'Fac_293_00336648.LC', 'Fac_293_00336645.LC', 'Fac_293_00336646.LC', 'Fac_293_00336644.LC', 'Fac_293_00336696.LC', 'Fac_293_00236988.LC', 'Fac_293_00336822.LC', 'Fac_293_00336650.LC', 'Fac_293_00336651.LC', 'Fac_293_00236954.LC', 'Fac_293_00336800.LC', 'Fac_293_00336649.LC'] - delivery) dans /srv/import/293/ | 2026-04-06 12:15:00,631 57 lignes lu dans le fichier /srv/import/293/Fac_293_00236954.LC | 2026-04-06 12:15:00,631 lancement intégration: (810b35bb-b8f4-477d-ad5d-0b0f6cacce54) | 2026-04-06 12:15:00,715 {'product': [ErrorDetail(string=""IGP OC MERLOT ROCHE MAZET 2023 n'est pas fourni par le fournisseur FOURNISSEUR CENTRALE"", code='invalid')]} - [L100518667IGP OC MERLOT ROCHE MAZET 2023     00000164750000100000006000000000010000000347156000004300000 3175520018655 00000000000001647500129568] | 2026-04-06 12:15:00,719 fin intégration: (12495dca-0f11-47f9-99e5-167beeb2b6d9) | fichier: /srv/import/291/Fac_291_00215884.LC | 2 lignes formatées | 1 lignes en erreurs | 1 lignes crées | 0 lignes mises à jour | 0 lignes supprimées";291;MANDARINE DANGA
pos9;POS 9;2026-04-09T18:56:31.473006+00:00;ff079dd4-4a05-47f5-bba7-7c45b498104f;2026-04-06T12:14:00.635392;2026-04-06T12:14:01.260297;30;import de données;delivery;livraison;0;erreur;interne;"Extrait du rapport d'import: | 2026-04-06 12:14:00,897 {'product': [ErrorDetail(string=""SUCRE PDRE ROUX SCHT 1KG P.TATIE n'est pas fourni par le fournisseur FOURNISSEUR CENTRALE"", code='invalid')]} - [L100025051SUCRE PDRE ROUX SCHT 1KG P.TATIE   00000166870000900000050000000000020000000079060000000825000 6181100340051 00000000000001668700066540] | 2026-04-06 12:14:00,914 {'product': [ErrorDetail(string=""MARG DELICIA 900G SANIA n'est pas fourni par le fournisseur FOURNISSEUR CENTRALE"", code='invalid')]} - [L100226550MARG DELICIA 900G SANIA            00000166870001000000012000000000010000000145966000001750000 6181100227031 00000000000001668700066540] | 2026-04-06 12:14:00,930 {'product': [ErrorDetail(string=""CEREAL LAIT BLE MIEL ETUI 250G FRAN n'est pas fourni par le fournisseur FOURNISSEUR CENTRALE"", code='invalid')]} - [L100237066CEREAL LAIT BLE MIEL ETUI 250G FRAN00000166870001100000012000000000010000000160230000002050000 3043933241215 00000000000001668700066543] | 2026-04-06 12:14:00,945 {'product': [ErrorDetail(string=""CEREAL LAIT RIZ MIEL ETUI 250G FRAN n'est pas fourni par le fournisseur FOURNISSEUR CENTRALE"", code='invalid')]} - [L100237070CEREAL LAIT RIZ MIEL ETUI 250G FRAN00000166870001200000012000000000010000000160230000002050000 3043933941313 00000000000001668700066543] | 2026-04-06 12:14:00,962 {'product': [ErrorDetail(string=""CEREAL LAIT BLE BISC ETUI 250G FRAN n'est pas fourni par le fournisseur FOURNISSEUR CENTRALE"", code='invalid')]} - [L100237071CEREAL LAIT BLE BISC ETUI 250G FRAN00000166870001300000012000000000010000000160230000002050000 3043933221217 00000000000001668700066543] | 2026-04-06 12:14:00,978 {'product': [ErrorDetail(string=""CEREAL LAIT BLE FRT ETUI 250G FRANC n'est pas fourni par le fournisseur FOURNISSEUR CENTRALE"", code='invalid')]} - [L100237072CEREAL LAIT BLE FRT ETUI 250G FRANC00000166870001400000012000000000010000000160230000002050000 3043933261213 00000000000001668700066543] | 2026-04-06 12:14:00,994 {'product': [ErrorDetail(string=""CEREAL PHOSPH LACT BISC 190G/200G B n'est pas fourni par le fournisseur FOURNISSEUR CENTRALE"", code='invalid')]} - [L100285786CEREAL PHOSPH LACT BISC 190G/200G B00000166870001500000012000000000010000000112270000001250000 3041091879257 00000000000001668700066543] | 2026-04-06 12:14:01,012 {'product': [ErrorDetail(string=""CEREAL PHOSPH MULT CEREA 190/200G B n'est pas fourni par le fournisseur FOURNISSEUR CENTRALE"", code='invalid')]} - [L100285790CEREAL PHOSPH MULT CEREA 190/200G B00000166870001600000012000000000010000000112270000001250000 3041091879233 00000000000001668700066543] | 2026-04-06 12:14:01,028 {'product': [ErrorDetail(string=""CEREAL PHOSPHAT MIEL 190G/200G BLED n'est pas fourni par le fournisseur FOURNISSEUR CENTRALE"", code='invalid')]} - [L100285792CEREAL PHOSPHAT MIEL 190G/200G BLED00000166870001700000012000000000010000000112270000001250000 3041091879172 00000000000001668700066543] | 2026-04-06 12:14:01,044 {'product': [ErrorDetail(string=""CEREAL DIASTASEE ETUI 250G FRANCE n'est pas fourni par le fournisseur FOURNISSEUR CENTRALE"", code='invalid')]} - [L100286388CEREAL DIASTASEE ETUI 250G FRANCE  00000166870001800000012000000000010000000160230000002050000 3043933941115 00000000000001668700066543] | 2026-04-06 12:14:01,059 {'product': [ErrorDetail(string=""SUCRE PDR BLC DOYPCK 750G P.TATIE n'est pas fourni par le fournisseur FOURNISSEUR CENTRALE"", code='invalid')]} - [L100295552SUCRE PDR BLC DOYPCK 750G P.TATIE  00000166870001900000024000000000010000000087556000000950000 6181100340167 00000000000001668700066540] | 2026-04-06 12:14:01,075 {'product': [ErrorDetail(string=""SUCRE BTE BCHET MULTICOLOR 500G RYA n'est pas fourni par le fournisseur FOURNISSEUR CENTRALE"", code='invalid')]} - [L100296790SUCRE BTE BCHET MULTICOLOR 500G RYA00000166870002000000024000000000010000000118000000001500000 6189110994318 00000000000001668700066540] | 2026-04-06 12:14:01,091 {'product': [ErrorDetail(string=""SUCRE BLC BUCHETTES 4G X250 P.TATIE n'est pas fourni par le fournisseur FOURNISSEUR CENTRALE"", code='invalid')]} - [L100310523SUCRE BLC BUCHETTES 4G X250 P.TATIE00000166870002100000010000000000010000000195054000002250000 6181100340211 00000000000001668700066540] | 2026-04-06 12:14:01,107 {'product': [ErrorDetail(string=""CHIPS NAT SCHT  25G LAYS n'est pas fourni par le fournisseur FOURNISSEUR CENTRALE"", code='invalid')]} - [L100326223CHIPS NAT SCHT  25G LAYS           00000166870002200000096000000000040000000034692000000475000 3168930178552 00000000000001668700066539] | 2026-04-06 12:14:01,123 {'product': [ErrorDetail(string=""SUCRE GRANULE SCHT ROUX 1KG SUCRIVO n'est pas fourni par le fournisseur FOURNISSEUR CENTRALE"", code='invalid')]} - [L100394994SUCRE GRANULE SCHT ROUX 1KG SUCRIVO00000166870002300000050000000000020000000077054000000825000 6186000052059 00000000000001668700066540] | 2026-04-06 12:14:01,139 {'product': [ErrorDetail(string=""PTIT BLED L MINI LACTE MANGU 55GX6 n'est pas fourni par le fournisseur FOURNISSEUR CENTRALE"", code='invalid')]} - [L100503158PTIT BLED L MINI LACTE MANGU 55GX6 00000166870002400000024000000000030000000262799000002925000 3041092053441 00000000000001668700066543] | 2026-04-06 12:14:01,154 {'product': [ErrorDetail(string=""SUCRE BLC BUCHETTE 4GX1KG RYAN'S n'est pas fourni par le fournisseur FOURNISSEUR CENTRALE"", code='invalid')]} - [L100537969SUCRE BLC BUCHETTE 4GX1KG RYAN'S   00000166870002500000012000000000010000000192340000002200000 6186000048007 00000000000001668700066540] | 2026-04-06 12:14:01,170 {'product': [ErrorDetail(string=""CEREAL FRT EXOT 200G BLEDINE EXTRA n'est pas fourni par le fournisseur FOURNISSEUR CENTRALE"", code='invalid')]} - [L100632254CEREAL FRT EXOT 200G BLEDINE EXTRA 00000166870002600000012000000000010000000144098000001575000 3041091605825 00000000000001668700066543] | 2026-04-06 12:14:01,185 {'product': [ErrorDetail(string=""SUCRE GRANULE ROUX 435G P.TATIE n'est pas fourni par le fournisseur FOURNISSEUR CENTRALE"", code='invalid')]} - [L100665861SUCRE GRANULE ROUX 435G P.TATIE    00000166870002700000030000000000010000000042834000000450000 6181100340358 00000000000001668700066540] | 2026-04-06 12:14:01,201 {'product': [ErrorDetail(string=""CHIPS CHUTMEY PIMENT DX SCHT 40G HU n'est pas fourni par le fournisseur FOURNISSEUR CENTRALE"", code='invalid')]} - [L100682436CHIPS CHUTMEY PIMENT DX SCHT 40G HU00000166870002800000024000000000010000000043306000000625000 0733603098364 00000000000001668700066539] | 2026-04-06 12:14:01,218 {'product': [ErrorDetail(string=""CHIPS GRILLS CHILLI SCHT 60G SAFARI n'est pas fourni par le fournisseur FOURNISSEUR CENTRALE"", code='invalid')]} - [L100682442CHIPS GRILLS CHILLI SCHT 60G SAFARI00000166870002900000016000000000010000000082836000001125000 0733603140056 00000000000001668700066539] | 2026-04-06 12:14:01,236 {'product': [ErrorDetail(string=""GRESSINS HUIL OLIV 125G MPX n'est pas fourni par le fournisseur FOURNISSEUR CENTRALE"", code='invalid')]} - [L100716332GRESSINS HUIL OLIV 125G MPX        00000166870003000000012000000000010000000109858000001500000 3350034006514 00000000000001668700066539] | 2026-04-06 12:14:01,239 fin intégration: (ff079dd4-4a05-47f5-bba7-7c45b498104f) | fichier: /srv/import/293/Fac_293_00236953.LC | 31 lignes formatées | 30 lignes en erreurs | 1 lignes crées | 0 lignes mises à jour | 0 lignes supprimées";293;MANDARINE AMBASSADE CHINE
pos9;POS 9;2026-04-09T18:56:31.473006+00:00;0517641f-f1ee-4fb1-9179-ef92edb5b5b0;2026-04-06T12:14:00.599332;2026-04-06T12:14:00.793075;30;import de données;delivery;livraison;2;succès;interne;Import livraison: | fin intégration: (0517641f-f1ee-4fb1-9179-ef92edb5b5b0) | fichier: /srv/import/080/Fac_080_00215901.LC | 3 lignes formatées | 0 lignes en erreurs | 3 lignes crées | 0 lignes mises à jour | 0 lignes supprimées;080;MANDARINE MARCORY
pos9;POS 9;2026-04-09T18:56:31.473006+00:00;72ca0c46-ebc6-40d6-abbe-0a6d86fa3d58;2026-04-06T12:14:00.625146;2026-04-06T12:14:00.735493;30;import de données;delivery;livraison;2;succès;interne;Import livraison: | fin intégration: (72ca0c46-ebc6-40d6-abbe-0a6d86fa3d58) | fichier: /srv/import/292/Fac_292_00215905.LC | 2 lignes formatées | 0 lignes en erreurs | 2 lignes crées | 0 lignes mises à jour | 0 lignes supprimées;292;MANDARINE KOUMASSI
pos9;POS 9;2026-04-09T18:56:31.473006+00:00;349386c4-5967-42d7-be8d-116fcc68f920;2026-04-06T12:14:00.609512;2026-04-06T12:14:00.728621;30;import de données;delivery;livraison;0;erreur;interne;"Extrait du rapport d'import: | 2026-04-06 12:13:01,617 {'product': [ErrorDetail(string=""RIZ LG VIET JASM� 4,5KG LAYA n'est pas fourni par le fournisseur FOURNISSEUR CENTRALE"", code='invalid')]} - [L100727695RIZ LG VIET JASM� 4,5KG LAYA       00000166030002600000010000000000020000000257700000002775000 6186000919406 00000000000001660300066517] | 2026-04-06 12:13:01,620 fin intégration: (d38540fc-a628-42c0-a550-5ea4fbc186d9) | fichier: /srv/import/293/Fac_293_00236952.LC | 54 lignes formatées | 53 lignes en erreurs | 1 lignes crées | 0 lignes mises à jour | 0 lignes supprimées | 2026-04-06 12:14:00,596 fichier present: (['Fac_080_00336680.LC', 'Fac_080_00336682.LC', 'Fac_080_00336675.LC', 'Fac_080_00236926.LC', 'Fac_080_00336791.LC', 'Fac_080_00336679.LC', 'Fac_080_00336810.LC', 'Fac_080_00336678.LC', 'Fac_080_00236973.LC', 'Fac_080_00336684.LC', 'Fac_080_00336677.LC', 'Fac_080_00215901.LC', 'Fac_080_00336676.LC', 'Fac_080_00336681.LC', 'Fac_080_00236925.LC'] - delivery) dans /srv/import/080/ | 2026-04-06 12:14:00,598 3 lignes lu dans le fichier /srv/import/080/Fac_080_00215901.LC | 2026-04-06 12:14:00,598 lancement intégration: (0517641f-f1ee-4fb1-9179-ef92edb5b5b0) | 2026-04-06 12:14:00,607 fichier present: (['Fac_291_00236951.LC', 'Fac_291_00215883.LC', 'Fac_291_00336641.LC', 'Fac_291_00236986.LC', 'Fac_291_00215913.LC', 'Fac_291_00336642.LC', 'Fac_291_00336820.LC', 'Fac_291_00336640.LC', 'Fac_291_00336638.LC', 'Fac_291_00236966.LC', 'Fac_291_00215897.LC', 'Fac_291_00336639.LC', 'Fac_291_00236950.LC', 'Fac_291_00215884.LC', 'Fac_291_00215885.LC', 'Fac_291_00336798.LC', 'Fac_291_00336694.LC'] - delivery) dans /srv/import/291/ | 2026-04-06 12:14:00,608 2 lignes lu dans le fichier /srv/import/291/Fac_291_00215883.LC | 2026-04-06 12:14:00,608 lancement intégration: (349386c4-5967-42d7-be8d-116fcc68f920) | 2026-04-06 12:14:00,620 fichier present: (['Fac_292_00336581.LC', 'Fac_292_00336748.LC', 'Fac_292_00336585.LC', 'Fac_292_00336582.LC', 'Fac_292_00215905.LC', 'Fac_292_00336580.LC', 'Fac_292_00336695.LC', 'Fac_292_00336583.LC', 'Fac_292_00336747.LC', 'Fac_292_00236968.LC', 'Fac_292_00236987.LC', 'Fac_292_00336587.LC', 'Fac_292_00236969.LC', 'Fac_292_00236967.LC', 'Fac_292_00336584.LC', 'Fac_292_00336586.LC'] - delivery) dans /srv/import/292/ | 2026-04-06 12:14:00,624 2 lignes lu dans le fichier /srv/import/292/Fac_292_00215905.LC | 2026-04-06 12:14:00,624 lancement intégration: (72ca0c46-ebc6-40d6-abbe-0a6d86fa3d58) | 2026-04-06 12:14:00,630 fichier present: (['Fac_293_00336643.LC', 'Fac_293_00236955.LC', 'Fac_293_00336647.LC', 'Fac_293_00336648.LC', 'Fac_293_00336645.LC', 'Fac_293_00236953.LC', 'Fac_293_00336646.LC', 'Fac_293_00336644.LC', 'Fac_293_00336696.LC', 'Fac_293_00236988.LC', 'Fac_293_00336822.LC', 'Fac_293_00336650.LC', 'Fac_293_00336651.LC', 'Fac_293_00236954.LC', 'Fac_293_00336800.LC', 'Fac_293_00336649.LC'] - delivery) dans /srv/import/293/ | 2026-04-06 12:14:00,634 31 lignes lu dans le fichier /srv/import/293/Fac_293_00236953.LC | 2026-04-06 12:14:00,634 lancement intégration: (ff079dd4-4a05-47f5-bba7-7c45b498104f) | 2026-04-06 12:14:00,707 {'product': [ErrorDetail(string=""EAU MIN BTL 1,8L OLGANE n'est pas fourni par le fournisseur FOURNISSEUR CENTRALE"", code='invalid')]} - [L100104079EAU MIN BTL 1,8L OLGANE            00000164720000100000036000000000030000000034220000000380000 6181100250022 00000000000001647200129564] | 2026-04-06 12:14:00,711 fin intégration: (349386c4-5967-42d7-be8d-116fcc68f920) | fichier: /srv/import/291/Fac_291_00215883.LC | 2 lignes formatées | 1 lignes en erreurs | 1 lignes crées | 0 lignes mises à jour | 0 lignes supprimées";291;MANDARINE DANGA
pos9;POS 9;2026-04-09T18:56:31.473006+00:00;d38540fc-a628-42c0-a550-5ea4fbc186d9;2026-04-06T12:13:00.625269;2026-04-06T12:13:01.643056;30;import de données;delivery;livraison;0;erreur;interne;"Extrait du rapport d'import: | 2026-04-06 12:13:01,241 {'product': [ErrorDetail(string=""RIZ BASMATI 4,5KG RIZIERE n'est pas fourni par le fournisseur FOURNISSEUR CENTRALE"", code='invalid')]} - [L100392752RIZ BASMATI 4,5KG RIZIERE          00000166030001300000010000000000020000000406200000004650000 6186000055913 00000000000001660300066517] | 2026-04-06 12:13:01,257 {'product': [ErrorDetail(string=""RIZ VIET PREMIUM 5KG DINOR (JAUNE) n'est pas fourni par le fournisseur FOURNISSEUR CENTRALE"", code='invalid')]} - [L100455081RIZ VIET PREMIUM 5KG DINOR (JAUNE) 00000166030001400000015000000000030000000283500000003075000 6181100229486 00000000000001660300066517] | 2026-04-06 12:13:01,272 {'product': [ErrorDetail(string=""TOM CONC BTE 400G ALYSSA n'est pas fourni par le fournisseur FOURNISSEUR CENTRALE"", code='invalid')]} - [L100456756TOM CONC BTE 400G ALYSSA           00000166030001500000024000000000010000000043778000000475000 6186000182510 00000000000001660300066520] | 2026-04-06 12:13:01,288 {'product': [ErrorDetail(string=""KETCH 390G POT AROMATE n'est pas fourni par le fournisseur FOURNISSEUR CENTRALE"", code='invalid')]} - [L100475747KETCH 390G POT AROMATE             00000166040004600000024000000000020000000058174000000800000 6186000341092 00000000000001660400066513] | 2026-04-06 12:13:01,303 {'product': [ErrorDetail(string=""RIZ VIET JASMIN BLEU 4,5KG DELICIA n'est pas fourni par le fournisseur FOURNISSEUR CENTRALE"", code='invalid')]} - [L100503148RIZ VIET JASMIN BLEU 4,5KG DELICIA 00000166030001600000015000000000030000000242200000002600000 6181100229653 00000000000001660300066517] | 2026-04-06 12:13:01,318 {'product': [ErrorDetail(string=""HUIL TOURN PET 1L EXCELLA n'est pas fourni par le fournisseur FOURNISSEUR CENTRALE"", code='invalid')]} - [L100512812HUIL TOURN PET 1L EXCELLA          00000166030001700000024000000000020000000179478000002200000 6181100220049 00000000000001660300066513] | 2026-04-06 12:13:01,343 {'product': [ErrorDetail(string=""MAYO SQUEEZE 35CL AROMATE n'est pas fourni par le fournisseur FOURNISSEUR CENTRALE"", code='invalid')]} - [L100517885MAYO SQUEEZE 35CL AROMATE          00000166030001800000012000000000010000000091096000001150000 6186000341252 00000000000001660300066513] | 2026-04-06 12:13:01,366 {'product': [ErrorDetail(string=""CORNICH SANDWICH BOC 330G KUHNE n'est pas fourni par le fournisseur FOURNISSEUR CENTRALE"", code='invalid')]} - [L100541493CORNICH SANDWICH BOC 330G KUHNE    00000166030001900000010000000000010000000178180000002450000 4012200401019 00000000000001660300066513] | 2026-04-06 12:13:01,386 {'product': [ErrorDetail(string=""RIZ PARF LG 5KG OKI MOI FOODS n'est pas fourni par le fournisseur FOURNISSEUR CENTRALE"", code='invalid')]} - [L100559139RIZ PARF LG 5KG OKI MOI FOODS      00000166040004700000005000000000010000000314400000003300000 6186000301935 00000000000001660400066517] | 2026-04-06 12:13:01,402 {'product': [ErrorDetail(string=""MAYO AIL SQZ 35CL AROMATE n'est pas fourni par le fournisseur FOURNISSEUR CENTRALE"", code='invalid')]} - [L100592076MAYO AIL SQZ 35CL AROMATE          00000166030002000000012000000000010000000100064000001250000 6186000341511 00000000000001660300066513] | 2026-04-06 12:13:01,421 {'product': [ErrorDetail(string=""THON ENT VAPEUR HL OLIV 130G PN n'est pas fourni par le fournisseur FOURNISSEUR CENTRALE"", code='invalid')]} - [L100627031THON ENT VAPEUR HL OLIV 130G PN    00000166040004800000012000000000010000000213108000002950000 3019080063512 00000000000001660400066536] | 2026-04-06 12:13:01,438 {'product': [ErrorDetail(string=""ROASTED MELON SEEDS 300G AL RIFA n'est pas fourni par le fournisseur FOURNISSEUR CENTRALE"", code='invalid')]} - [L100629227ROASTED MELON SEEDS 300G AL RIFA   00000166040004900000012000000000010000000268804000003450000 5281026013297 00000000000001660400066542] | 2026-04-06 12:13:01,455 {'product': [ErrorDetail(string=""NOIX CAJ SALE SCHT 100G ADDICT n'est pas fourni par le fournisseur FOURNISSEUR CENTRALE"", code='invalid')]} - [L100634856NOIX CAJ SALE SCHT 100G ADDICT     00000166040005000000012000000000010000000222902000002850000 6186000657308 00000000000001660400066542] | 2026-04-06 12:13:01,472 {'product': [ErrorDetail(string=""PULP FINE TOM AIL VOGHIERA 400G MU n'est pas fourni par le fournisseur FOURNISSEUR CENTRALE"", code='invalid')]} - [L100636725PULP FINE TOM AIL VOGHIERA 400G MU 00000166030002100000006000000000010000000124018000001600000 8005110170461 00000000000001660300066520] | 2026-04-06 12:13:01,489 {'product': [ErrorDetail(string=""PULP FINE TOM BASILIC GENE BTE 400G n'est pas fourni par le fournisseur FOURNISSEUR CENTRALE"", code='invalid')]} - [L100636726PULP FINE TOM BASILIC GENE BTE 400G00000166030002200000006000000000010000000113162000001550000 8005110170423 00000000000001660300066520] | 2026-04-06 12:13:01,508 {'product': [ErrorDetail(string=""SCE TOM ET PARMESAN 400G MUTTI n'est pas fourni par le fournisseur FOURNISSEUR CENTRALE"", code='invalid')]} - [L100636733SCE TOM ET PARMESAN 400G MUTTI     00000166040005100000006000000000010000000246384000003175000 8005110000775 00000000000001660400066520] | 2026-04-06 12:13:01,527 {'product': [ErrorDetail(string=""SCE TOM BASILIC GENE BTLE 400G MUTT n'est pas fourni par le fournisseur FOURNISSEUR CENTRALE"", code='invalid')]} - [L100636734SCE TOM BASILIC GENE BTLE 400G MUTT00000166040005200000006000000000010000000246384000003175000 8005110517006 00000000000001660400066520] | 2026-04-06 12:13:01,544 {'product': [ErrorDetail(string=""MOUT 45CL/490G AROMATE n'est pas fourni par le fournisseur FOURNISSEUR CENTRALE"", code='invalid')]} - [L100643570MOUT 45CL/490G AROMATE             00000166030002300000012000000000020000000161896000002000000 6186000341788 00000000000001660300066513] | 2026-04-06 12:13:01,563 {'product': [ErrorDetail(string=""MOUT 270G AROMATE n'est pas fourni par le fournisseur FOURNISSEUR CENTRALE"", code='invalid')]} - [L100655500MOUT 270G AROMATE                  00000166030002400000024000000000020000000092040000001100000 6186000341603 00000000000001660300066513] | 2026-04-06 12:13:01,580 {'product': [ErrorDetail(string=""MAIS SS AJOUTE BTE 1/4 BONDUELLE n'est pas fourni par le fournisseur FOURNISSEUR CENTRALE"", code='invalid')]} - [L100707246MAIS SS AJOUTE BTE 1/4 BONDUELLE   00000166040005300000036000000000030000000080712000001125000 3083680015394 00000000000001660400066536] | 2026-04-06 12:13:01,598 {'product': [ErrorDetail(string=""LT COCO BTE 40CL KARA n'est pas fourni par le fournisseur FOURNISSEUR CENTRALE"", code='invalid')]} - [L100714915LT COCO BTE 40CL KARA              00000166030002500000024000000000010000000133340000001700000 8886303223016 00000000000001660300066546] | 2026-04-06 12:13:01,617 {'product': [ErrorDetail(string=""RIZ LG VIET JASM� 4,5KG LAYA n'est pas fourni par le fournisseur FOURNISSEUR CENTRALE"", code='invalid')]} - [L100727695RIZ LG VIET JASM� 4,5KG LAYA       00000166030002600000010000000000020000000257700000002775000 6186000919406 00000000000001660300066517] | 2026-04-06 12:13:01,620 fin intégration: (d38540fc-a628-42c0-a550-5ea4fbc186d9) | fichier: /srv/import/293/Fac_293_00236952.LC | 54 lignes formatées | 53 lignes en erreurs | 1 lignes crées | 0 lignes mises à jour | 0 lignes supprimées";293;MANDARINE AMBASSADE CHINE
pos9;POS 9;2026-04-09T18:56:31.473006+00:00;c31eb06c-959e-4228-b541-48c92c5d8581;2026-04-06T12:13:00.606184;2026-04-06T12:13:00.850863;30;import de données;delivery;livraison;0;erreur;interne;"Extrait du rapport d'import: | 2026-04-06 12:13:00,727 fin intégration: (d199cf95-857b-4bf7-8b88-0ecf94cd2988) | fichier: /srv/import/080/Fac_080_00215849.LC | 3 lignes formatées | 0 lignes en erreurs | 3 lignes crées | 0 lignes mises à jour | 0 lignes supprimées | 2026-04-06 12:13:00,735 {'product': [ErrorDetail(string=""CONC TOM 70G SOLEMIO FANA n'est pas fourni par le fournisseur FOURNISSEUR CENTRALE"", code='invalid')]} - [L014014951CONC TOM 70G SOLEMIO FANA          00000166030000200000100000000000010000000013098000000175000 0000080316237 00000000000001660300066520] | 2026-04-06 12:13:00,737 {'product': [ErrorDetail(string=""IGP OC BLC CHARD GRAND SUD 1L 2024 n'est pas fourni par le fournisseur FOURNISSEUR CENTRALE"", code='invalid')]} - [L100204416IGP OC BLC CHARD GRAND SUD 1L 2024 00000163970000300000006000000000010000000472118000006100000 3263286350161 00000000000001639700129557] | 2026-04-06 12:13:00,752 {'product': [ErrorDetail(string=""CONC TOM BTE 1/2 SOLEMIO/FANA n'est pas fourni par le fournisseur FOURNISSEUR CENTRALE"", code='invalid')]} - [L014014973CONC TOM BTE 1/2 SOLEMIO/FANA      00000166030000300000048000000000020000000086376000001000000 8010966216942 00000000000001660300066520] | 2026-04-06 12:13:00,755 {'product': [ErrorDetail(string=""BDX BLC CH ROUSSEAU 2023 n'est pas fourni par le fournisseur FOURNISSEUR CENTRALE"", code='invalid')]} - [L100341427BDX BLC CH ROUSSEAU 2023           00000163970000400000006000000000010000000382556000004900000 3500610000508 00000000000001639700129557] | 2026-04-06 12:13:00,769 {'product': [ErrorDetail(string=""CONF FRAISE ALLEG 350G ANDROS n'est pas fourni par le fournisseur FOURNISSEUR CENTRALE"", code='invalid')]} - [L020020175CONF FRAISE ALLEG 350G ANDROS      00000166040002700000006000000000010000000194936000002225000 3045320080506 00000000000001660400066540] | 2026-04-06 12:13:00,771 {'product': [ErrorDetail(string=""BERGERAC BLC MOEL CH ROUSSEAU 2024 n'est pas fourni par le fournisseur FOURNISSEUR CENTRALE"", code='invalid')]} - [L100341430BERGERAC BLC MOEL CH ROUSSEAU 2024 00000163970000500000006000000000010000000397306000005300000 3263286400446 00000000000001639700129557] | 2026-04-06 12:13:00,786 {'product': [ErrorDetail(string=""P POIS F 1/2 DAUCY n'est pas fourni par le fournisseur FOURNISSEUR CENTRALE"", code='invalid')]} - [L021021060P POIS F 1/2 DAUCY                 00000166040002800000024000000000020000000114224000001600000 3017800520321 00000000000001660400066536] | 2026-04-06 12:13:00,787 {'product': [ErrorDetail(string=""BDX BARON LESTAC 14� 2023 n'est pas fourni par le fournisseur FOURNISSEUR CENTRALE"", code='invalid')]} - [L100518672BDX BARON LESTAC 14� 2023          00000163970000600000006000000000010000000465628000005900000 3211203433220 00000000000001639700129557] | 2026-04-06 12:13:00,802 {'product': [ErrorDetail(string=""CHAMP HOTEL P&M 1/2 COUPE 230G LUT n'est pas fourni par le fournisseur FOURNISSEUR CENTRALE"", code='invalid')]} - [L021021320CHAMP HOTEL P&M 1/2 COUPE 230G LUT 00000166040002900000012000000000010000000117174000001750000 8710609341412 00000000000001660400066536] | 2026-04-06 12:13:00,803 {'product': [ErrorDetail(string=""CHABLIS AOC HVE  CS 23 n'est pas fourni par le fournisseur FOURNISSEUR CENTRALE"", code='invalid')]} - [L100585784CHABLIS AOC HVE  CS 23             00000163970000700000006000000000010000002150078000026950000 3222477726680 00000000000001639700129557] | 2026-04-06 12:13:00,818 {'product': [ErrorDetail(string=""CHAMP HOTEL P&M 1/4 COUPE 200G LUT n'est pas fourni par le fournisseur FOURNISSEUR CENTRALE"", code='invalid')]} - [L021021341CHAMP HOTEL P&M 1/4 COUPE 200G LUT 00000166040003000000024000000000020000000076818000001100000 8710609321414 00000000000001660400066536] | 2026-04-06 12:13:00,818 {'product': [ErrorDetail(string=""IGP LOIRE BLC CHENIN PLESSIS 23 n'est pas fourni par le fournisseur FOURNISSEUR CENTRALE"", code='invalid')]} - [L100676165IGP LOIRE BLC CHENIN PLESSIS 23    00000163970000800000006000000000010000000435538000005600000 3211200291748 00000000000001639700129557] | 2026-04-06 12:13:00,833 {'product': [ErrorDetail(string=""VIN BLC MOUSSEUX CDF BTE 25CL n'est pas fourni par le fournisseur FOURNISSEUR CENTRALE"", code='invalid')]} - [L100681837VIN BLC MOUSSEUX CDF BTE 25CL      00000163970000900000048000000000020000000039530000000500000 6186000929009 00000000000001639700129498] | 2026-04-06 12:13:00,834 {'product': [ErrorDetail(string=""MAIS DOUX FIN 1/2 FERME ABBAYE n'est pas fourni par le fournisseur FOURNISSEUR CENTRALE"", code='invalid')]} - [L021021504MAIS DOUX FIN 1/2 FERME ABBAYE     00000166040003100000012000000000010000000094400000001350000 3017800061084 00000000000001660400066536] | 2026-04-06 12:13:00,837 fin intégration: (c31eb06c-959e-4228-b541-48c92c5d8581) | fichier: /srv/import/291/Fac_291_00215882.LC | 10 lignes formatées | 9 lignes en erreurs | 1 lignes crées | 0 lignes mises à jour | 0 lignes supprimées";291;MANDARINE DANGA
pos9;POS 9;2026-04-09T18:56:31.473006+00:00;d199cf95-857b-4bf7-8b88-0ecf94cd2988;2026-04-06T12:13:00.597858;2026-04-06T12:13:00.730659;30;import de données;delivery;livraison;2;succès;interne;Import livraison: | fin intégration: (d199cf95-857b-4bf7-8b88-0ecf94cd2988) | fichier: /srv/import/080/Fac_080_00215849.LC | 3 lignes formatées | 0 lignes en erreurs | 3 lignes crées | 0 lignes mises à jour | 0 lignes supprimées;080;MANDARINE MARCORY
pos9;POS 9;2026-04-09T18:56:31.473006+00:00;c516f425-c946-4b55-b2ba-60e9b5cf9ee8;2026-04-06T12:13:00.613886;2026-04-06T12:13:00.715136;30;import de données;delivery;livraison;2;succès;interne;Import livraison: | fin intégration: (c516f425-c946-4b55-b2ba-60e9b5cf9ee8) | fichier: /srv/import/292/Fac_292_00215835.LC | 2 lignes formatées | 0 lignes en erreurs | 2 lignes crées | 0 lignes mises à jour | 0 lignes supprimées;292;MANDARINE KOUMASSI
pos9;POS 9;2026-04-09T18:56:31.473006+00:00;bec0ea92-dd13-413c-a510-fcab4601f2df;2026-04-06T12:12:00.598671;2026-04-06T12:12:01.301637;30;import de données;delivery;livraison;2;succès;interne;Import livraison: | fin intégration: (bec0ea92-dd13-413c-a510-fcab4601f2df) | fichier: /srv/import/080/Fac_080_00215848.LC | 21 lignes formatées | 0 lignes en erreurs | 18 lignes crées | 3 lignes mises à jour | 0 lignes supprimées;080;MANDARINE MARCORY
pos9;POS 9;2026-04-09T18:56:31.473006+00:00;339918b1-d3c1-4e7c-9fba-a1ff4a2de3a7;2026-04-06T12:12:00.605859;2026-04-06T12:12:01.244592;30;import de données;delivery;livraison;0;erreur;interne;"Extrait du rapport d'import: | 2026-04-06 12:12:00,992 {'product': [ErrorDetail(string=""EAU SOURC BTL 0,5L CRISTALINE n'est pas fourni par le fournisseur FOURNISSEUR CENTRALE"", code='invalid')]} - [L100170381EAU SOURC BTL 0,5L CRISTALINE      00000162870002800000228000000000190000000007552000000125000 3268840001008 00000000000001628700129563] | 2026-04-06 12:12:01,012 {'product': [ErrorDetail(string=""EAU MIN PET 1L OLGANE n'est pas fourni par le fournisseur FOURNISSEUR CENTRALE"", code='invalid')]} - [L100199830EAU MIN PET 1L OLGANE              00000162860002400000030000000000050000000022656000000250000 6181100250015 00000000000001628600129563] | 2026-04-06 12:12:01,030 {'product': [ErrorDetail(string=""EAU MIN BTL 33CL CELESTE n'est pas fourni par le fournisseur FOURNISSEUR CENTRALE"", code='invalid')]} - [L100325217EAU MIN BTL 33CL CELESTE           00000162830000900000400000000000200000000010502000000125000 6186000182206 00000000000001628300129563] | 2026-04-06 12:12:01,047 {'product': [ErrorDetail(string=""EAU MIN NAT PET 5L CELESTE n'est pas fourni par le fournisseur FOURNISSEUR CENTRALE"", code='invalid')]} - [L100343591EAU MIN NAT PET 5L CELESTE         00000162830001000000020000000000050000000074340000001000000 6186000182435 00000000000001628300129563] | 2026-04-06 12:12:01,066 {'product': [ErrorDetail(string=""EAU MIN NAT PET 1L CELESTE n'est pas fourni par le fournisseur FOURNISSEUR CENTRALE"", code='invalid')]} - [L100378962EAU MIN NAT PET 1L CELESTE         00000162840001300000456000000000380000000017700000000225000 6186000055418 00000000000001628400129563] | 2026-04-06 12:12:01,082 {'product': [ErrorDetail(string=""EAU SOURC PET 33CL CRISTALINE n'est pas fourni par le fournisseur FOURNISSEUR CENTRALE"", code='invalid')]} - [L100385748EAU SOURC PET 33CL CRISTALINE      00000162850001900000800000000000500000000006490000000100000 3254381026402 00000000000001628500129563] | 2026-04-06 12:12:01,099 {'product': [ErrorDetail(string=""EAU SOURC BTL 1,5L BEAUPRE n'est pas fourni par le fournisseur FOURNISSEUR CENTRALE"", code='invalid')]} - [L100416346EAU SOURC BTL 1,5L BEAUPRE         00000162830001100000036000000000060000000059944000000675000 3760000950923 00000000000001628300129563] | 2026-04-06 12:12:01,115 {'product': [ErrorDetail(string=""EAU SOURC BTL 1,5L BEAUPRE n'est pas fourni par le fournisseur FOURNISSEUR CENTRALE"", code='invalid')]} - [L100416346EAU SOURC BTL 1,5L BEAUPRE         00000162840001400000024000000000040000000059944000000675000 3760000950923 00000000000001628400129563] | 2026-04-06 12:12:01,135 {'product': [ErrorDetail(string=""EAU SOURC BTL 50CL BEAUPRE n'est pas fourni par le fournisseur FOURNISSEUR CENTRALE"", code='invalid')]} - [L100416349EAU SOURC BTL 50CL BEAUPRE         00000162840001500000048000000000020000000045194000000525000 3760000950992 00000000000001628400129563] | 2026-04-06 12:12:01,155 {'product': [ErrorDetail(string=""EAU MIN BONBONNE 18L WATER n'est pas fourni par le fournisseur FOURNISSEUR CENTRALE"", code='invalid')]} - [L100515586EAU MIN BONBONNE 18L WATER         00000941050000100000015000000000010000000157884000001875000 6182151321518 00000000000009410500129563] | 2026-04-06 12:12:01,172 {'product': [ErrorDetail(string=""EAU MIN BTL 45CL AKWABAO n'est pas fourni par le fournisseur FOURNISSEUR CENTRALE"", code='invalid')]} - [L100530551EAU MIN BTL 45CL AKWABAO           00000162850002000000240000000000200000000006844000000100000 6181113101212 00000000000001628500129563] | 2026-04-06 12:12:01,176 fin intégration: (940ba50a-8c08-4d4f-826c-ae79e16ee5ef) | fichier: /srv/import/292/Fac_292_00215834.LC | 16 lignes formatées | 0 lignes en erreurs | 16 lignes crées | 0 lignes mises à jour | 0 lignes supprimées | 2026-04-06 12:12:01,190 {'product': [ErrorDetail(string=""EAU MIN GAZ PREM BTLE 75CL KIRENE n'est pas fourni par le fournisseur FOURNISSEUR CENTRALE"", code='invalid')]} - [L100599593EAU MIN GAZ PREM BTLE 75CL KIRENE  00000162830001200000012000000000010000000100300000001200000 6186000455621 00000000000001628300129563] | 2026-04-06 12:12:01,210 {'product': [ErrorDetail(string=""EAU MIN BTL 33CL KIRENE n'est pas fourni par le fournisseur FOURNISSEUR CENTRALE"", code='invalid')]} - [L100664119EAU MIN BTL 33CL KIRENE            00000162840001600001116000000000930000000008378000000100000 6186000455249 00000000000001628400129566] | 2026-04-06 12:12:01,227 {'product': [ErrorDetail(string=""EAU MIN BTL 33CL KIRENE n'est pas fourni par le fournisseur FOURNISSEUR CENTRALE"", code='invalid')]} - [L100664119EAU MIN BTL 33CL KIRENE            00000162850002100000084000000000070000000008378000000100000 6186000455249 00000000000001628500129566] | 2026-04-06 12:12:01,230 fin intégration: (339918b1-d3c1-4e7c-9fba-a1ff4a2de3a7) | fichier: /srv/import/291/Fac_291_00215881.LC | 29 lignes formatées | 28 lignes en erreurs | 1 lignes crées | 0 lignes mises à jour | 0 lignes supprimées";291;MANDARINE DANGA
pos9;POS 9;2026-04-09T18:56:31.473006+00:00;940ba50a-8c08-4d4f-826c-ae79e16ee5ef;2026-04-06T12:12:00.613033;2026-04-06T12:12:01.178245;30;import de données;delivery;livraison;2;succès;interne;Import livraison: | fin intégration: (940ba50a-8c08-4d4f-826c-ae79e16ee5ef) | fichier: /srv/import/292/Fac_292_00215834.LC | 16 lignes formatées | 0 lignes en erreurs | 16 lignes crées | 0 lignes mises à jour | 0 lignes supprimées;292;MANDARINE KOUMASSI
pos9;POS 9;2026-04-09T18:56:31.473006+00:00;f928b0f1-aa22-43f5-bfaf-dc2e232e2ad6;2026-04-06T12:12:00.623657;2026-04-06T12:12:00.772909;30;import de données;delivery;livraison;0;erreur;interne;"Extrait du rapport d'import: | 16 lignes formatées | 0 lignes en erreurs | 16 lignes crées | 0 lignes mises à jour | 0 lignes supprimées | 2026-04-06 12:12:00,596 fichier present: (['Fac_080_00336680.LC', 'Fac_080_00215848.LC', 'Fac_080_00336682.LC', 'Fac_080_00336675.LC', 'Fac_080_00236926.LC', 'Fac_080_00336791.LC', 'Fac_080_00336679.LC', 'Fac_080_00336810.LC', 'Fac_080_00336678.LC', 'Fac_080_00215849.LC', 'Fac_080_00236973.LC', 'Fac_080_00336684.LC', 'Fac_080_00336677.LC', 'Fac_080_00215901.LC', 'Fac_080_00336676.LC', 'Fac_080_00336681.LC', 'Fac_080_00236925.LC'] - delivery) dans /srv/import/080/ | 2026-04-06 12:12:00,598 21 lignes lu dans le fichier /srv/import/080/Fac_080_00215848.LC | 2026-04-06 12:12:00,598 lancement intégration: (bec0ea92-dd13-413c-a510-fcab4601f2df) | 2026-04-06 12:12:00,603 fichier present: (['Fac_291_00236951.LC', 'Fac_291_00215881.LC', 'Fac_291_00215883.LC', 'Fac_291_00336641.LC', 'Fac_291_00236986.LC', 'Fac_291_00215913.LC', 'Fac_291_00336642.LC', 'Fac_291_00336820.LC', 'Fac_291_00336640.LC', 'Fac_291_00336638.LC', 'Fac_291_00236966.LC', 'Fac_291_00215897.LC', 'Fac_291_00336639.LC', 'Fac_291_00236950.LC', 'Fac_291_00215884.LC', 'Fac_291_00215882.LC', 'Fac_291_00215885.LC', 'Fac_291_00336798.LC', 'Fac_291_00336694.LC'] - delivery) dans /srv/import/291/ | 2026-04-06 12:12:00,605 29 lignes lu dans le fichier /srv/import/291/Fac_291_00215881.LC | 2026-04-06 12:12:00,605 lancement intégration: (339918b1-d3c1-4e7c-9fba-a1ff4a2de3a7) | 2026-04-06 12:12:00,610 fichier present: (['Fac_292_00336581.LC', 'Fac_292_00336748.LC', 'Fac_292_00215834.LC', 'Fac_292_00336585.LC', 'Fac_292_00336582.LC', 'Fac_292_00215905.LC', 'Fac_292_00336580.LC', 'Fac_292_00336695.LC', 'Fac_292_00336583.LC', 'Fac_292_00336747.LC', 'Fac_292_00236968.LC', 'Fac_292_00236987.LC', 'Fac_292_00336587.LC', 'Fac_292_00236969.LC', 'Fac_292_00236967.LC', 'Fac_292_00336584.LC', 'Fac_292_00336586.LC', 'Fac_292_00215835.LC'] - delivery) dans /srv/import/292/ | 2026-04-06 12:12:00,612 16 lignes lu dans le fichier /srv/import/292/Fac_292_00215834.LC | 2026-04-06 12:12:00,612 lancement intégration: (940ba50a-8c08-4d4f-826c-ae79e16ee5ef) | 2026-04-06 12:12:00,619 fichier present: (['Fac_293_00336643.LC', 'Fac_293_00236955.LC', 'Fac_293_00336647.LC', 'Fac_293_00336648.LC', 'Fac_293_00336645.LC', 'Fac_293_00236953.LC', 'Fac_293_00336646.LC', 'Fac_293_00336644.LC', 'Fac_293_00336696.LC', 'Fac_293_00236988.LC', 'Fac_293_00336822.LC', 'Fac_293_00336650.LC', 'Fac_293_00336651.LC', 'Fac_293_00215846.LC', 'Fac_293_00236954.LC', 'Fac_293_00336800.LC', 'Fac_293_00236952.LC', 'Fac_293_00336649.LC'] - delivery) dans /srv/import/293/ | 2026-04-06 12:12:00,622 2 lignes lu dans le fichier /srv/import/293/Fac_293_00215846.LC | 2026-04-06 12:12:00,622 lancement intégration: (f928b0f1-aa22-43f5-bfaf-dc2e232e2ad6) | 2026-04-06 12:12:00,724 {'product': [ErrorDetail(string=""EAU MIN NAT PET 0,5L AWA n'est pas fourni par le fournisseur FOURNISSEUR CENTRALE"", code='invalid')]} - [L032020101EAU MIN NAT PET 0,5L AWA           00000162870002500000180000000000200000000007788000000125000 6181100360059 00000000000001628700129563] | 2026-04-06 12:12:00,737 {'product': [ErrorDetail(string=""PALETTE APAL  80*120 n'est pas fourni par le fournisseur FOURNISSEUR CENTRALE"", code='invalid')]} - [L100514060PALETTE APAL  80*120               00000166110000100000001000000000010000001049138000010490000 2001005140607 00000000000001661103907873] | 2026-04-06 12:12:00,741 fin intégration: (f928b0f1-aa22-43f5-bfaf-dc2e232e2ad6) | fichier: /srv/import/293/Fac_293_00215846.LC | 2 lignes formatées | 1 lignes en erreurs | 1 lignes crées | 0 lignes mises à jour | 0 lignes supprimées | 2026-04-06 12:12:00,747 {'product': [ErrorDetail(string=""EAU MIN BTL 0,5L VOLVIC n'est pas fourni par le fournisseur FOURNISSEUR CENTRALE"", code='invalid')]} - [L032020300EAU MIN BTL 0,5L VOLVIC            00000162830000200000048000000000020000000062540000000750000 3057640100673 00000000000001628300129563] | 2026-04-06 12:12:00,767 {'product': [ErrorDetail(string=""EAU MIN BTL 50CL EVIAN n'est pas fourni par le fournisseur FOURNISSEUR CENTRALE"", code='invalid')]} - [L100031898EAU MIN BTL 50CL EVIAN             00000162830000300000048000000000020000000072570000000850000 3068320124537 00000000000001628300129563]";293;MANDARINE AMBASSADE CHINE
pos9;POS 9;2026-04-09T18:56:31.473006+00:00;f8a8c35b-33d5-4fb9-969e-9e151d94092a;2026-04-06T12:11:00.621375;2026-04-06T12:11:01.646610;30;import de données;delivery;livraison;2;succès;interne;Import livraison: | fin intégration: (f8a8c35b-33d5-4fb9-969e-9e151d94092a) | fichier: /srv/import/292/Fac_292_00215833.LC | 16 lignes formatées | 0 lignes en erreurs | 16 lignes crées | 0 lignes mises à jour | 0 lignes supprimées;292;MANDARINE KOUMASSI
pos9;POS 9;2026-04-09T18:56:31.473006+00:00;ece986ca-90e1-4f33-a9ca-4654239b4c44;2026-04-06T12:11:00.611778;2026-04-06T12:11:01.625991;30;import de données;delivery;livraison;0;erreur;interne;"Extrait du rapport d'import: | 23 lignes formatées | 22 lignes en erreurs | 1 lignes crées | 0 lignes mises à jour | 0 lignes supprimées | 2026-04-06 12:11:01,324 {'product': [ErrorDetail(string=""JUS POM RAIS BRK 1L PRESSEA n'est pas fourni par le fournisseur FOURNISSEUR CENTRALE"", code='invalid')]} - [L100512627JUS POM RAIS BRK 1L PRESSEA        00000162120002400000012000000000010000000090860000001150000 6186000455164 00000000000001621200129539] | 2026-04-06 12:11:01,341 {'product': [ErrorDetail(string=""BIERE BLDE BTL 5� 33CL BUDWEISER n'est pas fourni par le fournisseur FOURNISSEUR CENTRALE"", code='invalid')]} - [L100517663BIERE BLDE BTL 5� 33CL BUDWEISER   00000162120002500000048000000000020000000062894000000750000 5410228266525 00000000000001621200129562] | 2026-04-06 12:11:01,357 {'product': [ErrorDetail(string=""BIERE SMALT POM 0� BTE 50 CL BAVARI n'est pas fourni par le fournisseur FOURNISSEUR CENTRALE"", code='invalid')]} - [L100541845BIERE SMALT POM 0� BTE 50 CL BAVARI00000162120002600000024000000000010000000068086000000850000 8714800017602 00000000000001621200129567] | 2026-04-06 12:11:01,374 {'product': [ErrorDetail(string=""BOISS ANAS MINI BRK 6X20CL PRES n'est pas fourni par le fournisseur FOURNISSEUR CENTRALE"", code='invalid')]} - [L100579986BOISS ANAS MINI BRK 6X20CL PRES    00000162120002700000008000000000020000000093220000001100000 6186000455645 00000000000001621200129539] | 2026-04-06 12:11:01,390 {'product': [ErrorDetail(string=""JUS CIT PUNCH BTL 30CLTAMPICO n'est pas fourni par le fournisseur FOURNISSEUR CENTRALE"", code='invalid')]} - [L100592785JUS CIT PUNCH BTL 30CLTAMPICO      00000162120002800000060000000000050000000021358000000275000 6186000962556 00000000000001621200129539] | 2026-04-06 12:11:01,405 {'product': [ErrorDetail(string=""PUR JUS COCKT BRK 1L CEBON n'est pas fourni par le fournisseur FOURNISSEUR CENTRALE"", code='invalid')]} - [L100608042PUR JUS COCKT BRK 1L CEBON         00000162120002900000006000000000010000000120360000001500000 6186000568178 00000000000001621200129539] | 2026-04-06 12:11:01,423 {'product': [ErrorDetail(string=""BIERE BRUNE BTE 5,5� 33CL RACINES B n'est pas fourni par le fournisseur FOURNISSEUR CENTRALE"", code='invalid')]} - [L100620479BIERE BRUNE BTE 5,5� 33CL RACINES B00000162120003000000024000000000010000000036580000000450000 9501100009005 00000000000001621200129562] | 2026-04-06 12:11:01,440 {'product': [ErrorDetail(string=""BIERE BLDE BTE 5� 33CL BEAUFORT n'est pas fourni par le fournisseur FOURNISSEUR CENTRALE"", code='invalid')]} - [L100620484BIERE BLDE BTE 5� 33CL BEAUFORT    00000162120003100000024000000000010000000041890000000500000 9501100000118 00000000000001621200129562] | 2026-04-06 12:11:01,457 {'product': [ErrorDetail(string=""PUR JUS MANG 1L CEBON n'est pas fourni par le fournisseur FOURNISSEUR CENTRALE"", code='invalid')]} - [L100641335PUR JUS MANG 1L CEBON              00000162120003200000006000000000010000000120360000001490000 6186000568246 00000000000001621200129539] | 2026-04-06 12:11:01,474 {'product': [ErrorDetail(string=""BOISS MORINGA BISSAP BTE 33CL IVORI n'est pas fourni par le fournisseur FOURNISSEUR CENTRALE"", code='invalid')]} - [L100651931BOISS MORINGA BISSAP BTE 33CL IVORI00000162120003300000024000000000010000000061952000000750000 6186000467358 00000000000001621200129539] | 2026-04-06 12:11:01,491 {'product': [ErrorDetail(string=""JUS RAIS RGE BRK 1L REA n'est pas fourni par le fournisseur FOURNISSEUR CENTRALE"", code='invalid')]} - [L100669846JUS RAIS RGE BRK 1L REA            00000162120003400000012000000000010000000242608000002950000 3020648107746 00000000000001621200129539] | 2026-04-06 12:11:01,509 {'product': [ErrorDetail(string=""NECT MULTIFRT BRK 2L JOKER n'est pas fourni par le fournisseur FOURNISSEUR CENTRALE"", code='invalid')]} - [L100684292NECT MULTIFRT BRK 2L JOKER         00000162120003500000006000000000010000000404622000005100000 3123349017120 00000000000001621200129539] | 2026-04-06 12:11:01,527 {'product': [ErrorDetail(string=""BOISS SMALT PECH BTE 33CL BAVARIA n'est pas fourni par le fournisseur FOURNISSEUR CENTRALE"", code='invalid')]} - [L100704773BOISS SMALT PECH BTE 33CL BAVARIA  00000162120003600000024000000000010000000054988000000700000 8714800018289 00000000000001621200129567] | 2026-04-06 12:11:01,544 {'product': [ErrorDetail(string=""JUS ANAS PET 30CL PITAYA n'est pas fourni par le fournisseur FOURNISSEUR CENTRALE"", code='invalid')]} - [L100716546JUS ANAS PET 30CL PITAYA           00000162120003700000012000000000010000000021122000000250000 8939126667984 00000000000001621200129539] | 2026-04-06 12:11:01,562 {'product': [ErrorDetail(string=""JUS FRAIS PET 30CL PITAYA n'est pas fourni par le fournisseur FOURNISSEUR CENTRALE"", code='invalid')]} - [L100716547JUS FRAIS PET 30CL PITAYA          00000162120003800000012000000000010000000021122000000250000 8939126668042 00000000000001621200129539] | 2026-04-06 12:11:01,580 {'product': [ErrorDetail(string=""BOISS SMALT DARK BTE 0�33CL BAVARIA n'est pas fourni par le fournisseur FOURNISSEUR CENTRALE"", code='invalid')]} - [L100731769BOISS SMALT DARK BTE 0�33CL BAVARIA00000162120003900000024000000000010000000047200000000600000 8714800052269 00000000000001621200129567] | 2026-04-06 12:11:01,584 fin intégration: (ece986ca-90e1-4f33-a9ca-4654239b4c44) | fichier: /srv/import/291/Fac_291_00215880.LC | 40 lignes formatées | 39 lignes en erreurs | 1 lignes crées | 0 lignes mises à jour | 0 lignes supprimées";291;MANDARINE DANGA
pos9;POS 9;2026-04-09T18:56:31.473006+00:00;2bc7411c-a73f-4178-84d3-5a73e328f098;2026-04-06T12:11:00.632305;2026-04-06T12:11:01.343739;30;import de données;delivery;livraison;0;erreur;interne;"Extrait du rapport d'import: | 2026-04-06 12:11:01,143 {'product': [ErrorDetail(string=""JUS MULTIFRT BRK 1L DARCI n'est pas fourni par le fournisseur FOURNISSEUR CENTRALE"", code='invalid')]} - [L100425095JUS MULTIFRT BRK 1L DARCI          00000162120001400000012000000000020000000072570000000900000 6186000106554 00000000000001621200129539] | 2026-04-06 12:11:01,144 {'product': [ErrorDetail(string=""JUS MULTIFRT BRK 1L DARCI n'est pas fourni par le fournisseur FOURNISSEUR CENTRALE"", code='invalid')]} - [L100425095JUS MULTIFRT BRK 1L DARCI          00000162160001300000006000000000010000000072570000000900000 6186000106554 00000000000001621600066509] | 2026-04-06 12:11:01,171 {'product': [ErrorDetail(string=""JUS RAIS BRK 1L DARCI n'est pas fourni par le fournisseur FOURNISSEUR CENTRALE"", code='invalid')]} - [L100425096JUS RAIS BRK 1L DARCI              00000162120001500000006000000000010000000072570000000900000 6186000106585 00000000000001621200129539] | 2026-04-06 12:11:01,176 {'product': [ErrorDetail(string=""JUS RAIS BRK 1L DARCI n'est pas fourni par le fournisseur FOURNISSEUR CENTRALE"", code='invalid')]} - [L100425096JUS RAIS BRK 1L DARCI              00000162160001400000006000000000010000000072570000000900000 6186000106585 00000000000001621600066509] | 2026-04-06 12:11:01,188 {'product': [ErrorDetail(string=""NECT MANG BRK 1L DARCI n'est pas fourni par le fournisseur FOURNISSEUR CENTRALE"", code='invalid')]} - [L100425099NECT MANG BRK 1L DARCI             00000162120001600000012000000000020000000072570000000900000 6186000106523 00000000000001621200129539] | 2026-04-06 12:11:01,195 {'product': [ErrorDetail(string=""NECT GOYAVE BRK 1L DARCI n'est pas fourni par le fournisseur FOURNISSEUR CENTRALE"", code='invalid')]} - [L100425100NECT GOYAVE BRK 1L DARCI           00000162160001500000006000000000010000000072570000000900000 6186000106493 00000000000001621600066509] | 2026-04-06 12:11:01,205 {'product': [ErrorDetail(string=""NECT GOYAVE BRK 1L DARCI n'est pas fourni par le fournisseur FOURNISSEUR CENTRALE"", code='invalid')]} - [L100425100NECT GOYAVE BRK 1L DARCI           00000162120001700000006000000000010000000072570000000900000 6186000106493 00000000000001621200129539] | 2026-04-06 12:11:01,213 {'product': [ErrorDetail(string=""PUR JUS COCKT BRK 1L CEBON n'est pas fourni par le fournisseur FOURNISSEUR CENTRALE"", code='invalid')]} - [L100608042PUR JUS COCKT BRK 1L CEBON         00000162160001600000006000000000010000000120360000001500000 6186000568178 00000000000001621600066509] | 2026-04-06 12:11:01,222 {'product': [ErrorDetail(string=""BOISS GOYAVE BRK 6X20CL DARCI n'est pas fourni par le fournisseur FOURNISSEUR CENTRALE"", code='invalid')]} - [L100425110BOISS GOYAVE BRK 6X20CL DARCI      00000162120001800000004000000000010000000091803400001050000 6186000106592 00000000000001621200129539] | 2026-04-06 12:11:01,230 {'product': [ErrorDetail(string=""SIROP MOJITO MINT BTL 70CL M BRIZAR n'est pas fourni par le fournisseur FOURNISSEUR CENTRALE"", code='invalid')]} - [L100632518SIROP MOJITO MINT BTL 70CL M BRIZAR00000162160001700000006000000000010000000388810000004850000 3041311028151 00000000000001621600066509] | 2026-04-06 12:11:01,238 {'product': [ErrorDetail(string=""BIERE POM 0� BTE 25CL BAVARIA n'est pas fourni par le fournisseur FOURNISSEUR CENTRALE"", code='invalid')]} - [L100461435BIERE POM 0� BTE 25CL BAVARIA      00000162120001900000024000000000010000000039058000000475000 8714800035965 00000000000001621200129567] | 2026-04-06 12:11:01,246 {'product': [ErrorDetail(string=""NECT TROP BRK 1L CERES n'est pas fourni par le fournisseur FOURNISSEUR CENTRALE"", code='invalid')]} - [L100648271NECT TROP BRK 1L CERES             00000162160001800000012000000000010000000134756000001650000 6001240240908 00000000000001621600066509] | 2026-04-06 12:11:01,254 {'product': [ErrorDetail(string=""BOISS GAZ PET 30CL COCA COLA n'est pas fourni par le fournisseur FOURNISSEUR CENTRALE"", code='invalid')]} - [L100488087BOISS GAZ PET 30CL COCA COLA       00000162120002000000060000000000050000000016992000000200000 9033805200000 00000000000001621200129562] | 2026-04-06 12:11:01,263 {'product': [ErrorDetail(string=""NECT CARIBEAN BRK 1L CERES n'est pas fourni par le fournisseur FOURNISSEUR CENTRALE"", code='invalid')]} - [L100670360NECT CARIBEAN BRK 1L CERES         00000162160001900000012000000000010000000134756000001650000 6001240240960 00000000000001621600066509] | 2026-04-06 12:11:01,270 {'product': [ErrorDetail(string=""NECT OR BRK 1L PRESSEA n'est pas fourni par le fournisseur FOURNISSEUR CENTRALE"", code='invalid')]} - [L100512621NECT OR BRK 1L PRESSEA             00000162120002100000024000000000020000000083780000000890000 9501100460073 00000000000001621200129539] | 2026-04-06 12:11:01,279 {'product': [ErrorDetail(string=""JUS PAMPL LE FRT BRK 1L JOKER n'est pas fourni par le fournisseur FOURNISSEUR CENTRALE"", code='invalid')]} - [L100684279JUS PAMPL LE FRT BRK 1L JOKER      00000162160002000000012000000000010000000310222000003975000 3123349017182 00000000000001621600066509] | 2026-04-06 12:11:01,289 {'product': [ErrorDetail(string=""NECT POM BRK 1L PRESSEA n'est pas fourni par le fournisseur FOURNISSEUR CENTRALE"", code='invalid')]} - [L100512622NECT POM BRK 1L PRESSEA            00000162120002200000012000000000010000000090860000001150000 9501100460080 00000000000001621200129539] | 2026-04-06 12:11:01,296 {'product': [ErrorDetail(string=""JUS POM PET 30CL TAMPICO n'est pas fourni par le fournisseur FOURNISSEUR CENTRALE"", code='invalid')]} - [L100709177JUS POM PET 30CL TAMPICO           00000162160002100000012000000000010000000021358000000275000 0095188009297 00000000000001621600066509] | 2026-04-06 12:11:01,307 {'product': [ErrorDetail(string=""JUS MIX COCO ANAS BRK 1L PRESSE n'est pas fourni par le fournisseur FOURNISSEUR CENTRALE"", code='invalid')]} - [L100512626JUS MIX COCO ANAS BRK 1L PRESSE    00000162120002300000024000000000020000000090860000001150000 6186000455607 00000000000001621200129539] | 2026-04-06 12:11:01,312 {'product': [ErrorDetail(string=""NECT MULTIFRT BRK 20CL CERES n'est pas fourni par le fournisseur FOURNISSEUR CENTRALE"", code='invalid')]} - [L100720509NECT MULTIFRT BRK 20CL CERES       00000162160002200000048000000000020000000029854000000375000 6001240240755 00000000000001621600066509] | 2026-04-06 12:11:01,316 fin intégration: (2bc7411c-a73f-4178-84d3-5a73e328f098) | fichier: /srv/import/293/Fac_293_00215836.LC | 23 lignes formatées | 22 lignes en erreurs | 1 lignes crées | 0 lignes mises à jour | 0 lignes supprimées | 2026-04-06 12:11:01,324 {'product': [ErrorDetail(string=""JUS POM RAIS BRK 1L PRESSEA n'est pas fourni par le fournisseur FOURNISSEUR CENTRALE"", code='invalid')]} - [L100512627JUS POM RAIS BRK 1L PRESSEA        00000162120002400000012000000000010000000090860000001150000 6186000455164 00000000000001621200129539] | 2026-04-06 12:11:01,341 {'product': [ErrorDetail(string=""BIERE BLDE BTL 5� 33CL BUDWEISER n'est pas fourni par le fournisseur FOURNISSEUR CENTRALE"", code='invalid')]} - [L100517663BIERE BLDE BTL 5� 33CL BUDWEISER   00000162120002500000048000000000020000000062894000000750000 5410228266525 00000000000001621200129562]";293;MANDARINE AMBASSADE CHINE
pos9;POS 9;2026-04-09T18:56:31.473006+00:00;0a3809d0-be53-40fe-af37-bf73effd8dbd;2026-04-06T12:11:00.600301;2026-04-06T12:11:01.142481;30;import de données;delivery;livraison;2;succès;interne;Import livraison: | fin intégration: (0a3809d0-be53-40fe-af37-bf73effd8dbd) | fichier: /srv/import/080/Fac_080_00215847.LC | 11 lignes formatées | 0 lignes en erreurs | 11 lignes crées | 0 lignes mises à jour | 0 lignes supprimées;080;MANDARINE MARCORY
pos9;POS 9;2026-04-09T18:56:31.473006+00:00;df5401cb-a472-466c-9fcb-61af7dde7212;2026-04-05T23:18:14.648879;2026-04-05T23:18:23.552976;30;import de données;price_updater;mise à jour de prix;2;succès;interne;Import mise à jour de prix: | fin intégration: (df5401cb-a472-466c-9fcb-61af7dde7212) | fichier: /srv/import/080/290_pricing_20260405183312.csv | 294 lignes formatées | 0 lignes en erreurs | 2 lignes crées | 0 lignes mises à jour | 0 lignes supprimées;080;MANDARINE MARCORY
pos9;POS 9;2026-04-09T18:56:31.473006+00:00;96a2c233-2610-46d5-8e9a-2620d9c53027;2026-04-05T23:18:14.659745;2026-04-05T23:18:20.322364;30;import de données;price_updater;mise à jour de prix;2;succès;interne;Import mise à jour de prix: | fin intégration: (96a2c233-2610-46d5-8e9a-2620d9c53027) | fichier: /srv/import/291/290_pricing_20260405183312.csv | 294 lignes formatées | 0 lignes en erreurs | 2 lignes crées | 0 lignes mises à jour | 0 lignes supprimées;291;MANDARINE DANGA
pos9;POS 9;2026-04-09T18:56:31.473006+00:00;a805ea56-4b0a-401f-9500-88b693f9e752;2026-04-05T23:18:14.669036;2026-04-05T23:18:19.802928;30;import de données;price_updater;mise à jour de prix;2;succès;interne;Import mise à jour de prix: | fin intégration: (a805ea56-4b0a-401f-9500-88b693f9e752) | fichier: /srv/import/292/290_pricing_20260405183312.csv | 294 lignes formatées | 0 lignes en erreurs | 2 lignes crées | 0 lignes mises à jour | 0 lignes supprimées;292;MANDARINE KOUMASSI
pos9;POS 9;2026-04-09T18:56:31.473006+00:00;c664c9b1-536f-4a04-aacf-0eb8a22cf2be;2026-04-05T23:18:14.678375;2026-04-05T23:18:19.781506;30;import de données;price_updater;mise à jour de prix;2;succès;interne;Import mise à jour de prix: | fin intégration: (c664c9b1-536f-4a04-aacf-0eb8a22cf2be) | fichier: /srv/import/293/290_pricing_20260405183312.csv | 294 lignes formatées | 0 lignes en erreurs | 2 lignes crées | 0 lignes mises à jour | 0 lignes supprimées;293;MANDARINE AMBASSADE CHINE
pos9;POS 9;2026-04-09T18:56:31.473006+00:00;23ead81a-8a9e-4a2f-a2fe-149001109a27;2026-04-05T23:17:14.671045;2026-04-05T23:17:14.698516;30;import de données;price_updater;mise à jour de prix;2;succès;interne;Import mise à jour de prix: | fin intégration: (23ead81a-8a9e-4a2f-a2fe-149001109a27) | fichier: /srv/import/293/999_pricing_20260405183231.csv | 0 lignes formatées | 0 lignes en erreurs | 0 lignes crées | 0 lignes mises à jour | 0 lignes supprimées;293;MANDARINE AMBASSADE CHINE
pos9;POS 9;2026-04-09T18:56:31.473006+00:00;62002d20-ba81-465b-aa7c-c74e3b312ac4;2026-04-05T23:17:14.660672;2026-04-05T23:17:14.690128;30;import de données;price_updater;mise à jour de prix;2;succès;interne;Import mise à jour de prix: | fin intégration: (62002d20-ba81-465b-aa7c-c74e3b312ac4) | fichier: /srv/import/292/999_pricing_20260405183231.csv | 0 lignes formatées | 0 lignes en erreurs | 0 lignes crées | 0 lignes mises à jour | 0 lignes supprimées;292;MANDARINE KOUMASSI
pos9;POS 9;2026-04-09T18:56:31.473006+00:00;21fde4e0-fb1b-45f2-812a-0e66ee57ccce;2026-04-05T23:17:14.647782;2026-04-05T23:17:14.676801;30;import de données;price_updater;mise à jour de prix;2;succès;interne;Import mise à jour de prix: | fin intégration: (21fde4e0-fb1b-45f2-812a-0e66ee57ccce) | fichier: /srv/import/291/999_pricing_20260405183231.csv | 0 lignes formatées | 0 lignes en erreurs | 0 lignes crées | 0 lignes mises à jour | 0 lignes supprimées;291;MANDARINE DANGA
pos9;POS 9;2026-04-09T18:56:31.473006+00:00;b96fbf65-2347-4973-8173-622fed91a261;2026-04-05T23:17:14.640114;2026-04-05T23:17:14.668587;30;import de données;price_updater;mise à jour de prix;2;succès;interne;Import mise à jour de prix: | fin intégration: (b96fbf65-2347-4973-8173-622fed91a261) | fichier: /srv/import/080/999_pricing_20260405183231.csv | 0 lignes formatées | 0 lignes en erreurs | 0 lignes crées | 0 lignes mises à jour | 0 lignes supprimées;080;MANDARINE MARCORY
pos9;POS 9;2026-04-09T18:56:31.473006+00:00;12da1c89-441d-4f01-a9cd-5ea1d582b22c;2026-04-05T23:16:14.668246;2026-04-05T23:16:14.703619;30;import de données;product_suppliers;affectation des fournisseurs aux articles;2;succès;interne;Import affectation des fournisseurs aux articles: | fin intégration: (12da1c89-441d-4f01-a9cd-5ea1d582b22c) | fichier: /srv/import/293/290_productssuppliers_20260405183310.csv | 0 lignes formatées | 0 lignes en erreurs | 0 lignes crées | 0 lignes mises à jour | 0 lignes supprimées;293;MANDARINE AMBASSADE CHINE
pos9;POS 9;2026-04-09T18:56:31.473006+00:00;a0225fb5-ff9b-4d70-90f2-797b4e3264a1;2026-04-05T23:16:14.658806;2026-04-05T23:16:14.690271;30;import de données;product_suppliers;affectation des fournisseurs aux articles;2;succès;interne;Import affectation des fournisseurs aux articles: | fin intégration: (a0225fb5-ff9b-4d70-90f2-797b4e3264a1) | fichier: /srv/import/292/290_productssuppliers_20260405183310.csv | 0 lignes formatées | 0 lignes en erreurs | 0 lignes crées | 0 lignes mises à jour | 0 lignes supprimées;292;MANDARINE KOUMASSI
pos9;POS 9;2026-04-09T18:56:31.473006+00:00;027db8c1-06d9-4f24-a4b7-52fcd097b55d;2026-04-05T23:16:14.647197;2026-04-05T23:16:14.683634;30;import de données;product_suppliers;affectation des fournisseurs aux articles;2;succès;interne;Import affectation des fournisseurs aux articles: | fin intégration: (027db8c1-06d9-4f24-a4b7-52fcd097b55d) | fichier: /srv/import/291/290_productssuppliers_20260405183310.csv | 0 lignes formatées | 0 lignes en erreurs | 0 lignes crées | 0 lignes mises à jour | 0 lignes supprimées;291;MANDARINE DANGA
pos9;POS 9;2026-04-09T18:56:31.473006+00:00;92b8d51f-7f67-441f-bc89-481e4a5efd9b;2026-04-05T23:16:14.637034;2026-04-05T23:16:14.671102;30;import de données;product_suppliers;affectation des fournisseurs aux articles;2;succès;interne;Import affectation des fournisseurs aux articles: | fin intégration: (92b8d51f-7f67-441f-bc89-481e4a5efd9b) | fichier: /srv/import/080/290_productssuppliers_20260405183310.csv | 0 lignes formatées | 0 lignes en erreurs | 0 lignes crées | 0 lignes mises à jour | 0 lignes supprimées;080;MANDARINE MARCORY
pos9;POS 9;2026-04-09T18:56:31.473006+00:00;b185d8ed-301b-4bd4-bcdd-7d164988b89b;2026-04-05T23:15:14.664646;2026-04-05T23:15:14.712223;30;import de données;linked_code;codes liés;2;succès;interne;Import codes liés: | fin intégration: (b185d8ed-301b-4bd4-bcdd-7d164988b89b) | fichier: /srv/import/293/290_linkedcodes_20260405183310.csv | 0 lignes formatées | 0 lignes en erreurs | 0 lignes crées | 0 lignes mises à jour | 0 lignes supprimées;293;MANDARINE AMBASSADE CHINE
