NIVEAU DE RUPTURE;INDICATEUR FIN DE PAGE;NCID;NOMMAGASIN NOMMAG ASIN;NCDE;QCDUID TOTAL;DCDE;DCRE;TYFC;TYCM
1;;310;S2P ECOMARCHE SAN PEDRO;40229;1866.0;260331;260404;G;GPV
1;;356;CIV COCODY (P);34638;605.0;260401;260404;G;GPV
1;;356;CIV COCODY (P);34637;4610.0;260401;260404;G;GPV
1;;356;CIV COCODY (P);34636;1424.0;260401;260404;G;GPV
1;;035;HYPER HAYAT;333479;12.0;260402;260403;G;GPV
1;;035;HYPER HAYAT;333477;24.0;260402;260403;P;GPV
1;;080;MANDARINE MARCORY;120357;1427.0;260402;260403;G;GPV
1;;203;OENOPHILE ZONE 3;261028;4455.0;260402;260403;G;GPV
1;;220;SUPER U PLATEAU;195876;817.0;260402;260403;G;GPV
1;;220;SUPER U PLATEAU;195871;536.0;260402;260403;G;GPV
1;;220;SUPER U PLATEAU;195870;549.0;260402;260403;G;GPV
1;;235;SUPER U DJIBI;201693;838.0;260402;260403;G;GPV
1;;235;SUPER U DJIBI;201691;132.0;260402;260403;G;GPV
1;;295;CASINO ALLABRA;296022;84.0;260402;260403;G;GPV
1;;295;CASINO ALLABRA;296019;60.0;260402;260403;P;GPV
1;;295;CASINO ALLABRA;296018;24.0;260402;260403;P;GPV
1;;295;CASINO ALLABRA;296017;600.0;260402;260403;P;GPV
1;;295;CASINO ALLABRA;296015;5026.0;260402;260403;G;GPV
1;;295;CASINO ALLABRA;296012;1216.0;260402;260403;G;GPV
1;;295;CASINO ALLABRA;296008;996.0;260402;260403;P;GPV
1;;295;CASINO ALLABRA;296007;5268.0;260402;260403;G;GPV
1;;295;CASINO ALLABRA;296006;2479.0;260402;260403;P;GPV
1;;302;S2P HYPER U;291565;2084.0;260402;260403;P;GPV
1;;302;S2P HYPER U;291564;334.0;260402;260403;G;GPV
1;;302;S2P HYPER U;291563;1602.0;260402;260403;P;GPV
1;;302;S2P HYPER U;291562;3566.0;260402;260403;G;GPV
1;;302;S2P HYPER U;291559;755.0;260402;260403;P;GPV
1;;302;S2P HYPER U;291558;1464.0;260402;260403;G;GPV
1;;302;S2P HYPER U;291556;103.0;260402;260403;G;GPV
1;;302;S2P HYPER U;291555;3802.0;260402;260403;G;GPV
1;;302;S2P HYPER U;291553;4205.0;260402;260403;G;GPV
1;;303;S2P SOCOCE BOUAKE;22807;2161.0;260402;260403;P;GPV
1;;303;S2P SOCOCE BOUAKE;22806;14867.0;260402;260403;P;GPV
1;;303;S2P SOCOCE BOUAKE;22805;17356.0;260402;260403;P;GPV
1;;303;S2P SOCOCE BOUAKE;22804;7366.0;260402;260403;P;GPV
1;;353;CIV ANGRE (P);39280;2152.0;260402;260403;G;GPV
1;;414;CIV U PORT-BOUET (P);12466;3353.0;260402;260403;G;GPV
1;;414;CIV U PORT-BOUET (P);12465;3931.0;260402;260403;G;GPV
1;;035;HYPER HAYAT;333527;244.0;260403;260403;G;GPV
1;;035;HYPER HAYAT;333526;90.0;260403;260403;G;GPV
1;;035;HYPER HAYAT;333525;160.0;260403;260403;G;GPV
1;;035;HYPER HAYAT;333524;278.0;260403;260403;G;GPV
1;;035;HYPER HAYAT;333523;1792.0;260403;260403;G;GPV
1;;035;HYPER HAYAT;333522;263.0;260403;260403;G;GPV
1;;035;HYPER HAYAT;333521;46.0;260403;260403;G;GPV
1;;035;HYPER HAYAT;333520;10.0;260403;260403;G;GPV
1;;035;HYPER HAYAT;333529;1258.0;260403;260403;G;GPV
1;;035;HYPER HAYAT;333528;1968.0;260403;260403;G;GPV
1;;035;HYPER HAYAT;333531;5600.0;260403;260403;P;GPV
1;;035;HYPER HAYAT;333530;178.0;260403;260403;G;GPV
1;;035;HYPER HAYAT;333533;200.0;260403;260403;G;GPV
1;;035;HYPER HAYAT;333532;3600.0;260403;260403;P;GPV
1;;035;HYPER HAYAT;333534;1280.0;260403;260403;G;GPV
1;;035;HYPER HAYAT;333536;48.0;260403;260403;G;GPV
1;;035;HYPER HAYAT;333535;32.0;260403;260403;G;GPV
1;;035;HYPER HAYAT;333537;2004.0;260403;260403;G;GPV
1;;035;HYPER HAYAT;333538;387.0;260403;260403;G;GPV
1;;035;HYPER HAYAT;333540;250.0;260403;260403;G;GPV
1;;035;HYPER HAYAT;333541;2607.0;260403;260403;G;GPV
1;;035;HYPER HAYAT;333543;104.0;260403;260403;G;GPV
1;;035;HYPER HAYAT;333544;144.0;260403;260403;P;GPV
1;;035;HYPER HAYAT;333547;70.0;260403;260403;P;GPV
1;;035;HYPER HAYAT;333546;1728.0;260403;260403;G;GPV
1;;035;HYPER HAYAT;333545;3191.0;260403;260403;G;GPV
1;;035;HYPER HAYAT;333549;34.0;260403;260403;P;GPV
1;;035;HYPER HAYAT;333548;103.0;260403;260403;G;GPV
1;;035;HYPER HAYAT;333551;92.0;260403;260403;P;GPV
1;;035;HYPER HAYAT;333550;78.0;260403;260403;P;GPV
1;;035;HYPER HAYAT;333552;741.0;260403;260403;G;GPV
1;;035;HYPER HAYAT;333556;1128.0;260403;260403;G;GPV
1;;035;HYPER HAYAT;333555;610.0;260403;260403;G;GPV
1;;035;HYPER HAYAT;333554;24.0;260403;260403;G;GPV
1;;035;HYPER HAYAT;333553;912.0;260403;260403;G;GPV
1;;035;HYPER HAYAT;333557;124.0;260403;260403;G;GPV
1;;035;HYPER HAYAT;333559;228.0;260403;260403;P;GPV
1;;035;HYPER HAYAT;333558;1301.0;260403;260403;G;GPV
1;;035;HYPER HAYAT;333561;20.0;260403;260403;P;GPV
1;;035;HYPER HAYAT;333560;868.0;260403;260403;G;GPV
1;;035;HYPER HAYAT;333563;429.0;260403;260403;G;GPV
1;;035;HYPER HAYAT;333562;586.0;260403;260403;G;GPV
1;;035;HYPER HAYAT;333567;10816.0;260403;260403;G;GPV
1;;035;HYPER HAYAT;333569;583.0;260403;260403;P;GPV
1;;035;HYPER HAYAT;333572;522.0;260403;260403;P;GPV
1;;035;HYPER HAYAT;333571;180.0;260403;260403;G;GPV
1;;035;HYPER HAYAT;333573;2400.0;260403;260403;G;GPV
1;;035;HYPER HAYAT;333574;200.0;260403;260403;G;GPV
1;;035;HYPER HAYAT;333576;40.0;260403;260403;G;GPV
1;;035;HYPER HAYAT;333577;11560.0;260403;260403;G;GPV
1;;035;HYPER HAYAT;333582;72.0;260403;260403;P;GPV
1;;035;HYPER HAYAT;333585;12.0;260403;260403;G;GPV
1;;035;HYPER HAYAT;333587;6.0;260403;260403;G;GPV
1;;035;HYPER HAYAT;333588;96.0;260403;260403;G;GPV
1;;035;HYPER HAYAT;333590;120.0;260403;260403;P;GPV
1;;035;HYPER HAYAT;333593;900.0;260403;260403;G;GPV
1;;035;HYPER HAYAT;333594;420.0;260403;260403;G;GPV
1;;035;HYPER HAYAT;333595;24.0;260403;260403;G;GPV
1;;035;HYPER HAYAT;333596;84.0;260403;260403;G;GPV
1;;035;HYPER HAYAT;333598;160.0;260403;260403;G;GPV
1;;035;HYPER HAYAT;333599;5000.0;260403;260403;G;GPV
1;;035;HYPER HAYAT;333600;136.0;260403;260403;G;GPV
1;;035;HYPER HAYAT;333601;350.0;260403;260403;G;GPV
1;;035;HYPER HAYAT;333602;1235.0;260403;260403;G;GPV
1;;035;HYPER HAYAT;333605;36.0;260403;260403;G;GPV
1;;035;HYPER HAYAT;333604;3203.0;260403;260403;G;GPV
1;;035;HYPER HAYAT;333603;6351.0;260403;260403;G;GPV
1;;035;HYPER HAYAT;333607;1572.0;260403;260403;P;GPV
1;;035;HYPER HAYAT;333606;160.0;260403;260403;G;GPV
1;;035;HYPER HAYAT;333611;25.0;260403;260403;P;GPV
1;;035;HYPER HAYAT;333610;25.0;260403;260403;P;GPV
1;;035;HYPER HAYAT;333609;120.0;260403;260403;P;GPV
1;;035;HYPER HAYAT;333608;216.0;260403;260403;P;GPV
1;;035;HYPER HAYAT;333614;240.0;260403;260403;G;GPV
1;;035;HYPER HAYAT;333613;584.0;260403;260403;P;GPV
1;;035;HYPER HAYAT;333612;701.0;260403;260403;G;GPV
1;;035;HYPER HAYAT;333615;4100.0;260403;260403;P;GPV
1;;035;HYPER HAYAT;333616;128.0;260403;260403;G;GPV
1;;035;HYPER HAYAT;333621;1520.0;260403;260403;G;GPV
1;;035;HYPER HAYAT;333622;12.0;260403;260403;G;GPV
1;;035;HYPER HAYAT;333626;2440.0;260403;260403;G;GPV
1;;035;HYPER HAYAT;333628;12.0;260403;260403;G;GPV
1;;035;HYPER HAYAT;333629;905.0;260403;260403;G;GPV
1;;035;HYPER HAYAT;333633;150.0;260403;260404;G;GPV
1;;035;HYPER HAYAT;333632;531.0;260403;260404;G;GPV
1;;035;HYPER HAYAT;333630;225.0;260403;260404;G;GPV
1;;080;MANDARINE MARCORY;120370;5342.0;260403;260403;G;GPV
1;;080;MANDARINE MARCORY;120379;53.0;260403;260403;P;GPV
1;;080;MANDARINE MARCORY;120378;154.0;260403;260403;G;GPV
1;;080;MANDARINE MARCORY;120377;2133.0;260403;260403;G;GPV
1;;080;MANDARINE MARCORY;120380;822.0;260403;260403;P;GPV
1;;080;MANDARINE MARCORY;120382;2512.0;260403;260403;P;GPV
1;;080;MANDARINE MARCORY;120383;1379.0;260403;260403;G;GPV
1;;080;MANDARINE MARCORY;120386;754.0;260403;260404;G;GPV
1;;080;MANDARINE MARCORY;120385;1107.0;260403;260404;G;GPV
1;;080;MANDARINE MARCORY;120381;4004.0;260403;260404;P;GPV
1;;100;CASINO 2 PLATEAUX;271408;1928.0;260403;260403;G;GPV
1;;100;CASINO 2 PLATEAUX;271413;526.0;260403;260403;G;GPV
1;;100;CASINO 2 PLATEAUX;271414;7.0;260403;260403;P;GPV
1;;100;CASINO 2 PLATEAUX;271416;14.0;260403;260403;P;GPV
1;;100;CASINO 2 PLATEAUX;271415;2593.0;260403;260403;G;GPV
1;;100;CASINO 2 PLATEAUX;271420;7771.0;260403;260403;G;GPV
1;;100;CASINO 2 PLATEAUX;271422;1453.0;260403;260403;G;GPV
1;;100;CASINO 2 PLATEAUX;271421;41602.0;260403;260403;G;GPV
1;;100;CASINO 2 PLATEAUX;271423;131.0;260403;260403;G;GPV
1;;100;CASINO 2 PLATEAUX;271430;362.0;260403;260403;P;GPV
1;;100;CASINO 2 PLATEAUX;271429;740.0;260403;260403;P;GPV
1;;100;CASINO 2 PLATEAUX;271424;3495.0;260403;260403;G;GPV
1;;100;CASINO 2 PLATEAUX;271419;1013.0;260403;260403;G;GPV
1;;100;CASINO 2 PLATEAUX;271435;1400.0;260403;260403;G;GPV
1;;100;CASINO 2 PLATEAUX;271436;2642.0;260403;260403;G;GPV
1;;100;CASINO 2 PLATEAUX;271437;1175.0;260403;260403;G;GPV
1;;100;CASINO 2 PLATEAUX;271441;2482.0;260403;260403;G;GPV
1;;100;CASINO 2 PLATEAUX;271442;166.0;260403;260403;G;GPV
1;;100;CASINO 2 PLATEAUX;271444;18.0;260403;260403;P;GPV
1;;100;CASINO 2 PLATEAUX;271443;653.0;260403;260403;P;GPV
1;;100;CASINO 2 PLATEAUX;271446;540.0;260403;260403;G;GPV
1;;100;CASINO 2 PLATEAUX;271445;1924.0;260403;260403;G;GPV
1;;100;CASINO 2 PLATEAUX;271449;294.0;260403;260403;G;GPV
1;;100;CASINO 2 PLATEAUX;271450;1910.0;260403;260403;G;GPV
1;;100;CASINO 2 PLATEAUX;271452;2625.0;260403;260403;P;GPV
1;;100;CASINO 2 PLATEAUX;271451;7536.0;260403;260403;G;GPV
1;;100;CASINO 2 PLATEAUX;271454;2749.0;260403;260403;G;GPV
1;;100;CASINO 2 PLATEAUX;271453;25.0;260403;260403;P;GPV
1;;100;CASINO 2 PLATEAUX;271458;309.0;260403;260403;G;GPV
1;;100;CASINO 2 PLATEAUX;271457;420.0;260403;260403;G;GPV
1;;100;CASINO 2 PLATEAUX;271456;200.0;260403;260403;P;GPV
1;;100;CASINO 2 PLATEAUX;271459;669.0;260403;260403;P;GPV
1;;100;CASINO 2 PLATEAUX;271460;147.0;260403;260403;G;GPV
1;;100;CASINO 2 PLATEAUX;271462;82.0;260403;260403;G;GPV
1;;100;CASINO 2 PLATEAUX;271483;3864.0;260403;260404;P;GPV
1;;100;CASINO 2 PLATEAUX;271465;225.0;260403;260404;G;GPV
1;;120;MANDARINE GOLF;203661;1257.0;260403;260403;G;GPV
1;;120;MANDARINE GOLF;203663;28.0;260403;260403;P;GPV
1;;120;MANDARINE GOLF;203662;716.0;260403;260403;G;GPV
1;;120;MANDARINE GOLF;203665;2076.0;260403;260403;P;GPV
1;;120;MANDARINE GOLF;203664;14993.0;260403;260403;G;GPV
1;;120;MANDARINE GOLF;203667;480.0;260403;260403;P;GPV
1;;120;MANDARINE GOLF;203666;4834.0;260403;260403;G;GPV
1;;120;MANDARINE GOLF;203668;2858.0;260403;260403;P;GPV
1;;120;MANDARINE GOLF;203669;1182.0;260403;260403;G;GPV
1;;120;MANDARINE GOLF;203671;3332.0;260403;260403;G;GPV
1;;120;MANDARINE GOLF;203670;5692.0;260403;260403;G;GPV
1;;120;MANDARINE GOLF;203673;2629.0;260403;260403;P;GPV
1;;120;MANDARINE GOLF;203672;378.0;260403;260403;G;GPV
1;;120;MANDARINE GOLF;203675;5316.0;260403;260403;G;GPV
1;;120;MANDARINE GOLF;203674;726.0;260403;260403;P;GPV
1;;120;MANDARINE GOLF;203678;260.0;260403;260403;G;GPV
1;;120;MANDARINE GOLF;203681;84.0;260403;260403;P;GPV
1;;120;MANDARINE GOLF;203680;641.0;260403;260403;G;GPV
1;;120;MANDARINE GOLF;203679;5527.0;260403;260403;G;GPV
1;;120;MANDARINE GOLF;203684;639.0;260403;260403;P;GPV
1;;120;MANDARINE GOLF;203683;569.0;260403;260403;G;GPV
1;;120;MANDARINE GOLF;203682;1624.0;260403;260403;P;GPV
1;;120;MANDARINE GOLF;203686;164.0;260403;260403;P;GPV
1;;120;MANDARINE GOLF;203685;168.0;260403;260403;P;GPV
1;;120;MANDARINE GOLF;203688;59.0;260403;260403;G;GPV
1;;120;MANDARINE GOLF;203687;150.0;260403;260403;G;GPV
1;;120;MANDARINE GOLF;203690;463.0;260403;260403;G;GPV
1;;120;MANDARINE GOLF;203689;306.0;260403;260403;G;GPV
1;;120;MANDARINE GOLF;203691;80.0;260403;260403;P;GPV
1;;120;MANDARINE GOLF;203693;5461.0;260403;260403;G;GPV
1;;120;MANDARINE GOLF;203695;1400.0;260403;260403;G;GPV
1;;120;MANDARINE GOLF;203700;864.0;260403;260403;G;GPV
1;;120;MANDARINE GOLF;203701;3144.0;260403;260403;G;GPV
1;;120;MANDARINE GOLF;203705;1160.0;260403;260403;G;GPV
1;;120;MANDARINE GOLF;203708;782.0;260403;260403;P;GPV
1;;120;MANDARINE GOLF;203707;120.0;260403;260403;P;GPV
1;;120;MANDARINE GOLF;203706;146.0;260403;260403;P;GPV
1;;120;MANDARINE GOLF;203710;395.0;260403;260403;G;GPV
1;;120;MANDARINE GOLF;203712;261.0;260403;260403;P;GPV
1;;120;MANDARINE GOLF;203711;620.0;260403;260403;G;GPV
1;;120;MANDARINE GOLF;203714;161.0;260403;260403;G;GPV
1;;120;MANDARINE GOLF;203716;750.0;260403;260403;G;GPV
1;;120;MANDARINE GOLF;203715;1484.0;260403;260403;G;GPV
1;;120;MANDARINE GOLF;203717;14616.0;260403;260403;P;GPV
1;;120;MANDARINE GOLF;203718;36.0;260403;260403;P;GPV
1;;120;MANDARINE GOLF;203719;537.0;260403;260403;P;GPV
1;;120;MANDARINE GOLF;203720;1242.0;260403;260403;P;GPV
1;;120;MANDARINE GOLF;203723;310.0;260403;260403;G;GPV
1;;120;MANDARINE GOLF;203724;30.0;260403;260403;G;GPV
1;;120;MANDARINE GOLF;203725;40.0;260403;260403;G;GPV
1;;120;MANDARINE GOLF;203726;60.0;260403;260403;G;GPV
1;;120;MANDARINE GOLF;203743;400.0;260403;260404;G;GPV
1;;201;OENOPHILE ZINO PLATEAU;261037;1785.0;260403;260404;G;GPV
1;;203;OENOPHILE ZONE 3;261031;60.0;260403;260403;G;GPV
1;;203;OENOPHILE ZONE 3;261030;256.0;260403;260403;G;GPV
1;;203;OENOPHILE ZONE 3;261029;1350.0;260403;260403;G;GPV
1;;203;OENOPHILE ZONE 3;261036;6368.0;260403;260403;G;GPV
1;;212;OENOPHILE 2 PLATEAUX;261034;36.0;260403;260403;G;GPV
1;;216;OENOPHILE CAP NORD;261033;744.0;260403;260403;G;GPV
1;;220;SUPER U PLATEAU;195895;510.0;260403;260403;G;GPV
1;;220;SUPER U PLATEAU;195897;25448.0;260403;260403;G;GPV
1;;220;SUPER U PLATEAU;195903;249.0;260403;260403;G;GPV
1;;220;SUPER U PLATEAU;195910;1620.0;260403;260403;G;GPV
1;;220;SUPER U PLATEAU;195928;3890.0;260403;260403;G;GPV
1;;220;SUPER U PLATEAU;195934;3552.0;260403;260403;G;GPV
1;;220;SUPER U PLATEAU;195938;1747.0;260403;260404;G;GPV
1;;220;SUPER U PLATEAU;195937;735.0;260403;260406;G;GPV
1;;220;SUPER U PLATEAU;195930;4627.0;260403;260406;P;GPV
1;;220;SUPER U PLATEAU;195929;2210.0;260403;260406;P;GPV
1;;220;SUPER U PLATEAU;195926;8532.0;260403;260406;G;GPV
1;;220;SUPER U PLATEAU;195924;11087.0;260403;260406;G;GPV
1;;220;SUPER U PLATEAU;195923;1250.0;260403;260406;G;GPV
1;;220;SUPER U PLATEAU;195922;5810.0;260403;260406;P;GPV
1;;220;SUPER U PLATEAU;195920;5893.0;260403;260406;G;GPV
1;;220;SUPER U PLATEAU;195918;7428.0;260403;260406;G;GPV
1;;220;SUPER U PLATEAU;195908;1926.0;260403;260406;G;GPV
1;;220;SUPER U PLATEAU;195907;164.0;260403;260406;G;GPV
1;;229;CASH PORT BP Z4;790;59298.0;260403;260403;G;GPV
1;;229;CASH PORT BP Z4;791;8711.0;260403;260403;G;GPV
1;;229;CASH PORT BP Z4;792;1682.0;260403;260403;G;GPV
1;;229;CASH PORT BP Z4;793;12234.0;260403;260403;G;GPV
1;;229;CASH PORT BP Z4;794;3198.0;260403;260403;G;GPV
1;;235;SUPER U DJIBI;201713;7456.0;260403;260403;G;GPV
1;;235;SUPER U DJIBI;201716;5747.0;260403;260403;G;GPV
1;;235;SUPER U DJIBI;201715;1758.0;260403;260403;G;GPV
1;;235;SUPER U DJIBI;201718;28.0;260403;260403;G;GPV
1;;235;SUPER U DJIBI;201717;1260.0;260403;260403;G;GPV
1;;235;SUPER U DJIBI;201720;5516.0;260403;260403;G;GPV
1;;235;SUPER U DJIBI;201719;669.0;260403;260403;P;GPV
1;;235;SUPER U DJIBI;201721;853.0;260403;260403;P;GPV
1;;235;SUPER U DJIBI;201726;3902.0;260403;260403;P;GPV
1;;235;SUPER U DJIBI;201724;1129.0;260403;260403;P;GPV
1;;235;SUPER U DJIBI;201723;665.0;260403;260403;G;GPV
1;;235;SUPER U DJIBI;201727;220.0;260403;260403;P;GPV
1;;235;SUPER U DJIBI;201728;1562.0;260403;260403;G;GPV
1;;235;SUPER U DJIBI;201730;2814.0;260403;260403;G;GPV
1;;235;SUPER U DJIBI;201731;471.0;260403;260403;P;GPV
1;;235;SUPER U DJIBI;201732;2791.0;260403;260403;G;GPV
1;;235;SUPER U DJIBI;201733;3938.0;260403;260403;G;GPV
1;;235;SUPER U DJIBI;201736;2310.0;260403;260403;P;GPV
1;;235;SUPER U DJIBI;201734;1614.0;260403;260403;P;GPV
1;;235;SUPER U DJIBI;201739;382.0;260403;260403;G;GPV
1;;235;SUPER U DJIBI;201737;3606.0;260403;260403;P;GPV
1;;235;SUPER U DJIBI;201740;2043.0;260403;260403;G;GPV
1;;235;SUPER U DJIBI;201741;2857.0;260403;260403;G;GPV
1;;235;SUPER U DJIBI;201742;9643.0;260403;260403;G;GPV
1;;235;SUPER U DJIBI;201744;3980.0;260403;260403;P;GPV
1;;235;SUPER U DJIBI;201743;3320.0;260403;260403;G;GPV
1;;235;SUPER U DJIBI;201745;15338.0;260403;260403;G;GPV
1;;235;SUPER U DJIBI;201748;2539.0;260403;260403;P;GPV
1;;235;SUPER U DJIBI;201747;7793.0;260403;260403;G;GPV
1;;235;SUPER U DJIBI;201751;2659.0;260403;260403;P;GPV
1;;235;SUPER U DJIBI;201750;1081.0;260403;260403;G;GPV
1;;235;SUPER U DJIBI;201755;1203.0;260403;260403;G;GPV
1;;235;SUPER U DJIBI;201756;1028.0;260403;260403;P;GPV
1;;235;SUPER U DJIBI;201757;1472.0;260403;260403;P;GPV
1;;235;SUPER U DJIBI;201796;3923.0;260403;260404;G;GPV
1;;235;SUPER U DJIBI;201791;441.0;260403;260404;P;GPV
1;;235;SUPER U DJIBI;201790;3610.0;260403;260404;G;GPV
1;;235;SUPER U DJIBI;201786;249.0;260403;260404;G;GPV
1;;235;SUPER U DJIBI;201785;4633.0;260403;260404;G;GPV
1;;235;SUPER U DJIBI;201782;1302.0;260403;260404;G;GPV
1;;235;SUPER U DJIBI;201781;518.0;260403;260404;P;GPV
1;;235;SUPER U DJIBI;201780;14264.0;260403;260404;G;GPV
1;;250;GIFI ZONE 4;11417;3653.0;260403;260403;G;GPV
1;;250;GIFI ZONE 4;11418;18393.0;260403;260403;P;GPV
1;;250;GIFI ZONE 4;11419;20597.0;260403;260404;P;GPV
1;;261;MONOP' COCODY AMBASSADE;37389;3655.0;260403;260403;G;GPV
1;;261;MONOP' COCODY AMBASSADE;37391;1654.0;260403;260403;P;GPV
1;;261;MONOP' COCODY AMBASSADE;37390;4246.0;260403;260403;G;GPV
1;;261;MONOP' COCODY AMBASSADE;37392;2650.0;260403;260403;P;GPV
1;;261;MONOP' COCODY AMBASSADE;37393;3807.0;260403;260403;G;GPV
1;;261;MONOP' COCODY AMBASSADE;37394;1146.0;260403;260403;G;GPV
1;;261;MONOP' COCODY AMBASSADE;37395;12624.0;260403;260403;G;GPV
1;;261;MONOP' COCODY AMBASSADE;37397;4588.0;260403;260403;P;GPV
1;;261;MONOP' COCODY AMBASSADE;37396;232.0;260403;260403;P;GPV
1;;261;MONOP' COCODY AMBASSADE;37398;3480.0;260403;260403;P;GPV
1;;281;MANDARINE ANGRE;37433;114.0;260403;260403;G;GPV
1;;281;MANDARINE ANGRE;37432;3597.0;260403;260403;G;GPV
1;;281;MANDARINE ANGRE;37441;2533.0;260403;260403;G;GPV
1;;281;MANDARINE ANGRE;37440;214.0;260403;260403;G;GPV
1;;281;MANDARINE ANGRE;37442;4052.0;260403;260403;G;GPV
1;;281;MANDARINE ANGRE;37444;1003.0;260403;260403;P;GPV
1;;281;MANDARINE ANGRE;37443;1618.0;260403;260403;P;GPV
1;;281;MANDARINE ANGRE;37450;3090.0;260403;260403;G;GPV
1;;281;MANDARINE ANGRE;37452;10811.0;260403;260403;P;GPV
1;;281;MANDARINE ANGRE;37451;4919.0;260403;260403;G;GPV
1;;281;MANDARINE ANGRE;37453;764.0;260403;260403;G;GPV
1;;290;MANDARINE BIETRY;157766;7128.0;260403;260403;G;GPV
1;;290;MANDARINE BIETRY;157768;12076.0;260403;260403;P;GPV
1;;290;MANDARINE BIETRY;157767;11803.0;260403;260403;G;GPV
1;;290;MANDARINE BIETRY;157770;1918.0;260403;260403;G;GPV
1;;290;MANDARINE BIETRY;157771;727.0;260403;260403;G;GPV
1;;290;MANDARINE BIETRY;157774;11800.0;260403;260403;G;GPV
1;;290;MANDARINE BIETRY;157775;821.0;260403;260403;P;GPV
1;;290;MANDARINE BIETRY;157778;7964.0;260403;260403;P;GPV
1;;290;MANDARINE BIETRY;157776;906.0;260403;260403;P;GPV
1;;290;MANDARINE BIETRY;157781;1433.0;260403;260403;G;GPV
1;;290;MANDARINE BIETRY;157784;817.0;260403;260403;P;GPV
1;;290;MANDARINE BIETRY;157785;2042.0;260403;260403;G;GPV
1;;290;MANDARINE BIETRY;157815;1683.0;260403;260404;G;GPV
1;;290;MANDARINE BIETRY;157812;1673.0;260403;260404;G;GPV
1;;291;MANDARINE DANGA;129489;5903.0;260403;260403;G;GPV
1;;291;MANDARINE DANGA;129491;3278.0;260403;260403;G;GPV
1;;291;MANDARINE DANGA;129490;762.0;260403;260403;G;GPV
1;;291;MANDARINE DANGA;129492;1445.0;260403;260403;P;GPV
1;;291;MANDARINE DANGA;129493;5567.0;260403;260403;P;GPV
1;;291;MANDARINE DANGA;129494;9356.0;260403;260403;P;GPV
1;;291;MANDARINE DANGA;129495;12236.0;260403;260403;P;GPV
1;;291;MANDARINE DANGA;129496;6169.0;260403;260403;P;GPV
1;;291;MANDARINE DANGA;129497;10764.0;260403;260403;G;GPV
1;;291;MANDARINE DANGA;129498;3436.0;260403;260403;G;GPV
1;;291;MANDARINE DANGA;129499;7281.0;260403;260403;G;GPV
1;;291;MANDARINE DANGA;129500;10586.0;260403;260403;G;GPV
1;;291;MANDARINE DANGA;129501;3080.0;260403;260403;P;GPV
1;;291;MANDARINE DANGA;129502;3564.0;260403;260403;P;GPV
1;;291;MANDARINE DANGA;129503;3163.0;260403;260403;G;GPV
1;;291;MANDARINE DANGA;129504;6019.0;260403;260403;G;GPV
1;;291;MANDARINE DANGA;129505;847.0;260403;260403;G;GPV
1;;291;MANDARINE DANGA;129506;1541.0;260403;260403;G;GPV
1;;291;MANDARINE DANGA;129512;7121.0;260403;260403;G;GPV
1;;291;MANDARINE DANGA;129511;1012.0;260403;260403;G;GPV
1;;291;MANDARINE DANGA;129513;3247.0;260403;260403;G;GPV
1;;291;MANDARINE DANGA;129514;2657.0;260403;260403;G;GPV
1;;291;MANDARINE DANGA;129540;588.0;260403;260404;G;GPV
1;;291;MANDARINE DANGA;129539;1484.0;260403;260404;G;GPV
1;;291;MANDARINE DANGA;129538;583.0;260403;260404;G;GPV
1;;291;MANDARINE DANGA;129537;1851.0;260403;260404;P;GPV
1;;291;MANDARINE DANGA;129515;1635.0;260403;260404;G;GPV
1;;293;MANDARINE AMBASSADE;66477;4349.0;260403;260403;G;GPV
1;;293;MANDARINE AMBASSADE;66478;1759.0;260403;260403;P;GPV
1;;293;MANDARINE AMBASSADE;66499;825.0;260403;260403;G;GPV
1;;293;MANDARINE AMBASSADE;66500;8777.0;260403;260403;P;GPV
1;;293;MANDARINE AMBASSADE;66501;8834.0;260403;260403;G;GPV
1;;293;MANDARINE AMBASSADE;66502;2800.0;260403;260403;G;GPV
1;;293;MANDARINE AMBASSADE;66503;2449.0;260403;260403;G;GPV
1;;293;MANDARINE AMBASSADE;66504;715.0;260403;260403;G;GPV
1;;293;MANDARINE AMBASSADE;66506;296.0;260403;260403;G;GPV
1;;293;MANDARINE AMBASSADE;66505;3235.0;260403;260403;G;GPV
1;;293;MANDARINE AMBASSADE;66507;2750.0;260403;260403;G;GPV
1;;293;MANDARINE AMBASSADE;66520;2052.0;260403;260404;G;GPV
1;;293;MANDARINE AMBASSADE;66519;1548.0;260403;260404;G;GPV
1;;293;MANDARINE AMBASSADE;66518;2196.0;260403;260404;G;GPV
1;;293;MANDARINE AMBASSADE;66517;1000.0;260403;260404;G;GPV
1;;293;MANDARINE AMBASSADE;66516;1434.0;260403;260404;P;GPV
1;;293;MANDARINE AMBASSADE;66515;5935.0;260403;260404;P;GPV
1;;293;MANDARINE AMBASSADE;66514;1721.0;260403;260404;P;GPV
1;;293;MANDARINE AMBASSADE;66513;2023.0;260403;260404;G;GPV
1;;293;MANDARINE AMBASSADE;66512;3432.0;260403;260404;G;GPV
1;;293;MANDARINE AMBASSADE;66511;2564.0;260403;260404;G;GPV
1;;293;MANDARINE AMBASSADE;66510;1204.0;260403;260404;G;GPV
1;;293;MANDARINE AMBASSADE;66509;854.0;260403;260404;G;GPV
1;;295;CASINO ALLABRA;296030;701.0;260403;260403;G;GPV
1;;295;CASINO ALLABRA;296031;30.0;260403;260403;P;GPV
1;;295;CASINO ALLABRA;296036;227.0;260403;260403;G;GPV
1;;295;CASINO ALLABRA;296037;1214.0;260403;260403;G;GPV
1;;295;CASINO ALLABRA;296038;2400.0;260403;260403;P;GPV
1;;295;CASINO ALLABRA;296040;100.0;260403;260403;P;GPV
1;;295;CASINO ALLABRA;296039;601.0;260403;260403;G;GPV
1;;295;CASINO ALLABRA;296041;180.0;260403;260403;P;GPV
1;;295;CASINO ALLABRA;296042;1309.0;260403;260403;G;GPV
1;;295;CASINO ALLABRA;296049;24.0;260403;260403;P;GPV
1;;295;CASINO ALLABRA;296048;1260.0;260403;260403;G;GPV
1;;295;CASINO ALLABRA;296046;1914.0;260403;260403;G;GPV
1;;295;CASINO ALLABRA;296047;3136.0;260403;260403;G;GPV
1;;295;CASINO ALLABRA;296051;24.0;260403;260403;P;GPV
1;;295;CASINO ALLABRA;296050;738.0;260403;260403;G;GPV
1;;295;CASINO ALLABRA;296056;48.0;260403;260403;P;GPV
1;;295;CASINO ALLABRA;296055;2489.0;260403;260403;G;GPV
1;;295;CASINO ALLABRA;296054;5800.0;260403;260403;G;GPV
1;;295;CASINO ALLABRA;296053;24.0;260403;260403;P;GPV
1;;295;CASINO ALLABRA;296052;4122.0;260403;260403;G;GPV
1;;295;CASINO ALLABRA;296062;12.0;260403;260403;P;GPV
1;;295;CASINO ALLABRA;296061;1811.0;260403;260403;G;GPV
1;;295;CASINO ALLABRA;296060;155.0;260403;260403;P;GPV
1;;295;CASINO ALLABRA;296059;1120.0;260403;260403;P;GPV
1;;295;CASINO ALLABRA;296058;1960.0;260403;260403;P;GPV
1;;295;CASINO ALLABRA;296057;192.0;260403;260403;P;GPV
1;;295;CASINO ALLABRA;296066;90.0;260403;260403;P;GPV
1;;295;CASINO ALLABRA;296065;72.0;260403;260403;G;GPV
1;;295;CASINO ALLABRA;296064;22.0;260403;260403;P;GPV
1;;295;CASINO ALLABRA;296063;339.0;260403;260403;G;GPV
1;;295;CASINO ALLABRA;296067;240.0;260403;260403;G;GPV
1;;295;CASINO ALLABRA;296070;411.0;260403;260403;G;GPV
1;;295;CASINO ALLABRA;296069;269.0;260403;260403;G;GPV
1;;295;CASINO ALLABRA;296071;12.0;260403;260403;P;GPV
1;;295;CASINO ALLABRA;296072;1287.0;260403;260403;G;GPV
1;;295;CASINO ALLABRA;296078;60.0;260403;260403;G;GPV
1;;295;CASINO ALLABRA;296076;353.0;260403;260403;G;GPV
1;;295;CASINO ALLABRA;296079;24.0;260403;260403;G;GPV
1;;295;CASINO ALLABRA;296080;506.0;260403;260403;G;GPV
1;;295;CASINO ALLABRA;296081;559.0;260403;260403;G;GPV
1;;295;CASINO ALLABRA;296085;261.0;260403;260403;G;GPV
1;;295;CASINO ALLABRA;296084;60.0;260403;260403;P;GPV
1;;295;CASINO ALLABRA;296089;15.0;260403;260403;P;GPV
1;;295;CASINO ALLABRA;296088;76.0;260403;260403;P;GPV
1;;295;CASINO ALLABRA;296091;1638.0;260403;260403;G;GPV
1;;295;CASINO ALLABRA;296092;36.0;260403;260403;G;GPV
1;;295;CASINO ALLABRA;296093;10.0;260403;260403;P;GPV
1;;295;CASINO ALLABRA;296096;16.0;260403;260403;P;GPV
1;;295;CASINO ALLABRA;296095;240.0;260403;260403;G;GPV
1;;295;CASINO ALLABRA;296097;440.0;260403;260403;G;GPV
1;;295;CASINO ALLABRA;296099;396.0;260403;260403;G;GPV
1;;295;CASINO ALLABRA;296098;66.0;260403;260403;P;GPV
1;;295;CASINO ALLABRA;296100;90.0;260403;260403;P;GPV
1;;295;CASINO ALLABRA;296101;30.0;260403;260403;G;GPV
1;;295;CASINO ALLABRA;296102;5.0;260403;260403;P;GPV
1;;295;CASINO ALLABRA;296110;4992.0;260403;260403;G;GPV
1;;295;CASINO ALLABRA;296111;189.0;260403;260403;P;GPV
1;;295;CASINO ALLABRA;296112;322.0;260403;260403;P;GPV
1;;295;CASINO ALLABRA;296113;10560.0;260403;260403;G;GPV
1;;295;CASINO ALLABRA;296120;4917.0;260403;260403;G;GPV
1;;295;CASINO ALLABRA;296125;3558.0;260403;260403;G;GPV
1;;295;CASINO ALLABRA;296131;81.0;260403;260403;G;GPV
1;;295;CASINO ALLABRA;296133;62.0;260403;260404;G;GPV
1;;295;CASINO ALLABRA;296132;62.0;260403;260404;G;GPV
1;;301;S2P SOCOCE ZONE 3;103835;5009.0;260403;260403;G;GPV
1;;301;S2P SOCOCE ZONE 3;103836;21618.0;260403;260403;G;GPV
1;;301;S2P SOCOCE ZONE 3;103839;2071.0;260403;260403;P;GPV
1;;301;S2P SOCOCE ZONE 3;103842;1601.0;260403;260403;G;GPV
1;;301;S2P SOCOCE ZONE 3;103840;1215.0;260403;260403;P;GPV
1;;301;S2P SOCOCE ZONE 3;103843;681.0;260403;260403;P;GPV
1;;301;S2P SOCOCE ZONE 3;103844;1945.0;260403;260403;G;GPV
1;;301;S2P SOCOCE ZONE 3;103848;2705.0;260403;260403;G;GPV
1;;301;S2P SOCOCE ZONE 3;103846;1970.0;260403;260403;G;GPV
1;;301;S2P SOCOCE ZONE 3;103849;636.0;260403;260403;G;GPV
1;;301;S2P SOCOCE ZONE 3;103850;1930.0;260403;260403;G;GPV
1;;301;S2P SOCOCE ZONE 3;103851;977.0;260403;260403;G;GPV
1;;301;S2P SOCOCE ZONE 3;103852;7890.0;260403;260403;G;GPV
1;;301;S2P SOCOCE ZONE 3;103853;4556.0;260403;260403;G;GPV
1;;301;S2P SOCOCE ZONE 3;103854;3979.0;260403;260403;G;GPV
1;;301;S2P SOCOCE ZONE 3;103855;1858.0;260403;260403;G;GPV
1;;301;S2P SOCOCE ZONE 3;103856;7537.0;260403;260403;G;GPV
1;;301;S2P SOCOCE ZONE 3;103858;10081.0;260403;260403;G;GPV
1;;301;S2P SOCOCE ZONE 3;103859;11176.0;260403;260403;G;GPV
1;;301;S2P SOCOCE ZONE 3;103860;6810.0;260403;260403;G;GPV
1;;301;S2P SOCOCE ZONE 3;103861;5055.0;260403;260403;G;GPV
1;;301;S2P SOCOCE ZONE 3;103862;20102.0;260403;260403;G;GPV
1;;301;S2P SOCOCE ZONE 3;103863;8792.0;260403;260403;P;GPV
1;;301;S2P SOCOCE ZONE 3;103865;2261.0;260403;260403;P;GPV
1;;301;S2P SOCOCE ZONE 3;103864;5701.0;260403;260403;P;GPV
1;;301;S2P SOCOCE ZONE 3;103866;5142.0;260403;260403;P;GPV
1;;301;S2P SOCOCE ZONE 3;103867;1544.0;260403;260403;G;GPV
1;;301;S2P SOCOCE ZONE 3;103868;4621.0;260403;260403;G;GPV
1;;301;S2P SOCOCE ZONE 3;103869;5913.0;260403;260403;G;GPV
1;;301;S2P SOCOCE ZONE 3;103870;634.0;260403;260403;G;GPV
1;;301;S2P SOCOCE ZONE 3;103872;1137.0;260403;260403;P;GPV
1;;301;S2P SOCOCE ZONE 3;103871;7640.0;260403;260403;P;GPV
1;;301;S2P SOCOCE ZONE 3;103873;10779.0;260403;260403;P;GPV
1;;302;S2P HYPER U;291567;1571.0;260403;260403;G;GPV
1;;302;S2P HYPER U;291569;1956.0;260403;260403;G;GPV
1;;302;S2P HYPER U;291568;1357.0;260403;260403;G;GPV
1;;302;S2P HYPER U;291572;8911.0;260403;260403;G;GPV
1;;302;S2P HYPER U;291571;1148.0;260403;260403;P;GPV
1;;302;S2P HYPER U;291570;1368.0;260403;260403;G;GPV
1;;302;S2P HYPER U;291576;173.0;260403;260403;P;GPV
1;;302;S2P HYPER U;291575;1313.0;260403;260403;G;GPV
1;;302;S2P HYPER U;291574;864.0;260403;260403;P;GPV
1;;302;S2P HYPER U;291573;2462.0;260403;260403;P;GPV
1;;302;S2P HYPER U;291578;1232.0;260403;260403;P;GPV
1;;302;S2P HYPER U;291577;207.0;260403;260403;P;GPV
1;;302;S2P HYPER U;291587;144.0;260403;260403;P;GPV
1;;302;S2P HYPER U;291586;861.0;260403;260403;G;GPV
1;;302;S2P HYPER U;291602;2148.0;260403;260403;G;GPV
1;;302;S2P HYPER U;291603;2934.0;260403;260403;G;GPV
1;;302;S2P HYPER U;291604;1924.0;260403;260403;G;GPV
1;;302;S2P HYPER U;291605;612.0;260403;260403;G;GPV
1;;302;S2P HYPER U;291606;796.0;260403;260403;G;GPV
1;;302;S2P HYPER U;291607;2526.0;260403;260403;G;GPV
1;;302;S2P HYPER U;291609;562.0;260403;260403;P;GPV
1;;302;S2P HYPER U;291608;1332.0;260403;260403;G;GPV
1;;302;S2P HYPER U;291611;66.0;260403;260403;P;GPV
1;;302;S2P HYPER U;291610;766.0;260403;260403;P;GPV
1;;302;S2P HYPER U;291613;508.0;260403;260403;P;GPV
1;;302;S2P HYPER U;291612;100.0;260403;260403;P;GPV
1;;302;S2P HYPER U;291614;1414.0;260403;260403;G;GPV
1;;302;S2P HYPER U;291615;1044.0;260403;260403;G;GPV
1;;302;S2P HYPER U;291620;14.0;260403;260403;P;GPV
1;;302;S2P HYPER U;291619;657.0;260403;260403;G;GPV
1;;302;S2P HYPER U;291621;36.0;260403;260403;P;GPV
1;;302;S2P HYPER U;291624;712.0;260403;260403;G;GPV
1;;302;S2P HYPER U;291626;242.0;260403;260403;P;GPV
1;;302;S2P HYPER U;291625;507.0;260403;260403;G;GPV
1;;302;S2P HYPER U;291627;10.0;260403;260403;P;GPV
1;;302;S2P HYPER U;291649;114.0;260403;260404;G;GPV
1;;302;S2P HYPER U;291641;568.0;260403;260404;G;GPV
1;;306;S2P SOCOCE YAMOUSSOKRO;47652;188.0;260403;260403;G;GPV
1;;306;S2P SOCOCE YAMOUSSOKRO;47651;882.0;260403;260403;G;GPV
1;;306;S2P SOCOCE YAMOUSSOKRO;47650;392.0;260403;260403;P;GPV
1;;306;S2P SOCOCE YAMOUSSOKRO;47648;1300.0;260403;260403;G;GPV
1;;306;S2P SOCOCE YAMOUSSOKRO;47647;48.0;260403;260403;G;GPV
1;;306;S2P SOCOCE YAMOUSSOKRO;47646;20.0;260403;260403;P;GPV
1;;306;S2P SOCOCE YAMOUSSOKRO;47645;21.0;260403;260403;P;GPV
1;;306;S2P SOCOCE YAMOUSSOKRO;47644;139.0;260403;260403;G;GPV
1;;306;S2P SOCOCE YAMOUSSOKRO;47643;326.0;260403;260403;P;GPV
1;;306;S2P SOCOCE YAMOUSSOKRO;47642;266.0;260403;260403;P;GPV
1;;306;S2P SOCOCE YAMOUSSOKRO;47641;1500.0;260403;260403;G;GPV
1;;306;S2P SOCOCE YAMOUSSOKRO;47640;2800.0;260403;260403;P;GPV
1;;306;S2P SOCOCE YAMOUSSOKRO;47639;80.0;260403;260403;G;GPV
1;;310;S2P ECOMARCHE SAN PEDRO;40270;2708.0;260403;260404;G;GPV
1;;310;S2P ECOMARCHE SAN PEDRO;40269;7870.0;260403;260404;G;GPV
1;;310;S2P ECOMARCHE SAN PEDRO;40268;1751.0;260403;260404;G;GPV
1;;310;S2P ECOMARCHE SAN PEDRO;40267;48.0;260403;260404;G;GPV
1;;310;S2P ECOMARCHE SAN PEDRO;40265;804.0;260403;260404;G;GPV
1;;310;S2P ECOMARCHE SAN PEDRO;40264;287.0;260403;260404;P;GPV
1;;310;S2P ECOMARCHE SAN PEDRO;40263;1405.0;260403;260404;G;GPV
1;;310;S2P ECOMARCHE SAN PEDRO;40253;2867.0;260403;260404;G;GPV
1;;310;S2P ECOMARCHE SAN PEDRO;40252;1890.0;260403;260404;G;GPV
1;;310;S2P ECOMARCHE SAN PEDRO;40251;30538.0;260403;260404;G;GPV
1;;310;S2P ECOMARCHE SAN PEDRO;40250;2318.0;260403;260404;G;GPV
1;;311;SOCOCE CHATEAU EAU;34401;1349.0;260403;260403;G;GPV
1;;311;SOCOCE CHATEAU EAU;34402;1473.0;260403;260403;G;GPV
1;;312;S2P SOCOCE RIVIERA;28174;630.0;260403;260403;G;GPV
1;;312;S2P SOCOCE RIVIERA;28173;6412.0;260403;260403;G;GPV
1;;312;S2P SOCOCE RIVIERA;28175;736.0;260403;260403;G;GPV
1;;330;NESPRESSO CAP SUD;261035;872.0;260403;260403;G;GPV
1;;336;NESPRESSO NOUR AL HAYAT;261032;664.0;260403;260403;G;GPV
1;;353;CIV ANGRE (P);39305;1162.0;260403;260404;G;GPV
1;;353;CIV ANGRE (P);39304;1412.0;260403;260404;G;GPV
1;;353;CIV ANGRE (P);39303;5770.0;260403;260404;P;GPV
1;;353;CIV ANGRE (P);39302;92.0;260403;260404;G;GPV
1;;353;CIV ANGRE (P);39301;670.0;260403;260404;G;GPV
1;;353;CIV ANGRE (P);39300;8420.0;260403;260404;G;GPV
1;;354;CIV TOIT ROUGE (P);46003;2158.0;260403;260404;G;GPV
1;;354;CIV TOIT ROUGE (P);46002;4746.0;260403;260404;P;GPV
1;;354;CIV TOIT ROUGE (P);46001;4471.0;260403;260404;G;GPV
1;;354;CIV TOIT ROUGE (P);46005;6743.0;260403;260404;G;GPV
1;;354;CIV TOIT ROUGE (P);46004;192.0;260403;260404;G;GPV
1;;356;CIV COCODY (P);34688;902.0;260403;260404;G;GPV
1;;356;CIV COCODY (P);34687;4827.0;260403;260404;G;GPV
1;;356;CIV COCODY (P);34686;8512.0;260403;260404;G;GPV
1;;356;CIV COCODY (P);34678;6185.0;260403;260404;P;GPV
1;;356;CIV COCODY (P);34677;156.0;260403;260404;P;GPV
1;;357;CIV U REMBLAIS (P);34350;2737.0;260403;260403;G;GPV
1;;357;CIV U REMBLAIS (P);34351;1852.0;260403;260403;P;GPV
1;;357;CIV U REMBLAIS (P);34364;6989.0;260403;260404;P;GPV
1;;357;CIV U REMBLAIS (P);34363;6235.0;260403;260404;G;GPV
1;;357;CIV U REMBLAIS (P);34357;7261.0;260403;260404;G;GPV
1;;357;CIV U REMBLAIS (P);34356;3612.0;260403;260404;G;GPV
1;;357;CIV U REMBLAIS (P);34355;1858.0;260403;260404;G;GPV
1;;357;CIV U REMBLAIS (P);34354;2209.0;260403;260404;G;GPV
1;;357;CIV U REMBLAIS (P);34353;2565.0;260403;260404;G;GPV
1;;357;CIV U REMBLAIS (P);34352;8011.0;260403;260404;G;GPV
1;;357;CIV U REMBLAIS (P);34359;2234.0;260403;260404;G;GPV
1;;357;CIV U REMBLAIS (P);34362;1706.0;260403;260404;P;GPV
1;;357;CIV U REMBLAIS (P);34361;7287.0;260403;260404;G;GPV
1;;357;CIV U REMBLAIS (P);34366;8026.0;260403;260404;G;GPV
1;;368;CIV SADIGUIBA (P) SYST U;36013;2091.0;260403;260404;G;GPV
1;;372;CIV YOP MAROC (P);41672;4066.0;260403;260404;G;GPV
1;;376;CIV SICOGI (P);36158;4493.0;260403;260404;G;GPV
1;;376;CIV SICOGI (P);36157;11455.0;260403;260404;G;GPV
1;;376;CIV SICOGI (P);36156;286.0;260403;260404;P;GPV
1;;376;CIV SICOGI (P);36155;2745.0;260403;260404;G;GPV
1;;376;CIV SICOGI (P);36154;1755.0;260403;260404;G;GPV
1;;376;CIV SICOGI (P);36153;138.0;260403;260404;P;GPV
1;;376;CIV SICOGI (P);36152;1909.0;260403;260404;G;GPV
1;;376;CIV SICOGI (P);36151;614.0;260403;260404;P;GPV
1;;376;CIV SICOGI (P);36150;1691.0;260403;260404;P;GPV
1;;376;CIV SICOGI (P);36149;506.0;260403;260404;P;GPV
1;;376;CIV SICOGI (P);36148;2756.0;260403;260404;G;GPV
1;;376;CIV SICOGI (P);36147;331.0;260403;260404;P;GPV
1;;376;CIV SICOGI (P);36146;1014.0;260403;260404;P;GPV
1;;376;CIV SICOGI (P);36143;6354.0;260403;260404;G;GPV
1;;376;CIV SICOGI (P);36142;4245.0;260403;260404;G;GPV
1;;376;CIV SICOGI (P);36136;8910.0;260403;260404;G;GPV
1;;378;CIV DJE KONAN (P);20531;7291.0;260403;260404;G;GPV
1;;378;CIV DJE KONAN (P);20530;17468.0;260403;260404;G;GPV
1;;378;CIV DJE KONAN (P);20529;9342.0;260403;260404;G;GPV
1;;378;CIV DJE KONAN (P);20528;4338.0;260403;260404;G;GPV
1;;378;CIV DJE KONAN (P);20527;20897.0;260403;260404;G;GPV
1;;378;CIV DJE KONAN (P);20526;15120.0;260403;260404;G;GPV
1;;378;CIV DJE KONAN (P);20525;9566.0;260403;260404;G;GPV
1;;378;CIV DJE KONAN (P);20524;3087.0;260403;260404;G;GPV
1;;410;CIV BESSIKOI (P);28959;4766.0;260403;260404;G;GPV
1;;410;CIV BESSIKOI (P);28958;1834.0;260403;260404;P;GPV
1;;410;CIV BESSIKOI (P);28957;3314.0;260403;260404;P;GPV
1;;410;CIV BESSIKOI (P);28955;2191.0;260403;260404;P;GPV
1;;410;CIV BESSIKOI (P);28954;2051.0;260403;260404;P;GPV
1;;410;CIV BESSIKOI (P);28956;5568.0;260403;260404;G;GPV
1;;410;CIV BESSIKOI (P);28953;2046.0;260403;260404;G;GPV
1;;410;CIV BESSIKOI (P);28952;3403.0;260403;260404;G;GPV
1;;411;CIV ANTENNE (P);27492;46357.0;260403;260404;G;GPV
1;;411;CIV ANTENNE (P);27491;10071.0;260403;260404;G;GPV
1;;411;CIV ANTENNE (P);27490;7477.0;260403;260404;P;GPV
1;;411;CIV ANTENNE (P);27489;2235.0;260403;260404;P;GPV
1;;411;CIV ANTENNE (P);27487;4693.0;260403;260404;G;GPV
1;;411;CIV ANTENNE (P);27486;6635.0;260403;260404;P;GPV
1;;411;CIV ANTENNE (P);27485;7484.0;260403;260404;G;GPV
1;;411;CIV ANTENNE (P);27483;4185.0;260403;260404;G;GPV
1;;411;CIV ANTENNE (P);27481;2811.0;260403;260404;G;GPV
1;;411;CIV ANTENNE (P);27480;3288.0;260403;260404;G;GPV
1;;411;CIV ANTENNE (P);27478;7266.0;260403;260404;G;GPV
1;;411;CIV ANTENNE (P);27484;11992.0;260403;260404;G;GPV
1;;411;CIV ANTENNE (P);27482;4251.0;260403;260404;G;GPV
1;;414;CIV U PORT-BOUET (P);12485;1977.0;260403;260403;G;GPV
1;;414;CIV U PORT-BOUET (P);12511;1014262.0;260403;260404;P;GPV
1;;414;CIV U PORT-BOUET (P);12504;12729.0;260403;260404;G;GPV
1;;414;CIV U PORT-BOUET (P);12503;18223.0;260403;260404;G;GPV
1;;414;CIV U PORT-BOUET (P);12502;7270.0;260403;260404;G;GPV
1;;414;CIV U PORT-BOUET (P);12500;11303.0;260403;260404;G;GPV
1;;035;HYPER HAYAT;333658;230.0;260404;260404;G;GPV
1;;035;HYPER HAYAT;333659;1356.0;260404;260404;G;GPV
1;;035;HYPER HAYAT;333661;1709.0;260404;260404;G;GPV
1;;035;HYPER HAYAT;333663;48.0;260404;260404;P;GPV
1;;035;HYPER HAYAT;333662;48.0;260404;260404;P;GPV
1;;035;HYPER HAYAT;333664;2186.0;260404;260404;G;GPV
1;;035;HYPER HAYAT;333666;40.0;260404;260404;P;GPV
1;;035;HYPER HAYAT;333665;150.0;260404;260404;P;GPV
1;;035;HYPER HAYAT;333668;1338.0;260404;260404;G;GPV
1;;035;HYPER HAYAT;333670;720.0;260404;260404;P;GPV
1;;035;HYPER HAYAT;333669;60.0;260404;260404;P;GPV
1;;035;HYPER HAYAT;333671;1173.0;260404;260404;G;GPV
1;;035;HYPER HAYAT;333679;96.0;260404;260404;G;GPV
1;;035;HYPER HAYAT;333692;192.0;260404;260405;P;GPV
1;;035;HYPER HAYAT;333691;89.0;260404;260405;G;GPV
1;;080;MANDARINE MARCORY;120392;1278.0;260404;260404;G;GPV
1;;080;MANDARINE MARCORY;120391;96.0;260404;260404;G;GPV
1;;080;MANDARINE MARCORY;120395;3169.0;260404;260404;G;GPV
1;;080;MANDARINE MARCORY;120396;306.0;260404;260404;G;GPV
1;;080;MANDARINE MARCORY;120397;25061.0;260404;260404;G;GPV
1;;080;MANDARINE MARCORY;120400;1910.0;260404;260404;G;GPV
1;;080;MANDARINE MARCORY;120399;684.0;260404;260404;G;GPV
1;;080;MANDARINE MARCORY;120398;2207.0;260404;260404;G;GPV
1;;080;MANDARINE MARCORY;120402;12110.0;260404;260404;P;GPV
1;;080;MANDARINE MARCORY;120401;325.0;260404;260404;P;GPV
1;;080;MANDARINE MARCORY;120404;1947.0;260404;260404;P;GPV
1;;080;MANDARINE MARCORY;120403;4005.0;260404;260404;G;GPV
1;;080;MANDARINE MARCORY;120409;3591.0;260404;260404;P;GPV
1;;080;MANDARINE MARCORY;120408;4811.0;260404;260404;G;GPV
1;;080;MANDARINE MARCORY;120407;2860.0;260404;260404;P;GPV
1;;080;MANDARINE MARCORY;120406;4168.0;260404;260404;G;GPV
1;;080;MANDARINE MARCORY;120405;8441.0;260404;260404;G;GPV
1;;080;MANDARINE MARCORY;120410;1760.0;260404;260404;G;GPV
1;;080;MANDARINE MARCORY;120412;6048.0;260404;260404;P;GPV
1;;080;MANDARINE MARCORY;120415;931.0;260404;260404;G;GPV
1;;080;MANDARINE MARCORY;120414;19671.0;260404;260404;G;GPV
1;;080;MANDARINE MARCORY;120413;26140.0;260404;260404;G;GPV
1;;080;MANDARINE MARCORY;120416;1305.0;260404;260404;G;GPV
1;;080;MANDARINE MARCORY;120411;4699.0;260404;260406;G;GPV
1;;100;CASINO 2 PLATEAUX;271498;5403.0;260404;260404;G;GPV
1;;100;CASINO 2 PLATEAUX;271499;72.0;260404;260404;P;GPV
1;;100;CASINO 2 PLATEAUX;271505;6251.0;260404;260404;P;GPV
1;;100;CASINO 2 PLATEAUX;271504;9293.0;260404;260404;P;GPV
1;;100;CASINO 2 PLATEAUX;271502;350.0;260404;260404;G;GPV
1;;100;CASINO 2 PLATEAUX;271508;24.0;260404;260404;P;GPV
1;;100;CASINO 2 PLATEAUX;271507;95.0;260404;260404;P;GPV
1;;100;CASINO 2 PLATEAUX;271506;266.0;260404;260404;G;GPV
1;;100;CASINO 2 PLATEAUX;271514;4766.0;260404;260404;G;GPV
1;;100;CASINO 2 PLATEAUX;271513;1190.0;260404;260404;G;GPV
1;;100;CASINO 2 PLATEAUX;271512;1354.0;260404;260404;P;GPV
1;;100;CASINO 2 PLATEAUX;271510;735.0;260404;260404;P;GPV
1;;100;CASINO 2 PLATEAUX;271516;60.0;260404;260404;G;GPV
1;;100;CASINO 2 PLATEAUX;271518;84.0;260404;260404;P;GPV
1;;100;CASINO 2 PLATEAUX;271517;980.0;260404;260404;G;GPV
1;;100;CASINO 2 PLATEAUX;271522;558.0;260404;260404;P;GPV
1;;100;CASINO 2 PLATEAUX;271521;124.0;260404;260404;P;GPV
1;;100;CASINO 2 PLATEAUX;271520;308.0;260404;260404;G;GPV
1;;100;CASINO 2 PLATEAUX;271519;486.0;260404;260404;G;GPV
1;;100;CASINO 2 PLATEAUX;271524;1872.0;260404;260404;G;GPV
1;;100;CASINO 2 PLATEAUX;271523;280.0;260404;260404;P;GPV
1;;100;CASINO 2 PLATEAUX;271525;3927.0;260404;260404;G;GPV
1;;100;CASINO 2 PLATEAUX;271526;624.0;260404;260404;G;GPV
1;;100;CASINO 2 PLATEAUX;271527;142.0;260404;260404;G;GPV
1;;100;CASINO 2 PLATEAUX;271530;4836.0;260404;260404;G;GPV
1;;100;CASINO 2 PLATEAUX;271533;30.0;260404;260404;P;GPV
1;;100;CASINO 2 PLATEAUX;271531;15816.0;260404;260404;G;GPV
1;;100;CASINO 2 PLATEAUX;271536;1451.0;260404;260404;P;GPV
1;;100;CASINO 2 PLATEAUX;271535;2367.0;260404;260404;G;GPV
1;;100;CASINO 2 PLATEAUX;271534;173.0;260404;260404;P;GPV
1;;100;CASINO 2 PLATEAUX;271529;2170.0;260404;260404;G;GPV
1;;100;CASINO 2 PLATEAUX;271538;2490.0;260404;260404;G;GPV
1;;100;CASINO 2 PLATEAUX;271540;395.0;260404;260404;G;GPV
1;;100;CASINO 2 PLATEAUX;271539;868.0;260404;260404;G;GPV
1;;100;CASINO 2 PLATEAUX;271545;169.0;260404;260404;G;GPV
1;;100;CASINO 2 PLATEAUX;271544;1675.0;260404;260404;G;GPV
1;;100;CASINO 2 PLATEAUX;271543;444.0;260404;260404;P;GPV
1;;100;CASINO 2 PLATEAUX;271548;480.0;260404;260404;G;GPV
1;;100;CASINO 2 PLATEAUX;271547;82.0;260404;260404;G;GPV
1;;100;CASINO 2 PLATEAUX;271549;927.0;260404;260404;P;GPV
1;;100;CASINO 2 PLATEAUX;271552;3281.0;260404;260404;G;GPV
1;;100;CASINO 2 PLATEAUX;271556;752.0;260404;260404;G;GPV
1;;100;CASINO 2 PLATEAUX;271555;1426.0;260404;260404;P;GPV
1;;100;CASINO 2 PLATEAUX;271554;9414.0;260404;260404;G;GPV
1;;100;CASINO 2 PLATEAUX;271560;2187.0;260404;260404;G;GPV
1;;100;CASINO 2 PLATEAUX;271563;20.0;260404;260404;G;GPV
1;;100;CASINO 2 PLATEAUX;271562;394.0;260404;260404;G;GPV
1;;100;CASINO 2 PLATEAUX;271564;1435.0;260404;260404;G;GPV
1;;100;CASINO 2 PLATEAUX;271567;6098.0;260404;260404;P;GPV
1;;100;CASINO 2 PLATEAUX;271565;144.0;260404;260404;P;GPV
1;;100;CASINO 2 PLATEAUX;271568;111.0;260404;260404;G;GPV
1;;100;CASINO 2 PLATEAUX;271579;322.0;260404;260404;G;GPV
1;;100;CASINO 2 PLATEAUX;271590;180.0;260404;260404;G;GPV
1;;100;CASINO 2 PLATEAUX;271593;896.0;260404;260406;G;GPV
1;;120;MANDARINE GOLF;203751;3212.0;260404;260404;G;GPV
1;;120;MANDARINE GOLF;203750;438.0;260404;260404;G;GPV
1;;120;MANDARINE GOLF;203754;6678.0;260404;260404;P;GPV
1;;120;MANDARINE GOLF;203753;226.0;260404;260404;P;GPV
1;;120;MANDARINE GOLF;203752;4632.0;260404;260404;G;GPV
1;;120;MANDARINE GOLF;203758;301.0;260404;260404;G;GPV
1;;120;MANDARINE GOLF;203757;3851.0;260404;260404;G;GPV
1;;120;MANDARINE GOLF;203756;4473.0;260404;260404;G;GPV
1;;120;MANDARINE GOLF;203755;276.0;260404;260404;P;GPV
1;;120;MANDARINE GOLF;203761;80.0;260404;260404;P;GPV
1;;120;MANDARINE GOLF;203760;3401.0;260404;260404;P;GPV
1;;120;MANDARINE GOLF;203759;1163.0;260404;260404;G;GPV
1;;120;MANDARINE GOLF;203762;519.0;260404;260404;G;GPV
1;;120;MANDARINE GOLF;203767;39.0;260404;260404;P;GPV
1;;120;MANDARINE GOLF;203766;38.0;260404;260404;P;GPV
1;;120;MANDARINE GOLF;203765;1034.0;260404;260404;G;GPV
1;;120;MANDARINE GOLF;203764;1800.0;260404;260404;P;GPV
1;;120;MANDARINE GOLF;203763;2087.0;260404;260404;G;GPV
1;;120;MANDARINE GOLF;203768;80.0;260404;260404;G;GPV
1;;120;MANDARINE GOLF;203769;15733.0;260404;260404;G;GPV
1;;120;MANDARINE GOLF;203774;132.0;260404;260404;G;GPV
1;;120;MANDARINE GOLF;203773;701.0;260404;260404;G;GPV
1;;120;MANDARINE GOLF;203772;2102.0;260404;260404;P;GPV
1;;120;MANDARINE GOLF;203771;319.0;260404;260404;G;GPV
1;;120;MANDARINE GOLF;203770;2835.0;260404;260404;G;GPV
1;;120;MANDARINE GOLF;203781;362.0;260404;260404;P;GPV
1;;120;MANDARINE GOLF;203780;2346.0;260404;260404;G;GPV
1;;120;MANDARINE GOLF;203779;6505.0;260404;260404;P;GPV
1;;120;MANDARINE GOLF;203778;179.0;260404;260404;P;GPV
1;;120;MANDARINE GOLF;203777;390.0;260404;260404;G;GPV
1;;120;MANDARINE GOLF;203776;6.0;260404;260404;G;GPV
1;;120;MANDARINE GOLF;203775;6634.0;260404;260404;G;GPV
1;;120;MANDARINE GOLF;203789;532.0;260404;260404;P;GPV
1;;120;MANDARINE GOLF;203788;4630.0;260404;260404;P;GPV
1;;120;MANDARINE GOLF;203787;72.0;260404;260404;P;GPV
1;;120;MANDARINE GOLF;203786;174.0;260404;260404;P;GPV
1;;120;MANDARINE GOLF;203785;3729.0;260404;260404;G;GPV
1;;120;MANDARINE GOLF;203784;1482.0;260404;260404;P;GPV
1;;120;MANDARINE GOLF;203783;1891.0;260404;260404;P;GPV
1;;120;MANDARINE GOLF;203782;246.0;260404;260404;P;GPV
1;;120;MANDARINE GOLF;203797;2565.0;260404;260404;G;GPV
1;;120;MANDARINE GOLF;203796;5035.0;260404;260404;P;GPV
1;;120;MANDARINE GOLF;203795;2232.0;260404;260404;G;GPV
1;;120;MANDARINE GOLF;203794;818.0;260404;260404;G;GPV
1;;120;MANDARINE GOLF;203793;1325.0;260404;260404;P;GPV
1;;120;MANDARINE GOLF;203792;1795.0;260404;260404;P;GPV
1;;120;MANDARINE GOLF;203791;13005.0;260404;260404;G;GPV
1;;120;MANDARINE GOLF;203790;2268.0;260404;260404;P;GPV
1;;120;MANDARINE GOLF;203798;661.0;260404;260404;G;GPV
1;;120;MANDARINE GOLF;203824;1741.0;260404;260404;G;GPV
1;;120;MANDARINE GOLF;203823;88.0;260404;260404;G;GPV
1;;120;MANDARINE GOLF;203822;5321.0;260404;260404;G;GPV
1;;120;MANDARINE GOLF;203821;12.0;260404;260404;G;GPV
1;;120;MANDARINE GOLF;203820;473.0;260404;260404;G;GPV
1;;120;MANDARINE GOLF;203819;298.0;260404;260404;G;GPV
1;;120;MANDARINE GOLF;203818;6.0;260404;260404;G;GPV
1;;120;MANDARINE GOLF;203829;6.0;260404;260404;G;GPV
1;;120;MANDARINE GOLF;203828;558.0;260404;260404;G;GPV
1;;120;MANDARINE GOLF;203827;2220.0;260404;260404;G;GPV
1;;120;MANDARINE GOLF;203826;27.0;260404;260404;G;GPV
1;;120;MANDARINE GOLF;203825;140.0;260404;260404;G;GPV
1;;120;MANDARINE GOLF;203835;1118.0;260404;260404;G;GPV
1;;120;MANDARINE GOLF;203834;312.0;260404;260404;G;GPV
1;;120;MANDARINE GOLF;203833;144.0;260404;260404;G;GPV
1;;120;MANDARINE GOLF;203832;6.0;260404;260404;G;GPV
1;;120;MANDARINE GOLF;203831;1876.0;260404;260404;G;GPV
1;;120;MANDARINE GOLF;203830;6.0;260404;260404;G;GPV
1;;120;MANDARINE GOLF;203838;391.0;260404;260404;P;GPV
1;;120;MANDARINE GOLF;203837;2608.0;260404;260404;G;GPV
1;;120;MANDARINE GOLF;203836;1169.0;260404;260404;G;GPV
1;;120;MANDARINE GOLF;203843;136.0;260404;260406;G;GPV
1;;207;OENOPHILE BOUAKE;261044;2081.0;260404;260404;G;GPV
1;;207;OENOPHILE BOUAKE;261052;36.0;260404;260404;G;GPV
1;;213;OENOPHILE ZONE 4;261047;1582.0;260404;260404;G;GPV
1;;214;OENOPHILE YAMOUSSOUKRO;261046;2602.0;260404;260404;G;GPV
1;;214;OENOPHILE YAMOUSSOUKRO;261049;144.0;260404;260404;G;GPV
1;;216;OENOPHILE CAP NORD;261045;419.0;260404;260404;G;GPV
1;;217;OENOPHILE SAN PEDRO;261041;1360.0;260404;260404;G;GPV
1;;218;OENOPHILE DJIBI;261043;714.0;260404;260404;G;GPV
1;;218;OENOPHILE DJIBI;261042;26.0;260404;260404;G;GPV
1;;220;SUPER U PLATEAU;195955;2691.0;260404;260404;G;GPV
1;;220;SUPER U PLATEAU;195956;2858.0;260404;260404;P;GPV
1;;220;SUPER U PLATEAU;195973;3064.0;260404;260404;G;GPV
1;;221;OENOPHILE CAVISTE LATRILL;261038;966.0;260404;260404;G;GPV
1;;224;OENOPHILE 2 PLTX LATRILLE;261048;1078.0;260404;260404;G;GPV
1;;225;CASH PORT BP MARSEILLE;4788;13649.0;260404;260406;G;GPV
1;;225;CASH PORT BP MARSEILLE;4787;10765.0;260404;260406;G;GPV
1;;225;CASH PORT BP MARSEILLE;4786;9922.0;260404;260406;G;GPV
1;;225;CASH PORT BP MARSEILLE;4785;8143.0;260404;260406;G;GPV
1;;225;CASH PORT BP MARSEILLE;4784;4286.0;260404;260406;G;GPV
1;;225;CASH PORT BP MARSEILLE;4783;6419.0;260404;260406;G;GPV
1;;225;CASH PORT BP MARSEILLE;4782;5278.0;260404;260406;G;GPV
1;;225;CASH PORT BP MARSEILLE;4781;8273.0;260404;260406;G;GPV
1;;225;CASH PORT BP MARSEILLE;4780;21939.0;260404;260406;G;GPV
1;;225;CASH PORT BP MARSEILLE;4779;6738.0;260404;260406;G;GPV
1;;225;CASH PORT BP MARSEILLE;4778;3994.0;260404;260406;G;GPV
1;;225;CASH PORT BP MARSEILLE;4777;7648.0;260404;260406;G;GPV
1;;228;CASH PORT;2232;33851.0;260404;260404;G;GPV
1;;228;CASH PORT;2233;4336.0;260404;260404;G;GPV
1;;229;CASH PORT BP Z4;795;45334.0;260404;260406;G;GPV
1;;235;SUPER U DJIBI;201802;2942.0;260404;260404;G;GPV
1;;235;SUPER U DJIBI;201803;4400.0;260404;260404;G;GPV
1;;235;SUPER U DJIBI;201810;1597.0;260404;260404;G;GPV
1;;235;SUPER U DJIBI;201813;2558.0;260404;260404;G;GPV
1;;235;SUPER U DJIBI;201816;16171.0;260404;260404;P;GPV
1;;235;SUPER U DJIBI;201815;423.0;260404;260404;P;GPV
1;;235;SUPER U DJIBI;201814;953.0;260404;260404;P;GPV
1;;235;SUPER U DJIBI;201818;16387.0;260404;260404;P;GPV
1;;235;SUPER U DJIBI;201817;214.0;260404;260404;G;GPV
1;;235;SUPER U DJIBI;201819;1232.0;260404;260404;G;GPV
1;;235;SUPER U DJIBI;201823;7177.0;260404;260404;G;GPV
1;;235;SUPER U DJIBI;201821;11149.0;260404;260404;G;GPV
1;;235;SUPER U DJIBI;201820;1624.0;260404;260404;P;GPV
1;;235;SUPER U DJIBI;201826;284.0;260404;260404;P;GPV
1;;235;SUPER U DJIBI;201824;3886.0;260404;260404;G;GPV
1;;235;SUPER U DJIBI;201827;926.0;260404;260404;P;GPV
1;;235;SUPER U DJIBI;201831;306.0;260404;260404;P;GPV
1;;235;SUPER U DJIBI;201830;2693.0;260404;260404;G;GPV
1;;235;SUPER U DJIBI;201833;815.0;260404;260404;G;GPV
1;;235;SUPER U DJIBI;201832;16231.0;260404;260404;G;GPV
1;;235;SUPER U DJIBI;201835;533.0;260404;260404;G;GPV
1;;235;SUPER U DJIBI;201842;4667.0;260404;260404;G;GPV
1;;235;SUPER U DJIBI;201841;5150.0;260404;260404;G;GPV
1;;235;SUPER U DJIBI;201840;646.0;260404;260404;G;GPV
1;;235;SUPER U DJIBI;201837;580.0;260404;260404;G;GPV
1;;235;SUPER U DJIBI;201847;199.0;260404;260404;P;GPV
1;;235;SUPER U DJIBI;201846;848.0;260404;260404;G;GPV
1;;235;SUPER U DJIBI;201844;2867.0;260404;260404;P;GPV
1;;235;SUPER U DJIBI;201843;745.0;260404;260404;G;GPV
1;;235;SUPER U DJIBI;201849;1011.0;260404;260404;G;GPV
1;;235;SUPER U DJIBI;201850;2456.0;260404;260404;G;GPV
1;;235;SUPER U DJIBI;201854;96.0;260404;260404;P;GPV
1;;235;SUPER U DJIBI;201853;156.0;260404;260404;P;GPV
1;;235;SUPER U DJIBI;201852;1272.0;260404;260404;P;GPV
1;;235;SUPER U DJIBI;201851;6499.0;260404;260404;G;GPV
1;;235;SUPER U DJIBI;201857;1921.0;260404;260404;P;GPV
1;;235;SUPER U DJIBI;201856;1224.0;260404;260404;P;GPV
1;;235;SUPER U DJIBI;201855;50.0;260404;260404;P;GPV
1;;235;SUPER U DJIBI;201860;354.0;260404;260404;P;GPV
1;;235;SUPER U DJIBI;201859;240.0;260404;260404;P;GPV
1;;235;SUPER U DJIBI;201858;334.0;260404;260404;G;GPV
1;;235;SUPER U DJIBI;201861;1201.0;260404;260404;P;GPV
1;;235;SUPER U DJIBI;201862;1052.0;260404;260404;G;GPV
1;;235;SUPER U DJIBI;201873;364.0;260404;260404;G;GPV
1;;235;SUPER U DJIBI;201887;1742.0;260404;260406;G;GPV
1;;235;SUPER U DJIBI;201886;1583.0;260404;260406;G;GPV
1;;235;SUPER U DJIBI;201885;4400.0;260404;260406;G;GPV
1;;235;SUPER U DJIBI;201884;3399.0;260404;260406;G;GPV
1;;235;SUPER U DJIBI;201883;1365.0;260404;260406;G;GPV
1;;235;SUPER U DJIBI;201882;4934.0;260404;260406;P;GPV
1;;250;GIFI ZONE 4;11420;4124.0;260404;260404;P;GPV
1;;250;GIFI ZONE 4;11421;7357.0;260404;260404;P;GPV
1;;250;GIFI ZONE 4;11422;3154.0;260404;260406;G;GPV
1;;261;MONOP' COCODY AMBASSADE;37409;803.0;260404;260404;G;GPV
1;;261;MONOP' COCODY AMBASSADE;37411;2042.0;260404;260404;P;GPV
1;;261;MONOP' COCODY AMBASSADE;37410;1699.0;260404;260404;G;GPV
1;;261;MONOP' COCODY AMBASSADE;37413;452.0;260404;260404;G;GPV
1;;261;MONOP' COCODY AMBASSADE;37412;1980.0;260404;260404;G;GPV
1;;261;MONOP' COCODY AMBASSADE;37416;124.0;260404;260404;P;GPV
1;;261;MONOP' COCODY AMBASSADE;37415;135.0;260404;260404;P;GPV
1;;261;MONOP' COCODY AMBASSADE;37414;217.0;260404;260404;P;GPV
1;;261;MONOP' COCODY AMBASSADE;37417;1006.0;260404;260404;G;GPV
1;;261;MONOP' COCODY AMBASSADE;37420;167.0;260404;260404;P;GPV
1;;261;MONOP' COCODY AMBASSADE;37419;2114.0;260404;260404;P;GPV
1;;261;MONOP' COCODY AMBASSADE;37418;1505.0;260404;260404;G;GPV
1;;261;MONOP' COCODY AMBASSADE;37422;503.0;260404;260404;G;GPV
1;;261;MONOP' COCODY AMBASSADE;37421;458.0;260404;260404;P;GPV
1;;274;OENOPHILE KORHOGO;261040;1430.0;260404;260404;G;GPV
1;;281;MANDARINE ANGRE;37460;3289.0;260404;260404;G;GPV
1;;281;MANDARINE ANGRE;37462;426.0;260404;260404;P;GPV
1;;281;MANDARINE ANGRE;37461;1645.0;260404;260404;G;GPV
1;;281;MANDARINE ANGRE;37464;746.0;260404;260404;P;GPV
1;;281;MANDARINE ANGRE;37463;3433.0;260404;260404;G;GPV
1;;281;MANDARINE ANGRE;37466;1628.0;260404;260404;G;GPV
1;;281;MANDARINE ANGRE;37465;332.0;260404;260404;G;GPV
1;;281;MANDARINE ANGRE;37467;4467.0;260404;260404;G;GPV
1;;281;MANDARINE ANGRE;37471;4358.0;260404;260404;P;GPV
1;;281;MANDARINE ANGRE;37470;710.0;260404;260404;P;GPV
1;;281;MANDARINE ANGRE;37469;4457.0;260404;260404;G;GPV
1;;281;MANDARINE ANGRE;37468;3581.0;260404;260404;G;GPV
1;;281;MANDARINE ANGRE;37473;3938.0;260404;260404;G;GPV
1;;281;MANDARINE ANGRE;37472;22824.0;260404;260404;G;GPV
1;;281;MANDARINE ANGRE;37477;3755.0;260404;260404;P;GPV
1;;281;MANDARINE ANGRE;37476;38.0;260404;260404;P;GPV
1;;281;MANDARINE ANGRE;37475;7409.0;260404;260404;G;GPV
1;;281;MANDARINE ANGRE;37474;5234.0;260404;260404;P;GPV
1;;281;MANDARINE ANGRE;37479;72.0;260404;260404;P;GPV
1;;281;MANDARINE ANGRE;37478;10309.0;260404;260404;G;GPV
1;;281;MANDARINE ANGRE;37482;897.0;260404;260404;G;GPV
1;;281;MANDARINE ANGRE;37481;616.0;260404;260404;G;GPV
1;;281;MANDARINE ANGRE;37480;1428.0;260404;260404;G;GPV
1;;281;MANDARINE ANGRE;37487;2732.0;260404;260404;P;GPV
1;;281;MANDARINE ANGRE;37486;3614.0;260404;260404;P;GPV
1;;281;MANDARINE ANGRE;37484;248.0;260404;260404;P;GPV
1;;281;MANDARINE ANGRE;37483;4839.0;260404;260404;G;GPV
1;;281;MANDARINE ANGRE;37494;2792.0;260404;260404;P;GPV
1;;281;MANDARINE ANGRE;37493;855.0;260404;260404;G;GPV
1;;281;MANDARINE ANGRE;37491;587.0;260404;260404;P;GPV
1;;281;MANDARINE ANGRE;37489;1311.0;260404;260404;P;GPV
1;;281;MANDARINE ANGRE;37488;2704.0;260404;260404;G;GPV
1;;281;MANDARINE ANGRE;37509;2810.0;260404;260404;G;GPV
1;;281;MANDARINE ANGRE;37508;3953.0;260404;260404;P;GPV
1;;281;MANDARINE ANGRE;37507;5263.0;260404;260404;G;GPV
1;;281;MANDARINE ANGRE;37505;3895.0;260404;260404;G;GPV
1;;281;MANDARINE ANGRE;37503;1825.0;260404;260404;P;GPV
1;;281;MANDARINE ANGRE;37502;5413.0;260404;260404;P;GPV
1;;281;MANDARINE ANGRE;37501;5470.0;260404;260404;G;GPV
1;;281;MANDARINE ANGRE;37515;4330.0;260404;260404;P;GPV
1;;281;MANDARINE ANGRE;37512;5355.0;260404;260404;G;GPV
1;;281;MANDARINE ANGRE;37510;5450.0;260404;260404;G;GPV
1;;281;MANDARINE ANGRE;37522;238.0;260404;260404;P;GPV
1;;281;MANDARINE ANGRE;37521;1124.0;260404;260404;G;GPV
1;;281;MANDARINE ANGRE;37517;180.0;260404;260404;P;GPV
1;;281;MANDARINE ANGRE;37516;884.0;260404;260404;G;GPV
1;;281;MANDARINE ANGRE;37525;4972.0;260404;260404;G;GPV
1;;281;MANDARINE ANGRE;37533;11427.0;260404;260404;G;GPV
1;;281;MANDARINE ANGRE;37532;391.0;260404;260404;G;GPV
1;;281;MANDARINE ANGRE;37537;1109.0;260404;260406;G;GPV
1;;281;MANDARINE ANGRE;37536;5034.0;260404;260406;G;GPV
1;;290;MANDARINE BIETRY;157823;4429.0;260404;260404;G;GPV
1;;290;MANDARINE BIETRY;157822;5103.0;260404;260404;G;GPV
1;;290;MANDARINE BIETRY;157825;11331.0;260404;260404;P;GPV
1;;290;MANDARINE BIETRY;157824;11741.0;260404;260404;G;GPV
1;;290;MANDARINE BIETRY;157829;2386.0;260404;260404;G;GPV
1;;290;MANDARINE BIETRY;157828;9649.0;260404;260404;P;GPV
1;;290;MANDARINE BIETRY;157831;5742.0;260404;260404;P;GPV
1;;290;MANDARINE BIETRY;157830;1411.0;260404;260404;G;GPV
1;;290;MANDARINE BIETRY;157834;46.0;260404;260404;P;GPV
1;;290;MANDARINE BIETRY;157833;8990.0;260404;260404;G;GPV
1;;290;MANDARINE BIETRY;157832;8813.0;260404;260404;P;GPV
1;;290;MANDARINE BIETRY;157835;5624.0;260404;260404;G;GPV
1;;290;MANDARINE BIETRY;157839;2513.0;260404;260404;G;GPV
1;;290;MANDARINE BIETRY;157838;11218.0;260404;260404;G;GPV
1;;290;MANDARINE BIETRY;157837;7586.0;260404;260404;P;GPV
1;;290;MANDARINE BIETRY;157836;10046.0;260404;260404;G;GPV
1;;290;MANDARINE BIETRY;157842;4328.0;260404;260404;P;GPV
1;;290;MANDARINE BIETRY;157841;6746.0;260404;260404;G;GPV
1;;290;MANDARINE BIETRY;157840;15501.0;260404;260404;P;GPV
1;;290;MANDARINE BIETRY;157845;4533.0;260404;260404;P;GPV
1;;290;MANDARINE BIETRY;157844;20019.0;260404;260404;G;GPV
1;;290;MANDARINE BIETRY;157843;1878.0;260404;260404;G;GPV
1;;290;MANDARINE BIETRY;157850;7316.0;260404;260404;G;GPV
1;;290;MANDARINE BIETRY;157849;14428.0;260404;260404;G;GPV
1;;290;MANDARINE BIETRY;157848;316.0;260404;260404;G;GPV
1;;290;MANDARINE BIETRY;157847;3953.0;260404;260404;G;GPV
1;;290;MANDARINE BIETRY;157846;2422.0;260404;260404;G;GPV
1;;290;MANDARINE BIETRY;157857;952.0;260404;260404;P;GPV
1;;290;MANDARINE BIETRY;157856;1076.0;260404;260404;G;GPV
1;;290;MANDARINE BIETRY;157855;280.0;260404;260404;P;GPV
1;;290;MANDARINE BIETRY;157854;8139.0;260404;260404;G;GPV
1;;290;MANDARINE BIETRY;157853;3818.0;260404;260404;P;GPV
1;;290;MANDARINE BIETRY;157852;164.0;260404;260404;G;GPV
1;;290;MANDARINE BIETRY;157851;2447.0;260404;260404;G;GPV
1;;290;MANDARINE BIETRY;157866;6847.0;260404;260404;P;GPV
1;;290;MANDARINE BIETRY;157865;3570.0;260404;260404;P;GPV
1;;290;MANDARINE BIETRY;157864;3242.0;260404;260404;P;GPV
1;;290;MANDARINE BIETRY;157863;5140.0;260404;260404;P;GPV
1;;290;MANDARINE BIETRY;157862;1008.0;260404;260404;G;GPV
1;;290;MANDARINE BIETRY;157861;190.0;260404;260404;P;GPV
1;;290;MANDARINE BIETRY;157860;6524.0;260404;260404;G;GPV
1;;290;MANDARINE BIETRY;157859;947.0;260404;260404;G;GPV
1;;290;MANDARINE BIETRY;157858;12483.0;260404;260404;P;GPV
1;;290;MANDARINE BIETRY;157869;7143.0;260404;260404;G;GPV
1;;290;MANDARINE BIETRY;157871;7294.0;260404;260404;G;GPV
1;;290;MANDARINE BIETRY;157872;2110.0;260404;260404;P;GPV
1;;290;MANDARINE BIETRY;157875;4328.0;260404;260404;G;GPV
1;;290;MANDARINE BIETRY;157874;5870.0;260404;260404;G;GPV
1;;290;MANDARINE BIETRY;157878;11854.0;260404;260404;G;GPV
1;;290;MANDARINE BIETRY;157876;456.0;260404;260404;G;GPV
1;;290;MANDARINE BIETRY;157873;769.0;260404;260404;G;GPV
1;;290;MANDARINE BIETRY;157870;3982.0;260404;260404;G;GPV
1;;290;MANDARINE BIETRY;157882;2202.0;260404;260404;G;GPV
1;;290;MANDARINE BIETRY;157881;417.0;260404;260404;G;GPV
1;;290;MANDARINE BIETRY;157886;13630.0;260404;260404;P;GPV
1;;290;MANDARINE BIETRY;157885;3943.0;260404;260404;G;GPV
1;;290;MANDARINE BIETRY;157884;3249.0;260404;260404;G;GPV
1;;290;MANDARINE BIETRY;157883;735.0;260404;260404;G;GPV
1;;291;MANDARINE DANGA;129541;2229.0;260404;260404;G;GPV
1;;291;MANDARINE DANGA;129542;1882.0;260404;260404;P;GPV
1;;291;MANDARINE DANGA;129543;1523.0;260404;260404;G;GPV
1;;291;MANDARINE DANGA;129545;1722.0;260404;260404;G;GPV
1;;291;MANDARINE DANGA;129544;3360.0;260404;260404;P;GPV
1;;291;MANDARINE DANGA;129546;10787.0;260404;260404;G;GPV
1;;291;MANDARINE DANGA;129549;922.0;260404;260404;G;GPV
1;;291;MANDARINE DANGA;129548;7454.0;260404;260404;G;GPV
1;;291;MANDARINE DANGA;129547;2146.0;260404;260404;G;GPV
1;;291;MANDARINE DANGA;129551;418.0;260404;260404;G;GPV
1;;291;MANDARINE DANGA;129550;1350.0;260404;260404;G;GPV
1;;291;MANDARINE DANGA;129553;1416.0;260404;260404;P;GPV
1;;291;MANDARINE DANGA;129552;848.0;260404;260404;G;GPV
1;;291;MANDARINE DANGA;129555;263.0;260404;260404;G;GPV
1;;291;MANDARINE DANGA;129554;1026.0;260404;260404;G;GPV
1;;291;MANDARINE DANGA;129559;1341.0;260404;260404;G;GPV
1;;291;MANDARINE DANGA;129557;278.0;260404;260404;G;GPV
1;;291;MANDARINE DANGA;129556;291.0;260404;260404;G;GPV
1;;291;MANDARINE DANGA;129561;5358.0;260404;260404;P;GPV
1;;291;MANDARINE DANGA;129560;6041.0;260404;260404;G;GPV
1;;291;MANDARINE DANGA;129565;908.0;260404;260404;P;GPV
1;;291;MANDARINE DANGA;129564;3974.0;260404;260404;P;GPV
1;;291;MANDARINE DANGA;129563;12269.0;260404;260404;G;GPV
1;;291;MANDARINE DANGA;129562;6382.0;260404;260404;G;GPV
1;;291;MANDARINE DANGA;129566;11716.0;260404;260404;G;GPV
1;;291;MANDARINE DANGA;129567;3016.0;260404;260404;G;GPV
1;;291;MANDARINE DANGA;129568;881.0;260404;260404;P;GPV
1;;291;MANDARINE DANGA;129569;10918.0;260404;260404;G;GPV
1;;291;MANDARINE DANGA;129570;4927.0;260404;260404;P;GPV
1;;293;MANDARINE AMBASSADE;66533;54.0;260404;260404;P;GPV
1;;293;MANDARINE AMBASSADE;66532;1530.0;260404;260404;G;GPV
1;;293;MANDARINE AMBASSADE;66531;802.0;260404;260404;G;GPV
1;;293;MANDARINE AMBASSADE;66530;1836.0;260404;260404;G;GPV
1;;293;MANDARINE AMBASSADE;66536;508.0;260404;260404;G;GPV
1;;293;MANDARINE AMBASSADE;66535;507.0;260404;260404;G;GPV
1;;293;MANDARINE AMBASSADE;66534;181.0;260404;260404;P;GPV
1;;293;MANDARINE AMBASSADE;66538;854.0;260404;260404;P;GPV
1;;293;MANDARINE AMBASSADE;66537;180.0;260404;260404;P;GPV
1;;293;MANDARINE AMBASSADE;66539;3953.0;260404;260404;G;GPV
1;;293;MANDARINE AMBASSADE;66541;1170.0;260404;260404;G;GPV
1;;293;MANDARINE AMBASSADE;66540;1668.0;260404;260404;G;GPV
1;;293;MANDARINE AMBASSADE;66543;1473.0;260404;260404;G;GPV
1;;293;MANDARINE AMBASSADE;66542;466.0;260404;260404;G;GPV
1;;293;MANDARINE AMBASSADE;66544;3177.0;260404;260404;P;GPV
1;;293;MANDARINE AMBASSADE;66546;1353.0;260404;260404;G;GPV
1;;293;MANDARINE AMBASSADE;66545;2557.0;260404;260404;G;GPV
1;;293;MANDARINE AMBASSADE;66547;2472.0;260404;260404;G;GPV
1;;293;MANDARINE AMBASSADE;66548;256.0;260404;260404;G;GPV
1;;293;MANDARINE AMBASSADE;66549;3233.0;260404;260404;G;GPV
1;;293;MANDARINE AMBASSADE;66550;3278.0;260404;260404;P;GPV
1;;293;MANDARINE AMBASSADE;66552;2242.0;260404;260404;G;GPV
1;;293;MANDARINE AMBASSADE;66551;1544.0;260404;260404;G;GPV
1;;295;CASINO ALLABRA;296140;484.0;260404;260404;G;GPV
1;;295;CASINO ALLABRA;296142;2103.0;260404;260404;G;GPV
1;;295;CASINO ALLABRA;296145;2533.0;260404;260404;G;GPV
1;;295;CASINO ALLABRA;296153;1569.0;260404;260404;G;GPV
1;;295;CASINO ALLABRA;296163;594.0;260404;260404;P;GPV
1;;295;CASINO ALLABRA;296162;24.0;260404;260404;G;GPV
1;;295;CASINO ALLABRA;296160;66.0;260404;260404;P;GPV
1;;295;CASINO ALLABRA;296158;433.0;260404;260404;P;GPV
1;;295;CASINO ALLABRA;296157;44.0;260404;260404;G;GPV
1;;295;CASINO ALLABRA;296156;178.0;260404;260404;P;GPV
1;;295;CASINO ALLABRA;296155;929.0;260404;260404;G;GPV
1;;295;CASINO ALLABRA;296164;384.0;260404;260404;P;GPV
1;;295;CASINO ALLABRA;296167;709.0;260404;260404;G;GPV
1;;295;CASINO ALLABRA;296166;1362.0;260404;260404;P;GPV
1;;295;CASINO ALLABRA;296165;94.0;260404;260404;G;GPV
1;;295;CASINO ALLABRA;296168;336.0;260404;260404;G;GPV
1;;295;CASINO ALLABRA;296170;592.0;260404;260404;G;GPV
1;;295;CASINO ALLABRA;296172;1041.0;260404;260404;G;GPV
1;;295;CASINO ALLABRA;296171;2319.0;260404;260404;G;GPV
1;;295;CASINO ALLABRA;296174;1812.0;260404;260404;P;GPV
1;;295;CASINO ALLABRA;296173;54.0;260404;260404;P;GPV
1;;295;CASINO ALLABRA;296176;2688.0;260404;260404;P;GPV
1;;295;CASINO ALLABRA;296175;10381.0;260404;260404;G;GPV
1;;295;CASINO ALLABRA;296177;5006.0;260404;260404;G;GPV
1;;295;CASINO ALLABRA;296180;264.0;260404;260404;P;GPV
1;;295;CASINO ALLABRA;296179;450.0;260404;260404;P;GPV
1;;295;CASINO ALLABRA;296178;134.0;260404;260404;P;GPV
1;;295;CASINO ALLABRA;296182;292.0;260404;260404;P;GPV
1;;295;CASINO ALLABRA;296181;782.0;260404;260404;G;GPV
1;;295;CASINO ALLABRA;296184;2290.0;260404;260404;G;GPV
1;;295;CASINO ALLABRA;296183;24.0;260404;260404;P;GPV
1;;295;CASINO ALLABRA;296189;72.0;260404;260404;P;GPV
1;;295;CASINO ALLABRA;296188;120.0;260404;260404;P;GPV
1;;295;CASINO ALLABRA;296187;360.0;260404;260404;P;GPV
1;;295;CASINO ALLABRA;296186;64.0;260404;260404;G;GPV
1;;295;CASINO ALLABRA;296185;3880.0;260404;260404;G;GPV
1;;295;CASINO ALLABRA;296193;56.0;260404;260404;P;GPV
1;;295;CASINO ALLABRA;296192;247.0;260404;260404;G;GPV
1;;295;CASINO ALLABRA;296191;8.0;260404;260404;P;GPV
1;;295;CASINO ALLABRA;296190;120.0;260404;260404;P;GPV
1;;295;CASINO ALLABRA;296195;390.0;260404;260404;G;GPV
1;;295;CASINO ALLABRA;296194;289.0;260404;260404;G;GPV
1;;295;CASINO ALLABRA;296199;48.0;260404;260404;P;GPV
1;;295;CASINO ALLABRA;296198;50.0;260404;260404;P;GPV
1;;295;CASINO ALLABRA;296197;444.0;260404;260404;G;GPV
1;;295;CASINO ALLABRA;296196;1407.0;260404;260404;G;GPV
1;;295;CASINO ALLABRA;296201;12.0;260404;260404;P;GPV
1;;295;CASINO ALLABRA;296200;704.0;260404;260404;G;GPV
1;;295;CASINO ALLABRA;296204;2142.0;260404;260404;G;GPV
1;;295;CASINO ALLABRA;296203;328.0;260404;260404;G;GPV
1;;295;CASINO ALLABRA;296202;24.0;260404;260404;P;GPV
1;;295;CASINO ALLABRA;296206;1772.0;260404;260404;G;GPV
1;;295;CASINO ALLABRA;296205;3856.0;260404;260404;G;GPV
1;;295;CASINO ALLABRA;296211;8.0;260404;260404;P;GPV
1;;295;CASINO ALLABRA;296210;60.0;260404;260404;P;GPV
1;;295;CASINO ALLABRA;296209;30.0;260404;260404;P;GPV
1;;295;CASINO ALLABRA;296208;48.0;260404;260404;P;GPV
1;;295;CASINO ALLABRA;296207;196.0;260404;260404;G;GPV
1;;295;CASINO ALLABRA;296214;3100.0;260404;260404;G;GPV
1;;295;CASINO ALLABRA;296213;500.0;260404;260404;G;GPV
1;;295;CASINO ALLABRA;296212;6.0;260404;260404;G;GPV
1;;295;CASINO ALLABRA;296219;749.0;260404;260404;G;GPV
1;;295;CASINO ALLABRA;296218;18.0;260404;260404;P;GPV
1;;295;CASINO ALLABRA;296217;12.0;260404;260404;P;GPV
1;;295;CASINO ALLABRA;296216;1541.0;260404;260404;G;GPV
1;;295;CASINO ALLABRA;296215;5.0;260404;260404;G;GPV
1;;295;CASINO ALLABRA;296226;252.0;260404;260404;G;GPV
1;;295;CASINO ALLABRA;296225;259.0;260404;260404;G;GPV
1;;295;CASINO ALLABRA;296224;36.0;260404;260404;P;GPV
1;;295;CASINO ALLABRA;296223;66.0;260404;260404;G;GPV
1;;295;CASINO ALLABRA;296222;48.0;260404;260404;P;GPV
1;;295;CASINO ALLABRA;296221;444.0;260404;260404;G;GPV
1;;295;CASINO ALLABRA;296220;36.0;260404;260404;G;GPV
1;;295;CASINO ALLABRA;296229;60.0;260404;260404;P;GPV
1;;295;CASINO ALLABRA;296228;12.0;260404;260404;P;GPV
1;;295;CASINO ALLABRA;296227;102.0;260404;260404;G;GPV
1;;295;CASINO ALLABRA;296233;710.0;260404;260404;G;GPV
1;;295;CASINO ALLABRA;296232;1122.0;260404;260404;G;GPV
1;;295;CASINO ALLABRA;296231;60.0;260404;260404;G;GPV
1;;295;CASINO ALLABRA;296230;788.0;260404;260404;G;GPV
1;;295;CASINO ALLABRA;296236;87.0;260404;260404;G;GPV
1;;295;CASINO ALLABRA;296235;494.0;260404;260404;G;GPV
1;;295;CASINO ALLABRA;296234;6.0;260404;260404;P;GPV
1;;295;CASINO ALLABRA;296239;12.0;260404;260404;G;GPV
1;;295;CASINO ALLABRA;296238;1106.0;260404;260404;G;GPV
1;;295;CASINO ALLABRA;296237;1.0;260404;260404;G;GPV
1;;295;CASINO ALLABRA;296242;8.0;260404;260404;G;GPV
1;;295;CASINO ALLABRA;296241;894.0;260404;260404;G;GPV
1;;295;CASINO ALLABRA;296245;280.0;260404;260404;G;GPV
1;;295;CASINO ALLABRA;296247;56.0;260404;260404;G;GPV
1;;295;CASINO ALLABRA;296284;1011.0;260404;260406;G;GPV
1;;295;CASINO ALLABRA;296283;8.0;260404;260406;G;GPV
1;;295;CASINO ALLABRA;296276;460.0;260404;260406;G;GPV
1;;301;S2P SOCOCE ZONE 3;103877;5180.0;260404;260404;G;GPV
1;;302;S2P HYPER U;291670;863.0;260404;260404;G;GPV
1;;302;S2P HYPER U;291673;150.0;260404;260404;P;GPV
1;;302;S2P HYPER U;291672;1206.0;260404;260404;P;GPV
1;;302;S2P HYPER U;291671;1512.0;260404;260404;G;GPV
1;;302;S2P HYPER U;291674;6692.0;260404;260404;P;GPV
1;;302;S2P HYPER U;291679;954.0;260404;260404;G;GPV
1;;302;S2P HYPER U;291680;1328.0;260404;260404;G;GPV
1;;302;S2P HYPER U;291685;173.0;260404;260404;P;GPV
1;;302;S2P HYPER U;291684;142.0;260404;260404;P;GPV
1;;302;S2P HYPER U;291683;515.0;260404;260404;P;GPV
1;;302;S2P HYPER U;291682;777.0;260404;260404;G;GPV
1;;302;S2P HYPER U;291686;348.0;260404;260404;G;GPV
1;;304;S2P SOCOCE DALOA;31703;885.0;260404;260404;P;GPV
1;;304;S2P SOCOCE DALOA;31702;9091.0;260404;260404;P;GPV
1;;304;S2P SOCOCE DALOA;31701;3812.0;260404;260404;G;GPV
1;;305;S2P SOCOCE RUE DES JARDIN;29205;3580.0;260404;260404;G;GPV
1;;305;S2P SOCOCE RUE DES JARDIN;29206;46926.0;260404;260404;G;GPV
1;;305;S2P SOCOCE RUE DES JARDIN;29207;35065.0;260404;260404;G;GPV
1;;305;S2P SOCOCE RUE DES JARDIN;29211;984.0;260404;260404;G;GPV
1;;306;S2P SOCOCE YAMOUSSOKRO;47710;2032.0;260404;260406;P;GPV
1;;306;S2P SOCOCE YAMOUSSOKRO;47706;1300.0;260404;260406;G;GPV
1;;306;S2P SOCOCE YAMOUSSOKRO;47705;357.0;260404;260406;G;GPV
1;;306;S2P SOCOCE YAMOUSSOKRO;47704;500.0;260404;260406;P;GPV
1;;306;S2P SOCOCE YAMOUSSOKRO;47703;689.0;260404;260406;G;GPV
1;;306;S2P SOCOCE YAMOUSSOKRO;47702;904.0;260404;260406;P;GPV
1;;306;S2P SOCOCE YAMOUSSOKRO;47701;1852.0;260404;260406;G;GPV
1;;306;S2P SOCOCE YAMOUSSOKRO;47700;288.0;260404;260406;G;GPV
1;;306;S2P SOCOCE YAMOUSSOKRO;47699;216.0;260404;260406;P;GPV
1;;306;S2P SOCOCE YAMOUSSOKRO;47698;1412.0;260404;260406;P;GPV
1;;306;S2P SOCOCE YAMOUSSOKRO;47697;674.0;260404;260406;P;GPV
1;;306;S2P SOCOCE YAMOUSSOKRO;47696;2924.0;260404;260406;G;GPV
1;;306;S2P SOCOCE YAMOUSSOKRO;47695;1577.0;260404;260406;G;GPV
1;;306;S2P SOCOCE YAMOUSSOKRO;47687;2791.0;260404;260406;G;GPV
1;;306;S2P SOCOCE YAMOUSSOKRO;47686;3660.0;260404;260406;G;GPV
1;;306;S2P SOCOCE YAMOUSSOKRO;47694;2928.0;260404;260406;G;GPV
1;;306;S2P SOCOCE YAMOUSSOKRO;47693;260.0;260404;260406;G;GPV
1;;306;S2P SOCOCE YAMOUSSOKRO;47691;1934.0;260404;260406;G;GPV
1;;306;S2P SOCOCE YAMOUSSOKRO;47689;6304.0;260404;260406;P;GPV
1;;306;S2P SOCOCE YAMOUSSOKRO;47688;588.0;260404;260406;P;GPV
1;;308;S2P SOCOCE ABOBO;10419;5973.0;260404;260404;G;GPV
1;;310;S2P ECOMARCHE SAN PEDRO;40271;6582.0;260404;260404;G;GPV
1;;310;S2P ECOMARCHE SAN PEDRO;40272;3653.0;260404;260404;G;GPV
1;;310;S2P ECOMARCHE SAN PEDRO;40273;1254.0;260404;260404;G;GPV
1;;310;S2P ECOMARCHE SAN PEDRO;40274;2487.0;260404;260404;G;GPV
1;;310;S2P ECOMARCHE SAN PEDRO;40275;5684.0;260404;260404;G;GPV
1;;310;S2P ECOMARCHE SAN PEDRO;40276;2646.0;260404;260404;G;GPV
1;;310;S2P ECOMARCHE SAN PEDRO;40277;666.0;260404;260404;G;GPV
1;;310;S2P ECOMARCHE SAN PEDRO;40278;1150.0;260404;260404;G;GPV
1;;310;S2P ECOMARCHE SAN PEDRO;40280;560.0;260404;260404;G;GPV
1;;310;S2P ECOMARCHE SAN PEDRO;40279;4369.0;260404;260404;G;GPV
1;;310;S2P ECOMARCHE SAN PEDRO;40281;1464.0;260404;260404;G;GPV
1;;310;S2P ECOMARCHE SAN PEDRO;40282;4911.0;260404;260404;G;GPV
1;;310;S2P ECOMARCHE SAN PEDRO;40283;5166.0;260404;260404;G;GPV
1;;310;S2P ECOMARCHE SAN PEDRO;40285;4644.0;260404;260404;G;GPV
1;;310;S2P ECOMARCHE SAN PEDRO;40284;2434.0;260404;260404;G;GPV
1;;310;S2P ECOMARCHE SAN PEDRO;40286;444.0;260404;260404;G;GPV
1;;310;S2P ECOMARCHE SAN PEDRO;40287;321.0;260404;260404;G;GPV
1;;310;S2P ECOMARCHE SAN PEDRO;40289;721.0;260404;260404;G;GPV
1;;310;S2P ECOMARCHE SAN PEDRO;40288;611.0;260404;260404;G;GPV
1;;310;S2P ECOMARCHE SAN PEDRO;40291;1322.0;260404;260404;P;GPV
1;;310;S2P ECOMARCHE SAN PEDRO;40290;2793.0;260404;260404;G;GPV
1;;310;S2P ECOMARCHE SAN PEDRO;40292;1369.0;260404;260404;P;GPV
1;;310;S2P ECOMARCHE SAN PEDRO;40294;325.0;260404;260404;G;GPV
1;;310;S2P ECOMARCHE SAN PEDRO;40293;2312.0;260404;260404;G;GPV
1;;310;S2P ECOMARCHE SAN PEDRO;40296;127.0;260404;260404;P;GPV
1;;310;S2P ECOMARCHE SAN PEDRO;40295;4927.0;260404;260404;G;GPV
1;;310;S2P ECOMARCHE SAN PEDRO;40299;222.0;260404;260404;G;GPV
1;;310;S2P ECOMARCHE SAN PEDRO;40298;163.0;260404;260404;G;GPV
1;;310;S2P ECOMARCHE SAN PEDRO;40297;180.0;260404;260404;G;GPV
1;;310;S2P ECOMARCHE SAN PEDRO;40300;723.0;260404;260404;G;GPV
1;;310;S2P ECOMARCHE SAN PEDRO;40301;128.0;260404;260404;G;GPV
1;;310;S2P ECOMARCHE SAN PEDRO;40302;3964.0;260404;260404;G;GPV
1;;310;S2P ECOMARCHE SAN PEDRO;40306;438.0;260404;260404;P;GPV
1;;310;S2P ECOMARCHE SAN PEDRO;40305;792.0;260404;260404;P;GPV
1;;310;S2P ECOMARCHE SAN PEDRO;40304;22.0;260404;260404;P;GPV
1;;310;S2P ECOMARCHE SAN PEDRO;40303;532.0;260404;260404;G;GPV
1;;310;S2P ECOMARCHE SAN PEDRO;40308;1661.0;260404;260404;P;GPV
1;;310;S2P ECOMARCHE SAN PEDRO;40307;116.0;260404;260404;P;GPV
1;;310;S2P ECOMARCHE SAN PEDRO;40312;1230.0;260404;260404;G;GPV
1;;310;S2P ECOMARCHE SAN PEDRO;40311;12669.0;260404;260404;G;GPV
1;;310;S2P ECOMARCHE SAN PEDRO;40310;716.0;260404;260404;P;GPV
1;;310;S2P ECOMARCHE SAN PEDRO;40309;2120.0;260404;260404;P;GPV
1;;310;S2P ECOMARCHE SAN PEDRO;40314;4821.0;260404;260404;P;GPV
1;;310;S2P ECOMARCHE SAN PEDRO;40313;594.0;260404;260404;G;GPV
1;;310;S2P ECOMARCHE SAN PEDRO;40315;2064.0;260404;260404;G;GPV
1;;310;S2P ECOMARCHE SAN PEDRO;40324;426.0;260404;260406;G;GPV
1;;310;S2P ECOMARCHE SAN PEDRO;40323;1449.0;260404;260406;G;GPV
1;;310;S2P ECOMARCHE SAN PEDRO;40321;232.0;260404;260406;G;GPV
1;;310;S2P ECOMARCHE SAN PEDRO;40317;399.0;260404;260406;P;GPV
1;;310;S2P ECOMARCHE SAN PEDRO;40316;346.0;260404;260406;G;GPV
1;;311;SOCOCE CHATEAU EAU;34412;5821.0;260404;260404;G;GPV
1;;311;SOCOCE CHATEAU EAU;34413;527.0;260404;260404;G;GPV
1;;311;SOCOCE CHATEAU EAU;34414;2220.0;260404;260404;G;GPV
1;;311;SOCOCE CHATEAU EAU;34417;14241.0;260404;260404;G;GPV
1;;311;SOCOCE CHATEAU EAU;34416;649.0;260404;260404;G;GPV
1;;311;SOCOCE CHATEAU EAU;34415;7732.0;260404;260404;G;GPV
1;;311;SOCOCE CHATEAU EAU;34418;3281.0;260404;260404;G;GPV
1;;312;S2P SOCOCE RIVIERA;28182;2405.0;260404;260404;G;GPV
1;;330;NESPRESSO CAP SUD;261053;936.0;260404;260404;G;GPV
1;;330;NESPRESSO CAP SUD;261051;300.0;260404;260404;G;GPV
1;;330;NESPRESSO CAP SUD;261050;7925.0;260404;260404;G;GPV
1;;330;NESPRESSO CAP SUD;261057;4.0;260404;260404;G;GPV
1;;330;NESPRESSO CAP SUD;261056;33.0;260404;260404;G;GPV
1;;330;NESPRESSO CAP SUD;261054;84.0;260404;260404;G;GPV
1;;335;NESPRESSO COSMOS;261039;270.0;260404;260404;G;GPV
1;;337;NESPRESSO DJIBI;261058;112.0;260404;260404;G;GPV
1;;337;NESPRESSO DJIBI;261055;200.0;260404;260404;G;GPV
1;;353;CIV ANGRE (P);39312;809.0;260404;260404;G;GPV
1;;353;CIV ANGRE (P);39311;1291.0;260404;260404;G;GPV
1;;353;CIV ANGRE (P);39310;246.0;260404;260404;G;GPV
1;;353;CIV ANGRE (P);39309;1798.0;260404;260404;G;GPV
1;;353;CIV ANGRE (P);39313;3251.0;260404;260404;G;GPV
1;;353;CIV ANGRE (P);39308;1027.0;260404;260404;G;GPV
1;;353;CIV ANGRE (P);39307;712.0;260404;260404;G;GPV
1;;353;CIV ANGRE (P);39306;1754.0;260404;260404;G;GPV
1;;353;CIV ANGRE (P);39316;929.0;260404;260404;P;GPV
1;;353;CIV ANGRE (P);39315;2111.0;260404;260404;P;GPV
1;;353;CIV ANGRE (P);39317;221.0;260404;260404;P;GPV
1;;353;CIV ANGRE (P);39314;3737.0;260404;260404;G;GPV
1;;353;CIV ANGRE (P);39318;450.0;260404;260404;P;GPV
1;;353;CIV ANGRE (P);39320;728.0;260404;260404;G;GPV
1;;353;CIV ANGRE (P);39319;1288.0;260404;260404;P;GPV
1;;353;CIV ANGRE (P);39322;2181.0;260404;260404;G;GPV
1;;353;CIV ANGRE (P);39323;1471.0;260404;260404;G;GPV
1;;354;CIV TOIT ROUGE (P);46007;2584.0;260404;260404;G;GPV
1;;354;CIV TOIT ROUGE (P);46006;3389.0;260404;260404;G;GPV
1;;354;CIV TOIT ROUGE (P);46009;3593.0;260404;260404;G;GPV
1;;354;CIV TOIT ROUGE (P);46010;619.0;260404;260404;P;GPV
1;;354;CIV TOIT ROUGE (P);46011;4324.0;260404;260404;P;GPV
1;;354;CIV TOIT ROUGE (P);46012;9095.0;260404;260404;G;GPV
1;;354;CIV TOIT ROUGE (P);46008;4525.0;260404;260404;G;GPV
1;;354;CIV TOIT ROUGE (P);46013;3919.0;260404;260404;G;GPV
1;;354;CIV TOIT ROUGE (P);46030;2660.0;260404;260407;G;GPV
1;;354;CIV TOIT ROUGE (P);46029;14074.0;260404;260407;G;GPV
1;;354;CIV TOIT ROUGE (P);46028;13012.0;260404;260407;G;GPV
1;;354;CIV TOIT ROUGE (P);46027;1128.0;260404;260407;G;GPV
1;;356;CIV COCODY (P);34690;26483.0;260404;260404;G;GPV
1;;356;CIV COCODY (P);34691;1418.0;260404;260404;G;GPV
1;;356;CIV COCODY (P);34695;1382.0;260404;260404;G;GPV
1;;356;CIV COCODY (P);34694;3575.0;260404;260404;G;GPV
1;;356;CIV COCODY (P);34693;1365.0;260404;260404;G;GPV
1;;356;CIV COCODY (P);34692;1229.0;260404;260404;G;GPV
1;;356;CIV COCODY (P);34696;1417.0;260404;260404;G;GPV
1;;356;CIV COCODY (P);34701;9151.0;260404;260404;G;GPV
1;;356;CIV COCODY (P);34700;2909.0;260404;260404;G;GPV
1;;356;CIV COCODY (P);34703;1660.0;260404;260404;G;GPV
1;;356;CIV COCODY (P);34702;817.0;260404;260404;G;GPV
1;;356;CIV COCODY (P);34704;1902.0;260404;260404;G;GPV
1;;356;CIV COCODY (P);34719;2082.0;260404;260406;G;GPV
1;;356;CIV COCODY (P);34718;7538.0;260404;260406;G;GPV
1;;357;CIV U REMBLAIS (P);34367;862.0;260404;260404;G;GPV
1;;357;CIV U REMBLAIS (P);34368;1677.0;260404;260404;G;GPV
1;;357;CIV U REMBLAIS (P);34369;2667.0;260404;260404;G;GPV
1;;357;CIV U REMBLAIS (P);34370;9224.0;260404;260404;G;GPV
1;;357;CIV U REMBLAIS (P);34371;540.0;260404;260406;G;GPV
1;;368;CIV SADIGUIBA (P) SYST U;36016;8191.0;260404;260404;G;GPV
1;;368;CIV SADIGUIBA (P) SYST U;36021;2723.0;260404;260404;G;GPV
1;;368;CIV SADIGUIBA (P) SYST U;36020;404.0;260404;260404;P;GPV
1;;368;CIV SADIGUIBA (P) SYST U;36019;3158.0;260404;260404;G;GPV
1;;368;CIV SADIGUIBA (P) SYST U;36018;1126.0;260404;260404;G;GPV
1;;368;CIV SADIGUIBA (P) SYST U;36017;3728.0;260404;260404;P;GPV
1;;368;CIV SADIGUIBA (P) SYST U;36023;5284.0;260404;260404;G;GPV
1;;368;CIV SADIGUIBA (P) SYST U;36022;1408.0;260404;260404;G;GPV
1;;368;CIV SADIGUIBA (P) SYST U;36025;6912.0;260404;260404;P;GPV
1;;368;CIV SADIGUIBA (P) SYST U;36024;7963.0;260404;260404;P;GPV
1;;368;CIV SADIGUIBA (P) SYST U;36028;6112.0;260404;260404;G;GPV
1;;368;CIV SADIGUIBA (P) SYST U;36029;441.0;260404;260404;G;GPV
1;;368;CIV SADIGUIBA (P) SYST U;36027;2351.0;260404;260404;G;GPV
1;;368;CIV SADIGUIBA (P) SYST U;36026;12095.0;260404;260404;G;GPV
1;;368;CIV SADIGUIBA (P) SYST U;36015;3613.0;260404;260404;G;GPV
1;;368;CIV SADIGUIBA (P) SYST U;36031;17685.0;260404;260404;P;GPV
1;;368;CIV SADIGUIBA (P) SYST U;36030;5444.0;260404;260404;G;GPV
1;;368;CIV SADIGUIBA (P) SYST U;36032;1235.0;260404;260404;G;GPV
1;;368;CIV SADIGUIBA (P) SYST U;36033;1156.0;260404;260404;G;GPV
1;;371;CIV ANANERAIE (P);16696;9817.0;260404;260404;G;GPV
1;;372;CIV YOP MAROC (P);41675;7654.0;260404;260404;G;GPV
1;;372;CIV YOP MAROC (P);41676;15.0;260404;260404;G;GPV
1;;372;CIV YOP MAROC (P);41677;820.0;260404;260404;G;GPV
1;;372;CIV YOP MAROC (P);41674;4314.0;260404;260404;G;GPV
1;;372;CIV YOP MAROC (P);41673;4.0;260404;260404;G;GPV
1;;372;CIV YOP MAROC (P);41678;1444.0;260404;260404;G;GPV
1;;372;CIV YOP MAROC (P);41680;1659.0;260404;260404;G;GPV
1;;372;CIV YOP MAROC (P);41679;1256.0;260404;260404;G;GPV
1;;372;CIV YOP MAROC (P);41682;13701.0;260404;260404;G;GPV
1;;372;CIV YOP MAROC (P);41683;3597.0;260404;260404;G;GPV
1;;372;CIV YOP MAROC (P);41684;190.0;260404;260404;G;GPV
1;;372;CIV YOP MAROC (P);41681;3600.0;260404;260404;G;GPV
1;;372;CIV YOP MAROC (P);41687;3447.0;260404;260404;P;GPV
1;;372;CIV YOP MAROC (P);41686;1508.0;260404;260404;G;GPV
1;;372;CIV YOP MAROC (P);41689;876.0;260404;260404;G;GPV
1;;372;CIV YOP MAROC (P);41688;269.0;260404;260404;P;GPV
1;;372;CIV YOP MAROC (P);41690;1560.0;260404;260404;P;GPV
1;;372;CIV YOP MAROC (P);41691;3777.0;260404;260404;G;GPV
1;;372;CIV YOP MAROC (P);41685;1183.0;260404;260404;G;GPV
1;;372;CIV YOP MAROC (P);41692;26914.0;260404;260404;G;GPV
1;;372;CIV YOP MAROC (P);41694;2168.0;260404;260404;G;GPV
1;;372;CIV YOP MAROC (P);41697;768.0;260404;260404;G;GPV
1;;372;CIV YOP MAROC (P);41696;909.0;260404;260404;P;GPV
1;;372;CIV YOP MAROC (P);41695;2490.0;260404;260404;P;GPV
1;;372;CIV YOP MAROC (P);41693;6362.0;260404;260404;G;GPV
1;;372;CIV YOP MAROC (P);41699;44.0;260404;260407;G;GPV
1;;376;CIV SICOGI (P);36159;639.0;260404;260404;G;GPV
1;;376;CIV SICOGI (P);36161;1549.0;260404;260404;P;GPV
1;;376;CIV SICOGI (P);36160;745.0;260404;260404;P;GPV
1;;376;CIV SICOGI (P);36164;3918.0;260404;260404;G;GPV
1;;376;CIV SICOGI (P);36163;2852.0;260404;260404;G;GPV
1;;376;CIV SICOGI (P);36162;1764.0;260404;260404;P;GPV
1;;376;CIV SICOGI (P);36165;3417.0;260404;260404;G;GPV
1;;376;CIV SICOGI (P);36167;2728.0;260404;260404;G;GPV
1;;376;CIV SICOGI (P);36166;5588.0;260404;260404;G;GPV
1;;376;CIV SICOGI (P);36168;1638.0;260404;260404;G;GPV
1;;376;CIV SICOGI (P);36169;966.0;260404;260404;G;GPV
1;;378;CIV DJE KONAN (P);20533;8450.0;260404;260404;G;GPV
1;;378;CIV DJE KONAN (P);20532;9660.0;260404;260404;G;GPV
1;;378;CIV DJE KONAN (P);20534;6383.0;260404;260404;G;GPV
1;;378;CIV DJE KONAN (P);20536;11685.0;260404;260404;G;GPV
1;;378;CIV DJE KONAN (P);20537;3223.0;260404;260404;G;GPV
1;;378;CIV DJE KONAN (P);20538;87235.0;260404;260404;G;GPV
1;;378;CIV DJE KONAN (P);20535;6082.0;260404;260404;G;GPV
1;;378;CIV DJE KONAN (P);20539;4747.0;260404;260404;G;GPV
1;;378;CIV DJE KONAN (P);20541;7351.0;260404;260404;G;GPV
1;;378;CIV DJE KONAN (P);20542;2822.0;260404;260406;G;GPV
1;;378;CIV DJE KONAN (P);20540;10714.0;260404;260406;G;GPV
1;;410;CIV BESSIKOI (P);28960;1099.0;260404;260404;G;GPV
1;;410;CIV BESSIKOI (P);28961;3306.0;260404;260404;G;GPV
1;;410;CIV BESSIKOI (P);28962;1744.0;260404;260404;G;GPV
1;;410;CIV BESSIKOI (P);28963;5198.0;260404;260404;G;GPV
1;;410;CIV BESSIKOI (P);28965;801.0;260404;260404;G;GPV
1;;410;CIV BESSIKOI (P);28964;4674.0;260404;260404;G;GPV
1;;411;CIV ANTENNE (P);27494;2273.0;260404;260404;G;GPV
1;;411;CIV ANTENNE (P);27493;1853.0;260404;260404;G;GPV
1;;411;CIV ANTENNE (P);27497;5089.0;260404;260404;P;GPV
1;;411;CIV ANTENNE (P);27496;11724.0;260404;260404;P;GPV
1;;411;CIV ANTENNE (P);27495;5355.0;260404;260404;G;GPV
1;;411;CIV ANTENNE (P);27499;7999.0;260404;260404;G;GPV
1;;411;CIV ANTENNE (P);27503;698.0;260404;260404;G;GPV
1;;411;CIV ANTENNE (P);27502;5212.0;260404;260404;G;GPV
1;;411;CIV ANTENNE (P);27501;2285.0;260404;260404;G;GPV
1;;411;CIV ANTENNE (P);27500;7935.0;260404;260404;G;GPV
1;;411;CIV ANTENNE (P);27498;3294.0;260404;260404;G;GPV
1;;411;CIV ANTENNE (P);27504;7574.0;260404;260404;G;GPV
1;;411;CIV ANTENNE (P);27506;2235.0;260404;260404;P;GPV
1;;411;CIV ANTENNE (P);27507;4435.0;260404;260404;G;GPV
1;;411;CIV ANTENNE (P);27509;4827.0;260404;260404;G;GPV
1;;411;CIV ANTENNE (P);27508;5376.0;260404;260404;G;GPV
1;;411;CIV ANTENNE (P);27505;2721.0;260404;260404;G;GPV
1;;411;CIV ANTENNE (P);27510;2559.0;260404;260404;G;GPV
1;;411;CIV ANTENNE (P);27511;8570.0;260404;260404;G;GPV
1;;412;CIV DOKUI (P);15499;6048.0;260404;260406;G;GPV
1;;414;CIV U PORT-BOUET (P);12517;2294.0;260404;260404;G;GPV
1;;414;CIV U PORT-BOUET (P);12516;7258.0;260404;260404;G;GPV
1;;414;CIV U PORT-BOUET (P);12518;21234.0;260404;260404;G;GPV
1;;414;CIV U PORT-BOUET (P);12519;7310.0;260404;260404;G;GPV
1;;414;CIV U PORT-BOUET (P);12520;5557.0;260404;260404;G;GPV
1;;414;CIV U PORT-BOUET (P);12521;12218.0;260404;260404;G;GPV
1;;414;CIV U PORT-BOUET (P);12524;4824.0;260404;260404;P;GPV
1;;414;CIV U PORT-BOUET (P);12523;5533.0;260404;260404;P;GPV
1;;414;CIV U PORT-BOUET (P);12525;8575.0;260404;260404;P;GPV
1;;414;CIV U PORT-BOUET (P);12526;5720.0;260404;260404;P;GPV
1;;414;CIV U PORT-BOUET (P);12527;1232.0;260404;260404;G;GPV
1;;035;HYPER HAYAT;333693;18.0;260405;260405;G;GPV
1;;035;HYPER HAYAT;333694;14862.0;260405;260405;G;GPV
1;;035;HYPER HAYAT;333696;7388.0;260405;260405;G;GPV
1;;035;HYPER HAYAT;333697;900.0;260405;260405;G;GPV
1;;035;HYPER HAYAT;333701;12.0;260405;260405;P;GPV
1;;035;HYPER HAYAT;333700;36.0;260405;260405;P;GPV
1;;035;HYPER HAYAT;333699;8654.0;260405;260405;G;GPV
1;;035;HYPER HAYAT;333698;690.0;260405;260405;G;GPV
1;;035;HYPER HAYAT;333706;769.0;260405;260405;G;GPV
1;;035;HYPER HAYAT;333705;22.0;260405;260405;G;GPV
1;;035;HYPER HAYAT;333704;501.0;260405;260405;G;GPV
1;;035;HYPER HAYAT;333703;11514.0;260405;260405;G;GPV
1;;035;HYPER HAYAT;333702;18.0;260405;260405;P;GPV
1;;035;HYPER HAYAT;333709;824.0;260405;260405;G;GPV
1;;035;HYPER HAYAT;333708;84.0;260405;260405;G;GPV
1;;035;HYPER HAYAT;333707;2699.0;260405;260405;G;GPV
1;;035;HYPER HAYAT;333711;50.0;260405;260405;G;GPV
1;;035;HYPER HAYAT;333713;532.0;260405;260405;G;GPV
1;;035;HYPER HAYAT;333712;795.0;260405;260405;G;GPV
1;;035;HYPER HAYAT;333715;21072.0;260405;260405;G;GPV
1;;035;HYPER HAYAT;333714;36.0;260405;260405;P;GPV
1;;035;HYPER HAYAT;333718;1132.0;260405;260405;G;GPV
1;;035;HYPER HAYAT;333717;24.0;260405;260405;P;GPV
1;;035;HYPER HAYAT;333716;420.0;260405;260405;G;GPV
1;;035;HYPER HAYAT;333719;1088.0;260405;260405;G;GPV
1;;035;HYPER HAYAT;333720;1589.0;260405;260405;G;GPV
1;;035;HYPER HAYAT;333722;6.0;260405;260405;G;GPV
1;;035;HYPER HAYAT;333721;2171.0;260405;260405;G;GPV
1;;035;HYPER HAYAT;333723;2928.0;260405;260405;G;GPV
1;;035;HYPER HAYAT;333725;488.0;260405;260405;G;GPV
1;;035;HYPER HAYAT;333726;6.0;260405;260405;G;GPV
1;;035;HYPER HAYAT;333728;615.0;260405;260405;G;GPV
1;;035;HYPER HAYAT;333727;2639.0;260405;260405;G;GPV
1;;035;HYPER HAYAT;333731;1104.0;260405;260405;G;GPV
1;;035;HYPER HAYAT;333730;1231.0;260405;260405;G;GPV
1;;035;HYPER HAYAT;333729;1933.0;260405;260405;G;GPV
1;;035;HYPER HAYAT;333733;4825.0;260405;260405;G;GPV
1;;035;HYPER HAYAT;333732;5386.0;260405;260405;G;GPV
1;;035;HYPER HAYAT;333734;3216.0;260405;260405;G;GPV
1;;035;HYPER HAYAT;333735;679.0;260405;260405;G;GPV
1;;035;HYPER HAYAT;333736;1519.0;260405;260405;G;GPV
1;;035;HYPER HAYAT;333737;112.0;260405;260405;G;GPV
1;;035;HYPER HAYAT;333738;282.0;260405;260405;G;GPV
1;;035;HYPER HAYAT;333739;180.0;260405;260405;G;GPV
1;;035;HYPER HAYAT;333740;96.0;260405;260405;P;GPV
1;;035;HYPER HAYAT;333741;8381.0;260405;260405;G;GPV
1;;035;HYPER HAYAT;333742;360.0;260405;260405;G;GPV
1;;035;HYPER HAYAT;333756;24.0;260405;260406;G;GPV
1;;035;HYPER HAYAT;333755;116.0;260405;260406;G;GPV
1;;035;HYPER HAYAT;333749;826.0;260405;260406;G;GPV
1;;035;HYPER HAYAT;333748;318.0;260405;260406;G;GPV
1;;035;HYPER HAYAT;333747;84.0;260405;260406;G;GPV
1;;035;HYPER HAYAT;333745;185.0;260405;260406;G;GPV
1;;100;CASINO 2 PLATEAUX;271636;4666.0;260405;260406;P;GPV
1;;100;CASINO 2 PLATEAUX;271635;140.0;260405;260406;G;GPV
1;;100;CASINO 2 PLATEAUX;271630;267.0;260405;260406;G;GPV
1;;100;CASINO 2 PLATEAUX;271629;7190.0;260405;260406;G;GPV
1;;100;CASINO 2 PLATEAUX;271621;3872.0;260405;260406;P;GPV
1;;100;CASINO 2 PLATEAUX;271620;226.0;260405;260406;P;GPV
1;;100;CASINO 2 PLATEAUX;271619;37.0;260405;260406;P;GPV
1;;100;CASINO 2 PLATEAUX;271618;240.0;260405;260406;G;GPV
1;;100;CASINO 2 PLATEAUX;271617;788.0;260405;260406;P;GPV
1;;100;CASINO 2 PLATEAUX;271616;225.0;260405;260406;P;GPV
1;;100;CASINO 2 PLATEAUX;271615;780.0;260405;260406;P;GPV
1;;100;CASINO 2 PLATEAUX;271614;930.0;260405;260406;P;GPV
1;;100;CASINO 2 PLATEAUX;271613;579.0;260405;260406;P;GPV
1;;100;CASINO 2 PLATEAUX;271612;6106.0;260405;260406;P;GPV
1;;100;CASINO 2 PLATEAUX;271611;540.0;260405;260406;G;GPV
1;;100;CASINO 2 PLATEAUX;271610;534.0;260405;260406;G;GPV
1;;100;CASINO 2 PLATEAUX;271609;698.0;260405;260406;G;GPV
1;;100;CASINO 2 PLATEAUX;271608;845.0;260405;260406;G;GPV
1;;100;CASINO 2 PLATEAUX;271607;1199.0;260405;260406;G;GPV
1;;100;CASINO 2 PLATEAUX;271606;808.0;260405;260406;G;GPV
1;;100;CASINO 2 PLATEAUX;271603;484.0;260405;260406;G;GPV
1;;100;CASINO 2 PLATEAUX;271602;156.0;260405;260406;G;GPV
1;;100;CASINO 2 PLATEAUX;271601;40.0;260405;260406;G;GPV
1;;120;MANDARINE GOLF;203851;1188.0;260405;260406;G;GPV
1;;120;MANDARINE GOLF;203850;188.0;260405;260406;G;GPV
1;;120;MANDARINE GOLF;203849;929.0;260405;260406;G;GPV
1;;120;MANDARINE GOLF;203848;900.0;260405;260406;G;GPV
1;;120;MANDARINE GOLF;203847;385.0;260405;260406;G;GPV
1;;235;SUPER U DJIBI;201902;6835.0;260405;260406;G;GPV
1;;235;SUPER U DJIBI;201895;3425.0;260405;260406;G;GPV
1;;235;SUPER U DJIBI;201894;3420.0;260405;260406;P;GPV
1;;235;SUPER U DJIBI;201893;5176.0;260405;260406;P;GPV
1;;250;GIFI ZONE 4;11426;11455.0;260405;260406;P;GPV
1;;250;GIFI ZONE 4;11425;8113.0;260405;260406;G;GPV
1;;250;GIFI ZONE 4;11424;10309.0;260405;260406;G;GPV
1;;250;GIFI ZONE 4;11423;2048.0;260405;260406;G;GPV
1;;290;MANDARINE BIETRY;157897;199.0;260405;260406;P;GPV
1;;290;MANDARINE BIETRY;157896;229.0;260405;260406;G;GPV
1;;295;CASINO ALLABRA;296299;18.0;260405;260406;P;GPV
1;;295;CASINO ALLABRA;296298;826.0;260405;260406;G;GPV
1;;295;CASINO ALLABRA;296297;787.0;260405;260406;G;GPV
1;;295;CASINO ALLABRA;296285;250.0;260405;260406;G;GPV
1;;306;S2P SOCOCE YAMOUSSOKRO;47727;732.0;260405;260406;G;GPV
1;;306;S2P SOCOCE YAMOUSSOKRO;47726;45.0;260405;260406;G;GPV
1;;306;S2P SOCOCE YAMOUSSOKRO;47725;11607.0;260405;260406;G;GPV
1;;306;S2P SOCOCE YAMOUSSOKRO;47723;1499.0;260405;260406;G;GPV
1;;306;S2P SOCOCE YAMOUSSOKRO;47721;667.0;260405;260406;G;GPV
1;;306;S2P SOCOCE YAMOUSSOKRO;47719;678.0;260405;260406;G;GPV
1;;306;S2P SOCOCE YAMOUSSOKRO;47714;6071.0;260405;260406;G;GPV
1;;306;S2P SOCOCE YAMOUSSOKRO;47713;6072.0;260405;260406;G;GPV
1;;306;S2P SOCOCE YAMOUSSOKRO;47712;18093.0;260405;260406;G;GPV
1;;308;S2P SOCOCE ABOBO;10428;20255.0;260405;260406;G;GPV
1;;310;S2P ECOMARCHE SAN PEDRO;40326;4747.0;260405;260406;G;GPV
1;;371;CIV ANANERAIE (P);16710;7397.0;260405;260406;G;GPV
1;;371;CIV ANANERAIE (P);16709;22552.0;260405;260406;G;GPV
1;;371;CIV ANANERAIE (P);16708;6819.0;260405;260406;G;GPV
1;;371;CIV ANANERAIE (P);16707;16025.0;260405;260406;G;GPV
1;;371;CIV ANANERAIE (P);16706;16990.0;260405;260406;G;GPV
1;;372;CIV YOP MAROC (P);41717;94.0;260405;260407;G;GPV
1;;372;CIV YOP MAROC (P);41716;12.0;260405;260407;G;GPV
1;;372;CIV YOP MAROC (P);41715;245.0;260405;260407;G;GPV
1;;372;CIV YOP MAROC (P);41714;812.0;260405;260407;G;GPV
1;;378;CIV DJE KONAN (P);20544;8392.0;260405;260406;G;GPV
1;;412;CIV DOKUI (P);15514;6544.0;260405;260406;G;GPV
1;;412;CIV DOKUI (P);15510;12609.0;260405;260406;G;GPV
1;;412;CIV DOKUI (P);15509;6774.0;260405;260406;G;GPV
1;;412;CIV DOKUI (P);15508;14487.0;260405;260406;G;GPV
1;;412;CIV DOKUI (P);15507;11288.0;260405;260406;G;GPV
1;;412;CIV DOKUI (P);15506;14696.0;260405;260406;G;GPV
1;;413;CIV AGOUTI (P);9689;4356.0;260405;260406;P;GPV
1;;413;CIV AGOUTI (P);9688;287.0;260405;260406;P;GPV
1;;413;CIV AGOUTI (P);9687;13647.0;260405;260406;G;GPV
1;;413;CIV AGOUTI (P);9686;4659.0;260405;260406;G;GPV
1;;413;CIV AGOUTI (P);9685;21905.0;260405;260406;P;GPV
1;;413;CIV AGOUTI (P);9684;10670.0;260405;260406;G;GPV
1;;413;CIV AGOUTI (P);9683;12360.0;260405;260406;G;GPV
1;;035;HYPER HAYAT;333764;12.0;260406;260406;P;GPV
1;;035;HYPER HAYAT;333763;754.0;260406;260406;G;GPV
1;;035;HYPER HAYAT;333762;4404.0;260406;260406;G;GPV
1;;035;HYPER HAYAT;333761;240.0;260406;260406;P;GPV
1;;035;HYPER HAYAT;333760;12.0;260406;260406;P;GPV
1;;035;HYPER HAYAT;333759;6.0;260406;260406;P;GPV
1;;035;HYPER HAYAT;333758;12.0;260406;260406;P;GPV
1;;035;HYPER HAYAT;333757;90.0;260406;260406;G;GPV
1;;035;HYPER HAYAT;333766;396.0;260406;260406;G;GPV
1;;035;HYPER HAYAT;333769;16.0;260406;260406;P;GPV
1;;035;HYPER HAYAT;333768;36.0;260406;260406;G;GPV
1;;035;HYPER HAYAT;333767;12.0;260406;260406;P;GPV
1;;035;HYPER HAYAT;333771;75.0;260406;260406;P;GPV
1;;035;HYPER HAYAT;333770;3535.0;260406;260406;G;GPV
1;;035;HYPER HAYAT;333772;64.0;260406;260406;P;GPV
1;;035;HYPER HAYAT;333773;1071.0;260406;260406;G;GPV
1;;035;HYPER HAYAT;333775;14.0;260406;260406;P;GPV
1;;035;HYPER HAYAT;333774;56.0;260406;260406;G;GPV
1;;035;HYPER HAYAT;333777;24.0;260406;260406;P;GPV
1;;035;HYPER HAYAT;333776;912.0;260406;260406;G;GPV
1;;035;HYPER HAYAT;333778;1070.0;260406;260406;G;GPV
1;;035;HYPER HAYAT;333780;1073.0;260406;260406;G;GPV
1;;035;HYPER HAYAT;333779;56.0;260406;260406;P;GPV
1;;035;HYPER HAYAT;333782;30.0;260406;260406;P;GPV
1;;035;HYPER HAYAT;333781;12.0;260406;260406;P;GPV
1;;035;HYPER HAYAT;333783;60.0;260406;260406;G;GPV
1;;035;HYPER HAYAT;333784;174.0;260406;260406;P;GPV
1;;035;HYPER HAYAT;333785;1539.0;260406;260406;G;GPV
1;;035;HYPER HAYAT;333786;68.0;260406;260406;G;GPV
1;;035;HYPER HAYAT;333787;28.0;260406;260406;P;GPV
1;;035;HYPER HAYAT;333788;782.0;260406;260406;G;GPV
1;;035;HYPER HAYAT;333791;27.0;260406;260406;P;GPV
1;;035;HYPER HAYAT;333790;5060.0;260406;260406;G;GPV
1;;035;HYPER HAYAT;333789;36.0;260406;260406;P;GPV
1;;035;HYPER HAYAT;333793;280.0;260406;260406;P;GPV
1;;035;HYPER HAYAT;333792;280.0;260406;260406;P;GPV
1;;035;HYPER HAYAT;333794;496.0;260406;260406;G;GPV
1;;035;HYPER HAYAT;333797;144.0;260406;260406;P;GPV
1;;035;HYPER HAYAT;333795;908.0;260406;260406;G;GPV
1;;035;HYPER HAYAT;333800;229.0;260406;260406;G;GPV
1;;035;HYPER HAYAT;333801;577.0;260406;260406;G;GPV
1;;035;HYPER HAYAT;333802;1099.0;260406;260406;G;GPV
1;;035;HYPER HAYAT;333803;720.0;260406;260406;P;GPV
1;;035;HYPER HAYAT;333804;329.0;260406;260406;G;GPV
1;;035;HYPER HAYAT;333805;32.0;260406;260406;P;GPV
1;;035;HYPER HAYAT;333806;1976.0;260406;260406;G;GPV
1;;035;HYPER HAYAT;333809;2834.0;260406;260406;G;GPV
1;;035;HYPER HAYAT;333808;2112.0;260406;260406;G;GPV
1;;035;HYPER HAYAT;333838;418.0;260406;260406;G;GPV
1;;035;HYPER HAYAT;333860;300.0;260406;260406;G;GPV
1;;035;HYPER HAYAT;333861;58.0;260406;260406;G;GPV
1;;035;HYPER HAYAT;333862;60.0;260406;260406;G;GPV
1;;035;HYPER HAYAT;333863;12.0;260406;260406;G;GPV
1;;035;HYPER HAYAT;333864;72.0;260406;260406;G;GPV
1;;035;HYPER HAYAT;333865;254.0;260406;260406;G;GPV
1;;035;HYPER HAYAT;333866;186.0;260406;260406;G;GPV
1;;035;HYPER HAYAT;333882;1068.0;260406;260406;P;GPV
1;;035;HYPER HAYAT;333897;102.0;260406;260406;G;GPV
1;;035;HYPER HAYAT;333899;28.0;260406;260406;G;GPV
1;;035;HYPER HAYAT;333901;28.0;260406;260406;G;GPV
1;;035;HYPER HAYAT;333948;24.0;260406;260407;G;GPV
1;;035;HYPER HAYAT;333946;84.0;260406;260407;P;GPV
1;;035;HYPER HAYAT;333945;90.0;260406;260407;P;GPV
1;;035;HYPER HAYAT;333944;406.0;260406;260407;G;GPV
1;;035;HYPER HAYAT;333932;36.0;260406;260407;G;GPV
1;;035;HYPER HAYAT;333915;96.0;260406;260407;P;GPV
1;;035;HYPER HAYAT;333914;1070.0;260406;260407;G;GPV
1;;035;HYPER HAYAT;333911;498.0;260406;260407;G;GPV
1;;035;HYPER HAYAT;333902;76.0;260406;260407;G;GPV
1;;080;MANDARINE MARCORY;120417;7662.0;260406;260406;G;GPV
1;;080;MANDARINE MARCORY;120418;2688.0;260406;260406;G;GPV
1;;080;MANDARINE MARCORY;120419;2432.0;260406;260406;G;GPV
1;;080;MANDARINE MARCORY;120420;5060.0;260406;260406;G;GPV
1;;080;MANDARINE MARCORY;120422;1048.0;260406;260406;P;GPV
1;;080;MANDARINE MARCORY;120421;1963.0;260406;260406;G;GPV
1;;080;MANDARINE MARCORY;120423;8373.0;260406;260406;G;GPV
1;;080;MANDARINE MARCORY;120437;7376.0;260406;260407;P;GPV
1;;080;MANDARINE MARCORY;120436;57.0;260406;260407;P;GPV
1;;080;MANDARINE MARCORY;120435;2491.0;260406;260407;P;GPV
1;;080;MANDARINE MARCORY;120434;3490.0;260406;260407;P;GPV
1;;080;MANDARINE MARCORY;120433;2901.0;260406;260407;G;GPV
1;;080;MANDARINE MARCORY;120432;1452.0;260406;260407;G;GPV
1;;080;MANDARINE MARCORY;120431;4950.0;260406;260407;G;GPV
1;;080;MANDARINE MARCORY;120430;1786.0;260406;260407;G;GPV
1;;080;MANDARINE MARCORY;120429;2311.0;260406;260407;G;GPV
1;;080;MANDARINE MARCORY;120428;4805.0;260406;260407;G;GPV
1;;080;MANDARINE MARCORY;120427;9065.0;260406;260407;G;GPV
1;;080;MANDARINE MARCORY;120426;3818.0;260406;260407;G;GPV
1;;080;MANDARINE MARCORY;120425;3706.0;260406;260407;G;GPV
1;;080;MANDARINE MARCORY;120424;5129.0;260406;260407;G;GPV
1;;100;CASINO 2 PLATEAUX;271646;630.0;260406;260406;G;GPV
1;;100;CASINO 2 PLATEAUX;271648;2330.0;260406;260406;P;GPV
1;;100;CASINO 2 PLATEAUX;271647;2958.0;260406;260406;G;GPV
1;;100;CASINO 2 PLATEAUX;271651;249.0;260406;260406;G;GPV
1;;100;CASINO 2 PLATEAUX;271652;7928.0;260406;260406;P;GPV
1;;100;CASINO 2 PLATEAUX;271656;142.0;260406;260406;G;GPV
1;;100;CASINO 2 PLATEAUX;271654;3005.0;260406;260406;G;GPV
1;;100;CASINO 2 PLATEAUX;271653;1364.0;260406;260406;G;GPV
1;;100;CASINO 2 PLATEAUX;271650;1487.0;260406;260406;G;GPV
1;;100;CASINO 2 PLATEAUX;271657;231.0;260406;260406;G;GPV
1;;100;CASINO 2 PLATEAUX;271660;2610.0;260406;260406;G;GPV
1;;100;CASINO 2 PLATEAUX;271658;111.0;260406;260406;G;GPV
1;;100;CASINO 2 PLATEAUX;271663;1891.0;260406;260406;G;GPV
1;;100;CASINO 2 PLATEAUX;271662;372.0;260406;260406;G;GPV
1;;100;CASINO 2 PLATEAUX;271661;554.0;260406;260406;G;GPV
1;;100;CASINO 2 PLATEAUX;271665;120.0;260406;260406;P;GPV
1;;100;CASINO 2 PLATEAUX;271664;62.0;260406;260406;P;GPV
1;;100;CASINO 2 PLATEAUX;271667;116.0;260406;260406;G;GPV
1;;100;CASINO 2 PLATEAUX;271666;2169.0;260406;260406;P;GPV
1;;100;CASINO 2 PLATEAUX;271668;1311.0;260406;260406;G;GPV
1;;100;CASINO 2 PLATEAUX;271670;92.0;260406;260406;P;GPV
1;;100;CASINO 2 PLATEAUX;271669;36.0;260406;260406;G;GPV
1;;100;CASINO 2 PLATEAUX;271672;614.0;260406;260406;G;GPV
1;;100;CASINO 2 PLATEAUX;271671;789.0;260406;260406;P;GPV
1;;100;CASINO 2 PLATEAUX;271673;239.0;260406;260406;G;GPV
1;;100;CASINO 2 PLATEAUX;271676;713.0;260406;260406;G;GPV
1;;100;CASINO 2 PLATEAUX;271687;295.0;260406;260406;G;GPV
1;;100;CASINO 2 PLATEAUX;271686;6017.0;260406;260406;G;GPV
1;;100;CASINO 2 PLATEAUX;271688;725.0;260406;260406;G;GPV
1;;100;CASINO 2 PLATEAUX;271691;8939.0;260406;260406;P;GPV
1;;100;CASINO 2 PLATEAUX;271689;747.0;260406;260406;P;GPV
1;;100;CASINO 2 PLATEAUX;271693;1424.0;260406;260406;G;GPV
1;;100;CASINO 2 PLATEAUX;271696;1324.0;260406;260406;G;GPV
1;;100;CASINO 2 PLATEAUX;271694;981.0;260406;260406;G;GPV
1;;100;CASINO 2 PLATEAUX;271698;620.0;260406;260406;G;GPV
1;;100;CASINO 2 PLATEAUX;271702;63.0;260406;260406;G;GPV
1;;100;CASINO 2 PLATEAUX;271701;64.0;260406;260406;P;GPV
1;;100;CASINO 2 PLATEAUX;271699;8689.0;260406;260406;G;GPV
1;;100;CASINO 2 PLATEAUX;271703;730.0;260406;260406;G;GPV
1;;100;CASINO 2 PLATEAUX;271705;4500.0;260406;260406;G;GPV
1;;100;CASINO 2 PLATEAUX;271704;437.0;260406;260406;G;GPV
1;;100;CASINO 2 PLATEAUX;271708;24.0;260406;260406;G;GPV
1;;100;CASINO 2 PLATEAUX;271707;102.0;260406;260406;G;GPV
1;;100;CASINO 2 PLATEAUX;271706;2380.0;260406;260406;G;GPV
1;;100;CASINO 2 PLATEAUX;271709;508.0;260406;260406;G;GPV
1;;100;CASINO 2 PLATEAUX;271715;705.0;260406;260406;G;GPV
1;;100;CASINO 2 PLATEAUX;271718;47.0;260406;260406;P;GPV
1;;100;CASINO 2 PLATEAUX;271717;416.0;260406;260406;P;GPV
1;;100;CASINO 2 PLATEAUX;271720;30.0;260406;260406;P;GPV
1;;100;CASINO 2 PLATEAUX;271723;194.0;260406;260406;G;GPV
1;;100;CASINO 2 PLATEAUX;271722;12.0;260406;260406;P;GPV
1;;100;CASINO 2 PLATEAUX;271724;1413.0;260406;260406;G;GPV
1;;100;CASINO 2 PLATEAUX;271725;2731.0;260406;260406;G;GPV
1;;100;CASINO 2 PLATEAUX;271726;1566.0;260406;260406;P;GPV
1;;100;CASINO 2 PLATEAUX;271730;3205.0;260406;260406;G;GPV
1;;100;CASINO 2 PLATEAUX;271729;1805.0;260406;260406;G;GPV
1;;100;CASINO 2 PLATEAUX;271732;74.0;260406;260406;G;GPV
1;;100;CASINO 2 PLATEAUX;271731;2028.0;260406;260406;G;GPV
1;;100;CASINO 2 PLATEAUX;271736;238.0;260406;260406;G;GPV
1;;100;CASINO 2 PLATEAUX;271737;1682.0;260406;260406;G;GPV
1;;100;CASINO 2 PLATEAUX;271738;1297.0;260406;260406;G;GPV
1;;100;CASINO 2 PLATEAUX;271741;204.0;260406;260406;G;GPV
1;;100;CASINO 2 PLATEAUX;271740;3496.0;260406;260406;P;GPV
1;;100;CASINO 2 PLATEAUX;271739;317.0;260406;260406;G;GPV
1;;100;CASINO 2 PLATEAUX;271742;4493.0;260406;260406;G;GPV
1;;100;CASINO 2 PLATEAUX;271744;1228.0;260406;260406;G;GPV
1;;100;CASINO 2 PLATEAUX;271746;120.0;260406;260406;G;GPV
1;;100;CASINO 2 PLATEAUX;271745;882.0;260406;260406;G;GPV
1;;100;CASINO 2 PLATEAUX;271748;28.0;260406;260406;P;GPV
1;;100;CASINO 2 PLATEAUX;271747;223.0;260406;260406;G;GPV
1;;100;CASINO 2 PLATEAUX;271794;576.0;260406;260407;P;GPV
1;;100;CASINO 2 PLATEAUX;271793;51.0;260406;260407;G;GPV
1;;100;CASINO 2 PLATEAUX;271792;208.0;260406;260407;G;GPV
1;;100;CASINO 2 PLATEAUX;271789;324.0;260406;260407;G;GPV
1;;100;CASINO 2 PLATEAUX;271776;180.0;260406;260407;G;GPV
1;;100;CASINO 2 PLATEAUX;271773;5.0;260406;260407;G;GPV
1;;100;CASINO 2 PLATEAUX;271761;6.0;260406;260407;P;GPV
1;;100;CASINO 2 PLATEAUX;271760;3700.0;260406;260407;G;GPV
1;;100;CASINO 2 PLATEAUX;271759;476.0;260406;260407;G;GPV
1;;100;CASINO 2 PLATEAUX;271758;36.0;260406;260407;P;GPV
1;;100;CASINO 2 PLATEAUX;271757;809.0;260406;260407;G;GPV
1;;100;CASINO 2 PLATEAUX;271756;342.0;260406;260407;G;GPV
1;;100;CASINO 2 PLATEAUX;271755;812.0;260406;260407;G;GPV
1;;100;CASINO 2 PLATEAUX;271754;261.0;260406;260407;G;GPV
1;;100;CASINO 2 PLATEAUX;271753;1602.0;260406;260407;G;GPV
1;;100;CASINO 2 PLATEAUX;271752;910.0;260406;260407;G;GPV
1;;100;CASINO 2 PLATEAUX;271751;1512.0;260406;260407;G;GPV
1;;100;CASINO 2 PLATEAUX;271750;239.0;260406;260407;G;GPV
1;;100;CASINO 2 PLATEAUX;271749;326.0;260406;260407;G;GPV
1;;120;MANDARINE GOLF;203853;1632.0;260406;260406;G;GPV
1;;120;MANDARINE GOLF;203852;1104.0;260406;260406;P;GPV
1;;120;MANDARINE GOLF;203854;737.0;260406;260406;G;GPV
1;;120;MANDARINE GOLF;203855;2450.0;260406;260406;G;GPV
1;;120;MANDARINE GOLF;203858;3457.0;260406;260406;P;GPV
1;;120;MANDARINE GOLF;203857;24.0;260406;260406;P;GPV
1;;120;MANDARINE GOLF;203856;4915.0;260406;260406;G;GPV
1;;120;MANDARINE GOLF;203863;3180.0;260406;260406;G;GPV
1;;120;MANDARINE GOLF;203862;3480.0;260406;260406;G;GPV
1;;120;MANDARINE GOLF;203864;731.0;260406;260406;G;GPV
1;;120;MANDARINE GOLF;203867;9660.0;260406;260406;P;GPV
1;;120;MANDARINE GOLF;203866;7256.0;260406;260406;G;GPV
1;;120;MANDARINE GOLF;203865;127.0;260406;260406;G;GPV
1;;120;MANDARINE GOLF;203869;1748.0;260406;260406;G;GPV
1;;120;MANDARINE GOLF;203868;8999.0;260406;260406;P;GPV
1;;120;MANDARINE GOLF;203870;1879.0;260406;260406;P;GPV
1;;120;MANDARINE GOLF;203872;973.0;260406;260406;P;GPV
1;;120;MANDARINE GOLF;203871;756.0;260406;260406;G;GPV
1;;120;MANDARINE GOLF;203873;1701.0;260406;260406;G;GPV
1;;120;MANDARINE GOLF;203876;10485.0;260406;260406;P;GPV
1;;120;MANDARINE GOLF;203875;1830.0;260406;260406;G;GPV
1;;120;MANDARINE GOLF;203874;2069.0;260406;260406;G;GPV
1;;120;MANDARINE GOLF;203878;1551.0;260406;260406;P;GPV
1;;120;MANDARINE GOLF;203877;1210.0;260406;260406;G;GPV
1;;120;MANDARINE GOLF;203880;6622.0;260406;260406;G;GPV
1;;120;MANDARINE GOLF;203879;2618.0;260406;260406;G;GPV
1;;120;MANDARINE GOLF;203881;412.0;260406;260406;P;GPV
1;;120;MANDARINE GOLF;203883;6717.0;260406;260406;G;GPV
1;;120;MANDARINE GOLF;203882;7714.0;260406;260406;G;GPV
1;;120;MANDARINE GOLF;203884;102.0;260406;260406;P;GPV
1;;120;MANDARINE GOLF;203885;2096.0;260406;260406;G;GPV
1;;120;MANDARINE GOLF;203888;184.0;260406;260406;G;GPV
1;;120;MANDARINE GOLF;203887;4631.0;260406;260406;G;GPV
1;;120;MANDARINE GOLF;203886;2187.0;260406;260406;P;GPV
1;;120;MANDARINE GOLF;203889;20.0;260406;260406;P;GPV
1;;120;MANDARINE GOLF;203892;16807.0;260406;260406;G;GPV
1;;120;MANDARINE GOLF;203891;226.0;260406;260406;P;GPV
1;;120;MANDARINE GOLF;203890;5145.0;260406;260406;G;GPV
1;;120;MANDARINE GOLF;203895;1244.0;260406;260406;G;GPV
1;;120;MANDARINE GOLF;203894;798.0;260406;260406;P;GPV
1;;120;MANDARINE GOLF;203893;1379.0;260406;260406;G;GPV
1;;120;MANDARINE GOLF;203898;622.0;260406;260406;G;GPV
1;;120;MANDARINE GOLF;203897;2506.0;260406;260406;G;GPV
1;;120;MANDARINE GOLF;203896;14628.0;260406;260406;G;GPV
1;;120;MANDARINE GOLF;203899;2172.0;260406;260406;G;GPV
1;;120;MANDARINE GOLF;203901;437.0;260406;260406;G;GPV
1;;120;MANDARINE GOLF;203900;1641.0;260406;260406;P;GPV
1;;120;MANDARINE GOLF;203902;338.0;260406;260406;P;GPV
1;;120;MANDARINE GOLF;203907;17780.0;260406;260406;P;GPV
1;;120;MANDARINE GOLF;203906;4156.0;260406;260406;P;GPV
1;;120;MANDARINE GOLF;203905;12396.0;260406;260406;P;GPV
1;;120;MANDARINE GOLF;203904;4398.0;260406;260406;G;GPV
1;;120;MANDARINE GOLF;203903;301.0;260406;260406;G;GPV
1;;120;MANDARINE GOLF;203908;5078.0;260406;260406;G;GPV
1;;120;MANDARINE GOLF;203909;294.0;260406;260406;G;GPV
1;;120;MANDARINE GOLF;203912;766.0;260406;260406;G;GPV
1;;120;MANDARINE GOLF;203911;366.0;260406;260406;G;GPV
1;;120;MANDARINE GOLF;203914;952.0;260406;260406;G;GPV
1;;120;MANDARINE GOLF;203913;3636.0;260406;260406;G;GPV
1;;120;MANDARINE GOLF;203915;5670.0;260406;260406;G;GPV
1;;120;MANDARINE GOLF;203920;13829.0;260406;260406;P;GPV
1;;120;MANDARINE GOLF;203919;9285.0;260406;260406;P;GPV
1;;120;MANDARINE GOLF;203918;715.0;260406;260406;G;GPV
1;;120;MANDARINE GOLF;203917;121.0;260406;260406;G;GPV
1;;120;MANDARINE GOLF;203916;1584.0;260406;260406;P;GPV
1;;120;MANDARINE GOLF;203925;178.0;260406;260406;G;GPV
1;;120;MANDARINE GOLF;203924;834.0;260406;260406;G;GPV
1;;120;MANDARINE GOLF;203923;2132.0;260406;260406;P;GPV
1;;120;MANDARINE GOLF;203922;7609.0;260406;260406;P;GPV
1;;120;MANDARINE GOLF;203921;1034.0;260406;260406;G;GPV
1;;120;MANDARINE GOLF;203929;984.0;260406;260406;P;GPV
1;;120;MANDARINE GOLF;203928;576.0;260406;260406;P;GPV
1;;120;MANDARINE GOLF;203927;206.0;260406;260406;P;GPV
1;;120;MANDARINE GOLF;203926;1796.0;260406;260406;P;GPV
1;;120;MANDARINE GOLF;203933;3870.0;260406;260406;G;GPV
1;;120;MANDARINE GOLF;203932;799.0;260406;260406;G;GPV
1;;120;MANDARINE GOLF;203931;252.0;260406;260406;P;GPV
1;;120;MANDARINE GOLF;203930;36.0;260406;260406;P;GPV
1;;120;MANDARINE GOLF;203938;3178.0;260406;260406;P;GPV
1;;120;MANDARINE GOLF;203937;54.0;260406;260406;P;GPV
1;;120;MANDARINE GOLF;203936;78.0;260406;260406;P;GPV
1;;120;MANDARINE GOLF;203935;252.0;260406;260406;P;GPV
1;;120;MANDARINE GOLF;203934;967.0;260406;260406;P;GPV
1;;120;MANDARINE GOLF;203940;72.0;260406;260406;P;GPV
1;;120;MANDARINE GOLF;203939;704.0;260406;260406;P;GPV
1;;120;MANDARINE GOLF;203941;771.0;260406;260406;P;GPV
1;;120;MANDARINE GOLF;203944;1750.0;260406;260406;P;GPV
1;;120;MANDARINE GOLF;203942;3879.0;260406;260406;G;GPV
1;;120;MANDARINE GOLF;203949;78.0;260406;260406;P;GPV
1;;120;MANDARINE GOLF;203948;44.0;260406;260406;P;GPV
1;;120;MANDARINE GOLF;203946;760.0;260406;260406;G;GPV
1;;120;MANDARINE GOLF;203945;144.0;260406;260406;P;GPV
1;;120;MANDARINE GOLF;203954;74.0;260406;260406;P;GPV
1;;120;MANDARINE GOLF;203953;292.0;260406;260406;P;GPV
1;;120;MANDARINE GOLF;203952;60.0;260406;260406;P;GPV
1;;120;MANDARINE GOLF;203951;240.0;260406;260406;P;GPV
1;;120;MANDARINE GOLF;203950;60.0;260406;260406;P;GPV
1;;120;MANDARINE GOLF;203957;100.0;260406;260406;P;GPV
1;;120;MANDARINE GOLF;203956;506.0;260406;260406;P;GPV
1;;120;MANDARINE GOLF;203955;6.0;260406;260406;P;GPV
1;;120;MANDARINE GOLF;203960;48.0;260406;260406;G;GPV
1;;120;MANDARINE GOLF;203965;10498.0;260406;260407;G;GPV
1;;220;SUPER U PLATEAU;195974;8494.0;260406;260406;G;GPV
1;;220;SUPER U PLATEAU;195980;5389.0;260406;260406;G;GPV
1;;220;SUPER U PLATEAU;195982;334.0;260406;260406;P;GPV
1;;220;SUPER U PLATEAU;195983;24402.0;260406;260406;P;GPV
1;;220;SUPER U PLATEAU;195984;5665.0;260406;260406;P;GPV
1;;220;SUPER U PLATEAU;195986;1714.0;260406;260406;P;GPV
1;;220;SUPER U PLATEAU;195985;1226.0;260406;260406;G;GPV
1;;220;SUPER U PLATEAU;195988;902.0;260406;260406;G;GPV
1;;220;SUPER U PLATEAU;195987;2248.0;260406;260406;P;GPV
1;;220;SUPER U PLATEAU;195989;4798.0;260406;260406;G;GPV
1;;220;SUPER U PLATEAU;195991;1714.0;260406;260406;P;GPV
1;;220;SUPER U PLATEAU;195994;948.0;260406;260406;P;GPV
1;;220;SUPER U PLATEAU;195993;1748.0;260406;260406;G;GPV
1;;220;SUPER U PLATEAU;195992;2179.0;260406;260406;G;GPV
1;;220;SUPER U PLATEAU;195995;557.0;260406;260406;P;GPV
1;;220;SUPER U PLATEAU;195996;340.0;260406;260406;G;GPV
1;;220;SUPER U PLATEAU;195997;138.0;260406;260406;P;GPV
1;;220;SUPER U PLATEAU;195998;128.0;260406;260406;G;GPV
1;;220;SUPER U PLATEAU;196000;350.0;260406;260406;P;GPV
1;;220;SUPER U PLATEAU;195999;1003.0;260406;260406;G;GPV
1;;220;SUPER U PLATEAU;196001;460.0;260406;260406;G;GPV
1;;220;SUPER U PLATEAU;196002;559.0;260406;260406;G;GPV
1;;220;SUPER U PLATEAU;196003;3680.0;260406;260406;G;GPV
1;;220;SUPER U PLATEAU;196004;200.0;260406;260406;P;GPV
1;;220;SUPER U PLATEAU;196005;4320.0;260406;260406;G;GPV
1;;235;SUPER U DJIBI;201920;421.0;260406;260406;G;GPV
1;;235;SUPER U DJIBI;201921;442.0;260406;260406;G;GPV
1;;235;SUPER U DJIBI;201928;11616.0;260406;260406;G;GPV
1;;235;SUPER U DJIBI;201931;695.0;260406;260406;G;GPV
1;;235;SUPER U DJIBI;201930;3560.0;260406;260406;G;GPV
1;;235;SUPER U DJIBI;201934;4883.0;260406;260406;G;GPV
1;;235;SUPER U DJIBI;201933;309.0;260406;260406;P;GPV
1;;235;SUPER U DJIBI;201932;22814.0;260406;260406;G;GPV
1;;235;SUPER U DJIBI;201938;1086.0;260406;260406;P;GPV
1;;235;SUPER U DJIBI;201937;2062.0;260406;260406;P;GPV
1;;235;SUPER U DJIBI;201935;3703.0;260406;260406;G;GPV
1;;235;SUPER U DJIBI;201940;1280.0;260406;260406;P;GPV
1;;235;SUPER U DJIBI;201939;9677.0;260406;260406;G;GPV
1;;235;SUPER U DJIBI;201941;4268.0;260406;260406;G;GPV
1;;235;SUPER U DJIBI;201944;1694.0;260406;260406;P;GPV
1;;235;SUPER U DJIBI;201943;668.0;260406;260406;P;GPV
1;;235;SUPER U DJIBI;201942;126.0;260406;260406;P;GPV
1;;235;SUPER U DJIBI;201948;445.0;260406;260406;G;GPV
1;;235;SUPER U DJIBI;201951;4013.0;260406;260406;P;GPV
1;;235;SUPER U DJIBI;201950;3230.0;260406;260406;G;GPV
1;;235;SUPER U DJIBI;201952;906.0;260406;260406;G;GPV
1;;235;SUPER U DJIBI;201955;4250.0;260406;260406;P;GPV
1;;235;SUPER U DJIBI;201954;220.0;260406;260406;P;GPV
1;;235;SUPER U DJIBI;201953;11348.0;260406;260406;P;GPV
1;;235;SUPER U DJIBI;201957;1939.0;260406;260406;P;GPV
1;;235;SUPER U DJIBI;201956;1995.0;260406;260406;G;GPV
1;;235;SUPER U DJIBI;201960;4518.0;260406;260406;P;GPV
1;;235;SUPER U DJIBI;201959;1448.0;260406;260406;P;GPV
1;;235;SUPER U DJIBI;201958;11202.0;260406;260406;G;GPV
1;;235;SUPER U DJIBI;201963;5233.0;260406;260406;P;GPV
1;;235;SUPER U DJIBI;201962;1780.0;260406;260406;P;GPV
1;;235;SUPER U DJIBI;201961;1521.0;260406;260406;P;GPV
1;;235;SUPER U DJIBI;201964;1998.0;260406;260406;G;GPV
1;;235;SUPER U DJIBI;201965;13755.0;260406;260406;P;GPV
1;;235;SUPER U DJIBI;201968;7901.0;260406;260406;G;GPV
1;;235;SUPER U DJIBI;201971;58.0;260406;260406;P;GPV
1;;235;SUPER U DJIBI;201970;1104.0;260406;260406;P;GPV
1;;235;SUPER U DJIBI;201969;296.0;260406;260406;P;GPV
1;;235;SUPER U DJIBI;201973;413.0;260406;260406;G;GPV
1;;235;SUPER U DJIBI;201972;347.0;260406;260406;P;GPV
1;;235;SUPER U DJIBI;201974;1700.0;260406;260406;G;GPV
1;;235;SUPER U DJIBI;201976;1613.0;260406;260406;P;GPV
1;;235;SUPER U DJIBI;201975;5063.0;260406;260406;G;GPV
1;;235;SUPER U DJIBI;201977;2544.0;260406;260406;G;GPV
1;;235;SUPER U DJIBI;201978;764.0;260406;260406;P;GPV
1;;235;SUPER U DJIBI;201982;1122.0;260406;260406;P;GPV
1;;235;SUPER U DJIBI;201981;534.0;260406;260406;P;GPV
1;;235;SUPER U DJIBI;201980;777.0;260406;260406;P;GPV
1;;235;SUPER U DJIBI;201979;2221.0;260406;260406;G;GPV
1;;235;SUPER U DJIBI;201983;7257.0;260406;260406;P;GPV
1;;235;SUPER U DJIBI;201987;224.0;260406;260406;G;GPV
1;;235;SUPER U DJIBI;201986;4777.0;260406;260406;P;GPV
1;;235;SUPER U DJIBI;201989;2175.0;260406;260406;G;GPV
1;;235;SUPER U DJIBI;201991;738.0;260406;260406;P;GPV
1;;235;SUPER U DJIBI;201992;2837.0;260406;260406;P;GPV
1;;235;SUPER U DJIBI;201993;1029.0;260406;260406;P;GPV
1;;235;SUPER U DJIBI;201994;4226.0;260406;260406;G;GPV
1;;235;SUPER U DJIBI;201996;3997.0;260406;260406;G;GPV
1;;235;SUPER U DJIBI;202002;239.0;260406;260406;G;GPV
1;;235;SUPER U DJIBI;202006;2362.0;260406;260407;G;GPV
1;;235;SUPER U DJIBI;202003;535.0;260406;260407;G;GPV
1;;250;GIFI ZONE 4;11427;533.0;260406;260406;G;GPV
1;;261;MONOP' COCODY AMBASSADE;37437;1236.0;260406;260406;G;GPV
1;;261;MONOP' COCODY AMBASSADE;37438;419.0;260406;260406;P;GPV
1;;261;MONOP' COCODY AMBASSADE;37439;1513.0;260406;260406;G;GPV
1;;261;MONOP' COCODY AMBASSADE;37440;214.0;260406;260406;G;GPV
1;;261;MONOP' COCODY AMBASSADE;37441;2533.0;260406;260406;G;GPV
1;;261;MONOP' COCODY AMBASSADE;37442;4052.0;260406;260406;G;GPV
1;;261;MONOP' COCODY AMBASSADE;37444;1003.0;260406;260406;G;GPV
1;;261;MONOP' COCODY AMBASSADE;37443;1618.0;260406;260406;G;GPV
1;;261;MONOP' COCODY AMBASSADE;37445;1714.0;260406;260406;G;GPV
1;;261;MONOP' COCODY AMBASSADE;37446;1157.0;260406;260406;G;GPV
1;;261;MONOP' COCODY AMBASSADE;37448;3204.0;260406;260406;P;GPV
1;;261;MONOP' COCODY AMBASSADE;37447;568.0;260406;260406;G;GPV
1;;261;MONOP' COCODY AMBASSADE;37449;702.0;260406;260406;P;GPV
1;;281;MANDARINE ANGRE;37551;156.0;260406;260406;P;GPV
1;;281;MANDARINE ANGRE;37550;226.0;260406;260406;P;GPV
1;;281;MANDARINE ANGRE;37549;168.0;260406;260406;G;GPV
1;;281;MANDARINE ANGRE;37548;4682.0;260406;260406;G;GPV
1;;281;MANDARINE ANGRE;37552;857.0;260406;260406;G;GPV
1;;281;MANDARINE ANGRE;37559;993.0;260406;260406;G;GPV
1;;281;MANDARINE ANGRE;37560;152.0;260406;260406;G;GPV
1;;281;MANDARINE ANGRE;37561;1557.0;260406;260406;G;GPV
1;;281;MANDARINE ANGRE;37562;656.0;260406;260406;P;GPV
1;;281;MANDARINE ANGRE;37563;2947.0;260406;260406;P;GPV
1;;281;MANDARINE ANGRE;37564;394.0;260406;260406;G;GPV
1;;281;MANDARINE ANGRE;37567;13708.0;260406;260406;G;GPV
1;;281;MANDARINE ANGRE;37566;10976.0;260406;260406;G;GPV
1;;281;MANDARINE ANGRE;37570;6928.0;260406;260407;G;GPV
1;;281;MANDARINE ANGRE;37569;4102.0;260406;260407;G;GPV
1;;281;MANDARINE ANGRE;37568;2946.0;260406;260407;P;GPV
1;;290;MANDARINE BIETRY;157923;1510.0;260406;260406;G;GPV
1;;290;MANDARINE BIETRY;157940;16265.0;260406;260406;G;GPV
1;;290;MANDARINE BIETRY;157941;1056.0;260406;260406;G;GPV
1;;290;MANDARINE BIETRY;157945;8043.0;260406;260406;G;GPV
1;;290;MANDARINE BIETRY;157944;889.0;260406;260406;G;GPV
1;;290;MANDARINE BIETRY;157943;13209.0;260406;260406;G;GPV
1;;290;MANDARINE BIETRY;157946;8987.0;260406;260406;G;GPV
1;;290;MANDARINE BIETRY;157948;340.0;260406;260406;G;GPV
1;;290;MANDARINE BIETRY;157947;5353.0;260406;260406;P;GPV
1;;290;MANDARINE BIETRY;157950;6429.0;260406;260406;P;GPV
1;;290;MANDARINE BIETRY;157954;1434.0;260406;260406;G;GPV
1;;290;MANDARINE BIETRY;157967;1304.0;260406;260406;G;GPV
1;;290;MANDARINE BIETRY;157990;3696.0;260406;260407;P;GPV
1;;290;MANDARINE BIETRY;157989;2248.0;260406;260407;G;GPV
1;;290;MANDARINE BIETRY;157985;7345.0;260406;260407;G;GPV
1;;290;MANDARINE BIETRY;157981;514.0;260406;260407;G;GPV
1;;290;MANDARINE BIETRY;157976;98.0;260406;260407;P;GPV
1;;290;MANDARINE BIETRY;157975;1889.0;260406;260407;P;GPV
1;;291;MANDARINE DANGA;129594;2040.0;260406;260406;P;GPV
1;;291;MANDARINE DANGA;129596;19364.0;260406;260406;G;GPV
1;;291;MANDARINE DANGA;129595;718.0;260406;260406;G;GPV
1;;291;MANDARINE DANGA;129598;6257.0;260406;260406;G;GPV
1;;291;MANDARINE DANGA;129597;945.0;260406;260406;G;GPV
1;;291;MANDARINE DANGA;129599;7391.0;260406;260406;G;GPV
1;;291;MANDARINE DANGA;129600;2083.0;260406;260406;P;GPV
1;;291;MANDARINE DANGA;129602;210.0;260406;260406;G;GPV
1;;291;MANDARINE DANGA;129627;5249.0;260406;260407;P;GPV
1;;291;MANDARINE DANGA;129626;930.0;260406;260407;P;GPV
1;;291;MANDARINE DANGA;129625;9270.0;260406;260407;G;GPV
1;;291;MANDARINE DANGA;129624;608.0;260406;260407;G;GPV
1;;293;MANDARINE AMBASSADE;66592;72.0;260406;260406;P;GPV
1;;293;MANDARINE AMBASSADE;66591;3517.0;260406;260406;G;GPV
1;;293;MANDARINE AMBASSADE;66593;1917.0;260406;260406;G;GPV
1;;293;MANDARINE AMBASSADE;66595;1424.0;260406;260406;G;GPV
1;;293;MANDARINE AMBASSADE;66594;788.0;260406;260406;P;GPV
1;;293;MANDARINE AMBASSADE;66599;990.0;260406;260406;G;GPV
1;;293;MANDARINE AMBASSADE;66600;1100.0;260406;260406;G;GPV
1;;293;MANDARINE AMBASSADE;66601;1847.0;260406;260406;G;GPV
1;;293;MANDARINE AMBASSADE;66602;1695.0;260406;260406;G;GPV
1;;293;MANDARINE AMBASSADE;66631;1306.0;260406;260407;P;GPV
1;;293;MANDARINE AMBASSADE;66630;2022.0;260406;260407;G;GPV
1;;293;MANDARINE AMBASSADE;66629;2443.0;260406;260407;G;GPV
1;;293;MANDARINE AMBASSADE;66628;3080.0;260406;260407;G;GPV
1;;293;MANDARINE AMBASSADE;66627;4362.0;260406;260407;G;GPV
1;;293;MANDARINE AMBASSADE;66626;10281.0;260406;260407;P;GPV
1;;293;MANDARINE AMBASSADE;66625;2279.0;260406;260407;P;GPV
1;;293;MANDARINE AMBASSADE;66624;7268.0;260406;260407;G;GPV
1;;293;MANDARINE AMBASSADE;66623;15172.0;260406;260407;G;GPV
1;;293;MANDARINE AMBASSADE;66622;6009.0;260406;260407;G;GPV
1;;293;MANDARINE AMBASSADE;66621;12935.0;260406;260407;G;GPV
1;;293;MANDARINE AMBASSADE;66620;697.0;260406;260407;G;GPV
1;;293;MANDARINE AMBASSADE;66619;422.0;260406;260407;G;GPV
1;;293;MANDARINE AMBASSADE;66618;1401.0;260406;260407;P;GPV
1;;293;MANDARINE AMBASSADE;66617;202.0;260406;260407;P;GPV
1;;293;MANDARINE AMBASSADE;66616;171.0;260406;260407;P;GPV
1;;293;MANDARINE AMBASSADE;66615;2089.0;260406;260407;G;GPV
1;;293;MANDARINE AMBASSADE;66614;3950.0;260406;260407;G;GPV
1;;293;MANDARINE AMBASSADE;66613;1284.0;260406;260407;G;GPV
1;;293;MANDARINE AMBASSADE;66612;1514.0;260406;260407;G;GPV
1;;293;MANDARINE AMBASSADE;66611;4333.0;260406;260407;G;GPV
1;;295;CASINO ALLABRA;296306;568.0;260406;260406;P;GPV
1;;295;CASINO ALLABRA;296305;1994.0;260406;260406;P;GPV
1;;295;CASINO ALLABRA;296304;1377.0;260406;260406;G;GPV
1;;295;CASINO ALLABRA;296307;3933.0;260406;260406;G;GPV
1;;295;CASINO ALLABRA;296310;392.0;260406;260406;P;GPV
1;;295;CASINO ALLABRA;296309;9585.0;260406;260406;G;GPV
1;;295;CASINO ALLABRA;296313;145.0;260406;260406;P;GPV
1;;295;CASINO ALLABRA;296312;108.0;260406;260406;P;GPV
1;;295;CASINO ALLABRA;296311;1682.0;260406;260406;G;GPV
1;;295;CASINO ALLABRA;296316;172.0;260406;260406;P;GPV
1;;295;CASINO ALLABRA;296315;1276.0;260406;260406;P;GPV
1;;295;CASINO ALLABRA;296314;152.0;260406;260406;P;GPV
1;;295;CASINO ALLABRA;296318;48.0;260406;260406;P;GPV
1;;295;CASINO ALLABRA;296317;8372.0;260406;260406;G;GPV
1;;295;CASINO ALLABRA;296319;876.0;260406;260406;G;GPV
1;;295;CASINO ALLABRA;296320;182.0;260406;260406;G;GPV
1;;295;CASINO ALLABRA;296321;360.0;260406;260406;G;GPV
1;;295;CASINO ALLABRA;296325;180.0;260406;260406;G;GPV
1;;295;CASINO ALLABRA;296328;2008.0;260406;260406;G;GPV
1;;295;CASINO ALLABRA;296327;8751.0;260406;260406;G;GPV
1;;295;CASINO ALLABRA;296330;50.0;260406;260406;P;GPV
1;;295;CASINO ALLABRA;296329;180.0;260406;260406;P;GPV
1;;295;CASINO ALLABRA;296332;60.0;260406;260406;P;GPV
1;;295;CASINO ALLABRA;296331;271.0;260406;260406;P;GPV
1;;295;CASINO ALLABRA;296334;24.0;260406;260406;P;GPV
1;;295;CASINO ALLABRA;296333;372.0;260406;260406;P;GPV
1;;295;CASINO ALLABRA;296335;911.0;260406;260406;G;GPV
1;;295;CASINO ALLABRA;296336;124.0;260406;260406;G;GPV
1;;295;CASINO ALLABRA;296338;48.0;260406;260406;G;GPV
1;;295;CASINO ALLABRA;296337;2686.0;260406;260406;G;GPV
1;;295;CASINO ALLABRA;296340;60.0;260406;260406;P;GPV
1;;295;CASINO ALLABRA;296339;944.0;260406;260406;G;GPV
1;;295;CASINO ALLABRA;296342;3892.0;260406;260406;G;GPV
1;;295;CASINO ALLABRA;296341;3423.0;260406;260406;G;GPV
1;;295;CASINO ALLABRA;296343;270.0;260406;260406;P;GPV
1;;295;CASINO ALLABRA;296345;226.0;260406;260406;P;GPV
1;;295;CASINO ALLABRA;296344;118.0;260406;260406;G;GPV
1;;295;CASINO ALLABRA;296346;15831.0;260406;260406;G;GPV
1;;295;CASINO ALLABRA;296348;198.0;260406;260406;G;GPV
1;;295;CASINO ALLABRA;296352;2843.0;260406;260406;G;GPV
1;;295;CASINO ALLABRA;296356;12.0;260406;260406;P;GPV
1;;295;CASINO ALLABRA;296354;12.0;260406;260406;P;GPV
1;;295;CASINO ALLABRA;296360;15.0;260406;260406;P;GPV
1;;295;CASINO ALLABRA;296359;15.0;260406;260406;P;GPV
1;;295;CASINO ALLABRA;296368;548.0;260406;260406;G;GPV
1;;295;CASINO ALLABRA;296367;24.0;260406;260406;P;GPV
1;;295;CASINO ALLABRA;296366;4421.0;260406;260406;G;GPV
1;;295;CASINO ALLABRA;296364;432.0;260406;260406;G;GPV
1;;295;CASINO ALLABRA;296371;168.0;260406;260406;G;GPV
1;;295;CASINO ALLABRA;296370;20.0;260406;260406;P;GPV
1;;295;CASINO ALLABRA;296374;677.0;260406;260406;P;GPV
1;;295;CASINO ALLABRA;296373;6.0;260406;260406;P;GPV
1;;295;CASINO ALLABRA;296372;1284.0;260406;260406;G;GPV
1;;295;CASINO ALLABRA;296381;48.0;260406;260406;P;GPV
1;;295;CASINO ALLABRA;296380;12.0;260406;260406;P;GPV
1;;295;CASINO ALLABRA;296378;973.0;260406;260406;G;GPV
1;;295;CASINO ALLABRA;296383;3516.0;260406;260406;G;GPV
1;;295;CASINO ALLABRA;296382;3352.0;260406;260406;G;GPV
1;;295;CASINO ALLABRA;296385;1862.0;260406;260406;G;GPV
1;;295;CASINO ALLABRA;296384;74.0;260406;260406;P;GPV
1;;295;CASINO ALLABRA;296388;1130.0;260406;260406;G;GPV
1;;295;CASINO ALLABRA;296387;378.0;260406;260406;G;GPV
1;;295;CASINO ALLABRA;296386;24.0;260406;260406;P;GPV
1;;295;CASINO ALLABRA;296391;367.0;260406;260406;G;GPV
1;;295;CASINO ALLABRA;296394;40.0;260406;260406;P;GPV
1;;295;CASINO ALLABRA;296393;329.0;260406;260406;G;GPV
1;;295;CASINO ALLABRA;296392;278.0;260406;260406;G;GPV
1;;295;CASINO ALLABRA;296395;264.0;260406;260406;G;GPV
1;;295;CASINO ALLABRA;296396;308.0;260406;260406;G;GPV
1;;295;CASINO ALLABRA;296399;516.0;260406;260406;G;GPV
1;;295;CASINO ALLABRA;296398;1033.0;260406;260406;G;GPV
1;;295;CASINO ALLABRA;296397;572.0;260406;260406;P;GPV
1;;295;CASINO ALLABRA;296400;144.0;260406;260406;P;GPV
1;;295;CASINO ALLABRA;296403;506.0;260406;260406;P;GPV
1;;295;CASINO ALLABRA;296402;18.0;260406;260406;P;GPV
1;;295;CASINO ALLABRA;296401;89.0;260406;260406;P;GPV
1;;295;CASINO ALLABRA;296406;12.0;260406;260406;P;GPV
1;;295;CASINO ALLABRA;296405;6880.0;260406;260406;P;GPV
1;;295;CASINO ALLABRA;296404;112.0;260406;260406;P;GPV
1;;295;CASINO ALLABRA;296407;12050.0;260406;260406;G;GPV
1;;295;CASINO ALLABRA;296452;1294.0;260406;260406;P;GPV
1;;295;CASINO ALLABRA;296451;1062.0;260406;260406;P;GPV
1;;295;CASINO ALLABRA;296450;1220.0;260406;260406;P;GPV
1;;295;CASINO ALLABRA;296449;835.0;260406;260406;G;GPV
1;;295;CASINO ALLABRA;296454;72.0;260406;260406;P;GPV
1;;295;CASINO ALLABRA;296453;1396.0;260406;260406;G;GPV
1;;295;CASINO ALLABRA;296493;332.0;260406;260407;G;GPV
1;;295;CASINO ALLABRA;296486;1104.0;260406;260407;G;GPV
1;;295;CASINO ALLABRA;296479;12788.0;260406;260407;P;GPV
1;;295;CASINO ALLABRA;296478;320.0;260406;260407;G;GPV
1;;301;S2P SOCOCE ZONE 3;103905;3544.0;260406;260406;G;GPV
1;;301;S2P SOCOCE ZONE 3;103911;1635.0;260406;260406;G;GPV
1;;301;S2P SOCOCE ZONE 3;103913;845.0;260406;260406;G;GPV
1;;301;S2P SOCOCE ZONE 3;103915;1469.0;260406;260406;P;GPV
1;;301;S2P SOCOCE ZONE 3;103919;840.0;260406;260406;G;GPV
1;;301;S2P SOCOCE ZONE 3;103920;914.0;260406;260406;G;GPV
1;;301;S2P SOCOCE ZONE 3;103922;6489.0;260406;260406;P;GPV
1;;301;S2P SOCOCE ZONE 3;103921;1024.0;260406;260406;G;GPV
1;;301;S2P SOCOCE ZONE 3;103923;2439.0;260406;260406;P;GPV
1;;301;S2P SOCOCE ZONE 3;103924;2592.0;260406;260406;G;GPV
1;;301;S2P SOCOCE ZONE 3;103925;3103.0;260406;260406;G;GPV
1;;301;S2P SOCOCE ZONE 3;103927;2115.0;260406;260406;G;GPV
1;;301;S2P SOCOCE ZONE 3;103930;11377.0;260406;260406;P;GPV
1;;301;S2P SOCOCE ZONE 3;103928;6376.0;260406;260406;G;GPV
1;;301;S2P SOCOCE ZONE 3;103932;2804.0;260406;260406;P;GPV
1;;301;S2P SOCOCE ZONE 3;103931;978.0;260406;260406;P;GPV
1;;302;S2P HYPER U;291881;332.0;260406;260406;G;GPV
1;;302;S2P HYPER U;291884;422.0;260406;260406;G;GPV
1;;302;S2P HYPER U;291883;14122.0;260406;260406;G;GPV
1;;302;S2P HYPER U;291895;2308.0;260406;260406;P;GPV
1;;302;S2P HYPER U;291894;274.0;260406;260406;P;GPV
1;;302;S2P HYPER U;291893;12.0;260406;260406;P;GPV
1;;302;S2P HYPER U;291890;1668.0;260406;260406;G;GPV
1;;302;S2P HYPER U;291901;12.0;260406;260406;P;GPV
1;;302;S2P HYPER U;291900;3634.0;260406;260406;G;GPV
1;;302;S2P HYPER U;291904;96.0;260406;260406;P;GPV
1;;302;S2P HYPER U;291903;3100.0;260406;260406;G;GPV
1;;302;S2P HYPER U;291905;1163.0;260406;260406;G;GPV
1;;302;S2P HYPER U;291908;112.0;260406;260406;P;GPV
1;;302;S2P HYPER U;291907;408.0;260406;260406;P;GPV
1;;302;S2P HYPER U;291906;932.0;260406;260406;P;GPV
1;;302;S2P HYPER U;291909;2485.0;260406;260406;P;GPV
1;;302;S2P HYPER U;291910;1531.0;260406;260406;G;GPV
1;;302;S2P HYPER U;291911;90.0;260406;260406;P;GPV
1;;302;S2P HYPER U;291912;1825.0;260406;260406;G;GPV
1;;302;S2P HYPER U;291916;3500.0;260406;260406;G;GPV
1;;302;S2P HYPER U;291918;2961.0;260406;260406;G;GPV
1;;302;S2P HYPER U;291920;300.0;260406;260406;P;GPV
1;;302;S2P HYPER U;291919;1008.0;260406;260406;P;GPV
1;;302;S2P HYPER U;291922;120.0;260406;260406;P;GPV
1;;302;S2P HYPER U;291921;1250.0;260406;260406;G;GPV
1;;302;S2P HYPER U;291925;40.0;260406;260406;P;GPV
1;;302;S2P HYPER U;291924;292.0;260406;260406;G;GPV
1;;302;S2P HYPER U;291928;90.0;260406;260406;P;GPV
1;;302;S2P HYPER U;291927;128.0;260406;260406;P;GPV
1;;302;S2P HYPER U;291926;1999.0;260406;260406;G;GPV
1;;302;S2P HYPER U;291929;608.0;260406;260406;P;GPV
1;;302;S2P HYPER U;291931;8.0;260406;260406;P;GPV
1;;302;S2P HYPER U;291930;684.0;260406;260406;G;GPV
1;;302;S2P HYPER U;291933;1358.0;260406;260406;G;GPV
1;;302;S2P HYPER U;291935;1612.0;260406;260406;P;GPV
1;;302;S2P HYPER U;291934;216.0;260406;260406;G;GPV
1;;302;S2P HYPER U;291936;16462.0;260406;260406;G;GPV
1;;302;S2P HYPER U;291937;606.0;260406;260406;G;GPV
1;;302;S2P HYPER U;291938;1736.0;260406;260406;G;GPV
1;;302;S2P HYPER U;291945;3260.0;260406;260406;G;GPV
1;;302;S2P HYPER U;291950;36.0;260406;260406;P;GPV
1;;302;S2P HYPER U;291949;204.0;260406;260406;G;GPV
1;;302;S2P HYPER U;291951;6.0;260406;260406;P;GPV
1;;302;S2P HYPER U;291953;168.0;260406;260406;P;GPV
1;;302;S2P HYPER U;291960;199.0;260406;260406;P;GPV
1;;302;S2P HYPER U;291959;136.0;260406;260406;P;GPV
1;;302;S2P HYPER U;291957;1144.0;260406;260406;P;GPV
1;;302;S2P HYPER U;291956;1090.0;260406;260406;P;GPV
1;;302;S2P HYPER U;291963;390.0;260406;260406;P;GPV
1;;302;S2P HYPER U;291962;1814.0;260406;260406;P;GPV
1;;302;S2P HYPER U;291965;3668.0;260406;260406;P;GPV
1;;302;S2P HYPER U;291964;408.0;260406;260406;P;GPV
1;;302;S2P HYPER U;291970;2336.0;260406;260406;G;GPV
1;;302;S2P HYPER U;291974;4935.0;260406;260406;P;GPV
1;;302;S2P HYPER U;291972;244.0;260406;260406;P;GPV
1;;302;S2P HYPER U;291979;621.0;260406;260406;G;GPV
1;;302;S2P HYPER U;291985;7122.0;260406;260406;G;GPV
1;;302;S2P HYPER U;291989;134.0;260406;260406;P;GPV
1;;302;S2P HYPER U;291992;2807.0;260406;260406;G;GPV
1;;302;S2P HYPER U;291993;2260.0;260406;260406;G;GPV
1;;302;S2P HYPER U;291995;67.0;260406;260406;P;GPV
1;;302;S2P HYPER U;291994;208.0;260406;260406;P;GPV
1;;303;S2P SOCOCE BOUAKE;22841;7081.0;260406;260406;P;GPV
1;;303;S2P SOCOCE BOUAKE;22840;16386.0;260406;260406;G;GPV
1;;303;S2P SOCOCE BOUAKE;22842;3139.0;260406;260406;P;GPV
1;;303;S2P SOCOCE BOUAKE;22843;5485.0;260406;260406;P;GPV
1;;306;S2P SOCOCE YAMOUSSOKRO;47728;1312.0;260406;260406;G;GPV
1;;306;S2P SOCOCE YAMOUSSOKRO;47730;1733.0;260406;260406;G;GPV
1;;308;S2P SOCOCE ABOBO;10431;1052.0;260406;260406;G;GPV
1;;308;S2P SOCOCE ABOBO;10432;2824.0;260406;260406;G;GPV
1;;308;S2P SOCOCE ABOBO;10433;16930.0;260406;260406;G;GPV
1;;308;S2P SOCOCE ABOBO;10435;6929.0;260406;260406;G;GPV
1;;308;S2P SOCOCE ABOBO;10437;11035.0;260406;260406;G;GPV
1;;308;S2P SOCOCE ABOBO;10439;2192.0;260406;260406;G;GPV
1;;308;S2P SOCOCE ABOBO;10438;10347.0;260406;260406;G;GPV
1;;308;S2P SOCOCE ABOBO;10440;5383.0;260406;260406;G;GPV
1;;309;S2P SUPERETTE SOCOCE BOUA;5607;3515.0;260406;260406;G;GPV
1;;312;S2P SOCOCE RIVIERA;28197;5216.0;260406;260406;G;GPV
1;;312;S2P SOCOCE RIVIERA;28199;25081.0;260406;260406;G;GPV
1;;312;S2P SOCOCE RIVIERA;28198;3228.0;260406;260406;G;GPV
1;;353;CIV ANGRE (P);39358;4353.0;260406;260407;G;GPV
1;;353;CIV ANGRE (P);39357;587.0;260406;260407;G;GPV
1;;353;CIV ANGRE (P);39356;816.0;260406;260407;G;GPV
1;;353;CIV ANGRE (P);39355;1168.0;260406;260407;G;GPV
1;;353;CIV ANGRE (P);39354;1235.0;260406;260407;G;GPV
1;;353;CIV ANGRE (P);39353;4880.0;260406;260407;G;GPV
1;;353;CIV ANGRE (P);39352;394.0;260406;260407;G;GPV
1;;353;CIV ANGRE (P);39351;2318.0;260406;260407;G;GPV
1;;353;CIV ANGRE (P);39350;667.0;260406;260407;G;GPV
1;;353;CIV ANGRE (P);39349;1879.0;260406;260407;G;GPV
1;;353;CIV ANGRE (P);39348;648.0;260406;260407;G;GPV
1;;354;CIV TOIT ROUGE (P);46049;1836.0;260406;260407;G;GPV
1;;354;CIV TOIT ROUGE (P);46048;1602.0;260406;260407;P;GPV
1;;354;CIV TOIT ROUGE (P);46051;4227.0;260406;260407;G;GPV
1;;354;CIV TOIT ROUGE (P);46050;221.0;260406;260407;G;GPV
1;;354;CIV TOIT ROUGE (P);46046;2543.0;260406;260407;G;GPV
1;;354;CIV TOIT ROUGE (P);46045;3254.0;260406;260407;G;GPV
1;;354;CIV TOIT ROUGE (P);46044;1418.0;260406;260407;G;GPV
1;;354;CIV TOIT ROUGE (P);46043;1767.0;260406;260407;P;GPV
1;;354;CIV TOIT ROUGE (P);46042;4824.0;260406;260407;G;GPV
1;;356;CIV COCODY (P);34734;2923.0;260406;260407;G;GPV
1;;356;CIV COCODY (P);34733;8877.0;260406;260407;P;GPV
1;;368;CIV SADIGUIBA (P) SYST U;36050;4396.0;260406;260407;G;GPV
1;;368;CIV SADIGUIBA (P) SYST U;36049;7482.0;260406;260407;G;GPV
1;;371;CIV ANANERAIE (P);16713;9007.0;260406;260406;G;GPV
1;;371;CIV ANANERAIE (P);16714;3248.0;260406;260406;G;GPV
1;;371;CIV ANANERAIE (P);16712;7285.0;260406;260406;G;GPV
1;;371;CIV ANANERAIE (P);16715;15449.0;260406;260406;G;GPV
1;;372;CIV YOP MAROC (P);41731;6250.0;260406;260406;G;GPV
1;;372;CIV YOP MAROC (P);41733;1579.0;260406;260407;P;GPV
1;;372;CIV YOP MAROC (P);41732;580.0;260406;260407;G;GPV
1;;372;CIV YOP MAROC (P);41734;5273.0;260406;260407;G;GPV
1;;372;CIV YOP MAROC (P);41730;6.0;260406;260407;G;GPV
1;;376;CIV SICOGI (P);36204;1967.0;260406;260406;G;GPV
1;;376;CIV SICOGI (P);36205;2715.0;260406;260406;P;GPV
1;;376;CIV SICOGI (P);36206;2976.0;260406;260406;G;GPV
1;;376;CIV SICOGI (P);36216;465.0;260406;260407;P;GPV
1;;376;CIV SICOGI (P);36215;9460.0;260406;260407;G;GPV
1;;376;CIV SICOGI (P);36214;5383.0;260406;260407;G;GPV
1;;376;CIV SICOGI (P);36213;1893.0;260406;260407;P;GPV
1;;376;CIV SICOGI (P);36211;7783.0;260406;260407;P;GPV
1;;376;CIV SICOGI (P);36210;2399.0;260406;260407;P;GPV
1;;376;CIV SICOGI (P);36203;805.0;260406;260407;G;GPV
1;;376;CIV SICOGI (P);36202;1960.0;260406;260407;G;GPV
1;;376;CIV SICOGI (P);36201;4164.0;260406;260407;G;GPV
1;;410;CIV BESSIKOI (P);29010;454.0;260406;260407;P;GPV
1;;410;CIV BESSIKOI (P);29009;8848.0;260406;260407;G;GPV
1;;410;CIV BESSIKOI (P);29007;4088.0;260406;260407;G;GPV
1;;410;CIV BESSIKOI (P);28984;29349.0;260406;260407;P;GPV
1;;410;CIV BESSIKOI (P);28975;4742.0;260406;260407;P;GPV
1;;410;CIV BESSIKOI (P);28974;3059.0;260406;260407;P;GPV
1;;410;CIV BESSIKOI (P);28973;4630.0;260406;260407;P;GPV
1;;410;CIV BESSIKOI (P);28972;44014.0;260406;260407;P;GPV
1;;410;CIV BESSIKOI (P);28971;2176.0;260406;260407;P;GPV
1;;410;CIV BESSIKOI (P);28970;4558.0;260406;260407;G;GPV
1;;410;CIV BESSIKOI (P);28968;16168.0;260406;260407;G;GPV
1;;410;CIV BESSIKOI (P);28967;10823.0;260406;260407;G;GPV
1;;411;CIV ANTENNE (P);27542;1423.0;260406;260407;P;GPV
1;;411;CIV ANTENNE (P);27541;3935.0;260406;260407;G;GPV
1;;411;CIV ANTENNE (P);27540;7539.0;260406;260407;G;GPV
1;;411;CIV ANTENNE (P);27539;14335.0;260406;260407;G;GPV
1;;411;CIV ANTENNE (P);27538;3407.0;260406;260407;G;GPV
1;;411;CIV ANTENNE (P);27532;4595.0;260406;260407;P;GPV
1;;411;CIV ANTENNE (P);27530;3914.0;260406;260407;G;GPV
1;;411;CIV ANTENNE (P);27528;8065.0;260406;260407;P;GPV
1;;411;CIV ANTENNE (P);27529;2976.0;260406;260407;G;GPV
1;;411;CIV ANTENNE (P);27526;1909.0;260406;260407;G;GPV
1;;411;CIV ANTENNE (P);27525;8306.0;260406;260407;G;GPV
1;;411;CIV ANTENNE (P);27527;10490.0;260406;260407;G;GPV
1;;412;CIV DOKUI (P);15516;16034.0;260406;260406;G;GPV
1;;413;CIV AGOUTI (P);9690;4708.0;260406;260406;G;GPV
1;;413;CIV AGOUTI (P);9691;2073.0;260406;260406;G;GPV
1;;413;CIV AGOUTI (P);9692;3773.0;260406;260406;G;GPV
1;;413;CIV AGOUTI (P);9694;9173.0;260406;260406;P;GPV
1;;413;CIV AGOUTI (P);9693;8801.0;260406;260406;P;GPV
1;;413;CIV AGOUTI (P);9695;2050.0;260406;260406;G;GPV
1;;413;CIV AGOUTI (P);9696;1414.0;260406;260406;G;GPV
1;;413;CIV AGOUTI (P);9697;10251.0;260406;260406;G;GPV
1;;414;CIV U PORT-BOUET (P);12534;13065.0;260406;260406;G;GPV
1;;414;CIV U PORT-BOUET (P);12535;11076.0;260406;260406;G;GPV
1;;414;CIV U PORT-BOUET (P);12536;8657.0;260406;260406;G;GPV
1;;414;CIV U PORT-BOUET (P);12537;4941.0;260406;260406;G;GPV
1;;414;CIV U PORT-BOUET (P);12538;6025.0;260406;260407;G;GPV
1;;035;HYPER HAYAT;333955;12.0;260407;260407;P;GPV
1;;035;HYPER HAYAT;333954;36.0;260407;260407;P;GPV
1;;035;HYPER HAYAT;333953;24.0;260407;260407;P;GPV
1;;035;HYPER HAYAT;333952;905.0;260407;260407;G;GPV
1;;035;HYPER HAYAT;333956;884.0;260407;260407;G;GPV
1;;035;HYPER HAYAT;333957;30.0;260407;260407;P;GPV
1;;035;HYPER HAYAT;333958;5572.0;260407;260407;G;GPV
1;;035;HYPER HAYAT;333959;58.0;260407;260407;P;GPV
1;;035;HYPER HAYAT;333960;5924.0;260407;260407;G;GPV
1;;035;HYPER HAYAT;333961;1032.0;260407;260407;G;GPV
1;;035;HYPER HAYAT;333962;1743.0;260407;260407;G;GPV
1;;035;HYPER HAYAT;333963;938.0;260407;260407;G;GPV
1;;035;HYPER HAYAT;333965;48.0;260407;260407;P;GPV
1;;035;HYPER HAYAT;333966;32.0;260407;260407;P;GPV
1;;035;HYPER HAYAT;333968;559.0;260407;260407;G;GPV
1;;035;HYPER HAYAT;333967;895.0;260407;260407;G;GPV
1;;035;HYPER HAYAT;333971;864.0;260407;260407;G;GPV
1;;035;HYPER HAYAT;333975;3813.0;260407;260407;G;GPV
1;;035;HYPER HAYAT;333977;150.0;260407;260407;P;GPV
1;;035;HYPER HAYAT;333976;69.0;260407;260407;P;GPV
1;;035;HYPER HAYAT;333981;1383.0;260407;260407;G;GPV
1;;035;HYPER HAYAT;333984;1249.0;260407;260407;G;GPV
1;;035;HYPER HAYAT;333985;218.0;260407;260407;G;GPV
1;;035;HYPER HAYAT;333986;168.0;260407;260407;G;GPV
1;;035;HYPER HAYAT;333988;1220.0;260407;260407;G;GPV
1;;035;HYPER HAYAT;333992;1992.0;260407;260407;G;GPV
1;;035;HYPER HAYAT;333995;300.0;260407;260407;G;GPV
1;;035;HYPER HAYAT;333994;1020.0;260407;260407;G;GPV
1;;035;HYPER HAYAT;333993;116.0;260407;260407;P;GPV
1;;035;HYPER HAYAT;333997;201.0;260407;260407;G;GPV
1;;035;HYPER HAYAT;333996;200.0;260407;260407;G;GPV
1;;035;HYPER HAYAT;334000;1662.0;260407;260407;G;GPV
1;;035;HYPER HAYAT;333999;48.0;260407;260407;G;GPV
1;;035;HYPER HAYAT;334004;1241.0;260407;260407;G;GPV
1;;035;HYPER HAYAT;334010;130.0;260407;260407;G;GPV
1;;035;HYPER HAYAT;334009;8144.0;260407;260407;G;GPV
1;;035;HYPER HAYAT;334011;288.0;260407;260407;P;GPV
1;;035;HYPER HAYAT;334013;20.0;260407;260407;G;GPV
1;;035;HYPER HAYAT;334012;4829.0;260407;260407;G;GPV
1;;035;HYPER HAYAT;334015;28.0;260407;260407;P;GPV
1;;035;HYPER HAYAT;334014;64.0;260407;260407;P;GPV
1;;035;HYPER HAYAT;334017;240.0;260407;260407;P;GPV
1;;035;HYPER HAYAT;334016;1524.0;260407;260407;G;GPV
1;;035;HYPER HAYAT;334020;1554.0;260407;260407;P;GPV
1;;035;HYPER HAYAT;334021;2121.0;260407;260407;G;GPV
1;;035;HYPER HAYAT;334025;36.0;260407;260407;G;GPV
1;;035;HYPER HAYAT;334024;2079.0;260407;260407;G;GPV
1;;035;HYPER HAYAT;334022;204.0;260407;260407;G;GPV
1;;035;HYPER HAYAT;334027;72.0;260407;260407;G;GPV
1;;035;HYPER HAYAT;334026;1260.0;260407;260407;P;GPV
1;;035;HYPER HAYAT;334028;1942.0;260407;260407;P;GPV
1;;035;HYPER HAYAT;334031;3263.0;260407;260407;G;GPV
1;;035;HYPER HAYAT;334033;515.0;260407;260407;P;GPV
1;;035;HYPER HAYAT;334032;12.0;260407;260407;P;GPV
1;;035;HYPER HAYAT;334034;216.0;260407;260407;P;GPV
1;;035;HYPER HAYAT;334038;12.0;260407;260407;P;GPV
1;;035;HYPER HAYAT;334037;292.0;260407;260407;G;GPV
1;;035;HYPER HAYAT;334036;24.0;260407;260407;P;GPV
1;;035;HYPER HAYAT;334040;836.0;260407;260407;P;GPV
1;;035;HYPER HAYAT;334039;864.0;260407;260407;P;GPV
1;;035;HYPER HAYAT;334042;720.0;260407;260407;P;GPV
1;;035;HYPER HAYAT;334041;744.0;260407;260407;P;GPV
1;;035;HYPER HAYAT;334043;288.0;260407;260407;P;GPV
1;;035;HYPER HAYAT;334045;9204.0;260407;260407;G;GPV
1;;035;HYPER HAYAT;334044;496.0;260407;260407;G;GPV
1;;035;HYPER HAYAT;334050;348.0;260407;260407;G;GPV
1;;035;HYPER HAYAT;334049;600.0;260407;260407;P;GPV
1;;035;HYPER HAYAT;334048;16.0;260407;260407;P;GPV
1;;035;HYPER HAYAT;334047;385.0;260407;260407;P;GPV
1;;035;HYPER HAYAT;334046;12.0;260407;260407;P;GPV
1;;035;HYPER HAYAT;334051;31.0;260407;260407;G;GPV
1;;035;HYPER HAYAT;334055;22.0;260407;260407;G;GPV
1;;035;HYPER HAYAT;334054;18.0;260407;260407;G;GPV
1;;035;HYPER HAYAT;334053;24.0;260407;260407;G;GPV
1;;035;HYPER HAYAT;334052;357.0;260407;260407;P;GPV
1;;035;HYPER HAYAT;334056;8033.0;260407;260407;G;GPV
1;;035;HYPER HAYAT;334057;210.0;260407;260407;P;GPV
1;;035;HYPER HAYAT;334059;20.0;260407;260407;P;GPV
1;;080;MANDARINE MARCORY;120438;13998.0;260407;260407;G;GPV
1;;080;MANDARINE MARCORY;120439;4504.0;260407;260407;G;GPV
1;;080;MANDARINE MARCORY;120440;548.0;260407;260407;G;GPV
1;;080;MANDARINE MARCORY;120444;2138.0;260407;260407;G;GPV
1;;080;MANDARINE MARCORY;120445;3121.0;260407;260407;G;GPV
1;;080;MANDARINE MARCORY;120446;471.0;260407;260407;G;GPV
1;;080;MANDARINE MARCORY;120447;234.0;260407;260407;G;GPV
1;;080;MANDARINE MARCORY;120448;2412.0;260407;260407;G;GPV
1;;080;MANDARINE MARCORY;120450;1230.0;260407;260407;G;GPV
1;;080;MANDARINE MARCORY;120449;622.0;260407;260407;G;GPV
1;;080;MANDARINE MARCORY;120451;2634.0;260407;260407;G;GPV
1;;080;MANDARINE MARCORY;120452;2320.0;260407;260407;G;GPV
1;;080;MANDARINE MARCORY;120453;4981.0;260407;260407;G;GPV
1;;100;CASINO 2 PLATEAUX;271802;132.0;260407;260407;G;GPV
1;;100;CASINO 2 PLATEAUX;271803;98.0;260407;260407;P;GPV
1;;100;CASINO 2 PLATEAUX;271805;78.0;260407;260407;G;GPV
1;;100;CASINO 2 PLATEAUX;271804;911.0;260407;260407;G;GPV
1;;100;CASINO 2 PLATEAUX;271807;6.0;260407;260407;P;GPV
1;;100;CASINO 2 PLATEAUX;271806;30.0;260407;260407;G;GPV
1;;100;CASINO 2 PLATEAUX;271809;2023.0;260407;260407;G;GPV
1;;100;CASINO 2 PLATEAUX;271811;5738.0;260407;260407;G;GPV
1;;100;CASINO 2 PLATEAUX;271810;30.0;260407;260407;G;GPV
1;;100;CASINO 2 PLATEAUX;271812;24.0;260407;260407;P;GPV
1;;100;CASINO 2 PLATEAUX;271816;244.0;260407;260407;G;GPV
1;;100;CASINO 2 PLATEAUX;271818;514.0;260407;260407;G;GPV
1;;100;CASINO 2 PLATEAUX;271817;834.0;260407;260407;G;GPV
1;;100;CASINO 2 PLATEAUX;271815;2238.0;260407;260407;G;GPV
1;;100;CASINO 2 PLATEAUX;271819;1762.0;260407;260407;G;GPV
1;;100;CASINO 2 PLATEAUX;271821;480.0;260407;260407;G;GPV
1;;100;CASINO 2 PLATEAUX;271823;240.0;260407;260407;P;GPV
1;;100;CASINO 2 PLATEAUX;271822;10.0;260407;260407;G;GPV
1;;100;CASINO 2 PLATEAUX;271824;202.0;260407;260407;G;GPV
1;;100;CASINO 2 PLATEAUX;271825;196.0;260407;260407;G;GPV
1;;100;CASINO 2 PLATEAUX;271826;2824.0;260407;260407;P;GPV
1;;100;CASINO 2 PLATEAUX;271827;1881.0;260407;260407;G;GPV
1;;100;CASINO 2 PLATEAUX;271829;3761.0;260407;260407;G;GPV
1;;100;CASINO 2 PLATEAUX;271831;1271.0;260407;260407;G;GPV
1;;100;CASINO 2 PLATEAUX;271830;1818.0;260407;260407;G;GPV
1;;100;CASINO 2 PLATEAUX;271833;600.0;260407;260407;G;GPV
1;;100;CASINO 2 PLATEAUX;271834;144.0;260407;260407;G;GPV
1;;100;CASINO 2 PLATEAUX;271837;1378.0;260407;260407;P;GPV
1;;100;CASINO 2 PLATEAUX;271836;3053.0;260407;260407;G;GPV
1;;100;CASINO 2 PLATEAUX;271835;69.0;260407;260407;P;GPV
1;;100;CASINO 2 PLATEAUX;271839;3445.0;260407;260407;P;GPV
1;;100;CASINO 2 PLATEAUX;271838;1349.0;260407;260407;G;GPV
1;;100;CASINO 2 PLATEAUX;271841;78.0;260407;260407;G;GPV
1;;100;CASINO 2 PLATEAUX;271840;2001.0;260407;260407;P;GPV
1;;100;CASINO 2 PLATEAUX;271842;144.0;260407;260407;G;GPV
1;;120;MANDARINE GOLF;203971;49.0;260407;260407;G;GPV
1;;120;MANDARINE GOLF;203970;126.0;260407;260407;G;GPV
1;;120;MANDARINE GOLF;203974;248.0;260407;260407;G;GPV
1;;120;MANDARINE GOLF;203977;3355.0;260407;260407;G;GPV
1;;120;MANDARINE GOLF;203976;372.0;260407;260407;G;GPV
1;;120;MANDARINE GOLF;203975;326.0;260407;260407;G;GPV
1;;120;MANDARINE GOLF;203980;160.0;260407;260407;G;GPV
1;;120;MANDARINE GOLF;203979;289.0;260407;260407;G;GPV
1;;120;MANDARINE GOLF;203981;473.0;260407;260407;G;GPV
1;;120;MANDARINE GOLF;203982;1002.0;260407;260407;P;GPV
1;;120;MANDARINE GOLF;203987;9852.0;260407;260407;G;GPV
1;;120;MANDARINE GOLF;203986;188.0;260407;260407;P;GPV
1;;120;MANDARINE GOLF;203985;1854.0;260407;260407;G;GPV
1;;120;MANDARINE GOLF;203993;3908.0;260407;260407;G;GPV
1;;120;MANDARINE GOLF;203996;2570.0;260407;260407;G;GPV
1;;120;MANDARINE GOLF;203998;1980.0;260407;260407;G;GPV
1;;120;MANDARINE GOLF;204001;1754.0;260407;260407;G;GPV
1;;120;MANDARINE GOLF;204002;9506.0;260407;260407;G;GPV
1;;120;MANDARINE GOLF;204003;3390.0;260407;260407;G;GPV
1;;120;MANDARINE GOLF;204005;1272.0;260407;260407;P;GPV
1;;120;MANDARINE GOLF;204004;224.0;260407;260407;G;GPV
1;;120;MANDARINE GOLF;204008;4146.0;260407;260407;P;GPV
1;;120;MANDARINE GOLF;204006;284.0;260407;260407;P;GPV
1;;120;MANDARINE GOLF;204009;2097.0;260407;260407;G;GPV
1;;120;MANDARINE GOLF;204010;1669.0;260407;260407;G;GPV
1;;120;MANDARINE GOLF;204011;652.0;260407;260407;P;GPV
1;;120;MANDARINE GOLF;204012;1953.0;260407;260407;G;GPV
1;;120;MANDARINE GOLF;204013;8849.0;260407;260407;G;GPV
1;;120;MANDARINE GOLF;204015;429.0;260407;260407;G;GPV
1;;120;MANDARINE GOLF;204014;8051.0;260407;260407;G;GPV
1;;120;MANDARINE GOLF;204017;297.0;260407;260407;G;GPV
1;;120;MANDARINE GOLF;204018;552.0;260407;260407;G;GPV
1;;120;MANDARINE GOLF;204020;1658.0;260407;260407;G;GPV
1;;120;MANDARINE GOLF;204022;10731.0;260407;260407;G;GPV
1;;120;MANDARINE GOLF;204038;310.0;260407;260407;G;GPV
1;;203;OENOPHILE ZONE 3;261061;3290.0;260407;260407;G;GPV
1;;208;OENOPHILE BASSAM;261063;1018.0;260407;260407;G;GPV
1;;212;OENOPHILE 2 PLATEAUX;261066;2040.0;260407;260407;G;GPV
1;;213;OENOPHILE ZONE 4;261062;1666.0;260407;260407;G;GPV
1;;215;OENOPHILE YOPOUGON;261067;898.0;260407;260407;G;GPV
1;;216;OENOPHILE CAP NORD;261065;228.0;260407;260407;G;GPV
1;;218;OENOPHILE DJIBI;261068;1299.0;260407;260407;G;GPV
1;;220;SUPER U PLATEAU;196015;114.0;260407;260407;G;GPV
1;;220;SUPER U PLATEAU;196017;2618.0;260407;260407;G;GPV
1;;220;SUPER U PLATEAU;196018;3512.0;260407;260407;G;GPV
1;;220;SUPER U PLATEAU;196019;4842.0;260407;260407;G;GPV
1;;220;SUPER U PLATEAU;196022;1034.0;260407;260407;G;GPV
1;;220;SUPER U PLATEAU;196026;779.0;260407;260407;G;GPV
1;;220;SUPER U PLATEAU;196025;7987.0;260407;260407;G;GPV
1;;220;SUPER U PLATEAU;196034;17442.0;260407;260407;G;GPV
1;;220;SUPER U PLATEAU;196033;4745.0;260407;260407;P;GPV
1;;220;SUPER U PLATEAU;196036;17864.0;260407;260407;G;GPV
1;;220;SUPER U PLATEAU;196040;881.0;260407;260407;G;GPV
1;;220;SUPER U PLATEAU;196039;13694.0;260407;260407;G;GPV
1;;220;SUPER U PLATEAU;196038;7469.0;260407;260407;G;GPV
1;;220;SUPER U PLATEAU;196041;3561.0;260407;260407;G;GPV
1;;220;SUPER U PLATEAU;196044;2116.0;260407;260407;G;GPV
1;;220;SUPER U PLATEAU;196043;306.0;260407;260407;G;GPV
1;;220;SUPER U PLATEAU;196045;917.0;260407;260407;P;GPV
1;;220;SUPER U PLATEAU;196046;1227.0;260407;260407;P;GPV
1;;220;SUPER U PLATEAU;196048;7843.0;260407;260407;G;GPV
1;;220;SUPER U PLATEAU;196047;3612.0;260407;260407;G;GPV
1;;220;SUPER U PLATEAU;196049;5422.0;260407;260407;G;GPV
1;;220;SUPER U PLATEAU;196050;2685.0;260407;260407;G;GPV
1;;220;SUPER U PLATEAU;196051;5091.0;260407;260407;G;GPV
1;;220;SUPER U PLATEAU;196052;7207.0;260407;260407;P;GPV
1;;220;SUPER U PLATEAU;196055;937.0;260407;260407;P;GPV
1;;220;SUPER U PLATEAU;196054;2669.0;260407;260407;P;GPV
1;;220;SUPER U PLATEAU;196053;1611.0;260407;260407;P;GPV
1;;220;SUPER U PLATEAU;196058;11154.0;260407;260407;G;GPV
1;;220;SUPER U PLATEAU;196057;586.0;260407;260407;P;GPV
1;;220;SUPER U PLATEAU;196056;3860.0;260407;260407;G;GPV
1;;220;SUPER U PLATEAU;196059;1448.0;260407;260407;G;GPV
1;;220;SUPER U PLATEAU;196060;6565.0;260407;260407;G;GPV
1;;220;SUPER U PLATEAU;196061;1408.0;260407;260407;G;GPV
1;;220;SUPER U PLATEAU;196066;6457.0;260407;260407;P;GPV
1;;220;SUPER U PLATEAU;196065;1410.0;260407;260407;G;GPV
1;;220;SUPER U PLATEAU;196063;6098.0;260407;260407;G;GPV
1;;220;SUPER U PLATEAU;196069;2868.0;260407;260407;G;GPV
1;;220;SUPER U PLATEAU;196068;319.0;260407;260407;G;GPV
1;;220;SUPER U PLATEAU;196067;3191.0;260407;260407;P;GPV
1;;220;SUPER U PLATEAU;196070;100.0;260407;260407;P;GPV
1;;228;CASH PORT;2234;3420.0;260407;260407;G;GPV
1;;228;CASH PORT;2235;49217.0;260407;260407;G;GPV
1;;235;SUPER U DJIBI;202012;3215.0;260407;260407;G;GPV
1;;235;SUPER U DJIBI;202019;5174.0;260407;260407;G;GPV
1;;235;SUPER U DJIBI;202018;6035.0;260407;260407;G;GPV
1;;235;SUPER U DJIBI;202020;1380.0;260407;260407;G;GPV
1;;235;SUPER U DJIBI;202022;458.0;260407;260407;P;GPV
1;;235;SUPER U DJIBI;202021;618.0;260407;260407;P;GPV
1;;235;SUPER U DJIBI;202023;5137.0;260407;260407;G;GPV
1;;235;SUPER U DJIBI;202026;18496.0;260407;260407;P;GPV
1;;235;SUPER U DJIBI;202025;341.0;260407;260407;G;GPV
1;;235;SUPER U DJIBI;202027;174.0;260407;260407;P;GPV
1;;235;SUPER U DJIBI;202029;14801.0;260407;260407;G;GPV
1;;235;SUPER U DJIBI;202030;8233.0;260407;260407;G;GPV
1;;235;SUPER U DJIBI;202031;3569.0;260407;260407;G;GPV
1;;235;SUPER U DJIBI;202034;21454.0;260407;260407;G;GPV
1;;235;SUPER U DJIBI;202033;9501.0;260407;260407;P;GPV
1;;235;SUPER U DJIBI;202032;1272.0;260407;260407;G;GPV
1;;235;SUPER U DJIBI;202035;168.0;260407;260407;G;GPV
1;;235;SUPER U DJIBI;202041;3189.0;260407;260407;G;GPV
1;;235;SUPER U DJIBI;202040;2779.0;260407;260407;G;GPV
1;;235;SUPER U DJIBI;202044;9374.0;260407;260407;P;GPV
1;;235;SUPER U DJIBI;202043;248.0;260407;260407;P;GPV
1;;235;SUPER U DJIBI;202042;2092.0;260407;260407;P;GPV
1;;235;SUPER U DJIBI;202045;964.0;260407;260407;P;GPV
1;;235;SUPER U DJIBI;202046;656.0;260407;260407;G;GPV
1;;235;SUPER U DJIBI;202047;990.0;260407;260407;G;GPV
1;;235;SUPER U DJIBI;202048;2247.0;260407;260407;P;GPV
1;;235;SUPER U DJIBI;202050;406.0;260407;260407;P;GPV
1;;235;SUPER U DJIBI;202051;9786.0;260407;260407;P;GPV
1;;235;SUPER U DJIBI;202058;208.0;260407;260407;P;GPV
1;;235;SUPER U DJIBI;202056;1847.0;260407;260407;P;GPV
1;;235;SUPER U DJIBI;202054;532.0;260407;260407;G;GPV
1;;235;SUPER U DJIBI;202053;138.0;260407;260407;G;GPV
1;;235;SUPER U DJIBI;202060;242.0;260407;260407;G;GPV
1;;235;SUPER U DJIBI;202059;1872.0;260407;260407;G;GPV
1;;235;SUPER U DJIBI;202063;9098.0;260407;260407;G;GPV
1;;235;SUPER U DJIBI;202062;4274.0;260407;260407;G;GPV
1;;235;SUPER U DJIBI;202064;4517.0;260407;260407;G;GPV
1;;235;SUPER U DJIBI;202067;3436.0;260407;260407;P;GPV
1;;235;SUPER U DJIBI;202066;7056.0;260407;260407;P;GPV
1;;235;SUPER U DJIBI;202065;4792.0;260407;260407;G;GPV
1;;235;SUPER U DJIBI;202069;8301.0;260407;260407;G;GPV
1;;235;SUPER U DJIBI;202070;4348.0;260407;260407;P;GPV
1;;235;SUPER U DJIBI;202071;7579.0;260407;260407;G;GPV
1;;235;SUPER U DJIBI;202049;418.0;260407;260407;G;GPV
1;;235;SUPER U DJIBI;202013;2794.0;260407;260407;G;GPV
1;;235;SUPER U DJIBI;202073;4628.0;260407;260407;G;GPV
1;;235;SUPER U DJIBI;202074;11117.0;260407;260407;G;GPV
1;;235;SUPER U DJIBI;202075;14975.0;260407;260407;G;GPV
1;;235;SUPER U DJIBI;202077;3447.0;260407;260407;G;GPV
1;;235;SUPER U DJIBI;202079;434.0;260407;260407;G;GPV
1;;235;SUPER U DJIBI;202078;335.0;260407;260407;P;GPV
1;;235;SUPER U DJIBI;202081;452.0;260407;260407;G;GPV
1;;235;SUPER U DJIBI;202080;2934.0;260407;260407;G;GPV
1;;235;SUPER U DJIBI;202083;1608.0;260407;260407;G;GPV
1;;235;SUPER U DJIBI;202085;1303.0;260407;260407;G;GPV
1;;250;GIFI ZONE 4;11429;97533.0;260407;260407;P;GPV
1;;250;GIFI ZONE 4;11430;7592.0;260407;260407;G;GPV
1;;261;MONOP' COCODY AMBASSADE;37473;3938.0;260407;260407;G;GPV
1;;261;MONOP' COCODY AMBASSADE;37474;5234.0;260407;260407;G;GPV
1;;261;MONOP' COCODY AMBASSADE;37475;7409.0;260407;260407;G;GPV
1;;261;MONOP' COCODY AMBASSADE;37478;10309.0;260407;260407;G;GPV
1;;261;MONOP' COCODY AMBASSADE;37482;897.0;260407;260407;G;GPV
1;;261;MONOP' COCODY AMBASSADE;37484;248.0;260407;260407;P;GPV
1;;261;MONOP' COCODY AMBASSADE;37483;4839.0;260407;260407;G;GPV
1;;261;MONOP' COCODY AMBASSADE;37485;2959.0;260407;260407;G;GPV
1;;261;MONOP' COCODY AMBASSADE;37486;3614.0;260407;260407;G;GPV
1;;261;MONOP' COCODY AMBASSADE;37487;2732.0;260407;260407;G;GPV
1;;261;MONOP' COCODY AMBASSADE;37488;2704.0;260407;260407;G;GPV
1;;261;MONOP' COCODY AMBASSADE;37489;1311.0;260407;260407;G;GPV
1;;261;MONOP' COCODY AMBASSADE;37490;695.0;260407;260407;G;GPV
1;;281;MANDARINE ANGRE;37574;11796.0;260407;260407;P;GPV
1;;281;MANDARINE ANGRE;37573;8050.0;260407;260407;G;GPV
1;;281;MANDARINE ANGRE;37575;5196.0;260407;260407;G;GPV
1;;281;MANDARINE ANGRE;37578;1572.0;260407;260407;P;GPV
1;;281;MANDARINE ANGRE;37577;8895.0;260407;260407;P;GPV
1;;281;MANDARINE ANGRE;37576;2167.0;260407;260407;G;GPV
1;;281;MANDARINE ANGRE;37580;1094.0;260407;260407;G;GPV
1;;281;MANDARINE ANGRE;37581;3277.0;260407;260407;P;GPV
1;;281;MANDARINE ANGRE;37584;2778.0;260407;260407;G;GPV
1;;281;MANDARINE ANGRE;37583;6265.0;260407;260407;G;GPV
1;;281;MANDARINE ANGRE;37585;4115.0;260407;260407;G;GPV
1;;281;MANDARINE ANGRE;37586;74.0;260407;260407;G;GPV
1;;281;MANDARINE ANGRE;37587;3425.0;260407;260407;G;GPV
1;;281;MANDARINE ANGRE;37588;3319.0;260407;260407;G;GPV
1;;281;MANDARINE ANGRE;37589;857.0;260407;260407;P;GPV
1;;281;MANDARINE ANGRE;37591;849.0;260407;260407;P;GPV
1;;281;MANDARINE ANGRE;37590;5252.0;260407;260407;G;GPV
1;;281;MANDARINE ANGRE;37595;1913.0;260407;260407;P;GPV
1;;281;MANDARINE ANGRE;37594;8332.0;260407;260407;G;GPV
1;;281;MANDARINE ANGRE;37597;1254.0;260407;260407;P;GPV
1;;281;MANDARINE ANGRE;37596;13419.0;260407;260407;G;GPV
1;;281;MANDARINE ANGRE;37598;11606.0;260407;260407;G;GPV
1;;281;MANDARINE ANGRE;37599;9673.0;260407;260407;G;GPV
1;;281;MANDARINE ANGRE;37600;1179.0;260407;260407;G;GPV
1;;281;MANDARINE ANGRE;37603;3149.0;260407;260407;G;GPV
1;;281;MANDARINE ANGRE;37602;1479.0;260407;260407;P;GPV
1;;281;MANDARINE ANGRE;37601;1949.0;260407;260407;G;GPV
1;;281;MANDARINE ANGRE;37604;4956.0;260407;260407;G;GPV
1;;281;MANDARINE ANGRE;37606;838.0;260407;260407;G;GPV
1;;281;MANDARINE ANGRE;37605;5300.0;260407;260407;G;GPV
1;;281;MANDARINE ANGRE;37612;1596.0;260407;260407;G;GPV
1;;281;MANDARINE ANGRE;37611;1459.0;260407;260407;G;GPV
1;;281;MANDARINE ANGRE;37614;4701.0;260407;260407;G;GPV
1;;281;MANDARINE ANGRE;37613;7518.0;260407;260407;G;GPV
1;;281;MANDARINE ANGRE;37615;382.0;260407;260407;G;GPV
1;;290;MANDARINE BIETRY;157991;3826.0;260407;260407;G;GPV
1;;290;MANDARINE BIETRY;157994;3794.0;260407;260407;G;GPV
1;;290;MANDARINE BIETRY;157999;2747.0;260407;260407;G;GPV
1;;290;MANDARINE BIETRY;158001;2991.0;260407;260407;G;GPV
1;;290;MANDARINE BIETRY;158003;376.0;260407;260407;G;GPV
1;;290;MANDARINE BIETRY;158002;3442.0;260407;260407;G;GPV
1;;290;MANDARINE BIETRY;158000;14451.0;260407;260407;G;GPV
1;;290;MANDARINE BIETRY;158010;8900.0;260407;260407;G;GPV
1;;290;MANDARINE BIETRY;158016;4022.0;260407;260407;G;GPV
1;;290;MANDARINE BIETRY;158017;2981.0;260407;260407;G;GPV
1;;290;MANDARINE BIETRY;158018;5564.0;260407;260407;G;GPV
1;;290;MANDARINE BIETRY;158019;1655.0;260407;260407;G;GPV
1;;290;MANDARINE BIETRY;158020;13428.0;260407;260407;P;GPV
1;;290;MANDARINE BIETRY;158023;2032.0;260407;260407;P;GPV
1;;290;MANDARINE BIETRY;158022;4010.0;260407;260407;P;GPV
1;;290;MANDARINE BIETRY;158021;8886.0;260407;260407;G;GPV
1;;290;MANDARINE BIETRY;158025;827.0;260407;260407;P;GPV
1;;290;MANDARINE BIETRY;158024;1591.0;260407;260407;P;GPV
1;;290;MANDARINE BIETRY;158027;268.0;260407;260407;G;GPV
1;;290;MANDARINE BIETRY;158026;2489.0;260407;260407;G;GPV
1;;290;MANDARINE BIETRY;158029;2028.0;260407;260407;P;GPV
1;;290;MANDARINE BIETRY;158028;788.0;260407;260407;P;GPV
1;;290;MANDARINE BIETRY;158030;2685.0;260407;260407;G;GPV
1;;290;MANDARINE BIETRY;158031;3035.0;260407;260407;G;GPV
1;;290;MANDARINE BIETRY;158032;2598.0;260407;260407;G;GPV
1;;290;MANDARINE BIETRY;158033;751.0;260407;260407;G;GPV
1;;290;MANDARINE BIETRY;158037;1197.0;260407;260407;G;GPV
1;;290;MANDARINE BIETRY;158036;612.0;260407;260407;P;GPV
1;;290;MANDARINE BIETRY;158038;1418.0;260407;260407;G;GPV
1;;290;MANDARINE BIETRY;158039;4711.0;260407;260407;G;GPV
1;;290;MANDARINE BIETRY;158040;2386.0;260407;260407;G;GPV
1;;290;MANDARINE BIETRY;158041;9112.0;260407;260407;G;GPV
1;;290;MANDARINE BIETRY;158042;8911.0;260407;260407;G;GPV
1;;290;MANDARINE BIETRY;158043;3061.0;260407;260407;G;GPV
1;;290;MANDARINE BIETRY;158044;8645.0;260407;260407;G;GPV
1;;290;MANDARINE BIETRY;158047;3182.0;260407;260407;P;GPV
1;;290;MANDARINE BIETRY;158048;2415.0;260407;260407;G;GPV
1;;290;MANDARINE BIETRY;158050;1627.0;260407;260407;G;GPV
1;;290;MANDARINE BIETRY;158052;1669.0;260407;260407;G;GPV
1;;290;MANDARINE BIETRY;158051;628.0;260407;260407;G;GPV
1;;290;MANDARINE BIETRY;158056;3996.0;260407;260407;P;GPV
1;;290;MANDARINE BIETRY;158055;1549.0;260407;260407;G;GPV
1;;290;MANDARINE BIETRY;158057;1029.0;260407;260407;G;GPV
1;;291;MANDARINE DANGA;129628;2987.0;260407;260407;G;GPV
1;;291;MANDARINE DANGA;129629;2635.0;260407;260407;G;GPV
1;;291;MANDARINE DANGA;129631;6003.0;260407;260407;G;GPV
1;;291;MANDARINE DANGA;129630;4193.0;260407;260407;G;GPV
1;;291;MANDARINE DANGA;129634;4203.0;260407;260407;G;GPV
1;;291;MANDARINE DANGA;129633;918.0;260407;260407;P;GPV
1;;291;MANDARINE DANGA;129632;6569.0;260407;260407;P;GPV
1;;291;MANDARINE DANGA;129635;8686.0;260407;260407;G;GPV
1;;291;MANDARINE DANGA;129636;4610.0;260407;260407;G;GPV
1;;291;MANDARINE DANGA;129637;2816.0;260407;260407;G;GPV
1;;291;MANDARINE DANGA;129638;361.0;260407;260407;G;GPV
1;;291;MANDARINE DANGA;129640;292.0;260407;260407;P;GPV
1;;291;MANDARINE DANGA;129639;2629.0;260407;260407;G;GPV
1;;291;MANDARINE DANGA;129641;7247.0;260407;260407;G;GPV
1;;291;MANDARINE DANGA;129642;1025.0;260407;260407;P;GPV
1;;291;MANDARINE DANGA;129644;7377.0;260407;260407;G;GPV
1;;291;MANDARINE DANGA;129643;1828.0;260407;260407;G;GPV
1;;291;MANDARINE DANGA;129645;9764.0;260407;260407;G;GPV
1;;291;MANDARINE DANGA;129647;3901.0;260407;260407;G;GPV
1;;291;MANDARINE DANGA;129650;1341.0;260407;260407;G;GPV
1;;291;MANDARINE DANGA;129651;16264.0;260407;260407;G;GPV
1;;291;MANDARINE DANGA;129652;6560.0;260407;260407;G;GPV
1;;291;MANDARINE DANGA;129653;3183.0;260407;260407;G;GPV
1;;291;MANDARINE DANGA;129654;4072.0;260407;260407;G;GPV
1;;291;MANDARINE DANGA;129655;2714.0;260407;260407;G;GPV
1;;291;MANDARINE DANGA;129657;5002.0;260407;260407;G;GPV
1;;291;MANDARINE DANGA;129656;2434.0;260407;260407;G;GPV
1;;291;MANDARINE DANGA;129658;2231.0;260407;260407;G;GPV
1;;291;MANDARINE DANGA;129661;2608.0;260407;260407;P;GPV
1;;291;MANDARINE DANGA;129660;118.0;260407;260407;P;GPV
1;;291;MANDARINE DANGA;129659;1166.0;260407;260407;G;GPV
1;;291;MANDARINE DANGA;129662;956.0;260407;260407;G;GPV
1;;291;MANDARINE DANGA;129663;2317.0;260407;260407;G;GPV
1;;291;MANDARINE DANGA;129664;3469.0;260407;260407;G;GPV
1;;293;MANDARINE AMBASSADE;66632;8021.0;260407;260407;G;GPV
1;;293;MANDARINE AMBASSADE;66633;6608.0;260407;260407;P;GPV
1;;293;MANDARINE AMBASSADE;66636;1704.0;260407;260407;G;GPV
1;;293;MANDARINE AMBASSADE;66635;3438.0;260407;260407;G;GPV
1;;293;MANDARINE AMBASSADE;66637;3603.0;260407;260407;G;GPV
1;;293;MANDARINE AMBASSADE;66638;2836.0;260407;260407;G;GPV
1;;293;MANDARINE AMBASSADE;66639;6338.0;260407;260407;G;GPV
1;;293;MANDARINE AMBASSADE;66641;4652.0;260407;260407;G;GPV
1;;293;MANDARINE AMBASSADE;66640;3233.0;260407;260407;G;GPV
1;;293;MANDARINE AMBASSADE;66644;4476.0;260407;260407;G;GPV
1;;293;MANDARINE AMBASSADE;66643;3206.0;260407;260407;G;GPV
1;;293;MANDARINE AMBASSADE;66642;1907.0;260407;260407;G;GPV
1;;295;CASINO ALLABRA;296494;260.0;260407;260407;G;GPV
1;;295;CASINO ALLABRA;296497;1478.0;260407;260407;G;GPV
1;;295;CASINO ALLABRA;296499;14.0;260407;260407;P;GPV
1;;295;CASINO ALLABRA;296498;2012.0;260407;260407;G;GPV
1;;295;CASINO ALLABRA;296501;990.0;260407;260407;G;GPV
1;;295;CASINO ALLABRA;296500;348.0;260407;260407;G;GPV
1;;295;CASINO ALLABRA;296506;27.0;260407;260407;P;GPV
1;;295;CASINO ALLABRA;296505;32.0;260407;260407;P;GPV
1;;295;CASINO ALLABRA;296504;14641.0;260407;260407;G;GPV
1;;295;CASINO ALLABRA;296507;3990.0;260407;260407;G;GPV
1;;295;CASINO ALLABRA;296512;1986.0;260407;260407;G;GPV
1;;295;CASINO ALLABRA;296511;2276.0;260407;260407;P;GPV
1;;295;CASINO ALLABRA;296509;2286.0;260407;260407;G;GPV
1;;295;CASINO ALLABRA;296508;399.0;260407;260407;G;GPV
1;;295;CASINO ALLABRA;296514;5908.0;260407;260407;G;GPV
1;;295;CASINO ALLABRA;296513;522.0;260407;260407;G;GPV
1;;295;CASINO ALLABRA;296516;259.0;260407;260407;P;GPV
1;;295;CASINO ALLABRA;296515;1040.0;260407;260407;P;GPV
1;;295;CASINO ALLABRA;296519;1600.0;260407;260407;G;GPV
1;;295;CASINO ALLABRA;296523;618.0;260407;260407;G;GPV
1;;295;CASINO ALLABRA;296524;246.0;260407;260407;G;GPV
1;;295;CASINO ALLABRA;296525;7976.0;260407;260407;G;GPV
1;;295;CASINO ALLABRA;296528;146.0;260407;260407;G;GPV
1;;295;CASINO ALLABRA;296527;582.0;260407;260407;P;GPV
1;;295;CASINO ALLABRA;296529;400.0;260407;260407;G;GPV
1;;295;CASINO ALLABRA;296531;20.0;260407;260407;P;GPV
1;;295;CASINO ALLABRA;296530;379.0;260407;260407;G;GPV
1;;295;CASINO ALLABRA;296552;12.0;260407;260407;P;GPV
1;;295;CASINO ALLABRA;296551;1299.0;260407;260407;G;GPV
1;;295;CASINO ALLABRA;296555;1484.0;260407;260407;G;GPV
1;;295;CASINO ALLABRA;296554;521.0;260407;260407;G;GPV
1;;295;CASINO ALLABRA;296559;1748.0;260407;260407;G;GPV
1;;295;CASINO ALLABRA;296560;216.0;260407;260407;G;GPV
1;;301;S2P SOCOCE ZONE 3;103957;3469.0;260407;260407;G;GPV
1;;301;S2P SOCOCE ZONE 3;103958;10031.0;260407;260407;G;GPV
1;;301;S2P SOCOCE ZONE 3;103959;30026.0;260407;260407;G;GPV
1;;301;S2P SOCOCE ZONE 3;103960;5423.0;260407;260407;G;GPV
1;;301;S2P SOCOCE ZONE 3;103961;19856.0;260407;260407;G;GPV
1;;301;S2P SOCOCE ZONE 3;103963;1854.0;260407;260407;G;GPV
1;;301;S2P SOCOCE ZONE 3;103962;9568.0;260407;260407;G;GPV
1;;301;S2P SOCOCE ZONE 3;103964;14367.0;260407;260407;P;GPV
1;;301;S2P SOCOCE ZONE 3;103967;1996.0;260407;260407;P;GPV
1;;301;S2P SOCOCE ZONE 3;103966;4395.0;260407;260407;P;GPV
1;;301;S2P SOCOCE ZONE 3;103968;1046.0;260407;260407;P;GPV
1;;301;S2P SOCOCE ZONE 3;103969;2998.0;260407;260407;P;GPV
1;;301;S2P SOCOCE ZONE 3;103970;3651.0;260407;260407;P;GPV
1;;302;S2P HYPER U;292012;933.0;260407;260407;G;GPV
1;;302;S2P HYPER U;292014;1278.0;260407;260407;G;GPV
1;;302;S2P HYPER U;292017;3753.0;260407;260407;G;GPV
1;;302;S2P HYPER U;292020;2529.0;260407;260407;G;GPV
1;;302;S2P HYPER U;292023;818.0;260407;260407;G;GPV
1;;302;S2P HYPER U;292025;438.0;260407;260407;P;GPV
1;;302;S2P HYPER U;292024;3498.0;260407;260407;G;GPV
1;;302;S2P HYPER U;292026;1930.0;260407;260407;G;GPV
1;;302;S2P HYPER U;292033;377.0;260407;260407;G;GPV
1;;302;S2P HYPER U;292035;1288.0;260407;260407;G;GPV
1;;302;S2P HYPER U;292041;3276.0;260407;260407;G;GPV
1;;302;S2P HYPER U;292044;2473.0;260407;260407;P;GPV
1;;302;S2P HYPER U;292054;3295.0;260407;260407;G;GPV
1;;302;S2P HYPER U;292055;50.0;260407;260407;P;GPV
1;;302;S2P HYPER U;292057;3148.0;260407;260407;G;GPV
1;;302;S2P HYPER U;292060;1101.0;260407;260407;G;GPV
1;;302;S2P HYPER U;292061;1003.0;260407;260407;G;GPV
1;;302;S2P HYPER U;292062;1161.0;260407;260407;G;GPV
1;;302;S2P HYPER U;292068;1194.0;260407;260407;P;GPV
1;;302;S2P HYPER U;292066;36.0;260407;260407;P;GPV
1;;302;S2P HYPER U;292064;102.0;260407;260407;P;GPV
1;;302;S2P HYPER U;292071;5160.0;260407;260407;P;GPV
1;;302;S2P HYPER U;292065;1481.0;260407;260407;G;GPV
1;;302;S2P HYPER U;292074;8574.0;260407;260407;P;GPV
1;;302;S2P HYPER U;292079;1719.0;260407;260407;G;GPV
1;;302;S2P HYPER U;292082;826.0;260407;260407;G;GPV
1;;302;S2P HYPER U;292081;31.0;260407;260407;P;GPV
1;;302;S2P HYPER U;292080;1470.0;260407;260407;G;GPV
1;;302;S2P HYPER U;292084;967.0;260407;260407;G;GPV
1;;302;S2P HYPER U;292085;888.0;260407;260407;G;GPV
1;;302;S2P HYPER U;292087;1037.0;260407;260407;G;GPV
1;;302;S2P HYPER U;292086;1371.0;260407;260407;G;GPV
1;;302;S2P HYPER U;292092;868.0;260407;260407;G;GPV
1;;302;S2P HYPER U;292088;1763.0;260407;260407;G;GPV
1;;302;S2P HYPER U;292095;1644.0;260407;260407;G;GPV
1;;302;S2P HYPER U;292098;688.0;260407;260407;P;GPV
1;;302;S2P HYPER U;292099;6854.0;260407;260407;P;GPV
1;;302;S2P HYPER U;292101;186.0;260407;260407;P;GPV
1;;302;S2P HYPER U;292103;160.0;260407;260407;P;GPV
1;;302;S2P HYPER U;292105;126.0;260407;260407;P;GPV
1;;302;S2P HYPER U;292109;8.0;260407;260407;P;GPV
1;;302;S2P HYPER U;292107;2287.0;260407;260407;G;GPV
1;;302;S2P HYPER U;292111;1348.0;260407;260407;P;GPV
1;;302;S2P HYPER U;292110;20.0;260407;260407;P;GPV
1;;302;S2P HYPER U;292114;326.0;260407;260407;G;GPV
1;;302;S2P HYPER U;292113;3005.0;260407;260407;P;GPV
1;;302;S2P HYPER U;292117;2899.0;260407;260407;P;GPV
1;;302;S2P HYPER U;292116;894.0;260407;260407;G;GPV
1;;302;S2P HYPER U;292130;72.0;260407;260407;P;GPV
1;;302;S2P HYPER U;292129;140.0;260407;260407;P;GPV
1;;304;S2P SOCOCE DALOA;31763;4480.0;260407;260407;G;GPV
1;;304;S2P SOCOCE DALOA;31765;1283.0;260407;260407;P;GPV
1;;304;S2P SOCOCE DALOA;31764;6762.0;260407;260407;G;GPV
1;;304;S2P SOCOCE DALOA;31766;1306.0;260407;260407;P;GPV
1;;304;S2P SOCOCE DALOA;31767;3792.0;260407;260407;G;GPV
1;;304;S2P SOCOCE DALOA;31768;382.0;260407;260407;P;GPV
1;;304;S2P SOCOCE DALOA;31769;777.0;260407;260407;G;GPV
1;;304;S2P SOCOCE DALOA;31771;19261.0;260407;260407;P;GPV
1;;304;S2P SOCOCE DALOA;31770;4782.0;260407;260407;G;GPV
1;;304;S2P SOCOCE DALOA;31773;7411.0;260407;260407;G;GPV
1;;304;S2P SOCOCE DALOA;31776;3007.0;260407;260407;P;GPV
1;;304;S2P SOCOCE DALOA;31774;12742.0;260407;260407;P;GPV
1;;304;S2P SOCOCE DALOA;31777;8751.0;260407;260407;G;GPV
1;;304;S2P SOCOCE DALOA;31778;4509.0;260407;260407;P;GPV
1;;304;S2P SOCOCE DALOA;31781;29679.0;260407;260407;G;GPV
1;;304;S2P SOCOCE DALOA;31782;1590.0;260407;260407;G;GPV
1;;304;S2P SOCOCE DALOA;31780;13296.0;260407;260407;G;GPV
1;;304;S2P SOCOCE DALOA;31783;6575.0;260407;260407;P;GPV
1;;306;S2P SOCOCE YAMOUSSOKRO;47731;1471.0;260407;260407;G;GPV
1;;306;S2P SOCOCE YAMOUSSOKRO;47732;487.0;260407;260407;G;GPV
1;;306;S2P SOCOCE YAMOUSSOKRO;47734;540.0;260407;260407;G;GPV
1;;306;S2P SOCOCE YAMOUSSOKRO;47733;874.0;260407;260407;G;GPV
1;;307;S2P SOCOCE GAGNOA;19123;694.0;260407;260407;G;GPV
1;;307;S2P SOCOCE GAGNOA;19124;1618.0;260407;260407;G;GPV
1;;307;S2P SOCOCE GAGNOA;19132;4514.0;260407;260407;G;GPV
1;;307;S2P SOCOCE GAGNOA;19137;30695.0;260407;260407;G;GPV
1;;310;S2P ECOMARCHE SAN PEDRO;40338;696.0;260407;260407;G;GPV
1;;310;S2P ECOMARCHE SAN PEDRO;40339;1248.0;260407;260407;G;GPV
1;;311;SOCOCE CHATEAU EAU;34433;3217.0;260407;260407;G;GPV
1;;311;SOCOCE CHATEAU EAU;34434;15601.0;260407;260407;G;GPV
1;;311;SOCOCE CHATEAU EAU;34435;4606.0;260407;260407;G;GPV
1;;311;SOCOCE CHATEAU EAU;34436;3540.0;260407;260407;G;GPV
1;;330;NESPRESSO CAP SUD;261059;2784.0;260407;260407;G;GPV
1;;330;NESPRESSO CAP SUD;261060;130.0;260407;260407;G;GPV
1;;339;NESPRESSO SOL BENI;261064;354.0;260407;260407;G;GPV
1;;340;NESPRESSO ZONE 4;261069;1322.0;260407;260407;G;GPV
1;;353;CIV ANGRE (P);39365;1853.0;260407;260407;G;GPV
1;;353;CIV ANGRE (P);39366;4706.0;260407;260407;G;GPV
1;;353;CIV ANGRE (P);39364;991.0;260407;260407;G;GPV
1;;353;CIV ANGRE (P);39363;1007.0;260407;260407;G;GPV
1;;353;CIV ANGRE (P);39362;796.0;260407;260407;G;GPV
1;;353;CIV ANGRE (P);39361;1045.0;260407;260407;G;GPV
1;;353;CIV ANGRE (P);39360;1969.0;260407;260407;G;GPV
1;;353;CIV ANGRE (P);39359;1658.0;260407;260407;G;GPV
1;;353;CIV ANGRE (P);39368;7900.0;260407;260407;G;GPV
1;;354;CIV TOIT ROUGE (P);46052;1977.0;260407;260407;G;GPV
1;;354;CIV TOIT ROUGE (P);46057;1320.0;260407;260407;P;GPV
1;;354;CIV TOIT ROUGE (P);46056;4632.0;260407;260407;G;GPV
1;;354;CIV TOIT ROUGE (P);46061;928.0;260407;260407;G;GPV
1;;354;CIV TOIT ROUGE (P);46062;52.0;260407;260407;G;GPV
1;;354;CIV TOIT ROUGE (P);46063;264.0;260407;260407;G;GPV
1;;354;CIV TOIT ROUGE (P);46066;24.0;260407;260407;G;GPV
1;;354;CIV TOIT ROUGE (P);46065;3757.0;260407;260407;G;GPV
1;;356;CIV COCODY (P);34737;4086.0;260407;260407;G;GPV
1;;356;CIV COCODY (P);34739;5689.0;260407;260407;G;GPV
1;;356;CIV COCODY (P);34738;5205.0;260407;260407;G;GPV
1;;356;CIV COCODY (P);34736;3328.0;260407;260407;G;GPV
1;;356;CIV COCODY (P);34740;2335.0;260407;260407;G;GPV
1;;356;CIV COCODY (P);34735;1555.0;260407;260407;G;GPV
1;;356;CIV COCODY (P);34742;936.0;260407;260407;G;GPV
1;;356;CIV COCODY (P);34743;4017.0;260407;260407;G;GPV
1;;356;CIV COCODY (P);34744;4479.0;260407;260407;G;GPV
1;;356;CIV COCODY (P);34745;2851.0;260407;260407;G;GPV
1;;356;CIV COCODY (P);34747;3764.0;260407;260407;P;GPV
1;;356;CIV COCODY (P);34746;4709.0;260407;260407;P;GPV
1;;356;CIV COCODY (P);34756;2412.0;260407;260407;G;GPV
1;;356;CIV COCODY (P);34757;9011.0;260407;260407;G;GPV
1;;357;CIV U REMBLAIS (P);34379;3912.0;260407;260407;G;GPV
1;;357;CIV U REMBLAIS (P);34380;3291.0;260407;260407;G;GPV
1;;357;CIV U REMBLAIS (P);34383;15589.0;260407;260407;G;GPV
1;;368;CIV SADIGUIBA (P) SYST U;36053;12835.0;260407;260407;G;GPV
1;;368;CIV SADIGUIBA (P) SYST U;36056;1094.0;260407;260407;G;GPV
1;;368;CIV SADIGUIBA (P) SYST U;36054;2831.0;260407;260407;P;GPV
1;;368;CIV SADIGUIBA (P) SYST U;36052;1615.0;260407;260407;P;GPV
1;;368;CIV SADIGUIBA (P) SYST U;36051;6362.0;260407;260407;G;GPV
1;;368;CIV SADIGUIBA (P) SYST U;36058;1309.0;260407;260407;G;GPV
1;;372;CIV YOP MAROC (P);41741;8023.0;260407;260407;G;GPV
1;;372;CIV YOP MAROC (P);41740;614.0;260407;260407;P;GPV
1;;372;CIV YOP MAROC (P);41739;226.0;260407;260407;P;GPV
1;;372;CIV YOP MAROC (P);41738;1998.0;260407;260407;P;GPV
1;;372;CIV YOP MAROC (P);41745;2372.0;260407;260407;G;GPV
1;;372;CIV YOP MAROC (P);41744;6156.0;260407;260407;G;GPV
1;;372;CIV YOP MAROC (P);41743;1504.0;260407;260407;G;GPV
1;;372;CIV YOP MAROC (P);41742;2803.0;260407;260407;G;GPV
1;;372;CIV YOP MAROC (P);41737;2629.0;260407;260407;P;GPV
1;;372;CIV YOP MAROC (P);41736;2826.0;260407;260407;P;GPV
1;;372;CIV YOP MAROC (P);41735;1165.0;260407;260407;P;GPV
1;;372;CIV YOP MAROC (P);41746;3650.0;260407;260407;G;GPV
1;;372;CIV YOP MAROC (P);41747;2327.0;260407;260407;P;GPV
1;;372;CIV YOP MAROC (P);41750;978.0;260407;260407;G;GPV
1;;372;CIV YOP MAROC (P);41752;228.0;260407;260407;G;GPV
1;;372;CIV YOP MAROC (P);41751;4628.0;260407;260407;G;GPV
1;;372;CIV YOP MAROC (P);41753;2641.0;260407;260407;G;GPV
1;;372;CIV YOP MAROC (P);41756;2355.0;260407;260407;G;GPV
1;;376;CIV SICOGI (P);36217;3405.0;260407;260407;G;GPV
1;;376;CIV SICOGI (P);36218;831.0;260407;260407;G;GPV
1;;376;CIV SICOGI (P);36219;453.0;260407;260407;P;GPV
1;;376;CIV SICOGI (P);36220;904.0;260407;260407;G;GPV
1;;410;CIV BESSIKOI (P);29011;2076.0;260407;260407;P;GPV
1;;410;CIV BESSIKOI (P);29012;9360.0;260407;260407;G;GPV
1;;410;CIV BESSIKOI (P);29013;12959.0;260407;260407;G;GPV
1;;411;CIV ANTENNE (P);27543;47934.0;260407;260407;G;GPV
1;;411;CIV ANTENNE (P);27548;18785.0;260407;260407;G;GPV
1;;411;CIV ANTENNE (P);27547;2496.0;260407;260407;P;GPV
1;;411;CIV ANTENNE (P);27546;3380.0;260407;260407;P;GPV
1;;411;CIV ANTENNE (P);27545;3463.0;260407;260407;P;GPV
1;;411;CIV ANTENNE (P);27544;6862.0;260407;260407;G;GPV
1;;411;CIV ANTENNE (P);27549;7199.0;260407;260407;G;GPV
1;;411;CIV ANTENNE (P);27551;3359.0;260407;260407;G;GPV
1;;411;CIV ANTENNE (P);27550;4539.0;260407;260407;G;GPV
1;;414;CIV U PORT-BOUET (P);12539;4799.0;260407;260407;G;GPV
1;;414;CIV U PORT-BOUET (P);12543;1712.0;260407;260407;G;GPV
1;;414;CIV U PORT-BOUET (P);12542;11542.0;260407;260407;G;GPV
1;;414;CIV U PORT-BOUET (P);12541;6603.0;260407;260407;G;GPV
1;;414;CIV U PORT-BOUET (P);12544;3638.0;260407;260407;G;GPV
1;;414;CIV U PORT-BOUET (P);12540;3693.0;260407;260407;G;GPV
1;;414;CIV U PORT-BOUET (P);12546;14428.0;260407;260407;G;GPV
1;;414;CIV U PORT-BOUET (P);12547;6819.0;260407;260407;G;GPV
